-6,53125;153,78125;144,75;41,9375;48,96875;105,90625;88,3125;-108,78125;125,90625;-388,3125;182,90625;256,75;13,8125;-72;-37,25;29,03125;-91,21875;305,3125;152,90625;17,21875;23,71875;-154,78125;131,28125;-41,75;171,875;39,3125;-291,5625;-29,21875;42,59375;-74,71875;89,875;70,46875;-61,96875;-50,4375;78,3125;-223,625;-285;-6,375;34,25;-79,5;-93,71875;51;-175,6875;-74,71875;-49,65625;-82,9375;-128,4375;5,78125;96,78125;-117,3125;-156,9375;-212,6875;54,9375;-83,8125;271,5;-128,75;-242,4375;-84,40625;-73,125;-76,34375;-138,9375;103,03125;-146,625;-138,53125;170,78125;-90,625;-97,875;214,59375;-62,21875;-103,0625;-87;-116,28125;-93,90625;49,375;-189,5625;-176,34375;-157,0625;8,53125;-45,6875;-57,3125;-117,34375;88,3125;-210,90625;143,8125;75;50,75;-36,96875;-218,9375;-22,625;-219,53125;212,90625;-6,21875;-6,84375;63,84375;-38,25;116,625;-116,96875;29,40625;-262,5625;119,28125;40,40625;-108,6875;-16,59375;9,375;-220,375;-212,53125;-42,3125;1534,4375;-17,3125;-139,875;108,84375;107,4375;10,25;-9,03125;272,4375;205,6875;332,4375;21,0625;-70,4375;-64,375;117,65625;186,3125;-146,1875;-40,90625;153,09375;23,5;87,3125;-68,5;115,25;-227,125;178,0625;-55,84375;219,15625;-4,0625;181,40625;-59,28125;33,03125;90,65625;-69,53125;155,71875;-48,6875;-117,3125;96,65625;6,1875;-30,75;-271,28125;146,25;159,09375;69,59375;-64,1875;32,46875;12,625;-87,625;1277,15625;-80,375;-244,09375;104,3125;-57,59375;45,90625;132,28125;11,3125;165,1875;-158,4375;88,9375;121,5625;-134,78125;-14,84375;22,15625;-43,0625;-74,75;6,21875;-0,6875;-246,53125;-7,4375;-52,78125;246,5625;-182,03125;158;113,75;69,3125;-67,71875;-48,34375;-7,65625;-227,34375;-55,25;-42,40625;-139,875;-121,46875;-48,1875;-79,71875;7,28125;97,9375;126,375;-148,03125;163,28125;37,0625;123,65625;-99,5625;-58,90625;-109,4375;-45,84375;8,40625;29,65625;-75,34375;-106,90625;-68,15625;33,15625;115,78125;22,25;112,90625;-36,84375;-150,46875;-185,75;26,875;-33,28125;-395,71875;61,65625;-167,78125;-316,5625;11,40625;-110,96875;109,875;187,90625;-320,84375;-144,90625;-195,8125;192,90625;41,875;-205,875;-183,96875;-18,34375;-87,125;167,5625;-136,21875;-1758,34375;-166,625;-13,9375;43,71875;-67,78125;-22,4375;133,25;-86,15625;-8,75;68,6875;197,15625;-114,46875;91,375;8,125;111,15625;152,96875;17,71875;-105,84375;53,84375;68,15625;-1828,53125;276,84375;-34,78125;-87,15625;39;288,15625;478,8125;455,65625;525,375;95,375;28,71875;173,75;975,34375;161,84375;104,75;65,90625;649,0625;558,46875;-20,46875;704,3125;3198,25;280,1875;23,90625;115,375;-44,96875;263,4375;187,8125;161,4375;-50,1875;947,4375;217,53125;91,4375;188,78125;177,8125;324,625;993,875;-30,84375;135,46875;325,34375;54,6875;132,90625;163,625;74,0625;28,03125;816,5;-64,28125;343,25;65,84375;429,71875;-26,03125;34,28125;-45;349,375;208,46875;-100,65625;270,84375;179,6875;162,84375;61,5;26,5;394,46875;139,53125;17,5625;-12,1875;14,78125;14,5;
173,90625;165,15625;12,96875;210,34375;84,25;-4,90625;335,84375;147,46875;219,0625;-13,46875;125,3125;163,625;-99,5;17,6875;128,3125;66,65625;-500,75;-5,625;-79;70,1875;-3,15625;-10,4375;-188,15625;106,125;90,6875;100,75;52,8125;108,15625;160,25;-111,71875;110,96875;-112,71875;-41,59375;53,03125;80,1875;-210,34375;96;195,96875;62,34375;132,0625;72;-120,03125;40,09375;3,53125;-57,65625;-16,125;20,9375;226,53125;334,25;-2,28125;-48,03125;49,78125;71,1875;5,28125;53,71875;-58,21875;86,09375;283,21875;12,34375;-19,5625;116,46875;384,90625;53,96875;173,53125;-1128,65625;21,625;-8,5;-137,21875;106,8125;200,28125;11,40625;-76,25;92,15625;-67,09375;24,6875;185,03125;213,65625;-68,28125;19,15625;44,78125;123,25;275,15625;66,5625;55,84375;222,625;-19,375;242,375;204,25;-9,96875;82,75;-115,4375;-98,125;133,3125;-171,0625;-5,15625;-73,53125;121,0625;-41,375;54,21875;-5,84375;-25,59375;-9,65625;147,5;74,6875;-34,9375;-5,25;8,4375;-95,46875;256,9375;-50,21875;184,9375;233,25;40,0625;-13,5;207,3125;258,03125;194,1875;200,96875;130,125;-68,875;105,03125;-32,84375;151,84375;239,125;172,03125;156,375;46,09375;-69,59375;156,28125;372,28125;135,40625;-32,5;81,4375;6,46875;46,65625;150,8125;120,53125;-79,1875;261,71875;73,40625;95,09375;159,78125;214,59375;29,9375;236,65625;133,8125;64,375;7,28125;116;120,125;-92,625;198,9375;83,40625;149,1875;107,75;100,1875;-35,59375;421,3125;-11,65625;-21,71875;81,15625;185,15625;189,25;26,125;92,625;73,125;78,625;39,09375;1,6875;5,6875;75,03125;-144,90625;105,625;0,46875;223,125;137,78125;-96,28125;105,65625;263,71875;73,6875;150,59375;-11,34375;-181,40625;-120,25;92,84375;-97,625;171,21875;70,53125;-6,53125;-76,78125;30,5625;81,0625;187,625;164,8125;67,25;48,90625;-168,59375;-20,625;87,65625;-17,6875;-157,34375;-6,4375;123,3125;179,9375;210,5;280,3125;66,6875;-67,1875;-5,75;-115,96875;-180,34375;-140,375;-149,96875;-18,5;32,71875;91,15625;-176,59375;281,34375;-236,6875;153,59375;177,34375;23,0625;18,34375;65,125;73,28125;140,625;-76,625;174,4375;-43,125;37,0625;12,6875;-359,5;2841,03125;162,25;328,84375;28,03125;350,09375;-29,25;-3,9375;-90,125;-69,53125;61,625;-70,21875;66,90625;58,96875;202,90625;394,1875;466,3125;-32,25;432,25;434,84375;291,34375;356,03125;379,03125;345,8125;421,3125;545,3125;270,3125;172,0625;119,15625;9,0625;776,3125;260,90625;442,8125;3507,6875;311,5;80,5;41,40625;1580,0625;1025,75;5,46875;111,03125;1052,75;63,1875;271,59375;18,71875;1360,8125;135,15625;1676,71875;241,34375;153,3125;1061,8125;156,96875;472,1875;191,71875;325,90625;1239,4375;1004,8125;13,125;201,53125;416,5625;360,96875;323,28125;713,71875;345,78125;882,03125;84,46875;360,875;-61,0625;193,5625;160,15625;39,0625;519,1875;470,78125;441,34375;222,84375;223,59375;283,65625;403,75;192,0625;111,1875;67,4375;434,34375;133,65625;209,03125;441,4375;55,84375;150,875;85,75;238,1875;
-37,5;31,65625;-302,09375;141,71875;151;22,90625;-142,71875;-330,1875;-1460,90625;277,5;0,5625;-204,375;57,1875;-137,84375;-237,03125;-151,5625;62,34375;14;-140,96875;-26,84375;-116,34375;-339,6875;1767,71875;224,96875;-291,78125;-194,40625;-64,96875;-79,34375;-274,5;-273,96875;-37,84375;73,46875;-200,40625;-120,15625;-105,0625;-28,8125;24,84375;-122,03125;-187,5625;-178,46875;-133,34375;-102,25;-159,1875;-149,90625;-78,375;-208,84375;57,125;-9,25;-199,21875;5,78125;51,21875;-69,9375;-188,34375;-163,15625;-377,5;-163,25;-14,125;106,25;-54,5625;-41,09375;-237;-123;-137,46875;13,9375;166,71875;-2,78125;-102,21875;-56,4375;-263,65625;-238,53125;-121,28125;-268,75;-326,90625;-236,53125;-13,875;-157,90625;-129,09375;-203,46875;-186,46875;-266,28125;-106,65625;-40,21875;-162,9375;-45,84375;-141,34375;39,53125;-85,875;-276,84375;-284,59375;-142,25;-173,125;-148,34375;-92,75;-56,46875;-141,59375;-207,34375;-367,90625;-183,1875;-8,5625;-6,6875;-207,21875;-161,40625;-210,21875;72,46875;-1,34375;-104,09375;-181,59375;2,40625;-112,6875;-55,09375;-1,34375;214,3125;70,875;9,5625;-66,4375;90,78125;5,03125;30,59375;-81,875;-224,59375;244,5625;-144,28125;-11,4375;-80,59375;21,9375;-112,9375;94,46875;-135,34375;-14,34375;-32,15625;-58,84375;-223,8125;33,21875;-9,53125;-60,0625;-245,46875;-79,6875;-140,40625;-118,9375;-190,4375;-146,875;-55,6875;-108,15625;-31,09375;-173,125;69,625;215,9375;190,3125;-101,28125;-24,25;14,3125;29,03125;66,40625;-136,5;18,28125;-116,84375;123,75;-109,5;-67,28125;1,625;-174,15625;-160,71875;-39,8125;-75,9375;-123,03125;14,125;-177,96875;-433,03125;-4,625;-38,78125;-291,375;-190,0625;-188,46875;-46,15625;-196,28125;-72,78125;0,125;-83,875;-116,3125;-20,6875;38,5;121,59375;-171,21875;-86,09375;-157,40625;9,96875;-126,59375;-53,84375;-213,09375;45,0625;-276,875;-90,15625;-184,40625;-58;-135,34375;-74,59375;147,0625;43,03125;-46,625;-115,78125;10,0625;103,84375;-245,28125;-20,5;74,5;-116,65625;-78,59375;-118,3125;-98,53125;-295,25;-163;-5,21875;-126,25;-81,71875;-195,75;-129,9375;-139,40625;-150,0625;-219,0625;-361,6875;-36;-161,78125;38,5;5,21875;108,4375;-104,21875;-39,78125;-125,34375;27,21875;0,90625;-220,5;-115,125;-32,84375;-610,6875;-217,90625;218,625;-169,0625;5,1875;-66,75;-94,15625;-81,96875;-656,5625;18,5625;54,71875;106,125;-76,90625;248,9375;-1850,1875;355,09375;506,0625;72,21875;65,3125;723,40625;580;365,59375;463,09375;-164,5;447,125;-144,375;35;1359,84375;530,90625;146,96875;-169,6875;221,90625;613,6875;81,03125;-19,5625;-2011,75;204,5625;752,84375;61,46875;-114;925,03125;-132,71875;187,78125;-105,03125;1423,59375;-3592,25;-2,9375;55,75;871,15625;795,4375;-226,375;-105,9375;156,5625;78,34375;-3,8125;165,84375;72,59375;1205,71875;-76,625;722,1875;1131,71875;-53,40625;588,34375;-267,8125;841,96875;585,9375;596,15625;673,5625;435,03125;-66,75;78,96875;455,1875;-134,59375;-35,03125;86;-40,53125;104,5625;23,03125;33,9375;38,5625;72,4375;104,9375;-1561,59375;102,375;-59,9375;24,6875;152,21875;
-91,75;-207,09375;-28;-199,6875;36,15625;99,15625;-140,9375;-76,84375;-56,0625;-103;-95,65625;-50,46875;-71,46875;72,65625;46,375;-143,75;-42,6875;151,65625;143,28125;-9,8125;-147,71875;-168,3125;-169,25;147,625;-11,96875;135,15625;42,03125;-19,0625;-120;55,1875;-272,21875;-111,625;9,625;148,53125;129,875;82,03125;-190;-193,53125;-159;-214,84375;-59,53125;-74,46875;-257,15625;-270,90625;-304,59375;85,4375;-37,03125;-87,78125;-22,90625;62,40625;-144,125;-39,71875;-149,59375;-1,34375;-113,875;-239;-88,96875;-98,34375;-57,15625;-32,65625;21,46875;-142,09375;-84;-11,25;37,625;-63,875;-53,375;-56,03125;-58,78125;-217,8125;43,75;-82,4375;115,1875;-48,5625;-42,9375;-89,5625;53,6875;-171,65625;-105,03125;-120,09375;-134,0625;76,375;16,6875;-29,34375;-142,03125;29,625;91,0625;-64,59375;-0,96875;-264,84375;-61,53125;76,65625;-240,1875;-22,5625;-157,40625;-330,4375;-102,125;-103,21875;-162,21875;-204,03125;-71,84375;-22,625;-81,875;149,625;32,1875;-124,4375;90,8125;98,875;29,6875;36,4375;-84,53125;-72,84375;189,3125;67,375;-79,4375;278,40625;211,65625;26,03125;28,46875;-53,25;-29,375;42,15625;-24,53125;-50,0625;-12,40625;96,59375;195,96875;28,15625;81,6875;-92,15625;14,875;238,25;203,34375;-7,21875;-4,65625;128,375;70,53125;-110,65625;-52,1875;31;117,34375;33,21875;-10,09375;-51,09375;0,1875;149,21875;5,0625;-80,34375;-135,75;66,53125;-182,71875;88,875;-34,09375;-93,46875;85;148,40625;-79,4375;5,53125;247,03125;-106,6875;62,75;21,875;-114,125;-91,65625;-117,6875;-57,59375;76,1875;-112,78125;-13,78125;-30,40625;-139,21875;-132,0625;-88,71875;45,5;-120,65625;93,40625;75;71;-101,90625;-11,5625;36,96875;-119,65625;-202,09375;56,65625;-132,34375;-82,8125;-63,8125;216,5;23;-50;-3,9375;36,1875;-171,90625;-277,53125;-88,625;78,40625;-1603,84375;-0,90625;-0,1875;-68,21875;18,8125;116,65625;-206,09375;-200,46875;-200,96875;-42,9375;8,65625;-342,03125;-235,4375;-171,21875;20,5;-53,25;280,03125;-107,5;-61,8125;14,40625;-91,65625;-134,125;122,28125;-0,75;32,46875;-186,28125;-59,5625;182,9375;-161,84375;-164,0625;-130,8125;63,84375;33,25;-113,5;0,71875;73,125;-107,90625;2062,21875;-162,53125;-11,15625;38;56,03125;18,03125;62;108,25;273,03125;-65,28125;301,375;-200,96875;-22,28125;4,59375;-172,78125;495,9375;-2236;440,5625;50;447,1875;-454,1875;-4,5;516,9375;180,1875;110,15625;48,71875;112,1875;-22,28125;326,0625;108,8125;646,59375;426,15625;491,03125;42,4375;-18,0625;-208,4375;148,5;692,5625;1075,21875;-72,84375;56,28125;133,34375;83,625;-0,78125;77,21875;192,625;139,1875;679,84375;21;-11,125;82,6875;238,125;956,59375;1041,53125;19,65625;11,03125;94,5625;205,8125;97,46875;877;769,65625;-33,5;771,71875;659,65625;-168,375;222,25;255,09375;170,78125;27,5625;249,34375;661,4375;204,90625;38,6875;-94,21875;129,15625;194,25;-81,78125;-194,6875;-193,65625;45,21875;-86,34375;232,9375;53,5;23,71875;-1404,84375;167,1875;100,28125;
-196,09375;-184,90625;-177;-73,875;1262,5;-554,5;72,96875;201,3125;-22,21875;-118,3125;-146,84375;-308,53125;-139,03125;2157,75;74,09375;108,46875;-108,6875;-130,15625;-75,375;-175,625;-185,09375;162,625;-229,84375;-227,5625;-127,75;-175,9375;-370,90625;-250,96875;-47,34375;-214,375;-222,6875;-246,875;-188,8125;-73,75;-340,3125;-137,0625;-57,03125;-82,125;-25,84375;-307,96875;-215,3125;-38,5625;-134,375;-291,59375;22,125;-7,34375;-81,8125;-217,25;-159,78125;-268,53125;-52,28125;-111,84375;0,125;-17,78125;61,40625;63,53125;-231,75;-299,71875;-42,34375;-182,34375;19,71875;-395;-248,0625;-351,78125;-174,0625;48,84375;67,34375;43,71875;-257,5625;-181,40625;-185,84375;-292,40625;-119,125;-121,4375;-260,59375;-130,9375;-224,40625;-379,28125;-157,28125;-268,75;-48,09375;-81,5625;-72,90625;54,28125;-72,6875;-216,53125;-29,4375;-323,34375;-374,5;-84,90625;-331,09375;-294,0625;-75,96875;-58,875;13,59375;-103,625;-110,875;-80,875;-130,4375;-304,03125;-26,125;-121,4375;-100,21875;-92,65625;-170,90625;-162,03125;-111,90625;-23,3125;-34,25;13,71875;19,5;-12;45,0625;10,53125;12,6875;-103,71875;-169,59375;86,03125;211,84375;-38,3125;26,59375;-190,25;-164,84375;-304,9375;-213,84375;-35,5625;-157,125;-352,03125;-109,03125;-175,5;92,90625;102,5625;-112,15625;-7,96875;87,28125;-235,96875;-166,625;-327;-29,40625;-95,3125;52,3125;123,53125;-89,78125;-120,28125;100,78125;-1,65625;48,65625;43,90625;132,78125;-81,96875;-50,96875;-152,4375;-242,875;-44,5;-239,125;-206,78125;-10,75;-143,9375;-273,8125;-218,59375;-79,8125;81,3125;90,40625;-82,9375;-375,96875;-193,03125;-124,96875;-125,84375;140,875;-173,125;-56,03125;-236,15625;-12,1875;-127,8125;-188,6875;-32,53125;-123,5625;-5,09375;-238,84375;-25,53125;-160,1875;-290,9375;-150,0625;28,40625;-176,65625;-6,28125;-125,40625;-260,8125;-188,375;-116,84375;-148,5625;-181,5625;-34,65625;-224,21875;50,875;10,9375;-154,53125;29,03125;63,03125;-133,21875;48,46875;-332,34375;-188,25;-400,125;-200,3125;-217,125;25,65625;-102,90625;-78,15625;-255,1875;-75,8125;-138,9375;-236,21875;-47,1875;-138,90625;-90,125;-185,03125;-124,125;-37,15625;4,125;-60,90625;-94,96875;14,125;-225,46875;-153,53125;-119,6875;-235,5625;-139,5;39,1875;49,40625;-29,96875;-207,1875;-326,21875;111,1875;-130,125;-31,78125;-115,84375;-53,875;33,59375;-89,21875;-73,8125;49,09375;-120,21875;70,34375;228,03125;58,6875;233,90625;-89,75;161,84375;231,71875;62,9375;137,75;-187,59375;-8,625;186,28125;328,46875;-109,9375;-246,28125;389;-76,09375;-26,90625;276,5625;504,53125;-35,34375;605,15625;572,03125;25,40625;31,125;643,6875;-78,75;-819,5625;-51,84375;1481,28125;601,28125;52,46875;1105,625;573,25;-90,125;-1,21875;163,6875;95,625;568,34375;859,21875;168,84375;-104,65625;857,75;-137,875;-145,84375;1204,8125;881,5625;-2201,6875;1231,40625;805,53125;50,78125;-221,21875;744,3125;41,90625;-98,5625;-40,09375;671,4375;-158;-223,78125;-193,875;-41,15625;369,90625;-16,8125;-348;-148,34375;156,6875;-137,53125;-165,875;1640,71875;-190,09375;144,375;0,65625;-383;-149,25;-67,09375;109,40625;97,96875;
-89,875;-33,28125;85,5;-126,4375;-168,46875;-56,8125;-14,96875;-94,9375;-8,375;-75,09375;139,15625;3,125;-67,21875;-378,9375;-232,25;231,5625;69,25;104,625;96,03125;-141,5;-86,65625;-65,53125;-226,5625;-160,09375;-70,5625;-154,15625;-170,84375;-418;-172,46875;140,15625;105,71875;73,78125;-207,9375;-133,625;-55,09375;216,9375;-290,53125;-130,1875;-62,75;-208,28125;-154,5625;59,625;-115,25;-170,59375;-71,21875;-57,1875;-81,09375;-72,65625;28,46875;34,0625;-30,1875;-73,71875;221,03125;9,78125;-311,9375;117,3125;-294,625;-87,34375;24,78125;28,40625;166,15625;-135,125;-121,0625;-69,59375;-322,25;-138,875;-82,75;-210,28125;112,25;-164,875;-182,65625;-94,09375;-171,09375;-98,15625;-141,03125;42,1875;-92,59375;-159,84375;-40;-69,0625;-103,28125;-145,09375;17,6875;-42,65625;-121;50,5625;-30,625;-192,15625;-22,59375;-159,78125;-237,46875;-73,5;-92,15625;-137,5;65,96875;-27,6875;-193,1875;-268,0625;-39,625;-248,4375;-180,15625;-23,84375;-18,5;-86,78125;-88,34375;-12,28125;39,5625;-21,90625;11,71875;35,59375;-123,53125;-10,15625;121,65625;-248,875;-129,78125;-69,09375;14,09375;-161,4375;60,09375;22,125;-74,59375;127,875;-14,28125;-74,375;-27,90625;-4,125;-68,0625;152,375;-89,125;47,40625;263,46875;-84,15625;40,25;42,21875;-70,78125;-57;4,4375;-32,34375;160,1875;47,34375;272,96875;53,625;6,84375;19,78125;129,9375;-157,875;-22,5;-12,15625;172,53125;-23,1875;54,03125;-35,34375;-92,75;-113,78125;-20,1875;-32,375;24,625;-66,15625;-35,65625;-11,1875;-115,5625;-24,375;134,71875;-6,9375;11,3125;-126,125;-111,6875;-1,375;122,125;-289,09375;-20,96875;50,28125;-154,46875;-151,8125;-146,75;-164,8125;-114,71875;62,96875;-251,375;-174,34375;-231,6875;203,9375;-209,375;113,5625;-171,125;-49,4375;-119,3125;190,46875;21,59375;-99,34375;-0,03125;-131,75;-35,4375;-63,6875;140,25;40,9375;-165,90625;-58,3125;16,375;-145,8125;-82,8125;-160,9375;-171,875;-15,0625;-192,875;-187,3125;-16,625;-238,84375;-445,875;-133,90625;-242,3125;-304,1875;28,25;-221,96875;-149,65625;-173,59375;-125,4375;-72,53125;-133,90625;-223,25;154,40625;-77,75;-134,71875;-192,78125;-121,46875;10,5625;-15,875;-83,625;41,6875;-211,1875;-153,59375;-103,75;-247,09375;68;-120,21875;52,59375;35,625;-144,875;-228,25;109,9375;14,5625;-735,59375;44,21875;138,75;196,84375;-17,8125;-162,125;-57,09375;99,875;-1,71875;243,25;118,96875;261,15625;88,0625;251,40625;214,15625;401,40625;421,9375;241,5625;26,78125;412,1875;867;510,875;491,90625;508,8125;48,25;664,25;711,1875;88,875;699,71875;1142;941,46875;673,84375;911,84375;778,03125;255,5;608,78125;1107,875;57,375;3016,9375;3420,28125;-68,84375;761,09375;849,25;-127,5;877,375;113,125;1074,4375;-67,0625;1094,28125;322,25;301,84375;287,90625;-182,59375;101,3125;95,625;629,65625;119,5625;752,34375;-30,5625;192,40625;47,5;-125,25;463,21875;41,40625;231,84375;2605,6875;-283,03125;-21,21875;10,75;27,3125;250,03125;491,65625;-24,96875;142;-83,53125;353,34375;60,21875;131,75;-72,375;
-66,90625;-110,15625;142,6875;-167,78125;387,375;-133,9375;-116,46875;1487,1875;-119;143,96875;181,40625;76,71875;-55,8125;1444,15625;-299,8125;-246,625;192,90625;-248;-311,4375;-255,34375;147,15625;-65,40625;-323,40625;-486,3125;-250,1875;-84,1875;-447,03125;19,40625;-9,9375;-41,90625;180,9375;-226,90625;-65,375;-159,90625;-130,90625;-55,34375;-227,15625;-134,78125;-220,5;-89,6875;-149,15625;-111,125;-81,21875;32,25;-71,1875;-144,28125;-53,28125;29,34375;-60,9375;-56,125;68,53125;-112,46875;-34,8125;-113,5;-259,9375;98,75;-29,1875;-142,3125;-49,46875;-99,28125;99,90625;-100,875;-219,28125;-168,3125;-121,4375;-99,15625;-124,625;-92,46875;-25,5625;-221,71875;-129,125;-181,75;-35,34375;-168,375;-130,1875;-80,03125;-214,40625;14,9375;120,34375;-176,8125;30,1875;-104,53125;-164,0625;-191,03125;-174,3125;6,5;-244,59375;-58,71875;-177,75;-87,21875;-229,125;-167,65625;-99,3125;53,28125;-285,34375;-103,875;72,75;-9,8125;-245;-242,0625;-114,28125;-151,0625;-132,25;3,25;-147,90625;41,625;-180,875;-200,3125;42,0625;184,96875;59,46875;-203,46875;-128,5;-33,1875;61,6875;-177,90625;-116,28125;309,03125;102,625;-208,34375;-101,25;-35,5625;36,96875;-59,875;-77,3125;144,46875;-75,25;-13,5;107,34375;-70,5625;1,96875;128,625;61,125;-73,59375;-24,28125;-96,875;126,875;122;165,53125;239,78125;-202,46875;-37;-15,8125;32,125;-162,53125;-144,90625;311,125;101,3125;-52,5;-13,3125;-152,53125;0,8125;-146,0625;-123,28125;140,28125;-64,875;-134,78125;218,375;-74,46875;-19,1875;26,34375;-72,4375;-269,4375;-111,53125;69,09375;-31,59375;49,34375;-130,25;-223,09375;-75,21875;27,25;-190,25;-267,8125;2,8125;-173,40625;-177,90625;-74,21875;-57,75;38,09375;-70,28125;-1,125;-9,59375;-219,15625;-25,6875;-253,65625;82,59375;-84,375;-71,21875;156,5;-70,03125;-174,09375;-23,78125;-35,71875;27,8125;-118,71875;10,28125;-126,3125;-61,46875;-6,28125;-189,4375;23,40625;91,84375;-143,25;-44,15625;-48,6875;-220,53125;0,84375;-201,4375;-18,21875;-155,53125;-158,28125;-6,65625;-114,375;-44,46875;-58,0625;-67,40625;-142,875;-33,65625;90,6875;-338,9375;-34,15625;48;-270,53125;127,21875;-143,46875;-166,1875;-45,4375;-198,625;-136,84375;-157,5;-64,625;-195,09375;99,78125;-36,84375;-30,625;-70,125;-57,03125;-107,625;-46,28125;-93,46875;-137,09375;6,59375;65,34375;75,1875;113,65625;-129,90625;135,84375;38,46875;171,96875;3,1875;197,21875;36,9375;-134,78125;155,84375;-226,78125;499,75;388,21875;67,34375;341,875;495,75;578,03125;-1597;771,75;527,0625;-99,59375;185,84375;586,125;-3,46875;763,6875;883,4375;-2303,96875;-89,3125;60,65625;273,09375;818,5;760,4375;767,6875;948,65625;1065;-181,28125;297,84375;694,25;27,34375;1100,78125;536,0625;863,125;805,78125;-92,9375;-45,5;-38,84375;238,03125;774,53125;45,03125;622,6875;4020,0625;-192,34375;29,21875;-64,625;701,3125;289,65625;27,125;507,15625;832,125;31,21875;-72,625;238,875;288,8125;62,75;-56,875;152,5;57,5625;-73,5625;-1716,78125;205,5;300,90625;-791,15625;-1231,28125;55,0625;-50,0625;39,03125;
192,8125;159,96875;136,1875;20,96875;86,1875;-31,09375;6,03125;-274,4375;-192,9375;5,8125;154,4375;-1962,40625;-222,9375;-57,625;-202,9375;-104,53125;115,125;58,125;-195,78125;-159,8125;-289,5625;11,375;-61,53125;50,34375;-372,875;112,1875;62,28125;-202,84375;-223,625;131,28125;-50;-117,84375;-146,96875;-2,1875;-111,65625;5,5625;12,78125;40,46875;43,59375;119,0625;22,8125;-157,03125;77,875;-46,75;-138,1875;122,625;-27,875;-53,53125;-297,75;27,875;-122,28125;-28,375;47,03125;-20,28125;-18,875;132,1875;-127,625;-104,3125;27,9375;45,375;-7,84375;-9,90625;101,65625;120,875;-216,25;39,625;-177,96875;-17,59375;-94,53125;-100,40625;45,625;8,59375;-97;-147,625;-148,25;-152,59375;-140,34375;-4,0625;-137,1875;140,3125;-203,4375;-66,21875;-125,3125;-138,6875;135,71875;16,40625;-108,46875;6,1875;124,34375;24,1875;-131,59375;153,6875;-232,34375;-56,625;-43,375;36,78125;-64,625;-7,0625;-79,40625;86,8125;-37,0625;-134,4375;-226,59375;-88,78125;-84,0625;-42,25;-92,53125;-1,875;-66,625;11,6875;191,125;186,71875;-53,25;148,25;150,21875;44,84375;263,0625;128,78125;217,34375;-66,4375;23,65625;127,40625;-100,53125;-97,4375;-45,5625;-9,3125;193,96875;146,8125;175,25;255,53125;74,90625;16,03125;136,1875;310,75;159,90625;209,40625;163,84375;64,1875;18,75;30,96875;46,125;-94,9375;-48,1875;3,8125;-31,90625;177,59375;-4,3125;-260,9375;77,03125;-41,40625;-104,6875;-32,15625;-237,34375;159,09375;-27,15625;132,40625;-63,9375;39,71875;-234,34375;-64,34375;71,75;21,71875;-130,15625;-142,0625;83,4375;-122,15625;19,875;152,40625;21,5625;-148,0625;-162,84375;-9,0625;-247,0625;-64,71875;-18,59375;-282,9375;17,21875;-96,78125;-137,46875;63,625;-36,40625;-232;27,21875;53,9375;-42,40625;-168,5;112,53125;145,03125;-30,75;-246,75;154,21875;-169,28125;96,25;46,65625;12,125;68,4375;78,28125;-137,75;85,25;-51,71875;110,03125;120,8125;114,28125;21,21875;-44,03125;-137,875;-105,6875;33,5625;-204,75;-13,125;-78,15625;-129,1875;45,375;-54,15625;79;-104,5625;-50,8125;15,15625;113,65625;-97,34375;-93,4375;-174,09375;-30,53125;-72,40625;44,0625;65,5;-135,28125;-156,375;-32,8125;-94,9375;-107,03125;-242,75;9,0625;59,5625;0,0625;-75,9375;-11,46875;124,5;100,09375;111,59375;134,40625;-133,71875;48,1875;-14,875;-44,78125;113,78125;196,5;246,40625;187,03125;1049,9375;11,0625;193,90625;2978;-68,75;224,9375;-6,5625;-112,46875;533,65625;176,3125;-48,6875;593,75;288,625;836,59375;19,125;532,96875;554,78125;803,65625;678,625;632,6875;748,0625;183,34375;1622,96875;45,5625;296,4375;1032,71875;24,96875;838,875;6,875;112,15625;130,90625;569,8125;790,1875;1069,9375;170,59375;951,59375;133,46875;-150,09375;936,15625;1128,84375;75;983,28125;141;-15,1875;298,875;350,71875;916,96875;-146,53125;111,59375;821,8125;-63,5625;119,28125;286,96875;-22,59375;113,9375;476,59375;-29,125;-85,15625;657,34375;218,5;-11,1875;197,875;184,75;698,5625;243,78125;-119,3125;116,53125;-236,875;-26,03125;41,71875;-206,875;
137,5625;207,25;-73,65625;-3,40625;188,4375;234,25;149,03125;291,6875;-65,5625;45,90625;121,09375;222,875;-166,40625;15,1875;-23,59375;-26,4375;114,28125;8,8125;-64,09375;-166,09375;42,59375;251,71875;-2,03125;-54,4375;-36,90625;-202,0625;101,4375;-54,625;-157,6875;145,84375;37,65625;-132,1875;-90,71875;277;-81,625;-184,96875;-185,1875;22,8125;-3,65625;-79,46875;-370,59375;140,15625;0,71875;-185,3125;-6,96875;-148,84375;-182,84375;14,34375;-121,6875;-4,03125;-126,21875;-44,90625;-212,3125;-12,90625;-240,5625;-5,1875;52,46875;136;74,6875;-96,09375;105,21875;-98,5625;-91,78125;-51,53125;145,4375;-92,5625;-175,96875;-156,21875;-126,625;41,375;-88,78125;-204,6875;-76,25;13,8125;-86,625;-91,4375;45,71875;-142,09375;-32,375;61,28125;-104,8125;231,21875;-278,0625;-121,15625;27,34375;-51,90625;-196,3125;-17,125;-22,6875;-181,5625;-59,53125;-207,0625;-8,71875;-246,21875;-219,53125;42,625;-164,53125;-2,8125;54,125;73,96875;-6,21875;55,875;-65,1875;11,34375;-31,28125;-60,3125;65,375;87,375;126,53125;-6,03125;36,90625;106,1875;-133,125;30,0625;144;27,25;168,03125;69,9375;159,5625;-55,40625;-193,46875;-25,125;-19,25;175,40625;132,3125;114,90625;138,375;16,96875;116,40625;-44,8125;274,78125;77,09375;11,09375;132,59375;-14,3125;146,8125;-109,6875;36,78125;90,5625;-112,5625;-246,40625;-114,5;41,78125;163,96875;-49,625;-174,125;198,3125;147,40625;75,96875;75,78125;-5,90625;-78,6875;-1,65625;-83,84375;-205,5625;-60,03125;133,59375;64,1875;-116,65625;-90,8125;27,96875;-59,6875;11,34375;165,15625;166,03125;62,5;-195,875;-103,46875;42,75;-61,0625;-164,5625;-88,71875;-95,0625;-61,4375;-57,65625;33,03125;-44,46875;-139,4375;141,59375;-14,8125;-76,8125;-44,90625;-52,40625;-105,46875;158,75;-33,78125;-171,71875;27,34375;-174,875;-213,78125;-114,03125;-105,46875;-143,71875;70,6875;-62,90625;95,78125;4,40625;60,9375;-206,71875;75,8125;107,9375;118,59375;-137,65625;44,21875;26;-22,90625;-16,15625;-222,4375;67,125;-156,9375;-68,5625;17,9375;87,53125;-75,3125;92,84375;-37,375;49,90625;3,4375;-71,15625;-12,09375;-93,28125;128,34375;-64,96875;-38,6875;-14,625;-317,3125;-51,40625;-163,21875;-127,125;-70,1875;-13,84375;-74,9375;-58,03125;-102,375;32,6875;-274,21875;1977,4375;-130,53125;128,9375;-63,0625;274,125;-93,3125;141,9375;161,21875;52,875;-86,28125;-69,8125;105,6875;101,65625;261,0625;367,375;232,03125;241,90625;-41,875;1422,09375;114,03125;547,59375;-55,125;-9,09375;269,03125;342,5625;353,875;400,15625;595,25;267;368,15625;1012,65625;279,8125;574,75;-62,46875;763,75;-152,5625;169,65625;775,46875;72,9375;221,65625;59;217,4375;1255,6875;131,59375;1018,875;-144,75;-190,6875;11,46875;870,5625;88,28125;1123,28125;216,6875;-13,625;225;52,71875;1092,9375;908,4375;1,59375;105,9375;-159,125;935,8125;199,84375;681,78125;75,3125;156,78125;127,625;197,65625;431;149,6875;656,625;-77,9375;-158,4375;862,125;-40,46875;351,8125;-64,25;302,375;-93,6875;49,65625;10,5;11,03125;-34,46875;24,5;52,46875;
139,8125;-60,96875;-48,65625;531,125;302;25,5625;-88,65625;-122,53125;-79,625;-221,78125;-130,6875;-60,6875;29,5;-270,40625;-275,65625;-117,5;-44,15625;-82,875;-3,3125;28,8125;-143,71875;-67,84375;-212,34375;16,6875;70,6875;-288,4375;-230,4375;-110,84375;-171,28125;-85,34375;-44,125;-118,59375;-152,03125;-94;-192,46875;-63,9375;-51,53125;-270,8125;-70,5;-92,6875;-209,53125;-138,40625;-336,90625;-151,46875;-245,40625;-10,15625;-117,65625;-236,40625;-455,71875;-126,78125;92,8125;-227,75;-309,1875;-21,9375;-86,375;-263,125;1,96875;-146,5625;-192,40625;-155,1875;-30,28125;-42,4375;-119,53125;-102,71875;0,25;-152,96875;-228,84375;-193,5;-154,5625;-55,375;-193,9375;-162,0625;-111,0625;-151,84375;-18,875;-72,40625;-52,71875;-68,375;7,40625;-96,875;-335,25;-16,8125;-216,75;-193,40625;-67,6875;-45,03125;37,21875;-43,53125;-97,90625;-234,78125;41,1875;-311,9375;-170,5625;-163,15625;-99,09375;-94,65625;-205,625;-172,9375;-222,78125;-383,84375;-169,78125;-105,59375;32,375;-308,46875;-58,375;32,78125;-123,4375;-133,90625;52,3125;-183,9375;-113;11,53125;54,1875;-83,0625;57,53125;-156,28125;265,0625;8,15625;115,4375;-48,625;-10,9375;77,09375;36,65625;79,53125;-41,4375;63,25;-214,03125;61,59375;-119,25;62,0625;70,9375;-55,75;-96,53125;-55,5625;16,375;-130,78125;-174,78125;-224,5625;-174,8125;96,625;-100,875;23,78125;-50,03125;78,46875;210,40625;158,5;30,5625;140,90625;-10,21875;-30,1875;-123,125;-106,28125;38,6875;-153,875;-11,71875;-85,25;-48,6875;-165,40625;-206,03125;-13,09375;113,1875;-5,875;88,59375;-132,625;-92,3125;14,96875;-50,5;130,46875;-188,15625;-202,125;-179,78125;-62,84375;-45,53125;-148,375;-216;3,25;117,09375;-219,59375;-45,3125;-93,96875;-272,5625;-155,875;52,625;-119,09375;27,3125;-86,125;-45,46875;-106,25;-47,21875;-65,59375;-83,53125;5,78125;2,96875;-33,90625;16,09375;-47,78125;-97,09375;-60,78125;136,625;-63,125;-68,25;9,71875;56,8125;-60,21875;82,8125;-64,71875;15,4375;-269,59375;-262,125;-74;-53,5625;-76,78125;-23,9375;66,28125;-7,25;-52,0625;-43,84375;-141,96875;-165,78125;-244,59375;-130,125;-22,9375;120,09375;-193,75;-34,5;-36,28125;-38,3125;-7,5;62,46875;-68,65625;-30,125;15,53125;-71,53125;-109,9375;-74,1875;296,34375;6,96875;-89,6875;-49,0625;21,78125;-76,21875;123,375;-80,125;138,09375;-42,625;-287,03125;-62,25;392,03125;211,46875;-88,5;230,09375;141,03125;242,59375;163,1875;487,46875;580,96875;759,71875;-60,0625;376,5625;557,8125;483,5;601,53125;377,25;153,28125;454,71875;83,90625;120,65625;679,875;86,25;-209,53125;698,5;-129,65625;140,625;620,4375;762,125;730,625;78,3125;-92,40625;46;1226,03125;-2289,09375;1242,65625;184,0625;569,15625;-29,34375;1561,84375;18,375;972,5;136,4375;151,125;92,1875;2,40625;764,34375;819,5;65,75;763,59375;763,03125;-18,75;-159,40625;212,6875;-6,09375;-12,0625;29,15625;600,53125;553,53125;173,9375;427,96875;-12,15625;133,75;-116,71875;25,4375;-12,46875;14,9375;-632,125;-52,84375;137,9375;194,78125;-247,03125;-197,9375;-214,875;
-50,59375;-13,0625;-139,90625;-17,9375;-2160;71,5625;-193,4375;-120,40625;-148,53125;-151,28125;-131,71875;-172,90625;-413,28125;-97,09375;-48,0625;-130,625;-32,6875;-33,90625;-1565,8125;44,1875;-34,59375;-131,5;-25,625;-323,125;-61,65625;8,53125;-96,125;-190,03125;-170,0625;24,6875;-290,09375;113,8125;-215,0625;-203,125;-169,71875;-316,34375;-233,5625;-188,125;-47,46875;-136,4375;-224,90625;-272,1875;-300,34375;71,90625;-109,59375;-447,375;-276,71875;-264,96875;-446,40625;-315,96875;-189,8125;58;-75,90625;-375,875;-181,6875;-189,34375;-143,78125;-132,09375;-358,0625;-68,5;-281,25;-169,46875;-159,4375;-118,9375;23,78125;-254,21875;-335,3125;-203,53125;-304,625;-110,75;-218,9375;-147,34375;-75,96875;-202,65625;-327,6875;-247,65625;-241,4375;-146,5625;-136,5625;-160,5;-78,9375;-304,65625;-198,40625;-145,34375;-218,28125;-163,21875;-286,90625;-179,40625;-147,71875;-327,53125;-247,15625;-38,84375;-252,46875;-247,75;-168,375;-57,75;-152,4375;-59,25;-66,28125;-156,875;-127,25;-115,15625;-191,5625;-82,5;-120,0625;-252,625;-4,1875;-258,28125;67,34375;-79,90625;-132,34375;-95,53125;-46,0625;-84,53125;64,90625;59,96875;-97,40625;-65,84375;113,375;77,5;21,3125;71,71875;-329;-67,65625;90,0625;-62,9375;-6,375;52,0625;46,40625;43,84375;-64,25;-13,6875;-45,125;-145,71875;88,5625;-161,03125;-213,03125;-179,0625;-205,5;-79,375;-188,34375;-136,71875;-73,21875;-165,375;26,0625;-20,125;6,5625;-7;-262,0625;213,09375;-191,9375;-119,4375;96,03125;-4,5;-193,96875;-131,625;-148,03125;-118,6875;-25,4375;2,1875;-67,71875;169,8125;-53,96875;-150,25;-107,1875;-205,21875;-165,78125;-64,84375;-187,46875;-437,78125;-192,28125;-240,375;-180,03125;7,0625;-34,9375;35,34375;-180,21875;3,1875;-210,125;-57,4375;-234,21875;-111,71875;-230,09375;-61,96875;119,90625;-52,78125;-133,84375;-61,21875;-74,21875;-60,9375;-161,90625;-206,875;-117,625;-13,375;18,96875;-33,25;42;-94,46875;4,15625;12,65625;60,8125;-4,78125;178,65625;-76,21875;17,625;-116,9375;-279,09375;-262,75;-144,75;48,15625;20,625;-76,75;71,5625;-86,46875;-223,40625;30,125;-21,125;-337,78125;-141,03125;-12,03125;-186,6875;-72,75;-102,96875;-60,25;-17,65625;-169,71875;-159,6875;-203,96875;-121,65625;-95,21875;-7,25;34,84375;-155,8125;-62,9375;-50,09375;-66,40625;-22,59375;-48,0625;2,875;-416,84375;-69,53125;40,96875;67,65625;-54,0625;21,59375;30,65625;73,875;-2,15625;100,3125;65,53125;367,375;252,96875;-335,84375;-74,84375;261,59375;421,5;-1776;380,59375;153,59375;179,875;278,90625;118,3125;474,78125;-161,875;1,90625;603,59375;472,09375;409,03125;251,53125;531,875;-128,90625;708,28125;734,40625;-118,125;-6,15625;-195,8125;667,21875;799,1875;-10,6875;824,5;1050,03125;-60,8125;-7,9375;870,125;3,375;-3298,53125;44,5;1060,25;-74,4375;905,0625;55,125;878,15625;14,84375;74,96875;766,3125;-84,90625;857,96875;-55,15625;629,28125;924,46875;-2717,40625;1,9375;70,96875;58,6875;-191,59375;-99,65625;-48,71875;-19,03125;218,21875;-301,0625;-220,875;125,46875;-259,375;-421,28125;45,625;-138,9375;112,84375;2228,15625;19,3125;-119,4375;
-279,40625;19,90625;-114,8125;-241,40625;-458,59375;-62,875;1,34375;-16,65625;-113,5625;-111,125;316,5;-194,875;-119,46875;-298,3125;-91,21875;-258,03125;-111,96875;-149,09375;-20,34375;-201,625;-110,6875;51,90625;-1608,90625;-86,21875;-103,65625;-117,46875;-83,25;-34,65625;-38;-125,6875;-66,84375;-214,21875;-210,09375;-274,875;-79,9375;-330,59375;-133,59375;-290,4375;-174,875;-152;-249,15625;-209,59375;-249,1875;-187,46875;-59,03125;-59,8125;36,5;-250,65625;-239,625;-92,84375;-279,4375;-237,71875;-67,03125;-101,09375;-199;-76,09375;-284,25;-122,78125;-256,875;-306,96875;-142,5;-222,15625;-258,1875;-191,53125;-125,84375;-28,75;-175,34375;-246,1875;-136,65625;-137,9375;-201;-228,21875;-189,21875;-409,71875;-31,0625;-215,71875;21,59375;-215,71875;-234,0625;-240,875;38,3125;-124,625;17,21875;-133,3125;-17,71875;-194,5625;-162,96875;-53,65625;-35,40625;-317,5;-163,75;-307,90625;-255,75;-98,84375;-175,375;-69,15625;-46,625;-260,53125;-311,71875;-317,9375;-201,59375;63,40625;-227,9375;-70,625;-106,65625;-64,25;53,03125;19,25;-339,8125;78,28125;-120,9375;-51,875;-52,09375;159,78125;-19;-68,53125;-11,9375;104,4375;166,90625;13,375;-44,84375;-168,40625;54,6875;-218,84375;23,84375;31,625;-77,65625;-153,28125;-199,0625;78,1875;-61,15625;103,4375;61,75;6,65625;-30,15625;-26,09375;-53,09375;-111,78125;-45,65625;-94;-94,28125;-71,90625;-164,4375;24,21875;-296,125;-188,5625;-32,96875;-124,875;125,4375;69,5;-79,625;-90,875;-129,9375;68,8125;115,625;-336,0625;-22,34375;-138,875;-35,25;-291,40625;-131,3125;-212,34375;-123,09375;-95,5;-277;-183,34375;-56,84375;-212,5625;-69,34375;-223,125;-144,5625;-228,78125;-184,59375;-187,78125;-154,71875;-163,40625;-134,4375;-85,59375;-115,3125;-218,53125;-237,8125;-149,59375;-110,90625;-118,9375;-163,0625;-377,75;-317,875;-189,21875;-223,65625;-152,6875;-44,375;-75,40625;-52,21875;-110;-143,09375;-212,21875;-29,28125;-35,53125;-104,28125;-329,875;-52,5625;-50,25;-61,75;-120,40625;-180,625;-168,34375;-318,8125;-129,65625;-259,9375;-245,5;35,1875;-206,9375;40,65625;-124,71875;-210,65625;-155,875;-146,40625;-63,375;-23,71875;-100,90625;-149,03125;32,46875;-97,21875;-105,15625;37,6875;-12,59375;-50,71875;71,90625;-261,34375;-54,46875;-43,875;59,78125;58,21875;-67,5;-147,78125;27,28125;151,71875;-37,28125;880,375;31,96875;-30,8125;294,40625;25,8125;-42,6875;18,09375;-82,0625;-287,75;160,75;187,34375;215,84375;291,0625;165,65625;298,4375;9,125;256,53125;172,25;-35,40625;434,90625;103,65625;340,75;359,5;209,4375;50,65625;681,03125;426,65625;-181,75;185,1875;238,625;162,78125;-158,8125;788,375;-221,09375;86,75;128,125;721,8125;432,71875;796,84375;659;654,5625;-190,65625;1037,15625;222,75;149,09375;-48,03125;961,40625;90,40625;1246,5625;-21,9375;834,96875;940,53125;-26,03125;754,46875;611,375;-198,71875;367,34375;884,34375;167,125;259,6875;859,25;761,28125;43,03125;103,5;90,09375;783,5;457,53125;518;-68,15625;645,34375;-671,375;-112,6875;-112,4375;266,875;135,34375;1851,8125;-160,0625;30,09375;36,625;358,3125;-555,25;-134,53125;
114,78125;195,625;-73,375;-95,84375;-233,4375;-175,40625;48,375;-150,46875;9,15625;-54,0625;100,53125;-85,5;-114,125;256,25;-113,25;-110,5;-145;-117,15625;-246,59375;4,46875;-163,5625;-225,0625;81,1875;17,4375;-223,75;-95,3125;-191,71875;17;7,71875;-188,34375;58,375;-135,6875;-34,1875;-32,40625;-143,96875;-52,5;24,78125;-301,59375;-67,78125;-228,9375;-2,5625;-23,96875;-170,28125;-133,0625;-85,15625;-103,625;-148,9375;-97,6875;-167,5625;-168,625;36,28125;-158,3125;-24,21875;-80,875;18,03125;-158,875;-82,96875;-130,90625;-73,34375;34,5;-0,4375;-12,28125;-128,5;-35,625;-95,625;58,21875;-32,3125;97,375;-143,84375;19;8,625;-200,34375;-121,0625;-136,1875;-96,625;-154,34375;32,8125;-43,375;-22,3125;-4,71875;-103,34375;-96,625;-4,78125;-19,96875;-61,96875;-290,09375;-36,5625;-10,40625;-86,8125;-47,75;20,625;-0,375;-162,40625;-129,71875;-127,15625;-15,0625;-142,125;-47,15625;-174,75;-84,71875;-129,5;-358,21875;-106,90625;-147,65625;-85,09375;-132,1875;66,125;28,96875;21,53125;8,71875;131,8125;66,75;117,3125;65,5625;66,15625;41,6875;-162,625;100,8125;108,09375;-73,375;17,71875;-44,03125;14,46875;43;83,84375;27,375;31,4375;-43,8125;-106,8125;29,9375;-15,0625;187,5;3,875;136,125;-76,25;86,25;61,84375;58,6875;-249,53125;3,0625;18,34375;38,40625;-231,96875;128,875;33,3125;199,75;-2,84375;-127,90625;59,4375;-19,125;64,03125;102,78125;152,40625;19,96875;62,5;-164,59375;-103,375;-82,625;58,5625;-84,40625;-79,4375;14,96875;-33,65625;-9,9375;7,40625;-24,71875;-52,5;-35,6875;8,09375;-41,875;-172,03125;-183,375;29,4375;-237,46875;-46,125;-4,25;23,15625;-192,59375;-37,75;10,78125;-38,875;-124,46875;44,84375;-6,8125;162,5;-75,28125;-0,8125;55,65625;-26,65625;-103,5625;33,4375;-117,15625;-110,625;35,84375;55,375;-128,84375;33,8125;19,6875;-93,34375;114,5625;54,625;162,0625;49,5625;-24;-102,65625;19,375;-41,1875;186,375;-69,21875;66,96875;87,78125;10,46875;-141,09375;37,53125;38,28125;-109,34375;9,25;-137,5;-102,4375;31,4375;-40,0625;63,71875;202,40625;-30,84375;-106,625;-70,03125;-107,15625;-116,34375;244,625;-224,28125;-171,75;-9,875;34,3125;-191,90625;29,8125;150,6875;128,375;-76,5625;-23,46875;98,4375;90,09375;-13,4375;94,15625;74,375;-57,59375;-3,5;170,3125;80,28125;258,84375;297,125;265,875;345,5625;288,34375;375,9375;338,65625;-150,78125;278,625;495,9375;201,0625;506,3125;127,875;421,40625;392,6875;315,71875;520,5;787;572,25;70,71875;2824,625;440,15625;720,34375;478,375;50,75;-232,3125;666,0625;859,78125;760,0625;311,21875;409,8125;624,4375;556,3125;744,59375;181,65625;756,28125;880,375;1142,84375;144,28125;8,21875;-87,75;-39,9375;-332,6875;1708,28125;89,4375;3871,34375;-81,25;-48,90625;-32,53125;901,71875;164,4375;97,84375;-292,5;3,0625;102,75;-1964,84375;829,03125;82,53125;-4,90625;18,875;187,625;101,875;24,9375;13;129,84375;18,6875;57;208,65625;-243,3125;-1172,4375;141,125;-205,09375;
120,4375;130,8125;-33,1875;71,03125;247,4375;-204,375;-55,625;11,5625;-78,125;-148,28125;-210,40625;4,875;-198,625;523,0625;-94,625;64,84375;-40,6875;-184,78125;-343,1875;-111,5;-113,96875;-4,90625;-157,96875;-240,53125;-32;-170,28125;-77,84375;-158,03125;27,65625;58,1875;-38,21875;94,5;-170,84375;124,96875;-179,59375;-120,1875;46,375;29,25;-257,375;50,8125;-55,09375;-150,6875;-135,40625;-155,75;-100,125;-227,21875;-153,03125;-11,90625;33,40625;-102,96875;55,25;-118,09375;-96,25;-22,125;-53,15625;6,375;24,59375;-66,03125;-201,15625;107,9375;169,75;106,28125;69,40625;-3,375;-11,09375;-147,28125;-244,40625;73;161,75;-44,78125;-214,3125;125,0625;17,6875;3,46875;-61,8125;-128,21875;-61,125;-72,84375;99,15625;-105,9375;-257,28125;-95,125;-20,59375;2,125;-19,4375;31,78125;-126,1875;26,78125;-22,375;-116,96875;118,6875;-236,28125;-83,90625;35,03125;57,40625;-65,4375;-126,84375;-42,84375;-30,46875;-134,21875;-269,875;-79,34375;0,96875;-42,0625;-31,125;-62;-38,0625;-58,5625;100,28125;169,8125;46,34375;244,65625;93,03125;337,65625;108,59375;-64,34375;77,34375;101,5;-0,21875;53,78125;-24,875;98,875;137,09375;243,15625;164,125;83,96875;406,5;-39,8125;304,96875;-3,3125;124,875;58,25;17,53125;40,375;-59,15625;68,53125;-143,90625;-52,34375;-87,59375;93,375;36,28125;252,65625;11,34375;25,125;62,09375;167,4375;101,96875;175,84375;134,21875;174,03125;58,21875;38,78125;147,53125;91,9375;-43,03125;101,5625;-109,78125;-319,28125;225,09375;-103,375;167,71875;137,375;-35,78125;-208,15625;34,34375;-7,9375;227,53125;65,5;-28,65625;-38,125;114,71875;-20,3125;-66;6,5625;-99,625;46,53125;-144,96875;-70,5;-110;-80,375;-216,34375;-118,53125;-79,46875;-6,6875;-16,75;-22,09375;-102,65625;40,75;-77,90625;109,5;31,71875;-92,71875;0,5;-83,8125;31,03125;-73,8125;87,5625;58,34375;-3,40625;136,5625;187,78125;-73,9375;68,125;32,15625;64,59375;44,40625;-7,8125;52,53125;-43,09375;-7,4375;35,5625;-78,5625;-233,21875;-83,25;59,71875;-29,71875;-14,96875;126,375;39,03125;128,34375;-33,3125;-49,8125;-72,65625;-22,09375;-33,53125;58,71875;99;-149,5;-19,28125;40;-75,75;-42,0625;10,15625;-76,3125;35,25;93,6875;80,5;171,71875;143,6875;142,5;43,9375;-3,3125;3;174,09375;-9,3125;252,9375;90,1875;-0,1875;181,40625;412,9375;254,46875;393,6875;318,71875;172,90625;248,28125;253,28125;268,875;158;321,90625;217,03125;2203,59375;163,71875;253,875;595,75;524,3125;179,9375;558,5625;-630,28125;494,46875;60,3125;489,90625;587,15625;685,1875;714,875;203,375;888,96875;-103,21875;2493,9375;424,59375;-18,5625;792,625;119,9375;778,15625;853,71875;931,90625;233,5;-41,125;-213,71875;820,5;814,40625;784,65625;169,375;907,21875;38,03125;8,8125;100,125;791,5625;118,1875;232,875;61,625;11,75;809,0625;810,84375;969,21875;119,25;140,625;195,25;312,90625;-35;103,875;118,90625;22,25;351,3125;145,53125;258,90625;142,53125;341,125;88,90625;-44,40625;65,90625;
235,90625;-18,15625;173,53125;-51,59375;173,28125;125,71875;159,65625;122,09375;53;54,5625;-64,125;-55,40625;-55,75;-53,75;6,78125;210,875;-57,5625;136,375;-57,9375;67,15625;-43,125;19,96875;-125,34375;113,5625;-38,59375;58,28125;51,9375;-111,28125;-135,875;101,75;-25,96875;-45,34375;-175,75;-64,28125;104,21875;-73,40625;38,4375;31,875;-156,46875;-57,25;61,59375;-170,625;41,25;71,96875;-28,3125;-229,6875;-8,875;203,03125;-37,96875;90,90625;-103,90625;98,5;-77,8125;231,3125;108,59375;-166,84375;23,875;51,6875;-13,96875;73,9375;-255,28125;-21,96875;94,71875;18,90625;-92,53125;-342,78125;-80,53125;-2,375;-44,28125;120,9375;-6,46875;-168,1875;-122;-53,9375;-8,8125;56,96875;14,6875;-54,71875;-159,28125;50,0625;59,65625;-9,875;-31;13,6875;49,375;-71,3125;-151,40625;30,65625;-121,34375;89,53125;-147,78125;170,8125;171,4375;3,09375;18,375;-38,28125;110,21875;98,3125;-8,71875;-30,8125;134,53125;-33,71875;0,46875;242,8125;7,375;-95,375;-130,8125;-191;-43,40625;204,125;295,96875;71,46875;360,09375;21,03125;332,4375;350,875;-87,8125;168,15625;160,71875;198,34375;80,5;31,875;1,90625;-171,03125;19,3125;93,125;84,8125;104,75;6,8125;157,71875;152,8125;80,1875;321,59375;244,25;18,1875;172,75;105,5625;25,96875;14,9375;64,625;44,25;251,9375;-157,59375;117,65625;-34,46875;85,625;159,34375;11,75;159,84375;73,03125;18,28125;91,96875;156,0625;21,40625;-55,28125;-23,71875;48,875;-20,59375;107,84375;77,4375;69,96875;97,625;20,03125;135,0625;-78,3125;-162,5625;-100,3125;29,4375;-49,09375;-71,21875;-21,375;-74,1875;-15,1875;-36;26,71875;-56,96875;63,8125;32,1875;-22,125;-3,3125;151,59375;-33,28125;-130,1875;115,46875;165,6875;181,28125;121,8125;-9,1875;124,875;-108,84375;-83,125;-2,625;132,40625;40,625;38,875;9,8125;208,65625;234,53125;82,65625;27,25;36,09375;-35,15625;35,65625;15,125;-31,59375;-90,0625;-50,6875;137,71875;-145,3125;-90,6875;130,46875;-63,46875;-70,65625;47,78125;198,78125;-29,5625;-11,96875;-153,0625;-108,625;39,65625;-101,25;-28,09375;245,84375;110,21875;6,875;181,4375;-45,59375;-27,15625;28,0625;145,96875;102,4375;-31,46875;-39,40625;79,1875;12,4375;128,5625;232,53125;64,125;313,25;-74,75;109,03125;47,40625;46,125;158,1875;212,625;282,8125;119,78125;272,90625;226,53125;-113,125;347,375;344,15625;289,65625;258,5;208,15625;227,8125;463,875;46,71875;468,34375;158,75;232,40625;360,78125;449,3125;372,875;479,84375;409,96875;681,28125;618,9375;46,8125;912,6875;534,4375;459,90625;567,71875;832,84375;718,6875;332,75;1323,25;520,5;367,6875;706,71875;-14,15625;56,5;983,25;599,09375;201,625;968,4375;320,15625;71,625;926;761,15625;25,03125;865,84375;461,375;88,28125;4526,875;159,71875;657,28125;1409,1875;1079,5625;103,375;-59,21875;380,5;54,125;475,4375;41,53125;40,65625;163,78125;688,9375;104,28125;148,21875;96,75;335,9375;77,15625;299,1875;-151,53125;83,75;246,78125;203,09375;412,40625;-9,09375;
-74,53125;-241,25;-304,8125;-70;-231,8125;-142,28125;-239,875;-215,53125;-63;-57,53125;-87,15625;-88,1875;-78,8125;-317,5625;-61,0625;51,8125;-193,3125;153,875;85,53125;-178,5;-191;-204,3125;-294,625;1039,5;-314,65625;-227,53125;-80,4375;-344,75;-328,53125;-209,15625;-148,75;-143,46875;-47,90625;-204,1875;-70,75;-253,8125;-304,34375;-178,28125;-179,28125;-262,5;-145,84375;-143,53125;-75,09375;-10,1875;-341,71875;-252,03125;-226,90625;-130,65625;-39,625;-239,625;-25,375;-76,75;-215,40625;-314,375;71,09375;-162,6875;-256,4375;-209,90625;-210,03125;-343,96875;-207,78125;-58,5625;-29,9375;-144,34375;-48,15625;-267,4375;-79,65625;-248,84375;-187,21875;-35,625;-97,5625;-328,8125;-292,03125;-191,25;-403,46875;-213,375;-42;-311,25;-262,125;-17,625;-135,15625;-118,1875;-130,3125;-86,5625;98,1875;-147,8125;-84,3125;-369,65625;-240,84375;-91,84375;-236,8125;-218,9375;-273,8125;-67,625;-296,40625;41,34375;50,75;-361,125;-238,25;-366,375;-202,65625;-219,40625;-56,65625;0,03125;-65,6875;-168,5625;-17,4375;-181,28125;-82,84375;17,40625;44,96875;144,96875;-0,1875;-123,25;-100,75;-81;17,8125;24,1875;-164,375;-37,375;-158,46875;-164,8125;-37,9375;-98,625;-71,375;-43,5;-103,5;188,28125;-44,125;-126,90625;59,25;21,0625;155,34375;-245,125;-118,78125;-117,1875;-31,03125;-47,21875;-126,78125;87,40625;-63,9375;-64,15625;32,09375;-168,3125;-133,71875;-8,375;131,46875;-121,375;-137,875;-55,53125;-17,5625;-110,96875;-0,75;114,5625;-89,46875;-19,09375;-116,65625;-189,875;30,34375;-48,125;-115,09375;29,09375;-204,65625;18,5625;-57,5625;-202,34375;82,0625;39,4375;-135,59375;-107,03125;-150,78125;-141,78125;-185,84375;34,84375;-88,4375;-74,03125;-165,40625;17,34375;-166,71875;-136,0625;-61,71875;-135,125;-59,40625;-129,03125;138,90625;159,65625;-148,90625;-28,625;-94,46875;61,4375;-364,34375;-217,59375;-53,3125;-79,1875;-218,65625;-115,125;-110,09375;131,0625;-26,96875;-180,8125;-216;8,9375;-164,625;-174,90625;-111,75;-150,5;-215,71875;-155,125;-216,625;1,40625;-32,8125;-219,46875;-140,25;-141,09375;-159,53125;-308,0625;-177,65625;-142,21875;-297,28125;-169,9375;-124,0625;-3,5625;-71,4375;-182,625;-34,375;-35,90625;-68,625;-85,65625;-48,71875;-187,4375;-159,6875;-55,5;-5,0625;17,28125;-51,59375;-152,5625;17,875;-43,125;-22,46875;-64,4375;42,3125;-82,40625;-142,53125;-60,375;-280,21875;71,21875;50,125;-87,75;-196,5;-65,5625;-18,21875;-215,34375;-24,34375;2,90625;69,96875;222,375;10,84375;399,96875;191,15625;352,21875;245,71875;340,6875;286,5625;264,875;169,59375;356,875;369,5625;292,25;260,5;418,78125;137,28125;463,46875;298,6875;536,21875;-42,375;973,46875;630,65625;-312,28125;479,59375;358,65625;515,8125;618,75;835,9375;872,53125;-165,59375;841,59375;247,4375;-107,4375;1067,875;148,75;566,59375;822,53125;-87,34375;567,84375;-232,46875;3903,28125;851,25;-2934,4375;147,21875;79,75;-133,78125;1052,6875;-39,40625;112,96875;179,78125;-507,75;-33,3125;-275,625;494,9375;137,15625;312,59375;172,65625;-162,375;204,34375;1,84375;204,90625;63,375;-16,78125;-246,46875;-25,21875;
-68,53125;64,15625;269,53125;43,03125;107;206,34375;51,46875;61,84375;-58,5;-88,875;75,9375;-16,65625;-62,8125;112,78125;201,15625;76,15625;-1059,625;68,15625;-98,09375;130,90625;-57,65625;95,125;78,5;-272,21875;73,78125;20,875;21,59375;133,8125;90,0625;114,78125;3,96875;6,1875;157,84375;107,09375;96,1875;6,3125;82,21875;-111,09375;174,3125;224,4375;125,15625;120,71875;-83,59375;323,46875;38,96875;185,21875;101,3125;-299,40625;67,96875;79,03125;107,96875;96,28125;-41,6875;83,4375;31,46875;207,6875;117,8125;107,9375;-15,09375;265,75;-66,21875;101,78125;196,03125;-43,9375;52,84375;54,71875;-2,34375;14,53125;-21,78125;-113,78125;101,90625;-2,3125;198,15625;134,3125;65,09375;-79,8125;185,84375;-179,90625;124,0625;-28,625;148,34375;132,5;32,53125;181,09375;0,1875;169,3125;62,96875;-42,0625;20,71875;65,46875;189,8125;10,625;158,875;-31,875;-143,46875;21,25;-40,90625;38,0625;9,71875;39,03125;-37,84375;-143,6875;77,78125;52,125;140,15625;131;125,5;176,0625;131,09375;128,875;200,34375;233,90625;80;182,875;95,15625;352,78125;413,90625;238,46875;134;140,40625;169,9375;104,625;353,15625;131,4375;95,21875;61,21875;216,375;339,53125;226,53125;407,40625;319,40625;209,59375;126,5625;157,46875;164,0625;26,5;127,625;302,84375;35,0625;137,84375;91,3125;-32,4375;211,28125;148,5;35,0625;54,84375;30,3125;270,46875;234,34375;-6,375;156,96875;96,71875;36,90625;148,65625;265,71875;57,75;-3,90625;19,375;42,90625;172,5;-50;61,21875;172,53125;58,15625;227,96875;-7,8125;-237,3125;99;-51,4375;56,15625;65,25;70,59375;56,03125;188,03125;-26,21875;119,75;-10,625;-5,21875;114,34375;205,15625;23,59375;83,9375;49,03125;180,28125;267,625;-84,71875;43,59375;26,09375;86,4375;87,9375;62,21875;-9,96875;147,46875;81,8125;77,15625;-41,9375;136,65625;44,34375;129,84375;78,34375;158,5;-24;97,6875;-123,25;77,75;142,4375;26,6875;-4,28125;73,40625;-105,5;-19,59375;208;85,75;65,84375;-83,5625;-107,90625;-36,0625;48,21875;-50,71875;11,875;-11,1875;-73,28125;-5,65625;259,15625;91,53125;-230,59375;-238,375;164,5;-82,0625;100,75;-144,40625;-31,53125;-83,84375;86,34375;107,53125;-61,34375;-53,21875;177,90625;39,21875;41,21875;8,5;100,9375;-12,03125;335,59375;226,90625;250,53125;43,3125;382,28125;46,375;268,25;442,34375;308,21875;363,375;257,9375;36,625;152,59375;292,625;91,09375;477,25;275,84375;398,65625;53,8125;240,46875;412,78125;294,6875;256,53125;402,34375;349,125;487,84375;418,09375;522,71875;647,375;254,125;734,71875;100,9375;-2662,53125;995,875;806,875;839,96875;723,84375;704,15625;619,71875;83,875;813,0625;867,15625;235,65625;144,75;204,1875;1021,34375;184,25;1717,4375;154,75;30,75;202,71875;896;256,34375;179,4375;220,25;184,375;144;912,34375;329,96875;133,5625;795,4375;166,6875;170,59375;574,125;407,15625;233,21875;204,875;140,40625;38,96875;127,34375;-66,6875;320,9375;-3,84375;110,90625;175,03125;139,28125;164,6875;
-0,3125;-106,25;147,90625;-126,5625;-206,71875;-79,96875;-110,34375;-124,1875;40,40625;-190,6875;-21,96875;-249,9375;-130,3125;72,5625;-27,71875;125,15625;-198,875;82,6875;103,90625;-201,375;-37,15625;-91,9375;-261,3125;-239,0625;-13,25;-283,40625;-161,03125;-177,5625;-154,875;103,25;53,625;-17,0625;-169,03125;-385,875;112,84375;-217,4375;-80,15625;-185,375;-85,34375;-207,28125;-88,5625;-93,125;-92,71875;-65,1875;-137,96875;-168,59375;-107,34375;-182,125;-203,40625;-189,5;-262,375;-334,5625;-39,59375;-243,03125;-180,25;-237,46875;-58,59375;-20,5625;28,40625;-19,1875;-26,84375;5,375;-303,6875;-266,625;-125,40625;-134,0625;-180,03125;72,875;-51,96875;-388,84375;-163,625;-313,6875;-201,5;-131;-266,375;-112,375;-171,59375;-312,53125;-38,53125;-82,90625;-159,96875;-346,5;-21,96875;-98,59375;-52,0625;-147,75;-39,96875;-192,65625;-177,90625;-43,4375;-224,4375;-380,28125;-28,59375;-166,28125;-232,15625;-201,9375;-202;-3,46875;-88,25;-91,34375;-346,1875;-213,96875;-197,9375;-211,875;-111,6875;-152,1875;-91,90625;-116,53125;-89,4375;-148,34375;73,9375;-126,71875;21,8125;-26,5;195,5;61,5;-40,34375;63,65625;-253,59375;-152,3125;-50,5625;29,8125;84,4375;-78,28125;-34,625;-28,3125;179,03125;118;-20,15625;-157,09375;116,15625;26,65625;-125,40625;24,8125;58,125;13,09375;38,6875;-108,09375;-324,25;-52,09375;-214;-277,15625;-40,375;-151,25;-18,9375;-87,125;-180,34375;117,625;-146,59375;182,9375;-159,625;-98,1875;-126,25;-155,8125;-168,65625;-187,46875;-83,46875;-101,375;-51,96875;-246,03125;-99,53125;-153,125;-28,6875;27,6875;-221,75;-222,15625;-255,0625;-129,625;-131,28125;-15,34375;-104,9375;-275,875;-187,71875;-55,78125;13,3125;-156,5625;-356,15625;-154,46875;-123,78125;-47,25;-178,40625;-196,65625;-61,65625;93,46875;-201,59375;-231,75;-73,9375;-129,9375;-216,8125;-33,375;13,09375;-287,0625;-91,0625;-203,84375;-172,15625;-207,90625;-257,125;39;-183,96875;-48,5625;-33,5;-247,9375;-172,4375;-432,75;-132,9375;-90,6875;-258,5625;-81,59375;102,65625;-18,125;-120,375;-11,90625;118,59375;-220,78125;-239,46875;8,125;-161,5625;-26,125;-188,84375;-186,25;-96,25;-233,8125;-74,5625;-102;-142,46875;-300,6875;-237,21875;-244,1875;-351,6875;-53,34375;-30,65625;-274,25;-166,40625;-54,4375;-247,03125;4,8125;-274,40625;-58,15625;-157,375;-184,9375;-211,90625;53,3125;-187,78125;-192,84375;-137,75;-54,46875;-80,03125;0,0625;-69,8125;-87,28125;39,625;30,65625;84,34375;56,4375;98,8125;-27,125;135,03125;-29,21875;170,75;51,125;175,96875;232,28125;264,125;-80,6875;-107,3125;278,625;260,1875;303,5;-153,125;96,09375;255,75;329,03125;239;468,03125;573,375;67,15625;506,75;-58,71875;593,90625;635,15625;-173,03125;3,1875;583,1875;603,5625;81,3125;866,34375;763,34375;465,03125;-124,59375;34,03125;913,28125;0,9375;-318,625;-49,25;29,71875;348,28125;2594,25;3581,75;-104,78125;494;647,3125;53,875;-32,96875;-177,625;525,59375;640,875;-305,90625;42,90625;186,84375;14,1875;13,5;57,65625;1270,1875;-239;154,125;-74,15625;-199,1875;151,25;183;-1,65625;
98,78125;117,46875;-15,34375;117,1875;44,28125;139,71875;104,65625;-46,65625;194,75;-89,875;145,21875;100,03125;15,71875;-1298,59375;308,3125;-226,90625;218,4375;1,28125;-63,03125;-0,46875;357,375;71,71875;37,96875;-14,78125;75,46875;-99,8125;159,875;-97,46875;38,8125;156,4375;-68,1875;-30,1875;-39,1875;-93,84375;74,375;-70,78125;6,15625;-65,65625;-28,40625;4,3125;21,1875;-120,6875;81,5;19,9375;6,71875;-204,375;121,3125;-27,34375;-132,46875;29,625;-144;-85,53125;-85,03125;7,6875;252,40625;142,625;-265,125;-78,28125;87,46875;-89,03125;-217,5625;-24,96875;-63,625;-104,34375;-48,1875;181,5;-98,09375;-85,1875;-16,65625;-109;-187,84375;168,59375;38,65625;56,78125;159,875;76,96875;-0,8125;45,71875;-43,09375;-47;26,96875;51,15625;142,21875;176,4375;239,375;-6,5625;77,65625;25,25;-9,375;-69,375;108,625;-69,09375;-27,4375;59,5625;76,78125;-313,78125;-143,46875;76,28125;-132,5;-179,875;85,53125;-69,59375;109,46875;210,40625;126,125;-74,21875;37,15625;246,0625;76,3125;29,96875;252,84375;87,53125;241,84375;-59,1875;-25,53125;191,1875;108,625;85,84375;7,53125;-49,96875;125,46875;245,1875;225,625;34,875;94,90625;262,625;363,875;293,625;288,96875;134,28125;144,59375;420,28125;238;192,5625;103,15625;105,09375;-18,84375;-57,53125;60,03125;-15,90625;-39,03125;105,5;77,75;25;24,84375;267,65625;86,5;181,96875;184,625;-90,65625;285,21875;35,96875;-168,96875;24,25;-16,375;-76,65625;-53,03125;142,03125;67,34375;-40,34375;308,15625;-124,40625;-14,15625;27,875;40,25;120,125;160,125;-56,6875;-59,8125;107,25;0,59375;103,53125;100,6875;-8;97,9375;51,71875;-160,03125;-45,15625;-104,0625;30,34375;-21,625;-28,5;-247,71875;-79,65625;133,125;-14,46875;-17,96875;125,21875;182,96875;-12,875;-62,15625;-17,25;7,6875;-84,40625;78,53125;82,625;53,90625;36,03125;34,84375;6,9375;-76,1875;-44;-182,9375;28,375;-43,4375;-84,15625;62,65625;7,09375;-84,0625;60,84375;46,71875;176,8125;235;84,125;103,90625;7,03125;93,5625;64,6875;-54,0625;-29,15625;37,84375;31,71875;89,5625;38,1875;-6,5;-1,8125;-35,28125;254,9375;120,875;113,0625;140,4375;136,4375;-2,09375;-155,03125;146,375;-14,03125;2,5625;16,5625;97,4375;1,65625;-78,1875;-104,0625;-46,84375;104,09375;25,5;288,34375;210,5;258,375;-11,34375;17,875;25,65625;314,71875;41,34375;194,3125;391,78125;271,78125;250,34375;365,375;312,40625;233,96875;163,65625;193,40625;492,375;114,125;446,6875;509,4375;504,75;402;395,375;362,5;513,40625;576,6875;474,1875;630,65625;177,8125;608,71875;471,5;603,53125;665,5625;543;841,65625;522,3125;593,90625;624,9375;-38,90625;132,96875;274,6875;789,96875;912,8125;116,9375;831,46875;66,1875;152,1875;971,3125;863,9375;250,03125;24,09375;2255,75;-27,53125;7,34375;892,90625;119,90625;286,0625;-307,40625;36,59375;111,75;-2606,3125;820,34375;419,53125;225,8125;223,59375;195,59375;-224,90625;-202,59375;263,25;774,3125;37,625;30,75;68,59375;148,8125;
-153,71875;-217,3125;43,28125;-81,71875;23,90625;-113,4375;101,71875;-84,8125;40,84375;-62,21875;-149,4375;86,0625;192,875;-1725,34375;244,59375;-90,65625;124,90625;-172,59375;-60,125;97,9375;-84,125;-144,90625;145,5625;29,875;-109,0625;80,4375;-54,4375;-28,25;96,8125;-15,65625;-203,78125;-47,25;-40,125;-17;55,5625;16,34375;-45,09375;148,65625;31,09375;-114,6875;-283,46875;-176,5;-58,59375;182,65625;-76,46875;0,0625;-117,625;-24,53125;-190,125;233,625;-74,21875;161,5;-235,3125;-217,46875;-216,96875;19,53125;-64,75;-60,6875;-59,5625;-83,6875;-42,15625;-76,4375;184,96875;-236,75;-268,6875;150,90625;-217,09375;-80,8125;-90;-104,09375;-166,40625;22,5625;-171,125;-92,75;-178,21875;-122,125;-154,1875;-143,71875;33,15625;82,65625;-101,3125;82,40625;-97,53125;-56,875;-36,75;137,34375;-330,3125;-238,28125;204,21875;-88,15625;-62,75;-57,71875;-161,40625;-83,4375;66,40625;228,5;-121,59375;-97,65625;0,25;-146,125;-333,53125;-251,125;-107,90625;-138,84375;-50,5;-144,78125;-46,40625;162,6875;81,34375;48,46875;15,53125;26,28125;142,8125;152,84375;176,78125;128,1875;56,625;131,3125;7,59375;-66,9375;47,34375;33,6875;-98,15625;60,90625;110,03125;201,46875;5,25;241,125;368,5625;69,875;59,0625;-55,15625;61,75;109,90625;118,28125;-68,6875;178,84375;19,25;200,65625;71,03125;-104,59375;-130,15625;-64,53125;55,03125;195,8125;-83,5625;-101,75;198,25;-55,875;62,6875;293,625;-93,84375;-138,8125;-92,21875;27,59375;-12,21875;243,375;-150,4375;-225,75;4,53125;-22,65625;158,65625;24,375;-28,09375;72,875;184,25;36,8125;133,5625;-24;79,4375;281,34375;105,28125;118,15625;-0,75;9,5;-180,59375;62,15625;245,625;33,28125;-63;149,9375;170,21875;68,53125;38,40625;0,1875;34,96875;65,53125;237,5;-128,1875;-32,03125;-54,375;-0,25;49,21875;-43;-145,96875;-75,3125;59,5625;-20,5625;-21,6875;110,34375;101,03125;-44;-245,625;105,125;41,875;-97,25;50,75;-124,21875;118,71875;-37,125;-79,875;24,21875;-184,40625;19,6875;86,40625;-50,8125;-60,28125;-47,53125;-117,09375;-79,90625;-67,34375;-86,75;162,6875;-9;37,96875;-161,65625;-186,34375;102,09375;47,9375;143,03125;16,875;65,71875;-59,8125;108,78125;34,1875;-163,6875;112,96875;292,84375;-85,25;113,1875;46,5625;229,90625;181,71875;179,78125;222,59375;214,375;127,25;62,03125;153,71875;112,15625;309,21875;128,0625;166,90625;292,5625;206,28125;269,3125;130,03125;248,5;208,28125;207,3125;227,15625;176,625;439,46875;204,375;287,34375;278,625;284,8125;256,125;505,75;554,96875;482,125;353,6875;476,28125;385,53125;553,0625;556,65625;453,96875;723,46875;633,25;579,40625;534,53125;574,1875;742,9375;678,5625;1,125;875,1875;886,5;127,125;221,75;903,21875;24,8125;308,5625;-63,5;289,0625;106,46875;-621,3125;77,71875;-1683,09375;51,53125;-6,34375;824,15625;89,46875;570,4375;449,03125;524,46875;430,9375;575,34375;-77,53125;1033,65625;121,1875;-10,53125;132,53125;52,46875;-0,96875;203,90625;274,375;159,84375;196,3125;140,03125;79,25;
-65,21875;-89,03125;6,90625;-252,9375;-163,5;-172,21875;52,34375;-51,25;136,5625;-72,90625;-90,15625;-82,96875;86,09375;99,46875;-39,96875;-60,1875;52,1875;-9,5;-146,21875;-193,46875;-92,25;-92,3125;-7,84375;-61,0625;-31,4375;-6,5;-192,59375;63,1875;-77,1875;-214,375;-267,21875;2,1875;-21,3125;-38,78125;19,125;-117,5625;-277,15625;-55,15625;-125,1875;-63,78125;-174,9375;-45,625;-31,15625;-107,78125;-190;-22,75;-28,34375;15,71875;-67,25;-86,4375;-14,875;-216,15625;-20,15625;-79,375;-109,40625;-107,03125;-169,90625;-304,09375;-142,375;-85,15625;41,53125;-255,71875;-27,84375;38,125;6,40625;-162,8125;-242,53125;-269,625;-356,78125;-346,34375;-111,09375;-113,28125;-207,59375;-100,34375;-141,15625;38,84375;11,5;-157,90625;-258,875;-185,28125;-62,375;-236,90625;-3,0625;44,28125;-99,34375;51,1875;-53,6875;-190,125;-80,46875;2,75;-145,75;-114,53125;-226,53125;-112,90625;-148,40625;-36,78125;-117,3125;-321,5;-400,59375;-383,15625;-32,46875;102,1875;-4,5;-180,09375;-154,15625;-318,9375;-1,46875;-63,5625;-151;-125,625;144,34375;-27,75;-117,1875;175,96875;33,71875;-179,5625;-169,8125;-234,65625;-167,5;-4,5625;-57,96875;-9,78125;126,625;6,40625;-129,40625;-90,09375;175,78125;53,0625;179,46875;-29,6875;32;-59,875;145,5;-66,46875;269,34375;247,28125;-30,71875;-114,15625;-6,4375;-42,1875;-39,75;-85,3125;-43,5;130,6875;-137,5625;65,90625;56,40625;102,8125;-61,84375;72,9375;-124,96875;-78,9375;27,375;-121,5625;-171,46875;-109,1875;-51,375;-167,84375;-76,78125;28,90625;47,875;168,78125;-73,90625;-30,15625;71,09375;-265,96875;-51,84375;-6,65625;-193,75;-27,15625;-196,84375;-209,53125;-56,46875;14,875;54,75;-4,1875;124,78125;-83,59375;-85,21875;17,21875;88,6875;-159,4375;-130,21875;-13,96875;-3,34375;-295,8125;-184,53125;-41,96875;-93,3125;-55,78125;39,21875;-62,28125;81,28125;-277,3125;22,21875;-25,875;87,34375;-54,5625;84,84375;109,25;-146,9375;-33,03125;-163,5625;-78,46875;-86,9375;-23,71875;-101,21875;-171,4375;108,375;17,71875;-61;25,96875;-58,1875;-177,6875;-140,34375;-113,46875;-108,15625;-90,75;-200,6875;-162,0625;158,71875;141,90625;-121,5;-201,75;7,03125;-30;-31,375;-48,125;-207,15625;-155,03125;94,40625;84,625;-77,65625;53,25;-215,25;-118,3125;136,15625;105,5;-110,03125;13,5625;-230,4375;-151,71875;161,15625;170,15625;68,5625;115,5;94,6875;164,21875;87,75;18,375;151,96875;65,96875;-69,65625;85,78125;-118,03125;103,71875;-35,21875;255,46875;220,625;93,5625;292,21875;308,6875;201,84375;150,0625;139,65625;50,625;294,3125;260,96875;275,59375;347,34375;143,6875;282,96875;343,25;374;312,25;307,96875;561;2,8125;438;206,4375;384,15625;374,0625;414,5625;446,71875;653,375;-74,53125;716,09375;-59,34375;831,09375;753,34375;282,96875;126,65625;811,21875;662,46875;623,8125;620,75;69,21875;736,59375;469,6875;173,65625;518,09375;487,1875;-246,6875;243,53125;-175,65625;-15,15625;-20,1875;-148,90625;357,84375;406,75;-16,6875;2389,0625;97,9375;113,09375;-120,34375;179,21875;80,9375;-253,5;283,78125;28,5;
202,5625;40,3125;-275,1875;-59,9375;1940,625;-310,78125;111,6875;-189,125;116,96875;-38,34375;251,84375;454,6875;68,21875;-46,71875;120,8125;-261,90625;-47,71875;-238,34375;-8,40625;15,59375;-216,0625;-161,03125;-278,21875;-187,59375;-109,78125;68,78125;-16,53125;-203,84375;-10,875;-236,59375;-256,09375;-53,875;11,875;110,78125;-104,25;-8,8125;-191,75;-162,03125;-60,25;-9,84375;-0,6875;-359,65625;-59,8125;-422,4375;-242,03125;-71,25;-98;-70,84375;53,59375;-124,78125;-206,5625;-149,53125;59,1875;-4,78125;8,96875;-142,9375;-170,3125;132,90625;-21,125;-100;-70,53125;-120,78125;-239,34375;-212,6875;-187,75;-18,96875;-80,625;-330,40625;-108,5625;-510,3125;-255,5625;-283,53125;-60,625;66,28125;-246,03125;-209,5;-265,4375;-141,03125;-128,40625;76,875;-107,75;-243,84375;-173,75;-91,21875;-175,5;-278,65625;5,9375;-254,40625;-140,0625;-169,53125;-109,5;-168,4375;-44,03125;3,90625;-122,3125;115,78125;-199,65625;29,46875;-134,40625;-7;-101,1875;-56,375;-92,25;-161,65625;-126,0625;-126,84375;-41,59375;85,15625;17,0625;195,8125;185,875;-106,9375;237,875;-34,4375;181,5;114,3125;-39,65625;117,375;72,59375;1,3125;61,9375;122,96875;174,125;252,28125;-32,4375;185,96875;243,6875;153,625;-1,96875;104,5625;-138,65625;103,03125;16,4375;-40,03125;71,84375;16,75;-31;-80,03125;49,21875;29,125;115,53125;-132,1875;77,25;-197,0625;-40,6875;85,9375;-149,0625;30,90625;-148,3125;199,28125;-24,8125;90,21875;-50,78125;-64,75;34,0625;2,78125;64,34375;-244,40625;-104,0625;76,0625;-3,34375;188,46875;-92,90625;-181,84375;-5,1875;109,5;-70,65625;61,28125;22,3125;-69,25;-179,75;122,4375;-74,15625;-52,65625;-58,21875;-174,59375;-111,25;-101,875;40,5;45,125;9,0625;-138;-219,8125;-78,53125;83,25;-6,21875;-71,25;85,6875;-225,625;-198,53125;-184,25;-106,53125;132,1875;148,34375;34,9375;159,84375;123,03125;29,03125;-44,96875;-27,53125;-210,5;74,84375;63,65625;148,46875;-77,96875;-141,625;-167,9375;-226,5625;-108,09375;-101,0625;66,4375;-51,90625;3,96875;183,875;15,40625;-10,46875;104,25;18,75;77,96875;-136,6875;-60,65625;-45,21875;128,4375;-5,4375;-6,6875;59,84375;-134,625;-99,21875;52,84375;-79,78125;-7,875;-114,65625;59,75;-35,59375;-127,6875;39,90625;131,15625;148,65625;21,75;-147,5;-19,84375;40,875;-104,9375;-211,15625;42,4375;138,5;138,75;160,875;94,0625;123,21875;78,9375;75,59375;-27,28125;118,875;279,84375;57,15625;300,96875;266;144,15625;224,5625;-98,15625;214,03125;213,53125;186,5;-138,75;288,90625;363,78125;623,625;410,4375;224,4375;401,84375;430,28125;433,5625;430,59375;232,53125;510,6875;432,03125;94,5;473,5625;497,9375;604,84375;63,90625;508,8125;450,78125;608,15625;115,90625;-57,96875;790,90625;717,84375;-106,84375;72,09375;762,5625;-19,875;716,6875;-197,53125;-18,34375;876,71875;-21,1875;647,125;-72,8125;560,9375;140,6875;677,40625;-0,78125;195,8125;686,5625;-322,46875;69,59375;383,5;201;214,90625;85,4375;194,1875;-171,125;160,71875;5,15625;402,90625;19,40625;-3,3125;159,25;
-57,21875;-31,75;-239,46875;-55,0625;-537,34375;53,4375;-186,96875;-345,78125;52,125;-1789,8125;-62,9375;-182,25;-239,625;-162,71875;-211,125;-84,59375;-291,96875;-204,28125;-296,875;-221,1875;-31,96875;-364,375;-135,25;-260,34375;-226,53125;-6,90625;-108,40625;-107,9375;3,9375;-23,875;-203,71875;-311,34375;-93,09375;-233,375;-212,9375;-222,71875;-169,78125;21,46875;-44,21875;-188,34375;-274,28125;-270,0625;-160,21875;-207,5625;-227,09375;-200,09375;-277,59375;-113,125;-281,75;-204;-44,25;-100,6875;-206,78125;-210,71875;-81,25;-367,8125;-250,90625;-70,875;-206,65625;-105,6875;-226,3125;-267,4375;-77,6875;-316,34375;-266,25;-445,28125;-196,375;-250,53125;-234,78125;-253;-57,78125;-319,5;-124,90625;-233,78125;-57,6875;-120,40625;-20,40625;-149,09375;-246,34375;-283,75;-235,53125;-49,0625;-33,9375;-132,4375;-125,96875;-171,0625;-104,84375;-319,8125;-158,125;-189,53125;-135,625;-86,59375;-308,65625;-90,59375;-196,96875;-200,46875;-212,84375;-265,21875;-266,59375;-269,9375;-175,53125;-152,84375;-357,71875;-367,3125;-162,625;-212,8125;-44,09375;-209,125;-182,78125;-3,03125;-143,875;-137,6875;-2,53125;-77,65625;85,9375;-213,0625;-80,75;-232,8125;-6,40625;-46,84375;-26,46875;10,75;48,96875;-64,03125;-71,375;-55,96875;-30,15625;-40,625;-1,71875;76,5625;77,65625;-67,75;-80,3125;-206,71875;104,375;-49,15625;-69,375;-182,9375;-195,9375;-88,625;-87,125;-309,625;-24,5625;49,15625;-180,6875;-63,625;-147,4375;-94,25;-44,1875;-60,125;-255,71875;-107,40625;-145,5625;-324,21875;-114,90625;-213,71875;-67,125;-67,84375;-133,21875;-108,21875;-33,9375;-64,3125;-133,9375;35,65625;-155,15625;-73,71875;-323,4375;-181,75;-217,34375;-312,4375;-51,0625;-131,59375;-68,78125;-145,46875;-181,8125;-306,78125;-173,375;-94,0625;-399,1875;-289,6875;-93,125;-97,90625;2,40625;-92,84375;-130,625;-44,03125;-90,90625;-203,3125;-7,8125;-128,3125;-246,4375;-234;-154,15625;-175,90625;-28,125;-117,65625;-64,21875;-23,71875;-64,125;-192,53125;-148,09375;-184,21875;-89,3125;-61,59375;-331,875;-168;37,4375;-134,96875;-48,6875;-170,96875;-90,25;-416,96875;-201,625;-164,90625;-241,9375;-44,3125;-375,96875;-270,40625;-164,4375;-197,0625;-190,15625;-167,0625;-83,875;-216,40625;-59,03125;-357,4375;-106,59375;-287,78125;-131,4375;-340,65625;-82,46875;-84,0625;-98,6875;-300,21875;-258,25;-138,625;-184,375;-250,125;32,1875;38,625;-127,15625;74,375;40,46875;-16,5625;42,1875;-205,65625;-140,125;9,09375;130,40625;-3,21875;-54,84375;61,9375;-51,21875;-0,09375;-65,5;65,125;14,75;145,75;105,375;0,53125;161,4375;139,125;136,40625;161,15625;347,90625;76,9375;307,3125;184,75;-27,96875;330,03125;195,65625;180,875;42,4375;238,5;124,5;375,0625;381,28125;407,09375;382,96875;540,3125;-187,40625;765,46875;613,25;267,75;-172,0625;706,90625;511,875;738,28125;781,78125;-1810,875;94,59375;516,875;689,6875;23,09375;-78,875;600,25;262,375;699,5;-124,03125;-139,6875;649,6875;-94,125;-67,21875;508,40625;-189,65625;-152,40625;631,625;-209,875;-147,3125;-109,65625;-246,21875;-19,875;132,25;-134,3125;969,5625;448,53125;-248,1875;-345,5;200,46875;14,3125;
209,6875;-144,21875;-43,6875;-291,875;62,125;-245,90625;-148,53125;-128,34375;-56,84375;87,84375;-186,6875;159,71875;-189,8125;-14,53125;59,21875;147,40625;-134,0625;-122;705,09375;-38,65625;-78,21875;-25,1875;-186,5625;-37,15625;-148,375;-95,6875;-41,5625;-58,78125;16,90625;-229,96875;-165,03125;-181;-63,53125;-33,75;-60,875;-176,53125;-234,21875;-69,84375;-21,40625;25,4375;-150,71875;-137,96875;58,21875;-140,125;-234,75;-124;-155,53125;-227,375;-329,4375;10,6875;-145;-108,9375;-58,40625;17,75;-141,96875;-98,28125;41,8125;-65,46875;-125,1875;-128,03125;76,8125;-134,25;-179,46875;-159,4375;-119,46875;22,46875;-95,875;-40;-126,4375;-187,625;-491,75;-310,5;-240,8125;47,3125;-52,625;84,03125;-1,71875;-104,15625;-123,4375;-28,125;-11,5625;-295,5625;-110,3125;-142,125;-106,625;-309,96875;-158,5625;-130,125;-11,75;-283,4375;-186,4375;-213,75;-24,34375;21,9375;-70;-205,875;-110,34375;-160,375;-214,4375;-121,78125;-125,53125;-44,96875;-64,03125;-152,59375;-162,8125;-133,90625;-60,21875;-5,5;82,03125;257,65625;20,09375;235;-19,40625;330,96875;87;127,28125;175,4375;-63,6875;33,25;274,28125;98,15625;176,9375;28,53125;256,84375;70,71875;192,84375;41,625;231,03125;180,96875;358,9375;210,53125;-41,4375;119;93,3125;37,96875;57,78125;44,4375;92,1875;-79,21875;-112,40625;-61,46875;131,9375;62,5;-68,6875;30,125;-108,4375;22,46875;-41,59375;83;56,15625;60,625;79,5;185,4375;78,84375;-115,75;-146;176,8125;25,3125;-176,625;79,96875;54,8125;106,75;19,71875;-196,65625;39,5625;57,6875;55,59375;-115,65625;102,8125;-63,71875;104,65625;55,09375;-145,4375;-14,0625;-0,8125;-248,34375;-65,875;97,03125;109,21875;-225,28125;22,0625;58,875;205,40625;-241,96875;-56,625;139,25;-18,65625;-149,40625;-174,0625;245;-117,9375;-58,96875;-93,34375;-34,875;93,25;-247,90625;-35,59375;-80,5;53,09375;-176,3125;55,65625;-141,40625;7,46875;116,5625;29;-17,34375;129,4375;43,03125;-55,28125;-133,71875;-154,875;-227,84375;13,8125;86,4375;52,0625;7,40625;6,125;54,6875;-27,15625;-62,59375;-122,21875;64,53125;-223,71875;-10,3125;-97,53125;-290,8125;-95,5625;-28,46875;-80,3125;-179,6875;-27,4375;-162,65625;-89,5;91,375;89,03125;-21;166,84375;60,1875;-266,53125;25,65625;11,75;85,75;-125,65625;32,46875;-17,53125;13,90625;33,46875;87,53125;19,90625;145,53125;163,96875;144,25;228,25;158,90625;239,21875;148,5;272,15625;370,65625;345,75;276,90625;38;165,625;199,59375;234,28125;262,15625;138,28125;316,46875;201,125;262,75;414,1875;344,09375;439,34375;278,4375;577,5625;392,84375;408,1875;281,03125;538,71875;670,59375;618,75;749,15625;196,1875;622,3125;561,59375;597,65625;364,65625;-76,9375;92,28125;720,59375;772,59375;242,34375;326,53125;565,9375;-109,875;3122,84375;386,9375;123,0625;458,34375;465,90625;456,84375;596,9375;85,53125;53,90625;62,65625;121,6875;146,28125;619,46875;484,1875;323,1875;503,375;-22,875;6,75;-49,75;-36,65625;-192,53125;6,6875;-2941,625;140,625;175,15625;-160,28125;
-110,84375;-247,46875;-3,71875;-59,59375;-98,625;-185,0625;-58,0625;-262,3125;-40,46875;-291,5;103,90625;-122,0625;-14,09375;-123,5;-90,40625;-93,03125;59,1875;-115,90625;-152,375;-213,875;-288,375;-211,1875;-16,65625;-241,4375;3,90625;-83,5;-155,375;-153,8125;-9,71875;-145,96875;-193,65625;-189,25;-139,46875;-233,8125;-230,3125;-253,375;-401,53125;-182;-272;-191,1875;-98,625;-139,53125;-175,625;-41,625;54,5;-57,03125;-177,40625;-88,5625;-238,28125;-42,65625;-134,21875;-222,3125;-28,6875;-418,34375;-59,9375;-339,3125;4,6875;46,53125;-237,5625;-175,78125;-251,78125;-106,125;-21,5625;-154,375;-26,34375;-1,4375;-79,25;-126,25;30,5625;-332,75;-403,25;-342,0625;-218,09375;-100,6875;-155,375;-51,09375;-136,0625;-122,625;-255,71875;-222,75;-83,4375;-170,5625;-49,03125;-140,875;-256,84375;-38,78125;-257,59375;-83,6875;-86,46875;-54,8125;116,71875;-113,65625;-112,75;-114,1875;-106,71875;-40,71875;-58,875;-89,9375;-217,96875;-56,78125;-225,375;-170,96875;-209,75;-91,875;18,75;-184,46875;-195,59375;104,8125;130,96875;-15,1875;88,59375;98,125;117,9375;-97,875;23,8125;-184,9375;-65,125;62,15625;120;30,9375;-145,90625;-140,4375;95,0625;84,46875;81,75;191,125;176,25;93,03125;27,65625;-34,03125;51,125;135,84375;-6,875;174,09375;-9,90625;118,53125;74,03125;-118,5625;-15,78125;-178,1875;-81;-97,40625;98,09375;115,53125;-178,40625;-98,78125;19,65625;-16,15625;18,21875;-15,78125;-50,71875;-94,625;-209,625;-179,78125;-106,3125;-135,8125;-94,96875;19,53125;-0,9375;200,71875;0,3125;-79,09375;45,34375;-38,625;33,71875;92,0625;-105,5625;120,1875;-28,5625;46,21875;-97,40625;21,09375;-259,6875;-128,84375;-127,34375;-130,46875;-76,875;-131;-84,375;-32,75;-204,40625;-273,90625;-33,59375;25,53125;-111,65625;-141,15625;-69,3125;-88,125;-128,875;-89,21875;-170,3125;-42,375;-24,34375;-51,71875;167,96875;-45,59375;-14,9375;154,78125;46;-132,5;243,96875;-53,53125;-223,5625;12,3125;41,46875;-57,5625;-279,71875;-35,5;104,6875;-336;-195,9375;-217,8125;-92,125;-10,59375;141,15625;-45,84375;-188,34375;-230,8125;-27,46875;-36,25;-230,25;-235,8125;-68,96875;-75,0625;-42,40625;7,0625;-176,8125;-280,59375;-55,53125;13,71875;14,28125;-244,59375;-73,21875;60,125;-99;-241,78125;-218,28125;-227,3125;61,625;-11,03125;-317,625;-101,65625;-176,21875;-286,21875;-131,375;-43,46875;-210,03125;-40,8125;16,03125;123,1875;19,71875;54,46875;-155,25;-86,59375;148;105,40625;-53,1875;135,78125;112,4375;61,1875;20,21875;12,375;-101,53125;146,53125;97,875;144,15625;177,8125;324,5;40,6875;178,5;188,15625;114,46875;184,96875;259;364,53125;235,90625;320,5625;276,46875;366,5625;247,125;357,59375;444;36;537,9375;410,75;478,9375;391,34375;457,875;527,84375;-1,34375;-292,4375;19,3125;657,1875;137,40625;414,25;484,6875;542,59375;395,46875;968,375;471,46875;-1991,03125;-0,59375;720;-66,3125;336,6875;498,5625;150,28125;41,25;428,53125;25,03125;255,6875;-869,46875;226,125;69,28125;142,125;122,0625;221,9375;-133,34375;205,84375;105,03125;
-44,78125;6,65625;190,53125;103,9375;52,25;-79,90625;20,8125;-125,9375;62,34375;200,59375;250,71875;-48,3125;393,375;59,625;85,9375;-148,5625;-52,21875;-86,90625;306;24,8125;155,96875;122,84375;169,09375;35,3125;18,75;43,25;291,6875;0,40625;172,34375;-9,28125;4,34375;-56;-60,71875;-113,875;73,71875;-20,40625;186,34375;233,65625;62,59375;155,40625;97,96875;37,1875;107,59375;46,09375;95,375;143,0625;98,59375;162,625;86,6875;-32,21875;136,0625;317,34375;48,6875;131,375;180,96875;2,875;143,15625;2,46875;-87,28125;30,40625;-75,65625;-71,71875;19,75;-94,40625;60,625;78,03125;-77,75;254,6875;-177,59375;-58,28125;96,59375;61,375;-270,40625;-246,65625;-83,21875;44,1875;129,90625;-18,9375;5,625;-135,4375;191,40625;256,5625;98,125;35,59375;-8,375;19,125;102,5;188,625;-6,78125;40,90625;15,71875;-153,21875;84,21875;42,09375;-13,53125;96,71875;-80,0625;-7,46875;31,53125;-54,875;-205,78125;32,40625;-119,8125;-78,6875;55,5;-60,90625;39,84375;100,6875;123,15625;317,6875;148,28125;300,125;321,40625;310,09375;159,5;135,5625;63,875;-4,9375;345,53125;53;134,625;128,46875;354,875;185,8125;317,40625;179;245,71875;170,1875;279,4375;-42,1875;149,875;84,46875;314,28125;208,09375;116,09375;53,40625;407,21875;78,1875;234,1875;0,53125;178,625;155,375;109,875;293;131,28125;-1,71875;183,5625;227,09375;153,90625;302,4375;-32,09375;323,96875;84;-113,8125;-2,96875;69,46875;-0,5;100,0625;-152,53125;-34,90625;-98,0625;102,625;454,96875;123,96875;51,65625;22,125;186,8125;-12,53125;102,3125;74,84375;-38,3125;94,96875;-58;39,96875;14,84375;-22,8125;25,5;11,25;-46,25;45,8125;-144,65625;116,03125;22,5625;76,21875;223,4375;6,0625;77,375;18,6875;165,25;136,75;37,96875;65,53125;-41,0625;172,3125;120,625;226,8125;-54,03125;32,125;68,1875;15,4375;201,375;127,5625;32,03125;202,625;117,0625;202,3125;54,96875;49,6875;-116,40625;-27,59375;58,96875;-23,59375;-107,375;98,59375;-68,96875;-19,34375;128,875;91,9375;-44,0625;-131,6875;11,9375;-23,65625;-46,84375;-95,625;37,1875;30,40625;-180,25;88,90625;188,3125;127,96875;-161,25;78,21875;-92,125;6,96875;194,625;-190,40625;-304,09375;-7,15625;-56,34375;-54,375;-16,28125;159,6875;36,8125;207,03125;167,53125;-5,90625;23,21875;1,3125;160,09375;-0,75;98,625;106,90625;155;-126,15625;106,5;230,15625;245,28125;282,5625;313,21875;173,4375;186,09375;342,28125;369,90625;238,53125;271,125;269,40625;300,71875;311,25;441,03125;340,71875;396,875;448,78125;453,9375;335,8125;573,125;229,1875;338,1875;431,8125;100,65625;382,9375;665,21875;499,71875;594,90625;-64,46875;662,5625;590,53125;658,28125;179,375;705,84375;240,0625;632,90625;590,6875;553,0625;-28,21875;502,3125;284,75;448,3125;167,125;42,40625;32,3125;4043,1875;33,34375;376,0625;279,5625;453,71875;336,09375;98,3125;478,09375;275,71875;75,15625;299,71875;-30,375;-189,90625;397,59375;238;58;236,53125;218,46875;152,5;-72,0625;
-60,5625;-42,15625;289,96875;10,65625;107,84375;81,21875;171,75;-0,40625;9,3125;-109,65625;103,78125;206,46875;-35,4375;-275;17,71875;-83,875;60,34375;-191,40625;-113,40625;-114,5;-1034,125;179,875;-4,5625;32,3125;-145,09375;59,5;-311,15625;-105,96875;-189,84375;-219,84375;-254,15625;39,25;1,84375;178,40625;-161,625;-105,65625;81,25;104,4375;-46,90625;104,71875;-59,28125;1,28125;0,90625;-62,40625;92,1875;-15,40625;133,375;11,03125;-140,625;-36,875;98,125;126,40625;91,96875;18,09375;145,125;17,96875;126,40625;-132,71875;201,46875;-136,0625;74,84375;-49,1875;-40,15625;-3,34375;-11,625;-132,84375;-203,53125;-209,15625;-213,875;-68,25;-350,375;-158,40625;-35,5;-78,09375;-94,21875;-85,46875;-101,21875;4,59375;-69,90625;-47,15625;14,46875;122,21875;-59,9375;57,6875;-25,84375;-143,3125;141,53125;17,1875;-37,3125;-18,6875;-415;-162,09375;-102,90625;-194,03125;-170,59375;-0,25;2,59375;25,5;-234,5;119,375;-5,3125;-149,09375;83,15625;-91,875;-96,71875;37;129,1875;34,28125;-0,0625;149,28125;187,75;-62,9375;257,4375;199,59375;173,59375;149,8125;214,3125;149,625;-81,28125;66,4375;55,4375;67,46875;225,375;259,09375;183,125;224,5;237,40625;-15,6875;58,34375;128,21875;369,09375;223,46875;281,5;80,65625;289,5625;228,09375;280,84375;18,6875;-120,5625;96,40625;66,5;21,875;201,5625;133,1875;111,46875;288,15625;141,59375;121,40625;-55,3125;132,6875;98,5;135,125;202,46875;-126,625;75,4375;-7,40625;102,0625;102,3125;-129,375;20;67,0625;79,84375;-113;110,3125;78,46875;43,8125;15,9375;46,53125;-72,6875;84,84375;73,375;-96,4375;-219,96875;-275,09375;-239,15625;-125,09375;-57,75;-136,53125;31,96875;-80,6875;201,875;-6,1875;-71,46875;-82,15625;-78,78125;-85;58,5625;-34,125;-57,46875;-118,53125;-47,40625;-91,34375;161,71875;-39,8125;150,78125;209,90625;127,25;101,21875;-151,96875;47,8125;40,875;32,21875;-86;86,8125;-17,65625;-92,15625;-165,46875;159,15625;-138,4375;-169,8125;-53,0625;-64,40625;-25,0625;72,03125;114,625;-181,9375;4,90625;248,21875;-172,125;-68,03125;-104,84375;-83,3125;-90,90625;2;-287,625;-107,3125;-122,5;139,125;-16,34375;77,5;-113,78125;-114,8125;-105,90625;98,0625;8,625;-117,21875;61,09375;-148,9375;-58,03125;-50,15625;-26,75;80,125;11,625;21,1875;58,25;-49,78125;82,40625;81,40625;-217,53125;111,4375;9,3125;-11,84375;-0,5625;147,875;42,5;103,375;248,46875;122,78125;-69,96875;27,8125;97,09375;105,5625;46,46875;277,28125;258,65625;-410,4375;446,5625;-61,53125;220,28125;189,125;174,28125;350,34375;411,71875;216,875;422,15625;267,1875;489,03125;212,53125;283,75;474,71875;361,96875;432,875;369,53125;428,625;244,40625;159,625;698,90625;234,90625;495,0625;445,40625;-94,375;-108,09375;661,78125;452,625;563,96875;290,46875;486;264,25;388,75;-0,875;-918,90625;253,09375;2937,90625;16,5625;372,53125;-78,8125;519,5;244,46875;243,625;345,25;266,71875;176,25;-23,5;449,6875;-517,84375;156,625;-107,96875;336,25;-1390,90625;67,9375;
187,0625;176,03125;53,0625;-1505,71875;-106,5625;161,1875;49,0625;133,34375;155,03125;-124,78125;190,78125;-83,125;-128,78125;283,625;93,96875;-105,90625;-77,59375;-38,71875;8,125;-131,75;-37,96875;328;193,5625;-136,65625;-35,03125;-201,59375;31,5;-66,59375;-112,1875;-23,34375;-145,6875;-245,46875;25,84375;-91,28125;-53,28125;-50,40625;-35,1875;-146,1875;-148,625;-323,78125;-24,5;-4,53125;-43,125;-143;20,65625;-144,53125;135,15625;78,5;-201,96875;-92,21875;-53,90625;-156,53125;246,03125;17,71875;-335,9375;-204,5625;18,78125;-165,4375;268,78125;30,15625;-301,4375;-212,25;85,90625;-126,9375;-84,96875;-230,75;-393,84375;-264,0625;-207,15625;-232,90625;-91,96875;-27,75;-55,96875;-8,0625;-43,78125;-167,9375;-147,1875;-214,40625;81,6875;-54,625;-50;-41,25;-55,34375;73,5625;-140,625;-220,84375;58,75;-152;-241,71875;-102,96875;-164,8125;-39,8125;-342,6875;-140,125;51,8125;-45,75;-123,71875;-91,25;-102,5;-94,9375;3,375;-200,5;-162,6875;29,09375;-161,21875;-149,1875;134,90625;174,34375;4,125;232,28125;112,15625;37,46875;-0,34375;-26,625;127,71875;-67,59375;119,78125;-14,71875;-197,375;8,3125;63,1875;0,03125;125,71875;55,09375;-130,21875;113,34375;-30,5625;192,125;111,6875;-35,09375;17,875;281,28125;178,40625;154,75;367,34375;54,625;61,6875;-181,6875;-11,90625;-33,625;141,15625;19,4375;-44,90625;-191,65625;16,40625;-64,25;97,5;146,96875;86,125;65,34375;-139,40625;0,0625;221,6875;-140,8125;-129,3125;-29,78125;-113,03125;-100,34375;-103,625;-19,125;56,5;87,625;52,46875;-70,375;92,09375;86,25;12,5;-14,25;148,03125;-112,28125;58,0625;-97,96875;-77,71875;-124,34375;-103,53125;-182,09375;26,71875;101,75;12,125;-94,28125;-141,5;-138,84375;-82,5625;-276,625;-176,59375;-91,03125;-96,46875;-112,6875;31,5;139,78125;-0,34375;39,625;-118,4375;-69,21875;-33,875;-156,4375;140,125;-194,59375;48,8125;-147,65625;60,90625;-128,96875;121,78125;-388,59375;-28;-250,65625;-58,65625;-115,71875;88,125;-4,96875;86,75;-13,0625;-121,90625;-74,15625;-205,875;-56,09375;-22,375;-19,21875;107,21875;-162,375;-62,90625;-56,9375;72,8125;-32,09375;-65,46875;-50,59375;-52,65625;-80,25;-173,75;-89,09375;-33,78125;-0,28125;-53,40625;-176,9375;-33,9375;55,53125;8,40625;-309,59375;3,71875;-34,78125;-31,4375;-176,78125;98;47,78125;-30,875;-109,40625;-84,96875;112,9375;42,84375;-128,09375;-177,96875;79,75;-111,6875;41,1875;-53;152,96875;106,90625;60,65625;-13,59375;-129,625;-11,78125;91,4375;126,59375;42,5625;180,625;179,25;42,25;50,40625;195,59375;11,59375;311,09375;35,8125;314,375;223,90625;312,25;334,9375;332,125;436,65625;338,03125;328,03125;369,5625;96,03125;463,78125;385,3125;299,25;291,1875;408,71875;38,21875;406,59375;219,53125;2796,15625;234,78125;54,53125;162,28125;356,75;-97,21875;343,125;-11,09375;560,0625;405,40625;307,53125;437,375;252,59375;307,125;188,78125;628,28125;119,71875;482,28125;77,46875;20,25;114,75;68,4375;2508,0625;-7,96875;37,25;-106,03125;-2367,125;425,25;136,28125;11,84375;
225,0625;48,03125;269,75;175,375;-111,8125;-30,09375;352,71875;-16,03125;-196,9375;-176,59375;-70,9375;20,0625;-117,90625;-240,25;-177,6875;-276,1875;-73,53125;-414,46875;-128,84375;-147,40625;-181,34375;-246,625;-135,65625;-17,3125;-231,125;-28,09375;-34,0625;-225,1875;-242,78125;-87,65625;-62,6875;-139,34375;-191,34375;-191,375;-0,125;-142,0625;-149,3125;-105,9375;-115,15625;-410,625;-275,34375;-145,625;-82,375;-158,6875;-132,0625;-105,1875;-106,28125;-140,59375;-138,25;-74,5625;-151,5;-236,25;-279;-179,4375;-39,1875;-178,21875;-131,5;-172,4375;-111,125;7,21875;-234,21875;-286,8125;-152,09375;-68,4375;-288,46875;-103,09375;-130,40625;-280,875;-159,34375;-352,09375;-133,53125;-183,625;-200,34375;3,25;-100,40625;-3,6875;-130,625;-361,1875;5,21875;66,75;-47,15625;-170,09375;-193,6875;-103,3125;73,4375;-3,6875;29,375;-219,75;-19,71875;-37,5625;-187,59375;-212,125;-24,4375;-74,71875;-112,75;-168,59375;-130,21875;-208,28125;-127,84375;-48,875;-95,03125;-283,1875;-371,71875;-298,5625;-238,09375;-41,0625;71,125;-130,875;-28,40625;127,46875;40,5625;-89,75;12,21875;0,46875;9,53125;23,59375;15,875;263,09375;-97;58,90625;-46,75;133,34375;143,65625;30,375;219,84375;69,4375;154,4375;130,6875;240,3125;185,5625;172,9375;31,65625;48,96875;123,75;-46,71875;72,6875;65,96875;-68,28125;96,1875;-332,21875;-325,9375;-68,4375;22,40625;68,46875;-104,15625;72,75;12,65625;104,34375;157,375;109,46875;148,71875;85,78125;11,59375;-135,96875;-95,46875;38,1875;-28,78125;-198,90625;-83,53125;30,125;-62,34375;-127,4375;53,1875;-32,875;-63,8125;-37,375;-194,34375;-158,78125;6,71875;-26,40625;-80,46875;-204,9375;-24,78125;-83,625;-192,625;-93;-192,3125;-127,09375;-120,59375;-74,40625;-105,34375;-53,59375;-69,46875;-106,9375;11;4,09375;-181,03125;16,28125;-97,28125;-290,53125;-115,8125;0,8125;-13,25;-157,125;99,78125;-36,09375;-80,34375;-359,5625;-60,9375;-70,90625;-35,5625;-106,90625;-39,34375;30,28125;-21,4375;-218,6875;-73,90625;77,34375;-44,6875;-57,6875;-169,1875;-194,09375;-144,5;-176,875;-37,6875;-118,09375;-20,34375;-57,4375;-72,875;-162,09375;72,1875;-267,875;-162,21875;-149,6875;-313,9375;-194,65625;-280,125;115,5;-103,5625;-224,28125;73,28125;-14,1875;-85,65625;-218,625;-194,15625;-15,0625;-57,21875;-173,90625;-142,28125;-102,625;-98,34375;-102,65625;-112,34375;-28,25;-203,53125;-217,15625;129,375;-41,0625;-61,46875;-31,375;59,375;-131,125;-112,09375;-7,875;196,6875;76,71875;144,5;-68,5625;221,40625;173,59375;37,4375;47,21875;178;-38,5;5,0625;73,96875;292,34375;118,1875;20,0625;231,59375;151,34375;59,875;166,21875;29,34375;215,0625;63,46875;333,40625;345,5625;192,5;14;-36,125;148,46875;131,0625;308,03125;218,21875;515,875;294,625;9,71875;335,03125;259,375;293,8125;286,4375;-71,21875;491,34375;566,3125;495,71875;572,15625;476,15625;611,71875;295,03125;-15,71875;552,71875;175,03125;487,5625;76,0625;47,34375;150,34375;397,4375;336,90625;437,25;87,6875;276,21875;-139,125;30,78125;182,4375;-161,5625;-855,96875;617,8125;218,78125;0,5625;
-17,71875;89,15625;186,3125;-26,09375;-242,15625;-6,5625;-155,21875;-98,34375;-4,21875;-110,09375;-52,09375;-62,84375;-146,59375;127,84375;-17,25;12,09375;53,5625;-95,5625;-131,53125;-18,15625;-136,75;-58,78125;25,53125;-19,9375;27,65625;35,78125;87,8125;-90,21875;-87,9375;-49,28125;-186,71875;-86,59375;92,0625;-32,5;-209,8125;-152,625;22,1875;-51,9375;71,90625;-15,84375;-44,6875;-158,15625;7,53125;28,875;49,375;-5,90625;219,34375;25,5;-40,46875;-148,34375;7,25;-43,90625;-231,5;-71,125;-106,875;47,90625;-37,28125;-172,5;-49,8125;79,0625;-78,71875;-181;-66,1875;-51,34375;-103,96875;98,03125;-238,40625;223,96875;-24,75;-215,8125;-240,84375;33,25;-141,59375;80,71875;-100,0625;-124,96875;-195,0625;-27,40625;-210,84375;-116,40625;-187,40625;-105;75,28125;61,46875;184,3125;172,15625;11,6875;-13,9375;-73,34375;-234,4375;92,09375;-127,5;-233,84375;-187,8125;11,6875;-168,09375;28,9375;18;-25,6875;-117,8125;-107,65625;-300,96875;56,875;102,28125;-93,5;-5,40625;-99,65625;71,28125;42,5;145,78125;229,75;314;107,75;61,84375;-18;18,46875;88,375;-19,5;89,78125;-80,84375;42,53125;145,9375;225,46875;92,8125;317,25;377,25;395,8125;165,3125;231,125;328,375;136,75;325,28125;-2,40625;292,53125;4,1875;123,8125;98,40625;14,21875;-118;-37,96875;131,375;165,96875;-112,8125;175,4375;108,125;83,8125;197,34375;183,3125;-37,78125;152,1875;-17,5625;-30,125;66,15625;63,9375;95,15625;100,25;12,71875;39,0625;-177,75;-83,34375;3,3125;121,65625;4,75;-107,375;8,53125;55,96875;-71,875;2,1875;60,53125;85,96875;95,84375;-10,46875;39,8125;55,28125;14,875;100,3125;30,40625;-13,3125;-8,875;45,3125;-42,21875;150,9375;-43,96875;-7,96875;-58,5625;101,8125;-93,6875;-55,46875;-74,3125;20,34375;182,09375;4,03125;278,71875;27,1875;121,21875;293,9375;28,59375;77,65625;87,4375;50,1875;144,34375;138,75;-98,125;81,5;-71,34375;-129;-6,3125;45,21875;108,125;-161,6875;79,28125;145,90625;-79,71875;123,75;173,21875;104,9375;129,46875;-38,90625;47,6875;-21,09375;-68,90625;-57,15625;-42,71875;34,71875;-111,8125;-79,71875;34,875;193,84375;-46,84375;5,53125;92,65625;40,40625;37,8125;-149,9375;-29,78125;93,5;7,3125;219,90625;171,03125;-7,4375;140,65625;196,21875;8,75;138,625;187,40625;179,75;-175,375;173,25;-26,875;104,9375;-53,15625;197,6875;150,65625;206,0625;217,65625;138,21875;236,4375;275,25;197,03125;207,8125;-164,03125;79,96875;-16,0625;337,71875;192,625;133;224,09375;315,90625;258,40625;381,53125;391,25;473,46875;297,25;133,375;263,46875;46,25;269,25;305,0625;374,53125;287,15625;279,90625;353,0625;215,96875;130,09375;408,71875;439,0625;486,34375;235,6875;-26,75;371,40625;307,6875;347,96875;247,40625;418,21875;51,65625;1597,5625;373,65625;128,1875;120,71875;625,28125;510,78125;289,84375;11,0625;-36,4375;-209,5625;357,65625;-141,53125;107,59375;217,03125;289,40625;82,84375;465,75;94,125;517;206,40625;311,84375;-2281,6875;248,09375;223,28125;73,90625;
125,59375;141,28125;-116,84375;229,4375;39,0625;-14,8125;-279,5625;-429,6875;-275,25;-99,15625;-123,625;-182,8125;-36,09375;-180,9375;-152,875;-124,71875;-9,09375;-105,5;-26,71875;-162,40625;-162,34375;-100,5;-44,125;-247,78125;-169,65625;-289,875;-131,40625;13,1875;103,1875;-92,46875;-137,1875;-306,21875;-222,21875;-58,4375;43,625;-77,34375;-31,96875;-96,96875;-30,1875;-240,34375;-114,75;9,84375;-58,6875;-253,28125;-175,09375;-69,65625;54,4375;-144,03125;-95,3125;-24,375;30,5;-67,34375;-49,15625;-23,9375;59,125;-270,53125;-108,625;-43,125;-92,65625;-347,03125;-280,375;-229,0625;-191,34375;-272,5;-329,71875;-135,46875;-317,03125;-218,40625;-174,40625;-189,25;3,53125;-128,0625;-49,625;-232,625;-212,53125;-327,9375;-103,1875;-338,15625;-175,4375;-324,34375;-173,90625;-119,1875;-248,5;2,375;-163,59375;-11,03125;-230,03125;-111,90625;-262,5;-61,71875;-88,15625;-129,375;9,96875;-222,0625;-205,28125;-106,65625;-162,6875;-82,75;-365,1875;-399,28125;-191,0625;-160,0625;-27,375;-46,96875;-12,15625;-50,65625;-147,6875;-101,53125;-25,875;-98,875;78,28125;51,0625;-59,4375;64,15625;110,5;18;114,34375;-5,15625;-22,90625;-145,6875;211,65625;51,03125;-32,34375;257,40625;-120,53125;6,3125;129,40625;274,15625;199,5625;191,84375;274,875;130,59375;137,96875;-81,875;181,09375;-109,8125;69,6875;-74,03125;-38,1875;187,90625;-31,5625;8,96875;-129,0625;-35;-84,25;-94,375;-110,375;219,46875;169,21875;-23,03125;2,03125;-353,53125;-131,5;-26,34375;-159,96875;-150,03125;-190,5;-232,78125;-50;-183,46875;-15,8125;90,125;-92,1875;-74,375;-286,59375;-46,5;-110,46875;-144,03125;-235,5;-143,75;-205,90625;-24,8125;-276,90625;-308,28125;-207,96875;-268,65625;-194,28125;-59,75;-139,875;-10,90625;-189,65625;-147,15625;-238;-113,3125;37,65625;-204,9375;-342,9375;-297,25;20,75;-24,28125;-300,78125;-272,8125;-44;23,78125;-32,75;-65,9375;-92,8125;61,25;-42,5;-173,3125;-235,90625;114,59375;-161,09375;-185,90625;-110,1875;-143,78125;-151,0625;-151,90625;-195,09375;-61,90625;31,6875;-159,78125;-263,78125;-184,78125;-90,9375;-326,59375;-14,59375;-50,6875;-51,21875;-5,8125;3,34375;-111,25;-30,90625;-36,09375;-249,625;-54,40625;-93,8125;-273,53125;-212,125;-148,25;-173,78125;-72,5;-197,9375;-215,875;43,0625;-82,71875;-317,34375;-103,5625;-213,25;-92,6875;-62,78125;-84,21875;-207,03125;-47,25;-148,1875;-27,53125;41,78125;-53,28125;-95,96875;37,4375;-39,71875;69,0625;160,125;5,8125;39,375;143,125;15,8125;48,875;-221,125;-33,8125;-12,71875;100;11,90625;83,8125;5,8125;298,75;180,15625;183,75;109,625;373,71875;146,78125;27,65625;-7,96875;113;94,28125;103,21875;36;167,09375;319,46875;194,8125;173,9375;225,84375;64,5;-39,8125;265,5625;617,09375;73,78125;430,71875;397,21875;291,25;309,40625;171,96875;337,90625;263,34375;364,71875;-125,78125;394,09375;583,03125;-105,5;-156,78125;441,21875;309,1875;1203,3125;-50,03125;110,4375;12,78125;3475,96875;2499,03125;189,1875;255,09375;35,375;15,46875;-57,40625;173,625;164,5;44,84375;499,96875;-88,34375;-85,96875;165,25;
55,53125;-0,9375;39,96875;-258,125;6,34375;-90,90625;156,375;-94,4375;354,5;134,4375;18,25;-108,0625;-25,1875;122,6875;184,9375;-289,5625;-11,8125;-62,625;-80,8125;-120,21875;-17,375;35,34375;-143,59375;-18,9375;-33,28125;-94,375;18,1875;35,03125;-45,0625;34,25;-100,75;-61,4375;-22,5625;-58,5;-102,21875;-50,375;-100,4375;-73,03125;46,78125;-195,5625;-29,75;-95,34375;-53,125;-123,90625;-134,5625;-123,25;-48,28125;-55,34375;-99,03125;-54,25;-83,96875;-147,0625;107,0625;69,03125;-89,53125;119,28125;-171,875;-149,8125;144,0625;-48,90625;-121,28125;-69,59375;-76,0625;-122,1875;150,875;-179,09375;3,71875;-39,5;-107,625;-158,25;-52,375;-21,15625;-55,96875;-158,5625;-122,6875;136,28125;55,21875;106,875;-249,875;193,1875;-7,3125;58,34375;44,40625;174,21875;-171,625;-35,1875;-57,375;-37,71875;50,25;-86,3125;-217,78125;57,84375;-209,4375;6,9375;118,9375;16,59375;111,5;-37,53125;59,65625;67,34375;-55,5625;-33,96875;-332,125;-154,9375;16,78125;-143,09375;44,46875;71,03125;174,71875;97,375;74,84375;-105;-39,34375;118,03125;281,15625;-16,15625;258,1875;-90,65625;135,53125;156,15625;211,90625;-73,125;366,0625;181,6875;173,75;287,125;296,03125;463,25;112,5;357,71875;361,5625;338,5;183,09375;280,34375;0,3125;52,0625;207,4375;31,09375;83,96875;-115,53125;61,09375;151,78125;-182,59375;130,1875;72,125;97,75;-14,71875;49,71875;97,0625;201,21875;-13;33,96875;133,25;-134,1875;148,46875;13,25;125,15625;178,75;134,53125;36,75;74,46875;29,6875;163,125;-27,125;-22,1875;180,59375;59,90625;184,21875;10,75;0,0625;-0,28125;-70,375;-36,78125;-102,0625;-78,03125;11;125,78125;208,84375;-90,84375;-90,0625;-60;111,90625;-162,40625;229,21875;15,15625;-76,46875;154,6875;135,46875;108,28125;5,78125;-38,28125;10,84375;-38,09375;38,9375;-9,84375;125,59375;0,53125;158,3125;164,59375;83,78125;-17,90625;89,46875;46,15625;39,90625;140,5625;42,03125;134,4375;-16,03125;-91,59375;66,03125;130,125;6,34375;33,59375;152,75;147,3125;-155,46875;133,0625;-33,75;-131,65625;-10,96875;-47,8125;-137,53125;1,46875;68,59375;-47,46875;-50,34375;-2,34375;169,5;-71,15625;30,5625;-127,875;16,40625;52;-7,375;27,0625;-88,25;41,15625;-72,46875;11,5;70,28125;147,34375;-30,1875;58,96875;33,4375;-144,09375;93,4375;62,1875;75,5;345;60;326,59375;301,8125;24,375;-165,28125;-60,375;80,1875;-17,21875;-69,65625;22,4375;234,25;32,46875;-55,28125;83,0625;161,625;70,375;69,65625;109,78125;102,625;171,71875;131,625;221,4375;200,03125;277,1875;362,46875;413,03125;319,28125;153,59375;277,5625;322,5625;214,75;404,625;345,65625;249,875;508,96875;536,5;-1489,34375;430;364,28125;438,78125;215,28125;432,78125;439,21875;118,1875;440,3125;71;463,9375;-161,15625;511,53125;232,46875;279,625;287,96875;409,75;283,1875;211,75;318,28125;345,53125;85,6875;175,96875;359,4375;-71,15625;333,25;369,625;36,125;309,28125;103,21875;339,5625;176,625;475,3125;99,375;2373,25;
-111,40625;-303,28125;-180,78125;82,1875;-92,15625;-235,03125;-102,34375;-99,59375;-204,25;-235,21875;-90,625;-337,03125;-29,28125;-103,0625;-64,25;-177,28125;-220,71875;-137,125;-44,4375;-254,96875;-186,03125;388,71875;-223,9375;-155,03125;-158,625;-174,1875;-267,9375;-142,59375;-201,71875;-182,21875;-255,5;-145,53125;-267,78125;-194,75;-131,21875;-291,375;-181,75;-83,6875;2,625;-258,65625;-88,8125;93,1875;6,6875;-68,1875;-250,625;-198,90625;-88,125;-242,75;16,46875;-146,9375;-211,09375;55,5;36,96875;-244,53125;-115,625;-259,15625;7,84375;-394,65625;-69,15625;-173,125;-358,34375;-286,03125;-131;-418,125;-156,8125;-154,03125;-213,5625;-150,21875;9,6875;-286,28125;57,46875;-103,15625;-106,40625;-35,59375;-347,125;-260,28125;-38,03125;-160,90625;-301,0625;-13,96875;-342,09375;-187,5625;-62,6875;-79,5625;-185,8125;-279,3125;-50,40625;-253,71875;-355,59375;-98,15625;-13,96875;-231,90625;-380,34375;31,78125;-140,90625;-216,65625;-39,46875;-257,6875;25,4375;-123,6875;-223,59375;-224,09375;-134,5625;-22,90625;-256,25;-76,09375;-200,5625;-40,0625;180;59,90625;36,03125;-71,59375;21,125;-106,28125;-138,90625;-14,3125;-184,40625;-220;93,84375;44,46875;-34,25;73,84375;37,0625;171,9375;104,875;140,1875;260,96875;120,125;157,8125;81,53125;212,40625;216,75;126,9375;191,0625;-89,125;33,09375;38,34375;68,90625;-193;20,78125;-212,75;-238,3125;35,65625;-188,03125;-70,65625;-20,8125;-179,28125;141,71875;-66,40625;-173;4,21875;-280,3125;-91,03125;-129,5;-61,9375;-102,03125;-48,03125;-186,25;-213,65625;-387,8125;22,6875;-273;-63,1875;-9,65625;-5,84375;-163,65625;74,875;-202,90625;-228,53125;-125,65625;-120,09375;-4,0625;-204,71875;-64,59375;-443,90625;-337,65625;-131,1875;-300,84375;-253,40625;-305,25;-202,75;-1,375;-311,90625;-24,625;-188,46875;-129,3125;-202,21875;-127,125;-180,875;-31,4375;-317,375;-20,0625;-106,71875;-23,03125;-88,21875;-347,40625;-113,15625;-133,59375;10,21875;24,25;62,6875;-221,96875;102,875;-78,125;-300,15625;-118,65625;-57,46875;-49,46875;-36,8125;-71,09375;-228,46875;43,125;19,3125;116,9375;-114,53125;-272,09375;75,78125;65,71875;-395,65625;-141,59375;-102,28125;-124,5625;-60,59375;-285,5;-292,03125;-175,90625;-133,0625;-94,0625;-227,0625;-191,65625;-261,0625;-371,5;-214,65625;-255,71875;41,875;-325,84375;-297,625;-240,21875;-130,5625;-95,65625;-201,28125;-140,46875;-238,75;63,03125;9,25;-65,84375;-16,375;-300,125;-46,21875;-97,46875;-233,5625;11,34375;-196,21875;-69,1875;-171,71875;-60,875;-51,59375;39,9375;37,09375;-75,125;59,6875;237,65625;61;94,21875;84;-92,09375;-55,90625;-97,75;-75,34375;82,5625;-9,75;-1,125;-40,90625;243,78125;20,5625;124,84375;56,96875;58,21875;225,1875;-95,6875;78,09375;-18,15625;255,53125;67,65625;227,875;43,4375;159,34375;134,1875;363,75;160,28125;335,53125;214,46875;345,78125;104,75;290,125;-197,96875;226,34375;64,25;251,3125;178,21875;225,25;363,34375;-150,90625;-480,1875;220,4375;315,6875;-90,21875;64,09375;-28,375;238,3125;-84,40625;51,1875;-43,71875;639,21875;-69,40625;-39;-66,625;30,625;207,90625;32,90625;
32,59375;270,28125;-77,46875;-149,34375;-136,03125;-57,03125;-281,9375;-68,34375;-148,1875;-131,3125;-39,28125;87,9375;-55,28125;-10,84375;3,96875;-165,96875;-122,625;-137,21875;-111,0625;7,71875;45,21875;116,5;-154,53125;-97,34375;125,375;-70,84375;-164,59375;-18,46875;86,5;2,8125;216,1875;-187,625;12,125;-297,0625;-97,875;-32,84375;7,65625;-42,96875;-92,78125;-10,71875;11,375;186,5625;151,4375;-29,15625;24,6875;64,15625;-73,125;-82,1875;-58,65625;-64,15625;35,03125;-56,09375;-152,0625;-83,53125;-128,15625;145,71875;-148,28125;-22,46875;-131,8125;-49,90625;64,0625;-249,625;-93,875;-78,46875;-224,875;-101,78125;-9,59375;56,34375;-114,40625;97,75;117,125;12,25;43,75;-206,25;-55,34375;-90,0625;-126,625;5,125;-57,46875;-20,96875;-131,71875;191,28125;-239,40625;-76,75;93,96875;7,875;-111,09375;54,3125;43,03125;-143;0,625;87,25;52,21875;-15,09375;-1,75;80,40625;-142,0625;38,8125;-49;84,34375;-41,21875;-192,75;84,53125;114,125;91,4375;-73,53125;-28,25;-19,3125;125,65625;216,0625;218,65625;94,46875;70,40625;119,96875;24,4375;-19,34375;-23,125;-92,34375;12,0625;156,65625;166,71875;262,4375;251,125;263,71875;202,84375;122,875;306,8125;439,1875;357,28125;355,65625;150,34375;220,4375;344,8125;186,8125;195,6875;195,6875;240,375;-7,28125;36,90625;172,75;129,0625;-114,09375;197,9375;-180,15625;151,34375;237,40625;-105,9375;130,90625;143,5625;216,59375;197,71875;224,125;123,0625;82,4375;53,59375;27,3125;125,75;181,46875;43,625;19,78125;71,46875;-80,25;97,6875;-28,65625;43,21875;23,25;-76,375;94,46875;-182,9375;93;-26,1875;-32,53125;-191,34375;-102,65625;-9,96875;-262,3125;207,4375;56,65625;-85,125;-83,40625;-99,84375;-69,84375;4,40625;88,25;156,3125;92,65625;-85,125;-171,5;76,53125;-4,5625;-37,46875;35,4375;-5,5;-74,40625;170,65625;161,96875;161,5;158,84375;128,125;67,15625;79,15625;168,46875;-22,21875;222,375;43,96875;203,3125;51,4375;-134,5;118,8125;-17,59375;252,34375;-46,90625;285,21875;217,53125;-1,6875;-48,25;-30,5;-47,28125;107,6875;-103,21875;-38,8125;93,84375;13,34375;65,5625;-154,1875;-79,96875;79;171,96875;119,96875;-83,59375;148,375;-58,78125;69,71875;-165,5;44,84375;15,84375;-49,75;161,09375;13,90625;51,6875;-283,15625;118,46875;176,96875;-16,5;141,59375;-133,125;-20,875;-76,4375;112,75;130,3125;-22,25;68,53125;251,1875;27,0625;65,125;65,875;89,5625;82,84375;1;68,34375;-12,875;-61,96875;-18,75;65,3125;35,8125;-9,65625;-38,40625;-114,375;304,53125;218,0625;91;306,6875;224,5;343,9375;187,09375;327,5625;63,84375;300,28125;170,6875;223,03125;388,28125;309,71875;260,1875;196,6875;213,5;471,53125;190,0625;258,53125;367,15625;377,5625;213,78125;156,1875;523;356,53125;247,21875;246,5;330;457,34375;345,53125;257,59375;439,15625;194;348,75;2741,90625;143,21875;755,5625;28,3125;323,40625;292,78125;261,4375;48,84375;159,875;469,75;-32,40625;110,5625;22,71875;1763,3125;185,59375;204,65625;-42,0625;
150,8125;23,125;-83,9375;50,03125;-169,21875;9,71875;-26,625;-90,90625;-311,625;370,375;-93,40625;161,15625;-200;-58,875;40,46875;-133,25;0,25;-65,9375;23,375;-32,3125;-329,96875;-148,84375;-56,15625;70,65625;-301,34375;-224,1875;-68,40625;68,40625;-106,78125;48,875;-133,375;69,90625;-34,53125;41,6875;182,875;-141,53125;-130,78125;24,375;-236,3125;-134,46875;-271,28125;-151,59375;22,375;-51,71875;-12,53125;140,0625;-179,0625;-128,28125;-202,375;48,71875;-43,09375;-137,625;-200,6875;27;-105,125;95,78125;-195,25;-5,21875;84,6875;-82,75;-120,03125;-160,59375;-6,25;-94,6875;-1,84375;-160,84375;-284,34375;117,8125;-55,03125;14,1875;-88,96875;-20,78125;34,4375;-14,4375;-164,625;-75,53125;-47,40625;-194,90625;-61,625;-101,96875;38,21875;-159,71875;47,1875;60,65625;-100,375;-166,71875;-125,78125;12,6875;53,03125;102,625;9;30,3125;202,5;23,40625;132,1875;272,09375;90,375;-63,9375;87,21875;147,84375;208,3125;-71,75;-111,625;-43,25;-35,34375;11,9375;68,96875;-8,375;157,875;267,15625;182,6875;231,375;189,8125;347,75;83,9375;12,28125;134,84375;28,125;112,75;263,8125;162,9375;256,625;154,96875;261,9375;255,1875;558,59375;311,9375;322,5;321,84375;94,90625;392,1875;291,8125;239,71875;303,46875;523,03125;449,9375;192,96875;114,1875;201,09375;292,15625;187,03125;12,375;220,0625;64,5625;170,75;361,75;187,84375;149,34375;-25;75,96875;219,15625;89,3125;46,96875;174,25;133,59375;44,34375;74,8125;32,25;139,75;2,5625;56,625;135,9375;60,90625;241,15625;341,9375;144,71875;159,1875;-159,3125;-155,15625;93,3125;93,21875;66,8125;-109,375;72,90625;-6,5;-128,21875;46,40625;252,40625;125,84375;159,65625;39,78125;340,71875;-44,25;-38,03125;-42,15625;-261,71875;-61,21875;41,0625;-43,59375;-230,09375;11,21875;189,5625;102;138,8125;258,78125;-53,84375;264,875;209,59375;146,21875;118,4375;-23,34375;315,53125;70,875;-70,3125;263,875;369,78125;126,375;-78,59375;55,90625;-10;-16,625;41,1875;-24,84375;93,0625;-223,125;152,25;219,15625;-120,6875;-3,53125;-186,25;-61,71875;29,84375;62,53125;247,65625;-95,53125;16,8125;-91,125;-128,59375;-146;-94,5;-118,1875;-132,0625;-89,9375;-64,9375;-41,15625;19,65625;-31,03125;-75,3125;71,78125;-80,96875;-29,03125;-436,5625;132,28125;49,46875;17,34375;-30,4375;5,96875;52,8125;8,21875;-119,5625;93,21875;-36,28125;-24,9375;-80,78125;12,25;105,625;-76,0625;31,125;31,5;82,46875;128,96875;154,34375;8,25;-5,3125;-118,84375;-128,34375;-71,65625;206,46875;243,34375;260,53125;-79,875;-57,15625;200,71875;166,84375;105,96875;81,28125;294;204,90625;181,15625;51,03125;289,9375;18,09375;219,28125;296,84375;226,375;108,84375;292,09375;132,25;127,5;222,90625;287,34375;405,96875;438,96875;490,46875;130,96875;-40,9375;81,40625;250,0625;217,71875;370,5625;-91,46875;252,46875;299,65625;-103,5;450,84375;-2106,25;405,90625;-336,0625;76,5625;144,75;-36,46875;269,28125;-24,46875;108,96875;-255,40625;3271,96875;-104,53125;-65,75;-505,3125;-149,21875;
167,0625;213;66;114,21875;23,0625;-25,375;-6,40625;151,5625;345;-42,34375;94,0625;129,84375;79,40625;179,59375;139,21875;-33,625;210,375;86,09375;221,40625;87,21875;-88,1875;19,84375;-64,90625;76,28125;-88,75;73,0625;159,90625;17,9375;96;136,90625;-76,125;117,28125;-25,65625;7,15625;28,65625;-96,1875;237,53125;140,25;157,125;191,34375;276,5;197,59375;103,125;107,78125;211,5;64,375;84,6875;93,71875;63,84375;-103,5625;200,59375;104,375;20,34375;-101,125;94,34375;72,8125;9,375;25,03125;-54,78125;113,875;150,1875;286,53125;154,6875;-34,46875;22,28125;-16;252,5625;17,84375;-18,375;326,09375;-9,90625;173,21875;173,375;30,96875;25,375;-46,90625;-139,0625;84,90625;-168,875;43,0625;19,71875;-207,65625;-125,59375;-131,40625;117,28125;226,9375;196,96875;3,375;62,375;-92,3125;154,5625;-86,34375;-83,03125;-8,5;243,75;136,84375;204,65625;81,375;382,8125;35,15625;188,15625;-25,0625;202,375;33,46875;319,65625;214,09375;273,6875;126,84375;248,3125;287,4375;395,25;368,5;243,46875;217,34375;205,71875;229,5625;346,53125;194,78125;108;75;303,5;109,21875;325,21875;283,125;474,34375;740,34375;547,4375;322;458,03125;352,9375;336,9375;471,0625;431,65625;454,375;192,03125;141,78125;476,21875;291,71875;414,9375;291,71875;254,21875;252,28125;202,03125;98,21875;131,84375;220,84375;194,25;355,21875;635,03125;284,4375;349,8125;352,5;137,90625;209,40625;282,46875;356,46875;189,09375;151,96875;288;416,71875;214,71875;130,84375;81,90625;-19,65625;269,5;327,40625;171,53125;171,21875;330,375;144,28125;118,78125;83,625;87,40625;198,34375;119,03125;111,3125;231,78125;107,59375;222,375;99,0625;215,75;-43,03125;-32,59375;256,875;98,0625;98,84375;90,28125;-32,3125;64,28125;98,03125;89;159,28125;358,53125;56,46875;350,4375;359,5;226,09375;166,15625;250,625;201,28125;293,625;111,03125;174,65625;198,59375;374,8125;132,40625;87,90625;51,53125;158,125;237,53125;267,5;148,03125;146,40625;168,375;321,5625;57,15625;209,40625;133,3125;99,5625;-40,21875;147,09375;53,40625;175,59375;21,71875;307,5625;159,1875;43,59375;225,34375;42,96875;66,84375;-112,53125;-94;197,09375;39,875;30,25;250,4375;185,1875;-158,75;-25,28125;-30,28125;79,46875;-337,65625;185,90625;-19,09375;-3,8125;-82,65625;81,375;171,75;128,53125;-132,65625;207,28125;69,34375;238,1875;121,21875;77,4375;182,3125;161,21875;65,125;198,09375;179,84375;190,8125;123,1875;172,09375;192,8125;326,21875;379,1875;141,03125;206,71875;179,4375;199,9375;173,09375;224,75;279,3125;148,53125;240;26,34375;270,84375;220,25;275,21875;278,09375;300,59375;306,1875;346,40625;226,9375;289,21875;256,5;393,25;315,96875;194,34375;408,96875;352,53125;249,65625;235,5625;347,90625;497,46875;429,65625;497,625;413,40625;23,46875;278,65625;410,1875;173,1875;470,46875;228,03125;551,4375;326,9375;235,78125;159,9375;353,1875;348,5625;198,21875;305,25;201,71875;200,875;39,5625;265,875;187,78125;375,21875;345,34375;154,71875;
-56,6875;-151,65625;-229,40625;-126,53125;-246,6875;-314,40625;-247,15625;-310,875;-127,5625;-400,46875;-313;-264,71875;-211,59375;-30,46875;-249,96875;-288,15625;-185,625;-134,4375;-130,1875;-2,625;-214,28125;-189,59375;-267,6875;-117,65625;-229,3125;-83,6875;-181,3125;-33,71875;-143,875;-229,15625;-324,71875;-489,625;23,03125;-139,59375;-90,65625;-121,21875;-205,40625;-111,875;-108,5625;-146,71875;-232,03125;-96,59375;-169,75;-76,28125;-238,21875;-168,46875;-253,84375;-290,6875;-186,59375;-252,21875;59,9375;-377,75;-85,125;-208,46875;-385,8125;-183,65625;-42,28125;-59;32,875;-121,96875;-235;2,25;-57,90625;16,65625;-211,9375;-312,15625;-170,90625;37,34375;-391,21875;-31,40625;-246,59375;-34,03125;-345,90625;-168,15625;-247,15625;-71,90625;-168,34375;-387,84375;-209,1875;-135,46875;-164,625;55,5;-243,90625;-134,65625;-414,125;-243,28125;-81,875;-136,875;-308,1875;-128,09375;-44,84375;-95,78125;-228,78125;-10,71875;-14,21875;-218,28125;-3,375;-69,15625;-92,78125;25,96875;135,90625;-123,5625;-236,625;-50,21875;-242,3125;-24,4375;16,3125;-80,65625;-197,03125;-71,9375;106,84375;294,5625;-15,65625;-328,96875;59,5;-129,96875;-187,53125;64,59375;-273,28125;67,25;49,25;89,0625;-66,03125;55,46875;17,0625;288,03125;96,4375;41,9375;144,03125;239,3125;275,125;143,1875;137,9375;343,46875;97,4375;318,5625;61,03125;239,28125;-54,5625;26,78125;144,125;-210,59375;-139,71875;-3,3125;28,375;183,84375;20,0625;78,0625;251,0625;192,34375;79,03125;-25,875;73,90625;136,25;14,96875;167,03125;64,9375;33,5;32,53125;6,40625;-171,25;2,71875;45,9375;-118,59375;-222,78125;-84,28125;115,875;54,65625;-59,4375;-181,5625;-281,25;53,65625;-38,9375;-66,28125;-168,8125;-205,3125;-81,25;-86,71875;-147,84375;-24,375;-173,34375;-102,96875;-106,46875;-46,09375;-28,40625;66,46875;-166,03125;-54,75;-26,6875;11,09375;3,78125;-65,46875;-172,96875;46,375;-78,46875;90,875;-23,09375;253,4375;125,40625;210,78125;-11,84375;215,125;-76,75;138,9375;-51,03125;-194,34375;-127,34375;-129,90625;35,375;-34,4375;-168,09375;-451,40625;-151,59375;99,8125;-189,03125;-145,5;-191,21875;-114,15625;-63,9375;158,6875;9,875;-86,625;-173,625;-159,78125;-39,03125;-259,625;-121,6875;-294,1875;-146,40625;-64,25;-41,625;-114,5625;-222,3125;-139,34375;-243,75;-236,78125;-77,78125;-206,9375;-171,4375;-174;-131,9375;-331,46875;-88,90625;20,15625;-195,96875;-182,59375;-181,53125;3;-71,90625;-417,65625;-203,6875;-299,25;-298;-158,625;-110,46875;53,21875;-42,34375;-165,46875;-167,4375;-69,65625;-25,28125;-41;-162,09375;-310,84375;-0,0625;39,59375;68,875;-123,46875;-58;-160,875;-72,96875;-5,25;-141,46875;-48,46875;53,59375;-5,90625;37,9375;-151;-142,40625;73,34375;142,8125;-82,40625;-201,59375;89,71875;273,125;-208,0625;208,96875;6,875;-71,1875;307,34375;66,40625;26,875;136,75;102,125;-233,9375;76,59375;96,84375;173,125;33,3125;132,3125;175,375;-249,15625;2,1875;71,53125;-165,34375;126,59375;179,8125;78,59375;-153,34375;662,15625;-181,15625;184,9375;86,25;-92,5625;-144;-176,53125;-92,25;-27,53125;158,28125;189,78125;
-178,9375;-170,03125;-321,4375;-167,15625;-153,0625;81,3125;32,09375;3,625;-18,03125;34,90625;-91,375;-55,625;-262,4375;-10,625;-323,78125;63,15625;-149,34375;-335,34375;7,59375;1,34375;-26,09375;-8,03125;-162,21875;-116,15625;-114,9375;-364,71875;-264,1875;-221,40625;-136,59375;-126,84375;-81,25;-70,5;-7,75;0,375;-1,40625;-94,28125;-194,09375;-130,125;-34,8125;-128,09375;0,25;-106,96875;-109,46875;-105,46875;-10,40625;-69,65625;-192,28125;52,125;-174,6875;-10,4375;185,6875;9,8125;-227,84375;114,28125;-250,125;-73,96875;-69,5625;33,6875;-177,34375;15,46875;-287,03125;-65,59375;-62,3125;-29,75;-225,78125;-160,59375;-104,71875;-165,90625;-145,625;-51,5;-291,4375;-301,4375;-144,40625;-145,53125;20,5;-78,4375;-105,5625;-52,8125;-54,78125;-125,125;121,875;-163,28125;-61,34375;-80,8125;-107,71875;28,21875;-62,25;-118,0625;-124,8125;-110,75;-49,34375;201,15625;-136,71875;229,28125;59,5625;-218,40625;-46,90625;-106,375;-114,96875;-233,59375;-96,96875;-29,28125;-15;29,09375;108,53125;-110,1875;27,84375;76,53125;123,25;78,75;164,5;154,84375;-57,46875;143,3125;-14,5;114,25;179,8125;-119;-147,53125;10,3125;-23,375;-9,09375;-45,03125;35,40625;295,4375;342,0625;272,59375;279,5;444,15625;253,34375;389,8125;445,5;364,75;443,03125;-20,03125;277,90625;283,0625;371;175,375;70,25;-13,96875;289,03125;198,5625;79,5625;276,1875;77,34375;119,28125;297,1875;171,8125;305,09375;282,84375;120,21875;118,65625;203,40625;2,9375;130,375;80,8125;11,5;34,28125;6,03125;-72,9375;-30,625;-29,34375;48,96875;-101,9375;150,84375;157,28125;-168,15625;-58,5;2,46875;-58,625;-107,8125;-133,15625;-113,40625;-163,59375;-73,78125;78,4375;127,03125;-185;210,21875;-81,03125;79,5;-157,34375;-83,71875;-69,875;-113,6875;50,0625;76,40625;-54,4375;17,15625;187,75;104,90625;138,46875;-31,03125;236,5;14,5625;-32,84375;89,375;-74,90625;100,5;0,25;177,1875;-64,21875;44,03125;70,125;-58,40625;-173,34375;7,4375;99,6875;17,5625;-122,0625;-163,625;-103,46875;-26,03125;20,3125;-1,25;-120;-238;-89,78125;-104,625;-35,28125;-116,84375;-54,90625;-25,75;-7,71875;-22,28125;-231,875;50,78125;-165,59375;-92,8125;-175,0625;-27,6875;-292,96875;-111,4375;-135,96875;-177,25;-17,03125;-94,625;22,09375;-174,8125;-238,65625;113,03125;-56,71875;-119,1875;-268,15625;-67,28125;19,65625;-13,4375;-236,125;-2,8125;-357,15625;97,625;1,1875;-33,34375;213,875;-70,3125;44,3125;-85,53125;8,28125;-3,5625;270,15625;-62,1875;28,03125;103,0625;-56,15625;99,15625;92,09375;134,375;178,8125;74,03125;91,4375;133,53125;-35,625;-122,59375;-26,96875;148,5625;-42,5;230,8125;197,5625;158,15625;155;211,125;171,84375;100,375;-27,1875;99,875;264;125,5625;181,9375;263,84375;292,03125;180,3125;138,53125;274;182;100,34375;162,78125;374,71875;250,21875;208,71875;38,15625;242,71875;411,90625;20,125;94,875;344,15625;187,34375;208,25;215,8125;-16,3125;-9,46875;242,5625;397,625;419,8125;84,59375;170;91,8125;212,25;246,375;9,8125;
1379,78125;-356,71875;-3,78125;81,96875;187,1875;160,46875;-55,84375;-152,1875;-206,96875;-138,375;-283,125;-59,34375;-197,96875;-51,75;110,5625;-47,8125;148,46875;-124,53125;-157,96875;-337,96875;-12,21875;-77,25;-24,0625;-30,625;78,09375;-177,71875;-77,6875;-54,34375;-100,5625;-166,46875;19,59375;169,46875;-220,875;186,03125;-197,90625;-62,5625;-148,46875;-173,15625;-84,65625;-94,125;-218,875;-317,3125;-132,90625;-192,0625;-4,84375;-115,90625;-83,03125;-28,4375;-153,15625;-216,625;-135,90625;-4,0625;-108,8125;-157,1875;-93,8125;-195,96875;-110,46875;-139,84375;3,21875;-117,6875;-246,78125;-149,46875;-239,59375;-275,34375;-34,3125;-79,125;-259,90625;-119,5625;-280,3125;-29,4375;-251,21875;-85,03125;-115;5,6875;-93,25;-102,8125;66,34375;-179,84375;-107,75;-69,28125;-84,78125;-240;-84,6875;-102;-102,8125;-34,75;-127,6875;-117,21875;-253,125;-75,875;-179,53125;-25,5625;-193,90625;-32,6875;3,125;-18,3125;80,96875;175,0625;146,40625;-270,875;-175,96875;59,15625;56,53125;-20,1875;-130,65625;6,0625;-66,625;69,375;-105,40625;43,5625;-50,65625;120,0625;-31,09375;-40,84375;100,90625;84,75;42,96875;32,125;-120,09375;-78,3125;-199,4375;-140,1875;5,375;24,40625;171,84375;302,90625;221,34375;90,71875;160,46875;343,21875;237,4375;345,375;134,25;275,84375;331,84375;153,21875;-20,21875;104,03125;301,4375;9,03125;-5,375;90,625;201,15625;61,625;47,96875;378,03125;414,25;216,3125;189,78125;226,78125;235,90625;21,21875;143,15625;113,875;248,25;150,5625;-137,9375;131,46875;-74,96875;-37,0625;-21,78125;114,53125;-20,40625;78,65625;6,25;-38,65625;-1,4375;146,21875;-8,90625;208,4375;-106;-92,15625;-207,75;139,46875;-47,65625;109,5;-84,21875;-153,65625;11,09375;-232,8125;-38,75;-292,03125;-67,15625;-262,75;-6,0625;-232,15625;-100,53125;-75,75;-140,9375;-4,59375;130,71875;78,46875;-70,84375;169,09375;225,59375;161,59375;43,4375;-18,03125;221,4375;223,625;27,875;220,4375;152,21875;-19,625;48,4375;-81,09375;87,375;-101,90625;30,875;-53,625;-259,625;-7,4375;-8,875;-89,34375;-96,9375;-136;-85,125;-264,375;-146,875;-207,0625;-49,90625;-34,4375;-182,96875;-110,40625;-140,59375;-42,78125;-163,90625;-68,28125;-24,4375;0,3125;-27,0625;-77,125;10,1875;-248,09375;79,40625;-367;27,84375;-5,28125;-180,9375;-77,5;-91;81,03125;9,875;-29,25;91,28125;-164,90625;-165,125;-174,75;-92,90625;-149,9375;104,28125;34,71875;-152,71875;28;-168,9375;-111,6875;-133,625;-103,84375;54,75;139,1875;-29,1875;41,21875;78,9375;-11,5625;65,03125;71,75;-146,1875;63,125;192,34375;92,25;81,75;119,5;14,78125;12,625;3,78125;-13,21875;63,84375;251,53125;34,78125;-9,78125;-106,34375;134,46875;130,875;-43,1875;136,9375;346,65625;198,15625;183,46875;108,28125;257,21875;67,625;113,0625;65,71875;34,21875;39,34375;241,9375;160,21875;144,28125;147,84375;171,46875;20,1875;261,75;160,5;-260,65625;169,75;182;105,59375;222,1875;240,96875;230,875;-35,84375;79,09375;166,59375;-60,65625;-2477,03125;382,5625;149,1875;-130,28125;-25,53125;90,21875;
-292,65625;-218,0625;8,1875;-208,21875;-211,6875;-66,5625;-80,78125;-42,59375;-88,125;-12,40625;-199,875;-323,6875;-144,375;-55,5;-263,84375;-181,1875;-117,125;-112,15625;-272,625;-178,53125;-411,46875;-189,25;-204,4375;-16,6875;-44,34375;6,40625;-100,5625;-6,8125;-86,09375;-299,28125;-27,78125;-112,25;5,28125;10,21875;-126,6875;-246,5625;-136,375;-139,125;4,3125;3,4375;86,5;-227,09375;95,875;-102,71875;-274,4375;-136;-48,65625;-137,5625;36,21875;31,59375;-67,09375;-178,75;-10,6875;-168,25;-44,6875;-165,75;-139;-337,09375;37,90625;-197,21875;-254,25;-113,53125;-130,96875;-312,53125;-234,40625;-2,6875;-128,625;-213,96875;-168,59375;-52,8125;-63,28125;-179,90625;-239,8125;-296,875;-66,96875;-208,8125;-136,6875;-194,0625;-146,71875;-66,78125;-110,78125;-221,3125;-260,46875;-81,125;59,5625;-144,125;-231,1875;-113,46875;-219,0625;-117,96875;6,875;-61,28125;-127,53125;-98,1875;-88,25;-203,1875;-121,28125;-165,59375;36,6875;-74,375;-57,09375;57,375;-132,25;-128,3125;-263,84375;-122,6875;-13;42,65625;1,59375;-65,40625;146,0625;64,5;107,625;41,78125;93,375;52,75;-76,3125;-89,59375;34,3125;-74,84375;123,0625;-128,59375;-84,15625;85,375;-12,71875;-66,5;204,78125;192,59375;253,15625;465,34375;333,65625;97,78125;252,375;245,5625;137,65625;132;166,34375;-59,96875;-79,875;-184,84375;-30,1875;74,3125;148,34375;-5,21875;161,75;371,5625;257,4375;123,53125;127,03125;209,875;105,46875;56,875;8,53125;53,9375;-11,6875;74,40625;141,1875;89,3125;58,25;-23,9375;43,1875;-65,9375;45,65625;156,5;-29,53125;29,8125;-90,96875;-23,46875;-145,8125;226,3125;51,6875;-159,21875;-202,15625;52,59375;-46,71875;-103,46875;-41,59375;-132,5625;-87,375;127,84375;-79,34375;-38,40625;-119;-132,46875;7,125;177,90625;-49,375;57,84375;-196,09375;-5,625;21,375;102,40625;146,25;25,59375;294,5;182,3125;156,96875;85,875;-109,125;41,84375;73,71875;-107,625;-10,25;-36,59375;55,46875;-33,46875;-105,6875;-80,28125;-117,53125;-116,375;-56,46875;-5,875;-69,65625;112,0625;40,3125;24,09375;-47,75;62,875;-196,5625;-16,25;-33,6875;-100,46875;-211,3125;-144,28125;-97,5;-257,625;-113,40625;-170,34375;-64,6875;-106,375;-235,15625;-317,8125;-245;-158,3125;-109;-69,375;-119,6875;-158,65625;-260,15625;-40,4375;-100,40625;-12,15625;-368,59375;-40,40625;18,3125;42,6875;-1,0625;-311,625;-73,46875;-176,15625;-44,96875;-74,28125;-439,8125;143,25;-109,40625;-276,15625;-97,34375;29,65625;-184,78125;-78,21875;-220,34375;24,53125;-38,625;25,78125;-16,3125;-98,21875;-161,65625;-166,84375;31,5625;166,78125;99,9375;-8,71875;61,84375;64,03125;8,65625;101,75;21,3125;136,09375;15,59375;112,1875;5,4375;123,90625;174,3125;-0,78125;9,75;95,40625;218,96875;46;259,40625;137;240,75;-167,28125;-33,40625;53,1875;161,125;110,5;202;368,5;108,90625;-92,03125;244,96875;159,5625;133,21875;117,0625;225,8125;185,1875;-40,4375;235,65625;-409,65625;309,90625;190,21875;-10,75;229,9375;-104,90625;-143,46875;129,1875;248,46875;15,5625;118,625;38,71875;
54,875;8,53125;-73,9375;-168,875;-89,46875;-195;38,6875;-159,9375;-110,75;54,59375;33,03125;-104,1875;-222,125;38,8125;-81,28125;122,40625;126,96875;-94,96875;-56,0625;-16,625;-51,34375;-220,875;-268,09375;-43;-20;-113,25;-23,9375;189,09375;-200,0625;-18,09375;-163,53125;-56,03125;-2,75;-87,75;-40,15625;-102,125;-104,375;-18,9375;-97,71875;-182;-190,21875;142,6875;-33,625;-12,0625;28,53125;-345,71875;-95,25;-105,09375;-244,15625;-88,15625;-79,71875;-88,21875;-257,4375;-172,46875;-161,09375;-121,84375;-26,375;-125,71875;56,65625;-74,28125;-178,28125;-176,59375;-132,78125;-101,78125;-48,5;59,8125;-146,03125;-98,53125;59,71875;-127,875;156;-105,28125;-73,375;-234;-53,8125;117;-141,28125;-255,75;-3,8125;108;-27,28125;-14,875;-161,4375;-55,75;69,5625;15,84375;-23,125;-129,875;78,6875;-228,90625;-92,65625;-98,09375;-30,46875;-178,28125;-45,875;-119,90625;43,9375;-113,15625;-2,5625;-104,4375;-152,40625;-166,46875;-85,3125;-241,8125;-147,65625;-250,25;-234,78125;94,5;-39,875;-74,375;-1,1875;58,40625;113,8125;10,375;-97,75;174,5625;60,1875;99,5625;115,625;-39,6875;130;-124,5625;7,03125;-58,6875;151,71875;183,9375;161,34375;200,75;292,40625;169,96875;286,125;402,65625;194,78125;150,09375;284,59375;248,0625;293,875;-48,84375;241,90625;83,40625;90,25;-47,25;35,53125;263,71875;76,0625;81,15625;329,3125;209,40625;253,25;318,25;239,46875;386,09375;154,625;334,65625;194,9375;-114,78125;78,46875;108,1875;-33,75;7,9375;70,71875;9,71875;-119,25;301,46875;310,9375;308,875;188,625;172,125;236,96875;234,6875;166;72,15625;40,59375;-131,96875;-40,4375;16,46875;-51,125;0,4375;-55,21875;-60,875;-36,09375;-107,65625;-119,84375;-177,59375;-95,53125;-161,8125;-8,71875;151;-53,25;-121,96875;31,03125;53,75;192,75;187,59375;-12,78125;181,65625;273,6875;225,5;292,90625;218,1875;199,09375;52,03125;172,375;-62,03125;-102,375;-103,0625;-19,71875;19,21875;-137,59375;-81,78125;25,71875;-56,65625;95,28125;-28,59375;-56,96875;-52,0625;-134,6875;-308,6875;-61,625;-28,90625;-201,59375;28,375;-101,59375;140,1875;-83,1875;-104,375;-100,3125;71,65625;-165,9375;-145,75;-115,03125;-131,21875;-34,6875;-80,25;173,125;-221,125;-153,4375;22,53125;-168,5;-93,875;-44,375;-119,5625;-110;-81,25;6,59375;-79,5625;81,75;62,78125;-231,59375;147,3125;-118,53125;-37,96875;-43,125;-211,0625;89,03125;-74,9375;-18,1875;-53,1875;64,5;48,75;-87,59375;-154,1875;217,9375;-6,03125;21,375;-125,40625;72,3125;-176,4375;37,1875;-149,21875;403,3125;106,1875;92,46875;149,90625;118,1875;-13,84375;193,03125;112,15625;275,125;145,5625;219,5;111,96875;272,875;96,21875;163,5;418,59375;424,28125;310,125;226,375;88,90625;122,375;148,4375;84,0625;73,5625;128,3125;139,5;141,40625;88,25;142,71875;202,1875;174,75;76,28125;281,4375;177,78125;95,90625;18,875;77,9375;179,75;43,0625;-709,125;224,8125;108,25;162,59375;-109,1875;342,6875;-37,1875;258,84375;-320,90625;-205,25;352,875;
72,4375;-1728,0625;256,28125;14,0625;30,3125;211,4375;-16,96875;89,59375;94,875;-66,125;29,84375;98,53125;-78,59375;-139,90625;-137,1875;-184,40625;18,9375;-271,25;-220,375;-84,96875;-35,3125;-6,59375;-141,65625;62,28125;109,96875;16,46875;-175,90625;-82,84375;-165,25;-206,6875;33,75;84,0625;-22,375;-68,5625;-80,53125;65,71875;-50,4375;22,1875;-164,375;-144,34375;-10,5625;-36,375;-134,125;-3,96875;-329,09375;-39,09375;-123,0625;-141,65625;-90,375;-122,34375;-200;-50,3125;-126,4375;127,5;-207,96875;-202,46875;-54,15625;-11,34375;-253,65625;-130,1875;-98,0625;54,9375;-30,15625;136,5;36,96875;-239,34375;-34,65625;-150,40625;25,8125;113,15625;-198,53125;-221,15625;-107,8125;-202,75;-32,53125;-79,4375;123,46875;-25,125;52,28125;-114,65625;191,71875;171,0625;-45,5625;-167,84375;-15,625;-304,09375;-78,5;-15,53125;63,34375;44,8125;-173,28125;23,5;-12,875;190,71875;-101,84375;16,71875;-129,28125;-69,3125;-23,21875;-25,96875;-34,1875;67,96875;6,4375;-22,21875;96,46875;-100,15625;296,1875;67,3125;57,71875;-101,625;56,59375;-23,71875;62,6875;90,71875;86,625;310,90625;109,8125;83,53125;89,8125;209,46875;12,375;14,65625;142,75;-3,6875;4,5;85,53125;441,71875;309,84375;477,15625;342,46875;444;388,71875;219;264,4375;216,78125;144,3125;458,03125;88,1875;35,25;5,1875;83,53125;-97,0625;179,40625;140,40625;282,03125;520,625;438,25;425,71875;470,78125;312,6875;312,84375;336,125;494,75;30,78125;337,28125;58,3125;354,03125;231,34375;226,53125;-41,28125;-50,96875;197,1875;128,84375;94,625;160,09375;115,21875;134,96875;240,625;221,84375;0,875;-78,0625;-178,8125;-47;12,3125;55,53125;-45,1875;9,3125;-85;85,96875;83,375;-53,28125;30,9375;79,5625;-127,09375;-109,90625;183,84375;-170,78125;-241,34375;-99,28125;-107,03125;195,59375;106,5625;208,25;219,03125;83,9375;118,8125;74,3125;72,84375;336,375;71,15625;171,34375;219,5625;113,9375;55,21875;110,1875;-68,1875;-19,21875;17,875;-85;29,59375;1,4375;168,40625;27,5625;-86,28125;-102,75;34,375;262,65625;-172,21875;120;-33,1875;-242,84375;-24,40625;130,21875;-64,53125;58,1875;148,28125;-28,78125;12,28125;74,40625;-103;-170,65625;80,40625;-7,28125;-58,375;-75,34375;-107,0625;-57,4375;91,78125;29,1875;43,78125;53;-242;44,28125;-55,5;-18,28125;-138,53125;8,84375;-116,8125;-153,84375;-19,46875;-73,84375;44,15625;-8,5;109,9375;-102,71875;22,4375;127,15625;102,03125;-9,9375;189,8125;138,71875;88,625;99,6875;9,6875;20,375;185,71875;181,75;69;131,09375;82,5;108,96875;136,9375;236,8125;-225,125;28,1875;452,15625;242,875;219,0625;119,625;227,3125;36,90625;212,4375;0,5;161,875;205,375;-43,34375;167,03125;367,09375;185,5;217,8125;328,625;199,03125;332,96875;256,9375;-51,90625;322,21875;157,65625;201,34375;220,5625;201,4375;386,09375;257,4375;154,46875;95,71875;-151,125;182,75;312,375;-168,21875;163,8125;188,1875;138,25;151,375;-60,1875;346,625;188,21875;102,53125;65,6875;93,15625;312,5;-1821,09375;
-166,875;-156,84375;-74,15625;-294,65625;79,65625;-1584,46875;120,8125;-290;-200,53125;-400,09375;-228,5;-263,625;-174,125;-53;-205,34375;-225,5625;-101,71875;-91,875;-137,15625;-255,4375;-282,9375;-118,15625;-186,625;-173,53125;-193,25;-245,34375;-116,28125;-147,9375;-123,53125;-15,59375;-67,34375;11,96875;-81,84375;-256,65625;-179,21875;-211,3125;-197,65625;-94,40625;-412,6875;-320,625;-175;-395,78125;-370,3125;15,09375;-34,1875;-285,625;-144;-159,03125;-350,25;-109,5;-267,40625;-85,6875;-131,09375;-205,65625;-404,90625;-90,34375;-141,8125;-210,84375;-41,78125;-311,65625;-242,40625;-265,96875;-336,375;-212,5625;-249,875;-151,15625;-251,9375;-242,0625;-364,0625;-113,78125;-303,625;-150;-318,5625;-163,875;-38,34375;-188,84375;-219,15625;-162,25;-284,28125;-26,21875;-167,78125;-388,15625;-187,75;-102,5;-34,15625;-279,28125;-196,3125;-185,4375;-156,15625;-170,40625;-269,21875;-227,1875;-107,5;-79,53125;-290,9375;-174,65625;-209,375;-113,625;-373;-111,46875;-149,1875;-147,46875;-187,84375;-501,90625;-10,125;-186,46875;-126,125;-126,5;77,09375;18,875;-55,5625;239,625;-203,625;-67,75;-34,375;-142,65625;-209,3125;74,09375;-256,28125;-266,9375;-9,0625;-11,5;-36,96875;-93,1875;130,5;170,78125;59,78125;64,78125;311,0625;243,8125;159,90625;245,6875;65,625;97,96875;127,46875;287,78125;70,3125;-38,90625;-75,40625;-136,8125;-149,59375;24,1875;-0,09375;19,15625;58,5;-54,15625;179,46875;141,0625;196,375;53,25;370,5;165,75;311,875;213,09375;178,84375;-36,0625;224,21875;-148,625;115,4375;-38,75;-33,5625;-18,34375;135,59375;246,1875;70,96875;238;205,71875;187,0625;195,5625;-219,09375;-196,90625;-254,90625;4,3125;-17,75;-68,90625;-195,46875;-194,96875;-104,6875;-130,78125;-191,65625;-148,46875;-4,125;-273,28125;-105,46875;-253,21875;-129,125;-287,53125;-180,75;-88,21875;-13,3125;-113,625;-69,71875;-45;39,5625;14,09375;82,25;122,8125;-40,53125;177,65625;105,75;-108,25;76,8125;-139,3125;62,53125;45,15625;65,5;-245,09375;-284,65625;-206,4375;-178,6875;-220,96875;-208,15625;-58,96875;-234,40625;8,1875;-175,84375;-355,59375;-154;-83,90625;3,875;-200;-221;-434,5;-145,28125;-11,1875;-108,625;-315,15625;-240,6875;-186,53125;-127,9375;-266,6875;-325,4375;-257,875;-13,53125;-47,21875;-146,3125;-218,65625;-178,875;-191,0625;-216,15625;-384,21875;-106,71875;-195,125;7,9375;-195,375;59,34375;-110,3125;-0,8125;-138,375;-92,5625;-394,5;-172,34375;-4,71875;-223,78125;21,53125;-173,625;-242,59375;52,34375;-110,59375;-139,75;-259,46875;-69,4375;-110,75;-189,9375;29,71875;107,125;-167,5;-121,09375;-143,1875;-217,46875;-23,59375;-56,53125;-53,9375;72,1875;-256,4375;-102,28125;-171,3125;46,25;90,5;-102,78125;-130,4375;-87,8125;-29;193,15625;-39,9375;-68,4375;73,09375;-70,875;10,875;60,4375;147,5625;-149,84375;35,03125;82,71875;66,1875;297,375;-33,0625;-184,0625;47,09375;37,90625;-59,5625;139,6875;152;149,875;57,09375;-69,8125;31,46875;130,78125;-105,3125;2,125;37,6875;257,875;15,28125;-15,3125;91,59375;63,875;-26,9375;333,40625;-517,78125;993,5;
-163,71875;-342,96875;156,5;-92,40625;-55,875;147,5625;-99,46875;267,65625;64,9375;-133,875;-205,09375;147,53125;169,4375;20,53125;-147;-65,375;-246,15625;-30,15625;-35,8125;-181,0625;-54,75;73,59375;135,3125;3,71875;40,375;15,46875;209,65625;-62,875;-70,0625;-291,4375;-99,40625;-80,5;46,90625;-164,625;41,65625;-199,34375;-117,625;-291,34375;35,15625;-39,4375;14,5;-45,8125;-128,34375;-128,90625;-19,96875;173,71875;-230,6875;-26,46875;19,5625;37,5625;-115,90625;-188,6875;-185,34375;-45,78125;-123,71875;-70,34375;99,40625;-26,46875;-8,53125;-31,21875;-100,09375;-30,125;-174,125;-79,75;40,6875;151,34375;-44,84375;33,34375;163,59375;-143,875;-192,09375;-189,21875;-69,25;-61,21875;61,125;28,40625;27,9375;95,625;-155,78125;11,28125;-32,125;-323,8125;-212,28125;-216,53125;121,78125;-337,34375;-11,15625;-1,40625;-87,125;-271,34375;2,03125;-78;-72,09375;144,21875;1,5;-29,0625;-58,3125;131,03125;201,71875;-45,5625;145,625;2,125;36,90625;18,15625;66,34375;144,65625;-21,71875;138,71875;85,03125;-23,8125;-79,8125;96,125;-67,21875;122,6875;-48,3125;107,75;-26,125;50,78125;-37,5;44,46875;-129,28125;109,3125;4,21875;173,25;29,25;75,03125;164,28125;298,59375;374,90625;214,4375;282,25;534,8125;425,90625;398,34375;202,09375;87,90625;239,625;38,71875;239,125;315,21875;149,5;110,53125;267,28125;245,5625;378,125;456,75;380,875;559,0625;289,125;525,53125;612,75;186,5;404,625;437,65625;22,9375;132,125;319,59375;46,9375;120,59375;68,03125;59,9375;81,09375;103,5;202,5625;148,90625;294,875;217,9375;167,5625;195,375;100;-99,125;64,53125;-114,28125;72,875;-12,4375;-169,03125;-85,28125;-66,875;-114,6875;138,59375;-85,40625;108,90625;-97,53125;-56,75;-19,78125;-179,875;-76,40625;-105,65625;-176,96875;-64,84375;-68,71875;156,71875;111,9375;127,1875;11,3125;103,1875;161,59375;222,84375;128,4375;237,6875;296,625;138;0,46875;-30,78125;14,71875;84;44,3125;212,75;146,53125;-7,75;23,25;88,78125;133,75;31,3125;-49,71875;16,3125;34,78125;-58,125;-18,8125;-58,09375;26,125;-119,21875;21,09375;219,3125;41,6875;0,5625;16,15625;-45,625;-86,90625;174,40625;-36;-74,5625;3,9375;-38,4375;33,03125;174,15625;140,8125;-5,6875;-56,40625;29,59375;28,9375;-1,65625;-9,5625;-53,03125;-196,625;-104,8125;-125,21875;-32,40625;113,75;17,53125;12,625;85,5625;160,625;-119,46875;1,84375;2,65625;98,6875;111,125;128,59375;52,78125;-29,8125;121,0625;200,84375;99,59375;-33,03125;25,34375;-42,5625;15,28125;88;42;34,375;157,09375;176,3125;250,34375;26,875;45,125;152,0625;234,625;237,21875;113,96875;96;192,5;173,15625;369,40625;127,84375;170,3125;256,1875;115,21875;58,90625;181,96875;126,90625;238,9375;229,59375;247,875;454,21875;127,5625;453,21875;251,09375;299,15625;-78,34375;137,4375;241,78125;341,8125;14,65625;342,96875;70,0625;109,875;82,5625;423,09375;120,3125;222,71875;238,65625;-173,5;149,625;-103,1875;419,75;149,21875;-21,03125;115,5625;-1434,0625;
-290,25;-245,0625;-77;-244,71875;-17,75;-45,53125;-190,5;-200,03125;-117,21875;-171,1875;-141,78125;-94,78125;-42,125;-48,46875;-87,84375;-230,875;-207,4375;-113;-290,40625;-191,15625;-240;-64,71875;-114,3125;-226,25;-289,09375;-156,125;-267,15625;-80,0625;-36,5625;-154,96875;2,125;141,9375;-140,71875;-17,84375;-328,46875;-337,875;-203,90625;-268,4375;-174,6875;-182,03125;-235,65625;-213,6875;-179,375;-232,15625;-132,15625;-370,34375;-184,6875;-353,53125;-356,5;-218,0625;-57,90625;71,28125;-174,875;-325,9375;-201,5625;-75,5625;-100,6875;-62,78125;-22,78125;-203,96875;-271,40625;-213,0625;-289,3125;-422,28125;-116,625;-191,125;-171,90625;-60,5;-204,28125;-73,625;-277,75;-116,3125;-73,8125;-124,34375;-23,8125;-270,78125;-291,96875;-215,59375;-244,5625;-231,0625;-181,1875;-50,59375;-86,90625;-198,53125;70,4375;-89,40625;-84,65625;-66,25;-116,65625;-36,78125;-79,25;-52,65625;-249,96875;-32,5;-291,3125;-119,28125;76,65625;-264,4375;-63,96875;-45,46875;-27,15625;-104,625;-208,375;-137,625;-128,25;18,125;135,71875;-31;100,78125;101,5625;-179,875;-70,4375;43,28125;-128,40625;2,6875;-160,09375;-23;-71,875;-178,71875;-52,71875;8,09375;-54,03125;-76,78125;33,9375;-56,71875;-40,59375;-3,53125;126,1875;309,78125;174,90625;311,9375;212,5;432,4375;8;173,0625;39,9375;-95,9375;-9,25;-1;-122,84375;-31,3125;180,65625;93,1875;76,59375;157,34375;2,78125;207,4375;78,59375;214,9375;290,875;242,15625;288,59375;185,40625;339,875;71,09375;158,53125;144,125;-18,15625;-164,59375;52,90625;-210,84375;78,65625;105,28125;116,53125;107,09375;149,28125;146;-114,3125;194,6875;50,6875;24,8125;17,625;-182,125;-65,4375;-118,625;-226,46875;-30,8125;-168,25;-318,21875;-209,28125;-274,9375;-281;-37,75;-255,1875;-109,625;-245,3125;-167,15625;-111,40625;39,09375;-108,46875;-164,9375;-212,28125;-216,40625;-84,59375;-35;249,53125;314,3125;177,75;147,8125;106,25;-108;-9,5625;-48,125;3,46875;53,1875;-101,34375;-37,71875;-218,40625;-195,28125;-69,96875;-138,3125;-134,875;-262,75;-228,75;-166,78125;-341,875;-207,5;-195,0625;-75,53125;-202,375;-116,6875;84,875;32,34375;-253,90625;-134,875;-62,75;-225,09375;-319,375;64,59375;-152,90625;-70,6875;-145,28125;-234,9375;-96,6875;-89,4375;-286,53125;-41,40625;173,5;-266,9375;-72,4375;-63,53125;-89,4375;-195,1875;-224,78125;-362,5625;-218,8125;-182,5;-9,375;-87,59375;-174,46875;-106,46875;-219,5625;-178,96875;-53,3125;-200,0625;-135,4375;-222,40625;-132,0625;-45,15625;141,5625;-57,78125;-11,625;-62,46875;-68,375;-166,5625;-234,5625;-261,28125;-124,4375;-63,90625;-36,15625;73,75;83,3125;-155,71875;-126,3125;-114,21875;118,53125;-113,53125;166,5;-11,625;67,28125;69,5;-96,71875;-108,34375;160,28125;232,4375;126,03125;-8,1875;33,9375;172,5625;-44,125;-183,1875;23,625;48,6875;116,5;104;215,6875;-47,5625;267,65625;82,46875;84,53125;130,6875;-35,5;-72,53125;11,6875;-94,90625;-79,21875;-263,78125;137,8125;-1630,15625;-20,15625;-12,40625;-166,40625;23,96875;-97,21875;124;-298,0625;247,46875;-36,84375;-204,875;217,34375;
-125,15625;-32,375;-81,46875;-95,5625;-112;-119,75;184,34375;-363,4375;-137,125;-206,3125;-118,0625;-91,96875;-101,78125;-354,40625;-56,71875;-130,34375;-15,75;-29,40625;-141,59375;-46,25;112,21875;-202,4375;-263,28125;-285,75;-49,53125;-94,125;-123,40625;46,9375;-190,78125;55,4375;-185,40625;-221,75;-228,71875;46,21875;-92,65625;-238,5625;-233,75;-266,59375;-121,5625;-16,34375;-68,3125;-186,46875;-106,6875;24,21875;-0,90625;-68,25;-237,125;-22,4375;22,125;39,125;-58,90625;-19,15625;-114,59375;-170,21875;-37,09375;-190,3125;-189,53125;-222;-235,625;-2,78125;61,75;-55,6875;-100,5;-83,625;-116,84375;-78,625;-233,46875;-66,9375;-93,21875;-102,0625;-201,65625;72,4375;-288;-76,53125;3,34375;-11,65625;-142;-220,9375;-25,03125;0,75;30,21875;-198,9375;-35,5625;-105,875;-81,71875;-18,4375;-75;-77,03125;-149,4375;-142,90625;60,03125;-88,5625;-62,15625;20,625;81,8125;-125,09375;-58,71875;120,375;-1,09375;100,0625;26,96875;-120,375;-203,78125;-19,53125;167,09375;-146,9375;84,78125;-53,34375;176,84375;174,28125;84,75;-11,8125;125,125;-20,1875;-34,75;-129,34375;-24,625;-82,15625;-91,4375;-141,90625;-64,90625;-146,21875;-16,71875;179,96875;-69;74,21875;405,375;271,71875;393,3125;292,6875;294,53125;191,84375;445,4375;179,28125;278,625;6,0625;-145,0625;88,53125;233,09375;-18,65625;186,5;166;20,34375;256,40625;176,96875;127,03125;123,03125;407,5;410,78125;403,375;372,21875;402,21875;376,46875;271,53125;36,8125;244,46875;292,90625;76,90625;144,4375;27,75;-31,59375;-34,71875;103,8125;253,0625;172,9375;241,96875;326,9375;171,84375;81,03125;278,34375;210,84375;127,46875;21,8125;-83,8125;3;-67,84375;9,25;221,0625;59,5625;-8,15625;-251,5625;-64,03125;-219,46875;-108,34375;6,1875;-44,71875;-22,84375;-54,125;-95,90625;-130,34375;141,3125;384,875;283,0625;242,375;273,84375;437,5;262,15625;246,71875;266,9375;106,25;89,3125;177,375;12,5625;-240,875;27,59375;-164,125;88,875;93,6875;198,59375;161,9375;-73,34375;27,125;91,6875;-35,15625;-33,6875;56,8125;-63,96875;-67,0625;10,1875;-4,34375;77,34375;-97,8125;-161,5;-63,15625;116,09375;29,4375;138,6875;-205,25;-5,34375;-76,84375;-175,375;-111,59375;59,125;-60,96875;-15,625;-217,59375;-76,75;22,625;-176,6875;262,40625;124,46875;-135,28125;32,4375;-49,875;75,65625;19,71875;73,40625;59,71875;26,90625;-82,59375;-158,40625;-72,6875;85,28125;-71,28125;6,21875;65,8125;-2,84375;66,40625;135,875;14,21875;112,65625;120,8125;-9,03125;130,65625;187,34375;142,78125;-3,71875;39,09375;171,5625;63,84375;89,65625;-18,46875;84,15625;19,90625;69,21875;248,71875;209,71875;184,53125;172,59375;61,84375;-74,875;187,78125;232;180,71875;105,3125;222,625;28,125;209,78125;53,25;184,28125;51,15625;127,78125;-109,4375;88,0625;151,625;182,3125;65,40625;203,6875;141,28125;179,5625;235,25;42,5625;10,65625;28,1875;204,25;172,3125;214,6875;234,9375;83,5;31,6875;61,90625;131,6875;-60,96875;58,5625;29,625;92,28125;-58,625;3,0625;2,625;121,96875;
197,40625;100,65625;-56,0625;22,53125;70,46875;-59,4375;-71,0625;-167,4375;7,3125;85,8125;135,6875;-84,15625;-113,28125;-59,65625;44,1875;-97,34375;-113,375;-105,125;105,25;19,75;-313,40625;-134,90625;1280,65625;-290,46875;-240,84375;-18,625;135,53125;-170,65625;-245,90625;-187,46875;-177,8125;-102,96875;72,75;-110,25;-286,65625;-151,5;-109,625;-175,34375;-19,09375;-157,3125;-76,6875;-138,875;-203,5625;-233,46875;-125,5625;-216,40625;-4,65625;-56,875;-58,90625;-24,15625;-0,9375;-24,53125;-106,6875;-160,25;-284,96875;-45,40625;-86,34375;-27,4375;128,09375;-5,25;32,03125;-110,90625;38;-188,4375;-149,09375;-171;-27,1875;121,375;-84,875;-113,96875;-151,25;-109,71875;92,9375;-9,0625;-90,84375;-121,15625;19,5;117,03125;-7,5;-75,34375;103,5;60,46875;-316,5625;-124,71875;-147,90625;-168,5;-152,875;-66,6875;-41,09375;-226,21875;-101,5;93,6875;-118,90625;-151,90625;96,5;-83,4375;-188,09375;-55,15625;-74,65625;12,34375;-122,3125;0,625;-115,46875;-14,125;-144,25;-145,59375;14,75;-161,75;64,71875;63,03125;-12,625;112,84375;96,25;120,71875;-78,40625;-28,65625;202,21875;-163,75;71,75;-30,84375;-74,125;-111,75;33,53125;-29,375;-22,5625;5,8125;57,125;261,15625;104,46875;237,65625;113;269,15625;251,75;102,0625;107,78125;-2,875;59,3125;101,125;-84,125;-28,0625;-56,125;116,125;-0,8125;-36,8125;192,875;254,25;311,71875;351,96875;344,96875;265,5;291,96875;428,1875;288,84375;245,40625;219,46875;264,75;39,71875;47,1875;97,3125;160,5;126,5;205,5625;127,28125;145,71875;72,96875;145;228,53125;288,25;364,15625;-24,8125;193,71875;83,21875;-15,15625;70,9375;155,34375;-170,9375;-71,09375;101,21875;-93,125;80,46875;-44,4375;-88,75;46,15625;-140,40625;93;32,84375;49,5625;14,65625;-195,84375;-62,03125;110,90625;9;97,625;99,59375;184,53125;410,78125;120,34375;148,40625;52,90625;165,125;96,25;229,53125;56,28125;34,75;-66;81,625;-166,9375;168,53125;-163,96875;158,5;-39,125;248,21875;-49,5625;-197,9375;-2,125;-129,5;-28,40625;138,75;-173,5;129,375;-58,5;-82,5;-28,03125;-110,59375;-52,34375;-122,53125;81,90625;44,0625;-25,84375;-221,1875;-61,34375;131,0625;-15,25;-115,4375;-80,625;-137,6875;-160,875;-146,15625;-92,46875;32,84375;238,59375;66,3125;-82,625;-45,8125;-173,4375;-169,46875;-10,75;4,5625;-63,375;45,09375;109,21875;27,15625;-153,96875;-71,75;-46,21875;-29,90625;83,03125;-145,8125;-65,53125;-45,75;13,5;116,65625;56,84375;148,3125;-21,8125;-235,34375;24,40625;16,03125;6,5625;-121,0625;89,59375;-130,1875;85,6875;-19,125;17,96875;64,84375;-15,3125;280,0625;280,8125;56,21875;120,65625;193,96875;0,625;56,21875;17,09375;-26,875;234,21875;73,34375;72,75;129,4375;-43,40625;-0,21875;-122,40625;93;131;77;91,5;31,34375;48,03125;255,875;209,375;124,03125;204,1875;26,9375;6,9375;-76,71875;35,46875;199,25;-49,65625;-109,875;70,875;126,09375;218,6875;266,03125;160,46875;57,875;40,09375;-13,125;38,90625;106,75;
7,25;-279,6875;-81,78125;-57,9375;-276,6875;-58,84375;-34,46875;46,375;-106,4375;-321,9375;-15,1875;-140;60,875;71,4375;-122,71875;78,625;87,5;-127,53125;-6,625;0,03125;-148,5;-278,875;-197,71875;-379,1875;-145,25;9,375;-53,78125;-154,6875;-231,71875;-258,0625;-59,96875;-170,40625;-215,625;-236,09375;-183,15625;-278,625;-108,90625;-208,4375;-246,3125;-347,15625;-90,46875;-234,875;-214,625;-209,5625;-218,96875;-237,5625;-19,46875;167,1875;-120,59375;-97,1875;-74,25;0,125;-351,9375;-65;-92,46875;-226,9375;-200;-29,53125;35,375;-27,9375;-168,59375;-251,21875;-170,375;-23,84375;12,71875;-130,1875;6,5625;-141,6875;-183,75;-230,5;-34,46875;-224,75;-117,9375;-48,4375;-358,96875;-105,90625;-33;-164,75;-220,28125;-161,59375;-59,40625;30,65625;-150,15625;-247,875;-99,15625;-122,40625;-303,875;-235,34375;-291,8125;-138;-191,90625;-71,125;-241,46875;-122,5;-172,53125;-147,53125;-203,84375;-164,90625;-128,65625;-37,09375;-158,3125;-101,03125;-28,34375;-105,28125;-38,84375;-84,84375;-5,875;-68,4375;-153,625;183,40625;-65,5;-82,40625;-72,90625;-26,25;-195,8125;-81,34375;-81,40625;-118,3125;-47,65625;-469,5;-245,15625;-316,78125;-202,96875;-22,0625;-203,5625;-111,5625;-0,28125;22,34375;110,28125;77,90625;91,125;274,65625;329,65625;157,46875;-133,21875;43,71875;-63,96875;-187,1875;-132,75;-133,53125;-41,75;-79,09375;-166;26,1875;198,125;253,59375;7,03125;7,875;336,28125;331,96875;197,84375;391,15625;-25,65625;141,5;130,53125;48,65625;63,84375;54,6875;129,40625;96,3125;-65,21875;118,125;93,25;33,25;-181,4375;162,75;137,625;122,65625;107,09375;84,15625;89,84375;59,96875;-68,90625;-90,28125;-156,84375;-54,53125;-311,84375;-86;-5,3125;-159,8125;-106,15625;-95,125;68,40625;45,28125;-87;-178,375;-1,625;-42,6875;-143,40625;-8,40625;-59,625;-53,375;47,0625;-2,75;130,6875;-23,09375;87,0625;155,125;173,96875;-117,1875;-33,84375;144,9375;-211,53125;-10,90625;-203,96875;-314,53125;-199,59375;26,09375;56,625;-52,40625;-156,03125;-54,5625;52,625;-202,4375;-337,90625;-155,65625;-220,15625;-140,5;-113,3125;-323,15625;-78,90625;167,3125;-184,90625;-228,8125;-130,21875;24,28125;-222,21875;-295,4375;-228,59375;-119,9375;-44,0625;-224,40625;-150,78125;-216,09375;-306,53125;74,1875;3,25;-212,5625;-100,6875;-178,1875;-247,46875;-183,8125;-59,8125;-127,71875;-125,53125;-39,96875;-90,0625;20,25;-136,625;-111,875;-227,75;-206,6875;-185,84375;-194,3125;-68,9375;-125,5625;-158,03125;-24,84375;38,65625;49,8125;76,9375;-102,28125;-230,90625;16,96875;-101,96875;35,875;-3,53125;-87,09375;-287,1875;-145,21875;-162,84375;5,25;-83,5;62,96875;-81,03125;169,78125;-121;57,40625;-18;-33,3125;-226,75;294,71875;164,0625;94,8125;-115,1875;190,0625;-46,34375;89,625;40,15625;1,28125;-24,6875;-78,75;-72,46875;321,96875;75,90625;100,03125;8,34375;79,125;58,09375;-155,65625;65,71875;-26,40625;-9,90625;13,34375;207,0625;60,8125;129,09375;127,96875;-46,34375;2,125;-6,03125;-146,6875;82,96875;-151,53125;15,78125;-52,65625;18,375;26,25;38,3125;-186,375;
83,21875;45,96875;441,34375;92,96875;152;-121;168,6875;71,5;78,9375;34,625;-1,53125;16,25;24,59375;1,21875;127,625;213,21875;38,8125;77,59375;13,78125;120,5625;82,75;-101,46875;-35,78125;43,0625;-85,5625;82,125;-88,8125;-107,96875;-13,03125;23,4375;-214,78125;-62,125;-155,75;-196,28125;-95,40625;-67,625;-116,71875;-53,125;205,4375;-9,71875;-14,4375;-181,6875;-68,53125;-4,9375;-25,875;-123,59375;-32,53125;13,5625;-112,78125;-8,40625;-248,28125;75,09375;96,5;-168,875;-108,375;97,8125;104,96875;-32,8125;-7,46875;185,375;-134,34375;-54,3125;-140,09375;104,25;118,375;30,53125;151,21875;28,0625;-53,625;123,9375;-33,21875;-239,4375;161,3125;66,09375;-31,5625;231,0625;12,34375;-30,09375;-133,875;11,03125;-13,4375;-147,40625;-195,375;38,625;-14,875;-140,15625;49,5625;43,625;9,90625;46,4375;9,4375;-1,6875;81,4375;106,28125;-146,0625;11,03125;96,125;195,28125;212,8125;108,21875;-9,21875;-156,15625;73,96875;-172,84375;18,6875;-1,15625;-150,375;40,3125;193,8125;198,8125;-58,34375;100,375;173,5625;199,21875;204,28125;184,25;199,6875;-69,4375;-139,09375;-120,8125;-141,3125;28,3125;-129,6875;-146;-224,5625;279,21875;11,3125;60,78125;305,78125;230,3125;95,375;177,09375;198,0625;97,34375;82,78125;124,78125;200,90625;-55,125;92,9375;-44,5;101,25;67,5625;153,46875;116,75;303,96875;308,3125;307,59375;232,9375;253;459,53125;365,53125;322,25;184,40625;212,6875;375,5625;194,84375;161,75;44,21875;-28,65625;-122,96875;-35,3125;238,78125;163,59375;200,1875;257,3125;153,125;239,34375;98,90625;101,1875;79,1875;33,125;48,5;-130,53125;-35,28125;202,75;-18,5625;-134,15625;250;70,3125;13,625;-248,0625;72,40625;262,78125;-3,75;-110,3125;110,3125;63,59375;-115,78125;45,8125;73,65625;-104,90625;59,9375;68,6875;243;267,0625;131,75;260,90625;-2,3125;-7,25;87,4375;69,96875;175,625;192,5;108,96875;170,6875;-83,15625;330,25;-63,375;7,6875;-52,1875;88,96875;42,59375;-115,125;49,0625;65,5625;48,40625;-18,1875;-21,90625;-29,8125;-14,96875;4,28125;-51,71875;-81,6875;-90,78125;105,28125;-97,3125;155,8125;235,125;78,1875;-84,3125;-192,90625;-14;-55,3125;-178,21875;-144;-175,25;191,0625;-126,09375;-58,25;33,65625;3,78125;31,3125;-119,53125;-10,3125;130,375;104,5625;166,78125;-171,375;185,125;-56,75;-89,78125;-172,71875;234,4375;135,46875;173,25;21,9375;58,78125;12,71875;-33,78125;-78,34375;-223,53125;149,875;74,96875;82,59375;24,53125;134,28125;58,90625;109,90625;-29,9375;48,5;50,0625;125,5;221,78125;61,9375;-81;182,8125;179;62,625;256,40625;95,28125;144,875;194,21875;95,75;240,96875;316,25;100,25;154,5;187;131,1875;-46,4375;167,96875;212,65625;88,78125;329,5625;78,71875;197;84,34375;-10,1875;184,71875;57,8125;95,28125;36,40625;250,5625;31;158,6875;59,5;84,625;3,40625;144,09375;160,3125;197,96875;95,03125;137,40625;290,46875;204,53125;158,875;381,46875;119,5;72,625;75,75;
39,9375;-61,4375;-101,40625;-271,625;-166,4375;46,125;-101,625;-189,15625;8,8125;1258;-292,96875;-113,78125;-106,03125;116,25;228,84375;-127,84375;-95,03125;-246,71875;-72,03125;-152,6875;-101,03125;-99,15625;-23,625;-183,40625;-243,53125;-170,8125;-60,4375;-393,34375;-188,71875;-220,03125;-288,6875;-148,75;-108,84375;-175,625;-102,5625;-210,5625;-185,71875;-155,4375;-206,15625;-142,5;-207,4375;-185,90625;-135,34375;-134,53125;-109;-336,46875;-130,71875;-223,625;-72,3125;-125,8125;-169,59375;103,6875;111,125;-101,1875;58,34375;-112,59375;-126,0625;-170,125;-54,78125;-241,65625;-158,25;-227,96875;-190,8125;-87,59375;-29,40625;-281,25;-353,1875;-356,8125;-214,75;-127,09375;-208,125;-134,46875;-33,15625;-46,28125;33,125;-169,9375;-170,84375;26,15625;-182,09375;-157,125;-140,9375;7,9375;-73,25;9,46875;-206,4375;-47,71875;-157,34375;-61,90625;48,75;-53,1875;136,75;-46,3125;-30,21875;-29,09375;-195,125;-316,125;121,09375;38,09375;-158,34375;174,75;-177,78125;-113,875;-174,15625;-167,15625;-67,78125;-83,59375;52,3125;-78,3125;-124,15625;-71,8125;151,4375;100,5625;50;204,65625;-66,875;54,59375;-248,6875;-238,6875;-182,4375;-170,96875;-133,1875;75,0625;-17,15625;38,28125;-27,03125;-290,40625;31,90625;-101,5;-135,09375;182,15625;-57,15625;310,4375;303,96875;105,46875;128,0625;-41,40625;121,46875;146,875;55,03125;42,90625;-38,46875;-205,40625;-176,78125;54,6875;-79,59375;171,90625;34,09375;255,9375;224,28125;238,1875;196,03125;10;-5,40625;225,6875;62,03125;-117,78125;178,71875;189,34375;-40,625;59,96875;-10,46875;-24,5;82;127,5;-122,4375;118,40625;59,4375;221,03125;110,84375;-150,21875;80,0625;136,46875;-159,46875;-148,09375;-26,5625;-144,40625;-211,21875;-191,84375;-125,65625;-215,1875;-15,59375;106,21875;-25,9375;-8,71875;55,5;101,96875;-14,84375;-117,9375;-48,5625;-77,6875;-56,6875;-60,71875;49,78125;99,21875;35,34375;-102,3125;-118,34375;156,15625;113,4375;342,0625;-52,46875;-69,5;-126,34375;-55,03125;42,59375;-53,15625;-73,46875;-213;-176,46875;-115,6875;-110,28125;2,53125;-124,6875;-34,6875;-134,6875;-90,6875;-256,84375;-101,34375;34,09375;-98,53125;12,46875;-21,96875;-115,4375;152,90625;-235,5625;-220,5;-42,0625;148,6875;-345;-267,75;-210,34375;-19,53125;15,375;-66,34375;13,65625;-47,25;-171,375;-29,5;-312,25;88,21875;-139,21875;-27,625;7,21875;-181,8125;16,96875;-163,90625;-200,9375;-69,84375;-178,375;-23,84375;35,25;-97,46875;-77,5;-214,4375;33,625;178,09375;19,5625;48,96875;-28,34375;-41,25;33,09375;86,84375;-122,28125;-9,625;106,46875;-1,25;43,84375;-49;-41,59375;21,34375;-117,75;101,59375;76,46875;131,1875;-4,84375;81,09375;-107,3125;-155,375;-142,625;-10,90625;127,4375;38;127,96875;-95,09375;-119,9375;161,90625;-95,125;1,40625;156,59375;-113,9375;153,28125;-32,875;-150,75;108,59375;-134,78125;71,3125;58,53125;106,34375;131,15625;154,09375;181,28125;33,9375;10,875;-27,375;19,375;-136,1875;251,6875;9,21875;-22,96875;-59,3125;86,5;4,625;18,75;79,0625;3,59375;16,3125;-47,75;-84,5;60,75;1,1875;
193,84375;-116,78125;100,03125;9,84375;110,5;214,34375;57,71875;227,40625;-312,0625;-248,59375;-119,6875;-56,1875;-114,34375;-15,4375;105,75;-40,09375;-135,28125;60,75;-49,9375;-219,71875;-65,875;-48,9375;84,15625;-112,03125;-125,03125;-78,9375;-131,59375;-89,65625;-9,25;-126,625;-338,78125;-75,53125;-221,125;19,8125;-51,96875;65,0625;-27,5625;-205,96875;-1,125;33,125;-149,4375;-84,125;32,78125;-172,71875;-163,28125;-59,53125;-151,15625;-121,09375;-71,71875;-5,34375;-204,90625;66,875;-113,5625;-169,34375;-73,46875;56;-88,0625;-96,40625;10,1875;-242,65625;-236,1875;-77,8125;13,125;-56,4375;-52,0625;-82,15625;-203,03125;-174,65625;-30,4375;-219,96875;-237,09375;-164,40625;-231,6875;-3,28125;-284,125;-162,90625;-0,15625;74,125;-147,15625;-123,40625;-7,84375;86,59375;-209,6875;-21,53125;-116,375;-19,625;41,90625;-52,28125;75,9375;42,78125;-137,375;-193,75;-305;-111,03125;-106,6875;-67,125;-308,125;-170,15625;-24,34375;124,40625;4,4375;77,84375;-57,0625;-9,40625;29,09375;-242,6875;-96,46875;-137,75;-121,5;39,21875;62,78125;-12,40625;0,15625;121,625;18,625;-63,71875;77,4375;34,1875;-269,8125;-43,78125;-293,40625;-431,375;-336,125;-147,125;103,46875;-31,625;71,8125;-14,90625;236,75;19,46875;138,96875;109,0625;84,40625;93,09375;85,3125;-128,8125;83,21875;-184,59375;-221,46875;-144,46875;89,9375;-67,625;56,875;-17,5;4,375;80,53125;272,9375;74,34375;106,46875;71,78125;366,8125;42,65625;185,34375;-107,15625;53,9375;31,09375;-37,53125;-68,75;-60,3125;70,71875;91,25;163,71875;65,25;8,84375;63,34375;14,96875;-33;334,53125;98,96875;-26,75;39,96875;341,4375;236,15625;-39,875;125,75;-186,25;104,5625;12,28125;-36,25;-116,4375;-107,03125;-55,125;-135,84375;48,28125;13,09375;31,53125;-81,375;-227,6875;-90,375;68,84375;53,40625;23,875;334,8125;-0,5;158,03125;112,21875;147,34375;48,15625;132,9375;-26,15625;179,40625;52,34375;-61,9375;11,9375;-87,03125;56,4375;88,28125;27,25;-54,21875;-69,71875;-202,28125;-63,0625;-175,375;-140,15625;-114,40625;-34,1875;-48,71875;-143,53125;-83,46875;-114,15625;52,9375;63,59375;-231,71875;-44,3125;-229,46875;-47,9375;41,21875;-168,96875;-20,09375;-23,125;-112,09375;0,34375;-115,9375;-82,1875;-70,25;-46,84375;-77,5;59,25;-158,9375;5,3125;-120,09375;25,03125;-44,8125;-106,71875;-17,53125;-46,5;-297,75;-133,03125;76,0625;119,8125;-153,90625;-135,6875;56,25;153,59375;-140,78125;-213,625;-108,53125;3,75;153,25;219,34375;-57,15625;41,78125;111,03125;112,6875;76,53125;117,25;100,09375;90,5;-75,5625;-61,90625;47,09375;150,21875;4,25;10,34375;65,625;-129,59375;-12,125;106,875;-13,71875;219,3125;145,6875;-98,5;199,5;161,71875;-125,65625;118,59375;-2,625;122,75;-31,0625;169,96875;84,25;77,78125;34,8125;129,15625;3,6875;166,875;114,25;-20,875;164,0625;147,90625;126,40625;330,96875;94,90625;88,3125;164,90625;178,875;-68,25;54,75;363,125;43,4375;156,9375;109,28125;-25,8125;134,78125;-27,78125;23,09375;110,625;196,8125;211,53125;178,1875;
-167,625;-219;-223,3125;-357,3125;1418,25;-138,03125;-244,53125;-158,75;-69,875;-241,09375;-308,3125;-280,90625;-1,0625;-152,90625;-101,15625;-136,71875;-327,6875;-306,59375;-180,9375;-192;-315,1875;-50,53125;8,34375;-190,96875;-299,5;-263,5;-196,25;-327,375;-204,40625;-186,625;-334,78125;-197,75;-10,1875;-182,90625;-202,09375;-217,46875;-21,59375;-154,03125;-64,46875;-56,625;-34,25;-340,53125;-197,40625;-14,5625;-273,53125;-83,15625;-277,59375;-154,5625;-86,5625;-163,53125;-110;-199,125;-216,75;-414,90625;-204,6875;-313,1875;-272,375;-203,90625;-253,9375;-145,84375;-216,96875;-348,0625;-285,6875;-145,71875;-204,5625;-270,78125;-236,28125;-287,875;-379,6875;-240,75;-441,875;-252,375;-155,90625;-318,65625;-144,09375;-281,375;-35,65625;-423,25;-227,6875;-207,1875;-416,90625;-213,53125;-318,15625;-246,40625;-265,59375;-144,5625;-63,40625;-97,28125;-154,8125;-156,90625;-368,875;-217,625;-433,8125;-150,1875;-134,46875;-184,65625;-133,09375;-255,5;-114,90625;-307,375;-351,65625;-247,78125;-79,3125;-97,6875;-89,96875;-165,78125;-173,6875;-279,84375;-358,6875;-203,34375;-85,09375;-138,5625;-104,21875;-62,96875;-289,1875;-64,84375;-40,09375;-249,78125;-354,09375;-166,375;-308,125;-191,96875;-129,125;-249,15625;-343,375;85,75;41,96875;8,65625;41,78125;35,53125;-42,8125;22,5;-117;-148,40625;-117,96875;-131,75;-372,1875;-218,40625;-147,5;-45,5625;-265,4375;-326,0625;-72,46875;-268,4375;-54,09375;37,5;-70,96875;-36,6875;48,21875;66,875;71,75;-39,125;99,0625;88,5;-227,84375;-105,15625;-46,65625;-61,1875;-185,65625;-79,875;-253,125;-153,1875;-131,6875;-165,21875;65,78125;35,6875;74,3125;225,40625;-79,15625;-171,28125;-143;-39,65625;-190,65625;-100,21875;-279,65625;-176,03125;-219,1875;-195,46875;-97,1875;-49,09375;-362,1875;-205,5625;-227,1875;-82,59375;-195;-247,375;-262,65625;-324,9375;-50,90625;-304,28125;30,28125;-255,78125;-89,28125;-10,96875;-58,3125;-187,59375;-24,53125;27,1875;-71,4375;138,15625;-186,5625;-189,09375;65,90625;72,46875;-392,09375;-363,875;-221;-203,625;-254,46875;-171,875;-135;-303,25;-152,09375;-157,375;-326,6875;-17,9375;-223,09375;-184,75;-282,9375;-277,78125;-192,65625;-269,09375;-190,375;-248,59375;-190,90625;-339,8125;-208,90625;-108,21875;-288,28125;-192,15625;-110,84375;-135,28125;-308,9375;-206,96875;-215,65625;-248,8125;-144,8125;-235,90625;-85,53125;-247,71875;-117,875;-285,625;-317,84375;-251,71875;41,90625;-87,625;-130,0625;-136,15625;-129,71875;33;-116,59375;-214,75;-363,875;-149,375;-250,5;-22,1875;-164,375;42,21875;-105,15625;-152;-63,46875;-42,3125;-209,71875;-159,4375;-212,59375;-38,59375;-47,25;41,0625;-89,125;-21;-56,9375;-141,6875;-92,125;9,53125;-108,78125;-47,34375;-119;83,84375;26,8125;-145,875;159,375;-12,78125;-3,625;-177,6875;-163,71875;-16,875;154,625;-101,4375;-182,40625;-178,8125;-203,75;180,15625;-90,875;15,96875;-2,5;144,84375;-85,34375;67,875;-173,71875;-11,46875;-147,96875;20,46875;18,21875;-93,21875;18,28125;77,34375;-44,96875;19,0625;-174,21875;-188,03125;44,3125;-251,25;-64,15625;-52,21875;-22,46875;13,3125;-46,9375;-136,9375;38,84375;-246,84375;
47,28125;73,53125;-6,125;-48,78125;-248,6875;107,09375;9,9375;90,84375;134,5;76,71875;50,75;-167,4375;-106,40625;51,90625;114,78125;175,46875;160,84375;250,25;-2,21875;-132,34375;14,625;7,65625;94,53125;34,28125;90,0625;152,46875;-41,21875;73,34375;8,75;260,25;-66,78125;119,4375;-32,8125;-273,3125;-69,8125;-150,09375;22,375;170,8125;-6,8125;189,6875;266,46875;-219,25;-116,15625;-122,15625;67,65625;203,1875;-74,25;-41,96875;-82,1875;-37,59375;95,875;-117,625;-24,25;93,1875;-67,28125;36;173,4375;-304,96875;-146,90625;-120,28125;-9,53125;50,15625;-25,4375;-27,5;145,3125;-0,59375;147,78125;119,6875;-92,15625;-16,6875;-119;151,84375;90,15625;-32;9,84375;-204,15625;-189,4375;24,3125;-64,09375;76,96875;48,59375;181;35,71875;-96,09375;15,46875;-110,09375;14,5625;64,53125;-154,75;218,8125;18,09375;119,125;-0,5;61,40625;-182,125;-4,34375;47,5;-88;-73,75;26,75;-172,875;-116,28125;-129,40625;-163,75;119,3125;83,8125;91,96875;-221,5625;50,84375;48,40625;87,59375;-31,96875;89,96875;79,125;38,78125;68,9375;31,90625;62,375;72,21875;-46,25;-83,5625;-109,1875;124,75;122,9375;99,5625;-220,96875;193,71875;63,6875;136,125;-17,75;71,59375;91;-50,1875;133,5;-60,84375;278,6875;100,4375;57,40625;87,625;214,78125;190,0625;63,34375;186,21875;65,84375;17,5;112,40625;196,53125;110,5;200,96875;136,96875;128,1875;138,21875;14,9375;192;68,3125;62,84375;221,71875;-150,625;112,15625;65,28125;41,84375;310,78125;234,8125;41,90625;42,8125;180,0625;249,4375;175,75;85,4375;-17,8125;-58,625;63,75;-147,875;80,6875;143,8125;376,75;-30,1875;-99,21875;85,625;93,3125;136,1875;181,15625;98,40625;13,4375;57,1875;183,15625;-49,28125;129,71875;-37,125;-23,5;5,65625;104,9375;26,21875;136,03125;24,8125;104,90625;111,25;-17,28125;39,625;46,84375;234,25;-89,25;-90,71875;199,8125;28,28125;-2,53125;13,1875;-37,9375;105,40625;19,40625;88,40625;124,5625;46,3125;-15,875;46,28125;155,8125;-180,40625;-56,875;207,59375;-139,71875;31,875;91,65625;87,25;-40,59375;31,8125;123,28125;-66,875;60,96875;163,9375;68,875;-7,5;-58,40625;-146,84375;112,96875;67;-100,21875;-15,96875;-83,90625;41,84375;79,75;33,875;-49,125;130,9375;203,03125;147,84375;14,90625;68,90625;104,1875;77,1875;152,09375;150,75;107,53125;210,25;23,53125;205,40625;44,59375;198,71875;72,96875;-4,375;-3,25;266,28125;68;195,125;34;1,34375;13,5;38,8125;253,15625;108,34375;112,09375;57,40625;229;113,46875;49,53125;62,09375;106,71875;217,8125;-0,375;3,59375;159,03125;394,9375;410,40625;340,5625;86,03125;301,71875;137,78125;54,03125;134,59375;105,25;228,9375;101,53125;171,3125;186,625;144,9375;106,125;289,15625;118,75;330;152;200,25;182,96875;8,28125;193,6875;140,1875;38,09375;-25,5625;71,71875;132,625;110,125;169,6875;-174;399,125;205,65625;153,375;60,75;134,65625;246,84375;103,6875;21,53125;134,46875;
-193,28125;23,125;-115,5625;-182,59375;-68,96875;-35,5;7,59375;15,46875;-120,6875;-201,59375;-217,96875;-154,03125;-448,34375;67,40625;-13,25;-234,59375;-21,9375;-356,875;-157,125;-189,46875;-157,875;-86,71875;-148,65625;-333,6875;-66,03125;-31,28125;-165,59375;-89;-233,875;-171,59375;-85,03125;-279,03125;-101,28125;-118,75;-63,8125;-136,375;-349,875;-196,375;-385,25;42,9375;-149,28125;-123,1875;-167,46875;-17,65625;-189,40625;-99,96875;-179,3125;-302,78125;2,03125;-350,96875;-310,09375;-326,125;-256,78125;-101,34375;-231,09375;-177,8125;-69,28125;-359,3125;-160,3125;-24,9375;-159,625;-306,1875;-110,1875;-212,03125;-100,5;-249,25;-259,4375;-132,09375;-222,375;-85,96875;-164,40625;-96,25;-323,34375;-4,625;-213,84375;-179,3125;-73,09375;-94,21875;-306,375;-146,53125;-107,78125;-55,15625;-232,71875;28,28125;-14,96875;-299,3125;-63,65625;-161,21875;-114,65625;-32,46875;61,65625;-15,53125;-9,65625;-65,375;-137,125;-168,25;-209,1875;-2,6875;-71,53125;-110,71875;-193,5625;-18,09375;-280,46875;104,90625;-68,21875;-153,625;-131,15625;-18;-58,84375;-131,875;-20,40625;-15,46875;-102,40625;-174,875;108,125;-316,46875;-280,78125;-360,78125;-180,3125;-37,1875;-152,875;-192,03125;-251,84375;-221,9375;-240,375;-76,875;30,15625;-94,9375;-72,3125;18,53125;-121,1875;23,46875;140,34375;-8,5625;96,15625;-215,65625;-74,4375;-254,15625;-77,5625;-28,46875;-183,0625;-279,46875;-191,0625;-9,84375;-133,21875;-128,6875;-90,15625;2,28125;68,6875;188,84375;-147,59375;-61,0625;-21,09375;-94,125;-126,28125;-28,25;-41,6875;-199;-90,78125;-189,71875;-162,3125;-21,4375;-247,53125;-140,1875;-125,9375;40,90625;31,125;-183,625;-142,03125;-165,59375;-33,96875;25,875;-83,84375;-9,46875;-66,3125;-92,21875;98,625;-72,71875;-268,90625;47,8125;-107,625;124,46875;-110,90625;-257,03125;-332,28125;67,84375;-82,78125;-193,125;-230,28125;-282,375;-175,28125;5,5;76,3125;109,0625;-92,34375;-195,15625;-54,6875;-250,59375;-15,5625;22,21875;5,15625;-0,71875;-67,21875;-204,40625;-157,46875;-88;-146,78125;-107,9375;-238,0625;-332,3125;44,375;-193,40625;-100,875;-276,03125;-218,90625;-106,375;-103,1875;-319,25;-47,15625;-376,875;-171,59375;-181,65625;-140,75;-170,15625;-161,875;-156,34375;-95,28125;-231,71875;-87,5;-245,53125;-118,78125;-167,65625;-196,78125;-37,0625;-188;-72,59375;-105,9375;-51,4375;10,875;-18,53125;-151,4375;-207,8125;-65,03125;-68,90625;-122,90625;59,46875;26,0625;-2,9375;-60,09375;-60,15625;-18,40625;-15,875;-188,6875;-205,8125;-30,40625;-241,71875;-225,84375;-91,0625;-37,8125;26,8125;-8,4375;-87,15625;-15;-99,34375;-152,71875;62,28125;24,96875;-154,0625;-94,03125;-134,75;199,375;-111,53125;-37,28125;61,75;68,0625;-116,9375;-188,875;-46,5;-330,6875;-70,65625;-156,40625;8,9375;68,03125;85,9375;123,8125;70,46875;-137,65625;79,03125;-84,90625;-194,1875;-138,21875;191,71875;-22,5625;173,28125;107,59375;9,90625;-185,21875;-225,15625;38,15625;-102,53125;-49,0625;-107;-149,15625;-71,6875;-8,9375;-89,96875;29,34375;-9,59375;173,875;-262,375;1694,34375;-213,65625;-70,1875;-6,0625;95,1875;-3,90625;-191,03125;-19,3125;-41,8125;32,65625;
21,125;105,8125;230,59375;-79,4375;75,40625;9,84375;-35,28125;123,375;122,59375;162,125;77,96875;-206,84375;-19,0625;118,71875;-124,03125;-130,5;-32,65625;50,5625;110,25;196,15625;44,9375;-278,5;69,5;-5,03125;113,1875;-204,6875;-199,125;-39,5625;-15,46875;-55,78125;-89,6875;-38,4375;35,375;72,65625;76,09375;-83,875;-4,6875;-255,5;148,9375;21,5625;-56,125;164,78125;-120,9375;135,125;-14,46875;-4,03125;-228,625;-241,4375;-27,84375;-111,09375;-72,46875;-294,125;276,1875;108,875;-221,96875;21,875;-226,84375;-210,375;-177;-202,8125;-155,9375;-64,125;27,125;-77,96875;-124,65625;-136,71875;-143,0625;-58,78125;-20,40625;-93,125;-32,34375;-196,15625;23,40625;59,53125;-185,78125;-47,5;-88,75;-69,65625;-61,0625;-156;-204,28125;-102,5;-19,21875;-172,5625;-55,375;-178,65625;-36,5625;-108,25;176,5625;-47,1875;17,03125;33,9375;-1,59375;-52,34375;-97,125;-37,90625;-204,21875;134,375;36,65625;77,46875;-109,4375;-20,4375;-105;-146,03125;-167,03125;-327,1875;-147,8125;17,65625;-166,03125;-55,0625;102,96875;120,75;45,875;131,09375;-140,75;24,15625;125,0625;52,84375;-68,46875;-96,28125;-294,28125;-151,5625;-160,78125;109,03125;-147,40625;-51,53125;24,625;162,9375;-69,5625;33,71875;21,25;23,03125;122,9375;229,78125;-21;-78,5;45,375;37,59375;-13,15625;153,96875;-111,875;-198,4375;-209,8125;35,625;70,5625;-119,1875;61,65625;174,625;-9,5625;113,03125;127,09375;198;-69,46875;-58,46875;-182,8125;205,3125;58;33,9375;166,25;-92,375;58,21875;-123,21875;149,46875;21,40625;-137,03125;38;74,46875;137,78125;-71,5;-109,3125;-12,9375;-4,0625;-105,71875;67,59375;-59,3125;-121,78125;7,1875;-90,25;-29,4375;-23,28125;-144,25;43,0625;-120,5625;61,71875;72,21875;-52,21875;14,53125;28,5;-97,25;-120,53125;-59,84375;-72,8125;134,28125;79,90625;161,5;200,875;166,875;119,21875;151,71875;239,09375;43,40625;-114,59375;-34,125;-46,0625;11,4375;-213;137,625;-177,21875;-53,5625;-217,1875;-305,25;-95,5;-201,84375;-40,9375;-81,5;-94,78125;-41,625;-175,6875;26,09375;-220,1875;29,78125;-52,78125;103,09375;-111,375;-171,40625;-3,09375;235,15625;-132,96875;-19,5625;84,78125;-80,78125;6,21875;2,90625;-37,53125;-108,1875;91,78125;-200,46875;-15,4375;-116,34375;-32,25;127,84375;-25,0625;-89,96875;47,40625;-10,9375;-220,4375;-162,96875;-35,40625;31,59375;-114,03125;-29,65625;95,0625;27,65625;7,0625;46,46875;40,9375;47,4375;85,5;-207;-57,09375;-82,5625;60,90625;190,125;-43,59375;205,90625;-227,375;-56,375;90,1875;52,71875;20,3125;-12,40625;66,65625;82,25;121,25;64,15625;228,21875;161,15625;30,75;-53,59375;204,21875;139,25;184,875;35,5;158,5625;142,28125;119,09375;285,09375;140,6875;-36,03125;-41,75;8,9375;20,4375;53,28125;344,3125;307,6875;229,53125;99,9375;-170,65625;55,78125;0,4375;-102,8125;118,875;-0,65625;61,46875;80,0625;63,4375;-58,5;-19,9375;132,375;95,90625;-166,875;112,65625;67,84375;20,59375;106,53125;-22,1875;-9,90625;182,0625;-154,65625;150,59375;
45,28125;-62,8125;-21,3125;-222,90625;-305,34375;-126,15625;-246,21875;74,09375;292,125;-130,75;133,5625;86;79,78125;-47,1875;36,46875;156,5625;-200,0625;-88,03125;147,4375;-18,03125;24,65625;5,21875;-114,84375;-65,4375;-31,28125;-264,40625;-257,1875;-118,34375;-75,09375;-145,0625;-226,125;100,78125;52,1875;10,53125;36,84375;-87,875;-93,71875;-209,46875;20,09375;-125,0625;28,15625;-70,46875;-43,71875;-92,15625;-188,9375;-11,34375;-179,875;-25,03125;150,09375;-40,03125;-31,5;-90,375;-45,09375;-189,15625;-159,28125;-74,1875;-285,46875;54,1875;77,96875;-115,90625;-139,125;59,78125;-141,96875;-119,90625;-13,46875;-178,375;-106,0625;-33,03125;-39,78125;157,53125;40,59375;-153,96875;-91,0625;-134,375;7,6875;-195,71875;40,8125;27,4375;-33,8125;-39,96875;156;51,34375;21,3125;-155,15625;44,1875;-210,21875;-34,0625;-8,5;105,90625;1,03125;-25,40625;-5,4375;88,96875;-106,15625;16,40625;-126,5625;-86,84375;56,75;71,3125;-64,03125;145,3125;76,6875;63,875;88,3125;-108,625;247,8125;-71,84375;-63,1875;-109,8125;-30,375;238,0625;55,15625;1,375;100,0625;-90,28125;15,96875;-4,6875;33,375;92,03125;14,46875;22,34375;109,59375;-0,96875;-16,3125;-62,90625;-14,75;6,78125;159,3125;137,21875;176,53125;150,21875;67,34375;91;91,09375;71,3125;61,78125;3,84375;-205,71875;176,40625;149,5;52,78125;37,0625;-125,90625;-121,78125;116,34375;-44,09375;261,03125;22,90625;160,28125;57,78125;101,21875;230,8125;82,15625;21,78125;68,03125;-55,03125;59,65625;260,59375;89,8125;224,0625;-72,46875;147,90625;208,03125;73,59375;74,09375;59,78125;107,46875;69,59375;15,53125;148,625;-6,09375;-98,5;-209,9375;-41,15625;130,65625;40,625;-66,28125;-54,875;-196,5;9,6875;-48,25;-115,40625;135,75;9,1875;-96,46875;97,90625;-108,5625;70,09375;95,75;-46,1875;-29,1875;72,5;172,71875;45,84375;217,25;-13,5;60,25;-107,03125;96,5;-88,125;158,65625;-215,90625;-78,53125;-67,625;-244,84375;-238,78125;223,40625;114,65625;1,03125;-217;1,34375;63,25;-59,84375;-239,34375;-166,1875;-149,4375;14,625;158,09375;-103,21875;-116,71875;-120,875;-180,65625;-197,3125;-93,40625;-96,375;-23,25;-72,5;210,75;132,8125;-99,625;29,5625;-112,90625;15,46875;85,96875;-20,53125;-114,53125;74,09375;11,5625;-63,5;101,875;237,90625;-32,0625;-61,8125;41,78125;101,34375;70,46875;-7,28125;-3,53125;52,34375;-35;-40,8125;92,3125;97,25;34,59375;-26,84375;-43;210,75;-3,25;28,1875;-12,90625;82,6875;92;-121,5;42,65625;-136;-104,53125;87,4375;266,75;-14,78125;59,625;-43,96875;114,75;202,3125;190,40625;271,78125;195,03125;204,4375;-28,375;31,125;-8,15625;93,625;42,25;131,4375;211,5625;186,53125;111,1875;168,28125;156,9375;37,03125;-16,28125;-110,3125;94,53125;2,125;324,65625;-89,28125;128,09375;70,625;-33,96875;133,03125;179,28125;-26,5;170,65625;244,59375;-39,8125;129;76,125;-43,6875;70,875;215,375;155,5625;121,6875;227,21875;117,1875;21,09375;171,78125;162,71875;102,75;82,3125;22,125;134,65625;
-155,59375;-196,9375;-137,59375;-67,65625;-8,03125;-191,53125;-230,875;-55;-85,78125;15,6875;109,25;-168,84375;79,78125;-200,75;63,5;-283,3125;-347,8125;-175,6875;-344;66,5;-17,90625;-90,25;-54,03125;120,9375;-25,40625;-256,4375;-407,90625;-275,40625;-43,1875;-67,71875;-190,9375;-16,65625;-239,28125;-95,09375;-171,28125;-148,40625;-225,53125;-129,53125;-267,71875;-218,96875;-147,21875;-91,6875;6,3125;-47,75;-125,96875;-171,78125;-279,3125;110,5;-185,90625;-4,0625;-226,4375;-61,5;-76,9375;-163,65625;-228,09375;-335,9375;-135,46875;-218,375;-166,21875;-287,78125;-0,53125;-183,5625;83,0625;-175,5;-249,9375;-213,75;-124,28125;-209,75;-106,28125;-33,90625;-169,4375;-44,90625;-164,25;-62,75;-187,84375;-78,96875;-74,09375;-208,0625;7,1875;-136,3125;-89,28125;-45,1875;-204,46875;-166,34375;-228,21875;-230,625;-107,34375;-58,125;-146,75;-62,5625;-142,84375;-144,84375;-48,15625;-162,5625;-151,46875;-213,65625;-223,03125;-13,875;-99,375;42,3125;172,3125;-77,03125;-54,1875;-159,78125;-189,90625;-184,3125;5,09375;-267,71875;62,21875;32,5;-30,875;88,90625;110,25;68,15625;-137,625;-47,78125;128,40625;137,21875;-81,53125;55;-116,90625;-119,9375;-74,1875;37,9375;-217,21875;29,25;9,21875;40,84375;-22,21875;-84,9375;174,40625;128,9375;44,15625;-11,59375;-61,5;-66,75;14,4375;82,4375;35,84375;25,78125;-86,78125;-157,5;-274,4375;28,15625;-51,0625;-80,46875;-64,6875;20,3125;193,28125;104,65625;28,65625;-38,6875;159,03125;123,9375;-3,875;35,25;-54,96875;-84,03125;-141,90625;-91,25;-153,8125;-19,375;57,71875;-214;-198,78125;-322,90625;130,5625;-141,1875;124,625;-107,96875;-117,90625;-16,53125;66,46875;-119,71875;-42,21875;-194,71875;-337,84375;22,03125;97,65625;-144,125;50,125;-89,78125;-161,03125;-305,03125;-80,25;-20,15625;-138,53125;-276,90625;33,8125;-81,4375;-60,21875;-24,8125;-72,84375;-42,9375;-71,6875;92,15625;44,28125;76,46875;52,5;-23,0625;-82,5625;-107,6875;-42,9375;-75,125;-174;-239,09375;-82,28125;-63,34375;-192,125;-143,6875;-63,9375;28,65625;-280;-248,375;-176,0625;-81,375;-38,84375;-28,5625;-105,03125;-219,4375;-207,65625;-21,8125;-231,65625;-119,1875;-54,09375;-133,6875;-100,96875;-184,1875;-25,21875;-334,6875;-204,28125;-56,65625;-97,59375;-93,46875;20,09375;108,875;-236,96875;53,6875;-81,96875;23,09375;-91,125;-276,71875;1,6875;-83,65625;-174,28125;-357,625;-185,5;25,40625;77,875;71,84375;-131,875;-116,5;-163,59375;-47,25;-55,59375;-176,71875;-81,46875;-344,34375;-188,375;40,75;-177,15625;25,34375;-105,28125;77,53125;-114,9375;-33,59375;7,4375;-158,4375;-42,5;-215,96875;107,78125;161,125;-30,78125;201,71875;-100,34375;-212,65625;-275,71875;35,53125;-31,0625;34,25;-47,4375;-0,1875;-70,09375;0,28125;89,875;89,8125;75,46875;21,40625;-13,75;-74,09375;-8,375;36,25;-109,46875;-98,6875;54,3125;7,53125;170,4375;-1,25;52,21875;53,8125;1,15625;-41,0625;-17,6875;-49,3125;147,28125;14,53125;-22,5625;-204,9375;-67,8125;9;-15,34375;32,09375;-85,1875;25,625;-53,09375;15,71875;-97,46875;-38,21875;91,34375;-121,96875;
-252,21875;-136,5;157,25;-22,6875;126,34375;-102,46875;-96,96875;-18,28125;-154,34375;-100,09375;66,59375;-6,625;51,53125;-30,9375;128,8125;-79,625;-104,8125;-23,625;-48,65625;-226,9375;-63,9375;92,625;25,53125;118,125;-21,65625;184,375;-74,09375;-252,84375;-81,28125;35,46875;-323,96875;-137,375;-302,34375;-224,1875;-31,9375;-176,0625;26,9375;-251,8125;13,5625;-98,40625;-252,5625;100,90625;-63,65625;-66,96875;-8,3125;-3,78125;-149,71875;-63,03125;-5,65625;-172,15625;-167,5625;11,96875;-237,34375;-154,125;-225,71875;-106,1875;18,625;-228,375;-48,15625;-41,375;-53,96875;10,90625;-138,5625;-49,96875;184,28125;-49,71875;-200,25;-164,3125;-136,09375;-89,9375;-191,8125;106,375;-171,90625;-77,46875;-84,90625;-36,9375;-36,0625;-118,21875;-190,375;198,6875;14,75;-32,65625;-94,71875;-135,78125;18;-38,5625;-46,8125;-80,5;75,625;-86,03125;92,75;-299,25;-20,46875;4,59375;-129,15625;16,40625;-82,96875;-135,125;15,125;41,15625;95,375;-24,59375;48;-104,5;-80,5;117,09375;-128,4375;35,90625;103,46875;-36,8125;-94,1875;135,9375;-123,53125;180,8125;98,34375;-89,21875;174,3125;-234,34375;-84,3125;-178,59375;-93,15625;-130,9375;-77,28125;14,5625;103,09375;45,125;100,5;249,0625;172,25;303,15625;138,375;-72,625;98,96875;159,28125;-32,40625;121,71875;87,3125;116,90625;103,65625;213,4375;-196,75;108,34375;82,3125;148,40625;63,1875;-65,65625;50,375;145,09375;87,875;120,5625;142,25;194,125;232,84375;-34,15625;312,21875;187,71875;-17,09375;203,03125;270,4375;144,15625;29,21875;-119,28125;22,78125;-20,1875;35,40625;-176,96875;0,65625;-4,6875;39,4375;26,6875;118,53125;-71,65625;37,875;8,0625;136,25;-85,25;80,34375;115,75;67;-70,03125;90,46875;144,40625;-94,46875;20,15625;-94,53125;58,59375;-244,9375;-12,1875;-181,3125;119,9375;26,34375;-49,9375;70,6875;144,625;-84,96875;161,25;-17,21875;40,21875;158,78125;209,78125;278,1875;90,78125;9,65625;63,59375;-93,8125;-29,65625;-120,46875;-216,28125;-116,34375;-261,8125;-76,4375;67,03125;-90,5625;59,28125;-51,03125;-137,9375;-7,6875;68,875;9,65625;-107,4375;-107,65625;-68,46875;52,96875;-3,09375;-95,5;-262,375;107,4375;13,59375;234,5625;110,875;-96,84375;-135,6875;259,375;-93,875;-70,21875;-49,375;-75,46875;20,15625;-81;-123,0625;-128,78125;-160,96875;47,78125;127,78125;-67;-3,6875;24,65625;-127,21875;83,375;-72,75;20,3125;107,0625;235,03125;-118,375;67,84375;55,5;-61,78125;28,4375;41,84375;161,125;81,4375;10,15625;-45,96875;62,53125;58,6875;-105,59375;-22,65625;145,84375;-105,34375;-41,84375;-11,3125;-48,84375;108,65625;-23,59375;246,15625;42,40625;35,03125;-24,09375;207,46875;245,65625;-53,65625;104,28125;1,28125;81,25;-64,4375;-157,59375;-20,0625;196,15625;104,8125;323,59375;138,3125;-44,84375;203,4375;96,375;54,9375;16,0625;-59,78125;139,34375;65,875;78,375;201,28125;91,125;-10,5625;103,75;89,5625;256,21875;108,40625;-21,46875;31,8125;-156,6875;148,3125;15,28125;8;338,46875;34,9375;27,34375;106,65625;176,8125;164,4375;223,21875;
-64,875;29,3125;-19,59375;0,875;79,625;-98,6875;82,59375;-228,75;-51,78125;44,375;180,84375;-161,96875;-242,1875;19,5;-254,15625;-185,1875;-110,65625;251,875;-87,90625;-127,4375;6,6875;26,53125;-80,375;-52,28125;-55,96875;-310,625;-208,21875;-192,09375;-77,28125;122,9375;-85,84375;16,28125;74,5;-53,875;15,15625;-121,28125;-98,3125;63,875;32,28125;169,4375;79,4375;142,75;-9,96875;7,125;-119,84375;25,4375;-35,125;-84,84375;-50,0625;139,71875;73,8125;-45,5;-89,40625;-139,53125;24,78125;-169,6875;10,65625;165,15625;101,71875;-58,09375;-211,8125;0,84375;12,9375;-175,9375;-183,40625;-113,40625;42,5625;-43;181,1875;-84,8125;112,1875;81,90625;151,3125;-5,6875;114,90625;-22,6875;-64,03125;88,21875;-44,71875;-111,53125;-182,34375;-70,15625;69,375;-91,59375;-63,21875;25,875;111,125;-141,5;37,03125;-85,34375;32,40625;-125,71875;-45,90625;-206,40625;-88,4375;-38,03125;14,625;153,65625;166,96875;357,1875;4,1875;27,125;7,5625;156,0625;6,34375;-170,6875;4,375;106,59375;-23,15625;147,375;119,53125;281,53125;167,96875;-14,78125;187,3125;166,59375;105,28125;45,6875;63,71875;-28,625;-37,875;-144,71875;-93,78125;29,875;-38,3125;445,84375;43;231,6875;192,78125;265,28125;278,96875;412,53125;72,875;524,0625;293,3125;152,21875;53,25;99,59375;192,375;137,59375;152,4375;225,65625;85,84375;226,1875;60,8125;118,34375;-48,875;191,6875;287,625;314,625;192,65625;15,75;205,84375;211,375;158;272,3125;306;196,0625;230,59375;107,15625;-33,84375;-116,625;106,84375;35,46875;96,21875;-118,78125;106,15625;68,5;-67,46875;93,375;134,96875;210,625;15,25;147,15625;42,75;-93,25;7,59375;-182,4375;-89,46875;14,34375;-190,03125;-158,96875;56,71875;-54,6875;107,3125;96,15625;4,90625;-135,71875;197,1875;14,46875;76,9375;189,0625;51,8125;36,4375;140,03125;-5,28125;270,5;6,0625;122,84375;184,96875;140,40625;139,71875;-32,4375;-31,4375;13,5;89,625;276,25;-206,28125;62,25;28,28125;87;-174,125;120,9375;-12,34375;-163,875;-90,3125;36,28125;-37,75;-56,90625;-186,625;-81,96875;83,75;-104,875;94,90625;87,625;29,53125;-33,6875;-70,9375;210,5;138,71875;245,375;89,34375;246,3125;-14,34375;58,96875;26,21875;-238,71875;-112,5625;-43;26,1875;105,59375;30,625;31,75;-14,0625;-183,96875;28,15625;28,71875;-106,34375;-128,5625;98,28125;133,96875;-11,5625;172,03125;-66,65625;-98,1875;-63,4375;114,375;-17;-32,71875;146,84375;111,53125;-24;139,71875;5,21875;1;194,21875;155,21875;-103,9375;153,78125;-144,75;-30,625;-8,15625;24,625;196,75;163,5;95,0625;143,84375;211,125;-12,3125;103,875;148,84375;130,59375;135,9375;12,09375;93,6875;141,34375;-171,34375;65,84375;65,28125;-47,34375;82,65625;134,90625;205,46875;94,625;-104,40625;80,34375;-146,1875;-109,40625;-2,875;-58,25;-105,8125;30,15625;62,75;54,53125;273,4375;132,90625;99,65625;-149,875;103,34375;-11,84375;106,15625;145,3125;123,25;206,65625;-15,25;-34,5625;103,59375;315,125;348,28125;161,78125;
168,5;-159,28125;-54,28125;63,15625;74,46875;47,78125;-253,9375;57,71875;58,6875;-127,625;-146,40625;-59,8125;-106,96875;46,75;-203,65625;-27,09375;-283;-188,0625;-75,03125;-192;-27,46875;-71,71875;6,34375;-125,9375;-215,34375;-53,03125;12,25;-119;-87,21875;-269,125;-196,53125;-86,5;-298,5625;-76,3125;-78,4375;-173,65625;-313,09375;-83,09375;-154,75;-52,71875;-204,8125;-139,125;29,375;-236,96875;-248,96875;-191,40625;-151,90625;-125,53125;-140,8125;-185,875;-107,5625;-129,0625;37,25;-7,96875;-224,65625;-194,40625;-230,71875;-353,28125;-220,5625;-179,375;-296,3125;-130,1875;-241,53125;-230,25;-154,4375;-233,25;-169,8125;-92,25;-186,75;-271;-166,78125;-324,15625;-308,78125;-158,15625;-107,1875;-246,8125;-138,625;-207,09375;-33,40625;-269,15625;-248,5625;-289,875;-199,8125;-36,875;19,34375;35,875;-86,875;-184,8125;-263,34375;-200,25;-207,46875;-185,40625;-213,125;-279,65625;66;5,5;-130,09375;-42,40625;-107,375;-121,03125;-58,21875;-10,53125;148,25;-164,125;-311,4375;-280,09375;-7,4375;66,28125;-70,78125;-8,375;-7,21875;107,625;-1,40625;6,90625;141,78125;-5,84375;-157,46875;59,1875;-73,8125;-219,125;-184,46875;-188,1875;-182,15625;4,78125;-119,84375;-39,375;92,28125;424,96875;74,25;176,75;66,125;245,4375;171,59375;53;217,75;128,375;176,09375;166,34375;141,40625;46,46875;70,5;-71,84375;124,46875;125,71875;45,90625;-130,6875;52,59375;-167,90625;69,21875;-87,9375;94,03125;-2,4375;67,84375;-23,53125;181,5625;37,40625;186,0625;203,84375;30,09375;-57;-25,03125;-191,53125;-190,09375;-137,46875;-275,125;150,25;-164,0625;-1,65625;-86,9375;-86,09375;-119,03125;9,0625;-112,6875;-73,03125;-83,625;-87,71875;-20,6875;-83,21875;-138,34375;-152,75;-68,78125;-88,78125;-132,75;-124,6875;-116,84375;-111,25;-167,0625;-206,40625;-146,09375;-281,78125;-20,25;-73,90625;23,34375;-54,34375;11,375;122,34375;14,40625;31,40625;1,15625;114,4375;78,46875;-121,375;-16,71875;-351,15625;-14;11,9375;-93,0625;-292,75;6,75;-86,90625;-120,875;-58,5625;-244,75;-230,40625;-147,125;-164,65625;-254,46875;-99;-165,9375;-309,21875;-111,5625;-255,5;-71;-48,875;-160,03125;188,5;-158,4375;210,71875;-132,8125;-98,5625;-161,28125;-66,03125;-61,09375;-113,40625;-66,15625;-358;-174,875;-152,4375;-304,09375;-103,03125;-26,96875;-133,53125;-51,75;-48,625;-195,71875;-223,71875;-153,4375;-210,8125;-98,09375;-144,28125;79,375;-190,96875;47,71875;84,59375;12,875;-69,4375;-65,21875;-108,0625;-77,8125;144,71875;-173,125;-58,9375;-32;-49,6875;-53,78125;-297,59375;-54,96875;-125,125;-213,75;-162,8125;10,28125;120,40625;-109,28125;-293,84375;-143,625;32,59375;20,9375;-53,65625;-87,625;-383,8125;-139,75;108,90625;-145,78125;-96,65625;114,5625;-7,71875;-97,25;-91,59375;-83,90625;5,03125;-158,0625;-76,59375;-121,125;69,3125;-139,78125;-51,90625;58;54,40625;-39;-20,9375;-40,75;11,75;11,5;-162,03125;-123,6875;-21,03125;-1,03125;199,46875;-47,5;6,65625;-212,46875;-23,53125;-71,78125;41,34375;-101,6875;-1,84375;125,8125;112,09375;31,46875;179,46875;
31,53125;-149,75;11,5625;6,75;182,9375;110,34375;14,0625;-8,78125;-89,125;51,25;27,15625;-74,84375;-51,8125;-101,03125;23,6875;-25,1875;-19,8125;-320,9375;-176,875;-179,875;128,15625;273,15625;54,34375;-185,6875;-140,65625;58,90625;-95,84375;16,5625;35,78125;-151,28125;44,4375;25,84375;-212,96875;-25,25;65,90625;-114;-187,0625;-159,1875;-33,15625;-143,1875;-39,65625;-243,03125;-132,4375;-126,4375;15,78125;-343,53125;94,34375;-6,65625;-45,0625;-69,8125;43,5;68,875;-122,03125;-184,125;24,0625;-242,1875;-118,0625;-160,03125;-243,5;-85,4375;-132,5625;-136,59375;-69,4375;-118,1875;87,125;-36,09375;-43,34375;-3,53125;-219,9375;-162,03125;-10,1875;-99,0625;30,125;-195,75;-49,15625;-28,53125;55,15625;6,1875;-42,40625;-220,28125;120,875;66,28125;182,125;142,03125;105,0625;-53,21875;-49,46875;34,4375;-201,375;-22,28125;73,53125;56,15625;75,65625;13,96875;43,1875;-213,5;-112,40625;-102,15625;135,59375;156,28125;79,4375;238,5;179,5;-273,125;-63,375;-187,125;-5,96875;-107,09375;29,21875;162,1875;30,0625;92,96875;385,90625;87,65625;293,5;80,03125;193,6875;-22,53125;91,09375;-244,1875;-242,09375;-28,9375;45,40625;120,53125;135,46875;3,75;118,9375;204,21875;406,1875;113,875;464,40625;181,9375;237,90625;234,46875;197,65625;117,53125;307,375;278,34375;177,59375;206,09375;310,6875;-7,4375;68,375;84,34375;83,15625;163,78125;-37,125;158,90625;321,96875;151,5625;261,09375;200,625;-3,5;381,375;425,09375;120,8125;236,9375;200,25;98,5625;164,96875;158,34375;37,84375;-87,375;-105,75;136,6875;58,65625;176,3125;107,8125;52,96875;61,34375;124,09375;256,65625;100,75;49,1875;33,28125;87,1875;19,40625;-64,75;60,5625;157,625;22,21875;-34,5;-117,96875;-68,0625;-117,71875;103,40625;42,34375;155,21875;5,75;-43,71875;252,625;42,28125;112,8125;261,375;185,75;368,25;245,6875;367,46875;71,4375;-13,03125;173,71875;139,5625;24,1875;16,71875;-14,59375;53,84375;-133,71875;251,9375;110,8125;95,8125;-49,125;60,6875;-144,96875;5,75;-22,84375;-159,8125;-29,46875;-237,71875;-207,53125;62,875;0,15625;46,75;-13,75;-90,28125;-66;34;31,09375;-72,625;26,75;-84,9375;37,125;16,78125;-124,8125;-36,0625;30,34375;-44,625;-50,59375;-50,40625;-91,0625;-90,90625;130;148,46875;-177,34375;-4,21875;-89,8125;31,84375;-57,53125;-233,96875;-31,28125;-180,4375;62,8125;197,5625;-6,78125;-59,34375;130,71875;-33,65625;-98,125;-38,25;53,75;26,84375;100,59375;177,84375;-84,96875;-23,5625;12,84375;162,40625;206,1875;68,53125;-27,28125;215,75;-66,375;-4,8125;66,875;268,1875;1,3125;196,21875;141,15625;27,53125;97,40625;-16,4375;37,21875;55,4375;97,09375;111,96875;204,28125;217,84375;162,28125;82,71875;-80,1875;119,53125;-100,625;60,125;94,40625;280,78125;106,34375;230,125;-25,0625;-103,90625;33,5;240,96875;74,0625;74,28125;294,0625;-155,53125;307,75;60,53125;185,8125;163,5625;269,5;237,6875;-42,21875;101,5625;203,65625;60,875;-41,9375;169,5;14,3125;-2157,09375;475,125;139,8125;
-181,21875;230,125;-290,8125;24,0625;188,96875;149,59375;-35,78125;-223,03125;-184,28125;-21,34375;-27,84375;-196,09375;-354,9375;-57,0625;-131,65625;-149,34375;-213,03125;61,71875;-184,28125;-242,5625;-177,96875;-133,0625;-109,90625;-136,8125;-139,53125;-51,625;-145,4375;67,40625;-67,125;-61,03125;-96,53125;-122,1875;27,3125;-69,03125;-192,375;-151,3125;-162,65625;-129,6875;-175,71875;-129,09375;-176,8125;-38,125;-136,625;-116,34375;-173,375;-109,78125;-251,34375;-103,125;51,71875;-170,71875;-7,1875;-109,1875;-87,25;-29,78125;14,28125;-119,78125;-210,3125;-266,375;-23,46875;-25,75;-183,03125;-99,46875;-58,6875;-90,03125;-164,875;-413,625;-347,3125;-287,25;-98,40625;-218,40625;-124,78125;-117,34375;-219,53125;20,625;2,03125;-263,65625;-34,5625;-214,78125;-225,40625;-212,90625;-296,1875;-94,53125;-219,71875;-274,25;-39,1875;-288,59375;-192,4375;16,25;6;-18,53125;-74,625;-150,21875;-399,40625;-26,4375;-145,5;12,25;-73,375;15,875;-42,125;-67,40625;-93,5;-28,375;-24,09375;-131,28125;-65,875;-308,375;-221,25;-205,5;63,15625;20,28125;-19,46875;71,65625;177,34375;57,15625;222,65625;-22,3125;-183,5625;-85,28125;52,40625;-191,84375;-8,21875;54,125;-43,375;-114,0625;-192,8125;-119,5;-25,09375;220,40625;158,96875;235,6875;144,8125;116,75;343,1875;350,40625;-1,8125;137,78125;187,6875;77,375;169,5;-9,78125;-70,90625;-76,90625;226,40625;-81,46875;-118,6875;275,0625;2,59375;-123,90625;201,6875;189,6875;249,875;154,875;107,3125;-128,3125;-35,875;165,6875;145,90625;-113,3125;195,34375;226,71875;77,875;-39,53125;-203,03125;-250,40625;-92,875;-159,21875;-44,90625;-100,625;55,75;7,375;-31,25;6,59375;27,78125;-90,5;-3,875;-222;-70,5625;-174,53125;60,40625;-45,5;-212,09375;-346,625;-95,5625;-258,625;-81,96875;-236,1875;-205,5625;-338,1875;-102,34375;-118,09375;-99,53125;19,75;34,46875;209,375;191,375;223,34375;295,53125;41,84375;30,34375;208,46875;-11,28125;69,3125;-71,125;18,75;27;30,3125;-44,28125;-278,1875;-26,875;-122,6875;-187,46875;69,9375;-48,65625;-83,53125;-20,6875;-150,46875;-236,46875;-45,6875;-203,34375;-234,28125;-200,875;-174,03125;-164,375;-204,84375;-30,78125;-89,96875;-225,84375;-155,90625;-97,8125;-180,3125;-86,75;-44,03125;-56,125;-146,9375;-83,625;-196,65625;-283,3125;-106,6875;7,71875;-44,84375;-111,09375;-184,15625;21,21875;-28,71875;-152,5;-180,40625;-226,5625;-117,9375;77,0625;-138,90625;-41,71875;31,78125;-42,40625;34,75;-42,3125;-205,15625;-24,8125;2,6875;-233,71875;-196,9375;32,53125;-19,40625;-247,96875;-3,78125;73,90625;-17,15625;-146,96875;-40,125;-101,84375;-121,21875;-173,125;58,125;-129,1875;-25,0625;70,65625;-143,53125;54,75;-98,0625;-128,15625;-167;90,0625;-158,125;52,90625;150,46875;-79,28125;-2,15625;-168,40625;-32,90625;-168,21875;-123,59375;-39,625;6,34375;51,34375;75,8125;-132,71875;-106,875;93,28125;-63,46875;-102,6875;-109,28125;-117,125;-27,96875;-303,9375;-131,21875;177,4375;25,6875;36,125;57,59375;-56,84375;41,625;-212,28125;27,34375;3,75;-241,125;-27,25;79,46875;138,09375;322,65625;257,34375;-35,875;
-16;87,6875;211,1875;28,59375;-260,375;99,5625;10,59375;153,59375;53,3125;163,1875;231,34375;6,78125;90,21875;58,53125;-79,21875;-49,625;125,46875;-22,375;-9,5625;91,40625;174,53125;161,3125;-25,59375;-167,09375;-41,53125;-15,96875;42,21875;-140,46875;13,84375;45,5625;-128,5;1,5;25,6875;6,90625;9,4375;97,65625;-112,9375;70,53125;-22,84375;-69,71875;122,5;145,0625;-70,09375;-60,0625;12,71875;-80,28125;-62,65625;159,5;-138,65625;-14,8125;79,78125;-91,625;-72,40625;9,8125;9,25;75,125;62,78125;-213,59375;119,875;-16,78125;-22,90625;-215,1875;-26,1875;-10,4375;-68,09375;-148,78125;-315,03125;-100,46875;154,125;-104,90625;44,5625;-149,96875;126,375;-79,8125;24,8125;57,96875;-93,78125;-52,53125;-50,875;-4,4375;-53,65625;47,09375;79,0625;175,46875;25,875;45;48;47,53125;66,8125;-138,375;-9,96875;99,5625;-1,625;17,3125;-7;-71,4375;17,5;-38,1875;104,8125;107,71875;235,03125;113,78125;217,90625;16,875;36,09375;-140,03125;49,46875;88;26,0625;24,9375;196,8125;277,21875;242,53125;252,34375;232,1875;98,9375;149,96875;120,40625;21,65625;5,53125;-34,71875;206,8125;111,6875;126,65625;201,8125;126,03125;229,25;496,78125;345,8125;586,96875;498,125;262,875;342,8125;305,78125;326,59375;343,625;308,21875;354,5;375,03125;223,09375;173,96875;7,71875;211,28125;166,6875;66,3125;274,84375;-35,6875;291,3125;464,53125;373,28125;301,625;208,375;221;332,90625;422,5625;344,28125;337,3125;331,1875;302,28125;32,4375;410,71875;294,46875;62,5;103,25;252,84375;99,03125;-3,71875;-99,0625;204,65625;249,375;-111,46875;111,125;118,59375;151,5;75,6875;60,71875;43,3125;116,9375;0,25;-163,34375;22,75;-60,34375;-116,40625;176,34375;27,28125;16,0625;101,625;-84,875;206,375;-22,1875;261,28125;61,8125;224,84375;381,28125;557,34375;276,6875;449,3125;442,84375;287,6875;177,28125;205,875;171,4375;12,9375;275,65625;-0,6875;-31,75;229,28125;-62,5625;39,78125;-9,96875;149,75;-7,5;155,65625;162,65625;58,03125;34,96875;38,5;74,125;3,15625;26,875;110;11,875;276,03125;155,84375;141,875;5,21875;60,21875;112,25;98,84375;126,8125;117,4375;-92,125;-146,53125;256,75;167;124,25;275,5625;175,9375;-50,71875;34,34375;200,40625;-111,53125;68,09375;-18,34375;30,75;-72,78125;259,28125;17,625;139,90625;287,9375;-37,59375;125,75;130,53125;53,75;93,59375;208,6875;197,25;73,34375;241,25;167,09375;61;-9,625;31,40625;67;10,28125;55,53125;109,0625;-26,53125;29,96875;361,375;198,34375;202,3125;185,75;90,0625;-221,125;25,84375;75,15625;172,40625;85,1875;76,09375;221,125;90,3125;-26,4375;119,40625;-9,8125;153,59375;274,5625;147,6875;51,96875;239,75;132,59375;84,1875;201,5625;-102,375;93,15625;-8,1875;156,0625;11,71875;73,59375;211,1875;184,3125;186,53125;77,78125;91,25;290,4375;158,46875;196,96875;154,8125;343,15625;378,75;376,21875;86,125;190,46875;206,84375;154,40625;-32,375;72,96875;273,5625;212,90625;113,09375;
-115,28125;47,90625;-232,46875;-162,15625;97,9375;166,5;-85,0625;-239,875;-163,75;-211,375;-15,59375;-248,0625;-136,03125;-136,125;-129,28125;-33,71875;-4,375;-158,875;-13,25;-102,75;-51;-171,84375;-188,4375;-177,84375;15,8125;-225,25;-96,5;-101,21875;-62,65625;-264,84375;-111,6875;-226,125;-83,78125;24,8125;59,8125;-41,125;-110,5;-184;-108,125;-317,90625;-102,71875;-166,84375;-176,875;-249,875;-102,1875;-341,625;-116,78125;-146,15625;-281,03125;-291,34375;-246,9375;-63,375;-120,25;-304,8125;-86,3125;-291,28125;22,8125;-172,71875;-125,625;-39,0625;-241,78125;-200,96875;-30,84375;-58,625;-198,75;-111,25;-147,34375;-253,84375;-176,46875;-273,71875;-168,25;-112,59375;-64,71875;-279,875;-261,09375;-233,34375;-157,78125;-183,625;-266,8125;-318,3125;9,90625;-241,5;-302,96875;-144,84375;-258,375;31,03125;-243,71875;-185,21875;-56,90625;-214,5625;-147,28125;-176,5;-82,59375;4,28125;16,75;-128,9375;-111;-145,5625;-280,75;-75,78125;-116,75;-272,34375;-121,71875;53,09375;-283,25;-153,8125;-99,4375;-82,40625;1,875;53,84375;-62,125;-80,8125;193,3125;-154,53125;-0,28125;16,125;-13,1875;-66,78125;-201,09375;-304,25;25,15625;-129,6875;1,96875;-275,46875;64,375;77,125;211;18,40625;20,9375;-77,8125;327,6875;248,96875;118,6875;9,90625;-92,6875;256,25;251,375;138,9375;-57;-152,6875;-125,6875;-188,0625;71,34375;-38,9375;-51,6875;172,46875;-28,5625;-19,78125;252;187,875;70,40625;268,71875;178,9375;182,0625;142,375;313,96875;212,34375;226,5625;91,34375;230,125;105,21875;-48,5;-25,96875;-212,5;-169,0625;46,1875;81,15625;-18,96875;60,53125;116,5;42,46875;-31,4375;133,8125;-98,625;72,03125;-30,5;-55,53125;-177,09375;-246,875;-168,78125;-313,5625;-174;-149,34375;-140,78125;-134,8125;-77,09375;-121,875;0,8125;-76,28125;90,8125;-86,625;-110,5;199,28125;168,8125;154,34375;443,09375;50,375;253,09375;227,21875;133,8125;5,875;171,78125;41,9375;66,96875;1,15625;15,4375;-61,65625;-55,4375;-151,625;30,28125;-113,9375;-344,46875;-279,65625;-120,09375;-252,1875;-210,21875;-320,53125;-146;-68,65625;-105,53125;-147,9375;-145,1875;-148,34375;-118,84375;-136,75;-139,40625;-134;-222;-108,1875;-109,6875;-330,65625;-97,34375;5,5625;175,75;-205,625;42,71875;-283;-160,5625;-9,625;-141,90625;-189,15625;-299,375;-13,0625;-210,28125;-4,4375;-69,0625;-197,5625;-220,09375;-10,90625;-55,46875;-52,125;-49,71875;-89,3125;-59,09375;-4,59375;-34,125;-150,6875;11,34375;-107,53125;82,125;-419,34375;-57,75;-213,65625;-25,875;-70,75;-82,03125;-100,78125;170,28125;162,84375;-72,75;36,09375;-43,90625;-104,5625;-263,03125;-41,59375;212,90625;-170,09375;-128,8125;-0,34375;14,4375;71,5625;-87,9375;-1,53125;128,59375;-204,34375;117,90625;-122,90625;-53,125;-154;-200,34375;16,8125;-51,1875;-12,875;103,21875;2,5625;-47,625;-37,3125;-2,875;-57;-101,96875;16,90625;-55,71875;22,40625;-98;-94,375;-11,9375;0,71875;34,9375;3,15625;-203,71875;50,53125;-323,625;-146,15625;94,03125;-11,6875;16,125;25,75;19,65625;53,875;-43,84375;
113,25;112,5;-112,9375;-110,28125;-170,21875;11,28125;-106,25;-24,59375;144,84375;-164,875;-146;26,03125;-16,71875;-247,4375;-70,875;-68;-204,03125;-73,4375;-267,96875;-190,09375;-73,25;-177,21875;-31,4375;-136,5625;-52,0625;-13,46875;-145,34375;-163,71875;-124,65625;-85,1875;-44,15625;-69,78125;65,71875;-100,4375;-2,15625;-36,25;-91,78125;-154,125;-129,0625;-170,53125;-187,53125;-82,59375;146,25;-60,34375;-44;-100,625;-406,03125;81,46875;-67,28125;-105,84375;-162,25;-295,96875;-277,78125;-70,84375;-229,375;-234,5;-97,15625;-279,96875;-75,125;-136,71875;-112,59375;-170,90625;-101,15625;-211,5625;-45,34375;-219,375;-166,96875;-107,15625;-244,8125;-314,78125;-302,65625;-142,625;-100,28125;-11,75;52,71875;-32,28125;-119,25;-154,0625;47,125;-104,875;-255,25;65,875;-241,03125;-180,1875;-99,84375;-124,21875;-136,25;-86,03125;-220,1875;-144,75;-228,84375;-290,3125;-171,375;-170,875;-282,4375;-118,90625;-35,84375;-174,40625;-53,96875;20,09375;33,3125;-109;-168,15625;-49,5625;-180,1875;-116,96875;-261,8125;96,25;-12,09375;-84,1875;105,9375;73,96875;28,0625;76,96875;62,40625;-161,5;23,96875;-244,3125;-121,875;-108,9375;-51,125;-318,6875;-245,3125;-80,65625;-30,3125;17,09375;109,8125;171,34375;387,75;365,59375;272,09375;243,3125;457,9375;213,28125;-111,5;235,90625;-91,65625;-14,96875;-33,375;48,8125;70,46875;25,8125;139,5625;285,96875;81;45,65625;74,34375;294,40625;251,9375;172,96875;41,375;267,96875;197,8125;105,5;101,53125;195,78125;191,3125;145,40625;192,53125;103,4375;7,25;43,625;-109,5625;-98,71875;-105,1875;150;-154,125;-3,46875;-75,40625;42,0625;91,65625;-14,15625;71,8125;-111,6875;-139,34375;24,09375;-91,5625;-125,28125;-226,5625;-174;-79,125;-88,0625;-179,71875;-157,125;-348,9375;-111,96875;-129,1875;-149,375;-7,03125;43;39,90625;209,8125;119,34375;111,4375;142,90625;183,25;234,46875;245,96875;274,09375;352,375;151,625;121,5625;5,65625;22,25;55;-87,6875;55,625;-114,40625;-64,15625;-109,15625;-181,625;-153,03125;-140,78125;-36,40625;-263,78125;-245,46875;-212,75;-50,21875;-31,03125;-140,46875;-152,78125;-179,25;-175,59375;-53,28125;-262,9375;-31,53125;-299,15625;126,96875;-146,625;12;-275,5625;-102,28125;-244,75;-181,6875;-19,6875;-121,15625;-222,375;-146,15625;-147,3125;-105,625;-239,8125;151,46875;-161,8125;-148,28125;-261,625;-216,34375;-3,125;18,25;-211,34375;-1,0625;-78;-194,0625;84,40625;75,5;11,59375;-41,34375;5,21875;-44,1875;112,34375;-218,0625;-216,03125;53,71875;5,75;-270,375;-75,6875;116,375;-67,09375;-9;-107,1875;-13,9375;-103,6875;-66,78125;49,96875;-54,34375;119,65625;-89,875;-11,28125;-58,90625;-74,90625;57,78125;-174,65625;30,75;-63,6875;-228,53125;62,125;13,65625;-171,65625;-28,4375;-96,84375;-72,9375;-215,09375;19,28125;12,1875;23,25;-231,09375;-134,40625;26,09375;-80,09375;-101,0625;70,3125;-180,78125;-78,96875;66,1875;-159,4375;-192,65625;-126,4375;-85,625;72,53125;254,625;-96,21875;-172,1875;-128,40625;-40,21875;-72,34375;-24;29,71875;33,4375;-48,875;74,40625;-45,03125;
20,3125;-189,5;60,0625;-75,1875;22,4375;115,3125;109,0625;-6,53125;125,3125;160,03125;-40,0625;-69,8125;80,75;-32,21875;88,8125;-45,5;196,6875;-112,3125;84,8125;28,46875;81,4375;233,53125;87,25;103,03125;-47,34375;-156,6875;119,53125;86,375;123,65625;105,4375;89,46875;247,96875;217,0625;49,65625;-5,40625;-32,0625;26,3125;-127,40625;23,90625;-15,9375;114,28125;-22,1875;-129,875;132,875;0,375;11,375;62,59375;-82,96875;-159,96875;173,8125;8,90625;17,5625;-11,90625;96,96875;5,25;-20,71875;119,8125;-51,96875;-39,9375;-134,5625;-97,40625;14,375;-114,25;79,25;-115,40625;-179,03125;-133,3125;66,65625;62,34375;77,90625;20,1875;-112,65625;-129,46875;-127,5;-57,75;-341,5;40,53125;-126;-113;-34,59375;-39,21875;-37,53125;33,28125;53,09375;-66,1875;-40,9375;-101,65625;-42,8125;18,71875;119,65625;-11,8125;-20,09375;-30,9375;-95,53125;152,96875;-42,09375;28,21875;278,78125;37,40625;199,1875;113,6875;42,46875;74,40625;99,34375;-7,40625;-40,03125;66,84375;-226,625;67,6875;42,125;97,4375;310,59375;214,5;384,0625;3,96875;166,90625;77,4375;256;-26,875;216,5625;-38,90625;86,625;-35,71875;-19,84375;-98,4375;-4,09375;-66,75;366,0625;274,21875;300,9375;583,125;456,1875;333,4375;195,96875;308,84375;102,09375;143,71875;15,1875;159,625;14,125;249,9375;112,59375;-31,875;-26,875;318,40625;294,6875;407,90625;324,0625;216,28125;299,125;377,65625;287,21875;419,4375;4,1875;341,96875;260,8125;338,4375;404,1875;288,8125;215,125;118,46875;218,1875;239,375;217,03125;188,4375;34,875;338,375;73,96875;309,3125;200,1875;319,34375;112,875;124,5;164,9375;92,9375;68,625;96,59375;-41,15625;-278,3125;-18,5625;78,03125;-178,875;-88,625;-72,3125;-87,96875;40,625;-35,40625;133,90625;-225,96875;15,5625;-125,0625;71,65625;154,875;-2,46875;295,125;393,96875;432,46875;479,78125;307,40625;453,5;160,25;88,96875;348,6875;236,875;-11,3125;108,25;163,25;82,25;-13,125;80,96875;-3,40625;-170,78125;151,6875;-178,90625;-74,4375;-54,34375;-86,71875;-60,84375;121;-18,65625;-22,40625;21,6875;253,3125;-5,65625;89,8125;28,21875;-72;-2,875;53,9375;60,4375;-47,71875;-156,78125;157,09375;12,25;139,625;43,53125;170,15625;231,65625;273,40625;-12,6875;41,90625;-22,90625;-128,96875;-133,96875;145,71875;84,65625;2,125;91,09375;269,53125;55,53125;-146,9375;18,9375;86,65625;44,75;-83,9375;90,1875;50,3125;-12,28125;17,75;-42,75;-208,875;128,96875;-17,03125;64;107,71875;-9,96875;-187,1875;55,71875;72,65625;129,75;86,375;84,5625;310,25;75,34375;105,75;144;170,625;-52,125;54,5;70,8125;-43,3125;187,03125;294,375;-52,0625;67,59375;149,90625;149,34375;-45,3125;24,53125;-86,65625;-45,5;114,125;-11,9375;2,6875;102,21875;-220,15625;116,40625;-40,875;22,09375;58,84375;79,84375;104,21875;105,0625;166,21875;38,5625;-15,875;207,0625;-45,1875;-81,28125;85,28125;67,96875;238,75;-187,6875;-10,8125;70,6875;-100,125;-147,375;150,625;33,59375;82,75;
27,1875;18,96875;60,4375;13,53125;68,5;57,34375;148,96875;22,0625;86,75;170,78125;403,9375;-147,15625;128;272,25;-40,0625;-118,96875;156,96875;74,21875;-79,25;217,5625;-67,53125;144,625;78,78125;43,65625;47,25;112,78125;-75,875;-111,0625;48,71875;-16,71875;181,71875;65,8125;172,25;-12,4375;173;170,21875;27,71875;72,0625;-153,8125;-34,125;43,4375;-73,84375;-86,28125;128,78125;-93,25;168,90625;-24,53125;42,28125;35,65625;115,15625;-15,25;-24,84375;-87,8125;-46,9375;-96,0625;-55,03125;-143,15625;-13,71875;64,25;-98,25;49,71875;44,53125;14,28125;-135,46875;40;-16,5625;40,71875;-154,625;35,15625;58,375;-120,1875;191,375;117,625;31,34375;-18,34375;11,28125;-108,75;71,1875;-96,5625;-9,1875;-102,8125;8,1875;78,96875;-18,0625;156,875;-71,78125;82,9375;-225,5;-91,125;0,90625;-46,34375;10,65625;-137,71875;64,28125;-144,21875;58,4375;21,03125;90,84375;67,25;88;124,9375;121;82,6875;-26,75;216,03125;-118,5625;45,4375;-111,28125;75,53125;130,46875;61,5625;243,25;147,4375;450,53125;288,625;290,59375;170,28125;70,375;45,53125;210,0625;-89,1875;74,25;42,5625;-117,40625;0,84375;137,375;397,90625;285,8125;183,3125;344,59375;370,78125;329,28125;418,125;398,34375;218,96875;207,375;3,875;35,28125;23,40625;-63,1875;184,90625;327,375;42,6875;10,71875;283,34375;224,625;169,40625;303,15625;417,1875;335,8125;367,90625;321,40625;542,34375;284,625;535,4375;217,875;444,5625;358,90625;223,53125;204,53125;189,875;35,75;215,59375;31,84375;170,96875;368;97,90625;71,03125;206,625;39,78125;146,84375;197,9375;144;108,375;173,9375;-48,28125;147,15625;-58,84375;34,84375;-37,25;-43,5;158,9375;94,15625;121,375;-16,34375;63,84375;-127,46875;102,0625;-76,59375;-24,53125;177,625;278,0625;424,84375;97,125;299,1875;430,0625;290,78125;340,5;223,03125;416,15625;293,78125;292,09375;245,0625;318,375;88,5;115,28125;121,125;-134,15625;183,90625;105,4375;39,625;97,90625;-140,65625;-69,46875;-38,0625;75;24,625;-135,84375;-106,78125;-6,3125;-90,0625;-127,46875;-82,09375;-34,34375;136,90625;-103,25;136,84375;219,125;1,40625;86,15625;96,375;66,21875;26,625;-39,75;26,40625;166,84375;82,09375;-57,09375;-42,3125;135,9375;-21,03125;52,625;173,21875;127,40625;-23,59375;-238;-154,25;-38,375;177,6875;-44,15625;-115,125;-146,0625;3,75;75,125;61,0625;-27,34375;67,125;-12,21875;126,09375;17,5625;29,6875;286,0625;-180;225,96875;150,75;160;52,90625;85,5;6,40625;235,40625;237,9375;16,53125;65,65625;185,6875;137,6875;11,40625;231,09375;57,5;234,34375;15,28125;6,65625;305,21875;33,4375;162,6875;15,4375;-100,40625;17,75;-99,03125;67,78125;78,03125;138,96875;122,3125;150,125;-61,5;226,09375;-18,09375;320,65625;165,21875;192,59375;-119,90625;204,5625;23,96875;94,6875;104,9375;-18,625;107,46875;-67,875;182,90625;187,09375;79,6875;130,53125;71,625;-98,65625;-45,59375;119,71875;-40,28125;119,5;3,1875;282,625;-275,125;
77,09375;69,1875;147,125;179,53125;142,375;91,21875;51,5;55,8125;156,375;282,65625;33,84375;18,6875;308,53125;59,78125;202,625;-33,625;-0,34375;-99,625;144,78125;77,71875;110,71875;302,125;301,34375;174,65625;69,1875;73,0625;29,34375;-260,71875;-60,96875;244,5;120,46875;-0,28125;96,03125;60,4375;202,15625;121,53125;-19,03125;-27,15625;52,03125;-46,0625;-3,6875;70,5;-175,65625;-229,125;105,65625;1,4375;-27,46875;109,15625;-7,34375;29,90625;297,8125;71,375;116,03125;236,6875;-36,375;-137,53125;66,6875;-70,75;-39,09375;112,21875;101,5625;186;-84,75;-9,65625;-96,5;165,09375;155,625;108,5;132,375;-84,84375;-90,40625;122,03125;75,8125;-10;91,21875;-85,3125;68,96875;37,5;88,75;138,90625;-196,5625;133,21875;-146,8125;148,875;53,3125;169,59375;316,75;-92,96875;-138,3125;71,3125;-187,59375;146,90625;154,625;165,71875;103,875;145,8125;140,9375;49,65625;158,8125;302,59375;6,375;61,6875;153,125;144,125;-146,84375;191,78125;-11,875;-24,15625;181,5625;249,84375;317,53125;425,5625;267,0625;267,46875;226,90625;301,71875;115,3125;59,03125;162,0625;195,125;132,65625;31,15625;156,40625;225,3125;58,96875;151,3125;346,5;320,9375;442;527,09375;414,90625;320,59375;535,34375;535,4375;353,84375;340,34375;339,15625;329,8125;255,1875;316,875;176,625;3,0625;220,84375;231,25;183,625;61,34375;320,875;300,40625;283,125;232,96875;365,71875;470,96875;328,46875;479,53125;219;339,84375;436,46875;197,90625;226,21875;210,09375;292,09375;74,875;177,75;-3,09375;-2,625;204,25;113,4375;183,9375;161,8125;185,0625;112,84375;264,6875;234,5;305,84375;129,875;26,4375;1,96875;87,5625;92,125;34,71875;250,3125;86,78125;89,28125;52,96875;103,78125;247,4375;84,875;193,46875;99,1875;92,4375;144,4375;408,46875;233,90625;380,90625;433,375;495,53125;582,125;154,25;311,75;329,78125;316,03125;355,84375;289,59375;250,3125;327,25;338,15625;326,75;298,40625;230,15625;87,8125;117,25;-145,125;97,375;32,84375;20;120,4375;108,71875;-40,125;114,3125;57,875;173,65625;7;98,4375;160,71875;79;69,8125;-18,5625;104,25;285,875;283,625;18,8125;130,15625;-95,15625;268,0625;157,34375;217,4375;-17,875;169,9375;125,1875;96,78125;65,71875;229,40625;220,78125;0,1875;78,4375;-7,28125;182,875;118,4375;190,71875;59,5625;132,59375;105,1875;51,375;26,46875;172,03125;26,78125;218,59375;113,125;117,875;79,8125;118,9375;120,84375;-27,1875;239,28125;165,46875;120,0625;-78;282,5625;213,28125;203,6875;103,3125;198,53125;191,625;241,5;187,4375;145,40625;209,65625;110,96875;138,9375;43,4375;279,0625;376,59375;257,28125;129,5625;337,78125;156,65625;158,21875;-149,0625;114,40625;33,5;175,65625;210,1875;156,75;-56,6875;-8,1875;-95,40625;348,3125;183,09375;221,03125;96,28125;337,25;55,875;116,875;102,78125;124,40625;147,59375;353,09375;187,9375;228,15625;347,21875;93,03125;113,46875;202,125;349,25;329,59375;199,625;172,25;21,03125;-187,5625;1789,28125;
-33,34375;-154,5625;-335,5;-198,09375;-101,03125;-84,59375;-131,84375;8,9375;-50,375;-228,78125;-180,9375;-255,4375;-116,53125;-9,21875;-127,5625;-255,375;-219,5;-69,21875;182,625;-268,125;-263,34375;-254,78125;-1,84375;61,71875;-153,59375;-307,78125;-63,8125;-330,625;-391,9375;-186,3125;-249,6875;-376;-134,09375;-91,1875;-179,1875;-132,6875;166,9375;-84,75;-63,90625;-224;-215,25;-158,90625;-282,125;-221,28125;-115,03125;-241,3125;-205,28125;-163,75;-285,9375;-173,375;-426,46875;-101,21875;-89,6875;-219,5;-107,9375;-336,125;-262,75;-139,21875;-108,65625;-326,03125;-209,09375;-266,75;-242,71875;-116,1875;-165,03125;-69,4375;-133,4375;-55,6875;-106,4375;-285,65625;-97,75;-80,34375;-89,78125;-141,78125;-31,875;-81,96875;-8,71875;-262,6875;-384,84375;-249,53125;-277,59375;-296,71875;-309,96875;-227,6875;-80,3125;-149,9375;-252,40625;-182,71875;-210,90625;-116,1875;-308,09375;-35,65625;-307,625;-189,0625;-204,65625;-129,125;-104,40625;-286,53125;-43,71875;-200,25;-105,625;-18,4375;-247,90625;-83,09375;-290,46875;-309,96875;-218,875;-295,28125;-144,53125;-259,25;135,84375;126,25;32,46875;172,90625;-23,71875;-114,65625;-134,375;-32,625;-19,4375;-255,53125;-249,875;-297,09375;28,125;-490,53125;-141,34375;-61,875;240,4375;138,96875;43,21875;181,3125;128,6875;178,75;127,3125;76,46875;12,0625;-9,59375;-267,1875;-88,4375;-52,21875;55,625;19,0625;-136,75;-35,875;28,125;-33,6875;-22,25;-6,875;222;-7,34375;119,125;21,625;-2,8125;110,90625;180,21875;104,5;225,875;86,15625;170,9375;95,4375;59,125;64,96875;-315,65625;-26,59375;-118,1875;-15,09375;36,40625;-84,34375;-244,53125;-114,46875;-39,125;-187,15625;-207,125;-75,40625;-28,0625;-60,875;9,375;-186,46875;-334,40625;-182,84375;-161,71875;19,90625;-127,5625;-135,75;-294,25;-305,59375;-220,5;-13,53125;-138,3125;-73,59375;-258,5625;-75,1875;7,0625;56;-179,625;191,375;193,8125;-9,25;-40,375;176,375;178;-47,0625;-258,875;-41,4375;-40,28125;-11,34375;-80,34375;-65,15625;-302,6875;-76,46875;-294,40625;-90,3125;-235,34375;-182,125;-128,75;-332,6875;-228,03125;-196,21875;-132,25;-358,90625;-330,1875;-269,125;-387,75;-277,09375;-228,15625;4,21875;-150,4375;-274,625;-47,90625;-286,75;-238,34375;34,40625;-151,40625;3,8125;-148,75;-88,6875;-261,96875;-57,84375;-183,125;-176,3125;-275,0625;-70,4375;-185,3125;-16,75;-296,25;-160,28125;-176,71875;-478,5625;-311,75;-372,6875;-65,34375;88,71875;-239,90625;16,90625;-226,90625;32,40625;-151,6875;-176,6875;-136,90625;-276,65625;-98,0625;61,78125;57,21875;-69,0625;40,59375;10,28125;-85,34375;61,15625;-80,90625;11,1875;54,78125;41,21875;-208,3125;-93,0625;14,9375;-287,96875;27,6875;-133,5;159,21875;-259,71875;-1,625;-129,65625;-243,125;19,34375;-135;-82,3125;63,96875;-16,6875;61,71875;-80,8125;-117,34375;-128,59375;-67,3125;35,71875;-116,875;-75,4375;-148,1875;227,59375;-169,4375;-126,1875;-43,5;-160,3125;-42,46875;-53,4375;-71,28125;-153,375;-68,15625;173,03125;-112,46875;20,59375;-179,15625;-211,625;-121,03125;-193,03125;-230;-196,71875;-144,6875;-0,75;-60,90625;-185;-125,96875;
189,1875;172,59375;2,46875;100,71875;42,4375;37,65625;96,625;4,5625;266,0625;142,875;54,96875;72,78125;144,84375;132,875;256,3125;180,09375;145,5625;126,28125;-54,5;75,84375;82,25;-61,15625;123,40625;73,6875;31,5625;8,84375;279,34375;-21,90625;202,125;124,5625;142,125;-69,34375;217,625;-42,8125;169,5;81,28125;-139,03125;78,5;173,6875;98,375;-43,5;-68,5;-10,90625;-32,40625;246,65625;340,21875;63,875;21,15625;104,6875;42,78125;80,3125;19,125;104,15625;137,375;147,03125;43,59375;151,75;-233,8125;-152,46875;-59,3125;186,15625;12,3125;68,75;-280,1875;-88,40625;-169;262,84375;154,34375;28,25;-131,65625;-120,03125;-103,3125;43,8125;-26,625;-1,3125;219,625;35,6875;13,1875;-135,28125;112,53125;-23,46875;58,78125;43,0625;44,375;62,34375;63,34375;-69,15625;37,59375;161,625;-74,875;125,78125;222,59375;232,5;256,59375;-11,28125;-86,4375;20,84375;-48,375;15,21875;170,65625;117,3125;192,8125;132,75;116,125;-55,78125;45,4375;104,34375;189,34375;144,84375;148,40625;177,09375;205,28125;434,90625;391,84375;481,53125;404,0625;120,875;221,6875;129;70,5625;190,3125;3,46875;48,53125;90,09375;-4,78125;177,40625;268,3125;175,3125;287,78125;327,8125;363,3125;479,09375;447,6875;322,28125;334,4375;231,9375;14,40625;333,78125;199,875;347,15625;284,40625;91,4375;81,6875;324,5625;277,09375;327,09375;189,46875;358;296,40625;421,25;261,71875;157,09375;421,1875;293,90625;155,6875;239,1875;503,5;386,53125;205,78125;197,75;218,09375;224;5,03125;83,5625;88,84375;-97,25;349,25;198,65625;217,625;146,5;97,125;175,84375;193,21875;-40,90625;0,5;35,34375;189,9375;50,75;42,9375;187,46875;-18,8125;-107,125;2,71875;-156,75;-63,71875;51,15625;69,1875;69,71875;167,65625;159,25;-21,875;75,8125;94;356,4375;398,875;158,71875;132,6875;284,9375;354,4375;203,84375;245,78125;239,4375;106,25;336,4375;168,6875;80,40625;75,96875;56,71875;13,21875;60;155,21875;-8,125;-182,90625;71,65625;-78,6875;-58,46875;-24,4375;182,59375;-29,875;-111,78125;23,96875;113,09375;92,53125;10,875;143,09375;187,78125;-56,03125;-4,96875;-50,09375;5,4375;124,3125;128,34375;69;-0,46875;-32;-39,90625;29,09375;-140,96875;-113,03125;8,40625;54,0625;49,96875;80,0625;-97,4375;-82,625;-60;66,15625;-51,0625;-117,875;172,125;-140,1875;-10,59375;88,0625;144;264,8125;171,21875;34,6875;-32,21875;-196,78125;109,34375;86,9375;-18,65625;-57;93,1875;253,71875;223,21875;-72,96875;106,90625;78,8125;67,1875;136,8125;67,4375;139,3125;192,53125;65,875;51,96875;56,3125;90,34375;-43,65625;-27,65625;71,5625;99,0625;109,78125;63,59375;31,25;114,59375;112,75;20,625;193,625;245,875;312,59375;-15,84375;-28,28125;-21,25;209,09375;19,1875;86,59375;90,15625;259,9375;141,3125;195,3125;21,59375;143,1875;138,25;126,34375;252,3125;46,0625;-89,6875;-172,15625;94,34375;170;149,625;45,46875;135,375;37,75;244,21875;106,53125;33,625;-21,1875;-7,5;
-22,4375;3,53125;-19,09375;-285,03125;-337,125;106,96875;-66,34375;-12,59375;-126,40625;-66,9375;-90,1875;-121,65625;-24,90625;-100,28125;34,5625;-257;-118,5625;-149,96875;-175,84375;-93,5625;-66,34375;-189,15625;-272,65625;-268,03125;-61,8125;-111,8125;-273,65625;-123,65625;-253,375;-20,0625;-182,09375;-69,78125;-201,625;-244,9375;-95;-47,84375;-220,34375;-125,75;-149,96875;-92,3125;-227,9375;-205,8125;-145,8125;-485,375;91,6875;-50,8125;-134,71875;-57,21875;-194,15625;-200,71875;-113,125;-146,0625;-300,65625;-312,78125;-270,1875;-126,0625;-126,78125;-337,28125;-246,9375;-1,5625;-228,0625;-39;-227,3125;-81,625;100,65625;0,65625;-180,4375;-241,09375;-164,65625;-411,8125;-138,875;-209,09375;-183,34375;-240,1875;-89,4375;-145,53125;-87,09375;-368,09375;-390,75;-178,25;-95,34375;-62,25;-231,25;-140,03125;-131,40625;-48,90625;-171,21875;-209,25;-285;-151,21875;-169,15625;54,21875;-242,71875;-118,46875;-145,96875;-26,46875;-84,21875;-43,84375;-185,40625;57,90625;-70,40625;43,1875;-82,15625;-135,09375;-229,09375;-222,21875;-231,40625;-114,375;-112,09375;73,1875;97,65625;8,46875;67,6875;237,28125;240,0625;77,03125;-50,28125;182,46875;-288,40625;-109,53125;33;-21,875;-31,21875;-122,375;54,8125;-156,40625;96,09375;116,40625;143,46875;37,9375;366,40625;176,8125;206,34375;76,71875;247,21875;109,1875;-29;12,78125;-96,375;149;-111,8125;-114,1875;60,4375;-81,90625;-51,34375;-11,6875;103,90625;150,25;39,65625;121,21875;301,625;112,03125;237,03125;124,5;149,375;81,4375;86,25;313,90625;104,84375;260,625;189,96875;-15,6875;-53,625;-109,1875;-142,78125;-149,15625;-117,28125;-29,3125;-101;94,4375;51,46875;34;-105,59375;-142,875;-77;44,03125;-270;-70,03125;-267,5;-3,4375;-100,9375;-171,59375;2,40625;-83,5;-303,28125;-123,59375;-239,28125;84,84375;-226,59375;-82,0625;-102,78125;-14,09375;107,40625;59,0625;128,46875;229,28125;112,375;99,1875;284,78125;100,875;38,90625;186,0625;26,15625;-45,84375;53,71875;109,5;-17,96875;-199,5;45,78125;-180,4375;15,9375;66;-185,03125;120,5;-231,40625;-142,65625;-185,34375;-100,09375;24,125;-186,6875;-430,96875;-217,3125;-27,84375;-63;-205,0625;-9,71875;-104,53125;-265,90625;-121,625;-155,1875;-93,21875;-99,5;-169,84375;-248,21875;-81,96875;-24,59375;-135,59375;9,28125;-157,84375;81,21875;-120,90625;-12,375;-76,8125;-263,90625;-118,15625;54,71875;-237,75;141,40625;-136,71875;-181,34375;-80,1875;67,03125;-132,65625;95,1875;-102,4375;73,75;50,59375;36,6875;162,4375;-26,15625;-10,09375;-60,46875;-11,125;-129,09375;-41,875;-125,375;-98,8125;52,15625;47,875;-143,375;-81,6875;57,96875;-128,25;-17,625;-217,8125;5,34375;-112,28125;-191,59375;-43,5625;-2,34375;-151,375;-226,5;-29,28125;138,21875;-103,375;-180,53125;-172,9375;-46,84375;-165,6875;-79,90625;112,9375;122,09375;-0,3125;-160,53125;91,78125;-117,3125;76,4375;65,21875;131,65625;42,9375;-97,03125;-30,9375;-135,28125;-280,25;74,96875;-260,09375;-156,09375;-121,40625;-101,4375;127,65625;-11,71875;45,84375;-27,0625;143,71875;131,25;13,03125;-205,125;116,1875;-106,09375;4,1875;
-21,875;-101,28125;-167,25;-53,4375;37,28125;177,625;11,78125;-4,03125;4,53125;97,5;55,625;-92,5625;61,5625;23,5625;-4,375;-200,1875;-55,75;-21,46875;-70,375;-4,625;121,25;93,125;82,34375;46,625;-41,5;45;43,8125;-95,15625;-249,5;-29,15625;52,125;4,6875;15,1875;-5,875;-27,75;-99,0625;124,46875;106;-158,0625;-50;114,96875;17,6875;81,5;-36,3125;-162,40625;-165,78125;-62,5;-29,9375;98,65625;-166,15625;-31,53125;-196,34375;-239,3125;-105,15625;-104;-10,1875;-97,875;4,5;-189,125;-103,5625;113,375;-156,6875;-238,3125;-153,875;-44,65625;-52,625;-143,21875;-97,40625;-176,5;98,09375;-196,875;-112,1875;-201,375;119;60,15625;-132,40625;19,96875;-74,625;-284,25;120,71875;-68,3125;-58,21875;-188,65625;1,40625;-103,1875;-1,28125;-247,125;-165,65625;0,5;52,0625;-133,84375;5,21875;160,3125;-105,84375;238,125;-5,5625;63,53125;67;25,0625;-112,71875;65,1875;50,0625;-71,84375;138,875;-67;-106;-100,28125;95,84375;62,0625;184,15625;26,84375;-53,25;347,75;369,4375;115,46875;346,3125;32,25;50,65625;-52,5;-84,5;24,6875;282,40625;6,875;63,6875;-31,9375;231,3125;117,96875;300,4375;468,90625;329,21875;550,5;328,96875;221,6875;236,84375;303,8125;433,40625;394,78125;395,125;302,09375;101;29,0625;175,28125;69;215,28125;130,75;214,59375;167,875;282,78125;242,1875;226,53125;270,875;338,9375;296,65625;313,40625;165,84375;500,875;449,09375;398,28125;275,34375;130;283,03125;79,9375;32,96875;-116,53125;-223,5625;-35,09375;53,5625;88,875;5,21875;84,875;69,09375;265,21875;270,1875;168,65625;114,21875;167,9375;195,90625;145,65625;-50,875;-107,6875;-161,71875;-285,125;-15,4375;22,5;-94,9375;-159,40625;-221,0625;29,8125;65,9375;40,03125;37,78125;137,25;85,1875;-135,625;185,9375;121,4375;308,875;155,03125;132,03125;41,09375;193,09375;179,5;240,5;-47,1875;321,875;62;-73,40625;-41,3125;-123,78125;95,65625;10,53125;-90,28125;-19,78125;129,71875;-4,1875;42,71875;13,75;91,4375;-164,40625;101,3125;130,53125;-96,9375;63,09375;42,5;148,125;16,375;-104,3125;14;-63,9375;14,96875;-31,21875;130,9375;83,9375;-88,4375;-51,8125;92,5625;70,65625;-39,09375;-293,375;-50,8125;148,625;27,75;-113,0625;-165,21875;-115,0625;-1,53125;2,5;-127,25;-120,71875;-273,53125;133,4375;218,71875;48,65625;23;169,53125;13,53125;97,6875;254,4375;-64,28125;152,8125;199,5;119,125;-29,125;109,40625;92;176,28125;-23,40625;292,3125;93,15625;86,78125;-83,5625;18,8125;-20,96875;62,03125;-46,46875;8,03125;-51;86,96875;-31,15625;10,75;51,71875;180,8125;13,34375;169,59375;-18,90625;-19,5625;47,84375;-121,875;106,875;-6,8125;3,03125;64,40625;13,25;39,15625;-123,53125;-12,96875;76,375;-54,34375;167,0625;54,4375;84,4375;208,59375;12,28125;56;21,21875;130,75;-60,4375;60,3125;5,75;147,4375;4,59375;206,125;-46,34375;-212,40625;178,53125;8,4375;-101,03125;-82,1875;-143,5625;4,1875;
-289,84375;-253,375;8,125;-40,8125;-209,875;-200,4375;-224,4375;-107,1875;-226,15625;-89,90625;-57;-253,8125;-159,40625;77,84375;-159,15625;-40,59375;-132,28125;-180,75;-218,96875;-24;19,84375;-249,75;91,1875;-298,1875;-101,0625;-127,90625;-19,9375;-162,5625;0,28125;-129,0625;-125,6875;-288,90625;-188,15625;-257,46875;-191,6875;-206,5;-319,53125;-33,3125;-186,25;-233,15625;-234,90625;-347,9375;-240,0625;-145,78125;-180,84375;-191,84375;-102,34375;-443,5;-295,625;-283,40625;-333,8125;-300,03125;-365,125;-365,125;-334,34375;-235,71875;-312,40625;-169,21875;-306,21875;-210,375;-258,90625;-189,1875;-291,15625;-335,09375;-480,625;-220,78125;-40,15625;-332,15625;-67,03125;-144,0625;-240,65625;-492,9375;-281;-297,40625;-303,1875;-194,71875;-223,6875;-148,9375;-60,84375;-161;-119,75;-127,96875;-397,4375;-275,21875;-217,09375;-171,90625;-146,90625;-188,15625;-267,875;-99,125;-212,09375;-358;-67,6875;-129,5;-198,625;-296,8125;-90,59375;-188,9375;-252,65625;-31,1875;-268,34375;-129,65625;-85,78125;-277,65625;-52,8125;-134,5625;-290,5;-189,71875;-17,8125;13,40625;16,375;-150,03125;223,96875;51,15625;-25,78125;32,59375;165,5625;82,59375;145,4375;-76,46875;-45,96875;-107,65625;-149,375;-94,125;154,5625;-12,40625;-179,8125;149,1875;111,25;261,1875;316,40625;276,75;415,625;177,53125;228;266,875;178,53125;182,65625;134,53125;64,9375;145,8125;-235,03125;8,03125;-61,375;-45,4375;163,75;73,25;-33,1875;165,9375;198,40625;282,71875;305,375;173,78125;236,8125;276,84375;188,15625;344,875;207,90625;187,75;26,84375;70,9375;80,0625;-180,40625;39,5625;-155,03125;10,84375;-80,375;-36;-40,40625;-35,3125;-73,3125;53,75;-92,1875;18,9375;113,5625;-13,40625;-104,75;-110,25;-339,8125;-142,09375;-516,1875;-177,75;-163,5;-190,8125;-161,46875;-182,78125;-228,34375;-355,09375;-212,09375;-248,96875;23,84375;-206,59375;48,78125;-144,21875;114,65625;-0,40625;12,40625;73,84375;72,375;130,5625;-154,3125;84,46875;151,875;117,40625;-80,125;-86,875;-49,5625;-47,375;-25,90625;-13,5;-104,5;63,0625;-205,59375;-237,40625;-357,1875;-307,9375;-192,84375;-145,3125;4,5625;-441,9375;-204,375;-63,09375;-233,3125;-178,84375;-43,90625;-119,9375;-239,34375;-22,4375;-278,65625;-200,59375;-27,4375;-222,3125;-36,5;-247,75;-191,78125;-50,6875;-88,53125;-232,84375;-160,15625;-112,875;-260,96875;-193,40625;-233;3,78125;-290,90625;48,8125;-33,25;-137,84375;208,96875;-45,75;-301,40625;-154;-51,84375;-132,40625;-5,78125;8,21875;-150,15625;-155,0625;-239,875;-135,46875;-101,90625;-72,4375;-11,0625;-182,96875;-85,53125;-67,5;-304,75;-39;-228,21875;-253,40625;-144,40625;-179,71875;-85,4375;-110,625;-21,21875;-42,53125;-233,4375;-158,5;-273,1875;-404,46875;-324,65625;-161,40625;-219,1875;-70,96875;-26,46875;-63,9375;-383,5625;-291,96875;-294;-14,46875;-8,3125;34,90625;-130,15625;-146,78125;-155,15625;-134,5;91,0625;-262,09375;-31,75;-97,15625;-121,21875;-145,84375;-260,625;16,75;10,28125;-88,34375;-107,3125;6,1875;-91,84375;-260,34375;-84,9375;-179,78125;-52,5;-92,09375;-167,71875;-210,8125;-56,46875;-84,375;-183,3125;-156,78125;
145,40625;131,375;181,75;128,3125;-84,5625;93,375;245,84375;27,59375;92,40625;95,0625;-39,65625;51,4375;41,25;-3,34375;59,21875;-16,6875;-43;122,9375;93,5;103,28125;-43,1875;-78,3125;-109,09375;-42,59375;27,4375;-56,21875;32,375;35,34375;57,625;147,8125;-83,15625;96,8125;4,25;166,9375;43,78125;-17,71875;113,8125;186,53125;47,1875;126,5;-5,5;-24,09375;68,25;80,53125;-18,0625;18,90625;36,28125;-79;-144,3125;-131,28125;135,75;77,375;158,34375;94,4375;41,84375;-87,28125;-67,34375;-34,15625;95,1875;-170,96875;130,65625;84,15625;88,09375;-160,6875;-40,875;121,65625;101,65625;-11,90625;83,15625;23,0625;-116,6875;82,59375;32,1875;-26,375;205,71875;-111,28125;-7,34375;132,4375;107,84375;-37,84375;27,65625;-56,46875;-240,5;249,5625;138,65625;121;206,46875;1,8125;-226,1875;102,65625;-114,625;47,625;-79,625;-40,875;6,3125;86,96875;-54,125;139,96875;213,625;148,53125;124,53125;219,84375;87,5;204,90625;23,9375;217,28125;32,8125;-109,59375;170,78125;188,90625;254,53125;271,03125;336,1875;500,5625;400,28125;507,40625;361,84375;159,15625;252,875;263,4375;99,1875;214,75;338,15625;-89,4375;53,46875;349,09375;251,0625;290,15625;342,78125;606,375;548,65625;560,40625;618,125;382,34375;395,4375;396,5625;479,5625;303,09375;162,40625;183,78125;147,21875;334,125;277,78125;234,125;257,53125;389,25;148,78125;250,5625;361,84375;358,125;430,09375;375,78125;430,1875;330,375;478,34375;520,40625;351,0625;649,46875;315,65625;272,09375;207,09375;301,78125;26,8125;83,03125;-44,65625;120,1875;151,3125;197,09375;158,71875;73,0625;227,75;379,03125;9,84375;253,3125;66,90625;179,9375;-96,875;-55,1875;-89,78125;-175,0625;-5,4375;59,40625;55,6875;43,375;-62,53125;23,875;177,5625;-239,53125;58,15625;83,75;71,53125;-33,5;412,75;90,84375;95,15625;175;105,75;193,25;300,59375;285,1875;170,375;393,59375;394,4375;50,21875;315,09375;5,90625;57,78125;128,21875;137,03125;233,25;104,90625;40,96875;-321,03125;-120,03125;0,21875;-115,09375;-238,125;-16,90625;-71,46875;-14,90625;-111,5;3,65625;59,84375;166,21875;28,15625;79,375;38,09375;-3,90625;56,65625;-56,375;-20;280,625;1,03125;216,84375;25,65625;110,4375;-5,53125;-45,40625;186,8125;36,4375;-7,0625;47,34375;57,5625;61,5625;-120,875;125,78125;20,40625;-18;37,625;107,03125;56,9375;160,90625;-53,96875;-0,03125;180,59375;6,59375;66,53125;270,03125;11,84375;153,59375;69,65625;204,90625;42,6875;128,6875;140,8125;207,375;69,59375;40,875;-92,84375;96,65625;-34,9375;64,40625;306,40625;126,25;58,6875;195,53125;7,0625;18;-77,15625;13,0625;-133,65625;-15,03125;28,1875;-105,34375;-17,75;253,90625;-62,1875;143,40625;-66,78125;-8,6875;284,53125;179,09375;37,21875;-4,4375;-115,15625;51,5625;211,46875;286,9375;-31,5625;-20,03125;28,3125;-33,53125;108,9375;165,625;-96,59375;-21,53125;80,59375;33,5;202,6875;-11,28125;57,40625;159,5;77,375;241,46875;147,90625;101,6875;50,25;13,84375;66,21875;264,78125;
-47,5;-147,40625;120,875;-83,1875;34,21875;-168,3125;98,0625;0,46875;-206,25;-85,1875;-3,4375;-12,25;177,0625;-92,96875;-148,5625;-252,75;17,8125;85,34375;-36,125;152,65625;-34,9375;-97,125;-146,6875;-248,21875;36,15625;80,71875;38,3125;23,78125;-174,125;-32;-30,59375;-50,65625;-9,40625;-185,1875;-21,59375;19,9375;-83,5625;-241,8125;-35,15625;-194,375;-160,84375;-58,34375;41,34375;-50,28125;-99,34375;-129,25;-82,28125;-114,96875;-136,625;-37,5625;-69,34375;-106,40625;-171,625;-129,6875;-113,96875;-154,375;-269,59375;-95,5;-28,59375;134,375;-243,625;-17,625;-301,96875;-111,375;-360,4375;-202,4375;-72,75;-140,25;-86,09375;-66,4375;-41,875;-25,40625;4,4375;23,15625;-115,09375;0,6875;-14,46875;-224,8125;-51,5;-156,84375;-110,03125;-77,59375;-56,9375;91,71875;-106,78125;-135,5625;185,28125;55,0625;-48,46875;51,28125;-60,90625;-122,53125;-82,96875;-56,84375;21,84375;62,8125;89,03125;-5,5;58,8125;-184,59375;-7,125;-25,78125;214,625;112,4375;-103,75;-132,375;-217,375;-17,875;64,5;59;153,03125;308,53125;339,90625;142,40625;283,96875;316,75;25,625;220,6875;277,90625;137,75;254,59375;-70,8125;47,40625;-74;23,75;285,375;172,65625;394,21875;367,90625;438,03125;596,53125;627,15625;276,03125;472,6875;245,21875;347,375;522,875;345,03125;247,40625;243,8125;103,0625;73,5;251,875;50,375;80,375;253,6875;187,90625;246,0625;202,28125;361,0625;361,125;433,5625;276,65625;498,78125;411,15625;500,25;569,59375;387,625;293,125;87,4375;264,5;29,125;-44;-5,0625;-26,96875;-183,34375;77,28125;192,3125;-53,46875;280,9375;72,03125;157,90625;105,53125;136,78125;183,40625;5,4375;-105,34375;-199,65625;-85,21875;-190,6875;-223,15625;-186,78125;87,21875;-25,96875;-93,84375;-215,0625;-118,28125;96,59375;-129,03125;-170,96875;-33,0625;-126,9375;-107,9375;-57,0625;119,59375;343,6875;75,28125;366,9375;119,21875;200,28125;242,625;110,71875;141,375;48,5;115,53125;91,375;53,34375;172,375;-4,71875;121,4375;-140,1875;-148,03125;96,71875;-220,96875;-241,34375;-48,0625;-58,625;-111,4375;-90,90625;117,59375;-74,28125;-251,15625;13,5;-50,75;58;-198,28125;-244,375;-156,5;-105,3125;91,125;-300,9375;-0,40625;-52,71875;-107,46875;-108,71875;-66,3125;-93,21875;-38,6875;19,40625;-3,9375;205,09375;-295,78125;-43,34375;-52,40625;-240,09375;3,3125;-60,5;-102,875;-186,0625;-234,625;7,96875;-34,21875;-200,03125;-39,59375;144,4375;-204,65625;-38,5;-12,8125;-144,21875;124,6875;-8,21875;-25,90625;120,4375;-168,03125;-87,1875;-25,53125;180,71875;108,53125;105,46875;85,03125;-18,65625;-238,15625;-56,0625;-26,03125;-135,40625;7,03125;123,90625;85,875;-61,15625;149,4375;200,53125;97,0625;-161,15625;-51,59375;5,03125;107,5;120,5625;-89,21875;87,46875;66,9375;0,65625;12,53125;38,5;-53,3125;-316,46875;184,21875;130,5625;-130,25;-38,71875;38,09375;-178,25;-15,15625;-117,4375;-57,1875;-128,9375;-171,21875;-3,875;81,3125;-83,78125;-48,125;-11,34375;-6,75;26;-154,1875;-241,625;-44,8125;55,1875;-6,59375;-72,96875;-70,375;
186,75;97,15625;58,28125;133,6875;136,5625;195,78125;78,96875;38,1875;73,90625;243,5625;-118,46875;227,375;71,75;26,90625;-29,75;165,6875;213,21875;141,78125;270,28125;-83,625;171,84375;70,28125;97,0625;254,03125;93,25;72,875;114,8125;-15,8125;-23,96875;176,625;45,875;90,84375;43,125;55,03125;-155,21875;114,34375;307,53125;155;-15,40625;158,5;-68,625;120,28125;124,46875;181,28125;-74,59375;270,28125;108,25;161,6875;60,34375;155,03125;70,65625;121,71875;43,78125;-24,8125;4,875;92,78125;48,96875;73,5625;199,59375;172,4375;21,3125;164;-27,53125;-104,46875;247,96875;129,03125;124,9375;43,875;23,71875;100,46875;104,21875;8,78125;250,65625;223,4375;234,4375;-126,28125;36,75;-178,6875;165,0625;40,59375;21,53125;193,71875;-58,1875;112,03125;60,8125;-101,875;-22,28125;122,5625;8,8125;190,375;278,8125;51,9375;136,375;-11,84375;50,71875;9,78125;27,5625;76,03125;9,34375;292,0625;70;318,1875;109,625;138;109,125;87,6875;128,3125;23,53125;224,5;227,25;459,03125;530,40625;556,28125;630,78125;668,125;348,40625;337,0625;350,46875;321,875;255,6875;257,3125;216,9375;382,34375;216,34375;352,5;322,5625;298,40625;608,34375;501,96875;479,84375;799,96875;549,1875;520,5625;643,1875;499,40625;680,25;533,46875;528,0625;264,875;436,375;76,59375;372,25;427,25;149,09375;380,4375;440,21875;229,40625;521,0625;421,15625;397,59375;672;591,90625;622,625;792,75;523,84375;767,75;508,5;752,0625;652,59375;432,375;300,3125;371,125;132,78125;131,8125;57,03125;154,78125;195,46875;-66,6875;10,28125;277,46875;330,375;548,9375;437,96875;387,28125;306,9375;-52,09375;241,125;-31,78125;69,09375;-38,5;109,3125;22,75;-24,1875;-2,25;117,78125;107,84375;9,46875;112,59375;295,78125;197,4375;-44,75;116,59375;-138,125;157,53125;230,9375;335,1875;379,03125;392,3125;548,71875;531,28125;320,0625;366,53125;422,9375;266,3125;476,25;358,8125;395,125;115,09375;29,09375;75,4375;237,46875;155,65625;4,25;177,09375;-16,4375;122;270,5625;8,1875;249,96875;39,46875;-5,34375;164,375;194,53125;307,125;268,03125;20,71875;29,6875;-91,4375;-33,84375;10,875;90;93,5625;221,75;257,8125;216,46875;-4,75;78,46875;167,1875;31,3125;70,15625;78,28125;281,34375;-82,25;18,71875;50,34375;162,96875;100,90625;218,5625;85,25;28,4375;119,8125;183,34375;231,78125;55,59375;71,21875;-113,625;59;136,34375;-16,90625;-24,46875;25,0625;242,90625;281,71875;-92,5625;243,28125;195,5625;142,8125;98,0625;95,0625;214,3125;160,90625;154,625;-3,1875;65,96875;103,5625;223,9375;235,6875;359,3125;138,3125;153,84375;62,65625;59,0625;283,625;155,5;317;112,75;191,125;-45,96875;315;174,25;256,78125;-41,90625;114,125;78,71875;75,65625;246,375;19,46875;110,53125;290,625;170,53125;49,09375;92,6875;169,28125;92,78125;60,75;162,84375;305,9375;30,9375;191,375;199,84375;213,15625;-18,625;25,65625;114;161,8125;84,53125;-63,53125;-45,8125;57,5625;208,59375;
45,78125;4,875;49,90625;-65,84375;-28,53125;88,25;247,59375;206,875;-75,21875;119,25;18,78125;171,1875;51,65625;-123,71875;97,875;-133,6875;-64,40625;120,71875;-2,875;-0,25;-18,125;-143,84375;150;-90,15625;-152,375;-96,78125;121,4375;215;-22,25;125,375;-120,34375;28,34375;267,0625;194,21875;-107,5;-9,625;211,25;149,625;243,0625;46,96875;181,1875;117,78125;62,75;4,34375;185,71875;103,46875;1,9375;159,09375;186,09375;139,625;-119,625;13,28125;32,125;-117,53125;-53,09375;-238,75;-156,1875;-159,21875;12,59375;-53,375;-226,6875;-181,125;-174,71875;-117,84375;6,78125;174,25;-0,15625;-159,46875;-141,40625;13,71875;-80,09375;-163,6875;32,8125;-32,96875;104,40625;-53,25;-190,6875;-38,1875;80,40625;117,1875;31,34375;-135,46875;25,125;-131,78125;83,4375;83,96875;113,8125;103,84375;-40,21875;-181,8125;148,75;-127,375;135,8125;101,25;-87,4375;15,75;137,375;7,84375;139,46875;-42,5;-44,75;294,09375;46,1875;103,625;235,3125;-17,4375;74,03125;65;-215,875;344,5625;525,5625;377,03125;344,34375;430,3125;331,375;567,34375;493,84375;316,59375;145,1875;241,375;316,1875;101,78125;129,34375;203,0625;232,875;282,34375;208,4375;634,21875;475,21875;315,125;751,90625;602,78125;601,71875;567,21875;571,40625;511,6875;709,09375;571,09375;322,71875;532,3125;486,5;505,53125;253,40625;251,25;432,96875;394,25;385,34375;110,78125;442,0625;389,8125;499,53125;497,125;255,8125;536,625;526,375;787,25;920,84375;584,4375;476,53125;469,875;341,96875;146,4375;142,4375;-33,78125;-74,0625;424,625;74,8125;343,1875;334,40625;154,15625;548,375;331,8125;216,5;246,0625;249,96875;-82,34375;-82,09375;-47,40625;1,125;-32,84375;-24,09375;34,46875;-84,4375;133,78125;-81,75;36,46875;-142,90625;0,1875;-54,40625;120,5;141,03125;-19,34375;187,96875;211,90625;37,96875;288,84375;359,90625;554,03125;413,28125;483,15625;347,09375;397,6875;293,6875;388,4375;224,40625;-21,5625;169,75;5,28125;55,96875;-26,21875;-24,1875;134,59375;-129,96875;-72,71875;49,15625;3,40625;49,34375;206,65625;164,75;4,75;-96,3125;-22,90625;-56,59375;24,8125;135,34375;231,9375;278,375;58,0625;169,78125;24,375;-8,40625;42,84375;126,6875;-8,875;-188,9375;101,5;63,78125;246,90625;87,34375;52,03125;-87,78125;5,78125;56,6875;13,03125;-19,71875;-8,15625;106,875;121,5625;121,84375;42,71875;152,09375;254,3125;-120,96875;137,34375;32,5625;0,0625;-18,71875;101,3125;-15,59375;-64,03125;91,59375;-147,40625;106,0625;-67,3125;113,96875;-21,5;229,8125;193,375;111,15625;115,125;-7,21875;-57,90625;-12,71875;102,96875;48,75;-60,78125;152,59375;121,84375;2,28125;37,25;-28,15625;-11,03125;9;128,3125;-51,0625;124,09375;207,8125;212,5;-170,875;2;5,78125;161,46875;127,84375;-11,25;121,09375;181,6875;46,21875;-19,03125;-74,125;215,1875;82,5625;-12,9375;223,4375;-63,5625;-7,59375;115,34375;201,375;68,34375;130;-108,875;-51,90625;-144,6875;37,03125;78,625;12,03125;26,0625;-24,3125;92,34375;46,46875;125,5;
79,09375;-122,90625;13,59375;15,8125;-23,625;-109,34375;-203,9375;4,375;-160,78125;49,3125;101,75;-79;-120,96875;-104,3125;-347,65625;-313,78125;-79,4375;-49,09375;-135,9375;13,1875;16,84375;22,09375;-175;-106,3125;-82,25;-89,40625;-150,40625;-108,25;35,5625;-88,96875;-224,53125;-83,96875;-12,59375;23,65625;-48,875;43,65625;-129,6875;-126,46875;-67,46875;8,0625;-43,125;-36,90625;-203,84375;1,5625;-138,25;-41,5;-184,9375;-188,3125;-47,4375;123,46875;-58,09375;-224,9375;-178,40625;2,6875;-78,8125;-205,75;-52,4375;-215,03125;192,375;27,125;-37,53125;-73,46875;-45,84375;-228,3125;-113,15625;-72,15625;16,25;50,78125;-257,78125;-26,53125;-169,25;-174,96875;-241,71875;-33,25;-94,40625;-9,75;-105,5625;159,4375;-44,625;65,8125;-55,09375;-195,03125;16,40625;-1;-332,09375;-233,59375;-110,625;115,46875;-57,90625;-93,84375;-75,03125;-208,0625;-133,65625;148,9375;-111,21875;-128,4375;-139,75;23,0625;-134,84375;204,8125;161;308;49,0625;237,21875;-37,28125;-60,84375;-31,5;-141,59375;-5,96875;70,90625;334,3125;297,125;320,03125;453,875;315,78125;570,8125;260,03125;485,9375;120,59375;296,5;228,5625;117,03125;203,3125;45,5625;39,40625;105,125;229;135,21875;572,125;629,28125;470,46875;497,34375;672,59375;606,28125;482,59375;714,90625;382,625;211,75;395,03125;372,90625;286,03125;612,625;486,84375;354,46875;286,09375;152,15625;220,84375;264,96875;317,65625;448,28125;392,125;571,40625;556,375;572,84375;648,78125;605,125;647,78125;641,28125;374,78125;258,34375;305,71875;176,6875;97,125;251,21875;106,40625;41,0625;133,625;234,65625;244,625;181,0625;313,1875;234,71875;86,8125;212,15625;332,46875;223,84375;-38,1875;8,96875;-158,15625;-105,625;11,34375;-160,25;24,875;-66,5625;90,09375;-79,625;91,09375;53,96875;73,0625;81,59375;-4,65625;144,46875;385,78125;253,28125;271,4375;286,65625;345,75;337,8125;499,5625;342,75;448,25;320,5;401,4375;459,46875;50,65625;125,65625;19,09375;-22,1875;217,65625;61,46875;143,53125;199,90625;35,75;-116,71875;-61,46875;30,65625;74,09375;-152,625;155,0625;-248,90625;40,625;262,625;-20,875;245,40625;69,65625;218,09375;56,59375;204,40625;165;108,71875;-143,75;-166,5;-15,875;18,8125;-58,5;28,625;-133,65625;21,59375;24,59375;-96,875;7,8125;106,125;-56,25;27,9375;55,40625;-71,4375;67,46875;-109,6875;-37,4375;-96,84375;-210,875;123,96875;102,6875;3,0625;-187,71875;-90,34375;-97,4375;30,40625;-59,34375;231,75;235,625;8,625;25,21875;113,5;-98,875;168,78125;-44,78125;-93,46875;23,4375;-137,28125;24,78125;-60,09375;-21,9375;241,46875;18,53125;126,46875;82,78125;75,4375;113,1875;-35,8125;-56,8125;56,75;-14,375;188,09375;62,875;183,15625;64,375;-88,90625;-60,5;1;-10,9375;27,125;70,1875;-179,28125;-44,9375;126,1875;-262,875;-8,5625;-25,5625;-107,46875;-74,59375;-32,96875;-97,3125;-185,59375;-230,75;20,34375;-279,21875;-138,15625;-128,9375;117,21875;131,0625;-86,28125;80,125;-157,15625;177,9375;-140,5625;-79,9375;-253,5625;44,28125;-160,15625;
230,75;143;192,5;126,59375;-86,03125;-4,375;-140,5;215,5625;167,03125;-72,875;-52,5;-6,34375;-38,4375;249,28125;166,96875;113,78125;41,40625;220,25;-38,9375;104,59375;201,5625;113,96875;167;191,46875;52,125;-134,84375;-18,1875;-47,5625;-189,75;74,625;-52,71875;-91,625;-98,53125;28,875;120,15625;-22,6875;169,78125;-7,8125;141,6875;28,125;-125,71875;62,1875;10,25;171,90625;-77,5625;14,9375;13,21875;59,8125;4,90625;-13,6875;7,53125;55,5;-129,21875;-179,28125;23,4375;130,78125;-62,875;-20,8125;1,21875;-27,09375;57,59375;109,5;-14,78125;158,125;103,0625;-113,9375;62,9375;-127,53125;69,84375;-89,375;50,53125;-26,5;-120,5;-93,40625;64,0625;-12,1875;-59,09375;105;21,4375;70,875;-167,28125;-105;-112,65625;-123,6875;-135,9375;-74,25;-19,96875;160,9375;113,5;-63,5;84,9375;39,375;-146,28125;-128,84375;-19,09375;-15,09375;135,3125;-44,15625;44,25;133,875;161;204,84375;96,875;316,40625;-60,9375;3,5;-151,6875;-8;122,03125;95,03125;266,8125;449,375;559,96875;412,28125;562,78125;537,09375;512,59375;284,1875;179,71875;223,625;190,34375;172,4375;273,53125;115,03125;95,125;273,46875;365,34375;450,3125;574,15625;658,84375;518,75;581,6875;676,28125;662,96875;636,625;646,78125;624,75;375,40625;559,875;615,4375;450,4375;499;215,6875;160,84375;403,71875;227,96875;316,1875;341,4375;560,75;469,53125;559,3125;525,59375;513,125;865;705,15625;918;781,3125;834,03125;634,4375;469,75;356,125;71,65625;144,9375;17,28125;64,875;98,84375;268,875;-35,875;348,9375;330,25;368,09375;427,28125;362,1875;278,375;166,90625;253,34375;-37,09375;200,09375;-17,03125;-82,6875;-35,71875;33,09375;-89,71875;-36,78125;-11,0625;10,0625;-141,875;-9,21875;94,90625;31,96875;189,78125;151,40625;336,8125;489,03125;385,25;317,5625;443,21875;346,1875;557,28125;367,5625;192,15625;299,09375;103,03125;342,90625;236,75;37,15625;7,3125;19,34375;-40,25;66,4375;-104,8125;193,53125;-74;-153,4375;157,40625;95,09375;-77,90625;111,125;106,5625;26,6875;131,53125;123,28125;13,28125;160,375;-36,6875;211,625;-155,4375;-100,09375;42;17,28125;58,71875;-39,34375;-209;-41,03125;-41,34375;-83,8125;-50,59375;-115,34375;113,6875;-203,46875;53,65625;7,53125;-1,09375;146,46875;-37,90625;136,34375;213,46875;28,8125;196,4375;-176,78125;-32,28125;172,28125;164,53125;68,875;-30,875;101,375;87,59375;-67,90625;98,3125;226,625;-12,15625;174,96875;116,96875;119,34375;-30,03125;177,03125;63,53125;106,34375;15;7,9375;-47,78125;-134,15625;-23,90625;16,5;85,28125;323,84375;122,90625;-15,09375;68,6875;-78,0625;-17,3125;235,5625;59;93,5;181,5625;-23,53125;-194,78125;-126,5625;8,75;-57,1875;20,28125;194,5;266,78125;5,28125;76,3125;-85,84375;-26,65625;71,75;52,90625;-51,375;-174,25;151,59375;24,78125;110,75;131,875;-64,96875;32,625;-149,84375;172,75;67,71875;39,4375;339,5625;-12,375;-74,375;-58,625;-205;-13,71875;40,40625;97,09375;101,4375;
-93,25;30,28125;-85;-198,96875;-137,75;135,6875;98,21875;-25,53125;157;202,53125;-29,5625;-193;-3,59375;184,4375;240,0625;256,375;139,5;66,34375;51,09375;273,8125;217,5625;2,34375;209,5625;-63,96875;182,59375;43,5625;-60,46875;-185,71875;81,96875;43,3125;65,15625;74,46875;63,53125;217,21875;-41,96875;-134,46875;-88,5625;19,15625;78;0,28125;-300,8125;-222,40625;19,71875;-9,28125;-110,5625;12,46875;21,34375;-186,875;-53,875;-20,84375;-176,875;294,21875;54,40625;-49,375;-21,90625;127,78125;158,59375;24,71875;3,3125;-70,15625;103,34375;-8,90625;-19,4375;-65,78125;200;66,90625;-19,78125;-25,5625;198,40625;-26,5625;37,3125;98,03125;-59,46875;-373,1875;133,09375;-27,5625;-41,53125;151,3125;99,125;21,8125;-89,46875;19,8125;77,15625;177,09375;128,84375;234,1875;140,5625;80,34375;101,75;-65,90625;-143,125;135,6875;165,90625;-101,28125;29,25;-55,71875;-57,375;36,75;158,46875;19;183,5;310,5;282,90625;147,03125;-132,15625;144,28125;-8,65625;-238,1875;-1,90625;163,40625;248,3125;344,75;506,59375;383,75;551,6875;581,15625;457,75;294,34375;482,5625;261,1875;297,5;43,5625;200,75;58,84375;85,40625;191,75;396,1875;399,1875;523,09375;627,90625;572,125;705,09375;717,21875;597,8125;480,84375;578,9375;766,96875;588,78125;496,40625;770,6875;628,5;507,9375;478,40625;350,125;306,75;152,5625;355,5625;401,71875;515,90625;494,375;650,8125;659,28125;621,53125;752,71875;823,9375;932,8125;796;706,9375;756,5;519,9375;340,53125;352,1875;157,8125;75,09375;87,59375;130,78125;198,375;148,0625;307,5;234,90625;484,875;410,3125;455,625;372,34375;194,125;129,65625;42,25;-91,9375;102,8125;-137,53125;-120,4375;6,34375;188,4375;-131,34375;-81,34375;52,71875;-146,9375;246,25;137,5625;96,375;151,28125;165,03125;359,59375;216,375;502,0625;517,21875;485,8125;369,40625;552,3125;322,75;485,1875;358,4375;390,1875;224,84375;417,625;275,59375;204,84375;175,03125;218,34375;-118,59375;245,0625;75,59375;-38,9375;-2,65625;135,125;191,21875;146,875;-187,125;41,34375;-129,3125;-34,625;230,375;179,3125;165,03125;201,8125;-37,28125;-14,53125;-1,40625;-72,53125;-98,6875;43;90,21875;102;-31,8125;101,375;357,53125;-52,5;58,0625;62,125;131,1875;52,4375;-108,34375;209,375;185,75;175,28125;-42,375;182,53125;120,25;133,25;94,1875;13,5;109,96875;75,34375;64,125;105,0625;196,96875;238,5625;316,8125;-45,25;178,90625;227,4375;96,78125;37,375;-53,40625;-21,59375;112,3125;115,125;38;-39,65625;82;140,96875;187,84375;192,6875;48,8125;-9,875;-39,71875;352,625;200,78125;92,75;118,40625;76,65625;264,71875;-28,15625;139,28125;-188,40625;130,3125;-94,28125;6,84375;-102,96875;27,03125;-29;-183,09375;267,1875;59,75;17,90625;-15,71875;161,1875;-182,625;-72,75;163,875;-14,25;48,875;-17,6875;131,8125;69,75;160,9375;3,90625;-160,875;189,34375;82,28125;-4,875;201,5;158,28125;25,5625;63,09375;29,4375;21,84375;-16,125;11,40625;58,46875;
53,875;110,21875;73,03125;-108,375;-60,28125;201,21875;-33,34375;-76,9375;223,59375;170,875;-59,8125;-34,53125;127,53125;214,53125;302,46875;104,125;143,59375;222,78125;123,875;40,0625;150,84375;-62,375;-55,65625;95,625;-75,59375;37,03125;272,8125;-80,15625;-60,5;4,90625;-132;-216,21875;-66,5;47,6875;21,78125;-22,03125;72,40625;-106,84375;-49,71875;86,28125;102,4375;116,3125;45,5;-66,25;23,375;-47,6875;53,40625;-176,375;-104,96875;133,1875;-54,6875;-1,21875;15,90625;-71,71875;-4;-16,625;-116;-43,46875;12,5;-44,65625;-47,90625;-112,6875;-157,5;-12,875;218,375;124,0625;-0,28125;-20,0625;22,6875;-21,1875;16,84375;-51,4375;-100,34375;-228,8125;96,1875;71,15625;-98,0625;-20,6875;52,125;42,25;54,125;273,84375;96,71875;-128,34375;-261,40625;33,1875;163,46875;60,84375;38,4375;-76,375;-137,34375;-73,4375;102,84375;27,5;-110,5625;-26,5;-242,375;211,28125;236,125;230,65625;-1,78125;222,25;194,1875;184,03125;8,75;22,15625;-98,34375;-141,96875;-28,75;61,09375;264,65625;294,8125;267,90625;338,375;330,28125;519,46875;522,375;413,875;128,21875;-76,25;177,0625;161,5625;-0,65625;223,59375;19,125;318,15625;438,25;154,21875;250,75;720,34375;336,25;427,25;732,8125;495,40625;621,03125;754,84375;654,40625;490,5625;651,40625;564,5;508,03125;463,71875;460,65625;260,25;158,5;201,75;142,5625;173,5625;475,3125;544,28125;384,09375;303,84375;624,09375;522,3125;704,375;745,03125;967,125;705,40625;429,21875;637,8125;471,6875;33,28125;-138,59375;-97,6875;-2,0625;-108,75;40,3125;251,84375;233,3125;513,53125;332,9375;628,03125;295,09375;152,875;293,375;311,9375;8,40625;-104,625;-91,09375;99,5625;32,0625;-239,65625;-157,59375;-122,0625;-128,375;-58,5;-150,9375;-33,6875;115,28125;102,3125;118,5;44,125;42,8125;255,5;252,5;338,8125;204,34375;278,71875;371,90625;492,5;404,71875;240,4375;350,46875;257,40625;17,71875;127,0625;82,25;6,1875;118,09375;51;-69,875;-142,59375;110,1875;-28,40625;-144,5;-229,6875;41,15625;190,59375;-51,96875;-2,25;126,46875;-87,03125;62,96875;96,25;146,84375;132,125;48,21875;7,875;-19,15625;5,875;209,0625;60,875;154,90625;-76,125;-10,53125;117,84375;-179,25;203,875;27,78125;-202,96875;59,34375;73,53125;-73,125;102,71875;15,78125;-52,09375;-92,3125;150,3125;0,21875;77,46875;79,625;24,0625;63,40625;-144,125;-79,65625;-56,53125;-82,65625;17,59375;132,6875;-105,15625;66,9375;-143,90625;-116,03125;-55,6875;-30,25;-141,5;-133,5;136,34375;-260,4375;198,5625;21,15625;36,40625;85,78125;-2,78125;-140,875;163,4375;-90,6875;-9,96875;30,84375;-115,25;60,15625;-46,84375;-95,96875;-75,8125;38,0625;-68,9375;129,9375;1,4375;50,53125;-140,9375;137,09375;-171,9375;23,46875;102,4375;143,5625;75,0625;-34,09375;-45,375;-76,21875;-50,5625;-54,25;67,6875;-70,09375;-115,59375;96,84375;104,9375;-241,40625;-67,03125;63,8125;41,3125;151,09375;40,6875;127,8125;143,9375;117,25;-23,6875;131,28125;-86,125;82,125;90,28125;
30,15625;-198,25;-85,5;-120,90625;-81,0625;33,09375;65,9375;-129,875;-82,40625;27,9375;26,46875;28,40625;67,59375;-76,40625;4,40625;47,03125;17,25;-217,65625;70,65625;120,6875;-23,3125;-252,84375;125,21875;-200,875;31,71875;-179,1875;-258,90625;52,15625;-278,625;-130,78125;-115,75;-35,71875;-32,59375;-128,8125;-194,15625;86,71875;-148,0625;-32,15625;-76,09375;-13,34375;-39,28125;-197,8125;-201,15625;-105;-295,34375;-353,15625;-250,46875;13,78125;-168;14,6875;-85;-203,90625;52,21875;-17,78125;-21,03125;-140,46875;-66,6875;-106,1875;-37,5;28,53125;-28,40625;-112,0625;-155,125;-122,03125;-47,4375;-228,5625;-215,375;-110,1875;-199,3125;-90,4375;-179,625;-206,21875;-159,71875;-333,625;-258,53125;-335,375;-87,875;67,96875;86,84375;-113,65625;-92,4375;25,3125;-101,21875;7,8125;-257,15625;-147;-190,71875;-273,5625;-81,03125;-77;-52,8125;-103,40625;-74,5625;-266,6875;-374,625;-25,46875;-6,84375;-187,375;-35,28125;88,5;90,53125;-68,4375;48,78125;57,53125;210,46875;20,34375;-130,53125;-150,625;181,8125;-106,1875;195,28125;205,75;369,625;219,71875;479,75;496,78125;198,0625;208,09375;325,3125;244;206,3125;187,1875;238,03125;43,6875;98,6875;-10,6875;140,8125;183,53125;463,59375;496,21875;517,3125;672,3125;661,46875;664,875;562,125;703,46875;614,34375;822,3125;520,46875;727,71875;440,875;338,375;305,84375;258,46875;16,84375;217,15625;188,96875;111,78125;320,28125;336,28125;346,4375;392,0625;520,96875;817,21875;580,53125;857,03125;699,09375;756,40625;638,59375;517,71875;262,75;151,09375;57,90625;-55,4375;-255,625;-80,09375;6,53125;-1,25;84,1875;270,1875;398,09375;421,9375;127,28125;441,4375;287,15625;-47,59375;-25,625;77,875;-58,53125;-47,4375;-2,28125;-3,15625;-56,15625;11,1875;-92,25;-415,46875;-123,125;-105,84375;-4,59375;-71,6875;158,6875;140,59375;313,09375;210,65625;250,0625;141,3125;212,6875;300,53125;327,09375;376,3125;172,1875;148,71875;133,3125;214,28125;133,5;49,46875;-160;-90,65625;-80,46875;42,15625;-76,65625;-230,6875;-286,25;-77,1875;-125,15625;23,4375;51,84375;-187,1875;-129,875;24,8125;245,6875;-0,46875;112,59375;28,0625;134,78125;119,71875;-79,1875;-123,46875;2,28125;31,96875;-28,3125;-42,59375;16,25;-58,46875;3,15625;-170,15625;175,78125;54,875;50,9375;-8,25;120,75;202,6875;-281,53125;-53,875;38,90625;-96,875;-61,8125;-247,1875;-22,65625;138,6875;-52,59375;92;26,875;-63,96875;52,75;8,5625;-88,96875;-41,03125;-216,40625;9,9375;-139,53125;-215,78125;7,875;175,125;72;111,59375;71,875;-60,65625;-47,03125;103,4375;-41,5;135,28125;-12,25;25,9375;-174,875;142,21875;-26,5;-18,5;70,59375;-79,6875;10,3125;29,5;4,90625;33,8125;63,375;-99,90625;-115,03125;-118,21875;52,46875;-91,9375;63,53125;-64;49,21875;146,03125;-86,375;185,09375;-31,65625;-12,78125;22,03125;72,125;-213,40625;90,8125;-24,9375;-6,34375;-22,90625;-24,09375;-67,40625;-107,15625;25,03125;-143,28125;-75,0625;32,21875;-140,84375;114;106,3125;-78,4375;-88,71875;15,71875;34,65625;-90,28125;
18,71875;-184,28125;300,59375;126,3125;332,0625;174,3125;213,75;91,25;11,5;-50,28125;71,3125;161,09375;-39,625;45,3125;-184,9375;-44,9375;-27,25;-2,53125;58,9375;66,8125;62,1875;141,5;-63,875;14,875;-88,65625;123,125;27,6875;25,8125;-26,09375;-93,1875;112,28125;4,25;137,875;197,34375;33,5625;-116,90625;2,78125;288,96875;87,4375;67,53125;114,625;59,59375;4,625;208,59375;-117,28125;72,15625;241,125;145,84375;81,34375;-53,15625;-5,03125;-93,6875;7,8125;-111,78125;-15,1875;30,28125;-75,84375;-81,1875;46;14,40625;-14,78125;-142,09375;52,4375;-105,34375;-169,875;66,8125;34,59375;134,8125;63,34375;4,1875;-40,625;-61,96875;2;18,75;-16,1875;64,09375;166,75;-95,53125;-155,6875;194,3125;-50,25;196,03125;-146,625;45,21875;99,78125;8,28125;237;4,6875;-120,375;-13,8125;181,78125;20,84375;166,71875;-86,28125;4,28125;23,21875;145,875;80,90625;-61,4375;91,9375;170,78125;163,65625;139,6875;207,34375;-0,90625;109,03125;134,125;73,84375;-97,3125;220,4375;146,65625;433,5625;297,8125;479,71875;411,96875;757,6875;517,59375;464,5625;545,03125;309,125;267,0625;209,21875;412,46875;391,0625;37,53125;224,46875;248,6875;168,0625;196,90625;607,28125;671,71875;597,28125;575,125;823,75;638,625;663,34375;759,375;637,03125;725,15625;640,25;530,5;526,625;396,4375;362,1875;319,625;236,3125;151,25;486,34375;445,84375;705,3125;361,25;556,53125;624,34375;707,53125;1021,5625;804,25;814;1077,875;549,46875;666,84375;322,9375;462,71875;183,21875;282,8125;116,25;-2,78125;205,125;234,59375;413;488,9375;322,125;434,65625;334,09375;423,40625;563,875;194,03125;237,8125;256,0625;-35,875;-44,5;-73,09375;-49,96875;134,6875;-28,6875;-27,625;-278,90625;52,21875;28,1875;95,90625;-74,1875;212,71875;175,6875;364,4375;492,90625;331,53125;277,09375;319,15625;498,96875;485,53125;297,40625;463,6875;661,625;374,59375;313,6875;310,96875;97,09375;-32,28125;163,4375;90,3125;44,84375;202,0625;-131,96875;12,625;21,28125;89,375;166,4375;150,375;20,96875;177,96875;98,125;205,84375;191,96875;305,21875;216,9375;178,15625;66,1875;279,34375;-3,0625;89,09375;231,09375;187,625;64,25;194,3125;156,6875;34,4375;120,6875;-58,78125;28,625;87,5625;198,21875;84,875;155,875;132;66,90625;36,90625;130,25;115,0625;45,3125;244,28125;10,21875;-69,09375;109,28125;122,21875;-40,125;64,40625;-0,625;-88,21875;-54,21875;-97,3125;177,28125;177,09375;-51;-77,75;166,28125;-0,1875;78,5625;-146,09375;108,625;202,6875;91,53125;32,75;313,09375;76,0625;107,53125;70,5;205,78125;38,40625;83,40625;288,15625;4,40625;28,65625;153,15625;106,90625;-45,46875;-54,90625;246,5625;68,875;41,15625;-225,3125;28,65625;136,75;-69,09375;171,78125;150,28125;-76,59375;51,375;0,40625;32;27,46875;-152,65625;59,0625;196,1875;217,5;-22,96875;42,46875;-112,9375;-78,1875;-71,0625;1,28125;383,5625;199,71875;-9,375;72,125;35,4375;97,03125;26,5;29,65625;82,09375;-133,4375;134,25;
-21,53125;-58,03125;-192,125;22,1875;-308,125;-46,78125;-377,25;-270;-131,75;-55,65625;-235,53125;-28,65625;-7,375;40,1875;-102,0625;-173,6875;-55,5625;-456,90625;-155,875;-104,09375;-218,3125;-102,78125;-274,28125;-216,09375;-193,25;-88,71875;-296,46875;-138,78125;-230,78125;-170,21875;-117,78125;-114,0625;-251,15625;41,75;-266,4375;-184,625;9,21875;-186,71875;-70,15625;71,09375;79,6875;-291,53125;-180,625;-149,625;-335,75;-128;-165,15625;-215,0625;-86,25;-54,1875;-260,5;-48,1875;83,28125;-76,6875;-286,53125;-131,8125;-242,625;-170,90625;-38,25;-114,125;-247,9375;-13,875;-203,40625;-225,65625;-163,8125;-258,96875;-197,1875;-234,84375;-221,53125;-165,40625;-285,5625;63,96875;1,125;-232,5;-348,78125;-222,28125;-133,15625;-97,75;-135,21875;-179,53125;-265,96875;-160,59375;-125,15625;-117,34375;-293,375;-39,90625;-34,09375;18,3125;-170,84375;-334,15625;-127,125;-244,53125;-126,6875;-120,46875;-247,25;-34,4375;-166,125;-284,25;-108,3125;23,6875;169,96875;231,0625;46,65625;-0,4375;162,21875;91,90625;-211,5625;-138,28125;-95,0625;2,875;-316,9375;251,71875;182,28125;231,96875;367,9375;255,03125;303,875;499,75;303,125;217,71875;326,03125;235,65625;243,46875;71,65625;123,40625;170,25;168,6875;203,53125;279,96875;214,6875;233,40625;475,0625;430,875;530,59375;643,6875;717,28125;588,53125;549,25;649,34375;657,03125;365,90625;382,3125;146,84375;242,03125;54,875;139,5;93,65625;127,96875;353,375;297,15625;337,15625;481,8125;463,40625;624,21875;619,6875;837;837,4375;598,6875;756,28125;349,625;261,03125;265,1875;-10,875;-109,8125;-28,375;47,375;43,40625;51,375;57,71875;252,3125;354,4375;262,75;222,59375;62,84375;159,0625;97,9375;-57,25;-152,09375;-393,5;-161,59375;-109,65625;-328,03125;-26,1875;-137,4375;-264,59375;-294,3125;-1,375;-98,1875;-260,53125;-5,46875;-204,84375;51,46875;180,25;296,375;156,21875;259,75;209,9375;276,28125;116,5625;101,21875;175,46875;226,03125;22;31,09375;194,46875;-286,78125;-184,375;-22,46875;-300,78125;-153,875;-209,28125;-150,125;-64,78125;-9,8125;-172,0625;-97,4375;-114,71875;-83,09375;-11,4375;-162,28125;3,75;-93,5;83,8125;-5,65625;-166,84375;-10,34375;-138,3125;-228,59375;-95;-52,46875;-96,53125;-18,84375;61,53125;-230,3125;-322,78125;-35,15625;-217,53125;-145,25;-206,15625;-351,25;-299,5;-64,0625;-211,78125;-96,375;-192,75;-195,78125;-228,09375;-211,0625;-180,34375;-163,03125;32,5625;-190,25;-160,96875;-232,875;-228,8125;-9,5;-204,625;12,3125;-100,09375;32,15625;96,15625;-17,0625;-134,5625;-270,3125;44,46875;-65,375;55,1875;-79,84375;43,25;-191,125;-72,84375;-128,15625;-61,59375;85,09375;-208,125;-298;-253,25;-69,96875;-207,21875;-122,5625;-123,4375;-135,03125;-231,125;-293,25;-219,0625;-110,3125;-60,46875;-27,40625;-159,25;-232,59375;-107,9375;-32,9375;-179,5625;-79,5625;-105,71875;-66,09375;-90,65625;-135,53125;-120,8125;-128,375;-147,59375;-313,5625;-367,3125;-105,0625;-25,9375;-190,84375;-158,5;106,1875;-49,40625;44,0625;-228,75;-142,8125;-200,78125;-66,78125;12,25;3,15625;-210,75;-35,96875;-78,71875;-134,4375;
223,59375;91,8125;140,25;185,125;-115,59375;139,1875;-32,40625;138,90625;60,75;311,09375;258,15625;211,4375;245,375;274,9375;23,21875;242,3125;178,875;155,65625;241,28125;72,875;112,40625;280,15625;241,84375;64,3125;-10,875;416,84375;71,4375;78,5;80,78125;203,3125;152;282,8125;-54,375;171,03125;-9,3125;47,09375;75,1875;224,53125;218,625;-111,78125;-54,84375;463,25;198,71875;275,53125;198,3125;235,21875;29,40625;257,375;340,5625;278,5;93,28125;-1,8125;221,9375;211,75;59,125;266,90625;136,4375;136,375;35,40625;169,4375;99,53125;137,0625;-121,3125;134,15625;56,25;-3,75;56,34375;262;91,1875;32,125;-126,3125;180,4375;-25,78125;169,71875;140,75;69,96875;222,0625;33,09375;176,65625;255,5;182,09375;75,15625;240,125;93,21875;-80,21875;215,5625;19,375;107,1875;359,6875;159,75;130,1875;240,96875;-59,9375;-33,78125;208,96875;70,25;225,34375;299,5;87,25;143,0625;166,9375;322,0625;458,0625;102,875;305,71875;-13,625;167,53125;86,5;259,375;233,28125;371;126,6875;494,0625;457,6875;544,03125;547,9375;401,6875;574,03125;529,75;712,4375;610,75;606,96875;499,59375;322,375;219,40625;652,71875;435,21875;465,90625;525,625;722,15625;703,375;938,0625;559,78125;718,4375;889,53125;836,28125;1083,15625;1001,8125;933,46875;928,3125;658,40625;682,40625;580,25;498,59375;372,53125;379,40625;193,1875;210,6875;473,09375;537,15625;525,53125;769,21875;871,6875;869,875;1090,65625;1027,9375;1267,8125;963,875;972,8125;885,34375;537,96875;277,09375;445,8125;246,375;146,34375;247,59375;144,6875;291,34375;485,5625;465,71875;550,09375;391,5;394,34375;484,375;331,53125;229,8125;295,8125;80,71875;308,09375;105,5625;162,59375;166,75;139,125;113,4375;-1,28125;-97;68,625;36,53125;228,90625;349,4375;331;224,125;221,15625;355,9375;519,6875;564,09375;528,5;775,625;524,9375;415,375;494,53125;581,125;648,28125;487,09375;148,03125;149,34375;212,59375;141,53125;16,59375;-63,53125;105,5625;130,0625;215,8125;184,40625;27,65625;155,21875;71,34375;105,0625;233,75;50,375;125,0625;205,15625;215,96875;130,15625;112,71875;333,0625;321,4375;51,9375;50;333,0625;369,59375;221,375;230;346,6875;81,28125;361,03125;171,9375;-12,3125;161,46875;-26,4375;253,46875;15,40625;-55,03125;252,5;248,34375;385,8125;171,3125;137,84375;191,4375;150,125;-17,6875;243,90625;134,125;80,53125;120,34375;181,5625;-6,90625;-82,96875;185,28125;192,625;259,8125;216,375;160,75;86,96875;53,6875;388,25;108,09375;256,1875;207;-46,5;77,5;120;162,78125;214,75;226,5625;-102,84375;209,9375;114,03125;100,09375;-41,5;68;216,71875;86,65625;152,875;84,53125;303,625;372,59375;121,28125;50,03125;20,8125;126,09375;125,34375;70,5625;194,9375;281,125;219,4375;218,25;-127,28125;-152,96875;96,625;222,84375;87,96875;1,46875;-75,6875;285,84375;-27,59375;2,78125;121,875;6,71875;161,5625;217,96875;51,5;155,03125;139,8125;100,0625;160,09375;35,375;14,375;61,03125;59,65625;
-78,5625;-153,8125;-198,15625;-127,84375;-65,0625;-120,65625;-217,15625;-130,59375;-87,875;-130,09375;-303,6875;-201,4375;-86,0625;-123,25;-210,15625;-343,96875;-171,9375;27,09375;-42,625;-186,03125;-168,78125;-175,59375;-150,71875;-62,4375;-243,75;-226,90625;-272,625;-330,125;-245,6875;-164;-206,34375;-517,5;-285,65625;-204,78125;-227,71875;-286,875;-94,96875;-122,03125;-290,3125;-159,5625;-193,78125;-148,71875;-110,4375;-99,75;-48,375;-140,4375;-305,78125;-177,25;-226,375;-29,40625;-237,46875;-407,875;-247,78125;-180,4375;-176,75;-189,53125;-287,9375;-314,40625;-388,625;-288,8125;-314,875;-200,96875;-244,8125;-189,25;-268,78125;-51,46875;-269,78125;-252,09375;-398,96875;-330,03125;-353,625;-256,40625;-220,09375;-140,21875;-212,03125;-159,875;-272,8125;-286,84375;-183,625;-247,0625;-368,46875;-214,96875;-470,6875;-248,03125;-160,75;-130,125;-385,84375;-239,40625;-267,15625;-196,3125;-212,8125;-319,78125;-232,09375;-256,90625;-225;-288,0625;-127,71875;-185,125;-153;-14,1875;-171,5625;96,65625;192,1875;139,375;76,5625;-220,375;-225,25;-281,625;-303,03125;-297,96875;134;106,9375;56,78125;191,03125;68,34375;247;156,28125;237,5625;345,90625;171,53125;82,90625;273,1875;125,21875;167,5;177,15625;165,3125;204,9375;196,4375;135,1875;381,0625;362,78125;348,75;514,9375;561,125;671,09375;760,9375;764,21875;841,15625;544,34375;632;494,3125;360,1875;260,65625;209,3125;125,375;212,65625;-3,03125;182,53125;377;337,40625;281,875;440,5625;713,09375;759,34375;829,90625;964,34375;874,8125;777,6875;713,5;569,96875;490,75;486,9375;242,5;-4,3125;-104,03125;-9,25;-102,90625;-152,0625;156,21875;116,59375;138,8125;109,03125;235,1875;120,8125;-32,875;24,53125;-115,34375;-312,9375;-191,28125;-274,625;-164,46875;-257,8125;-297,15625;-276,4375;-251,34375;-249,65625;-416,09375;-299,75;-251,5;-209,59375;-110,71875;48,8125;108,59375;109;312,3125;48,84375;194,34375;233,78125;218,28125;101,96875;277,59375;282,96875;122,125;135,1875;-144,875;-17,9375;-249,15625;-135,84375;-208,65625;-304,59375;-67,125;-133,65625;-262,3125;-106,90625;-37,65625;-67,625;-325,28125;-118,65625;-39,84375;-66,8125;-132,375;-205,90625;8,4375;-178,3125;-309,84375;-225,75;-176,25;-406,6875;-464,15625;-299,28125;-194,6875;-49,15625;-41,84375;-200,5;-38,125;-111,21875;-210,375;-188,90625;-289,65625;-177,0625;-272,9375;-225;-160,59375;-116,21875;-347,5;-160,46875;-66,25;-41,625;-238,15625;-210,625;-38,65625;85,375;-35,625;-157,09375;-191,53125;-123,78125;-193,34375;-235,8125;-266,625;-171,78125;-221,59375;-271,0625;-273,65625;-278,21875;-106,46875;-204,25;-315,9375;-135,40625;-290,3125;-418,25;-271,1875;-310,53125;-151,65625;-254,4375;-200,84375;-89,625;-219,28125;-128,34375;-210,125;-239,5;-98,4375;-160,75;-272,65625;-215,40625;-289,125;-207,53125;-225,375;-448,875;-176,65625;-179,25;-211,5625;-116,53125;-106,59375;-260,21875;-335,875;27,25;-184,46875;-322,15625;-237,03125;-156,78125;-280,03125;-291,15625;-136,40625;-162,65625;-344,6875;-435,21875;-141,15625;-206,59375;-211;-313,34375;-330,9375;-387,28125;-170,65625;-344,9375;-239,4375;-227,59375;-402,65625;-272,1875;-321,78125;-233,28125;
-119,96875;164,53125;57,90625;317,875;181,34375;35,1875;64,78125;217,84375;325,3125;190,9375;-82,875;-58,84375;-138,90625;-72,53125;146,9375;2;150,28125;37,4375;209,5;265,875;99,5;-59;70,71875;96,8125;105,90625;-20,21875;111,5;-49,0625;4,125;207,34375;182,28125;127,875;130,59375;162,21875;53,34375;-25,03125;98,46875;151,78125;98,90625;132,125;94,75;80,53125;81,78125;233,03125;-17,65625;1,09375;189,15625;162,75;55,375;-11,625;171,40625;-37,03125;-142;192,53125;29,21875;175,78125;-118,34375;11,5;18,6875;190,71875;143;187,90625;39,75;62,71875;324,4375;64,6875;113,25;133,90625;50,75;23,15625;-59,78125;-61,75;101,6875;-35,375;61,09375;218,25;-21,9375;106,1875;49,59375;104,9375;-142,125;117,71875;30,53125;-26,375;-1,375;43,9375;120,9375;123,9375;136,96875;86,65625;184,75;-98,53125;109,09375;152,5625;222,59375;-12,9375;268,875;17,6875;68,46875;261,90625;340,0625;192,03125;328,71875;316,375;261,65625;54,84375;127,875;-97,90625;122,3125;113,03125;327,46875;365,09375;555,15625;517,0625;603,8125;637,53125;620,84375;602,625;685,71875;792,0625;376,375;737,03125;395,0625;401,375;451,28125;407,96875;557,84375;617,15625;567,78125;596,71875;813,90625;700,625;634,53125;829,40625;1038,3125;1019,625;1458,4375;1224,34375;1066,59375;973,71875;924,71875;773,46875;619,84375;560,21875;463,46875;471,90625;487,96875;532,53125;469,28125;396,4375;703,15625;902,53125;976,59375;1063,4375;1332,75;1317,875;1395,5;1201;1056,71875;1004,59375;764,125;569,03125;630,34375;293,125;250,84375;196,5;330,875;258,53125;440,9375;581,0625;555,34375;547,90625;564,875;311,375;368,53125;206,25;219,65625;108,8125;-59,53125;-87,4375;111,4375;177,4375;360,875;-72,78125;52,03125;27,6875;-141,75;33,28125;184,625;113,21875;220,9375;314,90625;562,21875;243,28125;693,0625;531,53125;481,1875;536,625;687,125;610,375;570,625;644,625;553,9375;417,8125;363,21875;303,90625;152,75;141,34375;114,15625;373,90625;135,4375;237;45,875;49,96875;191,125;20,09375;90,6875;73,75;38,21875;181,5;258,71875;245,59375;63,75;131,9375;301,9375;77,96875;-9;125,71875;16,5;252,4375;37,25;121,15625;178,3125;128,5625;111,25;150,84375;17,125;124,71875;-30,875;27,53125;174,46875;-64,46875;50,5625;73,3125;34;171,625;-9,75;10,1875;91,46875;191,0625;127,03125;218,625;-7,875;172,5625;317,125;309,09375;-23;264,375;130,75;-38,40625;236,96875;27,46875;153,0625;73,40625;142,9375;166,625;26,4375;-11;38,25;137,75;120,6875;146,0625;-1,59375;70,78125;101,15625;33,65625;217,90625;21,8125;-94,03125;332,8125;80,53125;76,59375;90,3125;173,09375;-46,875;69,96875;-17,5625;-40,59375;127,78125;25,5;39,28125;119,46875;42,6875;37,28125;197,9375;328,90625;142,8125;37,90625;43,71875;283,9375;11,5;64,15625;53,75;-30,15625;-162,65625;-168,375;8,21875;74,71875;62,15625;103,34375;105,40625;-21,375;93,875;77,5625;101,4375;103,9375;118,0625;149,75;5,625;-16,4375;
62,875;-268,375;-0,84375;-217,46875;-181,9375;-328,15625;-358,53125;-143,625;-141,21875;-184,03125;-347,25;-231,40625;-86,03125;48,5;-168,34375;-171,375;-70,875;-64,34375;0,21875;-164,78125;-115,46875;-127,4375;-188,0625;-233,59375;-228,65625;-314,46875;-143,71875;-411,46875;-32,3125;-92,65625;-149,96875;-137,59375;-245,59375;114,03125;-159,875;-218,84375;-222,78125;-294,125;-194,03125;-120,28125;-249,53125;-392,09375;-275,0625;-119,65625;-100,15625;-176,75;-196,5625;-351,1875;-344,53125;-311,03125;-338,46875;-167,9375;-86,03125;-278,40625;-456,09375;-82;-251,09375;-113,3125;-266,59375;-144,96875;-50,625;-206,5;-358,78125;-109,125;-313,5;-144,6875;-295,15625;-85,90625;-102,53125;-199,4375;-245,09375;-232,8125;-345,625;-224,84375;-89,21875;-100,3125;-387,9375;-305;-211,75;-8,46875;-255,65625;-354,15625;-32,3125;-369,34375;-332,1875;-176,28125;-151,34375;-175,1875;-52,84375;-205,71875;-263,53125;-300,78125;-158,25;-140,46875;24,6875;-221,46875;-245,375;-149,84375;-328,6875;-215,4375;-127,46875;125,59375;2,59375;-32,375;-284,28125;-65,46875;-18,34375;-174,21875;-156,875;-27,5625;-111,65625;-70,15625;137,4375;460,96875;290,125;403,1875;424,375;207,1875;298,65625;386,8125;406,90625;232,5625;349,90625;237,3125;164,59375;274,90625;381,0625;280,625;323,8125;276,21875;490,28125;460,75;582,75;804,96875;828,65625;952,875;929,09375;909,90625;825,53125;806,28125;640,875;641;490,46875;406,25;291,96875;431,875;117,90625;376,40625;425,875;340,78125;555,5625;686,71875;820,4375;878,59375;954,5;1252,4375;1319,25;1078,5625;757,625;811,78125;622,5625;202,28125;272,59375;-242,3125;-53,75;17,71875;56,625;96,125;152,65625;346,25;234,34375;367,96875;174;141,5625;-131,34375;120,375;-20,46875;-140,78125;-110,96875;-138,0625;-232,125;-215,9375;-107,46875;-317,46875;-254,1875;-356,3125;-220,0625;-200,375;-110,25;-225,59375;-100,09375;22,59375;230,59375;198,9375;24,5625;260,78125;320,96875;294,28125;380,65625;450,6875;452,09375;591,4375;215,28125;242,25;-138,09375;4,75;-46,65625;-52,5;-12,9375;-88,40625;-340,375;-361,34375;-41,25;152,21875;-105,75;-188,96875;-101,8125;-20,75;-210,96875;-201,40625;-112,3125;-67,71875;182,09375;-116,40625;-148,15625;-144,1875;-125,53125;-152,375;20,8125;-183,71875;-155,25;-170,8125;-216,375;-163,375;-118,625;-143,15625;-160,53125;-240,28125;-172,625;-240,5;-154,59375;-320,8125;-279,53125;54,9375;-43,21875;-190,5;-195,625;-199,5625;-295,96875;-237,875;-233,4375;-132,3125;-271,625;-57,4375;-139;-283,90625;-119,28125;-139,84375;-30,75;-127,625;-178,125;-123,78125;-242,03125;-297,1875;-254,875;-120,25;-132,28125;0,375;-294,15625;-39,75;-119,3125;-207,09375;-148,09375;-101,09375;-135,46875;-287,375;-122,25;-46,21875;-154,46875;-26,75;-201,59375;-217,625;-274,6875;-180,25;-69,65625;-86,6875;-189,96875;-171,34375;-106;-194,09375;-357,0625;-16,5625;-125,78125;-230,65625;-230;-193,46875;-51,25;-88,09375;-321,6875;-29,34375;-342,8125;-144,59375;-125,125;-237,625;-338,4375;-122,65625;29,28125;-119;-286,90625;-1,84375;-213,65625;-234,59375;-170,125;-133,90625;-268,15625;-386,40625;-386,09375;8,8125;2,8125;-164,84375;
45,90625;61,6875;-170,25;1;81,84375;-48,0625;98,03125;119,59375;-11,5;-35,15625;262,90625;-47,9375;235,28125;333;247,09375;183,40625;18,5;-52,90625;164,34375;151,65625;-52,75;264;-30,375;136,8125;76,40625;-31,53125;-3,9375;121,5;-9;272,4375;24,78125;-63,46875;102,78125;-49,9375;-1,5;179,5625;61,5625;141,21875;-0,09375;2,78125;-111,3125;202;268,625;17,40625;-3,84375;153,78125;81,96875;290,59375;249,28125;276,5;67,46875;128,625;1,5;241;24,5625;353;75,03125;175,3125;72,59375;188,8125;68,1875;164,8125;-278,15625;-28,09375;186,96875;314,5625;88,40625;-32,28125;-74,90625;279,84375;-117,84375;-45,59375;143,9375;-58,46875;32,25;300,71875;118,75;39,625;119,78125;-18,65625;-73,21875;36,25;146,21875;96,90625;157,625;-32,59375;-54,28125;202,28125;4,8125;315,5;35,53125;215,21875;344,90625;20,125;207,09375;-265,9375;100,15625;-49;114,71875;-1,40625;204,21875;202,09375;290;85,9375;204,1875;256,8125;124,53125;-35,65625;183,15625;93,5;396,28125;374,46875;511,21875;528,25;438,5625;586,78125;793,71875;685,53125;588;666,1875;613,9375;720,96875;404,46875;504,40625;317,71875;519,25;537,78125;575,46875;776,3125;685,90625;852,59375;724,59375;1040,25;962,625;1231,75;1209,1875;1482,34375;1443,375;1296,0625;1223,71875;988,125;839,34375;736,84375;625,125;552,65625;581,5;419;394,71875;609,90625;798,3125;701,53125;1238,375;1216,625;1319,46875;1604,3125;1452,25;1529,8125;1310,8125;1196,625;968,375;968,4375;477,09375;478,4375;272,0625;207,75;361,875;290,71875;441,53125;483,59375;520,65625;539,53125;549,71875;581,65625;577,25;406,40625;351,40625;231,875;-100,46875;65,8125;1;159,09375;97,25;-27,28125;241,6875;41,28125;34,46875;244,6875;221,21875;291,3125;287,28125;206,375;366,5625;516,1875;447,46875;605,34375;827,125;723,34375;918,375;775,25;650,28125;746,1875;630,75;709,71875;611,75;648,5625;307,375;56;371,03125;64,6875;43,875;83,0625;203,4375;277,625;48,125;63,125;176,09375;131,71875;132,28125;105,21875;209,53125;170,03125;260,84375;324,25;141,09375;256,71875;342,75;242,53125;245,4375;252,3125;123,71875;242,84375;258,96875;4,1875;320,75;252,34375;137,25;214,75;3,65625;9,6875;12,3125;133,8125;58,6875;60,625;97,53125;204,78125;202,21875;122,96875;231,78125;129,375;-0,6875;83,6875;107,25;298,625;177,90625;32,28125;239,1875;215,125;124,90625;221,125;239,40625;167,4375;283,09375;232,3125;110,28125;165,6875;107,09375;93,53125;114,40625;123,78125;351,1875;342,1875;285,53125;235;71,46875;263,5625;279,96875;0,09375;31,40625;148,65625;-9,65625;173,96875;138,0625;455,1875;79,15625;229,6875;181,25;206,6875;122,5625;261,8125;72,46875;134,21875;83,4375;230,4375;99,375;107,46875;205,90625;143,625;132,9375;7,5;10;164,46875;85,90625;119,03125;236,8125;42,84375;138,5625;290,78125;279,1875;40,3125;330,5625;69,6875;257,59375;193,59375;80,875;254,0625;-86,125;225,15625;-65,40625;317,25;215,4375;
-153,90625;-167,75;-31,0625;72,8125;-185,09375;-120,6875;-141,34375;-96,375;-157,40625;-125,03125;-34,90625;88,6875;-47,78125;-29,3125;-52,46875;-181,0625;-62,40625;-57,59375;-455,21875;-246,03125;157,59375;-45,96875;-271,625;138;26,8125;71,5625;172,3125;132,40625;-177,90625;-146,34375;40,21875;-215,1875;113,53125;-94,71875;-59,78125;54,125;-54,875;-114,21875;-138,15625;-265,78125;-110,59375;16,40625;-47,9375;-293,5625;26,90625;-254,0625;-360,1875;-180,90625;-281,5625;-273,65625;-168,15625;-183;-147,75;-119,375;-103,3125;-114,3125;-196,125;26,34375;-46,96875;-133;-189,90625;-222,75;-30,34375;-3,21875;-37,375;-306,15625;-364,5625;-124,5625;-212,84375;-107,34375;2,8125;-239,75;-48,6875;54,21875;70,96875;-111,75;-329,5625;-112,09375;-330,28125;-167,46875;-282,75;-129,9375;-135,0625;-163,375;-163,53125;-336,21875;-132,09375;-240,875;15,8125;-91,65625;1,6875;1,78125;-174,34375;-240,03125;-190,71875;-175,71875;-323,8125;-251,34375;159,40625;-25,0625;42,9375;54,5;-69,6875;271,28125;25,3125;32,28125;-158,0625;-186,125;-37,71875;-29,5;70;200,125;260,4375;425,8125;482,46875;510;192,4375;363,0625;375,78125;280,875;300,1875;483,28125;511,15625;375,5;343,8125;313,21875;478;3,3125;326,8125;357,71875;474,375;806,625;595,46875;716,25;981,375;886,84375;957,03125;1016,40625;897,21875;909;663,21875;657,125;640,03125;658,53125;230,5;225,4375;419,5625;486,03125;307,5;423,53125;406,65625;689,90625;1039,21875;1069,875;1057,9375;1417,84375;1056,125;1083,625;1093,34375;951,03125;683,59375;424,8125;154,625;95,09375;47;-59,9375;2,25;-43,25;199,84375;235,15625;360,375;401,03125;402,3125;399,65625;25,625;9,75;-93,75;-156,40625;-210,71875;-157,65625;-136,96875;-185,46875;-315,5;-233,46875;16,6875;-124,84375;-312;-385;63,875;23,78125;123,53125;58,40625;139,4375;202,375;348,84375;157,75;442,78125;502,40625;545,0625;490,78125;530,0625;436,40625;442,34375;213,25;187,6875;-75,65625;64,5625;-86,375;-139,65625;-304,625;-78,8125;-82,1875;27,1875;-144,5;-168,34375;-177,5625;-360,34375;-204,1875;-141,3125;-269,6875;9,875;-126,40625;54,96875;-150,09375;-90,6875;24,0625;117,5;-163,6875;-0,65625;-130;-51,4375;9,84375;29,21875;-18,96875;-55,53125;-225,96875;101,1875;-169,0625;-85,375;-332,5625;-20,59375;-119,4375;-146,9375;-119,125;-315,4375;-154,03125;-362,34375;-34,5625;-165,90625;-168,90625;-186,96875;-322,3125;-47,15625;-180,5;-120,90625;-289,8125;128,84375;-239,34375;-104,90625;-25,625;-3,96875;-218,21875;-132,5625;-16,96875;-22;-210,0625;20,8125;-147,8125;-67;-60,03125;-147,46875;-164,0625;-118,28125;-16,125;-45,1875;-101,75;28,09375;-47,9375;-181,40625;-25,125;-54,40625;85,75;-186,21875;-128,75;-66,8125;-158,71875;-219,90625;-156,34375;-156,6875;-187,71875;-100,03125;-213,1875;-130,625;-76,1875;-30,84375;-265,84375;-103,3125;18,34375;-189,53125;-118,625;-279,6875;-153,75;-224,78125;-174,0625;-137,90625;-45,15625;-114,78125;-120,375;156,9375;-293,90625;-99,65625;-197,75;21,0625;-94,8125;-207,15625;-106,15625;15,28125;-156,5625;-188,34375;-201,09375;
40,34375;-96,8125;25,0625;-137,28125;238,65625;32,90625;72,1875;253,3125;-73,125;23,90625;-25,90625;7,46875;2;-93,96875;-83;-189,9375;139,5625;19,90625;-27,125;91,65625;-44,1875;142,625;0,96875;68,03125;158,25;-3,28125;-69,40625;51,8125;-103,625;91,8125;-109,75;137,25;-92,53125;-23,4375;38,28125;35,125;-112,0625;-122,28125;-155,125;7;-74,96875;128,3125;-56,3125;-112,53125;-104;50,5625;10,15625;-118,46875;-71,28125;42,5;71,28125;-176,09375;-143;-61,25;-44,4375;14,65625;-56,75;-176,0625;-99,15625;-113,71875;7,6875;112,28125;-31,65625;-98,84375;-6,5625;77,25;-70,96875;-216,625;-114,8125;-169,8125;94,40625;-27,4375;-115,5;-130;74,21875;36,78125;-199,90625;-123,5;141,71875;85,1875;-23,03125;46,125;-71,4375;-54,71875;43,21875;-181,15625;-31,5625;-124,75;-140,25;-181,8125;-107;-86,9375;-28,125;207,65625;-19,15625;31,125;-18,78125;-136,0625;-16,09375;7,71875;54,46875;161,875;208,25;284,8125;84,03125;256,40625;-77,15625;112,59375;63,15625;98,6875;256;217,25;393,84375;605,5625;484,15625;579,1875;703,9375;586,375;388,5;507,6875;304,8125;546,8125;428,59375;360,875;380,375;272,15625;345,09375;384,1875;446,65625;709,8125;631,21875;676,75;907,625;994,78125;983,5625;1028,15625;854,15625;1008,53125;1026,71875;1037;876,4375;814,59375;496,21875;491,46875;462,1875;415,3125;379,96875;553,46875;450;755,5625;820,09375;884,5;1013,21875;1180,34375;1316,5;1341,03125;1368,40625;1321,5625;1039,34375;980,15625;762,34375;556,09375;172,84375;-41,875;-52,21875;42,1875;48,46875;244,59375;413,25;509,96875;556,71875;541,1875;508,53125;316,5;142,71875;170,75;-12,96875;-37,8125;21,78125;-217,125;145,0625;-168,78125;10,9375;-65,375;31,125;-142,875;129,875;-34,03125;76,40625;220,875;76,09375;240,34375;242,65625;479,59375;474,8125;505,96875;585,125;605;691,125;852,40625;666,0625;663,40625;611;285,09375;521,625;130,1875;121,375;79,28125;-34,9375;-37,03125;-272,34375;-36,5;-62,34375;-54,84375;-45,4375;-66,1875;-5;65,90625;-75,78125;-51,4375;90,03125;133,90625;3,71875;195,40625;169,84375;29,40625;-75,09375;-118,46875;73,625;-5,71875;-83,90625;48,71875;-30,875;-110;-49,65625;40,875;18,9375;127,40625;-172,75;18,8125;-108,5625;17,59375;-59,65625;-101,25;-63,4375;-22,90625;-95,125;-19,6875;202,53125;-80,9375;23,34375;-5,625;-83,40625;8,78125;120,5625;-143,53125;57,0625;-63,125;41,34375;-115,90625;14,53125;121,71875;18,1875;-48,84375;76,4375;28,375;115,28125;22,0625;144,125;-19,8125;33,09375;-112,59375;-64,5625;-19,25;-165,875;35,4375;-30,21875;129,75;-14,28125;-84,0625;118,03125;196,09375;-90,5625;73,625;-220;-24,125;22,3125;61,4375;-221,875;-45,4375;228,4375;-30,40625;-286,8125;-31,25;-423,09375;8,6875;112,25;27,6875;66,40625;-32,125;-113,125;10,4375;-120,375;114,125;102,1875;70,5625;-62,53125;181,5;-18,5625;-42,65625;-36,71875;-236,25;-30,53125;-57,5625;-23,21875;131,6875;29,21875;-118,78125;62,75;70,34375;
-45,25;-78,34375;61,75;91,9375;54,125;-71,4375;-63,40625;-29,8125;146,59375;112,875;73,28125;174,96875;50,71875;-47,40625;214,4375;-126,1875;411,375;73,3125;56,375;19,625;133,28125;-14,75;42,8125;-27,5;112,4375;-59,75;117,125;-177,84375;118,90625;119,625;176,40625;217,65625;-21,40625;68,75;322,03125;60,625;37,09375;-145,96875;-34,71875;79,84375;32,125;14,1875;215,59375;230,78125;-100,4375;-75,8125;-260,59375;-17,75;-106,3125;165,40625;91,90625;-15;15,1875;57,625;169,03125;-137,71875;45,28125;106,84375;197,53125;-67,40625;34,03125;55,28125;-146;96,21875;-16,125;132,375;32,03125;103;138,5625;-122,09375;-4,5;67,78125;142,59375;30,71875;33,9375;68,75;-129,59375;-160,25;-14,78125;-81,96875;24,53125;-132,1875;-116,53125;131,65625;-68,5;28,71875;-113,4375;203,3125;-42,59375;32,65625;-38,4375;-154,625;1,46875;-49,1875;-76,625;-247,21875;-16,59375;93,8125;196,71875;188,40625;249,28125;173,15625;162,1875;329,90625;326,5;129,625;24;152,15625;145,1875;201,65625;172,6875;182,9375;375,75;514,90625;594,375;663,34375;644,6875;418,1875;541,5;408,625;626,28125;506,9375;396,625;455,8125;484,65625;339,0625;340,5625;435,59375;674,15625;721,65625;531,5625;644,15625;856,21875;952,90625;1020,28125;1030,0625;1122,15625;1222,65625;1103,65625;1132,3125;944,40625;658,4375;587,78125;508,25;480,21875;333,625;391,78125;288,65625;357,125;558,21875;788,6875;784,65625;917,78125;1400,5625;1515,375;1336,09375;1338,28125;1233,25;1210,78125;812,125;544,34375;595,09375;212,875;167,625;58,84375;220,53125;84,4375;249,34375;183,25;276,25;535,0625;401,21875;463,96875;295,78125;359,75;136,53125;-38;-33,5625;-106,09375;-50,34375;26,625;-119,75;-93,6875;-126,21875;-105,75;92,96875;13,75;133,15625;48,3125;30,96875;257,1875;256,8125;506,8125;361,40625;265,34375;356,375;648,96875;716,9375;887,25;727,71875;545,34375;404;418,21875;459,40625;211,03125;106,03125;-116,75;-260,8125;-66,3125;-131,1875;-130,8125;69,125;121,125;1;45,0625;95,59375;126,125;-117,75;160,03125;70,3125;156,59375;140,40625;21,6875;54,78125;-24,4375;-35,125;-45,125;82,5;12,90625;40,21875;15,15625;211,15625;163,25;195,25;90,625;160,25;-53,28125;45,75;-161,96875;44,5625;-141,96875;36,03125;113,71875;-19,875;-38,46875;78,71875;67,3125;-193,125;111,1875;-67,0625;-30,125;-90,9375;63,5625;-2,65625;-94,125;24,40625;-145,0625;61,09375;-102,75;104,8125;-72,8125;-23,78125;51,15625;-1,875;-24,28125;-13,21875;-86,96875;-1,40625;-78,90625;-38,8125;-239,875;82,34375;55,03125;90,59375;102,46875;159,4375;170,09375;42,75;-72,25;-222,40625;-49,875;-42,6875;-262,21875;86,21875;-69,5625;83,40625;80,1875;-15;-9,75;-126,90625;-21,78125;-10,75;15,78125;28,375;7,875;11,96875;78,625;-23,3125;-97,03125;-40,1875;-117,625;-54,25;-225,4375;74,15625;-25,65625;64,75;-105,53125;-54,625;57,3125;-70,9375;-246,15625;-26,375;-178;-205,8125;-211,0625;-66,46875;87,96875;-22,25;152,40625;-125,0625;
-4;78,28125;97,1875;-0,40625;9,40625;62,375;122,78125;-43,6875;129,21875;160,0625;122,03125;81,34375;110,15625;25,125;111,34375;-92,46875;108,125;-76,25;72,78125;-17,875;-34,65625;23,03125;142,3125;89,59375;104,84375;-15,5625;5,25;194,15625;-20,6875;-144,0625;219,21875;-1,625;99,90625;-218,03125;150;-228,75;275,09375;-50,34375;0,9375;1,34375;-57,4375;77,375;-13,21875;-36,125;-123,40625;-53,375;-41,3125;-78,78125;127,96875;26,125;25,15625;71,1875;30,21875;97,78125;-61,96875;105,6875;-160,46875;-2,34375;-39,46875;93,90625;-36,03125;36,28125;-10,75;-48,625;-22,96875;38,40625;92,71875;-32,15625;-219,25;-126,15625;58;-85,78125;-145,8125;-75,65625;-53,0625;-74,09375;116,25;3,0625;-27,25;9,84375;6,0625;-30,25;-141,65625;-50,5625;-56,125;-324,84375;-67,53125;151,09375;-48,125;70,34375;-50,78125;-34,03125;-204,59375;-63,25;-242,4375;84,21875;41,34375;8,96875;177,21875;-40,90625;255,1875;255,0625;350,75;133,8125;238,96875;-111,84375;-29,4375;78,8125;-78,875;85,96875;167,25;260,1875;175,84375;419,5;590,9375;488,25;331,875;428,8125;649,84375;873,3125;603,9375;593,15625;442,46875;732,3125;157,59375;282,3125;535,4375;452,5;421,90625;354,125;550,1875;1015,625;668,9375;1125,65625;1098,40625;1187,96875;1220,8125;1394,46875;1128;1177,21875;941,75;699,34375;623,53125;599,71875;338,5;507,34375;493,75;259,21875;560,9375;843,0625;869,6875;708,4375;1164,1875;1095,28125;1425,96875;1525,78125;1501,1875;1271,0625;1122,9375;729,71875;426,34375;616,71875;448,28125;151,21875;-55,4375;149,71875;73;203,40625;453,59375;546,46875;339,0625;361;310,28125;449,90625;267,1875;106,96875;-28,15625;-137;2,25;-88,5;-51,625;-55,90625;115,03125;150,21875;-93,96875;-146,0625;105,09375;-130,125;77,0625;110,46875;171,3125;179,5625;345,46875;385,875;357,75;485,25;675,71875;785,75;947,09375;649,6875;714,09375;565,9375;610,21875;234,875;217,5625;97,03125;78,15625;37,71875;-12,1875;134,71875;3,09375;31,84375;115,84375;96,03125;-82,8125;21,96875;-48,71875;-103;153,375;234,40625;-74,6875;417,65625;185,6875;56,71875;-11,1875;330,59375;107,625;119,15625;59,09375;-64,75;-86,75;35,09375;176,875;73,53125;-66,90625;-106,5625;-119,5625;-1,46875;-46,875;3,09375;9,3125;-50,03125;171,21875;-115,09375;60,25;-18,34375;93,5;115,375;-160,9375;-14,1875;-94,34375;-21,34375;139,125;32,625;70,625;-23,03125;-16,4375;-42,40625;-139,53125;57,5625;72,375;113,90625;81,125;-9,3125;95,1875;-36,125;189,03125;-46,46875;88,5;4,6875;76,0625;99,34375;-100,5;82,28125;118,3125;-52,65625;-73,90625;-127,625;-101,625;16,65625;-11,65625;-40,9375;-24,0625;-31,5625;-155,03125;-53,25;82,4375;115,4375;-203,25;-251,75;-92,34375;9,59375;57,8125;156,53125;-78,125;-168,96875;39,75;-117,71875;-244,96875;197,25;206,03125;-81,03125;-69,96875;-265;-100,46875;-22,65625;-11,21875;39,3125;-181,25;-147,375;-5,25;-117,71875;-92,34375;-41,84375;15,46875;-64,09375;219,75;15,90625;242,9375;56,96875;
-13,03125;89,5625;-4,21875;261,9375;62,78125;94,21875;-102,375;225,03125;117,46875;79;107,84375;-57,5;103,5625;-35,40625;153,0625;47,59375;239,65625;448,40625;91,46875;92,53125;-50,0625;215,875;163,46875;121,78125;144,28125;118,96875;-138,71875;22,9375;-27,90625;69,78125;183,0625;146,875;212,3125;4,0625;94,0625;-10,21875;68,34375;-148,21875;-36,9375;181;363,25;140,4375;-13,15625;36,25;46,5;325,46875;116,46875;187,625;81,25;-79,34375;60,59375;68,125;115,15625;80,4375;4,875;174,59375;109,8125;271,15625;245,375;15,8125;215,03125;-52,5;88,375;17,78125;69,03125;8,1875;26,1875;100,46875;-15,375;90,15625;-165,75;143,6875;118,28125;-9,65625;66,59375;-1,53125;33,5625;-28,875;79,75;98,96875;185,8125;168,96875;32,96875;-16,25;88,15625;99,875;116,625;16,6875;121,9375;117,78125;25,96875;1,78125;3,75;222,40625;-5,28125;-117,53125;-50,09375;-92,28125;174,40625;42,625;222,71875;219;194,15625;429,8125;163,40625;367,25;251,75;70,5625;-47,65625;214,46875;78,3125;389;321,125;397,78125;617,5625;628,4375;527,78125;567,9375;789,28125;682,34375;835,71875;699,59375;609,21875;551,65625;698,75;442,53125;526,875;403,25;514,8125;522,53125;515,1875;741,6875;896,9375;1022,25;1248,90625;1261,875;1204,75;1263,125;1439,34375;1128,28125;1047;745,0625;646,40625;270,375;463,3125;407,4375;303,34375;435,75;543,21875;630,90625;748,5625;978,625;1013,34375;1260,9375;1412,8125;1339,40625;1582,5;1258,125;1082,625;821,375;707,28125;299,84375;494,75;108,5625;69,625;119,5625;44,8125;124,9375;427,71875;322,9375;552,1875;615,1875;550,59375;413,4375;354,1875;372,125;279,1875;25,5;-18,65625;36,78125;103,8125;-83,375;-19;84,15625;-194;-47,4375;128,375;39,75;98,9375;246,625;239,03125;251,09375;458,03125;291,75;235,125;573,78125;805,8125;712,40625;881,15625;898,625;886,0625;669,8125;822,6875;431,1875;501,625;89,1875;287,03125;45,90625;157,5;254,28125;45,59375;40,78125;321,8125;15,3125;178,34375;1,96875;50,21875;103,84375;-6,90625;16,3125;181,375;148,3125;49,09375;179,0625;62,96875;185,53125;26,75;-7,375;-19,1875;127,25;118,6875;163,375;72,46875;121,53125;199,96875;-88,40625;242,90625;124,78125;-124,375;-243,71875;-90,71875;-15,15625;81,125;-13,9375;61,3125;-59,28125;161,5625;-4,125;42,125;98,8125;179,59375;108,53125;-6,71875;-21,625;79,625;-16,09375;47,25;119,65625;-75,25;218,25;-39,03125;-35,96875;195,875;201,5625;-33,71875;119,4375;-3,53125;240,5625;69,625;22,4375;103,375;57,8125;228,21875;77,09375;234,875;-31,21875;81,84375;-123,78125;19,5625;27,71875;137,40625;-9,875;8,84375;208,875;-92,6875;27,8125;-3,46875;210,65625;-62,625;-162,59375;-234,46875;-282,625;41,96875;17,0625;220,25;240,96875;-4,6875;133,5625;50,5;-147,96875;-23,0625;-79,65625;57,875;-0,96875;-69,96875;-167;181,46875;-42,25;116,3125;-94,96875;-30,5;-67,5;67,1875;99,34375;-66,4375;-269,0625;-132,03125;48,34375;78,3125;133,625;
-4,4375;-25;-44,59375;-123,46875;-90,34375;-80,9375;-9,0625;-93,90625;-125,03125;-31,78125;-52,3125;-24,46875;1,5625;107,78125;184,90625;127;-75,46875;-81,9375;-259,5625;-227,53125;-269,5625;57,34375;-196,40625;-53,625;-223,8125;-154,25;-93,8125;112,3125;-85,34375;-134,71875;47,9375;-51,8125;85,09375;41,96875;-350,03125;-245,65625;-411,34375;-134,78125;-233,15625;-22,46875;53,28125;-269,375;-191,78125;93,28125;-69,3125;-12,5625;59,65625;-214,25;-161,90625;109,5;-44,125;-20,0625;-280,96875;-132,125;46,1875;-77;-29,25;28,0625;-136,1875;18,46875;-73,78125;-47,3125;32,6875;23,4375;-16,5625;-257,0625;-325,28125;111,84375;-77,1875;134,875;-146,71875;-3,4375;-117,46875;124,75;-248,1875;-71,21875;101,5;-14,15625;-110,65625;74,875;-55,78125;-21,9375;90,59375;-297,53125;-166,625;-309,15625;-268,4375;26,0625;-107,875;-228,78125;-134,40625;31,25;51,34375;-136,3125;-87,5;-164,90625;-89,875;-134,0625;-21,8125;27,21875;70,53125;-91,6875;135,5625;141,875;-0,8125;28,75;78,375;-76,46875;-96,28125;41,6875;-159,90625;212,40625;407,84375;340,6875;489,3125;439,59375;567,6875;492,6875;660,125;715,34375;724,875;558,53125;711,78125;670,28125;613,84375;347,5625;352,53125;397,625;372,40625;456;694,28125;732;913,65625;1052,875;1118,4375;1180,875;1263,78125;1292,375;1203,5625;1121,90625;939,5;716,4375;575,59375;493,65625;520,59375;248,65625;177,125;266,25;200,90625;380,59375;502,5;952,5625;1216,09375;1253,71875;1450,9375;1548,90625;1403,46875;1312,34375;896,1875;697,84375;473,40625;421,3125;313,125;16,0625;114,59375;-8,6875;79,53125;213,5;93;252,21875;494,6875;543,3125;533,1875;315,125;104,5;-70,875;-51,53125;-176,78125;14,78125;-148,8125;104,625;-12,875;-39,3125;114,4375;-111,65625;148,0625;-38,8125;48,59375;56,34375;-7,875;96,90625;181,28125;187,4375;238,40625;403,15625;534,78125;457,25;585,09375;653,15625;720,21875;654,90625;483,5625;527,8125;402,34375;243,28125;220,71875;120,90625;-166,3125;-8,09375;-12,78125;-11,78125;-82,53125;-64,25;5,625;-117,15625;109,53125;-78;172,96875;-11,96875;46,8125;-55,6875;21,78125;-10,375;-0,46875;-54,03125;93,40625;-29,71875;-104,40625;-169,1875;189,8125;79,6875;60,59375;-199,25;74,125;9,21875;-292,375;-148;-150,875;46,21875;-37,03125;-159,34375;-148,59375;46,0625;-86,25;211,875;-33,21875;-121,0625;-40,34375;-28,5;-12,9375;-202,71875;-156,25;37,75;-177,0625;101,0625;-131,1875;38,65625;-34,5;-160,03125;64,21875;-23,90625;140,625;-23,4375;87,34375;-97,375;-55,5;-72;-157,09375;-212,96875;-127,1875;-52,0625;-34,09375;-64,25;-77,09375;-104,8125;-217,625;-40,34375;-98,03125;-153,8125;-58,40625;-208,09375;-174,375;-170,875;-113,40625;25,21875;-245,625;-289,78125;-179,90625;44,53125;-125,40625;-277,6875;-6,3125;-255,4375;-154,8125;-177,34375;-30,0625;-224,4375;-290,96875;-326,71875;-247,71875;-56,03125;-69,65625;114,8125;-71,125;44;11,15625;-3,46875;-100,34375;-110,1875;-39,625;-112,40625;-75,90625;-30,375;-230,53125;-115,65625;-101,9375;-111,71875;61,15625;-110,5;38,65625;
-47,34375;-208,125;-340,53125;26,9375;-205;78,3125;-2,75;136,125;-160,03125;-84,71875;-18,5;-142,0625;-91,5625;-38,28125;-32,28125;-166,15625;-208,8125;-221,4375;-13,0625;-67,0625;-11,8125;-241,6875;-27,53125;0,4375;71;42,46875;-252,25;-136,3125;-143,71875;-283,09375;-106,90625;-238,90625;-249,46875;9,125;-113,75;-225,59375;-252,96875;-137,53125;-90,6875;-163,53125;-150,5;-56,09375;58,0625;-269,28125;-155,34375;-72,21875;-219,5625;-124,34375;-197,71875;-103,15625;-17,5;-3,25;-67,5;-171,21875;44,1875;1,9375;-263,03125;-158,40625;-302,5;-29;-187,5;100,9375;-235,21875;-389,375;-95,375;-184,625;-29,71875;-116,90625;-71,75;-90,09375;-225,03125;-114,71875;-63,6875;-167,40625;-101,09375;-67,0625;-249,71875;-17,96875;-289,3125;-66,96875;-75,84375;-83,9375;-27,625;-195,65625;-177,34375;-375,34375;-129,1875;-212,5;-66,9375;-131,53125;-285,28125;-133,28125;-355,4375;-175,59375;-228,21875;-304,25;-151,125;13,65625;69,5625;-125,90625;78,65625;95,21875;228,6875;310,25;150,65625;38,3125;-112,03125;169,25;-16,96875;-255,40625;61;5,65625;278,625;374,5625;450,71875;368,625;474,9375;696,3125;657,75;742,53125;564,875;622,28125;655,09375;503,5;517,1875;347,5625;694,625;367,21875;223;395,75;789,03125;709;696,65625;1087,59375;1039,4375;1114,65625;1438,0625;1396,40625;1440,625;1317,78125;1178,34375;764,53125;627,6875;297,46875;323,625;240,40625;83,40625;313,9375;465,21875;355,53125;482,65625;807,84375;1062,8125;1207,125;1325,5625;1428,96875;1295,21875;1336,46875;1149,625;888,375;529,21875;424,15625;303,78125;232,25;-51,03125;199,65625;-159,4375;-22,875;-11,3125;270,96875;306,46875;357,59375;351,59375;276,5625;-44,96875;-89,84375;27,78125;-71,375;-208,21875;-158,125;-42,5;51,34375;122,6875;-110,46875;-295,09375;-193,6875;-29,28125;-118,53125;7,71875;-50,78125;140,125;223,40625;89,96875;400,34375;243,6875;577,40625;634,03125;716,21875;701,78125;880,3125;763,15625;515,125;489,25;326,8125;217,9375;169,6875;-48,4375;148,53125;-9,4375;-63,53125;-15;-122,46875;-83,625;-6,71875;-44,4375;53,75;-149,03125;28,0625;-104,15625;31,96875;-127,40625;95,9375;-104,96875;66,03125;1,34375;-6,78125;-225,75;-3,8125;-262,03125;-321,5625;-208,53125;-85,65625;25,09375;-144,125;17,875;-393,0625;-131,09375;-116,40625;124,375;16,875;-289,65625;65,53125;-67,78125;-55,5625;66,75;-110,8125;-164,6875;-235,28125;11,6875;-87,15625;-203,15625;23,34375;-61,65625;138,40625;20,65625;16,78125;-164,875;15,125;-180,5;-107,3125;-56,0625;-127,1875;-87,5625;8,4375;-232,09375;-320,03125;-222,6875;-202,5;-143,53125;-190,5;-1,53125;-51,03125;-107,0625;-255,6875;28,53125;-192,03125;-104,625;-167,09375;-123;-206,375;-29,25;-226,28125;-37;-43,4375;-260;-208,375;-241,90625;-274,25;-233,25;-227,125;-54,4375;-246,34375;-350,0625;-169,78125;-122,03125;-229,25;-180,3125;90,59375;-90,125;-244,6875;8,5625;-1,21875;-19,625;70,625;-71,21875;-161,6875;-127,625;-83,6875;-180,46875;-278,1875;-243,15625;-86,75;-153,3125;-291,1875;-144,375;-202,6875;-231,3125;-134,0625;-194,8125;-122,78125;
-179,03125;-85,84375;-86,28125;-35,53125;-78,40625;-237,46875;-95,25;-139,34375;42,4375;-229,84375;31,15625;77,65625;10,375;23,25;-6,5;-62,59375;21;-146,09375;17,5;62,84375;-149,9375;25,03125;-28;-173,15625;-35,34375;-29;9,5;-253,34375;19,84375;3;-153,34375;-54,3125;32,21875;34,8125;-23,46875;-14,8125;-195,625;60,3125;165,1875;23,40625;-72,9375;90,4375;-162,3125;-154,3125;-154,59375;-29,03125;-173,65625;4,46875;-82,46875;-142,1875;-35,8125;1,21875;-56,71875;-124,34375;-92,25;28,46875;-60,34375;-251,1875;-38;-29,34375;-330,8125;-30,1875;50,59375;73,75;-154,34375;3,875;-227,84375;-43,90625;-44,03125;21,125;-53,8125;-181,9375;83,96875;-78,6875;-185,3125;-88,75;65,625;-224,3125;-64,03125;-22,46875;-154,78125;54,625;-13,1875;-1,40625;72,78125;-35,625;50,09375;-132,125;-136,5;-18,9375;-31,0625;44;-27,5;-106,8125;-94,875;-78,09375;122,3125;74,40625;55,875;-33,09375;19,25;195,03125;123,03125;190,4375;177,09375;49,40625;91,90625;20,125;154,46875;-89,84375;21,3125;85,5625;388,96875;365,90625;555,0625;640,84375;525,5625;737,3125;853,875;677;959,625;826,90625;993,71875;871,25;492,4375;542;318,5625;382,40625;530,5625;479,0625;815,15625;759,40625;935,53125;1205,0625;1353,8125;1390,53125;1706,40625;1426,40625;1484,4375;1305,34375;1287,625;1187,1875;720,375;580,21875;453,6875;331,34375;75;175,96875;262,875;618,90625;724,34375;801,65625;948,03125;1238,375;1270,28125;1524,5;1577,28125;1285,53125;1135,5625;894,59375;736,96875;523,09375;298,0625;303,3125;21,4375;172,96875;110,34375;257,84375;139,5;230,9375;457;429,09375;277;113,4375;188,4375;196,75;-25,5625;-164,90625;-105,375;-35;-169,03125;-121,59375;-100,78125;-179,28125;-132,71875;-308,40625;-75,5625;34,25;127,625;-48,75;197,5625;59,8125;64,15625;370,375;595,28125;739,71875;725,59375;781,90625;1039,46875;870,46875;737,625;647,875;537,71875;402,25;348,59375;78,09375;184,90625;160,75;106,84375;88,09375;23,71875;119,9375;-12,375;-47,125;-61,1875;-41,75;62,1875;111,6875;155;144,125;146,28125;-113,71875;113,21875;0,25;199,125;168,90625;-128,65625;-310,84375;-142,40625;-249,03125;-141,90625;-14,5;-149,8125;-39,3125;-110,40625;14,53125;43,40625;-157,1875;-19,84375;-115,03125;-142;18,875;-159,65625;-236,6875;206,90625;97,25;54,25;159,25;-145,625;166,6875;2,5;-12,125;-62,84375;35;-76,4375;-117,53125;-212,9375;-28,1875;-92,21875;-252,46875;35,1875;31,875;52,375;13,5625;-83,625;-163,75;124,34375;131,875;120,09375;14;44,8125;16,125;31,875;-281,125;-140,65625;66,0625;-13,0625;-59,3125;-162,625;-87,96875;-9,84375;-55,09375;-147,71875;5,375;-229,96875;-3;-88,375;-285,75;-265,34375;-97,25;43,4375;-80,8125;23,71875;-189,375;-325,59375;-105,8125;-90,875;-173,78125;-10,78125;-20,21875;-36,375;151,53125;104,0625;-88,28125;109,0625;-294,1875;-92,03125;71,65625;-24,375;52,09375;4,46875;49,71875;8,71875;-34,4375;92;11,5625;91,6875;79,96875;-60,875;-26,8125;
21,875;16,1875;113,5625;-52,84375;201,84375;125,46875;148,65625;-62,96875;122,09375;264,5;181,6875;194,1875;141,09375;106,46875;195,5625;218,6875;275,9375;132,375;54,71875;121,53125;148,75;179,15625;94,6875;39,21875;19,4375;126,65625;159,53125;32,53125;400,65625;227,75;193,46875;47,03125;210,84375;222,28125;172,40625;244;92,625;296,90625;367,71875;273;-40,375;8,375;180,5;169,15625;17,34375;240,125;301,75;263;258,53125;314,28125;401,84375;30;307,375;118,03125;109,28125;179,0625;42,375;85,09375;75,5;-14,78125;62,34375;71,03125;203,59375;135,5625;136,46875;174,375;173,8125;71,125;-36,34375;253,21875;219,3125;81,84375;233,9375;156,21875;173,84375;64,75;93,3125;154,9375;98,1875;272,8125;7,4375;291,15625;46,59375;157,84375;-46,40625;10,40625;150,09375;268;270,21875;23,5625;52,125;11,0625;135,5;23,9375;222;8,40625;197,0625;-74,90625;163,5;-15,78125;244,71875;361,4375;290,4375;471,625;414,28125;211,90625;171,90625;440,75;139,375;242,4375;278,8125;411,28125;345,71875;664,875;682,40625;789,46875;860,5;979,53125;1332,15625;1169;1254,21875;1046,1875;992,8125;1028,0625;982,4375;1071,21875;755,46875;976,125;663;815,03125;860,5;995,5625;1296,71875;1294,53125;1687,96875;1783,0625;1713,03125;1771,28125;1842,5;1621,40625;1436,46875;1211,625;962,3125;698,75;840,84375;555,09375;553,46875;630,5;766,59375;513,53125;803,3125;1195,375;1204,5;1610,71875;1809,625;1842,8125;1665,4375;1577,25;1527,65625;1344,09375;1064,03125;809,125;747,625;292,3125;138,5625;51,6875;171,4375;219,59375;462,46875;444,8125;539,09375;603,21875;484,0625;598,3125;390,9375;277,71875;169,84375;223,59375;78,1875;323,625;214,71875;96,1875;88,625;62,125;112,21875;247,5625;371,90625;-59,40625;242,8125;326,5625;453,125;637,84375;719,90625;747,0625;585,4375;757,78125;1015,875;1116,9375;1039,1875;1029,875;808,21875;950,25;743,5625;602,25;637,90625;535,65625;506,875;184,71875;41,1875;134,34375;284,4375;10,75;143,6875;179,46875;321,875;463,71875;307,4375;266,0625;207,90625;351,9375;185,375;111,0625;160,09375;416,375;172;121,46875;78,03125;24,875;98,21875;157,46875;135,03125;84,625;326,6875;295,40625;102,59375;99,46875;145,34375;111,6875;179,125;64,1875;181,46875;-136,03125;58,125;236,25;-10,78125;175,125;-6,4375;-29,90625;67,09375;168,5625;213,875;190,4375;9,8125;131,90625;58,875;112,3125;67,375;-56,8125;138,03125;181,84375;-18,15625;183,09375;97,1875;335,65625;86,875;52,84375;100,59375;179,90625;121,09375;283,5;245;19;63,375;122,3125;299,71875;273,125;-116,15625;135,125;-146,21875;105,46875;206,46875;105,21875;-9,6875;94,65625;154,71875;-91,6875;125,125;-104,75;104,03125;-141,15625;85,6875;-1,0625;54,6875;164,5625;-61,8125;154,71875;210,375;13,625;-51,09375;109,84375;159,4375;95,4375;74,59375;-69,375;-57,125;76,46875;25,5625;138,375;60,875;221,125;-39,34375;-116,46875;214,78125;214,5;211,21875;-9,34375;64,3125;256,5625;63,90625;27,3125;
-163,71875;-66,6875;-66,4375;-307,03125;-215,78125;-41,25;-202,40625;-257,21875;-313,8125;-244,84375;-208,5;-268,5625;-104,5;-224,65625;-167,15625;38,75;-422,71875;-74,8125;-48,59375;27,09375;2,46875;-247,75;-150,59375;-16,4375;-24,5;-189,5;-134,65625;-233,21875;-279,34375;23,59375;-206,65625;-149,96875;-46,28125;-9,21875;48,09375;102,28125;70,25;-179,25;-185,59375;-84,5;-209,1875;-171,28125;-302,5;-96,75;-288,75;-111,90625;-283,84375;-197,4375;-242,9375;-101,375;-277,25;-137,84375;-268,21875;-82,65625;-202,96875;-152,8125;-356,4375;37,15625;-57,40625;25,6875;-174,40625;-171,78125;-110,40625;-178,5625;-166,09375;98,5;-72,25;30,8125;-27,21875;221,34375;-178,21875;-304,125;-164,40625;-199,09375;-0,125;162,6875;-150,90625;2,34375;15,625;-161,625;-156,53125;-25,21875;-147,25;-271,84375;-17,375;38;14,71875;-149,9375;-179,375;-117,9375;17;-210,71875;-125,21875;-218,625;-236,1875;-126,90625;-257,4375;-241,625;-81,625;-149,3125;143,4375;212,375;3,65625;64,84375;243,84375;-21,34375;-85;-44,8125;-254,25;-81,4375;12,9375;70,46875;154,09375;435,3125;367,625;527,1875;733,625;628,0625;675,4375;848,3125;1001,9375;993,3125;861,46875;919,90625;679,375;805,375;591,0625;476,65625;663,46875;588,0625;792,53125;682,0625;744,78125;1070,5;1362;1178,34375;1620;1846,4375;1602,28125;1550,25;1411,375;1322,125;757,75;563,96875;603,09375;190,375;444,90625;437,5625;609,6875;627,28125;802,15625;825,0625;1104,34375;1236,0625;1520,28125;1832,03125;1380,15625;1503,09375;1386,84375;1071,25;904,40625;518,90625;386,53125;296,4375;117,71875;10,9375;144,34375;217,375;238,3125;301,875;424,53125;574,625;567,84375;505,25;232,125;182,6875;-3,96875;-188,6875;-206,71875;-129,4375;-40,59375;-210,25;-300,6875;-103,8125;-146,25;-129,46875;-31,90625;207,09375;-82,1875;168,875;67,34375;349,40625;355,53125;356,21875;628,59375;599,34375;820,5625;852,375;989,9375;1039,53125;807,875;904,0625;566,15625;205,03125;235,6875;123,40625;157,1875;-103,3125;-30,53125;65,5;-147,15625;-158,25;173,375;68,28125;72,75;-78,90625;70,15625;-102,03125;-71,46875;-78,28125;124,90625;-86,625;68,21875;-37,03125;-113,5625;-225,40625;-102,3125;-294,8125;95,3125;-103,34375;-96,5;-97,125;64,9375;-271,09375;144,46875;-20,5;-99,875;-149,4375;-60,65625;-171,53125;-89,25;-109,03125;-58,75;84,34375;-101,59375;-47,40625;-57,15625;60,78125;-192,25;-33,75;-204,40625;-98,1875;-36,6875;-227,1875;-101,875;-135,75;191,375;-154,03125;-101,0625;-22,5625;128,34375;26,46875;-107,625;-70,96875;-204,59375;-49,03125;-180,1875;-150,84375;-159,8125;-84,75;-109,53125;-105,65625;-138,4375;-173,15625;-290,84375;-108,84375;-302,5625;-52,28125;-279,75;80,59375;-105,9375;-238,375;-160,75;-233,34375;-276,75;-77,28125;-172,28125;-9,28125;-142,3125;52,21875;64,96875;-289,96875;-120,90625;-70,375;-116,65625;-333,3125;-128,65625;-413,53125;-127,34375;-160,8125;-263,4375;-84,40625;-253,125;-141,0625;-34,34375;-304,125;-88,125;-106,53125;-62,5;-283,25;-54,6875;76,34375;-185,71875;-252,0625;-36,09375;-29,375;-77,71875;-224,59375;-136,0625;-122,625;
-110,1875;16,625;58,6875;-20,6875;139,40625;-132,3125;8,78125;102,75;18,34375;-7,21875;2,5;-83,4375;-61,21875;-173,9375;49,21875;-62,28125;123,03125;165,6875;11,53125;-63,8125;46,28125;207,6875;-112,25;7,46875;119,40625;96,75;-28,09375;55,375;63,875;56,375;-47,84375;81,8125;-104,53125;93;-259,0625;166,34375;76,65625;-121,78125;20,84375;-92,875;-20,15625;-139,28125;-83,40625;225,5625;88,84375;164,6875;79,3125;-30,0625;-128,46875;110,8125;77,65625;-138,875;103,59375;-33,6875;-120,40625;43,59375;-24,21875;0,125;-44,1875;-190,46875;125,90625;181,625;135,59375;-15,125;-125,78125;45,03125;-68,96875;115,90625;-137,46875;169,75;94,5625;-14,03125;40,03125;-100,34375;138,625;-64,71875;-93,40625;127,1875;-48,9375;-178,15625;17,375;54;203,65625;-26,9375;26,875;16,5625;-230,0625;-292,125;-78,40625;-254,21875;143,34375;47,34375;6,5625;165,21875;77,53125;93,03125;184,125;68,09375;87,34375;133,28125;286,15625;322,03125;186,375;490,1875;384,46875;261,96875;177,5;81,3125;119,96875;339,28125;119;182,5;295,28125;287,03125;606,96875;879,78125;1032;939,25;1029,40625;1200,8125;1159,375;1023,625;1268,59375;1166,9375;968,96875;796,34375;470;771,1875;687,5625;609,1875;1095,5625;831,34375;962,75;1192,40625;1515,75;1574,65625;2032,25;1991,8125;1943,65625;1753,90625;1422,46875;1300,34375;791,25;793,03125;777,03125;525,65625;423,28125;683,375;472,625;514,84375;938,28125;1129,5;1312,3125;1639,5625;1846,6875;1831,71875;1839,375;1686,5625;1522,53125;1244,90625;809,75;646,71875;419,375;491,65625;330,40625;175,75;23,4375;360,375;340,375;447,8125;374,46875;628,09375;843,9375;605,90625;231,75;132,53125;114,625;-1,125;113,53125;-33,9375;-73,25;-22,5;-73,8125;31,40625;-2,5;-180,34375;33,78125;-9,84375;144,65625;277,71875;207,875;244,0625;522,4375;465,40625;713,125;796;791,25;877,40625;1172,0625;1171,3125;852,34375;1065,75;722,21875;673,375;301,5625;274,65625;265,1875;335,71875;46,6875;143,21875;30,5;-12,75;145,625;51,75;105,4375;114,6875;73;173,25;-4,34375;9,09375;134,125;156,78125;139,09375;225,375;94,25;122,90625;41,21875;-197,21875;-46;-75,40625;-4,21875;171,78125;-20,125;51,3125;-58,59375;80,875;-236,875;-246,03125;83,875;-180,8125;-164,28125;221,9375;153,15625;-5,21875;95,875;127,1875;-68,65625;71,375;39,84375;-68,1875;116,90625;-60,5;-9,875;88,40625;97,09375;13,9375;61,34375;-108,5;-6,25;218,09375;55,78125;-109,375;137,15625;2,125;-114;-89,78125;89,46875;-99,71875;91,25;100,09375;-71;155,28125;-100,375;25,21875;-93,4375;-188,5;-148,6875;-122,71875;-6,84375;-82,5625;79;-0,78125;-15,5;19,96875;-21;-11,3125;-2,375;-36,84375;41,25;-112,3125;41,375;-78,21875;41,53125;54,5;97,21875;98,3125;76,75;10,84375;-157,65625;-86,59375;-150,78125;-69;-51,28125;-193,0625;-36,125;-134,78125;-122,40625;-259,0625;-45,4375;-77;-174,21875;-262,90625;-62;87,40625;25,28125;67,40625;28,40625;7,03125;-218,6875;-200,6875;
36,46875;-189,9375;-86,75;-311,90625;-117,3125;-114,8125;44,15625;-54,53125;-161,75;-95,34375;-119,0625;-223;-140,84375;48,25;6,46875;82,34375;59,53125;-127,03125;137,0625;66,9375;-119,1875;-7,34375;-140,34375;43,375;11,96875;49,71875;-108,40625;-121,8125;-20,59375;113,5625;-185,53125;80,03125;-101,78125;-71,21875;91,375;55,1875;-78,90625;29,75;-73,28125;-166,40625;-102,5;-33,75;-11,4375;-122,3125;-2,125;-320,28125;-104,59375;-232,1875;12,9375;-43,25;-231,5625;-66,75;27,375;-19,3125;-130,125;10,28125;-60;-29,21875;-115,25;-221,375;35,09375;39,78125;-19,90625;13,71875;-360,15625;36,5;-233,15625;-66,9375;64,96875;-98,84375;-120,28125;-99,8125;-48,8125;-197,625;-134,53125;-232,53125;-306,3125;-1,15625;72,90625;-107,71875;45,125;-213;-75,125;-51,96875;-48,5;84;2,96875;98,1875;-165,40625;-169,4375;34,65625;-125,875;218,3125;82,09375;-41,84375;24,71875;-245,03125;-337,78125;-86,21875;-129;35;215,1875;344,625;210,5;130,5625;246,96875;227,75;-51,5;43,0625;1,40625;184,46875;321;318,5625;349,25;383,90625;423,96875;825,875;946;928,125;1043,03125;1280,6875;1148,34375;1238,125;1073,25;933,28125;713,375;669,875;638,40625;644,21875;743,09375;681,125;953,21875;1049,3125;1293,84375;1396;1637,84375;1986,53125;2054,28125;1789,21875;1852,09375;1310,75;1128,96875;1046,6875;818,65625;706,9375;527,34375;344,75;398,15625;645,28125;711,75;853,75;1143,4375;1396,9375;1576,03125;1667,1875;1940,25;1707,5;1725,5;1557,53125;1224,25;857,75;698,0625;545,75;332,625;440,0625;-118,875;256,53125;228,03125;296,46875;385,1875;526,40625;484,0625;604,1875;452,6875;175,59375;262,46875;-23,09375;-99,5625;-11,875;-143,59375;46,4375;70,71875;58,9375;-75,03125;-187,4375;80,5;-59,15625;4,21875;-3;98,5;170;319,125;619,03125;637,03125;717,0625;812,28125;1009,75;1082,8125;999,6875;909,25;1064,3125;890,0625;728,21875;352,625;383,15625;288,28125;91,96875;-20,3125;77,875;-153,1875;22,96875;-55,71875;47,125;115,375;46,375;4,0625;89,125;155,75;34,53125;68,375;-0,9375;40,3125;87,53125;-20,75;119,46875;24,96875;-26,875;-106,4375;-31,375;-205,0625;-230,59375;162,75;-180,34375;-116,28125;-110,21875;-74,34375;-19,96875;-131,15625;-71,15625;-220,9375;-3,875;-112,8125;40,25;113,71875;-23,96875;-154,21875;-233,9375;-225,78125;-166;-138,3125;-26,28125;-13,21875;-126,8125;88,5625;-0,15625;32,40625;-36,9375;-318,40625;-234,875;28,9375;-271,5;-169,59375;-19,15625;-7,25;-109,65625;-53,125;-108,71875;61,65625;15,5625;-55,78125;-99,03125;-186,5625;-87,8125;-122,71875;-134,625;-49,8125;-85,8125;2,21875;-317,0625;-261,28125;-187,5625;-213,71875;-6,5625;-315,1875;-84,3125;-37,6875;-114,6875;-216,875;-353,90625;-154,5;-65,84375;-107,875;-237,34375;-283,90625;-32;-127,46875;-104,6875;-87,9375;-211,21875;-146,8125;-74,3125;-231,84375;-202,5;-196,5;-193,4375;-14,375;-191,9375;-52;55,15625;85,21875;-39,96875;-214,59375;-60,6875;-134,0625;-212,375;-162,71875;-63,75;119,125;-66,75;-156,40625;
26,4375;30,6875;139,3125;156,5;75,03125;162,375;132,90625;199,40625;-87,0625;-125,65625;120,34375;-34,59375;102,65625;-80,96875;-146,0625;56,125;-119,4375;97,03125;114,8125;301,75;80,875;-271,3125;-52,5;86,53125;72,71875;116,46875;173,6875;31,375;99,03125;57,4375;228,84375;-64,78125;98,75;21,40625;98,96875;-66,71875;134,03125;-42,96875;116,46875;33,21875;14,71875;32,71875;27,40625;214,46875;-117,125;163,75;193,75;-73,65625;93,59375;49,9375;65,9375;123,53125;427,375;-29,84375;220;73,21875;-0,375;183,5;103,875;-72,9375;-43,3125;15,6875;24,59375;34,5625;46,375;84,65625;179,8125;66,3125;134,9375;36,125;146,8125;271,09375;6,40625;-33,40625;299,71875;40,90625;27,5625;-18,34375;53,3125;60,625;149,3125;-100,84375;31,34375;65,15625;90,90625;6,28125;25,65625;143,59375;-136,65625;95,21875;-82,46875;-103,8125;73,53125;90,75;336,65625;16,09375;-159,6875;139,0625;-3,9375;254,0625;4,21875;264,78125;422,53125;429,78125;270,1875;426,9375;309,375;185,625;243,09375;188,5;116,4375;5;324,125;475,6875;625,09375;806,9375;572,90625;1031,0625;1306,96875;1314,65625;1138,09375;1216,40625;1183,4375;1034,0625;1062,1875;942,3125;710,96875;554,78125;491,96875;522,5625;829,9375;722,09375;1048,96875;1476;1626,59375;1685,9375;2005;2042,0625;2071,78125;2025,5625;1595,84375;1385,4375;1212,5;744,1875;823,71875;589,15625;761,9375;551,4375;655,40625;962,21875;999,4375;1155,1875;1496,84375;1871,03125;1794,125;2049,0625;2160,25;1935,0625;1724,6875;1384,65625;1260,84375;1077,28125;556,6875;587,4375;438,21875;334,125;385,1875;419,0625;244,09375;492,78125;636,46875;670,28125;499,3125;654,84375;373;563,1875;67,65625;7,90625;44,875;-38,3125;169,25;165,84375;57,78125;-110,3125;246,9375;-31,1875;-91,34375;183,21875;234,28125;170,40625;369,59375;593,25;455,03125;530,5;720,5625;925,75;1095,9375;1162,0625;1109,15625;1247,21875;1072,21875;827,84375;833,125;379,84375;378,6875;379,5;228,6875;244,1875;358,125;246,9375;31,90625;63,96875;312,34375;268,65625;240,03125;108,09375;-97,15625;148,1875;179,0625;149,34375;-27,46875;37,625;155,375;160,71875;-115,15625;101,8125;-230,0625;0,40625;-24,1875;118,8125;22,15625;99,34375;-130,46875;-58,71875;92,46875;193,40625;40,875;-115,78125;-65,6875;167,5625;27,53125;-234,21875;-21,5;7,625;-45,8125;147;-218,8125;65,125;255,875;-165,96875;289,21875;75,71875;269,8125;42,6875;90,5;142,1875;133,6875;-93,15625;140,125;251,9375;-65,9375;-135,25;178,90625;-5,84375;32,96875;123,21875;26,21875;36,3125;30,4375;101,28125;27,78125;77,28125;-108,71875;-110,96875;-38,25;-196,40625;91,625;71,40625;-42,28125;32,34375;-143,46875;57,21875;89,25;135;-73,875;-47,28125;-79,46875;-16,09375;-42,21875;-67,28125;-270;-130,21875;-170,03125;-33,125;-2,4375;-103,71875;127,09375;54,0625;-70,40625;95,4375;-104,375;256,3125;0,5;186,875;-185,65625;-45,65625;-53,28125;32,28125;-84,28125;-8,3125;-118,625;-88,15625;90,15625;41,78125;-100,8125;8,40625;110,21875;15,625;-101,21875;-305,40625;
-98;204;88,4375;-13,0625;23,375;-94,59375;61,03125;-157,40625;-46,9375;-270,8125;-156,03125;-209,46875;33,34375;-163,34375;-45,78125;-141,59375;-18,71875;-187,09375;-198,0625;-246,3125;-215,5625;124,21875;-40,0625;-173,375;19,59375;-88,0625;-211,15625;-56,65625;-106,28125;-142,59375;-74,46875;-105,125;16,40625;8,90625;36,875;-192,5;-236,3125;-93,40625;32;61,34375;-187,59375;-135,53125;-90,78125;-4,75;-92,75;-121,3125;-243,03125;-87,46875;215,65625;-91,84375;-14,125;-230,1875;-220,15625;-4,78125;-60,96875;27,03125;-164,59375;-32,78125;-55,28125;-60,34375;-160,71875;-88,21875;73,15625;-214,53125;-23,5625;-123,1875;-135,375;-73,96875;-95,84375;-160,15625;105,125;70,90625;-19,75;-241,875;31,40625;-145,5;-73,90625;31,34375;-174,34375;30,96875;-2,46875;-58,09375;123,21875;-13,34375;-163,9375;14,53125;-123,75;-27,84375;-420;-97,53125;-67,3125;-171,4375;4,375;-138,40625;-69,28125;-138,25;-72,4375;-113,71875;-65,90625;-100,875;-109,59375;-87,53125;55,8125;214,46875;246,6875;183,1875;-96,5;50,9375;-70,59375;59,3125;-210,8125;0,25;55,96875;310,4375;387,90625;778,5;622,375;744,96875;912,8125;1032;1039,78125;1233,875;1128,375;941,15625;884,5625;1018,78125;836,75;908,28125;459,84375;553,125;562;621,25;900,96875;1122,8125;1519,75;1638,0625;2128,71875;2027,8125;1833,25;1975,71875;1712,28125;1361,71875;1196,3125;927,0625;731,65625;705,875;319,0625;419,96875;510,25;881,03125;898,375;1117,15625;1401,8125;1548,25;1910,75;2004,65625;1900,4375;1748,25;1590,78125;1349,28125;1229,59375;844,375;291,46875;296,1875;207,46875;116,65625;168,1875;428,53125;242,875;319,375;526,125;567,875;485,34375;598,71875;312,875;164,4375;59,4375;-149,46875;-232,25;-129,0625;52,71875;-355,5;-199;-214,4375;-87,28125;-176,40625;-308,8125;-99,5625;-50,625;44,84375;87,6875;469,9375;495;514,96875;725,34375;889;1025,4375;1002,0625;1072,84375;1021,9375;836,78125;957,5625;871,09375;647,375;399,3125;89,40625;142;18,03125;-274,96875;100,625;55,84375;69,09375;202,53125;206,84375;107,09375;76,40625;117,96875;101,625;83,625;64,6875;54,84375;17,5;-14,34375;-14,5;-78,59375;-16,09375;-95,5;-24,65625;-161,78125;-311,6875;-113,84375;11,28125;-22,46875;0,4375;-22;-74,34375;-335,125;-215,5;-138,4375;-67,78125;-185,875;-92,71875;-161,8125;-84,1875;-87,5625;-157,5625;-252,09375;-22,25;-118,84375;-184,3125;-268,96875;69,3125;-235,53125;-61,4375;87,125;13,3125;-46,15625;-79,3125;-108,03125;-26,25;-148,28125;-83,15625;61,09375;-162,6875;-56,28125;-121,09375;-145,71875;-96,9375;-121,3125;-143,125;-182,90625;-152,96875;-192,3125;-91,78125;-11,28125;0,375;-11,53125;-240,65625;-218,75;-123,78125;91,53125;-23,75;-123,5;-236,75;-215,28125;-208,03125;-12,25;-138,96875;-17,1875;-185,5625;18,09375;109,90625;-136,53125;57,90625;-103,59375;-100,8125;-229,09375;-119,71875;-89,8125;-364,8125;-33,78125;-142,78125;-73,46875;-96,4375;-208,96875;-128,78125;-252,5625;87,53125;-125,28125;-28;-114,875;-46,46875;-149,78125;-98,21875;-145,84375;-209,0625;-402,0625;-158,71875;57,03125;-59,125;
7,0625;129,46875;-30,15625;2,34375;-181,6875;107,8125;-112,53125;279,09375;-17,96875;310,875;-169,6875;24,03125;-60,5;-188,65625;-51,625;-59,90625;60,875;88,40625;32,15625;142,40625;-108,65625;66,6875;166,8125;-22,40625;6,4375;-92,75;171,03125;24,53125;178,4375;-61,5;-82,21875;-158,59375;111,53125;-41,03125;161,625;-139,59375;11;-150,59375;172,46875;-118,0625;100,53125;74,65625;-21,4375;-90,6875;-50,375;85,28125;-35,21875;48,3125;113,9375;-23,40625;11,65625;-15,46875;181,375;-7,3125;-78,25;143,5;138,625;-46,40625;178,0625;-100,59375;-1,5625;227,84375;125,96875;4,40625;-183,8125;-96,0625;93,71875;-46,1875;13,03125;41,875;35,84375;47,15625;27,53125;-12,53125;-24,5;-84,25;143,03125;123,15625;-127,71875;-1,5625;-37,84375;107,03125;50,90625;-41,875;-206,5;-106,5625;-164,4375;178,0625;23;-56,78125;11,625;48,6875;54,25;51,34375;-74,34375;169,625;136;-77;107,03125;55,34375;174,375;248,96875;379,875;532,21875;654,375;271,875;254;348,375;-124,53125;67,625;156,71875;246,21875;453,375;388,4375;512,09375;776,65625;632,375;870,46875;919,65625;1043,71875;1189,28125;1355,4375;1076,21875;1508,4375;1325,15625;848,0625;1042,9375;737,625;783,1875;732,03125;639,9375;819,9375;1195,03125;1447,09375;1650,34375;1587,59375;2060,375;2237,59375;2241,4375;2116,3125;2088,59375;1494,65625;1346,4375;943,46875;824,0625;525,46875;742,84375;567;753,28125;916,125;1015,59375;1361,9375;1625,75;1899,53125;2091,1875;1865,21875;2275,84375;2006,6875;1669,90625;1502,28125;1285,15625;931,71875;736,59375;471,6875;319,5;459,9375;314,34375;459,5;503,125;665,375;781,9375;724,71875;425,15625;528,15625;208,84375;60,875;18,75;-88,34375;-24,71875;-90,5625;95;58,78125;-183,8125;114,15625;-58,625;139,28125;85,59375;48,46875;-5,8125;5,1875;246,0625;443,15625;488,53125;755;985,71875;920,1875;1171,75;1359,625;1125,5;1078,15625;932,75;828,46875;935,53125;686,6875;549,21875;349,875;329,21875;168,4375;73,84375;-2,15625;330,375;322,84375;227,1875;-67,59375;30,65625;223,5;405,125;9,84375;61,84375;204,25;215,09375;151,125;83,65625;128,40625;195;3,75;-82,84375;-104,5625;-19,03125;172,25;7,96875;50,09375;94,03125;110,40625;33,28125;-35,03125;-11,5625;-162;-48,625;-36,5;51,21875;-154,96875;80,25;-104,46875;-41,375;-60,1875;-83,1875;205,28125;-99,78125;27,5625;109,5;-1,9375;179,53125;97,5625;68,03125;-48,28125;96,96875;-18,15625;-214,84375;-45,03125;16,46875;-21,28125;8,59375;-72,90625;-15,28125;-77,125;40,96875;-0,53125;63,84375;18,40625;157,3125;184;84,15625;77;24,6875;152,28125;-52,5;-36,15625;72,15625;-83,125;-171,34375;-70,3125;6,5625;69,09375;-18,375;13,9375;-28,53125;-38,0625;-140,53125;-104,59375;55,4375;143,96875;52,28125;-57,375;96,40625;-90,71875;-123,84375;-164,4375;-82,84375;-47;-116,0625;132,625;125,21875;-62,125;-80,46875;-190,53125;-103,5;11,8125;92;-9,25;37,78125;-65,78125;178,96875;23,28125;57,0625;89,0625;33,4375;-93,78125;-210,9375;-244,15625;
-294,3125;-145,34375;-114,84375;-194,34375;-271,78125;72,6875;15,78125;-163,4375;-46,78125;-279,40625;-294,40625;-140,8125;-78,4375;-153,75;-79,375;-106,0625;-347,03125;-248;-277,9375;-266,96875;-91,4375;-301,375;-203,0625;-191,3125;-137,53125;25,59375;59;101,59375;-95,65625;3,625;-42,125;-209,09375;-53,875;-217,625;-233,53125;-98,875;-177,1875;-162,90625;-292,28125;-174,1875;-110,15625;-156,8125;0,09375;43,03125;-13,6875;-32;-297,75;-220,59375;-187,6875;-339;-107,65625;-132,28125;-203,3125;-38,59375;-100,96875;-260,75;-84,4375;-61,8125;-58,96875;-6,6875;-12,8125;-142,09375;-72,15625;-231,25;-161,53125;-66,625;-131;-346,3125;-207,53125;37,71875;-169;-103,3125;-232,1875;-206,90625;-111,6875;-300,5625;-99,71875;-156,5625;-200,875;-276,28125;36,71875;-99,71875;-220,5;-37,09375;-110,15625;-43,59375;-193,46875;-215,28125;4,28125;-129,03125;-61,09375;-117,59375;-83,21875;-123,34375;-282,25;-138,9375;-71,75;-303;-210,96875;-209,59375;130,3125;-9;197,8125;415,28125;311,6875;399,28125;248,9375;-21,1875;124,0625;-115,90625;-120,65625;-87,65625;14,625;51,1875;446,1875;504,75;640,21875;853,875;1046,8125;1064,09375;1067,78125;1132,125;1045,90625;1066,90625;938,71875;763,5625;786,90625;684,59375;442,625;499,125;497,875;742,21875;978,78125;1140,125;1438,53125;1684,65625;2116,71875;2249,40625;2075,28125;1945;1864,5625;1567,96875;1307,125;823,15625;761,46875;664,25;392,6875;474,875;704,90625;873,9375;955,6875;1470,75;1457,40625;1674,71875;1983,8125;2004,59375;2095,375;1676,9375;1719,21875;1453,4375;940,53125;808,8125;713,03125;302,0625;289;259,40625;304,125;126,71875;186,59375;315,59375;584,53125;643,9375;674,78125;304,25;329,1875;-44,40625;50,8125;-112,90625;-226,40625;-214,875;-156,28125;-45,125;-202,09375;-43,71875;-133,75;-326,28125;-37,59375;-175;-105,5625;-225,5625;154,3125;205,4375;349,625;616,34375;800,8125;887,59375;915,8125;1017,03125;1076,03125;960;997,59375;793,9375;728,21875;692,28125;220,53125;275,9375;264,0625;90,875;-186,09375;-165,78125;-48,59375;117,34375;115,53125;-32,34375;127,5;229,375;105,6875;98,5;-28,8125;21,3125;-117,125;84,5;-157,625;-166,40625;-1,1875;-166,40625;-270,125;21,40625;-186,65625;-133,15625;-104,78125;-275;-121,46875;-130,25;-14,78125;18,9375;-1,84375;-108,375;-57,875;-78,53125;-234,3125;-262,125;-192,125;-268,65625;-129,25;5,09375;-220,96875;-318,28125;-114,46875;-163,9375;-90,125;-124,59375;-297,625;-258,9375;-338,875;-25,75;-77,4375;-262,90625;-324,40625;-189,03125;33,46875;-68,28125;-104,28125;-177,21875;-89,125;-49,8125;-210,46875;-168,84375;-529,53125;-240,8125;-284,71875;-97,75;-94,78125;-50,78125;-7,9375;-61,5625;-203,875;-172,6875;-281,71875;47,25;-205,875;-300,9375;-433,5625;-141,75;-99,34375;78,96875;-234,59375;-338,25;-321,6875;4,4375;-111;-213,5;-228,375;-73,46875;-127,84375;100,0625;-87,5625;-187,78125;-239,65625;-184,75;-178,75;-106;-142,75;-164,875;-117;-423,0625;-184,90625;-270,1875;-157,46875;-114,40625;-100,5625;-83,21875;-80,40625;-316,4375;-116,8125;-374,71875;-120,09375;-102,71875;-335,3125;-157,6875;
249,34375;252,65625;231,125;307,71875;235,25;16,59375;-10,40625;137,78125;136,90625;101,125;170,6875;136,59375;117,65625;181,46875;93,40625;-19,84375;193,25;205,71875;242,75;179,53125;269,9375;132,84375;153,15625;-2,1875;93,53125;73,71875;56,6875;126,375;248,96875;54,03125;114,0625;33,1875;201,25;-44;29,375;197,9375;136,34375;99,75;127,03125;8,0625;324,4375;182,71875;113,84375;135,09375;0;143,625;195,03125;20,3125;147,46875;293,96875;155,03125;43,1875;48,8125;-36,21875;127,28125;183,5625;191,78125;170,46875;264,625;402,6875;162,3125;279,5;342,84375;117,96875;46,375;295,15625;51,125;266,59375;121,8125;291;248,84375;294,375;80,625;33,4375;168,15625;155,03125;74,78125;111,53125;197,1875;208,75;263,78125;134,75;68,3125;102,875;115,5625;79,15625;158,90625;-98,65625;136,59375;129,78125;226,09375;272,125;291,21875;194,65625;-18,90625;58,4375;150,1875;92,875;10,4375;323,125;265,75;386,125;549,125;602,09375;589,96875;569,5;555,375;226,71875;114,5;209,40625;239,34375;200,5;408,625;399,90625;692,75;695,65625;789,78125;1161,46875;1095,4375;1237,09375;1719,25;1675,1875;1583,53125;1600,1875;1516,15625;1492,5;1204,5625;1017,25;1033,65625;1003,4375;986,46875;1096,09375;1451,75;1741,78125;1724,71875;2222,125;2579,34375;2613,65625;2577,28125;2678,09375;2373;1918,21875;1629,34375;1260,46875;914,1875;705,625;751,90625;722,40625;1001,8125;1032,09375;1409,03125;1406,0625;1895,25;2018,28125;2316,96875;2339,75;2454,96875;2197,03125;2039,625;1833,125;1373,53125;1182,5625;901,34375;718,46875;477,53125;449,375;539,15625;436,9375;523,53125;686,9375;928,5;795,40625;793,03125;540,78125;621,875;467,65625;333,46875;222,46875;201,5625;151,0625;408,9375;5,15625;257,4375;308,15625;120,96875;105,96875;307;121,375;164,25;244,75;457,4375;560,4375;821,96875;865,28125;1057,78125;1065,03125;1284,84375;1292,3125;1191,15625;1391,53125;1453,34375;1060,46875;959,03125;871;798,375;568,21875;401,875;311,46875;564,84375;164,21875;272,8125;350,15625;267,0625;359,96875;331,21875;428,125;436,96875;352,15625;314,8125;135,96875;313,71875;336,75;297,4375;425,875;165,375;267,375;20,53125;57,53125;144,96875;158,4375;213,0625;231,84375;163,5625;218,875;284,8125;292,78125;196,75;102,40625;271,9375;206,25;53,46875;163,53125;100,8125;20,8125;299,34375;116,25;37,125;206,03125;106,53125;58,1875;165,40625;177,84375;203,625;337,03125;188,5625;106,125;127,96875;-70,96875;177,25;208,71875;129,0625;312,625;45,78125;311;328,53125;165,03125;206,5625;51,40625;326,9375;202,875;-33,90625;253,65625;146,125;137,5;132,65625;173;157,71875;174,6875;209,28125;153,0625;127,0625;143,40625;-41,65625;-74,375;85,375;-25,96875;4,375;188,8125;127,53125;88,53125;363,21875;75,125;-37,03125;89,90625;140,9375;132,1875;202,5625;272,625;162,28125;60,71875;152,96875;132,15625;210,09375;430,46875;257,125;258;59,625;138,40625;277,28125;195,375;214;264,03125;119,34375;131,71875;48,5625;162,90625;104,21875;36,96875;81,78125;314,125;
49,21875;-134,90625;-29,71875;-113,3125;-169,78125;-207,4375;-210,59375;-261,625;-359;-68,125;44,8125;-150,96875;-92,625;-82,03125;-95,71875;-106;-134,09375;-216,65625;-22,9375;-193,28125;-258,34375;-285,09375;-152,375;-148,25;-275,25;-219,84375;-350,6875;-181,0625;15,375;-30,9375;-146,6875;-70,5625;-70,0625;-304,21875;-174,5;-151,46875;-285,0625;-53,65625;-128,5625;-96,5625;34,78125;-96,21875;-274,71875;-84,03125;-62,875;40,125;-7,625;-75,6875;-232,96875;-255,34375;-236,53125;-178,125;-123,84375;-285,15625;101,15625;-114,09375;-178,375;-232,53125;-524,3125;-236,21875;1,90625;-307,71875;-355,84375;-103,40625;240,46875;-179,5625;-274,15625;-277,15625;-85;-143,59375;-43,375;-2,1875;-52,28125;-108,96875;-110,875;-66,125;-365,1875;-81,5;49,09375;-254,28125;-130,625;-310,9375;-195,4375;-226;-431,46875;-150,0625;72,78125;-164,40625;-169,78125;-124,5;-189,65625;-93,09375;-438,84375;-162,53125;-291,71875;-119,96875;-187,75;-337,90625;-65,5;8,65625;-49,625;47,125;153,21875;355,96875;346,625;176,15625;94,09375;35,625;73,40625;191,15625;49,03125;96,625;196,5625;290,03125;243,71875;419,28125;537,4375;842,1875;827,5625;1080,65625;1174,03125;1130,84375;1364,625;1318,96875;1337,125;959,40625;915,78125;750,28125;766,90625;465,75;570,15625;752,6875;1131,71875;1171,875;1582,15625;1935,71875;2185,71875;2388,4375;2322,21875;2443,4375;1933,5;1762,40625;1414,0625;1003,8125;789,4375;557,375;328,125;614,25;644,9375;785,625;913,375;1366,3125;1501,96875;1934,65625;2186,90625;2391,40625;2330,34375;1951,25;1753,59375;1569,03125;1216,03125;1052,21875;638,125;479,5625;308,25;-2,15625;-124,5;260,28125;93,09375;391,28125;402,0625;559,03125;432,46875;275,875;32,1875;-57,40625;-55,90625;-179,4375;-80,375;-32,09375;-14,40625;-30,65625;-83,875;-393,6875;-245,15625;-235,78125;-289,78125;-277,09375;-210,28125;-64,625;5,5;359,34375;421,875;836;862,0625;965,78125;1009,40625;1088,375;1119,5625;708,84375;824,375;718,34375;567,53125;611,5;279,84375;171,375;198,3125;100,625;114,5;137;55,3125;-145,5;-53,59375;-36,34375;205,4375;130,4375;68,53125;-68,34375;-177,25;-266,8125;-252,75;-48,6875;-89,90625;23,1875;-181;-222,15625;-482,25;-182,28125;-328,34375;-288,625;-242,75;173,8125;-99,625;-201,40625;-131,3125;-328,40625;-274,71875;-249,3125;-386,4375;-162,25;-152,09375;-243,625;-110,65625;-221,28125;-189,375;-400,25;-204,59375;-138,25;-159,46875;-355,90625;-321,21875;-235,625;-130,40625;-450,125;-158,65625;-290,28125;-169,09375;-140,75;-347,59375;-244;-71;-562,71875;-433,1875;-240,78125;-178,90625;-325,84375;-339,0625;-196,4375;-185,09375;-161,375;-4,40625;-217,5625;-252,21875;-243,15625;-192,75;-377,21875;-169,9375;-90,03125;-212,375;-257,78125;-103,875;-316,84375;-369,9375;-465,78125;-135;-283,65625;-385,1875;-65,28125;-279,21875;-242,65625;-289,40625;-219,75;-165,5;-145,90625;-435,9375;-174,1875;-312,53125;-111,375;-183,15625;-249;-355,59375;-68,5625;-272,96875;-218,71875;-214,78125;-142,1875;-238,4375;-191,59375;-401,5;-274,4375;-300,9375;-180,8125;-401,53125;-251,9375;-315,4375;-347,59375;-246,84375;-193,84375;-198,59375;-193,28125;
-80,59375;141,5625;-167,40625;228,03125;168,9375;147,4375;30,90625;-24,625;313;147,71875;-0,375;-97,375;68,96875;67,125;9,40625;-4,3125;163,15625;29,84375;77,875;71,53125;-8,0625;105,03125;-40,3125;-85,375;115,03125;-153,59375;67,40625;237,78125;206,5625;-151;71,6875;45,09375;46,53125;-9,78125;165,15625;80,46875;187,9375;85,03125;26,90625;41,4375;231,8125;-45,75;84,25;-95,0625;49,15625;453,75;23,40625;44,34375;21,28125;110,25;244,46875;173,96875;191,8125;70,65625;213,8125;23,46875;121,125;-17,875;68,21875;80,375;220,6875;130,75;-55,96875;76,6875;5,34375;138,34375;273,5;2,5625;26,875;59,46875;203,75;104,53125;218,40625;98,25;184,96875;96,4375;51,09375;86,53125;93,5;322,1875;270,5;67,84375;61,8125;220,375;157,6875;159,96875;28;84,875;69,40625;126,90625;132,25;-67,9375;212,03125;315,78125;-80,875;2,3125;93,875;239,5625;51,625;121,875;86,9375;191,96875;313,4375;457,03125;638,96875;626,46875;610,03125;563,4375;313,65625;417,8125;99,46875;198,9375;299,25;300,59375;681,84375;690;956,90625;964,53125;1164,4375;1397,65625;1489,0625;1726,03125;1916,5;1650,71875;1643,90625;1433,15625;1341,75;1082,53125;1103,84375;823,09375;919,125;1131;1495,75;1610,84375;1872,90625;2345,59375;2536,4375;2632,6875;2927,03125;2670,90625;2520,5;1979,96875;1584,1875;1381,71875;950,53125;972,59375;931,28125;767,28125;819,71875;1008,59375;1414,53125;1500,46875;1805,6875;2323,875;2526,71875;2467,53125;2575,28125;2453,53125;2069,75;2089,03125;1815,71875;1206,8125;956,40625;734,46875;749,375;374,375;531,65625;319,53125;535,71875;495,25;692,4375;889,28125;676,09375;575,34375;359,0625;266,90625;165,375;179,8125;216,75;126,09375;193,125;214,59375;-66,03125;14,75;-22,59375;87,375;57,21875;148,1875;-16,6875;188,46875;754,5;408,96875;770,6875;847,0625;959,65625;1191,5;1350,09375;1482,125;1383,84375;1361,8125;1162,09375;1096;886,1875;539,8125;646,21875;378,09375;435,0625;198,6875;354,1875;311;228,46875;512,375;454,53125;452,625;364,25;172,71875;251,3125;103,15625;42,3125;134,53125;63,84375;352,78125;280,5625;228,59375;133,53125;93,40625;137,90625;11;-57,96875;34,875;-31,4375;169,15625;107,46875;86,46875;-34,59375;98,59375;0,96875;220,59375;-89,875;246,65625;160,46875;-14,96875;-119,28125;154,78125;87,875;189,4375;110,40625;155,125;183,1875;3,15625;348,1875;149,5625;194,8125;61,6875;52,6875;-32,4375;165,25;79,4375;115,71875;-78;73,6875;292,6875;148,875;120,9375;-194;197,8125;286,1875;-188,25;51,03125;100,21875;258,59375;126,9375;5,46875;214,625;97,25;-96,90625;160,71875;191,6875;-13,46875;-36,59375;43,53125;13,9375;-15,71875;93,84375;-260,25;139,34375;98,40625;55,75;233,75;66,53125;181,65625;105,0625;-71,90625;88,125;16,78125;104,46875;81,1875;280,1875;-37,875;-42,0625;127,28125;-44,25;167,71875;69,46875;139,375;92,3125;-77,8125;-17,8125;-44,28125;248,03125;-149,5;281,15625;364,21875;79,8125;-168,03125;4;148,65625;21,71875;-75,40625;-33,09375;
-151,40625;-93,6875;-59,21875;-298,1875;-12,4375;-144,9375;-311,28125;-148,5;-126,875;-296,4375;-327,1875;65,75;-140,03125;63,71875;39,21875;-148;-179,5;-186,96875;-116,78125;-130,65625;-44,125;-137,4375;-148,9375;-140,1875;-322,75;-288,65625;-396,84375;-190,28125;-154,125;-131,46875;-182,75;-215,46875;-124,5625;-115,375;-184,875;-149,9375;-236,625;-332,78125;-148,3125;-37,5;-128,46875;119,875;-35,28125;-94,8125;-164,84375;58,09375;-82,34375;-144,8125;-62,09375;-18,875;-160,5;-261,90625;-237,40625;-22,6875;-143,78125;-147,78125;-261,6875;119,65625;-19;-122,90625;4,75;-55,625;-185,0625;-59,1875;-134,78125;-95,59375;-138,6875;-217,96875;-146,78125;11,28125;-159,0625;-175,71875;-167,46875;-69,4375;-16,875;15,84375;-155,09375;-36,46875;-173,1875;-116,21875;-63,46875;-30,59375;-39,59375;-63,59375;-97,25;-190,34375;-40,25;-203,84375;13,53125;8,1875;-106,8125;-13,9375;-141,75;-70,9375;-235,25;-148,3125;-205,84375;-194,3125;-5,0625;12,75;90,4375;273,96875;301,90625;261,84375;651,9375;245,1875;268,59375;95,46875;-65,6875;60,15625;130,46875;152,21875;81,75;179,6875;444,90625;498,3125;816,78125;923;920,09375;1231,75;1644,96875;1551,875;1662,9375;1489,03125;1413,53125;1327,75;1043,65625;794,90625;801,5;708,09375;782,5;856,4375;1104,53125;1433,84375;1726,6875;2037,6875;2424,4375;2651,03125;2756,8125;2601,09375;2381,75;1897,09375;1597,9375;1252,96875;906,4375;923;537,84375;676,53125;764,9375;968,46875;1334,46875;1683,0625;1948,375;2274,25;2531,46875;2592,96875;2643,34375;2328,5;2125,6875;1811;1652,75;1425,875;915,625;733,125;343,75;270,8125;228,5;63,75;148,65625;560,625;687,96875;505,375;577,25;384,4375;276,5;3,90625;-136,03125;33;36,71875;-117,0625;-304,78125;-45,3125;-181,40625;-35,84375;-84,09375;37,6875;-70,96875;-261,5625;-58,46875;145,09375;356,59375;309,9375;672,8125;624,75;769,6875;911,6875;1178,03125;1297,3125;1093,8125;1042,15625;1092,875;681,6875;857,5;638,03125;526,9375;350,59375;258,09375;434,0625;217,71875;20,90625;-46,625;84,40625;-48;174,375;116,375;-23,1875;85,84375;96,46875;-64,75;191,78125;194,78125;110,625;106,125;-99,1875;88,65625;-171,84375;-412,3125;13,59375;-257,59375;-134,53125;-167,875;-103,5;-408,65625;227,96875;41,46875;15,53125;-87,84375;-234,8125;-300,90625;-99,84375;-12,25;-18,28125;-53,65625;-158,40625;-139,40625;-72,625;-112,8125;-85,0625;101,3125;-145,75;-36,78125;-13,59375;-166,875;-75,25;-149,46875;24,3125;-225,96875;-252,25;-140,46875;-175,09375;-184,8125;-132,25;-158;-53,34375;-62,53125;-136,78125;-181,59375;-7,46875;-124,5;-91,15625;-295,03125;-15,3125;-139,84375;32,0625;-306,4375;-138,21875;-134,25;-113,3125;-81,59375;-160,125;-136,90625;-396,46875;-168,15625;-170,25;-93,15625;-209,6875;-457,25;-229,59375;10,9375;-117,59375;-143,9375;-243,8125;-40,8125;-182,75;-162,59375;-199,96875;-6,03125;-191,03125;-167,09375;-143,5;-122,59375;-34,46875;35,46875;-126,09375;-70,125;-124,75;-177,15625;-173,84375;-242,6875;-325,0625;-277,84375;-139,53125;-27,6875;-284,5625;-120,40625;-194,96875;-190,1875;-236;-104,46875;32,125;
-44,84375;-62,28125;125,125;27,09375;-123,71875;-109,4375;91,1875;134,4375;158,5;-103,5625;-228,15625;-61,3125;62,71875;43,25;50,625;-173,46875;-152,46875;75,53125;6,625;-20,03125;14,625;-120,21875;-67,34375;-95,375;-93,59375;-14,125;-108,5625;-282,78125;42,4375;-12;130,5;158,71875;-42,34375;9,34375;-74,0625;-100,875;-100,8125;-18,34375;-214,0625;-50,34375;-145,96875;147,375;35,71875;-287,1875;42,40625;-215,375;178,71875;-125,1875;36,75;31,6875;76,375;-115,90625;-69,78125;85,15625;-71,96875;-167,46875;86,8125;-35,4375;-113,75;-167,375;210,84375;-4,75;3,875;90,9375;5,65625;-3,6875;-54,03125;-27,4375;91,15625;26,71875;5,71875;-81,1875;-141,03125;63,375;74,625;-140,4375;155,15625;-38,6875;-51,40625;-140,09375;-168,15625;13,25;-50,5625;198,6875;-46,9375;-224,09375;-92,53125;63,28125;14,875;23,71875;112,65625;-148,34375;93,21875;-42,84375;5,4375;107,3125;128,3125;59,15625;-115,46875;-121,96875;18,125;405,15625;194,625;391,96875;590,6875;525,78125;331,4375;223,1875;241,96875;-3,34375;95,90625;62,28125;139,875;288,65625;508,65625;615,84375;926,8125;1136,78125;1337,59375;1579,84375;1830,75;1983,40625;1948,3125;1823,34375;1822,1875;1495,71875;1213,09375;1095,34375;1073,84375;900,78125;938,875;1190,03125;1275,46875;1476,78125;1879,21875;2473,8125;2809,9375;3022,9375;3018,625;2865,09375;2675,15625;2548,75;1705,21875;1406,125;972,5;1030,15625;827,6875;868,96875;981,0625;1221,28125;1559,84375;1605,28125;1977,59375;2208,46875;2345,96875;2813,5625;2720,25;2617;2492,78125;2085,34375;1873,125;1570;1132,84375;890,40625;497,28125;383;454,9375;354,4375;537,28125;475,3125;814,3125;468,25;430,875;473,40625;348,6875;72,84375;-28,96875;-200,28125;68,34375;-123,15625;-107,34375;-62,625;257,125;115,84375;-222,03125;-210,15625;-146,15625;251,3125;44,21875;197,125;551,28125;581,5;867,28125;948,84375;1260,46875;1278,4375;1263,75;1481,34375;1394,84375;1280,25;999,53125;956,28125;832,25;592,03125;567,40625;618,8125;303,40625;329,875;400,53125;42,4375;217,40625;46,84375;64,8125;-9,28125;228,8125;-2,4375;94,53125;-74,625;118,21875;134,3125;-74,03125;241,375;81,375;171,40625;-93,25;25,34375;-5,21875;225,65625;49,59375;73,71875;-282,8125;45,25;-99,75;69,9375;8,90625;9,4375;-89,46875;-144,46875;-59,46875;-178,5;99,5;-107,375;-40,09375;-205,28125;-34,46875;65,78125;-195,625;-189,46875;70,40625;123,21875;20,0625;-162,46875;-31,34375;-49,53125;70,21875;4,375;-45,65625;42,625;-120;-27,15625;-23,125;110,53125;26,09375;-134,25;-142,84375;-8,71875;206,4375;-82,5;-76,1875;59,40625;-34,8125;38,40625;-14,34375;50,8125;5,71875;130,625;19,0625;-189,75;-21,9375;-79,5625;15,78125;0,625;-331,875;1,625;150,125;-12,0625;-182,90625;-94,0625;-35,28125;-69,3125;-94,6875;-24,25;43,5625;-3;-39,5;-154,375;-82,78125;-21,125;64,71875;41,125;-134,8125;69,3125;20;6,53125;-92,71875;109,15625;-218,71875;-21,15625;66,625;-165,28125;165,90625;30,875;109,34375;79,46875;-55,90625;-122,40625;-41;-101,65625;119,1875;-14,625;
143,96875;-28,96875;221,1875;-146,59375;19,75;63,375;89,25;234,4375;-163,0625;6,8125;60,34375;235,5;48,96875;36,75;-151,21875;21,15625;23,21875;-97,625;-89,65625;44,40625;14,71875;-38,3125;-23,0625;174,21875;1,5;65,09375;109,96875;-26,75;-126,625;228,65625;-138,28125;102,96875;90,5;200,90625;-71,625;-81,125;-150,9375;-293,6875;101,6875;-157,78125;-127,15625;182,21875;-47,125;-60,9375;-120,5;-29,40625;83,4375;114,25;-53,34375;71,09375;-26,46875;35,3125;12,78125;9,125;130,8125;242,9375;45,46875;50,3125;127,09375;145,4375;190,21875;65,15625;29,84375;-120,625;112,34375;309,03125;-41,71875;-72,65625;-80,03125;46,28125;-58,375;120,53125;116,96875;39,375;99,59375;-9,46875;-108,90625;-80,59375;89,125;10,625;110,5625;-18,53125;-50,125;109,75;195,28125;148,40625;100,375;-83,59375;27,84375;279,53125;126,375;-55,875;56,40625;67,8125;158,46875;113,53125;-78,78125;-36;-118,59375;247,25;52,59375;272,71875;222,1875;208,46875;488,5;558,71875;407,78125;299,28125;214,03125;335;323,125;186,03125;253,59375;425,84375;330,09375;694,34375;953,71875;1291,8125;1304,1875;1640,3125;1883,90625;1836,15625;2133;2132,5625;1657,375;1590,21875;1512,90625;1363,75;1079,09375;861,0625;1044,6875;1159,0625;1044,5625;1526,46875;2003,28125;2482,90625;2811,8125;3004,28125;3191,1875;2888,5625;2869,8125;2331,375;2104,71875;1741;1005,4375;1015,875;1098,46875;1115;887,71875;1261,75;1375,4375;1979,875;2268,75;2571,25;2612,09375;2823;2967,375;2566,4375;2639,65625;2136,3125;1976;1519,25;1043,96875;919,65625;818,5625;670,40625;451,09375;520,0625;600,1875;532,5625;549,5;850,0625;683,96875;460,90625;294,375;188,90625;328,4375;106,25;111,65625;-29,875;15,78125;-76,75;-49,25;-48,4375;-171,46875;-207,1875;-182,84375;155,875;269,78125;292,25;609,9375;723,21875;903,15625;1075,59375;1326,46875;1541,53125;1319,3125;1452,09375;1459,71875;1475,1875;1261,375;1065,53125;863,96875;676,21875;676,75;670,125;327,4375;400,9375;308,09375;108,3125;176,625;279,53125;319,6875;206,25;82,1875;221,59375;63,84375;129,6875;163,8125;141,9375;63,53125;27,40625;305,1875;159,0625;100,9375;230,625;-112;64,75;-99,96875;106,375;180,875;212,09375;-10,03125;95,125;72,3125;29,3125;122,8125;-51,59375;44,4375;-38,875;114,125;-27,5625;-14,3125;-86,4375;94,0625;-83,71875;-129,5;87,25;1,34375;-53,875;61,28125;-58,9375;-28,6875;81,25;73,3125;48,3125;80,59375;-148,125;-58,78125;55,53125;-172,84375;68,28125;119,46875;-46,21875;84,125;10,71875;156,875;-75,21875;35,8125;-22,1875;146,875;104,46875;121,4375;219,03125;-469,84375;84,65625;213,5625;92,90625;-76,8125;97,78125;117,96875;-192,65625;97,5;38,09375;-10,5;-96,875;115,53125;209,21875;-113,125;32,40625;-61,21875;87,125;56,40625;69,03125;-17,15625;-65,21875;-6,1875;51,34375;124,375;52,5625;162,625;142,03125;31,3125;155,625;-53,90625;18,875;178,09375;166,625;-118,90625;8,125;-98,84375;-80,4375;30,8125;60,90625;84,4375;-102,3125;-224,96875;22,4375;-96,625;-323,375;
-65,71875;72,4375;-139,5;-92,0625;-139,65625;-97,40625;-112,09375;-144,03125;-96,9375;-110,875;68,21875;-157,65625;-34,25;-89,71875;-117,5;-56,15625;95,9375;-99,875;-140,90625;-183,875;-265,75;180,84375;-62,6875;275,96875;-215,21875;-9,21875;-80,6875;88,53125;-269,28125;-82,5625;-170,65625;17,09375;-18,59375;55,21875;-159,78125;-34,21875;-80,46875;-72,21875;-123,4375;-6,125;-152,90625;-87,625;-181,5;-176,625;-38,9375;-36,03125;-156,75;-211,6875;61,25;55,21875;206,3125;-102,5;-207,5;-13,46875;-46,6875;31,4375;-56,8125;230,0625;-101,90625;-137,09375;-94,40625;58,78125;-293,8125;-187,65625;-29,125;-10,53125;-96,28125;61,0625;28,46875;-148,71875;-6,0625;126,8125;-171,3125;-65,1875;-166,71875;-86,09375;77,625;-109,40625;-191,53125;72,0625;-69,125;-155,1875;-9,78125;-192,46875;-56,59375;28,21875;34,75;-122,09375;-77,125;-14,625;27,28125;27,28125;-47;189,5;-5,6875;-96,78125;-44,96875;82,0625;-89,5625;48,4375;-7,5625;17,46875;188,625;421,6875;331,1875;499,9375;211,625;292,15625;345,21875;63,625;117,03125;256,875;221;276,125;467,03125;608,6875;811,9375;1188,8125;1231,84375;1285,40625;1738,21875;1688,34375;2126,25;2043,09375;1828,9375;1572,875;1153,46875;1107,25;1092,40625;861,0625;1038,90625;1038,71875;1168,96875;1322,46875;2018,71875;2401,34375;2753,21875;3024,84375;3066,4375;2903,125;2900,25;2618,21875;1968,5;1665,65625;1148,71875;855,9375;889,84375;913,40625;1007,8125;1171,4375;1524,96875;1838,9375;2316,34375;2569,0625;2763,8125;3004,78125;2984,125;2646,71875;2464,125;2388,53125;1671,71875;1548,4375;1406,65625;985,96875;767,5625;791,46875;539,9375;304;394,1875;685,40625;737,09375;738,6875;758,4375;506,03125;312,28125;147,125;86,4375;-151,09375;152,875;-36,3125;-47,625;-82,78125;-298,1875;-101,46875;14,375;-5,03125;59,46875;-136,25;198,65625;221,1875;454,09375;769,78125;912,8125;989,6875;1224,5;1333,21875;1191,5625;1401,125;1454;1386;1198,21875;973,625;800,875;582,9375;624,4375;551,875;435,46875;183,71875;257,40625;320,5625;293,15625;282,875;397,46875;299,75;148,5;192,09375;101,3125;127,65625;-197,125;157,0625;-44,46875;230,15625;9,21875;-76,03125;105,75;94,875;-148,875;107,40625;-357,84375;61,96875;2,4375;-158,90625;-20,5;196,21875;90,84375;73,6875;58,96875;-142,28125;-238,375;56,125;-108,65625;-131,09375;-69,96875;76,71875;30,34375;-104;152,34375;-111,03125;-3,6875;-24,25;-99,53125;112,125;25,03125;-117,1875;-58,1875;-234,5;-23,6875;-169,59375;-67,125;-54,96875;-41,09375;-31,78125;116,375;164,0625;-62,40625;91,09375;47,59375;-213,6875;-128,84375;-65,125;-22,40625;-196,96875;-81,90625;-18,875;83,28125;-121,78125;110,03125;-134,34375;-76,0625;103,875;-123,78125;45,75;-111,75;-126,5625;64,375;-179,71875;-230,09375;-77,96875;158,0625;68,15625;94,625;161,46875;-151,8125;64,40625;229,625;100,28125;149,8125;51;60,46875;-205,125;-61,65625;16,125;-262,65625;-156,125;119,15625;74,0625;-103,5625;-223,96875;-19,4375;70,6875;19,71875;-77,90625;7,28125;-58,6875;-126,21875;-50;-189,25;-65,6875;-223,09375;56,46875;
-47,84375;-145,84375;-87,09375;-99,5625;162,5;-141,28125;-308,40625;3,4375;-86,15625;-90,84375;-80,21875;97,1875;-105,5625;113,59375;-132,40625;-150,53125;-123,15625;-213,9375;-237,0625;-20,59375;-217,5625;-257,625;45,3125;37,84375;67,46875;-39,96875;0,9375;17,65625;-194,6875;-1,625;-129,375;120,8125;-90,90625;-99,5625;-217,46875;-49,78125;-198,1875;-149,71875;24,1875;-163,75;-104,09375;-83,96875;167,78125;-75,71875;-153,71875;-17,375;-71,1875;27,53125;-4,1875;81,28125;-59,3125;-43,4375;-40,46875;165,15625;-40,96875;198,53125;-128,21875;106,15625;16,46875;126,8125;-2,09375;43,9375;80,875;-2,15625;-41,34375;36,125;78,15625;-121,9375;82,5;-20,84375;-11,40625;-50,03125;2,875;61,25;-295,15625;-110,46875;-63,5;108,90625;-61,59375;-236,125;-94,625;105,5;-102,65625;97,40625;-162,625;8,84375;-13,09375;-251,1875;-227,125;-174,6875;-154,34375;-45;-63,4375;107,1875;121,96875;27,0625;159,09375;-114,78125;-39,71875;-19,5625;-115,375;340,21875;275,375;437,5625;492,1875;720,40625;508,9375;472,75;350,96875;-64,15625;45,25;84,84375;246,75;152,8125;227,5625;397,71875;981,90625;965,8125;1528,6875;1427,25;2023,21875;1895,90625;2083,5;2104,40625;2008,25;1554,90625;1603,375;1361,34375;944,125;985,28125;916,03125;980,6875;1226,59375;1495,0625;2184,78125;2440,09375;2707,0625;2969,34375;3266,75;3014,78125;2897,5;2490,25;2333,03125;1700,3125;1269;1143,8125;973,96875;821,59375;1025,0625;1182,15625;1471,03125;1863,96875;2293,34375;2604;2932,3125;3009,53125;2695,8125;2714,4375;2397,28125;2297,71875;1827,71875;1777,6875;1243,46875;877,3125;737,59375;237,40625;487,0625;169;516,25;535,375;482,3125;663,53125;739,15625;446,34375;346,125;122,5;104,71875;-199,53125;-10,6875;-210,09375;23,625;73,09375;-14,90625;-68,78125;-8,375;-70,1875;-214,03125;35,96875;210,15625;354,25;468,625;678,65625;1004,28125;977,03125;1290,75;1346,15625;1468,25;1379,65625;1204,03125;1267,75;1172,4375;911,875;807,21875;555,03125;487,65625;897,03125;564,53125;391,25;178,78125;168,75;11,9375;119,65625;165,375;244,78125;-34,09375;55,71875;281,25;232,28125;81,71875;120,46875;52,34375;-56,5;173,40625;15,1875;-24,1875;-80,03125;-187,6875;-24,65625;-213,59375;-56,71875;106,90625;84,71875;82,75;-1,71875;130,3125;41,4375;-105,90625;-203,625;47,28125;-98,21875;-145,5625;125,3125;-106,28125;193,25;-0,40625;85,1875;117,125;-112,75;-172;67,5625;52,25;13,59375;28,78125;-71,6875;46,6875;-15,46875;-151,65625;-95,125;10,5;-83,75;-87,28125;-5,6875;-54,96875;-291,71875;-205,15625;-197,6875;-38,125;-26,625;-6,59375;-72,71875;-58,25;-98,46875;-199,625;-196,09375;-209,78125;17,375;-225,0625;-70,9375;-27,8125;-22,25;-88,6875;6,1875;-24,1875;-174,25;-116,65625;-41,96875;-48,0625;-297,34375;-149,90625;-257,875;45;-55,71875;21,3125;-28,21875;-10,78125;-89,03125;76,9375;171,28125;2,5;17,34375;-128,0625;14,9375;-176,53125;-123,8125;-107,3125;6,15625;107,03125;-18,5;-200,5625;-103,46875;-175,46875;-206;44,28125;-163,875;-19,875;51,71875;25,90625;102,4375;-60,09375;121,5;
-107,625;-102,5625;-303;-269,6875;14,96875;-158,21875;-138,15625;-126,40625;-65,21875;37,34375;-40,46875;23,34375;-215;-256,34375;-113,5;-244,125;-158,15625;5,75;-188,78125;-207,90625;-22,34375;-123,34375;-60,09375;-282,09375;-96,8125;-177,03125;-20,0625;-98,53125;-68,75;-277,53125;-18,46875;-230,46875;-129,375;-191,78125;-91,53125;-183,4375;-183,25;-119,21875;-267,59375;-40,0625;-99,65625;-162,6875;-192,1875;37,90625;-139,5;-286,625;-80,75;-105,40625;-122,4375;-92,40625;47,0625;-145;-29,4375;-4,40625;-73,46875;-104,78125;-177,09375;25,6875;-94,96875;-109,46875;34,4375;-25,03125;-49,125;-89,125;14;-89,375;83,21875;-315,625;-123,625;-202,90625;-85,03125;20,53125;-226,5;-261,15625;-114,5625;-71,71875;-203,71875;-195,03125;-235,46875;10,0625;23,5;-294,5625;11,625;-78,9375;-204,25;-221,9375;-89,71875;-156,5;-291,4375;-187,8125;163,28125;-160,9375;-217,8125;98,90625;129,375;4,875;-8,0625;-70,15625;-161,9375;-121,8125;-78,78125;187,5625;213,28125;376,46875;371,6875;523,84375;441,84375;251,9375;274,34375;77,59375;41,625;20,90625;-45,78125;129,21875;421,5625;533,25;710,0625;1200,96875;1317,09375;1280,15625;1731;1959,6875;1987,625;2080,21875;1851,34375;1529;1404,0625;1266;907,46875;728,65625;978,78125;1000,875;1230,53125;1453,71875;1912,625;2385,53125;2890,78125;3173,125;3193,53125;3134,78125;2932,78125;2490,0625;2153,0625;1723,46875;1212,28125;1206,65625;1039,5;1059,28125;1131,375;1272,34375;1508,71875;1792,78125;2096,3125;2427,9375;2652,78125;2765,90625;2622,625;2788,25;2545,40625;2165,40625;1846,28125;1484,09375;1399,75;796,15625;791,34375;588,15625;288,15625;400,5;283,6875;435,59375;733,3125;314,78125;721,9375;408,375;204,5625;129,375;33,5;-53;-138,3125;-76,21875;-168;12,625;-102,34375;-93,4375;-123,1875;-117,65625;-148,8125;-182,625;154,0625;323,78125;467,34375;699,78125;722;928,90625;1135,40625;1246,65625;1600,21875;1398,46875;1481,71875;1184,65625;1227,4375;1002,09375;569,125;717,34375;489,21875;287,71875;457,96875;195,71875;44,0625;276,53125;10,34375;-49,96875;157,25;45,46875;200,71875;82,84375;21,71875;-59,8125;117,6875;125;-57,78125;-112,125;18,375;-36,46875;-106,125;-35,1875;-102,75;19,625;-172,125;-147,875;1,625;-208,125;-75,5625;-76,65625;-3,21875;75,46875;-4,09375;-101,03125;-35,28125;-100,9375;-191,71875;-165,5625;-132,75;-57,15625;-259,875;0,1875;-57,75;55,78125;-101,3125;-24,03125;-131,1875;-33,375;-182,375;-89,5;-140,96875;28;-80,53125;-196,09375;-99,8125;-214,125;-124,3125;-35,875;-100,125;-186,21875;-125,25;-320,40625;-204,34375;-49,8125;-184,71875;-128,75;-140,375;-58,59375;-217,6875;16,53125;-4,28125;-82,53125;-141,6875;-293,78125;-120,1875;-129,09375;22,84375;-173,65625;-32,09375;-85,21875;-200,84375;-96,3125;-76,34375;33;-73,6875;-197,625;-174,625;-364,78125;-166,71875;-123,3125;-151,21875;-207,6875;-115,6875;-198,4375;-165,59375;-180,625;18,65625;13,59375;-33,71875;104,34375;-267,03125;-155,8125;-59,96875;-107,375;-214,3125;-142,375;-393,03125;-268,21875;-129,625;112,125;-0,5;-288,0625;-122,65625;-93,15625;-344,4375;-188,21875;
155,4375;4,40625;272,375;229,75;179,4375;110,6875;144,25;240,71875;220,6875;-95,90625;188,6875;64,34375;98,96875;-11,1875;55,125;60,4375;194,9375;221,25;-30,15625;142,4375;257,625;161,5;98;-25,125;158,25;67,40625;15,78125;177,71875;-136,59375;-100,65625;148,625;48,78125;-97,71875;-4,09375;24,46875;-44,03125;175,46875;17,09375;170,21875;96,34375;69,53125;163,4375;197,28125;98,84375;66,59375;136,90625;199,21875;160,6875;173,03125;184,34375;199,25;274,40625;121,5;45,4375;332,03125;183,96875;251,4375;8,03125;112,21875;88,21875;180,1875;100,25;235,3125;189,3125;178,59375;89,9375;-8,15625;154,46875;87,4375;83,9375;226,03125;-148,25;276;-33,78125;218,15625;51,75;108,09375;48,03125;77,9375;78,78125;86,34375;91,65625;-51,65625;183,21875;138,84375;176,65625;35,4375;52,90625;4,03125;-200,75;35,03125;79,6875;23,90625;158,1875;106,15625;141,65625;117,3125;-88,25;-72,21875;89,90625;271,65625;417,9375;578,9375;702,25;638,40625;732,625;741,5;508,25;267,28125;152,28125;247,625;298,625;322,3125;208,25;506,84375;457,71875;855,9375;1031,5;1317,0625;1496,28125;1931,40625;2193,53125;2179,75;2308,34375;2287,5625;2055,84375;1657,75;1583,25;1235,6875;886,40625;1075,15625;1295,5;1451,3125;1693,34375;2174,9375;2682,25;3146,4375;3418,84375;3544,1875;3385,25;3107,6875;2767,90625;2389,09375;1995,375;1640,75;1331,15625;1267,15625;1060,21875;1127,1875;1365,125;1558,6875;2137,1875;2571,1875;2566,90625;2835,53125;2970,5;2910,9375;2892;2739,6875;2295,53125;2207,28125;1778,34375;1488;1171,375;857,96875;673,40625;515,625;419,625;513,625;644,5;706,6875;614,28125;550,21875;518,8125;207,09375;325,71875;132,8125;102,84375;-90,84375;200,96875;166,21875;-70,625;-24,90625;158,1875;9,0625;140,25;79,15625;211,40625;237,65625;280;291,5625;820,15625;1097,59375;1193,65625;1509,46875;1622;1545,40625;1823,4375;1545,875;1218,78125;1367,09375;1028,65625;856,03125;719,4375;718,40625;599,78125;577,21875;540,78125;247,71875;461,53125;236,3125;321,59375;230,96875;183,40625;229,3125;209,78125;302,75;238,4375;240;160,875;234,875;234,90625;237,5;220,15625;221,8125;-20,46875;-43,125;107,1875;-132,625;-16,4375;-0,25;88,78125;72,15625;206,59375;203,125;-78,5;103,3125;-124,21875;-1,65625;38,4375;31,46875;69,75;40,25;-49,96875;50,03125;202,4375;95,09375;-45,15625;36,40625;130,96875;294,71875;110,625;173,625;-91,28125;120,5625;146,46875;-67,8125;1,28125;80,125;102,46875;-80,0625;35,65625;89,59375;-150,03125;130,75;100,65625;100,5;-37,90625;-129,5;-90,21875;161,875;-37,84375;104,125;-81,25;193,9375;92,28125;-178,5;-92,09375;-242,25;-22,53125;142,09375;49,96875;70,4375;-5,6875;-21,96875;118,9375;-151,84375;-83,0625;-63,8125;26,5625;-30,28125;-79,71875;-21,1875;69,84375;45,875;-72,40625;51,90625;261,8125;61,8125;179,5625;153,75;12,9375;-105,3125;-4,40625;-80,9375;102,5625;39,9375;130,90625;-56,125;93,09375;-2,46875;39;74,21875;121,1875;-33,96875;113,75;96;99,375;77;28,8125;
9,1875;-128,5;-31,1875;273,09375;39;367,21875;28,71875;-34,15625;-70,40625;-64,03125;41,09375;23,46875;-236,53125;42,1875;104,0625;54,46875;172,65625;-34,25;-67,90625;-83,90625;163,125;-235,71875;63,625;65,75;-11,03125;4;-20,0625;-128,90625;5,65625;-37,375;-37,1875;9,375;194,0625;-130,46875;56,59375;77,5625;205,65625;68,65625;-40,28125;-144,53125;-63,90625;84,84375;230,59375;-257,40625;4,8125;79,34375;-143,3125;98,6875;133,4375;76,53125;-16,09375;151,4375;-63,3125;-8,5625;-100,78125;1,03125;19,75;47,75;-9,90625;207,28125;16,9375;83,53125;233,75;105,3125;187,03125;51,4375;102,53125;168,6875;173,28125;54,125;22,5;-71,375;233;292,78125;-23,25;20,90625;113,96875;94,5;87,03125;0,34375;74,65625;4,21875;161,53125;93,8125;28,84375;76,5;59,78125;163,34375;41,78125;-27,40625;-147,75;144,46875;117,375;22,0625;103,25;92,53125;44,65625;118,46875;101,15625;-8,625;360,90625;208;342,03125;509,0625;743,3125;622,3125;817,53125;511,6875;470,5625;274,71875;37,6875;432,875;179,84375;444,34375;512,71875;740,53125;742,5625;1023,5;1352,40625;1696,28125;1683,40625;1990,96875;2314,59375;2378,90625;2271,84375;2167,96875;1748,3125;1538,25;1330,125;971,03125;994,9375;1422,5625;1498,84375;1793,40625;2096,46875;2704,9375;3077,375;3451,21875;3496,15625;3599,25;3205,03125;3016;2505,78125;2089,4375;1916,375;1479,875;1348,03125;1292,15625;1230,65625;1453,15625;1773,21875;1900,34375;2541,03125;2700,59375;2790;3078,3125;2996,90625;2885,40625;2914;2649,3125;2211,0625;1810,5625;1373;970,4375;821,625;757,1875;393,9375;598,90625;614,71875;662,75;955,28125;804,53125;626,84375;455,15625;583,59375;214,75;206,25;-146,9375;-78,5;145,78125;53,71875;249,5625;57,71875;-29,6875;-38,78125;185,84375;61,9375;253,1875;333,46875;523,375;545,65625;910,46875;996,125;1282,53125;1555;1707,9375;1772;1765,3125;1514,28125;1405,96875;1394,59375;1077,59375;1111,84375;854,1875;820,1875;749,0625;728,65625;339,90625;375,59375;334,9375;316,875;101,59375;223,6875;242,75;304,625;136,78125;110,03125;243,875;160,8125;3,78125;267,96875;103,46875;102,9375;172,96875;172,65625;136,71875;-83,59375;-182,46875;-30,3125;44,09375;-32,875;37,78125;122,8125;129,3125;98,59375;117,21875;-29,40625;-80,03125;-64,21875;31,8125;-130,8125;90,21875;-110,65625;-152,15625;71,40625;-57,84375;-204,4375;-77,125;115,875;96,3125;-30,84375;2,4375;41,1875;-71,65625;167,03125;315,625;-107,3125;-25,84375;-7,5625;186,78125;-172,21875;173,15625;16,90625;-25,5625;23,8125;10,90625;4,375;11,03125;-143,03125;15,78125;111,1875;208,28125;31,1875;-19,6875;-13,09375;43,75;-45,28125;97,71875;-45,875;10,625;111,34375;22,53125;34,625;-171,25;-249,3125;-56,46875;45,4375;-46,28125;20,5;34,28125;-88,15625;3,0625;12,75;90,28125;138,875;88,8125;-131,03125;85,15625;-60,21875;-14,75;93;186,53125;103,5;80;-13,03125;-29,875;-160,5;-113,59375;-25,1875;314,25;37,3125;106,96875;-107,34375;-70,125;-10,21875;-20,0625;-32,25;-161,09375;38,4375;-174,03125;
208,59375;68,46875;107,5625;148,65625;269,375;110,59375;-98,0625;-12,6875;174,40625;-77,9375;95,84375;121,4375;346,09375;230,3125;128,90625;62,96875;202,6875;147,46875;-19,28125;202,375;178,9375;27,8125;-28,4375;115,78125;207,28125;6,34375;82,1875;85,09375;45,46875;116,375;300,875;221,46875;96,6875;240,625;126,5625;218,1875;63,1875;190,375;159,34375;221,65625;222,71875;82,625;97,84375;265,625;234,03125;225,4375;3,8125;206,15625;146,21875;95,03125;207,4375;24,6875;203,90625;79,5;175,84375;412,03125;170,875;110,6875;149,65625;158,9375;27,21875;31,90625;135,28125;334,9375;289,3125;217,40625;348,90625;248,9375;-9,4375;211,03125;353,65625;52,75;111,28125;150,3125;274,9375;260,84375;21,34375;167,21875;93,40625;148,53125;64,5;156,5;261,65625;89,71875;123,21875;73,6875;122,46875;106,34375;118,5625;164,71875;247,15625;181,40625;160,09375;145,15625;171,75;124,6875;153,84375;116,96875;-15,6875;96,0625;329,5625;232,9375;548,34375;689,4375;791,25;798;825,65625;469,6875;570,5625;371,8125;96,15625;307,09375;290;344,5625;604,34375;676,0625;756,03125;1081,09375;1399,03125;1742,40625;2067,25;2308,90625;2342,90625;2248,15625;2411,5;2237,875;1902,8125;1840,21875;1301,65625;1359,6875;952,375;1288,90625;1558,4375;1825,21875;2131,6875;2687,875;3228,71875;3497,5625;3626,40625;3562,03125;3541,0625;2881,875;2596,9375;2266,71875;1816,75;1611,1875;1201,875;1327,84375;1347,40625;1512,1875;1730,5625;2237,625;2306,3125;2519,625;2766,4375;2982,78125;2816,8125;3015,65625;2795,40625;2691,5625;2016,875;1799,5625;1432,1875;1297,84375;950,96875;852,46875;685,28125;614,53125;489,34375;621,9375;857,875;809,15625;695,3125;576,21875;412,8125;327,4375;261,15625;121,09375;155,75;71,03125;83,28125;111,40625;100,09375;138,375;75,09375;157,53125;-4,40625;-86,71875;343,3125;487,40625;564,34375;695,375;1145,53125;1396,4375;1515,8125;1708,28125;1860,9375;1476,9375;1727;1319,21875;1283,25;1364,21875;1323,4375;1078;733,90625;672,40625;719,625;731,0625;422,625;405,40625;208,96875;308,0625;261,59375;277,6875;198,34375;32,1875;172,59375;-38,53125;76,15625;-38,40625;282,78125;327,5625;135,40625;228,96875;44,09375;-58,21875;37,9375;-25,15625;80,4375;-25,84375;-230,0625;261,40625;79,9375;81,375;131,5;59,15625;145,75;-80,40625;85,84375;-92,65625;-25,8125;-41,53125;-113,90625;77,75;79,0625;-117,65625;143,375;-110,71875;-189,125;-94,9375;166,1875;209,375;130,65625;1,125;36,40625;195,625;110,03125;-157,8125;163,59375;-33,75;86,15625;112,125;83,59375;24,0625;-16,1875;191,03125;153,53125;87,0625;13,0625;-37,375;109,90625;8,71875;89,6875;111,34375;157,25;102,65625;-75,5625;79,65625;-10,09375;-86,03125;160,28125;-133,40625;191,90625;-57,6875;121,875;-16,4375;-1,8125;-240,21875;209,75;-29,59375;-90,28125;61,625;-101,8125;180,71875;40,53125;-53,53125;-83,5;-0,28125;52,3125;-141,1875;188,25;-11,09375;156,9375;124,40625;-30,46875;4,375;194,5625;-46,59375;182,3125;-110,65625;201,65625;100,5625;119,8125;18,5625;44,625;171,15625;-122,375;-133,28125;105,71875;-24,5625;
-50,3125;-14;-14,34375;-39,71875;-68,9375;-236,71875;-57,40625;-42,625;-18,46875;-114,625;-12,59375;-64,6875;-71,9375;-112,28125;-197,96875;-144,8125;-174,90625;-229,09375;-44,90625;-38,9375;-47,59375;-150,0625;-129,8125;3,6875;-50,3125;-112,625;-2,25;-131,53125;-166,59375;-124,75;14,625;-126,375;65,875;-136,09375;-56,0625;-7,40625;-50,375;21,21875;-81,28125;-93,15625;-160,84375;-26,3125;86,6875;40,65625;-105,46875;-191,15625;-113,15625;-32,90625;-69,8125;-28,1875;55,90625;30,90625;-140,875;-40,375;-33,3125;-147,71875;-55,4375;-100,9375;105,5625;46,5625;-344,71875;-7,15625;-134,8125;208,875;-87,09375;-239,84375;-152,3125;47,9375;14,5;-74,125;-168,3125;-82,9375;-6,9375;-134,125;11,4375;143,5;-0,90625;-72,09375;-99,0625;-117,75;93,5625;-132,34375;-10,1875;-8,09375;119,59375;7,34375;-38,03125;83,6875;-250,90625;-132,5625;-28,84375;-79,71875;154,21875;-277,46875;14,5;6,28125;10;-161,6875;-60,4375;-108,65625;-135,125;230,875;378,9375;438,3125;567,3125;496,125;422,71875;496,46875;366,78125;330,9375;100,6875;239,25;198,40625;91,46875;165,59375;614,6875;738,875;893,28125;1024,53125;1357,65625;2132,59375;2246,75;2315,40625;2432,15625;2466,8125;2178,625;1994,71875;1378,59375;1240,71875;1220,9375;1142,625;1183,1875;1571,5625;1556,375;1995,84375;2619,78125;3182,5;3362,625;3718,46875;3319,625;3498,78125;2909,15625;2591,9375;2107,09375;1802,1875;1408,5;1193,21875;1342,5;1046,6875;1271,125;1680,6875;2142,78125;2223,28125;2667,25;2933;2916,15625;3045,6875;3060,8125;2633,625;2386,09375;2256,625;1693,625;1584,09375;1141,0625;817,75;467,5625;644,96875;361,75;505,53125;487;507,5;598,625;501,5625;278,03125;292,125;35,1875;-136,15625;-79,375;121,78125;-85,84375;51,96875;120,21875;-41,28125;-15,125;-151,4375;-76,40625;135,125;-63,46875;161,15625;352,65625;528,875;777;1210,8125;1310,03125;1620,0625;1655,40625;1634,09375;1613,5;1279,53125;1352,21875;1218,25;1122,5;935,46875;990,9375;691,625;578,8125;464,4375;309,125;358,5625;376,4375;124,125;241;271,34375;105,25;291,84375;59,84375;54,21875;0,8125;-39,375;-110,6875;-84,25;7,25;95,28125;-185,34375;-294,9375;42,6875;-31,875;-109,1875;-180,5;43,78125;99,5625;-135;69,09375;-256,71875;51,1875;15,3125;-82,90625;-224,15625;-167,0625;-37,15625;-63;-151,15625;-323,8125;41,96875;-211,71875;115,34375;-181,90625;-93,09375;-31,0625;-212,8125;-132,09375;112,4375;-141,8125;166,28125;-217,90625;-54,3125;-138;-113,28125;-52;-199;87,5;-167,1875;-70,4375;134,8125;108,78125;8,4375;-119;-25,3125;-86,4375;-66,9375;-31,75;-263,25;-171,46875;73,5625;-109,4375;-237,90625;-324,78125;-234,65625;-217,375;62,375;-11,71875;-168,34375;-220,15625;-243,5;-88,84375;-69,75;-217,5625;-311,90625;-206,78125;8,375;-59,9375;-282,09375;-110,71875;-1,90625;-125,875;-6,40625;-47,8125;-70,40625;-127,0625;17,71875;-168,1875;-127,84375;-43,21875;-38,5;-40,96875;-160,71875;134;-232,59375;-30,03125;38,3125;170,125;-9,90625;-42,0625;-72,8125;-89,375;26,9375;-106,59375;-128,65625;-187,65625;-144,4375;
167,09375;103,875;176,6875;26,9375;-91,9375;-36,875;26,4375;-84,71875;162,59375;13,21875;-83,15625;93,6875;-101,28125;-48,125;-144,5;-154,84375;-51,90625;116,40625;-144,0625;19,21875;122,8125;116,1875;43,65625;-124,03125;-81,1875;-140,15625;57,875;-137,875;-369,375;-112,65625;76,6875;188,8125;4,46875;-111,1875;95,1875;130,53125;14,21875;111,96875;-81,15625;172,21875;122,6875;189,40625;101,84375;-15,90625;21,375;66,78125;125,71875;-46,5625;152;3,28125;54,71875;-4,40625;100,65625;8,65625;107,65625;-23,28125;49,9375;93,53125;-23,96875;39,90625;75,03125;232;246,375;69,53125;78;187,96875;225,46875;130,3125;66,53125;42,28125;121,3125;-88,21875;23;53,71875;37,78125;-3,8125;49,875;46,5625;241,125;-23,09375;197,65625;-15,53125;124,625;96,34375;6,125;-0,71875;18,0625;210,6875;54,25;-150,5;-34,46875;180,1875;69,3125;96,1875;262,53125;251,25;-0,5;-202,28125;173,65625;35,28125;-1,4375;406,375;412;533,34375;518,1875;644,3125;797,28125;454,46875;424,5;362,15625;210,40625;203,125;95,8125;280,84375;400,8125;607,96875;805,46875;1066,5625;1362,625;1634,71875;2128,625;2410,09375;2422,78125;2363,34375;2664,15625;2340,6875;1865,03125;1865,40625;1334,71875;1257,125;1260,59375;1226,875;1653,34375;1766,0625;2343,15625;2910,125;3324,5625;3547,375;3714,90625;3878;3724,15625;3301,4375;2885,875;2468,875;2007,25;1665,28125;1438,0625;1343;1527,65625;1688,375;1844,8125;2132,90625;2380,375;2809,78125;3094,21875;3297,84375;3140,34375;2901,28125;2794,9375;2755,8125;2517,9375;2119,21875;1864,5625;1348,875;1110,09375;780,375;479,125;595,28125;635,8125;726,59375;785,84375;810,53125;537,40625;407,1875;459,4375;76,75;-80,25;5,34375;111,96875;17,46875;317,96875;149,21875;125;147;-27,21875;-8,1875;122,375;319,5;371,65625;450,96875;659,8125;860,59375;1193,40625;1432,90625;1677,75;1934,65625;1729,375;1772,34375;1718,6875;1645,75;1531,5;1579,8125;1245,25;1032,40625;1057,09375;912,40625;833,6875;692,90625;651,71875;141,6875;287,53125;206,09375;293,375;215;482,9375;356,84375;180,4375;69,40625;6,78125;337,03125;-22,0625;66,375;162,875;276,71875;-126,125;-119,59375;67,59375;-117,71875;31,6875;28,96875;101,5;42,71875;-116,125;202,34375;177,6875;203,375;-156;-130;-97,875;-160,5;-35,34375;57,28125;-5,6875;61,21875;97,40625;114,90625;178,0625;-93,96875;270,0625;184,96875;19,875;197,15625;242,6875;202,625;29,25;36;56,0625;150,65625;32,09375;58,65625;133,09375;132,84375;-52,0625;-91,0625;78,96875;-131,125;115,21875;-63,4375;-120,9375;71,96875;139,625;101,125;151,3125;54,125;6,6875;139,03125;-167,75;36,125;-65,1875;-84,09375;-44,4375;146;257,40625;-66,3125;23,03125;11,5;88,0625;-146,84375;-13,65625;64,875;-15,71875;192,75;-40,46875;193,21875;59,65625;-72,28125;43,65625;63,25;80,375;152,625;67,21875;123,75;149,1875;45,3125;56,15625;-79,4375;-107,59375;-46,4375;83,15625;-88,625;78,96875;129,53125;-105,0625;51,4375;-131,125;166,125;264,09375;66,40625;-5,40625;80,28125;
49,28125;335,03125;-87,625;-49,5625;-132,375;5,65625;35,46875;49,34375;58,375;-72,09375;-68,53125;-118,5625;65,59375;69,90625;68,9375;-75,46875;-208,40625;-77,65625;9,65625;17,1875;-165,5;84,21875;-57;77,3125;-231,6875;140,46875;-17,375;-0,34375;-44,1875;85,03125;128,96875;41,9375;-83,46875;80;-362,0625;98,09375;-33,625;102,3125;-101,03125;-111,3125;-149,875;-8,8125;-167,28125;22,65625;136,28125;150,875;46,46875;49,46875;-94,375;-59,75;-92,8125;-103,46875;-96,03125;-57,1875;57,375;-50,6875;-143,15625;238,5625;21,90625;59,0625;50,625;-145,0625;-39,90625;-102,34375;-30,625;-62,375;-14,0625;351,59375;-53,9375;164,78125;94,65625;45,0625;255,25;-3,90625;85,5625;-91,78125;191,6875;117,5;76,125;-62,6875;-49,25;-4,5;-92,6875;-65,375;-120;191,65625;-49,53125;-165,15625;-221,625;-16,9375;121,0625;-46,09375;26,40625;-66,34375;14;-68,3125;11;-43,78125;-29,8125;-130,9375;128,34375;273,59375;404,59375;512,9375;640,84375;783,25;676;661,65625;319,21875;235,53125;153,625;53,53125;252,6875;220,625;248,5625;465,9375;643,09375;974,65625;1406,0625;1873,84375;2022,09375;2501,90625;2504,03125;2705,125;2441,71875;2491,75;2132,3125;1783,46875;1519,875;1235,34375;1229,21875;1259,0625;1594,09375;2013,15625;2312,4375;2758,125;3126,125;3964,6875;3845,90625;3877,96875;3759,0625;3293,59375;2752,0625;2597,46875;2008,03125;1597,21875;1383,3125;1425,6875;1432,6875;1639,21875;1740,5;2218,46875;2651,34375;2907,0625;3311,90625;3324,375;3422,90625;3015,8125;2864,96875;2666,84375;2391,46875;1981,09375;1739,53125;1443,34375;891,59375;627,46875;590,125;283,9375;300,5625;425,6875;606,96875;581,4375;487,15625;245,09375;490,53125;256,34375;-44,8125;-99,9375;1,84375;10,28125;129,96875;106,0625;59,71875;-87,59375;-179,09375;-247,5;-73,4375;62,75;238,28125;370,5;827,5625;1035,75;1293,78125;1538,03125;1807,375;1835,25;1928,15625;1870,65625;1788,5625;1523,65625;1532,1875;1111,21875;1205,0625;1150,5625;920,125;788,59375;668,53125;549,0625;365,21875;331,3125;201,65625;174,90625;172,46875;167,5;172,15625;142,65625;-33,9375;199,75;-49,4375;-100,0625;12,34375;4,96875;62,09375;-33,15625;-154,5625;98,125;-119,59375;-42,78125;-212,09375;-157,75;-83,0625;-37,4375;43,03125;110,65625;106,15625;-97,15625;-223,125;-77,3125;-19,375;-140,8125;-172,28125;-213,46875;-128,65625;64,78125;-176,6875;-81,8125;-22,96875;-20,5625;-30,9375;-235,96875;-53,5;-140,53125;55,71875;-118,125;-168,65625;159,34375;-126,9375;-151,15625;179,09375;-130,9375;-189,40625;-146,65625;25,21875;-43,8125;-52,625;136,5625;-197,78125;14,375;96,09375;98,34375;77,53125;-69,59375;-110,03125;-29,21875;-69,28125;-64,65625;-87,90625;-340,78125;122,75;-178,03125;-39,25;-232,96875;3,0625;-49,5;221,875;84,09375;-20,84375;-65,75;-108,4375;-87,8125;103,4375;-8,3125;121,9375;95,28125;-33,78125;-137,53125;-20,84375;258,1875;46,96875;112,40625;-18,46875;-67,875;129,0625;-90,03125;46;-9,5;0,1875;156,75;-121;-152,5;-42,625;-59,125;-190,3125;-19,5;-179,96875;-69,0625;-68,5;-18,125;-159,53125;-170,0625;
-17,625;-154,8125;-201,28125;-174,375;23,1875;-127,59375;87,9375;13,96875;91,21875;4,78125;-59,4375;-35,375;-217,84375;-64,4375;-104,625;-343,375;-285,96875;-124,21875;-403,8125;20,75;-229,65625;49,28125;31,125;-71,03125;27,34375;-174,8125;-111,71875;176,84375;-58,3125;-131,71875;75,1875;131,40625;78,5;-102,3125;-143,15625;-211,375;-24,625;31,875;54,46875;-84,34375;-78,9375;-63,5625;2,625;-113,84375;-55,59375;35,78125;28,46875;46,28125;-192,125;-48,75;-149,625;2,78125;-67,875;65,96875;5,53125;97,375;-67,0625;70,6875;-27,84375;-25,96875;-238,40625;-71,4375;41,59375;83,15625;-79,90625;-69,84375;-103,34375;-139,90625;-156,5625;117,40625;128,78125;-86,46875;-18,34375;-48,59375;33,09375;189,125;-34,15625;-134,625;-142,21875;22,65625;42,375;64,96875;-82,9375;180,84375;-178,125;-157,53125;-125,5625;-49,59375;228,09375;-136,96875;-20,375;104,625;-85,65625;-31,40625;-23,9375;174;-71,9375;-81,25;180,0625;57,875;102,375;44,46875;397,65625;465,28125;679,15625;705,875;561,90625;524,78125;514,90625;328,3125;275,65625;107,59375;202,1875;144,59375;237,96875;537,40625;703,25;1058,59375;1332,40625;1754,71875;2235,4375;2518,59375;2730,6875;2440,1875;2770,59375;2497,4375;1947,59375;1844,03125;1449,125;1162,875;1455,21875;1408,15625;1200,4375;2024,75;2379,03125;2889,03125;3309,28125;3714,09375;4050,8125;4167,875;3956,34375;3512,125;2949,03125;2676,4375;2011,46875;1657,0625;1644,96875;1466;1489,5625;1657,34375;2005,84375;2266,96875;2527,8125;2886,65625;3160,28125;3393,96875;3165,5625;3179,5625;3076,15625;2786,28125;2493,625;2217,53125;1483,9375;1376,6875;955,03125;895,0625;773,84375;538,59375;451,9375;408,375;457,53125;499,65625;278,5;465,375;201,875;-74,59375;-3,96875;71,78125;-151,71875;168,28125;159,65625;149,375;-61,90625;-203,6875;-26,65625;44,96875;-51,3125;-34,625;174,9375;523,5625;701,71875;1040,84375;1441,90625;1613,03125;1885,15625;2166,125;2017,5;2056,6875;1861,21875;1476,5625;1514,78125;1479,40625;1242;1100,25;846,125;835,78125;975,96875;681,625;457,6875;197,46875;226,71875;166,90625;240,4375;335,53125;324,53125;191,5625;108,8125;168,40625;56,96875;-103,6875;59,8125;272,625;13,125;-252,5;-382,65625;-13,875;-164,40625;-263,4375;-226,0625;-189,28125;23,90625;114,125;26,09375;-84,75;155,75;-106,8125;-105,9375;-122,5625;100;-52,09375;-71,65625;10,625;-27,5;-87,6875;123,375;-205,40625;-31,5625;58,46875;23,5625;-124,75;-48,375;208,71875;191,3125;-206,59375;1,6875;-25,375;-243,40625;36,03125;-67;10,8125;65,71875;-112,75;62,28125;-38,0625;67,4375;-47,21875;25,375;-22,53125;-42,8125;-44,34375;-136,75;-229,40625;58,75;82,03125;61,90625;-14,84375;145,59375;129,15625;-121,84375;135,34375;-74,3125;89,8125;-183,125;67,125;-65,3125;-111,125;-153,75;51,9375;-13,1875;124,71875;-15,09375;-89,625;75,625;-47,25;-57,40625;11,3125;85,78125;-164,0625;89,90625;-92,03125;29;25,03125;295,53125;15,84375;173,4375;4,75;207,65625;-105,03125;25,625;21,84375;-42,15625;-17,90625;-116,5;-67,4375;-86,75;126,65625;-114,375;4,75;-44,90625;-92,34375;
17,1875;-28,25;-48,3125;45,09375;-175,25;-342,4375;-151,75;123,1875;43,84375;-14,75;8,125;-27,5625;-54,96875;-21,78125;-161,53125;-102,46875;6,40625;-144,09375;2,3125;-86,5;51,09375;-71,90625;-77,25;-258,03125;-131,53125;81,03125;18,5;9,0625;-215,40625;-169,84375;-203,6875;-26,59375;-18,90625;-142,90625;-76,25;-149,375;55,9375;-7,875;-246,125;-140,28125;-102,625;-161,1875;-41,53125;-47,28125;-141;-30,21875;-66,25;-45,125;-23,84375;302,6875;28,40625;-114,75;23,65625;92,90625;78,65625;-99,125;65,46875;-104,65625;1,34375;-88,65625;-83,96875;-40,34375;-42,28125;-0,875;-85,46875;-49,15625;-157,1875;21,03125;21,1875;-104,65625;90,4375;6,5625;-156,15625;-110,3125;73,25;-172,03125;-63,6875;-102,03125;-180,8125;-206,21875;-0,4375;-342,5625;-25,9375;-165,71875;-112,5625;-251,5625;-297,03125;-293,8125;-313,78125;-110,09375;78,34375;109,8125;-197,375;95,6875;74,96875;-51,53125;113,6875;-137,125;55,625;-181,40625;-29,28125;147,59375;250,3125;493,09375;558,34375;626,96875;571,6875;605,46875;518,375;117,375;229,25;101,5;27,09375;-154,15625;253,875;470,96875;452,15625;749,59375;1308,875;1735,9375;2061,8125;2419,5;2515,90625;2653,40625;2694,21875;2258,59375;2156,875;1650,1875;1516,5625;1212,0625;1235,5;1220,6875;1521,75;1718,78125;2204,09375;2890,9375;3188,53125;3701,4375;3874,15625;3819,5625;3696,65625;3383,75;3134,5625;2467,15625;2005,90625;1710,59375;1601,875;1397,03125;1500,25;1418,625;1878,71875;2048,0625;2642,875;2914,46875;3348,5625;3332,28125;3511,75;3400,75;3146,3125;2801,21875;2481,625;2251,3125;1802,46875;1028,96875;1009,28125;524,53125;288,40625;369,75;547,78125;337,71875;442,0625;458,78125;453,96875;344,03125;324,625;78,34375;139,78125;123,4375;-142,5625;179,34375;96;-36,03125;-157,3125;-158,90625;-177,40625;-92,90625;-255,375;-94;-58,40625;480,25;783,28125;1002,21875;1256,15625;1851,8125;2028,40625;1794,875;2033,8125;1821;1964,0625;1630,53125;1536,75;1415,75;1266,09375;1085,0625;907,9375;709,40625;753,09375;574,71875;284,3125;370,125;8,625;170,53125;121,28125;22,71875;51,21875;242,125;-266,28125;-87,96875;-101,78125;-170;-76,28125;-315,9375;-154,15625;101,5625;-7,96875;-192,84375;-255,71875;-273,40625;-171,90625;-47,71875;-126,1875;18;-118,9375;2,90625;-219,53125;-99,40625;-55,25;-133,84375;-86,90625;-71,21875;-127,625;-394,1875;-119,25;-82,09375;-394,625;-281,15625;-269,25;-304,25;-213,78125;-57,625;-126,71875;-139,125;10,9375;-1,875;-13,75;22,84375;-274,5;-177,8125;-259,875;-184,375;-85,8125;-293,53125;-242,375;-32,09375;12,90625;-174,34375;-119,4375;-264,625;63,75;-94,5;-189,34375;-29,75;-142,1875;-117,6875;-10,34375;-173,84375;-125,84375;-149,9375;-310,90625;-149,59375;-203,09375;-10,90625;-242,75;-140,1875;-155,21875;-238,5625;-43,15625;-23,96875;45,125;-37,125;-153,40625;-129,59375;-277,6875;-4,71875;-243,46875;-252;-20,75;-106,78125;-142,90625;-34,9375;-149,6875;-287,21875;75,4375;-76,3125;-46,46875;-15,375;-123,21875;37,5;-142,65625;-139,40625;-225,28125;-110,46875;-5,78125;-165,28125;-141,8125;-133,21875;-198,0625;-250,34375;-232,5625;-4,0625;
-48;-236,71875;-70,59375;-44,6875;136,1875;-152,71875;153,21875;-1,9375;-145,6875;-37,15625;-112,1875;-177,4375;-15,15625;-131,5625;-84,75;-122,3125;-36,5;-202,34375;-157,28125;58,6875;-264,8125;-171,90625;101,125;-272,5625;-71;-3,59375;-158,1875;-63,40625;130,125;-247,78125;-107,5625;-13,34375;15,59375;-40,5;-85,625;-194,75;24,8125;54,90625;-27,25;-224,4375;-70,28125;-96,03125;59,25;-53,71875;-136,8125;-175,40625;86,5625;-90,65625;33,84375;-57,1875;-133,6875;-15,65625;180,96875;-100,1875;14,71875;232,875;27,90625;-132,78125;23,71875;-0,34375;-75,5;-68,5;46,46875;71,5;-37,8125;11,25;129,6875;-105,71875;-41,75;-122,3125;1,59375;70,28125;-182,53125;-81,6875;-25,84375;-127,34375;-100,8125;-95,25;-8,875;-183,21875;40,75;10,46875;-14,65625;45,65625;98,9375;76,375;-56,78125;-49,59375;44,5;-21,59375;186,84375;43,3125;136,15625;55,71875;76,78125;-13,90625;-45,65625;-69,03125;-104,21875;-18,1875;76,1875;110,28125;349,46875;570,90625;536,84375;721,15625;889,3125;581;408,96875;379,03125;182,09375;178,34375;-126,53125;158,5625;227,25;358,15625;611,75;888,6875;1387,84375;1643,0625;2374,0625;2555,8125;2722,25;2959,84375;2586,0625;2396,875;2229,8125;1769,03125;1599,875;1258,6875;1139,71875;1308,21875;1696,875;1896,875;2499,78125;3039,625;3438,0625;3712,46875;4031,3125;3968,9375;3782,46875;3348,84375;2967,15625;2476,03125;2119,5;1883,71875;1686,3125;1329;1623,3125;1578,5625;1981,15625;2297,75;2518,40625;3109,53125;3276,90625;3469;3421,46875;3366,96875;3263,0625;2728,96875;2639,8125;2189,84375;2024,65625;1512,375;922,5;639,5625;318;396,09375;578,34375;462,25;379,40625;679,0625;401,3125;228,9375;381;81,3125;-0,25;198,21875;-28,65625;-13,15625;-35,09375;-198,6875;-140,65625;5,96875;-276,21875;-159,03125;-84,5625;33,40625;250,46875;439,4375;796,09375;1079,28125;1461,625;1766,5625;1975,78125;2089,9375;2175,53125;2038,59375;1771,84375;1484,28125;1569,21875;1335,65625;1190,75;1317,09375;1020,375;1005,875;802,46875;704,84375;472,9375;344,59375;118,53125;227,5;167,21875;101,46875;-31,65625;87,21875;-81,6875;-48,84375;-92,5;-30,78125;-162,21875;-109,8125;-118,0625;-228,84375;-150,03125;-97,6875;-70,6875;-136,59375;-331,25;-44,46875;-165;-144,8125;10,875;77,53125;68,28125;37,78125;4,40625;115,6875;-100,9375;-90,375;-59,59375;-113,9375;-221,71875;-49,34375;-383,15625;-297,15625;-501,9375;76,53125;-54,15625;-180,4375;-136,90625;-43,53125;97,9375;-108,4375;-105,15625;-99,4375;-63,78125;-80,40625;-160,46875;9,6875;-189,84375;-170,5625;-98,4375;-221,3125;140,53125;-91,8125;-83,15625;-33,71875;-171,84375;-254,84375;16,90625;148,75;21,46875;-263,78125;-192,875;-224,4375;-250,84375;-187,90625;-115,4375;-53,78125;-196,15625;-166,78125;-37,9375;97,125;-164,03125;-230,9375;-223,28125;-8,5;19,75;-254,34375;-120,375;-217,65625;-290,71875;-43,59375;-11,625;-92,53125;-199,9375;-116,59375;-151,8125;-20,65625;95,90625;-15,4375;-112;-3,96875;-24,25;-41,0625;-51,53125;-103,65625;-135,65625;-79,0625;-92,0625;-12,875;-29,25;-64,375;-200,875;-215,8125;-29,96875;-226,53125;-199,09375;-92,71875;
-189,15625;-208,40625;-155,53125;-200,84375;-328,375;-92,46875;-62,84375;-85,1875;-119,40625;17,03125;-12,0625;-377,28125;-22,28125;-250,15625;-309,4375;76,0625;-286,0625;-113,65625;-190,21875;81,1875;-100,84375;-300,03125;88,875;-65,625;-3,375;-193,71875;-224,375;-133,40625;-58,5;-197,625;-182,96875;-176,15625;-28,375;-200,75;-95,65625;-3,46875;-121,5;-232,71875;10,84375;-88,59375;-30,4375;-85,125;-371,15625;-144,9375;59,4375;-209,875;-226,78125;71,875;-163,8125;-123;-130,59375;-238;-31,21875;-172,78125;0,65625;68,875;8,75;-136,28125;-170,96875;0,1875;-17,34375;132,90625;-52;239,625;-116,71875;-82,34375;-166,53125;-205,9375;-45,96875;-105,875;20,21875;-17,75;-58,3125;-22;-77,96875;-5,84375;-228,46875;-25,53125;112,1875;56,71875;-204,5625;-190,0625;-184,34375;-186,28125;-59,71875;205,46875;-34,4375;-214,0625;-305,96875;-323,625;-92,34375;-106,75;-108,1875;-41,9375;186,84375;163,21875;101,8125;-153,5625;-300,8125;-196,4375;-269,28125;168,40625;390,71875;390,0625;597,65625;710,78125;517,21875;652,78125;383,6875;112,34375;48,6875;-72,53125;-64,0625;79,75;189,0625;272,125;617,8125;927,125;1199,5;1534;2158,46875;2210,21875;2536,21875;2469,0625;2828,21875;2360,1875;2014,25;1855,78125;1331,875;1340,90625;1443,15625;1467,6875;1581,09375;1622,78125;2329,75;2770,59375;3393,75;3497,625;3733,96875;4008,84375;3750,21875;3317,75;2980,59375;2675,65625;2118,90625;1921,625;1386,03125;1394,3125;1655,9375;1624,9375;1897,6875;2115,28125;2505,53125;2918,03125;3090,46875;3430,375;3587,3125;3458,9375;3050,125;3373,5625;2759,8125;2317,96875;2022,09375;1528,4375;767,34375;416,71875;389;373,34375;284,96875;472,78125;668,3125;452,4375;481,34375;235,21875;64,28125;-102,84375;-167,03125;-172,96875;-166,0625;-19,34375;-120,1875;-51,65625;-56,78125;-188,375;-20,09375;-210,34375;-314,875;-12,59375;68,875;358,25;827,1875;1046,3125;1376,0625;1664,25;2003,40625;1952,0625;2019,625;1783,46875;1525,4375;1482,28125;1364,5;1388,125;1456,71875;1309,28125;1034,25;937,90625;735,09375;392,65625;462,625;155,59375;132,8125;-30,4375;88,46875;28,5625;-76,03125;-26,3125;-50,21875;-200,5625;-268,09375;-252,5625;-156,78125;-37,28125;-183,5625;-32,21875;-334,71875;-256,78125;-406,28125;-154,6875;-315,375;-292,5;-116,9375;-62,875;-48;-230,71875;-44,625;-97,03125;-66,21875;-60,3125;-387;-268,8125;-190,4375;-380,78125;-26,40625;-183,09375;-409,21875;-105,09375;-270,6875;-170,46875;-73,3125;-351,5;-236,84375;-282,25;-74,40625;-185,25;-351,65625;-159,1875;-146,625;-93,03125;-187,6875;-331,8125;-250,40625;-155,65625;-149;-144,90625;-220,6875;-177,5625;-362,21875;-291,4375;90,125;-284,5;-86,03125;-11,25;-183,34375;-311,8125;-339,3125;-62,625;-272,4375;-219,25;-118,65625;-143,90625;-283,8125;-119,21875;-243,1875;-274,5625;-123,09375;-131,46875;-313,6875;-264,625;-37,8125;-109,3125;-405,9375;-176,9375;-202,0625;-135,0625;-286,5625;-1,6875;-32,4375;-247,03125;-235,78125;-45,59375;-300,875;-177,125;-190,6875;-119,4375;-258,78125;-243,53125;-163,3125;-286,53125;-259,59375;-113,53125;-96,90625;-253,09375;-92,9375;19,4375;-190,875;-374,3125;-31;-235,40625;-142,09375;-112,21875;
-20;118,4375;-128,21875;89,28125;113,84375;110,71875;-21,3125;-178,125;188,65625;-131,75;142,3125;76,125;224,53125;64,34375;-135,28125;90,75;271,59375;69,40625;-71,25;-24,3125;44,1875;-80,59375;-5,78125;-191,4375;-38,6875;-37,71875;134,9375;114,75;-84,28125;32;-22,40625;-3,0625;161,78125;69,3125;-100,1875;7,8125;100,5625;220,6875;95,78125;313,21875;-160,1875;0,53125;222,65625;105,125;-51,1875;12,84375;160,875;182,71875;-11,34375;287,9375;98,6875;29,5625;216,75;76,5625;199,25;114,71875;22,5;153,4375;156,15625;-55,21875;205,34375;-3,65625;0,6875;158,75;125,5625;-11,40625;127,90625;68,15625;22,5;-14,6875;31,75;107,96875;33,46875;113;65,53125;100,0625;-23,6875;28,5625;48,125;52,5625;131,09375;72;109,25;190,09375;12;-100,75;-121;135,1875;168,53125;-3,9375;107,96875;-125,75;124,34375;70,25;448,59375;162,09375;73,5;266,96875;114,96875;172;100,1875;214,625;380,375;665,1875;620,75;1079,90625;660,75;577,28125;562,75;424,875;160,375;293,34375;196,0625;183,9375;206,5;597,34375;706,3125;1017,78125;1559,25;1874,6875;2370,4375;2675,375;2692,8125;3103,4375;2874,3125;2642,4375;2496,53125;2067,71875;1459,09375;1525,28125;1364,9375;1438,59375;1713,78125;2099,625;2460,78125;2995,65625;3522,5;3979,28125;4182,71875;4145,46875;3919,34375;3656,40625;3250,875;2901,375;2625,59375;2345,375;1915,46875;1900,84375;1566,6875;2107,65625;2186,1875;2437,6875;2912,28125;3156,6875;3631,78125;3730,46875;3774,40625;3552,15625;3589,96875;3389,125;2940,21875;2620,03125;2035,78125;1665,59375;1284;1004,40625;478,53125;517,15625;650,125;644,375;622,90625;772,34375;666,71875;462,28125;295,21875;212,3125;102,09375;50,875;187,5625;31,96875;201,5;150,71875;265,875;161,5;97,03125;-13,28125;78,0625;56,40625;300,71875;601,90625;757,5625;1244,375;1583,9375;1829,84375;2217,4375;2335,40625;2264,90625;2037,875;1983,375;1819,34375;1778,40625;1609;1702,5625;1471,90625;1311,25;1313,75;858,75;871,59375;598,78125;339,3125;340,5;191;217,375;135,5625;229,25;377,9375;74,78125;230,625;97,625;32,625;41,375;293,125;-7,6875;-8,53125;-178,625;-143,96875;-26,21875;-91,09375;-36,78125;211,1875;64,21875;146,8125;-60,5625;175,1875;184,53125;66,96875;59,875;-8,03125;317,5625;95,53125;-174,21875;-89,46875;-38,40625;-22,75;21;-19,40625;-238,75;117,53125;92,53125;84,5625;40,625;284,84375;128,28125;119,125;28,3125;81,28125;248,5;74,875;-22,84375;70,03125;106,78125;52,46875;-32,0625;247,125;169,46875;28,46875;86,4375;-87,0625;222,125;4,90625;200;73,0625;-107,21875;56;65;-2,96875;10,375;41,875;111,625;206,84375;-123,53125;-10,90625;146,8125;-65,1875;-67,71875;37,71875;52,46875;243,78125;30,5625;65,75;243,8125;-21,96875;231,5;27,28125;197,6875;141,65625;137,375;0,15625;162,3125;20,375;313;5,9375;3;36,9375;84,09375;156,40625;133,4375;-42,5;245,28125;64,8125;5,9375;188,125;163,4375;111,09375;39,65625;-50,96875;23,6875;17,28125;108,90625;148,65625;
-35,65625;36,28125;41,53125;57,4375;-117,59375;101;-169,25;132,8125;62,28125;64,5;-231,875;-50,28125;-2,03125;50,5;228,4375;-17,3125;-172,84375;-102,71875;-27,28125;-42,9375;-134,6875;98,25;20,5;35,75;22,75;-78,65625;-93,03125;-43,9375;-101,875;80,1875;147,09375;-25,6875;28,28125;-76,28125;-33,65625;112,21875;41,78125;60,65625;170,40625;-71,28125;-40,78125;131,65625;110,6875;187,75;-26,8125;26,125;14,5;-49,78125;38,4375;48,625;28,3125;165,71875;252,0625;-46,46875;48,09375;215,34375;168,875;297,03125;111,53125;119,6875;99,90625;113,78125;-68,625;21,59375;263,5;127,625;18,78125;42,8125;136,4375;63,90625;94,15625;9,9375;219,09375;-22,71875;385,59375;60,96875;165,03125;-74,75;-31,4375;137;226,40625;14,8125;136,375;116,75;74,875;-36,75;106,71875;-100,65625;-74,78125;-48,5;-125,625;-4,4375;192,71875;141,78125;225,21875;163,15625;200,84375;197,4375;24,75;-32,65625;277,1875;281,53125;360,9375;524,5;647,59375;797,21875;962,90625;860,34375;498,03125;339,46875;315,71875;162,28125;187,4375;94,09375;396,8125;312,03125;679,6875;1112,3125;1586,75;1902,875;2320,34375;2678,875;3041,40625;3079,46875;2803,28125;2870,8125;2331,90625;2056,5;1767,96875;1759,4375;1480,78125;1553,1875;1530,46875;2196,78125;2458,5;3092,65625;3605;4020,78125;4152,8125;4199,1875;4010,125;3824,21875;3330;2976,03125;2652,65625;1995,90625;1985,5;1748,65625;1840,5625;1917;2014,53125;2285,5625;2698,75;3109,34375;3398,0625;3646,6875;3853,28125;3741,46875;3519,0625;3542,40625;3124,53125;2752,15625;2141,75;1794,90625;1256;783,5625;718,1875;437,3125;560,46875;482,8125;584,5625;614,90625;694,03125;347,59375;538,5625;278,03125;235,3125;67,03125;182,90625;257,625;30,875;281;2,75;64,9375;-4,0625;-61,65625;-155;180,59375;303,71875;433,90625;822,15625;1160,71875;1456,3125;1855,34375;2242,34375;2021,125;2202,78125;1967;2011,59375;1782,53125;1743,59375;1707,71875;1746,875;1631,78125;1498,21875;1261,1875;1076,75;733,53125;503,3125;616,84375;292,71875;187,90625;223,28125;213,46875;273,84375;304,46875;339,3125;6,1875;-85,21875;106,34375;189,59375;95,34375;34,8125;-139,03125;29,84375;11,125;-25,125;52,84375;-196,1875;-123,40625;-11,0625;38,59375;-10;80,3125;151,59375;120,3125;-120,1875;3,46875;-112,21875;181,71875;-42,9375;-72,46875;119,15625;100,875;-26,15625;-67,0625;-43,375;-53,0625;30,40625;253,1875;26,53125;93,375;-11,53125;259;168,125;-97,75;16,53125;-11,3125;-34,71875;66,5;157,75;224,6875;-10,9375;245,28125;255,46875;49,34375;147,5;-38,09375;140,90625;209,40625;11,46875;128,6875;328,03125;-64;-9,0625;161,5;21,59375;27,96875;6,59375;206,15625;135,6875;-105,46875;123,25;123,90625;-142,84375;219,625;52,875;114,84375;-29,9375;-60,28125;140,0625;153,78125;-43,3125;122,90625;-28,9375;136,46875;128,21875;214,875;218,5;9,3125;-53,78125;-140,375;98,21875;1,5;102,6875;11,71875;64,6875;40,75;97,125;126,90625;66,0625;-22,21875;-67,46875;124,21875;211;134,65625;240,5;-80,1875;70,78125;73,09375;
88;115;132,125;34,09375;151,8125;113,78125;-245,28125;-99,9375;27,59375;-52,09375;18,75;-77,9375;-112,96875;-16,15625;88,875;-92,625;-145,09375;-72,40625;86,4375;-241,09375;-205,59375;-48,53125;74,875;-62,15625;-235,84375;-66,625;-147,6875;-37,28125;-117,71875;-0,625;-54,28125;-64,8125;31,75;-108,65625;-22,4375;-246,25;-14,40625;-197,21875;19,96875;58,6875;-108,78125;24,375;5,0625;-141,6875;62,90625;73,5625;-4,84375;136,1875;74,75;-83,40625;-125,46875;46,3125;-26,78125;-85,46875;-34,65625;-136,40625;7,59375;188,96875;-26,03125;219,5625;289,0625;79,5625;67,15625;31,5625;82,25;63,84375;10,25;157,21875;134,71875;81,65625;-68,25;38,40625;-36,90625;146,71875;-83,375;178;70,40625;-68,4375;92,375;130,28125;11,78125;50,71875;-132,3125;49,875;158,96875;-205,34375;-5,84375;-62,4375;19,96875;-80,5625;-64,9375;60,15625;178,46875;130;203,0625;50,3125;72,875;10,875;-198,53125;-40,125;133,40625;163;480,46875;422,90625;802,0625;1073,9375;940,5625;807,9375;519,1875;325,15625;183,6875;42,1875;305,75;164,0625;246,46875;474,25;612,1875;1003,875;1312,78125;1758,78125;2317,5;2610,21875;2841,59375;3131,53125;3070,90625;2614,59375;2588,375;2103,75;1908,0625;1788,8125;1213,3125;1307,625;1703,46875;2014,4375;2435,8125;3059,46875;3695,8125;4084,25;4157,28125;4268,09375;4235,3125;3722,15625;3582,9375;3022,6875;2876,71875;2345;2152,875;1974,40625;1887,78125;1995,25;2098,875;2422,15625;3042,9375;2979,125;3246,71875;3725,28125;3691,3125;3752,4375;3789,25;3489,15625;3377,1875;2644,5;2328,46875;1627,375;1362,90625;760,5625;560,625;611,25;542,4375;464,46875;532,375;573,9375;817,875;436,03125;320,65625;288,09375;90,34375;162,375;119,90625;-32,875;26,25;4,53125;59,84375;173,4375;-27,28125;-88,84375;31,375;161,15625;160,28125;512,0625;893,0625;1219,0625;1522,40625;1816,03125;2084,96875;2177,59375;1974,1875;1968,28125;1920,78125;1921,25;1780,65625;1626,03125;1624,5;1403,84375;1480,15625;1430,46875;1025,375;797,65625;503,1875;361;446,53125;201,90625;243,65625;127,40625;8,3125;52;30,15625;174,375;-69,875;-31,84375;149,3125;-80,15625;66,875;161,40625;-113,5;-46,65625;-134,84375;-107,65625;41,53125;-83,40625;-231,8125;-141,0625;126,53125;286,90625;67,3125;278,84375;-36,78125;-109,71875;-10,40625;32,09375;-118,34375;-59,78125;-6,0625;-52,75;-82,90625;93,90625;-46,21875;-148,0625;-14,625;269,15625;-59,59375;224,25;125,75;-30,3125;109,25;-108,875;-91,9375;17,28125;135,71875;140,3125;-31;194,9375;-73,21875;174,9375;9,90625;290,96875;52,0625;50,6875;132,09375;-35,6875;83,84375;-32,25;75,40625;101,09375;238,34375;71,625;139,71875;33,3125;85,03125;-101,21875;-65,5;177,71875;23,3125;-15;8,1875;16,21875;120,90625;7,78125;-5,59375;-44,65625;197,21875;130,59375;175,84375;165,5;280,65625;87,53125;-66,28125;48,125;10,90625;48,78125;-58,46875;11,625;133,625;-35,84375;155,125;147,46875;173,875;-156;-11,96875;-74,84375;-83,5625;-153,40625;59,40625;95,875;-5,40625;-229,875;-47,25;109,3125;-174,09375;80,4375;
66,4375;42,71875;144,375;153,40625;-61,40625;98,09375;127,3125;85,96875;10,46875;26,75;62,65625;-10,53125;-0,59375;55,34375;236,21875;150,5;25,625;-16,375;93,71875;-104,6875;53,34375;-58,59375;201,1875;-53,5625;235,5625;132,3125;-76,59375;-35,5;-25,71875;-31,90625;170,65625;46,09375;-255,59375;88;-30,03125;158,90625;45,4375;64,34375;144,25;152,75;117,03125;123,34375;-1,5;264,375;99,65625;4,71875;222,34375;-165,375;147,09375;149,4375;66,5625;37,78125;71,5625;127,28125;-3,4375;101,125;92,4375;115,0625;309,28125;115,34375;-51,34375;131;196,875;72,59375;47,40625;215,0625;-16,84375;263,1875;60,78125;12,84375;159,9375;273,09375;-10,28125;103,53125;171,5625;-64,1875;27,75;85,59375;260,59375;137,5625;81,625;233,9375;207,96875;-12,09375;-7,9375;55,3125;73,8125;209,15625;-34,25;188,03125;176,875;145,375;159,25;11,84375;398,84375;292,3125;263,84375;349,5625;117,1875;248,46875;134,09375;224,59375;370,71875;353,625;860,8125;925,28125;924,78125;1037,5625;693,21875;537,125;245,5625;401,625;139,75;285,21875;452,03125;516,59375;773,15625;889,28125;1608,625;1807,25;2377,25;2719,8125;2899,65625;3471,59375;2935,90625;2941,96875;2752,125;2241,53125;1984,28125;1569,1875;1638,34375;1680,4375;1770,21875;2181,5;2669,0625;3372,40625;3776,25;4002,46875;4265,09375;4249,96875;4444,125;4101,875;3465,75;3378,375;2691,375;2528,28125;2247,875;2085,71875;2136;2046,5625;2288,125;2392,09375;2980,40625;3419,5;3511,84375;3842,71875;3794,125;3840,46875;3667,6875;3558,28125;3122,375;2750,125;2353,21875;2025,96875;1434,09375;779,03125;528,6875;643,8125;573,8125;628,3125;598,4375;703,59375;393,40625;380,78125;289,46875;2,90625;124,78125;65,6875;115,40625;206,375;134,15625;44,28125;265,96875;82,84375;142,25;285,40625;28,0625;63,53125;260,125;561,71875;1024,34375;1260;1772,75;1958,21875;2159;2183,03125;2429,5;2319,625;2111,8125;1966,6875;1931,46875;1908,8125;1877,3125;1653,0625;1492,84375;1416,625;1068,6875;897,8125;443,59375;311,46875;464,5625;313,28125;127,125;339,625;107,3125;231,09375;87,3125;110,0625;-48,84375;131,5;-160,03125;261,8125;-119,34375;-171,09375;-3,28125;91,40625;-82,34375;-162,65625;90,375;-44,5625;75,75;128,53125;-145,5;59,53125;126,0625;247,8125;-163,125;-90,53125;-47,15625;22,71875;73,15625;-148,5625;7,21875;68,28125;-70,96875;-56,46875;35,65625;-144,625;136,125;-28,84375;188,90625;-2,46875;-54,3125;-107,21875;202,59375;52,6875;194,4375;42,65625;31,375;-29,125;167,3125;168,875;237,75;126,59375;68,5;163,53125;37,4375;10,40625;-12,5625;139,9375;395,03125;239,375;-118,46875;90,5625;193,90625;91,96875;-8,15625;102,1875;107,40625;-99,09375;20,34375;101,3125;244,34375;-120,25;-96,34375;-120,96875;226,75;192,75;-22,0625;172,53125;191,8125;171,78125;126,84375;353,03125;77;146,90625;52,90625;64;120,9375;141,96875;4,59375;117,03125;241,375;129,53125;260,9375;100,8125;68,65625;178,9375;-10,5;-59,5;21,03125;125,3125;164,4375;-58,875;34,65625;23,625;19,34375;167,84375;54,46875;108,0625;
12,03125;-158,9375;199,71875;-26;78,75;-38,71875;126,59375;-104,96875;185,46875;-122,3125;164,6875;44,0625;95,0625;306,8125;-135,71875;-46,84375;-20,09375;86,5625;-73,40625;14,625;53,625;52,40625;58,875;-64,46875;-317,125;-197,3125;185,78125;-73,125;-124,6875;-139,125;35,75;-41,0625;122,34375;-24,28125;211,9375;162,9375;-152,0625;3,65625;-52,59375;-97,6875;4,53125;49,65625;86,6875;115,59375;-3,3125;312,28125;59,125;-0,1875;-101,78125;89,125;36,09375;111,46875;47,0625;284,15625;12,84375;154,0625;195,3125;-131,65625;-69,875;75,71875;88,65625;-178,28125;-12,96875;32,96875;79,0625;156,59375;121,75;133,5;207,875;117,09375;122,34375;78,25;69,21875;-30,40625;117,03125;-64,375;184,15625;249,5625;36,625;35,3125;155,375;58,53125;100,09375;47,25;-11,71875;-84,0625;-56,71875;24,0625;24,3125;251,625;32,1875;-13,5625;171,75;392,96875;198,34375;127,71875;408,375;23,625;-25,34375;173,5625;219,71875;368,625;461,03125;560,09375;753,90625;1011,65625;892,3125;1117,21875;764,96875;699,875;310,65625;139,0625;147,3125;418,09375;166,65625;504,46875;725,03125;1235,46875;1524,46875;2169,625;2527,5;2831,46875;2968,34375;2939,3125;3492,1875;3091,3125;2750,90625;2430,28125;2028,28125;1757,0625;1674,8125;1791,09375;1767,40625;2127,25;2831,6875;3032,625;3799,3125;4439,40625;4653,40625;4623,59375;4462,9375;4267,15625;3780,375;3424,3125;2948,71875;2760,65625;2360,71875;2066,625;2024,125;2310,15625;2336,75;2590,78125;2799,15625;3293,375;3587,25;3884,84375;3961,59375;3957,5625;4123,96875;3667,96875;3503,21875;3032,375;2292,34375;2052,0625;1366,125;1012,46875;558,5;656,90625;700,8125;486,375;616,03125;550,75;329,5625;385,59375;215,28125;162,90625;76,5;-17,625;19,34375;112,5625;-6,625;257,8125;149,65625;235,9375;65,125;-50,03125;140,96875;32,34375;248,75;750,96875;992,625;1196,59375;1606,21875;1929,625;2074;2141,28125;2176,5;2033,6875;2275,09375;2077,84375;1725,84375;1808,1875;1857,71875;1721,65625;1419,5;1443,65625;1191,09375;785,96875;413,90625;512,34375;350,3125;266,03125;182,78125;211,46875;297,0625;214,875;133,28125;-59,125;-135,84375;-164,125;243,53125;58,28125;-63,1875;243,15625;-117,25;-175,28125;-102,15625;-102,40625;17,15625;-84,28125;-162,4375;-90,65625;75,46875;157,1875;248,09375;-94,0625;-25,0625;15,5;200,25;68,5;117,03125;13,875;-60,65625;-134,25;35,15625;-17,34375;142,65625;32,1875;142,875;137,0625;2,6875;9,125;-56,4375;-39,9375;-98,0625;153,03125;61,25;139,96875;-21,46875;16,09375;52,09375;69,78125;176,15625;125,40625;53,3125;-62,34375;-15,59375;248,5;-0,03125;71,84375;197,4375;86,71875;56,4375;-76,125;8,125;-260,1875;-42,875;-139,78125;82,84375;115,4375;23,4375;-58,25;94,96875;-208,0625;109,3125;99;34,40625;-55,40625;252,46875;62,71875;107,625;152,84375;-46,53125;234,625;-103,6875;186,125;125,3125;191,125;-78,6875;35,40625;130,0625;132,65625;34,21875;171;46,1875;-92,4375;136,21875;31,0625;-105,03125;104,46875;-95,25;134,03125;41,6875;46,21875;139,59375;13,03125;-35,4375;425,375;-15,8125;22,09375;
244,34375;119,78125;156,875;141,28125;115,5;42,25;274,1875;26,9375;-49,8125;-27,8125;102,34375;59,375;105,5625;334,625;302,625;31,53125;92,90625;93,625;-44,03125;173,25;158,25;42,5625;2,59375;184,03125;297,3125;408;51,3125;220,5625;72,25;372,65625;125,3125;196,0625;79,71875;358;90,8125;166,125;68,34375;235,46875;203,59375;66,53125;230,96875;150,34375;161,25;72,96875;314,65625;103,6875;159,65625;411,25;208,5;47,71875;107,78125;270;207,875;149,65625;42,40625;51,875;216,6875;174,53125;275,125;224,21875;155,71875;138,3125;355,5625;339,84375;334,78125;54,15625;118,09375;141,65625;262,71875;201,5;460,75;269,875;91,125;237,90625;218,40625;285,21875;200;315,28125;162,96875;36,59375;278,28125;110,875;430,96875;241,9375;125,875;271,1875;164,25;-20,78125;147,46875;273,71875;186,375;141,625;321,875;360,75;171,15625;286,8125;466,1875;153,90625;143,34375;30,1875;309,84375;322,65625;321,90625;637,125;935,34375;1187,5;1105,75;1154,34375;777,0625;766,59375;303,0625;349,65625;242,28125;445,625;660,65625;690,96875;999,03125;1234,1875;1647,75;2120,15625;2812,6875;3083,75;3588,71875;3732,0625;3492,25;3422,625;2995,96875;2582,65625;2421,09375;2095,84375;2035,25;2102,6875;2151,0625;2438,65625;2890,15625;3434,09375;4000,53125;4390,875;4878,8125;4916,46875;4889,0625;4601,5625;4061,71875;3567,71875;3263,71875;2920,6875;2549,90625;2318,03125;2324,5625;2511,28125;2568;2717,5;3212,78125;3293,375;3941,1875;4069,5;4168,8125;4048,53125;4166,34375;3978,40625;3642,15625;3379,25;2486,8125;2107,71875;1542,53125;1054,78125;860,90625;608,4375;332,78125;511,78125;716,21875;696,8125;548,5;379,65625;439,0625;255,71875;265,09375;192,125;188,8125;57,1875;281,0625;171,90625;172,78125;229,6875;214,78125;16,65625;215;302,3125;278,875;629,59375;1060,65625;1298,4375;1936,3125;2180,40625;2536,3125;2374,6875;2278,125;2185,3125;2077,09375;2105,84375;1966,3125;2011,40625;1981,15625;1700,90625;1587,03125;1495,625;1155,6875;1023,90625;841,21875;540,59375;412,3125;272,0625;327,8125;301,90625;248,875;62,03125;98,125;179,1875;272,65625;88,40625;230,71875;123,375;157;-123,03125;185,75;118,46875;113,125;0,65625;116,75;-38;91,3125;138,09375;-37,09375;122,4375;415,96875;186,90625;20,8125;38,875;106,09375;-101,9375;62,40625;-110,6875;136,40625;183,71875;136,9375;164,71875;81,90625;184,21875;67,65625;205,5625;233,40625;133,96875;342,15625;-19;326,5625;210,90625;8,15625;-69,65625;185,5625;101,09375;148,5;-3,625;299,25;386,75;180,625;5,96875;158,5;80,09375;53,375;101,75;-34,8125;146,9375;90,375;193,65625;271,125;248,8125;199,75;162,78125;177,1875;205,71875;8,9375;9,25;177,90625;139,40625;292,25;98,78125;-22,03125;177,6875;132,15625;290,46875;6,90625;260,84375;46,0625;344,90625;239,75;218,40625;258,46875;321,9375;309,71875;293,75;81,4375;94,875;230,90625;155,5625;133,4375;135,71875;175,59375;260,78125;-60,5;35;171,6875;199,15625;99,34375;104,28125;317,59375;-82,8125;239,9375;239,28125;169,5625;6,28125;
135,5;227,53125;300,34375;132,875;60,03125;67,8125;176,5;1,15625;-9,5625;59,40625;142,6875;96,5625;57,25;-92,0625;174,3125;-38,3125;-57,21875;5,6875;240;172,15625;287,75;87,875;-7,8125;9,59375;-8,15625;89,59375;64,53125;92,5;134,84375;5,5625;53,03125;147,0625;186,875;-218,3125;-34;-6,9375;37,4375;-46,53125;166,25;93,0625;65,3125;88,28125;-15,4375;174,78125;103,65625;99,15625;146,46875;76,03125;199,03125;67,09375;-98,34375;208,15625;284,375;317,59375;93,71875;-57,375;-4,65625;192,8125;-95,875;-41,9375;140,46875;272,8125;374,71875;235,78125;212,875;39,3125;80;191,15625;165,3125;248,125;105,5;152,5625;48,125;177,5;264,84375;103,84375;-17,75;36,53125;131,25;40,625;88,34375;96,21875;168,125;213,28125;2,875;172,28125;172,125;18,625;208,6875;110,25;93,625;196,09375;81,5;164,3125;286,96875;194,59375;227,71875;384,15625;195,125;53,1875;220,9375;506,71875;483,4375;864,3125;1061,28125;1254,28125;868,46875;1044,34375;1098,34375;734,65625;388,875;447,40625;230,78125;276,1875;310,625;521,4375;870,09375;1228,15625;1624,3125;2049,34375;2676,65625;3185,4375;3361;3712,71875;3631,3125;3471,03125;3110,5625;2974,34375;2482,34375;2209,53125;2033,125;2162,65625;2375,78125;2459,15625;2951,9375;3570,1875;4141,1875;4733,53125;5091,71875;5129,78125;5043,65625;4662,375;4155,28125;3514,96875;3595,09375;3143,375;2733,90625;2569,15625;2271,0625;2430,46875;2642,25;2868,90625;3317,4375;3598,28125;3852,5;4013,9375;4385,875;4253,375;4223,5625;4117,125;3743,3125;3316,90625;2697,46875;2257,3125;1611,1875;1043,03125;805,875;636,90625;502,625;778,40625;737,125;476,25;600,40625;431,59375;207,28125;111,5625;307,09375;161,71875;49,59375;134,8125;119,9375;59,40625;76,0625;258,25;14,4375;155,46875;94,65625;163;289,53125;446,75;994,6875;1540,8125;1846,71875;2173,90625;2271,71875;2419,25;2413,125;2384,09375;2129,125;2248,625;1934,28125;2100,625;1781,1875;1928,78125;1682,3125;1589,71875;1160,15625;1222,125;856,3125;421,59375;299,46875;-147,21875;279,5625;214,71875;416,9375;232,90625;101,34375;325,40625;86,5625;290,21875;-37,21875;54,5625;53,875;56,75;128,1875;-2,03125;-12,4375;87,1875;-58,65625;-23,21875;0,21875;212,59375;164,21875;156,15625;49,46875;155,34375;145,34375;79,71875;252,5;-219,28125;-91,90625;27,125;-139,5;-141,0625;140,53125;188,25;256,78125;254,25;328,78125;173,375;245,40625;64,90625;73,0625;-21,75;115,8125;90,59375;105,6875;247,375;-94,8125;122,28125;18,28125;68,15625;351,84375;104;14,3125;-15,9375;150,4375;332,375;187,96875;174,1875;245,6875;43,09375;38,0625;183,1875;124,25;-102,96875;165,25;119,75;230,96875;153,1875;147,6875;221,40625;89,71875;272,71875;104,75;120,4375;6,5;63,1875;174,5;43,15625;130,90625;34,4375;-176,53125;194,1875;-2,21875;216,65625;-85,09375;-84,96875;248,8125;90,25;177,375;195,3125;2,1875;179,25;-36,65625;73,53125;160,0625;53,75;-41,46875;248,71875;183,21875;149;175,71875;49,59375;112,78125;183,0625;129,5625;165,28125;-211,90625;1,40625;
234,59375;208,78125;124,0625;257,40625;109,65625;324,25;274,15625;333,65625;134,78125;134,40625;310,5625;142,71875;190,75;211,34375;30,65625;169,65625;177,375;100;181,5625;-111,78125;114,84375;161,21875;138,21875;237,59375;236,5625;248,21875;371,375;252,125;192,75;54,625;171,84375;224,03125;186,6875;204,59375;384,4375;351,40625;252,09375;447,34375;121,28125;378,125;230;177,21875;177,46875;234,25;118,40625;198,75;82,75;243,65625;170,28125;428,28125;240,9375;131,03125;218,375;295,75;335,53125;295,0625;315,9375;202,25;201,59375;273,40625;183,96875;201;278,5;257,9375;315,25;368,3125;441,46875;262,03125;297,5625;279,5625;451,84375;255;361,09375;211,25;294,46875;332,84375;420,9375;245,46875;168,25;377,21875;209,03125;379,25;302,90625;258,03125;149,96875;245,65625;468,25;270,375;39,09375;49,25;281,4375;242,09375;257,03125;427,125;572,5625;518,28125;513,25;473,59375;564,5;252,09375;312,3125;568,75;659,6875;794;1014,125;1120,71875;1131,59375;1241,9375;1172,375;924,84375;838,96875;470,15625;489,625;502,21875;535,65625;721,53125;1302,5;1515,46875;1822,9375;2272,65625;2911,1875;3441,3125;3578,59375;4060,125;3811,5625;3825,59375;3512,875;3069,5625;2863,84375;2717,34375;2262,65625;2318,65625;2278,34375;2623,71875;3178,34375;4072,90625;4437,375;4963,40625;5150,125;5329,90625;5229,25;4895,84375;4642,84375;4242,78125;3599,8125;3369,9375;3096,84375;2726,5;2574,5625;2652,78125;2794,3125;3057,71875;3543,71875;3832,78125;4141,59375;4405,65625;4555,78125;4710,59375;4738,1875;4582,53125;4291,875;3649,59375;2914,375;2389,75;1683,46875;1279,09375;896,46875;688,8125;595,15625;644,9375;883,125;829,46875;731,1875;657,625;391,03125;111,09375;276,4375;377,8125;425,96875;136,125;327,9375;177;204,59375;22,25;335,65625;221,71875;342,84375;274,65625;455,125;793,34375;1232,15625;1705,875;2151,59375;2605,0625;2466,28125;2654,25;2796,375;2266,84375;2561,375;2441,65625;2524,21875;2081,5625;2303,75;2029,90625;1961,90625;1686,53125;1398,5;1137,96875;923,0625;687,28125;527,1875;230,875;219,65625;228,84375;332,71875;383,375;215,59375;327,875;310,25;22,125;204,65625;171,875;-7,0625;-9,40625;127,21875;288,21875;88,03125;227,59375;-38,3125;-4,0625;298,1875;199,78125;358,59375;364,75;119,15625;175,1875;240,4375;211,125;117,09375;236,46875;97,03125;55,0625;163,875;280,09375;220,65625;247,46875;330,59375;41,46875;412,71875;188,71875;361,40625;277,34375;329,78125;231,90625;-80,3125;62,53125;218,34375;274,40625;171,625;335,03125;148;332,96875;387,6875;138,625;510,78125;400,75;141,40625;141,5;177,0625;98,65625;341,25;443,90625;305,78125;142,40625;339,90625;222,71875;21,15625;154,5;145,90625;152,40625;359,0625;55,71875;48,875;239,28125;240,84375;340,8125;369,875;134,84375;294,6875;-31,78125;298,375;123,65625;159,8125;204,8125;282,5625;310,96875;315,28125;169,40625;332,09375;272,03125;248,84375;207,96875;373,5625;280,75;318,03125;139,9375;167,25;301,3125;83,28125;276,75;206,8125;426,4375;191,125;174,46875;314,5;398,75;220,90625;260,21875;232,71875;189,90625;
-12,125;35,28125;220,21875;65,6875;65,21875;242,65625;150,75;-29,375;0,6875;75,09375;53,21875;109,65625;206,5625;13,75;11,1875;33,34375;-3,40625;-41,25;49,71875;52,53125;147,25;161,625;130,65625;-70,34375;286,1875;41,125;-93,6875;192,8125;-0,59375;91,9375;40,21875;105,03125;13,4375;-40,65625;129,25;46,875;143,96875;108,625;360,71875;-48,5625;-50,09375;-60,6875;173,09375;116,46875;-20,84375;-181,34375;38,71875;168,84375;154,125;143,875;13,375;79,46875;7,375;64,375;28,03125;179,21875;-77,53125;65,625;-15,15625;126,0625;-13,78125;105,34375;117,34375;72,21875;87,75;183,71875;349,125;210,53125;57,09375;237,65625;181,6875;89,5;51,71875;281,0625;-53,875;76,90625;-23,40625;25,59375;129,28125;253,90625;12,5;149,90625;285,4375;115,71875;-94,46875;206;-136,5625;189,21875;115,21875;110,09375;77,1875;276,25;361,65625;306,5625;367,65625;517,40625;422,1875;236,03125;235,28125;267,03125;307,375;312,25;481,375;759;965,90625;1293,09375;1015,34375;977,96875;958,5625;690,3125;609,78125;332,15625;381,09375;133,65625;344,09375;589,03125;966,59375;1211,90625;1636,03125;2260;2992,25;3461,09375;3725,46875;4177,15625;3922,90625;3669;3460,5625;2983,84375;2715;2362,6875;2050,84375;2374,8125;2319,8125;2850,90625;3160,34375;3606,90625;4512;5064,46875;5012,1875;5346,84375;5213,03125;5149,6875;4564,4375;4112,03125;3597,71875;3421,8125;2956,625;2653,78125;2700,65625;2735,4375;2908,84375;3031,5;3442,53125;3880,34375;4106,9375;4653,1875;4645,03125;4537,71875;4830,125;4475,15625;4198,5;3789,3125;3133;2318,75;1669,1875;1120,28125;688,71875;569,0625;464,65625;607,25;702,125;754,96875;742,40625;496,28125;297,46875;200,0625;183,3125;71;-144,46875;-125,125;344,875;254,625;185,5625;94,5;-134,6875;64;-14,40625;30,125;187,875;834,5;1268,96875;1676,125;2174,09375;2576,15625;2484,25;2333,1875;2426,53125;2469,75;2418,5625;2080,46875;2152,65625;2057,71875;2020;1885,75;2008,96875;1692,1875;1515,15625;980,625;710,34375;286,75;304,21875;364,8125;392;351,6875;238,96875;55,65625;123,5;53,15625;-74,78125;305,9375;21,6875;-122,5625;-15,5625;127,90625;170,125;46,5;100,0625;153,84375;-101,4375;-26,65625;48,21875;-18,5625;342,53125;-77,90625;84,09375;396,4375;155,46875;105,53125;57,65625;-123,34375;18,40625;101,59375;92,28125;66,75;-123,75;0,78125;133,71875;283,25;58,9375;62,09375;40,15625;74,125;207,90625;57,375;7,5;231,96875;112,28125;55,25;-14,84375;159,65625;165;170,5;78,78125;256;242,09375;115,53125;-97,15625;70,03125;42,65625;-6,8125;33,5;148,0625;136,90625;96,875;91,4375;40,03125;1,71875;-67,15625;15,75;151,625;53,25;301,65625;134,0625;342,5;397,21875;255,46875;172;240,53125;23,5;111,09375;25,53125;122,53125;239,875;6,65625;216,125;165,75;342,6875;48,4375;-93,53125;60,9375;-174,84375;108,34375;243,09375;-14,9375;52,3125;-61,6875;43,53125;-47,9375;157,71875;247,59375;0,8125;-9,28125;62;-37,6875;56,3125;-115,03125;-16,0625;192,6875;3,375;85,78125;
177,75;-56,53125;152,53125;229,125;80,15625;439,8125;129,46875;194,46875;237,75;368,03125;476;276,75;390,71875;100,21875;303,3125;221,5;282,0625;461,75;94,125;183,28125;314,6875;200,84375;129,625;97;412,09375;-8,75;294,03125;218,3125;105,65625;193,5625;128,5625;220,21875;252,4375;130,96875;132,3125;379,53125;15,78125;417,375;180,8125;175,96875;230,71875;262,09375;195,34375;287;105,3125;259,78125;226,40625;391,3125;205,4375;302,34375;-50,625;283,8125;211,03125;277,71875;283,28125;213,8125;146,9375;130,5;218,875;247,15625;158,25;201,375;222,53125;130,34375;167,15625;283,59375;315,53125;297,25;349,03125;269,09375;390,71875;438,53125;22,0625;113,125;302,5;320,78125;237,34375;101,65625;155,53125;397,46875;160,59375;175,21875;13,84375;284,59375;117,96875;336,65625;118,625;357,875;281,375;226,4375;238,875;346,875;365,59375;378,59375;517,34375;481,1875;492,6875;418,875;466,15625;321,53125;330,25;492,8125;668,125;877,6875;970,03125;1277,65625;1296,75;1213,78125;997,1875;709,25;516,25;713,65625;609,28125;261,3125;310,90625;670,46875;644,375;1384,5;1902,96875;2361,09375;2895,40625;3434,1875;3882,0625;4078,8125;3962,375;3971,125;3505,3125;3093,71875;3018,03125;2634,90625;2262,59375;2337,40625;2422,4375;2953,78125;3551,1875;3997,25;4660,1875;5143,15625;5658,53125;5393,84375;5487,75;5172,96875;4846,53125;4385,0625;4064,65625;3746,40625;3278,75;2937,53125;2818,46875;2790,40625;2820,15625;3269,46875;3646,5625;4028,125;4334,9375;4406,625;5256,75;4983,65625;4834,3125;4803,6875;4382,8125;3983,0625;3285,96875;2556,75;1695,46875;1421,78125;1016,8125;769;722,5625;764,125;772,53125;823,65625;774,1875;682,125;465,25;300,3125;160,625;166,84375;177,84375;217,03125;364,28125;273,71875;339,875;291,96875;310,34375;314,40625;101,71875;405,3125;459,5;844,03125;1272,40625;1559,875;2142,4375;2534,59375;2774,9375;2779,34375;2678,65625;2571,59375;2362,09375;2366,75;2241,40625;2317,3125;2148,0625;2336,4375;2170,59375;1838,53125;1415,75;1026;887,71875;699,90625;386;427,46875;424,875;400,40625;378,84375;263,6875;222,28125;277,875;233,34375;168,34375;115,8125;266,46875;285,8125;146,0625;18,65625;224,65625;137,4375;98,34375;49,59375;198,625;422,8125;75,9375;129,59375;121,53125;336,4375;164,625;260,125;287,375;146,65625;230,71875;184;120,5625;163,125;71,0625;248,65625;344,09375;267,4375;-26,34375;194,34375;144,34375;322,9375;221,25;92,1875;170,09375;245,8125;164,90625;96,8125;156,375;300,90625;125,875;235,46875;230,6875;445,8125;359,71875;544,875;187,34375;158,4375;262,75;136,875;447,09375;263,375;188,21875;411;262,96875;275,59375;203,15625;227,0625;249,78125;218,46875;308,28125;260,375;509,625;131,78125;174,4375;241,40625;217,65625;269,625;136,6875;239,78125;155,0625;64,96875;222,09375;409,625;215,28125;421,90625;298,15625;399,46875;369,96875;213,6875;261,71875;394,53125;132,125;160;127,34375;256,1875;378,15625;110;183,9375;139,25;290,28125;228,375;72,15625;186,1875;222,4375;213,15625;65,25;146,53125;216,875;291,96875;224,34375;
137,65625;43,40625;304,875;166,15625;119,53125;-4,96875;152,0625;42,40625;280,53125;16,5625;113,78125;29,125;238,28125;177,65625;188,875;-13,5625;40,5;-129,21875;293,65625;154,84375;156,75;-75,53125;12,1875;-8,625;140,90625;119,84375;-172,46875;382,46875;-104,46875;232,3125;99,28125;43,53125;150,28125;27,09375;89,71875;233,90625;94,1875;32,53125;265,40625;17,28125;185,65625;276;291,375;69,4375;20,78125;74,25;-6,3125;30,71875;215,125;224,125;205,03125;231,5;201,59375;190,3125;44,9375;146,34375;50,84375;237,09375;323,8125;116,53125;84,09375;173,03125;268,15625;75,71875;291,46875;176,6875;132,25;138,375;29,40625;-60,84375;183,96875;195,5;168,65625;334,6875;133,5625;212,59375;218,1875;114;-59,375;29,3125;100,09375;-34,625;179,71875;198,6875;155,71875;291,90625;128,875;-123,34375;-25,03125;30,65625;5,5625;320,3125;304,15625;310,90625;465,6875;348,5625;266,9375;279,0625;105,21875;319,0625;330,40625;273,21875;512,28125;822,8125;827,71875;1062,15625;896,9375;1055,46875;825,40625;688,46875;672,875;279,6875;516,40625;274,875;297,90625;685,53125;976,5;1336,96875;1914,03125;2375,125;2866,90625;3428,21875;3864,03125;4127,28125;4209;3577,15625;3309,71875;3071,71875;2705,15625;2634,34375;2566,25;2520,53125;2459,09375;2868,3125;3646,21875;4060,71875;4719,09375;5173,0625;5661,15625;5922,03125;5517;5380,9375;5062,03125;4567,0625;4139,75;3868,8125;3443,1875;3152,125;2854,46875;2912,3125;2960;3070,0625;3577,84375;3877,5;4261,375;4718,84375;4712,09375;4883;5100,625;4689,40625;4379,28125;3886,75;3200,9375;2503,84375;1922,53125;1299,8125;874,625;943,03125;799,46875;777,46875;662,6875;564,5625;650;549,09375;579,75;273,5625;291,75;141,21875;307,4375;172,28125;138,03125;170;213,9375;103,25;144,375;254,21875;253,125;201,0625;516;762,3125;1126,78125;1932,84375;2316,5625;2334,1875;2863,25;2840,5;2464,3125;2378,71875;2463,3125;2444,15625;2496,28125;2208,6875;2454,4375;2061,625;2111,75;1831,25;1434,4375;1293,75;818;466,65625;468,6875;174,875;373,40625;429,625;117,90625;372;267,40625;156,4375;-90,53125;142,8125;96,59375;5,03125;62,59375;127,0625;-49,375;-27,75;-42,34375;224,46875;33,59375;183;304,28125;283;274,0625;275,5;391,625;239,8125;104,65625;217,0625;143,375;-24,9375;-125;27,75;143,34375;178,625;171,4375;47,53125;160,375;338,34375;292,5;62,96875;36,8125;64,8125;273,375;69,40625;64,78125;109,375;28,21875;293,40625;171,03125;177,84375;294,90625;128,5;426,84375;275,875;285,9375;267,75;179,875;116,40625;194,0625;259,59375;167,59375;103,78125;276,8125;191,28125;107,15625;425,5625;32,75;317,90625;66,03125;246,3125;140,40625;245,5625;261,71875;126,09375;-47,90625;-21;121,0625;173,875;188,75;186,28125;134,4375;144,90625;168,84375;217;279,5;216,4375;126,53125;162,15625;243,5625;27,15625;-34,59375;186,5625;288,09375;190,46875;-65,6875;191,03125;212,09375;143,21875;27,46875;198,59375;155;173;134,03125;139,875;298,75;87,53125;215,875;248,90625;171,09375;134,75;
223,125;331,34375;90,1875;140;237,25;301,6875;174,40625;215,5;347,78125;183,25;369;112,03125;125,1875;270,46875;112,875;59,375;154,09375;89,65625;433,46875;254,0625;215,1875;101,90625;18,09375;217,375;393,5;64,03125;193,25;26,1875;-30,5625;271,96875;250,3125;28,5625;83,28125;273,6875;165,625;123,6875;146,65625;208,25;143,75;195,5625;270,625;174,59375;120,0625;147,1875;152,09375;8,28125;124,1875;263,09375;125,84375;257,25;349,6875;206,84375;137,375;305,71875;289,65625;245,96875;-17,0625;93,625;199,40625;98,6875;313,78125;102,84375;109,40625;243,09375;350,03125;209,59375;112,96875;271,75;171,0625;207,875;376,25;212,25;340,15625;182,28125;296,3125;394,09375;178,40625;435,0625;133,3125;283,4375;236,34375;171,875;87,4375;-43,59375;176,1875;243,40625;256,875;314,84375;273,6875;72,84375;319,9375;187,34375;390,90625;303,3125;275,8125;506,125;477,53125;301,53125;580,90625;312,71875;359,15625;435,53125;650,15625;760,15625;1030,34375;1071,46875;1294,96875;1138,15625;1118,09375;922,28125;511,09375;605,125;328,84375;526,21875;430,1875;681,84375;891,625;1128,96875;1850,5625;2367,125;3172,875;3540,75;3777,25;4000,53125;4056,9375;3797,4375;3325,25;3107,34375;2886,90625;2532,75;2671,84375;2537,75;2481,75;2846,21875;3545,75;4138,65625;4744,03125;5363,59375;5668,4375;5777,09375;5804,4375;5637,28125;5140,90625;4759,25;4244,8125;4007,0625;3399,03125;3333,875;3031,3125;2779,875;3096,59375;3305,15625;3801;3925,6875;4563,375;4685,75;4975,34375;4994,875;4875,96875;4828,03125;4553,03125;3884,90625;3211,84375;2534,21875;1723,46875;1428,90625;976,125;864,1875;783,75;771,90625;643,59375;693,9375;931,5625;632,1875;440,0625;431,34375;52,65625;221,84375;234,1875;372,5;335,90625;193,28125;343,0625;211,875;456,96875;225,40625;121,96875;195,5;514,09375;751,34375;1234,34375;1908,71875;2346,34375;2507,5625;2822,8125;2874,5;2750,59375;2624,71875;2634,03125;2544,1875;2533,25;2575,65625;2306,4375;2391,875;2196,875;1977,8125;1511,90625;1199,71875;802,75;593,625;435,71875;397,6875;399,40625;276,21875;191,6875;462,875;234,375;72,03125;171,46875;221,875;61,84375;153,28125;128,59375;233,65625;49,875;68,28125;-87,3125;39,09375;41,8125;82,21875;141,4375;137,8125;226,71875;105,46875;233,8125;76,625;135,5;307,46875;123,125;113,0625;226,6875;109,09375;165,1875;115,71875;184,40625;-11,0625;313,0625;329,875;198,4375;182,25;332,34375;275,4375;379,84375;194,875;186,125;101,125;78,25;146,9375;356,3125;262,96875;212,15625;298,28125;264,1875;395,8125;485,21875;262,09375;264,90625;430,09375;3,09375;117,90625;219,8125;538,9375;22,21875;386,21875;222,28125;210,5625;312,09375;252,5;30,28125;238,46875;141,65625;426,25;309,375;125,84375;311,71875;409;310,71875;509,625;261,09375;421,96875;344,9375;69,375;366,8125;182,71875;52,625;485,5625;335,65625;247,15625;425,5625;170,90625;222,75;329,09375;139,125;213,3125;127,28125;77,96875;305,25;206,96875;109,5625;204,5625;215,90625;332,1875;249,46875;151,4375;353,9375;236,59375;159,65625;419,34375;205,78125;310,375;
359,21875;11,625;528,125;188;250,28125;125,15625;341,125;242,46875;309,53125;126,40625;390,9375;134,5625;134,09375;308,8125;323,34375;374,28125;299,3125;160,375;248,84375;271,625;55,96875;147,9375;239,53125;188,21875;42,125;408,65625;128,15625;140,8125;26,59375;375,125;273,25;168,625;217,84375;188;18,5;306,625;190,875;117,3125;159,3125;165,8125;395,9375;316,09375;275,90625;335,90625;442,5;294,8125;161,53125;226,34375;215,96875;345,5625;318,3125;403,4375;293,625;115,75;239,9375;157;343,1875;263,90625;169,625;185,34375;41;321,28125;242,9375;375,9375;536,09375;553,03125;298,375;255,03125;161,84375;159,4375;205,09375;198,9375;252,15625;409,46875;136,375;317,5625;362,1875;250,15625;217,3125;127,5;306,9375;254,34375;463,5625;64,3125;444,875;294,09375;245,9375;106,84375;247,03125;122,21875;124,09375;329,3125;197,875;435,46875;223,84375;564,125;668,1875;626,15625;294,84375;270,15625;47,71875;449,75;570,21875;959,03125;1118,59375;839,96875;1228,34375;1229,90625;977,53125;1090,65625;591,96875;763,65625;558,25;344,90625;605,09375;529,9375;670,34375;1246,84375;1638,4375;2147,46875;2947,03125;3380,1875;3738,375;3739,84375;3917,84375;3954,375;3551,75;3275,59375;3013,1875;2614,9375;2493,65625;2371,15625;2516,59375;2829,4375;3379,53125;4061,71875;4682,90625;5383;5507,875;5913;5885,34375;5529,78125;5138,09375;4667;4494,875;4017,4375;3702,90625;3216,09375;3144;3243,875;2927,09375;3241,78125;3529,46875;3868,125;4229,34375;4773,65625;4924;5233,96875;5169,28125;5086,78125;4538;3970,46875;3588,25;2682,40625;2204,96875;1430,90625;1028,125;821,53125;793,3125;758,625;781,25;784,625;815,40625;571,75;450,71875;621,21875;398,09375;343,4375;195,46875;253,6875;300,21875;213,28125;356,78125;197;314,09375;174,75;140,1875;376,84375;531,90625;735,84375;1549,78125;1841,59375;2097,1875;2639,46875;2791,25;2754,84375;2710,375;2617,0625;2450,5625;2584,40625;2348,34375;2512,625;2564,46875;2396,375;2194,8125;1956,375;1256,75;1051,9375;942,28125;451,34375;366,78125;387,84375;345,5625;446,0625;78,375;194,625;275,9375;198,65625;-50,5625;101,3125;157,5625;177,4375;160,375;205,03125;141,40625;57,3125;154,5625;78,8125;331,59375;276,125;-21,71875;361,03125;72,6875;373,53125;314,09375;150,90625;131,71875;78,28125;89,34375;164,96875;67,3125;21,03125;143,84375;-51,84375;196,34375;130,03125;155,28125;332,15625;313,78125;194,03125;397,34375;165,71875;26,65625;205,71875;358,71875;305,875;129,84375;208,3125;201,6875;406,625;386,0625;395,75;201,125;380,875;395,09375;365,75;214,75;323,65625;269,46875;196,34375;274,28125;239,71875;301,59375;314,78125;195,28125;197,40625;286,34375;201,21875;161,125;205,15625;385,65625;261,09375;276,3125;335,90625;211,78125;66,375;312,375;256,9375;283,6875;320,21875;199,15625;296,75;108,03125;141,875;305;531,46875;277,125;370,375;172,125;214,21875;380,96875;303,375;111,59375;141,9375;234,40625;145,65625;261,8125;319,75;176,03125;406,34375;274,59375;147,90625;300,78125;202,78125;396,3125;278,4375;221,875;50,03125;333,25;247,21875;
408,625;292,65625;479;349,8125;247,5;278,5;238,8125;487,40625;359,125;350;145,03125;49,21875;357,5625;367,375;229,03125;343;194;418,59375;273,28125;378,65625;225,375;312,15625;199,3125;353,28125;426,25;135,40625;293,90625;244,96875;136,46875;202,3125;130,71875;273,28125;149,78125;133,9375;148,15625;288,75;150,46875;283,34375;339,5;225,1875;296,59375;65,34375;262;440,5625;334,09375;436,0625;319,3125;478,84375;453,8125;242,46875;419,84375;192,5625;430,96875;299,9375;301,65625;211,09375;516,90625;277,53125;354,25;409,15625;191,15625;186,5;419,03125;295,84375;129,78125;192,03125;153,125;210,40625;385,75;504,6875;252,5625;212,09375;186,625;367,9375;276,03125;392,28125;396,75;313,375;106,25;382,75;366,9375;304;220,3125;369,09375;309,15625;384,28125;185,59375;378,8125;341,75;261,34375;379,90625;425,1875;432,21875;451,875;601,40625;617,46875;562,59375;473,625;332,09375;274,46875;509,34375;412,09375;821,78125;809,15625;1218,5625;1234,75;1137,09375;1279,40625;982,5625;808,625;683,34375;525,03125;443,84375;508,71875;528,09375;857,625;875,40625;1139,21875;1682,53125;2323,375;3112,3125;3466,53125;3773,3125;3935,3125;4079,125;3892,34375;3796,0625;3551,25;3006,75;2586,59375;2569,75;2639,90625;2734,53125;3149;3806,0625;4066,53125;4833,1875;5187,21875;5585,25;5970,90625;5594,8125;5664,625;5164,90625;4911,3125;4650,34375;4035,75;3869,875;3285,71875;3217,5;3150,34375;3007,875;3479,3125;3609,25;3846,5;4253,5625;4771,5;4896,90625;5063,71875;5317,28125;5224,5;4664,9375;4611,3125;3589,125;2925,875;2016,8125;1385,78125;1002,59375;921,90625;665,5;974,21875;909,21875;891,84375;956;646,28125;541,59375;394,125;605,75;372,25;325,90625;264,6875;155,6875;64,75;255,4375;179,5625;99,28125;422,53125;370,125;532,28125;694,375;965,53125;1465,5625;1804,1875;2372,9375;2596,53125;2917,9375;2875,375;3005,875;2761,125;2738,28125;2796,25;2428,375;2500,59375;2607,65625;2535,6875;2495,0625;2023,5;1708,90625;1204,5625;1131,4375;738,8125;648;303,25;368,625;245,5;417,25;396,03125;389,8125;158,3125;316,8125;151,71875;93,71875;160;405,5;84,40625;210,6875;320,71875;347,6875;223,46875;164,78125;211;367,5;184,25;615,625;343,84375;311,625;164,0625;332,53125;211,28125;236,21875;113,28125;149,34375;-54,1875;254,375;235,6875;365,8125;230,3125;219,28125;392;386,65625;430,21875;269,46875;357,625;200,09375;207,09375;177,21875;171,46875;375,5625;362,5;355,25;218,34375;400,3125;451,6875;353,5;170,28125;396,6875;480,625;313,59375;108;225,375;387,9375;375,96875;320,46875;289,375;103,25;87,5;274,90625;265,1875;14,8125;269,6875;299,0625;395,96875;333,59375;229,375;290,28125;341,84375;488,9375;430,96875;416,90625;258,71875;373,8125;264,28125;455,03125;453,53125;452,71875;458,28125;501,46875;396,3125;370,03125;324,3125;226,5;459,25;309,78125;392,65625;292,8125;383,53125;204,9375;476,5625;431,125;261,84375;431,84375;469,78125;266,0625;242,0625;359,40625;412,28125;221,6875;421,84375;290,59375;256,125;332,46875;
303,5;253,1875;165,59375;311,03125;451,65625;279,53125;453,34375;81,9375;192;215,8125;264,65625;77,15625;392,75;42,5625;351,4375;125,09375;314,6875;231,21875;122,875;149,375;161,71875;38,875;161,0625;361,0625;167,6875;277,1875;288,28125;164;291,09375;228,375;223,6875;86,375;127,6875;101,6875;169;253,1875;138,03125;260;16,125;148,65625;267,34375;501,375;213,28125;136,15625;348,375;369,0625;200,53125;183,96875;268,03125;130,40625;256,9375;215,4375;305,40625;221,4375;272,96875;183,6875;234,9375;228,46875;240,78125;375,71875;100,78125;179,9375;182,40625;109,9375;172,5;114,875;251,375;356,8125;159,96875;205,875;194,5625;184,0625;237,03125;338,21875;203,75;80,65625;332,90625;294,5;28,65625;221,25;44,53125;161,375;30,65625;243,96875;333,28125;165;49,03125;231,71875;87,71875;227,21875;367,3125;239,09375;416,9375;453,34375;461,4375;614,0625;499,28125;635,09375;172,15625;220,875;502,0625;504,0625;608,59375;801,15625;1184,90625;1250,96875;1264,40625;998,75;1030,125;890,03125;718,25;432,21875;453,0625;550,90625;394,5625;441,625;811,96875;1092,15625;1756,46875;2135,625;2653,125;3468,90625;3786,4375;4098,0625;4130,5;3951,9375;3637,53125;3164,1875;3011,34375;2757,03125;2582,9375;2640,34375;2765;2867;3408,6875;4095,65625;4626,09375;5142,96875;5406,59375;5630,125;5709,71875;5682,5;5391,96875;5029,09375;4658,90625;4095,21875;3987,875;3289,6875;3131,28125;3115,03125;2918,15625;3256,46875;3503,71875;3781,5;3839,1875;4402,875;4938,625;5111,25;5157,1875;5203,75;4837,96875;4175,96875;3818,875;2699;2092,78125;1477,03125;1010,46875;588,46875;767,40625;634,625;719,375;667,8125;451,5625;603,71875;592,6875;505,25;338,5;194,5;349,3125;325,625;282,03125;274,53125;251,28125;172,34375;265,0625;189,34375;391,625;251,46875;404,25;951,78125;1230,65625;1825,09375;2449,21875;2733;2872,65625;2893,5625;2894;2715,875;2657,53125;2506,3125;2742,25;2648,875;2801,03125;2548,09375;2536,71875;1973,0625;1572,0625;1355,9375;757,0625;425,75;467,9375;188,34375;311,3125;293,96875;249,96875;318,03125;113;311,8125;248,25;118,75;163,1875;129,6875;156,84375;277,40625;166,3125;-65,5625;3,71875;67,125;110,15625;312,78125;292,09375;359,84375;334,125;144,875;291,84375;289,84375;188,09375;-92,125;137,125;180,90625;-43,90625;227,40625;-13,15625;-16,5;65,75;125,5625;138,96875;346,65625;232,78125;395,3125;234,5;309,59375;178,9375;-80,3125;-45,25;83,53125;319,59375;114,125;121,4375;390,1875;213,8125;393,28125;308,375;261;252,0625;196,96875;171,03125;174,34375;291,03125;223,03125;388,6875;302,53125;252,96875;353,03125;303,5;195,46875;198,6875;359,03125;225,375;178,21875;254,90625;-116,875;382,1875;343,4375;54,03125;237,21875;251,65625;143,625;176,375;444,21875;221,9375;289,875;262,90625;247,46875;133,25;64,5;314,21875;165,9375;295,6875;217,15625;122,4375;274,8125;276,09375;193,90625;259,40625;251,03125;111,53125;19,15625;298,125;112,90625;195,375;41,96875;374,5;219,46875;248,21875;141,5;473,1875;157,78125;361,0625;251,96875;
213,40625;-36,21875;217,65625;77,6875;166,9375;381,46875;188;335,96875;279,625;246,5;81,90625;136,3125;413,59375;164,53125;136,5625;185;226,21875;170,21875;140,90625;300,1875;166,03125;-51,03125;177,15625;295,0625;118,5625;186,15625;375,3125;340,4375;263,625;270;299,53125;124,09375;17,15625;242,5625;45,34375;202,625;114,25;385,59375;219,59375;82,90625;176,34375;248,875;13,84375;353,90625;178,03125;165,78125;293,34375;235,40625;115,84375;164,03125;252,71875;209,90625;164,59375;248,84375;192;137,75;272,1875;167,0625;208;128,5;132,96875;221,125;181;223,96875;117,6875;123,375;138,46875;118,1875;286,90625;162,5625;110,9375;194,34375;66,96875;162,8125;385,53125;176,1875;236,28125;173,8125;117,15625;320,1875;241,28125;331,8125;311,15625;204,4375;161,21875;282,21875;181,25;222,25;120,125;34,46875;171,875;263,09375;379,90625;417,09375;459,3125;588,9375;870,53125;402,3125;448,40625;441,125;291,9375;471,84375;556,0625;725,84375;1174,28125;1138,53125;1127;1151,84375;995,875;867,15625;718,84375;504,53125;509,96875;543,28125;332,3125;370,5;784,09375;1183,46875;1576,5;2203,09375;2969,6875;3237,46875;3559,8125;4005,5;4241,25;3949,1875;3587,53125;3290,15625;2974,9375;2694,78125;2516,28125;2532,9375;2789,25;3113,375;3412,9375;4073,25;4659,9375;5086,78125;5252,46875;5690,25;5750,15625;5691,21875;5451,84375;5232,15625;4805,3125;4406,78125;3980,90625;3277,71875;3367,375;3140,375;2969,03125;3058,375;3258,125;3706,9375;4288,53125;4796,15625;5086,46875;5056,65625;5293,71875;5126,34375;5106,03125;4335,34375;3491,78125;2712,375;1976,5;1277,1875;928,125;600,03125;546,15625;668,53125;400,40625;601,625;554,28125;643,46875;428,78125;409,25;86,875;236,75;187,84375;351,90625;157,5;166,75;287,6875;34,28125;233,1875;86,21875;147,125;102,1875;464,59375;852,875;1325,0625;1892,5625;2295,03125;2566,5625;3075,46875;2864,1875;2875,9375;2670,78125;2822,375;2911,125;2867,0625;2681,28125;2650,03125;2593,65625;2447,90625;1955,3125;1352,03125;1176,5;756,4375;621,75;559,90625;356,71875;261,96875;256,75;264,15625;327,34375;219,4375;185,59375;228,9375;8,8125;247,5625;234,65625;182,5;162,34375;118,28125;199;355,84375;245,3125;109,46875;177,03125;293,1875;254,84375;294,1875;224,65625;114,3125;390,34375;314,28125;140,53125;-49,84375;20,5625;-38,5625;107,96875;84,03125;160,46875;95,28125;338,1875;142,5;374,0625;232,25;269,0625;124,03125;280,625;304,59375;313,28125;136,78125;317,34375;33,3125;250,4375;299,28125;387,96875;267,0625;214,25;497,84375;230,53125;278,96875;249,71875;215,25;26,9375;352,1875;243,40625;335,59375;13,21875;169,40625;301,5;274;145,59375;173,8125;211,0625;219,34375;187,53125;123,6875;217,65625;169,15625;229,90625;213,875;231,625;239,8125;133,53125;85,15625;153,78125;199,34375;376,5625;587,84375;101,03125;236,5625;303,40625;396,21875;296,15625;297,78125;297,625;352,625;184,5625;251,4375;167,40625;151,40625;386,96875;133,6875;101,625;371,6875;9,25;80,875;182,78125;344,8125;369,96875;377,40625;270,1875;403,21875;430,21875;-83,4375;33,875;
210,03125;192,75;68,34375;107,625;165,15625;13,84375;200,5625;-18,78125;206,84375;24,5;56,34375;110,46875;123,9375;100,09375;119,875;-74,9375;347,59375;85,4375;8,5625;8,78125;62,5;30,96875;245,8125;-47,4375;34,59375;154,65625;151,71875;109,3125;135,8125;44,34375;-24,125;-23,75;63,65625;132,375;299,90625;193,3125;96,625;99;399,65625;73,5;290,25;287,375;100,96875;283,65625;98,25;6,34375;146,25;197,625;-29,8125;43,0625;34,84375;120;75,875;124,6875;286,6875;-37,03125;54,75;317,21875;152,28125;259,84375;107,90625;-138,6875;105,03125;-4,875;137,9375;198,15625;185,78125;232,125;145,90625;10,34375;22,75;66,28125;218,625;-10,28125;186,1875;133,6875;-101,625;121,03125;196,4375;304,40625;312,40625;191,59375;173,1875;185,28125;108,96875;76,90625;29,0625;-89,90625;-39,625;246,46875;146,75;27,375;242,96875;378,5;455,65625;339,90625;469,09375;343,9375;175,375;230,25;297,09375;334,9375;512,96875;666,40625;857,09375;972,53125;990,53125;999,53125;982,34375;958,375;653,46875;414,90625;338,96875;231,375;316,625;367,78125;588,09375;974,3125;1521,5625;2053,25;2687,28125;3243,09375;3718,53125;3925,65625;3922,5;3806,71875;3709,46875;3326;3045,125;2670,4375;2445,0625;2739,84375;2579,5625;2865,375;3632,9375;4098,875;4615,28125;4941,1875;5501,125;5521,84375;5585,5625;5779,15625;5453,15625;5251,59375;4701,84375;4450,125;3951,375;3571,9375;3090,1875;2933,8125;3037,75;2963,0625;3338,96875;3548,1875;4002,1875;4473,15625;4806,0625;5105,21875;5092,96875;5067,6875;4756,625;4286,1875;3590,6875;2659,78125;1945,53125;1525,0625;821,75;360,03125;506,34375;440,96875;424,03125;608,03125;381,125;427,1875;616,96875;197;246,96875;173,28125;213,40625;252,65625;98,71875;63,34375;-8,625;163,125;194,84375;-9,46875;208,0625;116,96875;212,4375;866;1451,375;1863,71875;2358,96875;2768;2764,09375;2864,75;2662,40625;2771,65625;2838,75;2681,75;2732,625;2708,03125;2620,78125;2482;2167;1872,5625;1582,625;1189,59375;804,34375;364,03125;323,34375;18,3125;217,90625;130,3125;110,34375;83,96875;155,4375;213,25;150,78125;0,65625;10,71875;76,03125;125,96875;87,5625;-77,09375;-12,71875;-8,375;-15,96875;-45,0625;142,0625;70,09375;257,65625;75,59375;373,78125;254,6875;136,625;-13,9375;134,75;-34,6875;114,53125;-59,875;-54,8125;73,34375;-235,84375;195,53125;-1,8125;-23,71875;110,90625;6,75;67,625;264,3125;150,96875;-60,96875;175,5;53,96875;-87,46875;97,09375;199,09375;125,6875;210,53125;289;66,65625;381,5625;144,75;76,03125;200,375;41,6875;60,9375;33,90625;3,25;185,40625;224,34375;153,5625;90,28125;-84,25;-48,5625;30,3125;-17,21875;96,625;110,125;213,5;43,46875;105,71875;279,90625;-42,25;-121,0625;195,28125;51,625;215,34375;-11,4375;187,125;70,75;386,40625;284,5;303,3125;89,96875;162,28125;18,90625;139,125;-0,03125;54,625;369;-17,0625;18,28125;217,59375;107,59375;167,125;71,875;-91,34375;27,78125;137,21875;126,78125;133;69,75;151,21875;-90,34375;157,6875;205,40625;221,53125;146,96875;
211,84375;302,78125;360,9375;175,71875;228,4375;155,28125;161,03125;-51,28125;248,84375;151,8125;26,1875;184,375;343,34375;395,3125;203,96875;367,5;275,9375;229,59375;135,28125;260,40625;295,71875;220,84375;89,59375;191,25;40,625;304,90625;191,5;323,8125;248,96875;182,5;286,09375;364,1875;324,25;324,25;152,4375;322,46875;131,96875;418,125;330,34375;364,96875;39,03125;149,78125;67,4375;21,5625;238,78125;400,25;198,78125;340,28125;324,1875;7,90625;287,125;28,09375;294,125;122,5;176,5625;340,90625;197,5625;356,0625;244,4375;448,84375;116,21875;425,875;156,71875;245,8125;378,34375;260,4375;347,0625;228,9375;13,1875;206,53125;262,71875;492,875;207,65625;260,9375;310,53125;217,15625;187,75;293,3125;113,75;226,6875;172,6875;483,46875;171,4375;317,71875;87,9375;282,84375;173,4375;201,46875;497,375;333,1875;10,5;149,625;359,78125;279,34375;412,28125;401;697,59375;484,09375;449,8125;353,8125;171,8125;522,59375;647,59375;934,0625;984,5;1139,875;1349,0625;1253,40625;1044,28125;1054,375;831,3125;598,59375;701,125;458,4375;544,375;771,09375;930,6875;1232,40625;1636;2114,65625;2753,4375;3285,71875;3836,875;4213,21875;4343,1875;4078,59375;3736,21875;3464,75;3053,46875;3030,375;2796,125;3010,375;2986,28125;3155,84375;3520,46875;3972;4636,6875;5101,1875;5572,78125;5691,71875;5947,6875;5955,28125;5749,90625;5318,34375;5074,375;4694,8125;4310,8125;3964,625;3572,875;3229,75;3219;3327,46875;3516,21875;3941,5625;4419,59375;4379,46875;4986,21875;5380,65625;5495,0625;5395,53125;5122,1875;4719,1875;3838,21875;3082,125;1873,78125;1469,125;816,21875;745,1875;651,625;749,5625;705,40625;740,84375;682,15625;576,25;429,0625;275,25;315,21875;309,46875;149,125;-88,125;435,125;456,875;234,0625;382,1875;373,71875;240,9375;175,75;88,28125;548,25;991,5625;1532,625;2033,3125;2407,84375;2873,375;3082,03125;3096,5625;3124,8125;3024,6875;2924,875;2897,125;2723,34375;3025,03125;2922,6875;2751,84375;2500,34375;2210,84375;1757,1875;1425,21875;860,6875;413,5;494,125;304,1875;355,5625;275,65625;363,15625;59,15625;370,59375;421,9375;159,15625;165,96875;242,5;49,6875;256,3125;1,75;156,09375;63,9375;241,71875;-7,5625;197,15625;152,1875;175,9375;312,0625;408,15625;186,15625;381,8125;164,125;-40,1875;86,28125;153,1875;-152,875;324,90625;63,375;258,15625;359,09375;91,25;168,28125;202,5;200,53125;186,65625;356,625;125,6875;249;307,0625;128,375;202,3125;326,90625;211,40625;391,125;104,09375;380,71875;290,125;235;393,96875;344,78125;188,75;124,9375;213,71875;229,46875;284,8125;333,125;359,09375;338,78125;246,875;77,34375;428,90625;209,84375;372,90625;346,84375;246,5625;120,125;277,8125;403,59375;464,5625;259,125;380,03125;84,25;376,0625;198,28125;191,125;335,0625;124,96875;271,78125;342,125;160,53125;272,8125;358,21875;296,78125;159,59375;191,4375;378,5625;30,25;251,46875;210,53125;185,75;282,84375;35,625;378,65625;340,03125;475,15625;259;286,8125;-6,90625;224,875;342,8125;184;190,65625;368,09375;313,96875;107,375;253,28125;
226,4375;190,34375;135,3125;6,0625;228,4375;112,1875;249,9375;322,84375;111,25;362,84375;164,4375;213,90625;216,34375;404,40625;184,75;188,28125;102,53125;191,0625;167,3125;90,34375;331,65625;264,71875;153,125;64,125;34,21875;257,125;86;219,8125;170;53,3125;170,1875;18,90625;170,8125;54,625;338,53125;244,8125;155,96875;271,65625;226,09375;358,71875;90,25;269,46875;542,25;140,4375;255,28125;216,09375;142,15625;240,3125;189,96875;317,59375;231,25;174,1875;55,53125;139,25;-57,875;68,5625;60,3125;256,75;-9,15625;218,40625;127,125;168,40625;166,09375;226,5625;366,96875;190,90625;195,15625;232,5;207,28125;204,125;345,125;135,75;176,53125;209,6875;264,34375;361,59375;144,03125;-18,8125;139,03125;184,4375;56,78125;398,9375;267,90625;226,59375;205,8125;221,625;261,25;398,28125;253,375;3,34375;-57,65625;135,96875;302,5625;431,75;534,875;466,9375;513,40625;475,5625;349,78125;94,9375;279,5;551,78125;334,65625;709,1875;898,53125;1158,5;1116,5;1146,1875;1023,40625;681,90625;624,15625;607,21875;512,125;586,625;518,46875;567,125;911,1875;1217,78125;1593,71875;2136,4375;2884,03125;3348,125;3739,75;4248,65625;4371,21875;4121,46875;3853,28125;3582,59375;2979,21875;2960,3125;2710,90625;2710,9375;2922,65625;3418,21875;3493,5625;3918,8125;4574,21875;5032,3125;5307,4375;5787,09375;5999,21875;5791,03125;5482,28125;5547,59375;5135,21875;5004,125;4424,03125;3841,59375;3521,5;3334,28125;2962,53125;3420,8125;3590,5;4012,34375;4247,375;4450,78125;4878,15625;5227,6875;5460,25;5172,53125;5077,96875;4458,625;3867,46875;2865,3125;1993,03125;1297,125;692,78125;702,28125;544,71875;665,21875;599,5;724,875;514,90625;531,5;362,59375;511,25;345,625;291,28125;323;365,9375;362,53125;334,0625;99,875;32,84375;240,125;234,09375;144,53125;191,90625;674,96875;954,46875;1334,71875;1947,71875;2452,78125;2855,25;2795,8125;2986,15625;2900,625;2958,3125;2898,96875;2828,25;3039,96875;2962,625;2925,21875;2909,875;2382,03125;2095,3125;1609,1875;1170,15625;649,28125;379,40625;449,78125;88,0625;314,21875;237,9375;277,375;152,90625;163,4375;-71,75;219,75;239,875;-19,625;32,6875;45,28125;71,8125;-8,9375;-31,125;310;2,90625;-28,03125;227,09375;0,75;189,8125;159,34375;396,03125;243,625;197,71875;48,28125;200,09375;180,96875;90,75;144,28125;15,375;73;185,28125;73;248,25;61,9375;253,3125;408,96875;305,6875;110,6875;320,375;115,90625;30,3125;63,0625;196,21875;152,4375;345,375;275,15625;-29,96875;163,5;228,875;274,25;215,125;178,875;398,5625;103,90625;229,15625;93;244,1875;222,46875;199,4375;195,8125;165,4375;163,65625;272,125;266,40625;389,28125;217,28125;206,40625;330,5;186,65625;173,53125;-8,4375;119,125;126,9375;47,375;275,375;280,25;223,21875;337,96875;306,5;154,4375;393,40625;85,8125;117,78125;104,0625;262,28125;277,25;277,59375;418,125;295,90625;159,8125;17,21875;282,1875;196,6875;223,65625;215,75;169,125;233,125;327,625;437,15625;120,75;294,3125;283,9375;433,34375;193,8125;207,4375;311,375;247,875;
417,875;265,71875;298,34375;303,125;359,03125;348,15625;292,25;90,03125;309,9375;308,375;202,25;464,46875;151,5;180,78125;374,46875;377,1875;278,90625;384,1875;349,96875;234,625;441,15625;323,5625;250,8125;386,78125;640,9375;206,1875;281,8125;217,34375;207,34375;283,96875;400,9375;160,65625;89,875;218,84375;458,84375;381,375;413,34375;344,9375;257,15625;321,03125;376,03125;415,125;379,65625;215,71875;297,15625;481,28125;468,5;392,96875;402,71875;344,71875;460,40625;161,6875;405,15625;303,125;270,96875;231,375;314,78125;384,75;233,46875;195,40625;331,65625;461,5625;222,4375;282,78125;315,71875;464;276,6875;398,53125;463,1875;616,90625;281,09375;471,875;481,21875;425,46875;403,875;310,125;194,6875;532,1875;464,8125;225,4375;354;489,96875;374,03125;378,0625;431,1875;112,4375;594,34375;350,4375;388,8125;339,15625;288,5625;307,125;329,9375;230,125;600,59375;781,90625;629,875;621,71875;597,28125;532,875;508,0625;539,96875;563,46875;749,1875;966,96875;1249,4375;1337,375;1395,5625;1382,1875;1180,78125;620,84375;567,90625;765,28125;514,4375;506,34375;715,125;995,53125;1226,5;1863,15625;2048,34375;2828,21875;3324,4375;4095,40625;4269,625;4417,03125;4298,1875;3977,28125;3729,75;3387,21875;3101,5;3073,09375;3088,75;3208,28125;2934,40625;3715,25;4312,5625;5142,8125;5357,78125;5730,375;5926,875;6076,15625;6077;5951,65625;5754,75;5510,90625;5063,25;4537,84375;4242,90625;3736,25;3338,09375;3519,46875;3755,84375;3555,9375;4263,6875;4371,1875;4781,84375;5325,75;5557,78125;5605;5544,6875;5389,25;4682,84375;3917,5625;3132,78125;2241,28125;1580,9375;1047,1875;826,34375;634,8125;831,46875;915,375;704,9375;651,5625;584,84375;653,5;421,09375;249,65625;517,125;424,875;361,625;289,4375;394,3125;249,5625;263,6875;383,40625;151,03125;323,6875;454,84375;666,125;1105,375;1802,9375;2074,96875;2824,96875;2949,84375;3311,65625;3262,8125;3388,125;3299,8125;3114,59375;3221,75;3189,59375;3151,46875;3129,65625;2853,78125;2477,625;2190,8125;1952,71875;1339,0625;828,46875;593,9375;409,96875;294,96875;352,03125;177,6875;249,8125;273,5;282,96875;421,5;256,5625;214,46875;110,90625;158,9375;330,25;455,9375;414,34375;298,9375;184,46875;314,625;432,75;362,46875;516,84375;438,46875;380,96875;309,875;389,4375;481,9375;432,625;211,09375;350,03125;343,75;302,78125;288,375;265,59375;536,34375;116,09375;298,8125;291,5625;358,34375;337,53125;352,0625;229,125;248,53125;371,03125;230,3125;283,71875;185,5;278,71875;247,71875;202,6875;306,15625;269,0625;519,875;415,40625;214,1875;189,15625;485,65625;495,4375;352,75;330,15625;167,3125;325,15625;374,5;580,90625;250,78125;444,65625;476,125;353,5625;420,53125;456,09375;328,53125;603,21875;436,78125;376,96875;418,75;279,53125;537,59375;356,625;247,1875;505,96875;306,625;379,75;535,84375;374,1875;421,5625;454,875;426,84375;463,5;353;383,8125;219,65625;427,84375;302,5625;237,5625;293,65625;632,21875;496,53125;431;167,3125;423,25;406,3125;288,90625;599,875;367,75;341,09375;367;351,6875;473,375;334,46875;291,0625;399;
120,84375;-60,28125;277,625;192,40625;252,9375;587,40625;153,1875;211,5;186,34375;-116,84375;121,5625;160,625;406,25;373,90625;236,125;60,65625;149,34375;177,65625;65,40625;160,3125;138,15625;278,6875;47,59375;222,1875;265,65625;253,75;176,25;159,28125;68,96875;369,5;342,71875;317,71875;237,65625;303,09375;439,40625;328,34375;112,28125;310,78125;190,59375;303;216,5625;265;101,09375;45,1875;184,59375;213,96875;173,15625;26,375;166,78125;232,125;118,5;185,71875;52,84375;120,59375;244,8125;151,96875;265,59375;235,59375;199,8125;259,6875;241,59375;177,28125;304,8125;200,28125;189,28125;196,03125;184,9375;164,71875;240,3125;90,75;11,3125;77;320,96875;151,90625;106,71875;279,59375;35,53125;117,34375;81,5625;300,6875;405,25;453,71875;168,84375;75,40625;56,09375;176,71875;148,96875;389,5;352,125;19,59375;245,65625;48,5;165,65625;232,34375;556,6875;405,40625;586,625;371,625;476,96875;312,46875;124,59375;560,34375;529,78125;569,125;877,65625;1099,625;1106,40625;1360,875;1219,03125;911,0625;972,46875;426,03125;453,8125;325,40625;497,28125;524,78125;783,875;1313,75;1538,71875;2260,125;3026,21875;3268,21875;3776,28125;4159,15625;4153,65625;4024,46875;3796,90625;3536,21875;3278,03125;2877,625;2756,09375;2773,21875;2896,375;3294,125;3580,15625;4087,8125;4469,75;5085,65625;5445,90625;5780,5625;5988,59375;6226,4375;5987,96875;5644,875;5340,28125;4909,21875;4894,375;4078,875;3717,21875;3326,75;3441,9375;3374,375;3600,875;3761;4044,75;4592,84375;5131,96875;5337,125;5554,3125;5687,5;5399,6875;4642,21875;3788,5;2938,5625;2092,1875;1405,28125;621,3125;604,0625;534,78125;576;432,40625;381,5;567,4375;388,375;413,84375;303,78125;223,75;175,03125;235,34375;260,90625;58,53125;129,71875;187,84375;217,125;217,9375;119,25;46,4375;365,75;633;910,96875;1353,59375;2225,78125;2364,4375;2909,375;2954,78125;3024,46875;3197,875;2969,84375;2958,625;2998,8125;3094,875;3036,8125;3233,5;2727,8125;2507,71875;2250,21875;1734,3125;1262,03125;852,53125;570,6875;346,0625;271,71875;275,3125;263,53125;211,09375;177,8125;236,21875;59,3125;178,5;142,5;408,9375;41,90625;49,5;-60,65625;54,9375;-215,15625;150,96875;29,53125;90,375;94,0625;75,03125;245,40625;201,3125;307,375;252,65625;86,34375;242,71875;85,71875;120,5625;-35,9375;112,65625;128,15625;145,46875;162,5;76,71875;41,65625;173,25;95,125;137,46875;109;151,0625;336,34375;312,90625;149,96875;340,34375;221,53125;121,0625;179,625;144,21875;348,125;321,90625;293,53125;439,03125;306,3125;119,84375;339,03125;224,375;317,8125;173,71875;285,8125;-22,75;197,25;68,53125;165,21875;273,09375;288,5;380,59375;104,6875;503,4375;234,09375;190,84375;130,28125;114,25;409,53125;190,0625;114,875;405,65625;247,65625;192;183,75;117,125;326,28125;322,28125;215,5625;190,28125;130,375;167,5625;180,09375;154,375;26,875;462,09375;275,03125;339,78125;338,71875;207,59375;263,5625;308,28125;226,28125;487,40625;166,1875;364,28125;89,71875;263,9375;159,9375;303,34375;348,3125;160,3125;210,3125;284,4375;120,0625;
224,875;194,15625;192,40625;300,375;275,28125;95,28125;51,75;305,09375;39,71875;46,09375;35,28125;296,0625;264,96875;142,03125;302;274,5;283,75;321,90625;58,46875;256,1875;-17,28125;374;151,90625;76,75;364,90625;141,21875;195,84375;248,59375;182,5625;438,96875;224,53125;284,25;273,78125;274,3125;199,25;417,84375;170,5625;47,125;226,78125;259,34375;276,53125;332;339,6875;143,65625;93,8125;407,46875;364,9375;294,625;188,5;230,25;429,78125;330,25;215,125;328,1875;245,6875;241,78125;19,8125;369,8125;441,21875;101,84375;149,28125;310,65625;341,21875;281,75;151;223,09375;316,5625;330,53125;318,0625;6,6875;217,09375;114,5;280,375;358,15625;51,5;268;218,21875;256,75;210,28125;185,625;342,3125;73,90625;339,875;132,71875;235,1875;368,75;154,5;336,5625;200,34375;207,875;176,90625;329,09375;220,15625;429,59375;354,4375;655,125;468,75;397,34375;471,4375;421,5;292,90625;485,96875;641,03125;781,125;1027,90625;1211,28125;1499,5;1385,875;1296,5;1189,28125;966,34375;825,09375;737,40625;510,40625;390,25;529,65625;729,53125;1125;1522,4375;2099,28125;2756,1875;3587,28125;3875;3958,8125;4105,875;4154,5625;4107;3588,4375;3215,78125;2938,75;2954,3125;2797,15625;3074,59375;3302,78125;3741,5;4193,125;4909,53125;5221,8125;5616,0625;5801,46875;5774,46875;6048,75;5811,96875;5778,65625;5641,9375;5170,8125;4602;4201,21875;3949,4375;3639,1875;3400,125;3224,03125;3529,25;4014,9375;4245,5;4530,21875;5040,125;5505,96875;5737,5;5676,625;5178,65625;4586,25;3935,375;3015,1875;2180,375;1533,65625;857,71875;506,59375;513,5;580,65625;638,375;745,46875;671,875;509,375;523,03125;431,25;349,09375;42,8125;101,125;197,21875;488,40625;430,84375;326,875;282,28125;136,84375;267,15625;286,40625;384,34375;678,40625;997,625;1839,5625;2008,375;2616,03125;2910,75;3109,9375;2972,34375;3153;2895,90625;3286,34375;3005,40625;3105,625;3164,8125;3062,59375;3038,125;2662,375;2086,5;1794,15625;1258,4375;777,1875;485,34375;453,5;554,53125;282,40625;341,15625;170,46875;189,0625;303,375;186,25;157,8125;359,3125;258,9375;310,25;272,125;175,59375;117,1875;290,8125;85,21875;-142,71875;329,75;246,28125;396,125;334,15625;369,1875;415,6875;500,25;236,15625;209,90625;364,25;308,6875;181,84375;117,125;248,46875;33,1875;381,5625;137,46875;235,25;374,53125;276,25;227,21875;225,96875;286,125;125,875;195,40625;327,875;178,75;246,25;424,28125;287,375;253,25;350,96875;372,3125;425,90625;260,53125;263,15625;372,96875;211,75;268,8125;307;476,84375;325,40625;463,3125;424,1875;324,96875;224,125;405,71875;284,3125;450,71875;406,125;594,875;422,40625;484,40625;259,15625;369,15625;226,125;267,21875;227,75;341,9375;280,15625;334,5625;347,9375;399,25;262,3125;400,75;509,40625;326,84375;399;345,09375;255,8125;273,59375;265,9375;176,90625;256,90625;218,53125;364,125;491,15625;325,8125;204,40625;299,34375;296,3125;136,5;327,03125;94,375;176,0625;301,15625;465,34375;350,09375;417,15625;270,34375;395,09375;127,09375;
317,4375;263,53125;193,71875;202,15625;176,78125;266,25;209,9375;212,1875;150,21875;437,125;315,375;283,625;189,34375;326,90625;475,90625;329,1875;109,03125;405,6875;268,09375;264,34375;367,90625;378,96875;376,4375;235,3125;412,34375;175,21875;362,28125;106,09375;192,0625;401,375;210,28125;164,65625;499,375;177,96875;428,09375;337,75;244,34375;555,96875;343,75;278,375;480,5625;285,0625;348,90625;353,65625;421,25;549,90625;179,03125;498,59375;369,28125;374,34375;450,71875;445,65625;262,3125;310,65625;439,71875;272,1875;511,65625;426,5;387,71875;255,0625;207,0625;217,53125;297,25;383,375;303,875;164,21875;20,15625;310,5625;306,1875;376,90625;280,25;255,75;278,21875;347,28125;69,96875;254,71875;157,3125;247,96875;215,0625;284,53125;185,65625;36,9375;232,1875;516,59375;301,875;141,4375;455,1875;228,0625;406,65625;129,5625;86,75;190,3125;275,875;470,09375;624,875;474,53125;750,09375;518,25;614,59375;305,40625;472,09375;466,8125;635,5625;816,5;1130,40625;1166,4375;1346,3125;1446,40625;1352,875;1039,875;895;752,84375;401,53125;424,5;528,0625;670,3125;888,3125;1266,5625;1671,34375;1855,625;2689,1875;3345,15625;3421,53125;4141,09375;4253,53125;4252,53125;4054,25;3683,3125;3379,40625;3162,21875;2822,78125;3034,25;3150,8125;3527,46875;3577;4278,5625;4967,03125;5449,84375;5647,84375;5947;6138;6109,28125;6022,5625;5931,21875;5689,96875;5300,25;4856,0625;4298,53125;3908,875;3592,96875;3550,46875;3350,9375;3715,25;3776,09375;4367,1875;4810,25;5263,46875;5710,3125;5894,84375;5720,65625;5287,46875;4754,5;3928,375;3071,53125;1934,75;1202,59375;880,90625;616,375;535,34375;484,5625;674,375;590;478,40625;523,5625;336,4375;342,4375;462,25;280,0625;253,28125;478,46875;357,09375;384,59375;470,625;424,75;357;339,65625;375,84375;423,9375;680,75;1127,4375;1781,25;2317,59375;2749,09375;3016,65625;3032,1875;3253,34375;3177,625;3235,28125;2894,28125;3083,875;3188,03125;3135,875;3394,375;2944,375;2664,25;2233,25;1719,21875;1311,78125;892,28125;658,4375;302,4375;161,40625;235,09375;401,90625;265,25;412,28125;264,25;303,875;118,5;51,625;303,84375;130,53125;157,4375;71,25;96,875;170,625;50,46875;212,09375;199,8125;283,0625;259,6875;479,6875;491,5625;280,28125;106,03125;178,46875;290,3125;175,125;314,96875;143,71875;71,5;110,78125;133,96875;183,125;189,0625;83;229,90625;252,96875;271,375;334,375;385,75;218,34375;215,5;330,53125;191,9375;220,40625;92,1875;198,46875;216,28125;362,53125;329,5;465,4375;260,0625;273,28125;341,09375;333,75;248,34375;196,875;184,4375;485,3125;328,21875;298,625;313,65625;360,375;285,84375;369,15625;343,90625;384,46875;413,40625;391,34375;378,65625;364,03125;165,15625;279,40625;398,21875;345,1875;352,21875;285,34375;454,90625;446,34375;227;325,90625;342,15625;352,5625;441,21875;479,3125;314,15625;146,46875;241,21875;466,15625;391,75;217,84375;323,78125;407,375;124,84375;350,25;266,5;188,875;253,25;362,96875;237,59375;381,34375;154,03125;318,03125;428,3125;238,0625;247,875;407,0625;423;486,125;
194,6875;225,625;376,90625;272,65625;162;105,5625;248,0625;212,5;235,34375;140,46875;295,8125;408,78125;225,4375;275,59375;30,4375;194,96875;164,15625;154,09375;246,03125;324,5;399,25;257,75;326,03125;569,03125;506,875;496,40625;292,15625;429,8125;436,6875;283,90625;380,09375;407,125;379,5625;399,71875;217,125;214,46875;208,28125;237,28125;334,84375;180,09375;227,0625;241,28125;397,53125;268,03125;392,625;431,09375;331,03125;243,375;557,28125;330,65625;248,65625;466,90625;477;232,0625;237,15625;333,71875;248,21875;533,9375;240,71875;44,53125;311,09375;430,09375;190,84375;236,46875;236,125;222,96875;336,28125;123,75;359,6875;374,21875;217,625;198,03125;233,4375;73,4375;371,71875;278,90625;254,375;340,5625;29,3125;424,59375;70,90625;73,46875;358,71875;225,78125;193,46875;383,6875;178,40625;328,84375;276,09375;307,75;181,09375;336,65625;257,40625;326,125;699,34375;522,28125;644,03125;737,90625;375,0625;259,15625;411,15625;331,78125;443,40625;838,0625;957,40625;1104,625;1235,6875;1297,59375;1318,34375;939,03125;859,78125;918,96875;502,8125;596,875;502,8125;810,96875;900,9375;1168,8125;1625,03125;2436,875;2855,84375;3312,5;3791,75;3980,84375;4134,15625;4190,78125;3986,90625;3769,40625;3384,875;3108,03125;3009,25;3280,90625;3242,125;3490,75;3830,59375;4246,875;4759,0625;5141,125;5669,71875;5814,78125;6313,75;6088,90625;6156,3125;6077,46875;5614,34375;5180,59375;4794,75;4429,09375;4110,1875;3768,9375;3408,75;3418,28125;3663,03125;3766,34375;4296,8125;4967,6875;4936,53125;5800,53125;5847,03125;5805,4375;5501,125;4927,96875;3830,96875;3010,40625;2166,21875;1272,3125;820,84375;511,1875;579,53125;717,28125;717;569,03125;696;490,5;396,625;522;390,75;318,4375;404,5;306,6875;298,4375;377,125;382;388,0625;152,46875;323,46875;484,4375;597,46875;821,90625;1215,125;1709,53125;2167,28125;2654,1875;2850,90625;3042,46875;3183,28125;3277,25;3169,90625;3163,8125;3189,0625;3320,125;3226,34375;3287,625;2810,4375;2594,5625;2083,96875;1631,34375;1152,6875;966,46875;588,90625;462,40625;161,53125;354,4375;259,9375;352,96875;238,21875;249,625;72,1875;100,34375;150,3125;102,53125;304,78125;162,21875;117,6875;132,875;341,34375;134,5;232,21875;194,59375;149,53125;-34,5;329,40625;235,84375;340,40625;327,3125;277,4375;258,71875;217,96875;241,15625;87,34375;134,34375;104,1875;338,34375;150,25;275,34375;98,46875;178,125;124,96875;243,09375;245,03125;230,40625;260,3125;295,34375;277,1875;252,9375;438,625;245,1875;413,34375;438,59375;359,75;429,15625;492,78125;405,625;438,15625;392,53125;336,0625;317;288,5;422,375;424,28125;302,21875;172;196,90625;382,875;212,40625;359,09375;436;413,5625;380;352,34375;244,75;469,75;245,0625;251,34375;246,9375;222,8125;216,5;304,78125;385,78125;309,125;40,6875;270;407,03125;359,53125;506,75;402,625;324,34375;416,59375;171,71875;202,625;291,84375;260,4375;222,4375;359,28125;351,0625;206,28125;439,28125;150,25;291,28125;200,78125;68,1875;441,875;291,96875;259,5;249,8125;236,25;444,78125;310,03125;270,875;149,5625;
428,34375;363,96875;321,5;515,75;470;336,71875;217,84375;345,28125;332,09375;465,84375;352,46875;436,25;469,4375;332,9375;307,84375;245,3125;316,03125;530,65625;409,84375;217,40625;353,375;423,6875;302,75;269,8125;270,78125;545,28125;269,59375;441,9375;471,40625;394,5625;427,90625;602,46875;451,5625;365,03125;448,03125;488,125;375,5;412;368,625;430,9375;267,09375;400,375;364,25;363,78125;513,9375;448,34375;456;372,09375;485,4375;446,09375;379,65625;477,15625;233,1875;710,4375;572,3125;162,125;530,5625;570,15625;474,46875;346,34375;563,90625;307,40625;506;509,78125;540,78125;217,625;290,4375;390,84375;415,75;415,4375;468,71875;281,71875;577,46875;603,09375;525,875;338,09375;347,84375;380,625;291,90625;491,3125;411,15625;430,125;463,875;339,375;545,8125;623,53125;657,21875;443,28125;531,75;257,875;460,53125;199,375;623,8125;649,1875;633,8125;918,0625;789,5625;746,40625;473,25;434;265,5625;509,34375;741,09375;728,34375;1048,03125;1228,4375;1407,53125;1536,90625;1420,75;1132,96875;1213,28125;822;761;764,875;758,90625;640,90625;1112,28125;1294,28125;1760;2204,5;2999,71875;3514,71875;3914,03125;4318,40625;4440,25;4314,21875;4184,375;3954,90625;3683,75;3309,53125;3174,34375;3318,1875;3316,125;3635,9375;4008,15625;4455,65625;4912,90625;5494,4375;5749,90625;6009,90625;6097,59375;6243;6410,9375;6036,40625;5904,6875;5594,4375;5310,0625;4650,84375;4170,84375;3781,59375;3599,4375;3427,1875;3626,46875;3907,71875;4262,15625;5015,09375;5518,96875;5896,46875;5974,21875;5869,75;5519,625;5000,5625;4014,125;3097,65625;2238,46875;1288,53125;882,03125;778,28125;486,3125;712,6875;631,875;710,03125;490,53125;610,0625;541,65625;411,1875;375,375;473,03125;403,1875;425,6875;516,65625;352,8125;204,09375;515,625;236,84375;21,5;289,84375;591,8125;723,84375;1423,59375;1910,375;2344,09375;2754,0625;3197,625;3221,5625;3249,8125;3158,21875;3219,84375;3227,21875;3328,875;3431,53125;3408,875;3300,96875;3230,78125;2801,6875;2340,3125;1908,75;1191,4375;829,21875;656,90625;311,15625;391,78125;302,40625;292,5625;314,03125;381,21875;430,6875;569,1875;230,5;515,0625;17,90625;174,375;48,6875;101,03125;-109,96875;393,59375;312,9375;137,59375;177,75;449,3125;243,34375;392,4375;483,46875;477,1875;423,5625;380,625;363,15625;246,25;326,625;215,4375;227,90625;425,78125;79,4375;173,34375;316,53125;372,25;350,375;280,40625;505,90625;273,4375;300,78125;253,9375;340;405,90625;83,875;384,15625;444,53125;201,8125;143,4375;503,40625;371,34375;564,5;416,46875;631,78125;529,40625;377,6875;598,59375;330,4375;502,34375;369,875;517,90625;421,0625;452,96875;237,03125;458;361,21875;431,28125;532,09375;459,5;566,0625;417,96875;292,75;326,46875;438,03125;390,03125;509,15625;640,71875;184,03125;310,0625;254,40625;524,6875;203,21875;358,53125;332,375;395,96875;342,5625;410,8125;334,1875;449,28125;458;370,875;472,625;491,15625;542,625;358,4375;281,15625;415,59375;507,15625;486,78125;122,375;464,8125;282,71875;381,75;392,78125;373,125;339,46875;555,59375;538,46875;328,34375;433,09375;
180,21875;78,4375;74,53125;309,125;44,9375;221,375;275,96875;-22,84375;184;147,71875;56,9375;143,09375;140,5625;131,9375;0,125;-143,21875;91,15625;61,25;252,09375;-21,28125;23,8125;50,03125;224,59375;169,9375;230,375;286,5625;431,5;111,34375;224,875;-22,03125;353,0625;275,21875;175,34375;137,03125;-25,625;197,15625;182,1875;71,3125;484,78125;142,25;258,25;193,0625;78,21875;151,5625;267,40625;319,6875;377,5;193,5625;137,84375;192,46875;334,6875;179,71875;91,15625;155,25;349;26,0625;105,75;22,1875;9,875;5,75;27,96875;79,03125;212,375;136,34375;228,4375;106,625;38,4375;144,875;-150,90625;222,34375;174,53125;35,78125;97,5;87;-42,34375;268,9375;69,75;63,28125;336,40625;104,1875;-32,3125;197,21875;171,28125;116,25;197,71875;267,5;313,46875;65,125;226,875;-24,53125;55,8125;-65,84375;102,84375;433,25;371,4375;485,1875;487,34375;694,5625;424,71875;460,03125;245,6875;288,15625;618,75;588,59375;683,25;1116,28125;1036,34375;1186,46875;1017,03125;999,71875;1044,90625;697,15625;530,96875;351,71875;316,5;504,75;916,875;1123,46875;1615,15625;2101,46875;2584,3125;3300,03125;3789,75;4095,0625;4124,46875;4244,59375;3886,25;3646,25;3536,34375;3144,1875;3154,28125;3240,09375;3073,9375;3481,71875;3624,09375;4201,875;4900,21875;5399,375;5487,90625;5947,875;5884,9375;6272,09375;6013,125;6010,875;5688,9375;5336,8125;5100,71875;4395,65625;4026,84375;3341,78125;3255,5;3331,8125;3209,6875;3531,125;4179,0625;4680,46875;5217,6875;5516,21875;5895,75;5826,75;5432,09375;4610,875;3978,25;2880,96875;2040,65625;1109,4375;907,28125;377,15625;367,25;370,5;293,6875;583,125;449,21875;436,8125;243,625;267,28125;165;17,71875;2,75;3,0625;104,28125;203,78125;240,96875;107,3125;53,9375;177,21875;272,59375;247,125;487,96875;1145,03125;1341,75;2206,84375;2422,53125;2864,25;3106,375;2982,21875;2895,0625;3101;3074,71875;3189,8125;3336,03125;3236,71875;3369,3125;3083,65625;2574,21875;1938,90625;1745,875;1146,75;863,75;240,15625;391,8125;295,8125;-25,28125;215,34375;270,71875;71,21875;121,375;73,84375;44,09375;-209,375;193,21875;171,6875;51;49,46875;-24,78125;25,8125;79,875;19,625;13,71875;200,96875;170,9375;219,875;111,03125;167,0625;168,0625;38,84375;13,6875;-26,5625;-54,625;140,625;208,78125;35,90625;98,75;-78,71875;44,34375;-20,4375;94,53125;292,09375;73,28125;-56,3125;243;238,3125;-109,6875;72,46875;256,0625;63,5;44,375;126,5;318,1875;249,875;375,0625;107,8125;199,1875;58,46875;81,21875;106,40625;-10,375;303,8125;6,625;325,21875;315,46875;-17,71875;230,5625;206,75;-41,34375;159,75;252,46875;206,21875;483,1875;185,125;114,34375;24,375;81;124,59375;25,84375;-68,34375;130,65625;178,40625;103,78125;118,40625;-9,6875;149,3125;243,625;197,125;254,96875;285,84375;9,625;189,75;241,375;346,75;59,625;134,375;147,65625;83;180,28125;92,3125;50,40625;258;246,65625;-10,03125;304,90625;59,46875;113,96875;32,90625;3,65625;296,6875;278,28125;84;153,90625;219,1875;
254,40625;464,71875;581,375;578,1875;204,65625;309,625;320,65625;251,71875;271,46875;204,21875;411,46875;437,9375;212,15625;395,3125;395,125;271,84375;297,8125;232,0625;144,65625;574,78125;328,59375;365,59375;376,25;253,9375;223,09375;391,3125;341,5625;448,9375;249,5;489,6875;85,4375;344,34375;508,78125;518,15625;401,65625;505,6875;423,125;407,125;427,90625;430,625;429,21875;391,4375;251,84375;461,15625;244,53125;224,65625;441,5;238,21875;338,1875;84,75;96,6875;259,53125;374;170,875;283,40625;309,59375;423,5625;230,78125;187,75;212,53125;254,6875;414,25;127,875;366,90625;387,53125;189,59375;189,71875;272;145,40625;94,25;117,8125;185,34375;481,90625;293,40625;495,125;259,21875;178,1875;436,21875;303,59375;440,34375;320,75;249,0625;184,28125;338,375;214,40625;304,40625;308,90625;284,8125;435,875;318,625;54,625;340,375;428,8125;470,375;673,65625;781,5625;655,28125;698,15625;383,78125;518,96875;365,03125;560,0625;390,25;732,40625;936,78125;996,8125;1501,625;1410,125;1480;1222,40625;1120,46875;930,90625;728,96875;679,59375;548,125;744,59375;1099,59375;1516,40625;1587,1875;2242,25;2999,28125;3460;3661,1875;4253,65625;4458,28125;4464,21875;3958,71875;3900,65625;3834,34375;3704,15625;3444,59375;3340,875;3531;3797,90625;4056,34375;4389,5;5045,625;5600,28125;5623,40625;6130,6875;6207,4375;6312,84375;6485,53125;6163,53125;6080,125;5509,25;4866,1875;4721,25;4355,375;3750,25;3666,6875;3550,03125;3504,25;3997,25;4330,15625;5178,0625;5520,03125;5895,78125;6123,4375;5987,21875;5782,125;5076,5625;4232,5;3092,59375;2044,09375;1561,9375;916,625;908,59375;597,5;663,53125;660;626,125;569,40625;777,40625;499,21875;275,03125;346,65625;320,65625;333,78125;243,78125;451,4375;343,28125;424,0625;476,375;496,78125;249,53125;236,78125;189,46875;754,21875;1222,6875;1958,03125;2301,1875;2802,28125;3124,90625;3317,53125;3298,875;3311,90625;3028,78125;3430,65625;3376,0625;3517,53125;3665,53125;3441,09375;3282,875;2844,6875;2069,90625;1792,65625;1237,75;677,59375;562,3125;322,5;419,71875;311,09375;368,03125;611,71875;357,15625;330,28125;290,65625;271,0625;194,5;231,75;303,0625;21,8125;-44,9375;207,40625;181,40625;247,3125;186,125;1,9375;334,90625;247,6875;398;299,28125;210,03125;371,6875;200,84375;334,59375;237,6875;262,15625;48,03125;209,03125;357,53125;343,53125;203,5625;233,96875;440,75;296,375;433;178,03125;323,34375;407,90625;392,46875;280,125;127,34375;182,6875;64,34375;206,8125;167;304,5;472,75;247,3125;295,4375;183,34375;430,71875;373,96875;249,34375;125,625;165,3125;304,78125;131,96875;130,28125;329,40625;232,75;189,28125;459,90625;406,0625;431,125;312,4375;286,09375;205,0625;413,96875;431,8125;94,15625;270,4375;181,46875;552,96875;294,71875;328,71875;302,75;536,96875;281,21875;389,375;410,1875;360,40625;493,4375;241,90625;496,5;387,125;436,5625;364,34375;366,34375;350,9375;303,65625;351,4375;315,125;454,75;420,46875;140,3125;434,0625;415,90625;329,71875;272,46875;194,90625;157,625;300,03125;435,25;470,46875;227,875;430,78125;176,21875;
24,75;12,21875;15,0625;213,90625;85,65625;1,0625;196,375;300,5;119,8125;131;227,3125;-13,90625;93,8125;39,59375;69,9375;220,125;111,3125;200,40625;12,5625;62,875;211,6875;146,75;73,09375;250,375;309,84375;-27,21875;265,09375;82,375;149,25;245,40625;16,625;342,40625;338,5;129;150,9375;185,28125;233,0625;151,46875;305,65625;375,6875;276,75;177,78125;89,8125;287,28125;448,40625;379,1875;283,8125;238,03125;112,375;110,03125;175,5625;64,5625;135,5;310,34375;218;73,0625;134,21875;128,9375;322,75;71,5;176,3125;219,25;121,15625;44,96875;78,59375;150,5;312,1875;150,59375;258,96875;271,4375;171,28125;152,28125;159,9375;38,65625;332,625;101,5;253,03125;279,0625;191,25;237,9375;170,15625;218,3125;252,875;258,125;298;411,59375;290,40625;208,8125;41,78125;1,46875;68,625;159,25;407,1875;161,0625;427,65625;653,96875;714,40625;456,78125;338,53125;581,78125;467,625;264,25;618,40625;625,78125;819,34375;1067,4375;1322,1875;1301,5;1571,34375;1231;994,03125;868,46875;710,8125;541,875;393,625;615,90625;942,90625;1328,65625;1833,125;2379,125;2786,5625;3337,15625;3807;4307,375;4615,03125;4396,21875;4297,5625;4134,25;3917,0625;3448,875;3379,53125;3378,53125;3345,375;3686,71875;3983,3125;4372,4375;5006,53125;5509,03125;5993,5625;5997,25;6323,4375;6447,5;6242,5625;6278,46875;6282,46875;5658,84375;5341,78125;4791;4174,125;3850,65625;3445,84375;3537,1875;3588,53125;4246,90625;4515,34375;5068,96875;5831,59375;5811,34375;6333,28125;6121,9375;6005,28125;5261,625;4158,53125;3148,84375;2086,21875;1351,875;961,84375;732,1875;544,78125;465,03125;580,875;639,84375;511,375;504,9375;262,46875;-102,46875;418,71875;212,75;286,4375;189,71875;128,53125;190,75;294,71875;255,8125;307,84375;94,21875;142,96875;348,03125;633,1875;1173,34375;1882,15625;2297,78125;2815,625;3064,375;3442,46875;3415,46875;3305,65625;3298,15625;3554,90625;3557,5625;3617,75;3717,8125;3416,5625;3148,40625;2742,5625;2224,78125;1694,59375;1110,59375;747,21875;389,03125;142;255,75;177,28125;283;304,90625;-1,59375;292,8125;211,15625;126,0625;238,5;230,125;71,34375;-3,75;-6,0625;159,8125;119;-53,84375;53,8125;132,75;182,6875;253,625;296,65625;224,15625;280,53125;470,625;130,1875;63,125;179,53125;27,59375;-231,8125;55,09375;58,78125;88,4375;191,90625;263,34375;87,71875;169;217,6875;82,21875;280,84375;395,9375;129,15625;228,875;313,1875;-47,09375;229,875;157,75;146,96875;323,84375;363,78125;317,125;255,875;344,5;235,65625;196,53125;169,90625;202,375;322,84375;259,65625;245,4375;291,75;101,875;189,625;134,25;62,75;285,75;50,46875;254,125;261,75;162,15625;191,46875;352,40625;263,8125;303,40625;256,46875;197,8125;186,875;449,59375;263,5;179,8125;347;449,21875;250,34375;253,875;329,78125;178,96875;110,84375;172,75;364,3125;196,1875;210,53125;249,75;315,59375;456,8125;103,875;53,03125;317,9375;324,59375;358,71875;186,5625;394,5;-41,40625;121,625;106,5625;118,4375;307,4375;234,375;211,59375;278,9375;96,8125;
374,1875;165,125;206,78125;208,375;169,40625;259,6875;229,78125;262,8125;215,125;270,9375;103,9375;264,75;146,03125;310;223,90625;140,34375;351,3125;195,84375;42,96875;129,9375;177,40625;125,0625;269,625;285,53125;122,90625;335,3125;145,59375;449,09375;145,0625;402,46875;217;228,78125;239,8125;215,09375;358;413,8125;386,96875;193,6875;297,4375;343,34375;183,15625;320,78125;472,34375;254,4375;246,0625;125,40625;310,96875;441;157,21875;196,46875;385,09375;132,78125;229,03125;236,0625;338,34375;264,125;257,875;206,1875;248,875;26,53125;304,0625;554,1875;112,9375;115,96875;179,5;32,84375;29,46875;352,8125;136,53125;340,65625;409,5;102,09375;57,34375;368,78125;311,21875;409,0625;325,8125;24,0625;120,3125;187,53125;309,375;303,3125;263,21875;229,03125;336,84375;295,34375;300,625;236,0625;309,4375;80,1875;158,25;234;223,34375;345,78125;465,4375;383,71875;458,15625;514,09375;613,84375;549,40625;453,1875;512,15625;358,5625;573,28125;701,15625;1200,65625;1331,96875;1609,4375;1400,625;1231,46875;995,28125;889,3125;873,1875;703,5625;718,09375;767,5;895,875;1297,5625;1618,625;2372,125;3050,5;3652,28125;4207,25;4355,75;4354,4375;4515,375;4328,0625;4331;3829,0625;3839,96875;3646,1875;3458,1875;3807,875;3867,71875;4193,21875;4591,6875;5225,40625;5556,15625;6028,09375;6333,125;6450,15625;6482,1875;6755,625;6473,6875;6440,40625;5954,53125;5533,40625;5086,9375;4220;4091,0625;3723,59375;3805,90625;3794,71875;4398,3125;4672,59375;5192,78125;5895,5625;6188,1875;6702,71875;6516,96875;6301,90625;5469,84375;4578,625;3355,125;2283,84375;1478,03125;1047;708,875;509,90625;579,8125;674,53125;606,0625;721,53125;552,65625;442,75;449,625;229,53125;258,5;261,34375;195,46875;171,03125;132,09375;319,625;263,6875;140;33,4375;-114,34375;346,40625;691,25;1330,65625;1719,40625;2312,15625;2825,65625;3214,4375;3379,53125;3138,6875;3474,9375;3619,5;3437,6875;3611,625;3718,71875;3740,625;3443,46875;3477,5;2886,8125;2288,1875;1726,34375;994,25;308,90625;225,21875;276,15625;147,5625;372,9375;308,40625;271,03125;292,15625;112,125;331,59375;317,28125;258,78125;209,875;-22,8125;-68,28125;238,0625;30,125;90,03125;229,4375;195,375;101,875;339;212,34375;377,5625;361,3125;408,8125;86,875;183,96875;-103,59375;-123,96875;223,59375;85,75;229,96875;143,21875;13,3125;47;22,71875;186,375;361,09375;334,3125;331,4375;160,375;212,46875;120,3125;117,375;158,9375;239,0625;174,09375;200,3125;139,21875;278,34375;221,71875;383,84375;408,25;589,4375;387,90625;217,90625;114,4375;209,1875;184,53125;342,25;315,40625;242,4375;277,75;334,25;352,25;149,40625;344,9375;166,34375;251,90625;165,125;84,28125;383,78125;181,875;245,1875;239,6875;218;372,65625;398,59375;301,3125;156,71875;193,09375;343,53125;353,15625;128,625;356,59375;174,46875;279,09375;236,84375;429,40625;332,96875;274,90625;128,1875;351,09375;251,6875;362;355,21875;320,78125;159,15625;101;136,6875;233,6875;226,6875;99,625;307,5;220,59375;183,5625;221,90625;323,59375;287,875;194,53125;299,25;
65,625;332,8125;178,15625;19,40625;84,4375;27,59375;10,65625;-45,125;-129,15625;100,75;-80,71875;126,84375;116,90625;206,34375;142,25;-12,90625;72,96875;-31,34375;134,1875;-77,125;-71,46875;-13,65625;21,34375;39,25;95,875;61,09375;151,65625;157,75;-17,25;154,28125;198,40625;-5,25;-4,875;266,25;18,78125;91,65625;105;100,78125;32,15625;25,84375;157,8125;147,46875;166,1875;-0,25;229,53125;193,84375;68,1875;112,78125;163;18,34375;81,625;-54,78125;-3,5625;-134,6875;-182,59375;-38,9375;87,28125;15,96875;173,96875;34,40625;36,25;18,75;-34,875;326,5;158,40625;47,40625;43,75;49,875;-47,46875;205,3125;133;119,59375;5,21875;7,78125;-26,40625;-103,625;-70,96875;223,53125;-157,40625;-22,78125;-22,3125;139,8125;25,78125;63,71875;32,75;31,65625;-10,1875;-105,90625;-38,84375;41,0625;34,59375;26,09375;-89,9375;128,59375;276,40625;437,96875;484,8125;320,875;530,4375;226,375;0,71875;241,0625;304,375;309,375;969,75;979,4375;1094,59375;1033,28125;1234,65625;1096,96875;1019,1875;688,96875;870,75;537,75;551,4375;482,8125;837,09375;1180,84375;1650,40625;2354,375;2783,25;3540,34375;3894,5;4187,65625;4281,6875;4364,0625;4284,5;3972,8125;3990,46875;3764,6875;3563,34375;3635,3125;3662,875;3978,84375;4031,5625;4564,375;4981,03125;5302,0625;5872,40625;6296,5;6155,4375;6824,90625;6667,25;6689,71875;6569,46875;5860,90625;5550,65625;4922,0625;4530,46875;4051,53125;3968,15625;3860,75;3930,5;4344,65625;4931,28125;5292,65625;5803,5625;6569,25;6822,875;6645,5625;6089,3125;5423,78125;4333,125;3070,03125;2091,375;1290,625;723,21875;637,9375;370,90625;467;487,28125;427,25;424,78125;413,875;299,96875;94,03125;159;114,5625;-42,625;71,96875;8,8125;-14,40625;79,65625;272;86,71875;87,875;-10,8125;406,9375;578,375;1277,4375;1735;2153,59375;2812,84375;2901,71875;3262,3125;3276,625;3327,34375;3369,78125;3525,1875;3628;3772,125;3674,1875;3597,78125;3207,5;2760,3125;2352,40625;1489,59375;734,65625;237,75;257,75;170,40625;-94,46875;41,46875;56,59375;65,875;-51,9375;121,78125;-130,9375;-1,71875;-44,1875;49,03125;-48,4375;-118;-17,15625;-7,8125;-106,65625;-73,25;-144,96875;-64,53125;122,5625;163,40625;-52;160,0625;-61,625;-202,09375;31,9375;8,1875;41;-50,125;-124,1875;-29,9375;-75,78125;-11,90625;234,1875;37,25;154,875;62,3125;315,5;155,28125;228,875;-36,625;187,5;-23,3125;157,625;-33,65625;-81,9375;47,625;-33,84375;155,28125;-1,71875;67,0625;115,9375;209,6875;4,875;-83,9375;-80,28125;-119,78125;84,5625;-60,40625;-13,90625;38,1875;-50,28125;160,5;299,5625;51,5;6,375;-74,875;190,25;139,0625;31,21875;117,90625;13,21875;21,1875;49,78125;208,3125;344,21875;-70,15625;36,875;-50,09375;187,40625;136,4375;241,875;5,6875;114,21875;223,0625;141,75;113,9375;22,96875;80,84375;177,1875;138,75;134,9375;41,53125;-8,84375;186,0625;173,71875;22,40625;1,59375;65,15625;-194,6875;39,25;52,78125;-187,96875;-39,5;195,59375;-37,84375;75,65625;53,8125;81,71875;33;
-127,375;2,4375;113,53125;-49,8125;-18,71875;-96,53125;94,6875;-68,71875;-153,1875;-25,375;163,4375;44;73,40625;224,40625;135,875;-100,125;124,46875;154,65625;8,3125;213,1875;119,8125;-59,625;156,40625;-11,59375;149,65625;158,0625;94,875;316,9375;132,90625;151,875;17,78125;3,84375;-55,5625;165,59375;85,75;212,78125;182,875;123,3125;94,28125;158,25;-11,5;57,46875;-155,09375;60,9375;103,9375;88,25;98,03125;237,6875;97,59375;242,8125;60,71875;170,5625;116,8125;66,90625;-31,53125;21,71875;-249,25;-91,25;36,71875;-3,25;117,03125;60,1875;244,625;21,90625;274,3125;104,53125;6,875;-17,84375;129,71875;29,15625;59,59375;53,75;116,125;-57,875;30,65625;106,375;165;-19,625;75,46875;142,53125;121,21875;-79,1875;35,71875;135,40625;179,34375;143,21875;-57,5;-162,28125;75,03125;-37,1875;-139,3125;69,5;100,53125;436;273,75;377,9375;572,1875;508,5625;378,6875;286,34375;249,5;153,65625;336;395,4375;612,5625;972,21875;1183,3125;1382,25;1332,125;1176,34375;1030,40625;869,34375;837;489,8125;487,25;662,21875;1164,40625;1272,46875;1903,90625;2430,34375;2947,90625;3649,6875;4051,875;4414,46875;4384,78125;4639,375;4308,78125;4343,46875;4187,375;4215,4375;3873,9375;3784,8125;3675,9375;4226,25;4412,90625;4605,125;5320,15625;5481,90625;6086,1875;6355,875;6544,875;6881,9375;6891,625;6925,125;6918,65625;6413,71875;5881,28125;5290,03125;4488,28125;4215,625;4049,5625;3941,5;4016,5;4476,9375;4798,0625;5606,53125;5867,84375;6618,90625;6803,96875;6811,84375;6421,375;5663,34375;4521,65625;3442,53125;2198,875;1348,375;793,875;687,125;488,21875;298,4375;604;737,84375;359,8125;462,21875;359,4375;143,34375;213;-82;-74,46875;81,03125;166,09375;288,09375;401,78125;261,28125;238,90625;-8,6875;-80,53125;87,4375;476,65625;1229;1656,84375;2413,6875;2786,15625;2951,90625;3217,46875;3491,46875;3584,75;3554,3125;3841,90625;3856,90625;3889,875;4003,5;3848,6875;3300,375;2785,53125;2184,59375;1659,15625;933,15625;546,53125;222,0625;105,6875;44,75;71,4375;-117,75;177,9375;136,0625;3,6875;-49,28125;-166,25;-4,15625;-57,46875;-111;-36,40625;-117,03125;-229,71875;162;138,28125;84,25;50,875;-16,9375;90,125;174,59375;111,625;-24,46875;143,875;38,90625;-20,25;89,21875;148,21875;74,09375;4,84375;166,75;-1,3125;-1,21875;182,53125;17,96875;192,53125;211,28125;86,59375;425,875;27;39,8125;267,59375;-1,40625;138,0625;88,6875;151,25;368,96875;153,28125;175,625;406,09375;381,875;283,4375;231,96875;91,5;108,0625;46,03125;238,90625;263,9375;146,46875;391,96875;138,28125;74,84375;155,5625;158,8125;178,75;267,75;31,78125;311,125;195,28125;348,78125;175,09375;235,65625;35,34375;99,75;132,75;88,625;258,21875;240,75;262,3125;203,59375;139,71875;149,5;-45,78125;113,71875;197,9375;247,15625;102,78125;186,5;264,40625;323,09375;259,09375;17,65625;128,625;202,5;-20,71875;-67,5;36;364;205,6875;126,4375;156,1875;128,34375;188,4375;355,28125;113,15625;34,21875;54,96875;-35,84375;50,71875;
29,90625;-93,53125;187,21875;86,6875;92,625;252,71875;205,5;247,15625;97,9375;117,3125;214,6875;161,90625;513,28125;98,46875;122,90625;94,375;191,90625;337,1875;-0,71875;190,28125;95,5;226,65625;177,4375;28,6875;-65,40625;37,15625;114,03125;237,6875;63,3125;321,25;261,1875;132,1875;52,5;123,71875;209,8125;183,34375;-64,46875;220,9375;134,84375;491,09375;276,96875;123,90625;111,46875;410,9375;215,25;191,0625;106,34375;206,40625;311,125;38,6875;87,65625;68,78125;20,375;114,21875;80,65625;59,28125;178,90625;100,75;94,96875;170,84375;324,125;106,53125;22,0625;96,28125;65,34375;218,09375;80,15625;135,09375;77,625;165,0625;211,09375;239,75;117,09375;-56,0625;225,125;218,96875;209,03125;74,625;158,75;7,1875;10,34375;24,21875;170,3125;193,03125;227,28125;307,5625;259,09375;148,5625;5,90625;-116,09375;10,8125;-41,3125;293,09375;393,46875;518,21875;507,875;578,34375;558,53125;551,75;420,5;459,71875;159,46875;284,25;468,15625;800,53125;1199,21875;1286,71875;1206,5625;1269,71875;1248,59375;977,59375;789,625;627,28125;787,40625;685,0625;763,78125;779,71875;1273,84375;1851,46875;2533,5;2964,90625;3526,375;4103,75;4428,71875;4557,71875;4365,25;4373,84375;4282;4109,9375;4111,34375;3791,03125;3929,28125;3774,3125;4209,0625;4588,5;4734,9375;5553,71875;5799,78125;5991,8125;6686,15625;6819,09375;6984,0625;7072,3125;7066,09375;6878,8125;6826,125;6339,28125;5310,59375;4982,75;4306,125;4247,03125;4129,1875;4100,75;4472,40625;4911,0625;5447,0625;6210,34375;6572,5625;6906,6875;7057,25;6573,71875;5710,03125;4511,96875;3545,8125;2295,53125;1238,9375;753,625;561,75;510,34375;445,03125;614,96875;492,375;487,90625;378,65625;286,53125;203,59375;37,28125;178,40625;67,5;196,96875;50,8125;408,5;-98,15625;264,15625;230,0625;96,9375;80,21875;326,8125;668,8125;1141,8125;1578,71875;2423;2930,09375;3197,5625;3443,46875;3428,9375;3608,1875;3465,53125;3895,53125;4053,71875;3777,09375;3994,28125;3810,0625;3279,59375;2645;2052,90625;1280,46875;989,96875;161,3125;25,5625;272;-80,125;-77,09375;52,125;15,03125;192,71875;255,375;162,0625;112,84375;-230,78125;99,1875;68,84375;119,71875;-87,1875;11,03125;64,75;55,65625;-24,78125;122,625;214,15625;-73,96875;198,3125;100,5;242,84375;74,21875;36,90625;158,46875;61,53125;79,53125;-122,53125;86;130,125;-93,8125;163;10,875;28,28125;13,78125;64,5625;208,125;315,96875;100,03125;284,28125;160,5625;102,625;-50,03125;-45,6875;-79,5;211,78125;310,53125;331,5;208,375;245,9375;115,9375;89,90625;-29,28125;97,59375;-47,5625;91,1875;150,34375;229,5;-16,75;108;30,5625;97,3125;111,40625;131,21875;-20,0625;162,09375;66,03125;276,5625;145,90625;164,1875;87,34375;55,46875;17,84375;-16,53125;274,875;87,15625;35,65625;276,8125;198,6875;-44,03125;147,6875;209,03125;227,96875;88,21875;23,28125;25,84375;279,40625;-25,6875;117,59375;38,15625;92,5;49,1875;125,8125;201,09375;140,125;179,71875;212,71875;181,21875;42,09375;97,0625;158,15625;133,34375;-43,71875;-167,875;235,1875;-12;90,1875;202,15625;
60,875;-18,5625;-38,71875;-100,3125;202,53125;-94,9375;-229,53125;-191,40625;-70;32,8125;281,90625;-33,65625;-70,25;-64,78125;-9,9375;246,0625;123,09375;93,71875;-76,40625;88,03125;-184,8125;107,34375;29,375;58,625;-76,09375;61,8125;132,125;47,9375;204,15625;167,1875;139,59375;3,03125;145,625;26,25;191,875;82,90625;144,09375;152,6875;172,65625;152,09375;-45,625;101,84375;80,9375;-16,0625;16,53125;99,90625;126,53125;119,59375;12,4375;-39,75;21,96875;-184,40625;148,125;205,40625;114,28125;-181,71875;198,375;-44,90625;106,8125;120,1875;-24,375;128,875;239,625;142,1875;4,28125;113,34375;52,71875;-103,09375;-46,5625;138,09375;85,375;-77,1875;33,78125;-30,375;165,4375;-106,90625;194,03125;14,71875;44,53125;-128,6875;-165,34375;153,5;-92,15625;117;121,46875;45,4375;13,09375;-14,03125;-11,46875;-14,5625;162,34375;33,0625;-26,59375;232,8125;310,09375;589,8125;622,84375;492,34375;357;395,03125;297,53125;126,84375;218,53125;388,375;617,78125;897,90625;1088,5625;1224,625;1403,75;1154,5625;1182,9375;903,03125;788,03125;729,28125;611,375;771,40625;1058,125;1014,0625;1849,6875;2521,84375;3109,5;3488,625;4002,5625;4336,5625;4492,4375;4516,5625;4383,21875;4234,25;4356,71875;3919,375;4076,15625;4111,28125;4028,34375;4314,15625;4359,3125;4806,96875;5230,1875;5807,375;6242,34375;6673,59375;6866,84375;7066,84375;7212,96875;7217,09375;7005,96875;6672,875;6077,1875;5471,6875;5046,96875;4605,25;4402,875;4134,28125;4241,28125;4705,28125;5179,96875;5718,25;6495,5;6847,53125;7195,71875;7238,4375;6723,875;5579,4375;4553,71875;3307,0625;2206,5625;1274,875;560,5625;593,59375;501,78125;370,34375;578,5;491,3125;516,71875;370,40625;341,28125;46,46875;43,75;82,1875;69,4375;151,65625;172,59375;112,1875;119,09375;95,4375;-46,78125;-30;23,96875;151,65625;628,71875;1219,40625;1691,90625;2390,90625;2832,03125;3278,0625;3421,1875;3388,4375;3752,4375;3686,09375;3781,15625;3983,90625;4139,71875;3955,28125;3800,0625;3187,21875;2465,78125;1854,5;1390,75;727,28125;487,65625;166,4375;-74,4375;-1,125;-50,3125;-39,90625;128,90625;-90,90625;6,21875;68,46875;-120,125;-40,75;-53,90625;16,4375;89,21875;63,5;-174,4375;30,25;-115,75;111,90625;147,4375;309,125;82,125;234,78125;307,15625;253,03125;196,53125;87,71875;61,1875;73,6875;-31,96875;-35,8125;-118,21875;-155,34375;98,5;28,875;-55,75;147,40625;66,46875;139,15625;-104,0625;-68,5;-135,59375;100,1875;-7,875;-108,3125;99,0625;-127,84375;40,21875;262,53125;268,84375;143;257,125;185,21875;145,25;82,96875;210,34375;197,78125;89,5;114,65625;211,6875;285,375;29,53125;110,59375;4,25;331,3125;-35,0625;79,78125;407,3125;167,5;37,75;199,9375;95,28125;191,4375;55,9375;127,40625;207,4375;48,46875;58,65625;27,53125;23,84375;223;82,5625;-59,28125;190,34375;159,5;177,90625;139,8125;1,53125;-33,84375;173,09375;304,78125;-18,90625;18,78125;361;195,53125;45,5625;-158,25;-13,84375;98,03125;120,875;142,875;223,28125;197,4375;101,84375;178,59375;231,09375;-163,65625;232;52,25;-84,78125;-11,9375;
37,78125;-147,75;-153,59375;-135,59375;-63,125;-76,5;-221,25;-211,5;-44,40625;35,65625;-242,0625;-76,09375;-153,40625;-165,9375;111,09375;6,21875;57,28125;-66,59375;-83,3125;-42,8125;21,375;-59,6875;50,5;37,5625;-152,03125;-57;8,59375;-184,6875;93,34375;-70,34375;-20,90625;7,40625;-117,375;-124,3125;4,3125;-73,53125;120,375;-207,125;-187,53125;47,65625;134,8125;219,09375;-68,71875;-86,71875;-68,1875;140,9375;-29,125;-32,0625;-160,34375;-17,90625;-53,625;72,84375;-33,09375;-267,84375;-23,625;-64,25;76,5;124,28125;233,625;13,375;-256,03125;-115,59375;-139,8125;-5,6875;-29,875;-24,875;-155;-106,09375;30,03125;-9,03125;23,21875;-171,78125;39,1875;-51,78125;33,59375;-121,15625;68,78125;-261,8125;66,28125;-56,625;40,1875;-14,78125;-133,8125;144,21875;101,03125;0,9375;18,21875;11,09375;-103,15625;-60,90625;-185,71875;-235,96875;-50,6875;153,1875;341,9375;415,875;327,5;369,71875;350,09375;231,25;134,59375;77,5625;87,03125;579,625;675;887,46875;1092,125;1057,5;1220,875;1107,90625;847,71875;785,46875;459,875;733,125;696,625;629,21875;903,0625;1327,03125;1764,5;2217,28125;2916,8125;3470,21875;3892,71875;4098,09375;4590,03125;4476,84375;4344,625;4056,90625;4175,375;4052,5625;4034,875;3901;3977,375;4270,21875;4562,21875;4731,53125;5471,53125;5602,6875;6144,875;6376,25;6931,3125;7263,625;7312,875;7185,25;7045,3125;6955,65625;6367,90625;5592,46875;4913,4375;4558,03125;4308,46875;4044,5;4109,875;4414,625;5015,625;5658,09375;6308,9375;6879,75;6949,4375;7250,84375;6437,375;5810,875;4556,53125;3085,5;2170,1875;1046,65625;773,46875;433,34375;351,25;265,84375;496,6875;429,59375;467,875;320,96875;129,15625;130,6875;-110,53125;-189,9375;-142,3125;-56,5;-131,3125;154,46875;125,5625;79,15625;-110,84375;-212,03125;-107,90625;-10,6875;330,71875;984,15625;1539,9375;2066,8125;2782,3125;2935,4375;3325,8125;3341,96875;3344,21875;3609,375;3637,4375;4034,46875;4039,0625;3806,25;3466,53125;3107,5625;2255,46875;1881,78125;1236,46875;746,03125;239,96875;83,46875;-4,71875;-333,25;-376,5;-118;-297,34375;-242,84375;-23,84375;-235,9375;-368,34375;-278,1875;-279,90625;-354,21875;-230,96875;-180,625;18,625;-75,46875;-104,21875;-4,90625;67,6875;-83,875;-73,28125;105,28125;-76,9375;229,1875;-42,4375;-324,28125;-133,8125;-212,21875;-268,28125;-214,90625;105,125;-301;-189,5;-218,875;-100,625;-117,375;87,0625;-122,875;-11,9375;17,1875;-146,625;80,34375;-262,65625;-146,375;-58,6875;-37,03125;103,6875;-27;-60,09375;132,625;28,34375;167,5;53,5625;-57,90625;-14,1875;-13,28125;-22,5625;34,90625;-121,46875;67,65625;11,375;-74,3125;123,71875;-172,8125;-31,3125;179,125;74,40625;80,5625;-2,0625;1,75;-41,09375;-181,65625;93,53125;123,0625;76,75;-71,5;-66,375;67,03125;-200,34375;132;-85,15625;-28,875;-81;102,875;19,5625;-35,90625;85,1875;30,21875;102,4375;53,21875;162,28125;-58,78125;107,375;180,875;-29,4375;35,5625;-74,5625;45,75;-33,5625;-308,40625;-155,96875;-79,5;117,4375;165,125;34,5625;16,15625;72,40625;23,15625;-146,5;-59,3125;
-116,53125;43,3125;-80,53125;-245,09375;-45,25;-256,78125;-71,71875;-105,34375;-21;-129,6875;-156,84375;-257,875;-231,4375;-35,8125;22,75;-140,875;34;-58,75;-119,25;-56,9375;10,875;-40,9375;-5,5;-116,1875;-306,625;-169,875;64,46875;26,34375;54,40625;85,9375;-115,28125;36,75;-132,09375;91,875;-42,1875;37,125;30,03125;19,09375;-87;-81,125;-92,75;-50,84375;18,6875;-137,9375;60,5;-71,65625;20,4375;-175,5;4,25;-116,78125;80,6875;-92,28125;-20,5;-12,71875;-173,34375;-236,03125;-40,84375;-188,625;-77,03125;-83,34375;18,5625;-84,125;-32,78125;-41,96875;-21,03125;-37,09375;-148,40625;37;-302,5;34,84375;46,90625;-83,5625;-117,1875;-85,09375;-79,15625;-238,125;-109,96875;-122,8125;-194,625;-147,46875;22,5625;-33,96875;79,09375;72,5;32,34375;-152,6875;-1,40625;-123,875;-157,46875;-75,875;-176,5;-162,625;21,78125;49,59375;316,8125;392,125;514,3125;342,03125;259,6875;208,4375;57,09375;-92,09375;-52,0625;279,96875;732;749,15625;1073,0625;1012,625;1021,90625;802;981,71875;799,46875;582,90625;595,375;380,625;528,25;772,5625;1116,65625;1599,75;2398,28125;2833,40625;3280,0625;3860,5;3929,125;4294,1875;4416,125;4310,65625;4139,40625;4125,71875;3828,21875;3795,9375;3911,25;3942;4103,40625;4517,5;4816,28125;5387,5;5596,875;6261,25;6532,59375;6785;7102,84375;7282,0625;7318,6875;7240,09375;6917,8125;6418,96875;5708,96875;4979;4464,15625;4224,78125;4119,9375;4028,78125;4438,96875;4976,5;5750,0625;6323,75;6917,40625;7153,53125;7089,6875;6477,34375;5588,9375;4524,53125;3028,1875;2094,21875;1214,59375;494,28125;197,125;193,15625;398,375;400,34375;535,6875;318,34375;354,96875;-18,0625;100,59375;-72,78125;16,9375;32,375;-140,875;4,15625;280,53125;224,96875;268,8125;42,1875;-134,75;-193,90625;65,53125;584,25;997,75;1621,25;2278,9375;2600,6875;3117,53125;3094,84375;3369,3125;3525,875;3654,09375;3801,25;3948,8125;4003,625;3958,4375;3480,6875;2990,59375;2222,90625;1861,4375;1007,46875;613,28125;306,5;23,5;-155,625;-185,1875;-144,53125;-21,25;-54,21875;-121,28125;-121,96875;-70,28125;-197,15625;-168,28125;-167;-384,53125;-173,21875;-297,71875;163,96875;-8,09375;-201,4375;-184,71875;-238,625;98,96875;58,875;-16,125;-61,46875;155,84375;-61,4375;-225,78125;-145,625;-99,84375;9,3125;-147,3125;-225,6875;-117,5625;66,46875;-131,53125;-173,21875;-173,21875;-0,59375;-177,40625;-90,125;-52,8125;-139,96875;55,03125;42,34375;-112,5;-155,5625;-133,84375;-266,4375;-54,4375;-174,9375;15,25;285,03125;-90,1875;-21;17,46875;-18,71875;-78,75;-67,4375;-10,3125;26,3125;144,3125;69,71875;-106,78125;-15,53125;5,96875;-83,125;-162,1875;61,59375;155,5;109,25;72,5;-48,25;-103,53125;-88,625;60,28125;-93,90625;-80,09375;75,8125;-67,25;-138,5;28,3125;83,71875;-63;88,25;-179,84375;-53,96875;-108,71875;5,125;17,09375;-3,9375;14,8125;261,84375;41,65625;-69,3125;-19,78125;4,4375;125,875;56,0625;-75,4375;-120,21875;120,78125;18,0625;46,0625;-366,8125;81,125;-33,15625;-72,6875;-51,78125;-19,125;-83,40625;-242,28125;
2,84375;-239,46875;-200,71875;-249,53125;-285,03125;-22,625;-186,34375;-116;-269,4375;-233,71875;-168,9375;-320,46875;-141,84375;-148,03125;-105,53125;-270,375;-255,8125;-116,6875;-200,34375;-388,875;-116,625;-254,78125;-284,59375;-256,6875;-192,1875;-152,15625;-330,9375;-209,65625;-153,9375;-119,53125;-109,5625;-448,9375;-226,4375;75,96875;-94,875;-280,5625;-78,6875;-191,96875;-97,03125;-166,25;-218,75;-74,53125;-79,15625;-72,28125;-204,65625;-294,40625;-83,78125;-150,15625;-148,1875;-220;55,375;-81,28125;39,96875;-215,4375;-98,875;-191,0625;-402,8125;-260,875;-9,40625;-108;-44,03125;-367,71875;-324,25;-292,78125;-320,0625;-152,15625;-71,625;-223,34375;-186,65625;-221,3125;-148,3125;-207,65625;-233,96875;-334,65625;-116,625;-35,25;-199,1875;-81,9375;-177,09375;-415,03125;-311,3125;-43,96875;-93,375;34,625;-135,53125;27,0625;-227,125;-91,59375;-47,9375;-226,03125;-454,125;-58,34375;24,28125;119,3125;132,21875;422,6875;86,3125;43,34375;120,71875;66,03125;-276,25;-105,65625;46,5625;324;414,0625;529,8125;600,5625;880,0625;1220,4375;1099,875;702,15625;877,75;419,5625;364,5625;399,5;356,75;611,03125;849,65625;1563,6875;2007,875;2510,375;3361,8125;3468,90625;3770,75;3970,5;4162,46875;4055,9375;4124,5;4093,78125;3778,25;3956,1875;3729,125;4008,21875;4266,59375;4310,15625;4787,4375;5180,5;5704,375;6285,34375;6253,5625;6828,40625;7054,28125;7015,5625;7167,3125;7269,34375;6810,09375;6219,9375;5725,21875;5185,71875;4458,3125;4159,5;3951,65625;3966,5625;4346,1875;4964,15625;5425,625;6325,25;6727,75;7097,40625;7148,5;6735,375;5639,25;4130,03125;3008,78125;2039;931,8125;532,09375;184,53125;57,5625;373,375;258,40625;245,90625;288,59375;146,40625;-235,21875;-99,8125;-223,25;-107,5;-438;-199,90625;-344,6875;-213,96875;-203,9375;-222,34375;-381,71875;-262,375;-259,65625;-106,65625;355,0625;822,0625;1750,15625;2413,9375;2578,46875;2826,21875;3173,4375;3034,75;3495,09375;3669,84375;3758,28125;3908,53125;3786,84375;3696,125;3391,625;2845,90625;2348,34375;1520,5;767,84375;281,6875;113,9375;-259,59375;-299,90625;-268,90625;-436,8125;-236,34375;-237,3125;-330,71875;-338,0625;-348,15625;-269,25;-284;-242;-232,03125;-243,65625;-244,5625;-214,59375;-192,65625;-277,5625;-289,34375;-67,875;-209,25;-64,71875;-203,875;-179,03125;-85,96875;-325;-144,40625;-271,21875;-361,09375;-195,53125;-327,875;-264,3125;-411,4375;-326,53125;-133,15625;-308,5625;-198;-272,03125;-157,09375;-200,75;-247,71875;-203,5;-128,65625;-324,25;-215,03125;-210,40625;-273,625;-422,875;-186,9375;-202,9375;-109,09375;-53,28125;-47,40625;122,8125;-173,78125;-252,5625;-144,65625;-189,28125;-227,78125;-50,1875;-204,03125;-361,4375;-71,53125;-317,75;-61;-158,53125;-149,5625;-202,34375;18,84375;-34;86,53125;-49,1875;-241,28125;-147;-176,78125;-150,4375;-165,90625;-357,75;-156,96875;-168,46875;-122,84375;-197,03125;-150,3125;-168,71875;-134;-84,9375;-48,6875;-248,15625;-132,75;31,8125;-295,28125;18,40625;-174,59375;-246,125;-363,5;-303,625;-267,375;-315,5;-260,15625;-96,75;-80,34375;-121,75;-41,90625;21,125;-261,71875;-110,75;-164,34375;-229,34375;-219,4375;-334,0625;-225,25;
-40,03125;-119,09375;-134,9375;-212,8125;-126,65625;34,9375;-237,375;-294,75;-31,8125;-265,5625;-220,40625;-237,9375;-82,21875;-89,03125;-70,875;-100,5;-114,21875;-320,65625;-111,90625;-222,96875;-207;-362,03125;-71,03125;-121,625;-15,6875;-18,1875;-68,0625;15,71875;267,1875;-0,5;120,59375;218,90625;-63,125;25,09375;2,3125;114,75;2,4375;7,46875;47,21875;-60;-160,5625;-79,09375;-146,09375;89,71875;-6,34375;74,75;-135,0625;-18,34375;-147,625;-242,65625;-89,25;-4,71875;-316,34375;-271,9375;-168,5625;-159,4375;-184,59375;-306,34375;-140,125;-83,53125;-142,1875;-53,59375;-260,5625;-44,46875;-9,8125;-90,5;-66,84375;-227,96875;-294,71875;-87,84375;-229,09375;-48,65625;115,375;83,40625;-48,1875;-191,84375;-233,625;-85,375;6,03125;-265,625;-140,71875;-66,3125;-187,75;-186,75;-252,34375;7,375;113,65625;-104,9375;15,09375;-266,71875;-123,9375;-2,15625;174,875;41,90625;170,3125;364,15625;293,5;393,46875;218,15625;-80,625;43,75;49,875;112,90625;204,71875;553,40625;724,4375;860,0625;798,6875;1162,125;789,28125;872,59375;883,0625;683,25;713,21875;462,5625;538,4375;779,625;1095,71875;1595,71875;2116,65625;2748,40625;3193,84375;3560,875;3890,6875;4027,09375;4075,875;4285,90625;3915,1875;4062,6875;3881,3125;3838,09375;4052,5;3827,09375;4069,34375;4217,59375;4685,25;5289,875;5666,4375;5986,21875;6262,21875;6822,78125;7211,09375;7277,78125;7231,09375;7365,03125;7294,46875;6509,4375;6022,25;5204,71875;4602,96875;4230,9375;4174,96875;4278,75;4418,03125;4984,21875;5631,15625;6409,25;6981,46875;7114;7098,09375;6952,0625;5846,46875;4498,65625;3030,125;1952,90625;1154,28125;355,59375;356,09375;248,03125;291,5625;383,1875;308,125;330,03125;109,625;207,25;9,96875;22,28125;-97,96875;-186,875;-207,15625;-73,6875;-143,59375;59,9375;-155;-123,96875;-210,65625;173,96875;55,40625;522;988,34375;1590,65625;2032,4375;2494,375;2845,4375;2997,8125;3318,625;3613,09375;3496,65625;3861,53125;4074,65625;4159,53125;3797,90625;3453;2861,3125;2419,96875;1502,96875;950,15625;601,5;59,46875;-283,6875;-333,375;-131,09375;-223,71875;-189,0625;-314,4375;-182,90625;-155,21875;71,28125;-80,03125;-162,03125;-279,25;-218,65625;-122,125;-79,6875;-189,03125;-310,34375;-48,625;-94,96875;-91,09375;-95,46875;-73,25;-73,71875;27,5625;-202,03125;-49,84375;-7,78125;-138,90625;-267,59375;-224,84375;-334,5;-482,875;-134,84375;-153,9375;-200,90625;-169,90625;31,96875;-22;-44,65625;-88,21875;-119,5;-64;-122,6875;-57,5625;9,3125;-261,25;-263,25;-93,71875;-130,15625;-53;61,71875;112,15625;150,125;192,09375;-9,65625;-150,0625;-216,09375;53,90625;-205,40625;-183,0625;-398,6875;-109,125;39,8125;-62,71875;-106,125;-79,625;177,40625;29,5;-64,6875;70,375;118,59375;-196,5625;-55,21875;11,65625;7,78125;113,53125;156,90625;-207,3125;-122,875;-36,65625;-40,46875;115,78125;-248,875;-70,40625;-96,46875;28,59375;55,625;-84,59375;-14,125;-152,5;-218,03125;-252,90625;-76,8125;44,53125;-230,3125;-88,71875;-119,78125;-117,59375;-230,4375;-68,375;-237,09375;-167,78125;-213,21875;-133,84375;-90,59375;-237,65625;-161,34375;-220,9375;-0,59375;16,625;-184,21875;
-466,09375;-326,90625;-200,0625;-250,34375;-529,90625;-327,3125;-155,5;-353,96875;-251,15625;-469,4375;-296,96875;-377,65625;-54,40625;-300,125;-182,5625;-45,1875;-239,8125;-332,59375;-238,9375;-195,46875;-111,625;-394,03125;-5,65625;-157,9375;-56,0625;-125,6875;-312,125;-260,96875;-110,75;-128,25;-218,4375;-180,40625;-306,1875;-391;-343,28125;-286,78125;-251,5;-79,625;-40,875;-105,90625;-328,125;-283,09375;-215;-259,6875;-191,8125;-243,53125;-160,03125;-369,875;-196,375;-163,78125;-393,875;-331,28125;-383,75;-393,15625;-392,5;-275,6875;-227,4375;-345,1875;-339,625;-32,75;-286,3125;-279,34375;-118,125;-337,8125;-261,25;-327,375;-38,03125;-297,6875;-107,40625;-104,6875;-177,09375;-94,5625;-327,03125;-304,34375;-142,34375;-16,78125;-277,4375;-370,75;-379,0625;-316,40625;-445;-361,46875;-254,21875;-61,3125;-101,34375;110,09375;-5,21875;-185,0625;-195,1875;-315,71875;-386,25;-457,75;-160,8125;15,625;85,625;104,3125;212,59375;31,6875;197,0625;46,125;-150,09375;-131,78125;-42,5;168,46875;365,90625;512,625;610,34375;949,8125;887,125;750,46875;665,4375;790,71875;552,6875;342,96875;357,96875;435,4375;791,84375;1133,03125;1454,34375;1960,1875;2444;2764,96875;3251,53125;3792,9375;4067,21875;3674,3125;3983,5;3980,375;3836,125;4007,9375;3583,21875;3707,28125;4062,25;4078,78125;4238,6875;4802,625;5179,375;5326,90625;6000,0625;6358,28125;6598,78125;6937,875;7130,34375;7405,9375;7557,84375;7068,78125;6296,09375;5790,78125;5074,6875;4601;4135,9375;3972;4012,8125;4335,34375;4924,53125;5305,65625;6319,46875;6808,09375;7144;7102,03125;6758,6875;5754,34375;4195,46875;3108,71875;1838,4375;1083,40625;519,65625;343;-145,40625;10,53125;-2,4375;195,46875;47,71875;-114,125;-53,71875;-293,875;-310,65625;-496,4375;-240,8125;-264,09375;-264,34375;-338,4375;48,34375;-22,3125;-123,53125;-326,0625;-237,40625;-258,5;172,28125;507,625;1493,75;1993,71875;2430,46875;2838,875;3102,09375;3236,5625;3572,0625;3508,8125;3771,96875;3916,5625;4078,75;3723,71875;3527,125;2781,75;2123,6875;1364,375;612,78125;156,875;-167,375;-372,59375;-382,09375;-424,5625;-356,78125;-350,90625;-363,65625;-382,375;-359,21875;-384,84375;-336,5625;-529,625;-420,34375;-359,21875;-75,3125;-362,0625;-173,28125;-277,0625;-256,28125;-494,59375;-415,78125;-268,5;-298,625;-269,625;-341,90625;-190,9375;-307,84375;-222;-467,21875;-388,75;-369,71875;-318,03125;-309,78125;-214,5625;-330,1875;-319,3125;-350,96875;-216,09375;-253,21875;-254,625;-304,0625;-299,78125;-254,40625;-367;-90,375;-447,78125;-383,75;-362,21875;-408,84375;2,46875;-18,40625;-192,4375;-53,03125;41,9375;-132,625;-41,8125;-132,21875;-168,71875;-339,1875;-240,28125;-86,5625;-209,59375;-329,78125;-310,96875;-184,875;-194,625;-344,0625;-106,09375;-101,90625;-13,09375;-75,3125;-3,65625;-205,1875;-272,375;-253,84375;-243,25;-259,375;-116,90625;-390,5;-189,15625;47,625;-97,90625;-210,65625;-179,84375;-462,96875;-356,59375;-376,90625;-288,59375;-247,375;-244,1875;-283,40625;-225,15625;-418,78125;-174,375;-132,25;-357;-381,75;-184,875;-313,9375;-194,71875;-227,71875;-135,71875;-222,21875;-279,71875;-191,375;-388,09375;-278,875;-411,375;-207,96875;-180,84375;-122,8125;-301,875;
-334,28125;66,21875;-384;-303,90625;-62,53125;-234,03125;-302,625;-367,40625;-334,1875;-246,21875;-409,875;-245,75;-192,9375;-193,375;-245,34375;-102,9375;-271,21875;-336,90625;-254,53125;-376,0625;-245,46875;-367,6875;-352,71875;-162,59375;-367,84375;-108,46875;-310,5625;-153,15625;-138,09375;-175;-13,09375;-284,875;-169,34375;-292,78125;-42,59375;-166,59375;-188,4375;-350,40625;-304,59375;-190,90625;-140,125;-162,0625;-54,0625;-60,03125;-347,15625;-211,84375;-238,65625;-212,40625;-250,5;-152,8125;-402,03125;-305,5;-13;-23,1875;-105,375;-237,875;-210;-247,46875;-159,46875;-572,09375;-349,3125;-175,8125;-354,4375;-453,28125;-158,5;-317,53125;-374,375;-417,1875;-328,09375;-67,03125;-188,40625;-69,96875;-322,0625;-304,96875;-320,125;-155,03125;-296,4375;-341,46875;-369,125;-138,84375;-506,84375;-205,125;-253,625;-88,90625;-266,96875;-130,625;-51,5;-375,03125;-303,28125;-239,1875;-432,96875;-156,84375;-211,6875;95,6875;140,8125;206,71875;347,96875;131,75;69,6875;-28,5;-37,46875;-216,65625;4;7,53125;313,125;510,03125;563,15625;954,6875;983,875;817,375;964,96875;589,875;435,75;353,3125;320,6875;455,4375;588,28125;989,9375;1505,78125;2000,9375;2519,84375;3027,8125;3235,25;3679,78125;3953,75;3979,46875;3841,875;3724,375;3777,96875;3720,71875;3858,65625;3973;4010,96875;4070,71875;4163,875;4631,0625;5345,875;5620;5879,25;6498,625;6687,21875;6939,5625;7416,1875;7340,8125;7574,84375;7097;6741,5;5996,34375;5095;4461;4286,34375;3950,9375;4060,8125;4514,9375;4930,71875;5657,375;6457,25;6968,59375;7272,125;7133,4375;6524,5625;5554,3125;4463,875;3131,1875;1903,96875;864,65625;332,84375;326,5;167,625;51,65625;157,5;281,5625;145,8125;-20,65625;-219,78125;-85,375;-94,53125;-487,3125;-207,34375;-378,28125;-276,65625;13,0625;-281,5625;-416,84375;-220,90625;-198,1875;-235,375;-216,3125;57;818,65625;1404,90625;2142,625;2609,5625;2923,9375;3090,59375;3150,09375;3614,84375;3741,21875;4025,625;4111,59375;4294,125;4020,5625;3407,3125;2800,5;2278,84375;1466,40625;789,21875;179,59375;52,59375;-279,3125;-199,6875;-108,65625;-517,03125;-121,28125;-318;-287,875;-128,78125;-492,125;-482,875;-230,125;-361,1875;-294,84375;-308,1875;-224,25;-313,65625;-299,8125;-399,875;-362,5;-367,375;-297,40625;-164,125;-101,5625;-80,59375;-43,84375;-146;-420,90625;-229,71875;-161,375;-171,90625;-238,25;-514,90625;-432,125;-256,875;-162,28125;-138,125;-250,28125;-250,96875;-288,1875;-247,4375;-230,46875;-66,90625;-148,375;-326,4375;-104,25;-358;-134,375;-323,6875;-266,53125;-145,25;4,1875;-74,6875;16,71875;-99,8125;-147,71875;-326,28125;-232,375;-353,59375;-311,5625;-167,25;-264,28125;-260,1875;-203,84375;-234,1875;-250,75;-193,25;-168,96875;4,65625;-24,71875;-117,375;-179,5625;-302,90625;-27,625;-9,03125;-230,1875;-238,875;-65,375;-67,9375;-74;-323,1875;-117,84375;-247,09375;-191,5;-304,65625;-260,4375;-375,03125;-157,6875;-135;-61,125;-157,75;6,4375;-100;-289,25;-301,09375;-258,1875;-251;-429,34375;-245,875;-294,09375;-201,28125;-99,3125;-275,21875;-54,9375;-188,34375;-204,40625;-90,78125;-382,125;-501,28125;-324,53125;-229,6875;-120,65625;
-217,0625;-393,625;-181;-5,46875;-371,4375;-202,5625;-105,34375;-224,96875;-159,28125;-353,6875;-62,3125;-232,3125;-67,5625;-57,40625;-226,03125;-222,6875;-241,8125;-23,03125;-187,125;-95,84375;-202,5;-373,96875;-221,09375;-222,75;-211,34375;-121,75;-227,5625;-282,0625;-104,4375;-223,96875;-113,9375;-47,25;-49,03125;-230,96875;-384,21875;-98,4375;-40,75;-257,90625;-182,8125;-184,9375;-176,59375;-142,59375;-119,8125;-176,28125;-216,09375;-45;-118,25;-200,25;-281,59375;-211,125;-400,125;-198,84375;-189,53125;-206,28125;-270,59375;-205,15625;-203,625;-216;-137;-416,875;-356,25;-136,875;-170,90625;-284;-165,0625;-114,21875;-170,34375;-269,03125;-247,78125;-98,21875;-522,625;-318,75;-222,78125;11,8125;-158,125;63,03125;-218,125;-238;-105,90625;-324,90625;-105,875;-528,5625;-107,875;-83,15625;66,75;-136,625;-157,4375;-215,90625;-381,75;-228,46875;-328,78125;-356,75;-182,4375;-21,46875;167,09375;238,625;117,9375;280,875;152,21875;168,96875;-52,3125;-54,1875;-74;55,625;431,9375;805,09375;821,21875;928,5;982,125;1048,90625;743,09375;722,09375;583,3125;449,78125;599,34375;764,375;743,65625;1222,59375;1374,96875;1949,875;2494,4375;2824,28125;3240,65625;3594,40625;3733,25;3961,125;3881,84375;3818,78125;3663,875;3548,9375;3705,96875;3818,5625;3941,03125;4158,25;4283,875;4562,53125;5160,4375;5444,90625;5776,21875;6325,34375;6711,5;7028,59375;7202,40625;7368,875;7454,8125;7065,59375;6576,15625;5976,5;5215,9375;4708,625;4342,21875;3966,75;4048,25;4433,9375;5068,71875;5588,59375;6475,90625;6972,375;7394,1875;7505,21875;6706,21875;6033,21875;4546,25;3189,71875;1940,84375;1046,15625;505,5;208,53125;142,0625;22,34375;32,875;271,34375;86,78125;134,53125;85,5;-32,90625;-199,875;-135,0625;-252,5;-338,6875;-309,84375;-176,6875;12,34375;99,15625;-285,09375;-134,65625;-199,03125;-197,125;150,125;845,84375;1481,125;1970,8125;2572,9375;2862,40625;3155,875;3409,15625;3859;3991,4375;4215,40625;4330,90625;4314,1875;4075,15625;3685,6875;2954,03125;2254,4375;1658,75;889,9375;232,0625;-75,28125;-403,375;-319,9375;-235,34375;-661,59375;-349,96875;-327,21875;-243,84375;-175,5625;-145,625;-240,125;-377,59375;-564,03125;-338,15625;-218,1875;-346,96875;-313,3125;-313,28125;-309,34375;-173;-332,375;-142,5625;-75,5;-19,3125;-42,59375;-112,5;-141,25;-229,25;-298,3125;-285,78125;-307,65625;-365,90625;-193,65625;-236,9375;-110,78125;-162,0625;-50,78125;-142,75;-139,90625;-268;-133,5625;-61,96875;-254,9375;-284,875;-128;-176,03125;-210,125;-389;-303,375;-253,25;-104,84375;9,75;24;142,5;-185,65625;28,9375;-65,75;-141,75;-172,125;-198,3125;-123,3125;-275,3125;-140,0625;-254,03125;-139,46875;-11,40625;-135,625;-67,84375;-142;-224,625;-75,84375;93,25;51,4375;10,75;-32,75;-80,40625;-34,71875;-196,84375;85,375;-244,78125;110;-174,4375;-62,03125;-513,90625;-203,78125;-77,21875;-28,65625;-165,5;-94,0625;-244,09375;-337,6875;-192,625;-133,0625;-193,5;-243,9375;-161,09375;-260,28125;-234,71875;-264,28125;-79,15625;-239,84375;-150;-157,40625;-242,21875;-146,4375;-188,21875;-222,375;66,9375;-121,125;-69,90625;-193,1875;-108,8125;
-160,3125;-132,28125;-295,9375;-326,9375;-174;-106,4375;-5,9375;-272,1875;-454,90625;-63,65625;-16,375;-244,0625;-241;-185,375;-403,875;-162,875;-99,90625;-275,75;-238,5625;-351,40625;-339,5;-108,21875;-41,1875;-29,34375;-169,5;-341,21875;-225,34375;-397,15625;-46,09375;-35,90625;-190,1875;-64,15625;-199,78125;-146,5;-23,53125;-252,34375;-63,53125;-132,03125;-197,625;-176,0625;-214,5625;-115,875;-479,0625;-276,90625;-17,5625;-357,6875;-90;-180,53125;-217,03125;59,6875;-193,25;-302,0625;-80,75;24,15625;-70,03125;-260,375;-272,75;-53,8125;-300,625;-17,1875;-280,75;-80,03125;-127,28125;-207,1875;-62,1875;-207,21875;-202,34375;34,8125;-57,21875;-167,65625;-266,5;41,65625;-5,90625;-28,46875;-257,125;16,71875;64,28125;-101,21875;-176,3125;-121,3125;-170,40625;-337,4375;-311,125;-7,125;-177,15625;-6,5;-12,53125;-37,09375;-236,78125;-407,53125;-245,34375;-457,4375;-94,8125;125,625;-73,71875;91,84375;131;192,96875;118,59375;21,9375;-83,125;-88,53125;-156,375;75,09375;416,5;626,78125;748,59375;933,53125;959,25;712,53125;715;482,4375;628,75;420,25;210,15625;895,375;714,5;913,5625;1401,8125;1734,28125;2375,71875;2816,40625;3258,3125;3347,875;3565,8125;3600,96875;3553,96875;3736;3650,46875;3610,1875;3650,40625;3781,8125;3552,875;3895,21875;4172,0625;4473,46875;4956,4375;5396,09375;5818,03125;6169,5625;6634,6875;6954,75;7034,34375;7318,0625;7326,125;6924,3125;6740,8125;5858,125;4999,71875;4540,9375;4112,1875;3950,625;3881,125;4510,25;4908,84375;5426,3125;6258,8125;7111,1875;7309,1875;7363,21875;7000,9375;5799;4457,21875;3288,1875;1822,78125;793,5625;278,125;13,90625;-93,84375;175,9375;110,96875;349,65625;56,1875;184,46875;250,8125;129,28125;-277,75;-206,40625;-244;-156,59375;-234,875;-299,875;86,09375;-191,1875;-175,09375;-176,8125;-380,0625;-305,375;425,40625;1144;1484,5;2105,75;2737;3210,96875;3319,15625;3642,8125;3871,4375;4062,5625;4509,5;4518,84375;4460,5;4159,09375;3647,8125;2969,59375;2182,3125;1301,1875;719;198,8125;-174;-248,96875;-291,15625;-382,5;-298,9375;-395,71875;-314,78125;-229,59375;-208,5625;-439,875;-440,28125;-284,875;-261,78125;-414,03125;-418,6875;-198;-275,21875;-382,625;-97,75;-219,28125;-170,875;-165,0625;-256,84375;-50,71875;-71,53125;-91,34375;-78,1875;-267,53125;-159,1875;-403,15625;-284,71875;-201,15625;-321,75;-42,09375;-67,75;-299,4375;-299,1875;-111,1875;-239,03125;-253,6875;-72,25;-193,25;-137,75;-217,4375;-36,8125;-101,59375;-288,4375;-438,40625;-337,34375;34,375;-62,46875;-157,03125;1,1875;-186,5625;-249,625;-123,0625;-250,84375;-215,625;-280,0625;-280,3125;-190,1875;-192,09375;-140,40625;-259,21875;-316,5625;91,03125;-215,25;-192,3125;-103,375;43,09375;2,28125;-130,40625;-173,375;-56,3125;-188,65625;-190,9375;-94,96875;-105,4375;-157,875;-15,6875;-27,375;-104,6875;-271,46875;-368,71875;-80,75;-222;-116,21875;-297,75;-298,84375;-339,84375;-60,9375;-367,59375;-264,34375;-224,15625;-124,6875;-100,1875;-87,125;-77,6875;-314,875;-96,9375;-186,40625;-281,84375;-377,53125;-262,9375;-366,3125;-187,25;-281,4375;-239;-151,5;-121,3125;-229,875;-290,28125;
-410,28125;-290,40625;-165,5625;-159;-371,96875;-259,9375;-171,4375;-254,875;-328,5625;-235,5625;-275,03125;-188,6875;-337,375;-165,90625;-129,71875;-231,40625;-188,3125;-466,78125;-430,28125;-133,59375;-210,15625;-218,8125;-429,3125;26,84375;-297,5625;-247,84375;-136,90625;-134,5;9;-114,15625;-248,90625;-36,0625;-140,3125;-61,03125;-261,9375;-69,625;-183;-239,875;-147,375;-326,71875;-77,875;-32,03125;-336,6875;-166,0625;-179,46875;-146,78125;-41,8125;-167;-144,78125;-120,28125;-301,71875;-265,96875;-149,3125;-98,21875;-290,40625;-157,0625;24,65625;-131,46875;-98,125;-206,25;-164,40625;-123,96875;-252,375;-105,46875;24,53125;-35,65625;-223,46875;-268,5;-146,09375;-191,1875;-120,5;-146,65625;-201,09375;-30,90625;-156,21875;-85,03125;-24,96875;-242,125;-149,375;-198,8125;-233,1875;-139,59375;6,90625;25,71875;8,8125;68,53125;-125,6875;-163,625;-452;-350,09375;-319,75;-122,53125;-4,34375;60,875;265,0625;263,875;-11,25;213,125;242,78125;67,875;-66;8,59375;197,15625;233,90625;258,59375;569,875;658,5625;600,75;713,46875;869,375;881,65625;637,09375;489,3125;336,4375;562,875;380,21875;613,84375;1006,5625;1248,4375;1745,75;2083,5;2560,125;2834,5;3037,71875;3371,25;3468,53125;3469,5625;3331,84375;3493,4375;3463,96875;3394,0625;3427,28125;3681,28125;3731,6875;3988,5625;4364,96875;4846,96875;5396,28125;5457,71875;5720,125;6329,28125;6788,03125;7071,21875;7126,96875;7342,65625;6766,25;6443,90625;5728,9375;5246,625;4621,75;3988,9375;4055,375;3913,75;4381,5;4762,84375;5620,78125;6424,53125;6944,71875;7510,46875;7307,03125;6665,9375;5705,15625;4682,84375;3211,25;2036,5625;1036,96875;441,0625;271,75;176,25;319,03125;126,59375;333,4375;126,6875;161,0625;181,03125;210,40625;-16,84375;-139,34375;-396,1875;-166,09375;-172,78125;-103,28125;-268,625;-163,71875;-165,15625;-398,5;-92,21875;240,40625;468,71875;895,0625;1639,71875;2317,5625;2904,65625;3170,875;3551,28125;3789,15625;4007,34375;4375,03125;4380,53125;4676,65625;4657,09375;4530,3125;3928,53125;3031,9375;2484,6875;1333,875;897,59375;371,375;68,34375;-206;-362,84375;-310,9375;-370,78125;-136,84375;-115,78125;-96,5625;-144,28125;-380,71875;-423,75;-443,09375;-89,625;-308,15625;-385,4375;-188,1875;-132,53125;-189,1875;-269,8125;-226,875;-196,90625;-253,8125;-129,1875;193,875;-133,84375;111,15625;-135,625;-176,625;-228,625;-208,78125;-325,53125;-217,71875;-34,8125;-197,8125;-270,5625;-62,875;-129,9375;-92,78125;-73,875;-167,46875;-18,96875;-32,3125;1,78125;-152,9375;-132,28125;-166,5;11,125;-10,9375;-254,03125;22,46875;-38,625;11,46875;-5,28125;-65,3125;11,1875;-24,28125;-109,34375;-72,90625;-274,5;-230,96875;-180,59375;-191,90625;-87,15625;-107,03125;80,625;-37,40625;-51,46875;-5,125;138;104,25;5,15625;131,65625;-87,53125;-84,71875;-241,96875;-143,5625;-222,53125;20,53125;-130,875;-100,25;23,625;-32,34375;-48,6875;-235,40625;-146,65625;3,875;-169,8125;-202;-258,84375;-90,71875;-111,09375;-59,71875;-14,84375;-255,96875;-254,25;-56,9375;-97,75;-89,40625;-254,15625;-104,5625;41,5;1,75;-288,0625;-207,875;-26,15625;-20,96875;-220,21875;-141,125;-30,65625;-81,5;-95,4375;-103,6875;
-353,625;-253,09375;-426,03125;-301,46875;-156,0625;-271,59375;-185,15625;-288,6875;-347;-428,59375;-377,1875;-256,78125;-247,65625;-446,4375;-394,9375;-490,46875;-281,25;-345,75;-258,5;-263,625;-188,84375;-139;-365,59375;-290,8125;-359,40625;-257,03125;-59,8125;-188,3125;-298,5;-173,5625;-18,21875;-277,125;-130,03125;-253,90625;-279,375;-92,09375;-117,71875;-212,625;-278,75;-285,03125;-10,28125;-308,8125;-134,0625;-205,125;-241,15625;-418,71875;-343,59375;-304,34375;-231,8125;-374,28125;-379,34375;-437,75;-139,09375;-117,03125;-97,25;-277,15625;-356,375;-231,3125;-276,28125;-492,15625;-394;-76,53125;-327,96875;-360,3125;-366;-130,78125;-178,84375;-176,3125;-412,65625;-292,46875;-80,75;-223,65625;-291,375;-250,53125;-266,34375;-271,28125;-258,3125;-173,125;-279,15625;-178,5625;-241,25;-138,9375;-397,9375;-51,78125;-79,03125;-197,9375;-142,9375;-212,0625;-389,5625;-179,9375;-197,3125;-356,96875;-134,96875;-132,21875;87,28125;230,40625;93,09375;239,6875;12,875;-134,78125;-156,84375;-259,28125;-186,96875;-38,4375;316,21875;409,53125;481,875;808,5;651,53125;651,875;532,125;315,96875;355,9375;47,375;251,59375;277,09375;299;861,71875;1240,96875;1548,34375;1998,28125;2155,21875;2572,15625;2794,78125;2874,8125;2696,71875;2885,59375;2936,1875;2994,03125;2976,34375;2894,8125;3032,4375;3207,75;3468,09375;3703,34375;3921,96875;4280,71875;4823,65625;4957,78125;5513,96875;5892;6034,5;6458,1875;6653,59375;6716,375;6490,40625;5938,84375;5473,0625;4648,375;4136,3125;3520,625;3639,59375;3890,75;4018,1875;4402,75;5319,71875;6131,90625;6672,6875;7158,375;7196,5;6566,25;5627,71875;4507,46875;3027,28125;1751,125;956,9375;381,84375;92,34375;-109,15625;-71,59375;90,4375;72,6875;193,75;132,5;111,78125;-59,9375;57,5625;-318,125;-155,75;-323,84375;-352,78125;-243,03125;-247,09375;-366,25;-60,0625;-277,5;-241,375;69,15625;102,4375;754,59375;1604,21875;2381,8125;2793,84375;3122,1875;3476,75;3850,125;3927,9375;4188,3125;4576,1875;4735,46875;4552,96875;4254,53125;3708,34375;2972,21875;2163,90625;1360,4375;623,15625;186,25;-242,875;-572,0625;-440,1875;-194,46875;-505,53125;-424,28125;-376,75;-382,96875;-280,03125;-380,6875;-333,125;-604,96875;-232,6875;-387,46875;-383,40625;-414;-143,8125;-515,875;-304;-292,71875;-223,625;-337,40625;-201,46875;-33,5625;-110,59375;-230,4375;-253;-167,9375;-514,4375;-239,46875;-75,5;-424,71875;-333,78125;-320,96875;-512,625;-333,90625;-319,21875;-282,34375;-79,59375;111,875;-162,625;-107,46875;-258,0625;21,65625;-352,75;-398,53125;-264,3125;-158,875;-249,03125;-326,96875;-41;-68,125;-123,6875;41,0625;-38,46875;-274,125;-208,75;-381,125;-231,28125;-127,59375;-224;-310,3125;-342,0625;-323,53125;-106,03125;-28,09375;-39,9375;-12,4375;-233,875;-67,6875;-183,90625;-112,59375;-333,4375;-142,65625;-97,96875;-188,21875;-368,53125;-83,71875;-186,25;-170,34375;-213,59375;-356,34375;-161,4375;-173,3125;-87,15625;-248,09375;-49,71875;-204,65625;-95,78125;-152,625;-253;-226,75;-417,90625;-475,34375;-179,90625;-211,09375;-278,75;-216,0625;-125,9375;-173,1875;-197,59375;-221,8125;-154,03125;-202,34375;-160,34375;-286,1875;-382,5;-266,96875;-345,65625;-275,125;-322,5625;-220,84375;
-402,9375;-159,125;-204,09375;-116,84375;-312,90625;-370,4375;-236,625;-199,59375;-237,15625;-145,1875;-5,84375;-286,09375;60,53125;-251,6875;-136,1875;-80,125;-170,03125;-275,09375;-79,125;-210,625;-368,28125;-192,90625;-295,34375;-443,5;-37,53125;-105,6875;-242,15625;-96,90625;-259;-195,625;-371,65625;-177,21875;-126,5;-92,75;-213,25;-93,9375;-158,9375;-248,34375;-130;-94,46875;-347,59375;-182,78125;-55,9375;-332;-75,78125;-130,40625;-391,46875;-231,71875;-192,0625;-224,90625;-200,40625;-22,125;82,71875;-296,59375;-127,4375;-322,03125;-144,84375;-254,21875;-141,03125;-90,125;-35,875;-64,03125;-0,8125;-143,34375;-275,96875;-116,28125;-100,71875;-218,78125;-84,3125;-298,90625;-121,03125;-103,78125;-183,84375;-4,71875;212,96875;77,90625;-236,375;-224,78125;-59,1875;54,96875;-9,78125;-323,71875;-174,40625;16,21875;-85,09375;-155,3125;-31,21875;-24,90625;-235,0625;-169;-146,09375;-289,34375;-198,59375;111,75;2,875;449,4375;324,59375;312,125;92,21875;-22,6875;-238,1875;-245,03125;-112,6875;146,4375;313,03125;410,5;584,84375;543,0625;779,28125;782,0625;568,9375;447,4375;581,59375;345,59375;373,53125;212,75;383;602,96875;757,25;1440,34375;1785,28125;2031,59375;2470,71875;2669,96875;2785,71875;2490,3125;2528,34375;2599,71875;2802,5;2573,25;2650,25;2849,65625;3113,625;3123,34375;3555,59375;3624;3949,53125;4462,5625;4826,3125;5201,59375;5637,4375;5858,59375;6252,71875;6347,5625;6431,65625;5961,625;5745,6875;4981,71875;4529,3125;4045,96875;3636,40625;3520,59375;3316,1875;3738,28125;4319,03125;5066,625;5925,59375;6651,65625;6988,40625;7049;6593,53125;5730,96875;4215,09375;3018,46875;1708,0625;859,46875;446,25;256,0625;48,59375;115,40625;146,8125;461,90625;403,28125;306,59375;348,1875;277,1875;151,21875;-201,4375;-437,625;-210,3125;-209,34375;-92,53125;-111,9375;-115,15625;-206,15625;-222,96875;-220,40625;15,5625;484,96875;856,65625;1470,1875;2365,96875;2612,96875;3340,75;3516,75;3853,0625;4204,25;4621,4375;5014,1875;4775,78125;4696,40625;4340,0625;3782,3125;3052,03125;2082,40625;1524,5625;716,46875;249,71875;-191,28125;-338,4375;-275,875;-328,28125;-154,875;-310,0625;-282,125;-294,5625;-296,125;-319,21875;-360,21875;-343,53125;-517,5;-203,71875;-190,40625;-291,46875;-194;-158,84375;-161,40625;-104,0625;-173,96875;-215,09375;-220,28125;128,9375;-13,28125;-38,125;-60,53125;-23,5;-450,65625;-299,375;-248,1875;-363,4375;-224,46875;-164,21875;-75;-242,84375;-177,6875;-13,65625;-44,84375;-18,3125;6,46875;-179,21875;-139,5625;6,09375;-59,96875;-140,34375;-175,65625;-62,03125;-188,84375;34,9375;-62,71875;35,96875;278,09375;-49,3125;-183,21875;-105,4375;-327,96875;-204,1875;-187,46875;2,03125;-223,625;-97,875;-97,65625;27,9375;-202,21875;-127,875;77,75;80,84375;128,375;-32,28125;-94,6875;-141,84375;93,5;-250,375;7,65625;23,78125;-24;23,65625;-130,1875;41,625;-124,34375;-145,71875;-75,4375;17,9375;-20,46875;8;-116,78125;-186,59375;-104,21875;-94,25;-219,875;-490,125;-160,875;21;253,5;-121,15625;-69,4375;-109,4375;-106,46875;-86,53125;-94,5;-76,75;-314,90625;-238,46875;-137,96875;-165,03125;-82,90625;-96,59375;-119,9375;-249,125;-109,0625;-9,90625;
-295,21875;-432,125;-210,625;-270,75;-385,46875;-307,0625;-230,375;-164,75;-181,25;-287,78125;-404,25;-210,21875;-304,09375;-380,9375;-93,25;-76,75;-17,375;-129,3125;-187,71875;-240,875;-282,03125;-235,5;-273,3125;-203,34375;-8,625;-206,40625;-303,875;-290,78125;-224,25;-158,40625;-209,59375;-261,9375;-25,75;-227,1875;-166,375;-186,25;-128;-125,1875;-155,28125;-218,8125;-233,625;-247,40625;30,8125;-296,5;-114,25;-345,96875;-144,75;-349;-132,4375;-367,09375;-170,34375;-152,5625;-204,09375;-205,34375;-292,84375;-238,5625;-1,71875;-133,15625;-172,625;-284,5625;-12,53125;-92,875;-139,65625;-193,84375;-146,59375;-229;-133,0625;-207,03125;-230,4375;-184,25;-144,28125;-133,75;-86,25;-95,5;-13,46875;-60,71875;-306,09375;-80,375;-188,28125;-435,6875;-197,90625;-105,9375;-19,4375;48,09375;60,15625;55,9375;-130;-98,71875;-221,15625;-291,25;-335,34375;-10,3125;105,25;156,78125;249,0625;310,90625;180,28125;209,5;-21,875;7,625;-158,28125;-182,0625;19,71875;9,375;243,46875;341,53125;492,84375;434,625;292,21875;478,75;339,5;344,09375;229,34375;-14,65625;213,34375;49,1875;316,1875;353,78125;743,5625;965,34375;1594,90625;1759,78125;2117,65625;2242,03125;2426,96875;2177,59375;2080,4375;2182,71875;2062,1875;2093,34375;2254,78125;2293,28125;2453,4375;2525,9375;2741,46875;3235,75;3483,1875;3907,46875;4339,53125;4560,0625;4803,5625;5169,53125;5550,375;5825,34375;5859,28125;5752,59375;5105,84375;4648,15625;4064,1875;3455,5;3128,0625;3062,9375;2933,15625;3440,53125;4132,09375;4520,25;5441,5625;5875,59375;6632,125;6510,875;6251,40625;5303,6875;4053,5;2824,59375;1609,78125;767,125;341,03125;278,46875;326,78125;6,5;96,34375;232,28125;347,5625;374,1875;224,1875;193,59375;11,5;88,65625;-162,8125;-52,40625;-132,875;-238,5;-26,875;-105,03125;-78,96875;-297,65625;-48,96875;41,71875;300,84375;961,03125;1718;2135,84375;2772,03125;3138,0625;3527,3125;3828,5625;4318,09375;4681,375;4791,71875;4914;4705,28125;4400,90625;3865,90625;3056,03125;2163,5;1272,53125;721,375;153,25;-189,0625;-490,375;-545,5;-176,5625;-195,28125;-467,59375;-296,6875;-469,8125;-229,21875;-364,84375;-460,75;-195,15625;-296,4375;-233,53125;-108,8125;-327,4375;-265,09375;-107,5;-107,28125;-242,71875;-210,34375;-135,46875;-35;-21,75;33,0625;5,78125;-71,15625;-96,90625;-157,9375;-347,21875;-354,0625;-214,0625;-122,09375;-192,96875;-137,375;-170,40625;-59;-111,90625;-241,5;-213,5625;-46,0625;-236,5625;-180,3125;-47,03125;-271,28125;-329,71875;-288,0625;24,625;-130,3125;-283,6875;-49,0625;257,84375;163,71875;227,8125;-90,53125;-142,875;-315,125;-215,625;-155,96875;13,15625;-54,125;-127,21875;-133,78125;-32,5625;-371,75;-97,8125;94,3125;-42,6875;-1,4375;-16,03125;-149,40625;-94,46875;-278,84375;35,375;-135,0625;-36,71875;-138,40625;21,71875;-218,09375;-191,9375;-150,625;-106,96875;-178,125;-157,5;-134,15625;-175,03125;-141,25;-242,34375;-116;-112,78125;-367,03125;-206,78125;-317,34375;-113,09375;-202,875;-396,71875;-73,9375;-413,4375;-213,15625;-298,46875;-101,15625;40,65625;-155,25;-228,46875;-89,65625;-267,96875;-151,84375;-182,65625;-137,9375;-203,75;-184,5;-145,84375;
3,90625;74,21875;-185,71875;-116,1875;-224,65625;-89,03125;-333,15625;-25,53125;-105,875;-176,375;-146,96875;-250,15625;154,78125;-263,96875;-82,4375;207,71875;-71,75;-27,15625;-70,28125;97,28125;-208,6875;-118,09375;-155,5;-141,90625;-61,125;-65,375;-117,21875;-116,5625;-211,90625;-0,5625;-184,6875;-84,46875;-83,8125;-207,53125;22,03125;-216,3125;-87,84375;-30,71875;-151,0625;-7,25;-86,40625;-60,59375;-199,25;-88,40625;-186,15625;-143,75;-241,8125;-291,6875;-98,90625;-21,90625;97,84375;-2,65625;-101,4375;-156,78125;60,625;-95,0625;-271,21875;-271,46875;71,53125;-100,65625;-207,9375;142,03125;-138,71875;-75,3125;-10,6875;-179,34375;60,09375;-75,5625;-40,46875;-142,5625;-17,28125;-107,53125;-120,25;-27,09375;-39;-141,8125;-53,96875;-12,9375;-144,21875;68,625;-50,53125;-138,96875;-125,15625;-142,4375;106,59375;259,75;-71,1875;-32;-5,5;-255,375;-97,3125;-55,84375;192,3125;163,65625;445,40625;181,375;188,40625;241,5;218,84375;107,84375;-177,6875;-111,125;-134,78125;410,125;1,53125;497,28125;392,5625;261,3125;420;615,71875;386,6875;145,46875;214;-67,40625;136,9375;264,09375;181,15625;346,34375;590,0625;1247;1459,125;1955,53125;1918,0625;2027,15625;1925,1875;2034,8125;1881,90625;1661,96875;1668,6875;1725,25;1814,90625;2062,34375;2034,03125;2347,78125;2657;2932,78125;3119,8125;3588,96875;3715,28125;4099,09375;4404,78125;4670,0625;5153,96875;5300,625;5370,90625;4891,625;4610,71875;4066,375;3698,875;3003,375;2815,96875;2793,28125;2673,375;3012,5;3594,375;4187,96875;5008,78125;5558,375;6216,375;6479,625;5920,84375;5034,75;3878,5625;2452,40625;1651,59375;903,625;396,8125;263,8125;12,5625;241,40625;336,3125;333,25;537,65625;442,4375;423,125;221,90625;115,6875;20,625;-194,09375;-14,28125;-0,84375;-177;123,0625;-85,625;-248,09375;-91,1875;-85,78125;12;341;1087,40625;1804,6875;2190,375;2700,03125;3193;3597,40625;4081,375;4325,09375;4825,65625;5115,65625;4931,1875;5045,84375;4497,6875;3939,84375;3156,65625;2216,4375;1359,9375;518,8125;-59,59375;-36,75;-132,96875;-157,75;-248,1875;-152,1875;-93,21875;-199,40625;-131,28125;-156,1875;-316,9375;-398,09375;-410,28125;-202,625;-299,6875;-150,90625;-346,15625;-179,96875;-15,40625;86,0625;52;32,75;-23,21875;205,46875;-40,625;-123,46875;-48,9375;-31,6875;-232,5;-48,03125;-261,53125;-191,96875;-88,78125;-122,15625;-60,40625;-239,90625;-23,96875;-130,40625;-88,25;64,71875;-13,625;-64,15625;104,5625;-109,75;-155,9375;-31,46875;60,1875;19,40625;-124,71875;33,03125;167,8125;162,96875;178;10,8125;111,09375;47,3125;-92,28125;-59,0625;-24,90625;-80,5;60,28125;33,25;95,0625;13,5;74,34375;15,53125;-126,15625;22,625;61,875;266,84375;109,28125;-199,75;-12,125;-54,21875;-202,375;-72,53125;138,40625;-109,375;73,125;-125,875;-138,125;-39,6875;-98,34375;-91,78125;-230,75;24,5625;23,90625;34;79,28125;-86,4375;70;-82,84375;-173,53125;-131,875;-192,03125;-181,875;-9,21875;-113,28125;-75,84375;-134,0625;-314,40625;213,375;-48,59375;-128,28125;14,3125;76,40625;-65,09375;-49,3125;-269,9375;-176,875;25,21875;-134,53125;113,46875;
-133,65625;-87,21875;-283,9375;2,96875;-133,25;-90,4375;-286,0625;-270,40625;-184,5;-213,03125;-158,9375;-118,40625;-235,90625;-13,65625;-179,9375;-341,46875;-221,84375;-278,9375;-204,46875;-240,15625;-153,40625;-223,25;-294,15625;-252,125;-159,875;-231,09375;-95,8125;-174,46875;-91,8125;-238,90625;-156,25;-342,03125;-324,5;-216,75;-34,34375;-22,40625;-92,625;-152,3125;-96,125;-114,46875;-156,4375;-131,125;-313,5;-166,21875;-75,6875;-131,5625;-34,3125;-157,75;58,09375;-303,84375;35,625;-208,21875;-52,125;115,625;-149,78125;-179,78125;-24,25;-160,53125;-104,125;-39,84375;-127,03125;-205,34375;-353,3125;49,375;-146,5625;-314,5;-138,90625;-141,1875;-178,5625;133,375;-47,21875;-290,9375;-240,34375;-252,34375;-159,53125;-98,9375;-236,65625;27,78125;-226,625;-42,625;-93,90625;-156,5;57,46875;35,0625;-9,3125;-132,8125;-266,34375;-144,96875;-107,90625;-318,90625;-88,78125;-191,90625;44,09375;424,40625;332,28125;379,6875;165,21875;90,375;-429,4375;-330,34375;-229,71875;-238,96875;-127,78125;-37,28125;384,40625;201,03125;295,40625;356,5;180,8125;348,71875;267,5625;155,8125;18,625;-197,375;-173,3125;-66,40625;-36,875;76,15625;488,59375;716,4375;1246,71875;1569,9375;1569,71875;1671,40625;1722,5;1304,625;1197,8125;1275;1264,53125;1108,0625;1257,28125;1374,6875;1586,8125;1921,1875;2109;2405,8125;2742,75;2915,375;3105,5625;3381,5625;3690,28125;4171,28125;4375,4375;4497,15625;4509,5;4352,25;3862;3402,59375;2824,125;2590,65625;2318,8125;2073,625;2484,09375;2744,875;3036,34375;3470,46875;4085,125;4955,84375;5398,25;5412,96875;5046,78125;4216,9375;3481,96875;2458,875;1377,25;643,625;58,625;113,40625;13,625;115,90625;207,15625;149,21875;340,15625;229,78125;189,25;206,65625;65,59375;53,84375;-38,34375;-271,03125;-262,3125;-177,8125;-251,46875;51,375;-210,75;-259,625;-133,09375;-63,25;347;932,21875;1512,8125;2186,59375;2640,25;3043,625;3711,59375;3761,1875;4590,09375;4782,5;5077,46875;4840,84375;4698,40625;4307,46875;3564,46875;2957,09375;2044,03125;1137,96875;312,4375;33,25;-63,6875;-265,34375;-504,96875;-468,28125;-231,65625;-183,75;-192,125;-260,90625;-194,375;-160,8125;-167,46875;-257,9375;-250,84375;-186,875;-66,1875;-236,28125;-216,28125;-307,125;-293,0625;-198,0625;-358,75;-114,5625;-333,6875;-176,46875;-208,90625;-103,4375;-209,84375;-194,46875;-330,5625;-159,8125;-480,75;-445,125;-218,8125;-414,125;-305,96875;-76,65625;-265,34375;-133,5625;46,21875;-91,90625;-41;-172,9375;-172,34375;-175,59375;-189,3125;-275,84375;-165,875;134,84375;-23,0625;-163,90625;-1,21875;-178,625;34;-78,40625;-180,1875;-238,46875;-47,625;-235,96875;57,625;-74,65625;-3,21875;147,71875;-198,15625;-90,96875;-180,875;-9,96875;-242,75;77,3125;-81,90625;135,28125;21,875;-262,6875;-84,34375;-220,15625;-126,375;-74,21875;-88,8125;-30,15625;-59,75;-182,96875;-263,3125;-293,625;-202,03125;-244,28125;31,1875;-179,96875;57,15625;-214,3125;-142,5;-153,40625;-129;70,8125;-116,25;-347,59375;-104,34375;-126,0625;-174,6875;7,0625;-168,4375;-390,6875;-198,53125;-208,09375;-108,78125;-219,15625;-173,25;-136,96875;-225,9375;-285,75;-204,15625;-203,28125;-292,21875;-253,28125;
-179,5625;-81,6875;-374,71875;-227,40625;-190,03125;-139,625;-59,78125;-411,75;-379,1875;-212,1875;-211,46875;-111,0625;-392,78125;-185,15625;-427,53125;-226,625;-275,46875;-358,59375;-248,875;-130,78125;-268,8125;-352,875;-303,875;-124,875;-96,8125;-272,1875;-92,9375;129,1875;8,4375;-284,53125;-409,09375;124,96875;-280,625;-140,78125;-168,875;-141,46875;-206,625;-421;-347,5;-182,15625;-268,90625;-254,15625;-42,90625;-145,90625;-121,15625;-310,25;-263,46875;-319,6875;-495,3125;-159,46875;-336,84375;-399,96875;-242,90625;-400,15625;-286,9375;-16,90625;10,9375;-151,65625;-138,8125;-239,40625;-309,03125;-346,71875;-325,3125;-169,15625;-180,40625;-176,625;-50,9375;-136,96875;-290;-72,5625;-20,3125;-110,625;-64,5;22,8125;-160,46875;-168,15625;-68,84375;-227,6875;-259,46875;-194;-256,21875;-232,8125;195,84375;4,9375;9,4375;-152,21875;-103,21875;-164,65625;-198,34375;-47,8125;-295,84375;-57,21875;125,5625;145,34375;180,25;301,09375;223,3125;24,5;-109,875;-249,96875;-297,21875;-136,21875;93,34375;92,21875;105,875;206,1875;247,125;390,625;152,21875;52,875;-2,09375;-162,28125;-241,59375;-206,125;-84,75;-181,09375;-184,15625;414,875;208,8125;658,65625;996,78125;1064,25;1232,65625;1418,28125;1377,78125;1032,1875;1121,0625;969,34375;876,4375;884,65625;881,4375;1164,875;1152,65625;1580,25;1869,1875;2015,96875;2336,28125;2355,53125;2795,21875;2831,96875;3119,4375;3356,6875;3736,78125;3986,40625;3890,9375;3672,84375;3176,4375;2895,71875;2300;1880,65625;1640,34375;1628,75;1660,21875;2114,5625;2454,625;3170,65625;3642,90625;4252,1875;4610,625;4694,0625;4474,6875;3954,6875;2916,40625;1844,65625;1064,375;365,90625;67,875;46,53125;123,96875;238,53125;103,5625;193,3125;345,90625;300,1875;107,03125;383,125;6,78125;-26,46875;-108,65625;-254,0625;-146,71875;-284,625;95,625;-97,15625;-161,3125;-295,3125;-296,25;-75,28125;410,3125;807,125;1516,15625;1890,375;2608;2959,5;3556,65625;3907,21875;4587,21875;4819,53125;4968,75;5150,96875;4829,78125;4346,875;3788,53125;2846,0625;1770,5;1263,5625;477,59375;-50,0625;32,34375;-353,03125;-451;-248,4375;-200,84375;-320,84375;-232,59375;-140,96875;-385,09375;-298,3125;-369,1875;-272,53125;-282,46875;-265,34375;-374,84375;-374,28125;-173,53125;-132,53125;-298,59375;-27,5;-76,25;-303,3125;-54,375;12,46875;-37,84375;-346,84375;-28,46875;-148,5;-128,6875;-204,28125;-98,375;-513,21875;-57,59375;-188,96875;-318,78125;-139,125;-245;-125,875;17,15625;-33,5625;-112,9375;-186;-206,9375;-206,3125;-105,4375;-146,25;37,28125;-129,8125;-317,625;-80,03125;39,875;253,9375;-148,71875;8,9375;125,125;-59,09375;-48,4375;-116,84375;-30,1875;-20,5625;-112,96875;-119,375;2,71875;-304,0625;-28,09375;-192,6875;81,59375;96,125;-14,28125;101,34375;40,71875;-145,34375;-122,6875;-372,625;-4,4375;-100,0625;-162,03125;-156,75;-21,53125;-103,53125;-272,4375;40,90625;-204,9375;-322,46875;-228,96875;-121,90625;-162,9375;-286,09375;-266,5;-266,34375;-242,03125;-149,875;-171,75;-67,34375;4,34375;-20,21875;-273,21875;-256,40625;-183,9375;-451,90625;-166,84375;-256,71875;-130,90625;-191,4375;-289,625;-37,15625;1,90625;-44,125;-140,25;-40,28125;-226,3125;-156,25;
51,75;-43,875;0;-84,375;-75,5625;-57,15625;-113,90625;-13,90625;-52;-43,4375;-129,3125;-54,875;73,75;66,21875;85,6875;-127,875;-41,65625;-165,59375;-4,625;-177,625;68,40625;-176,09375;-22,3125;65,8125;132,875;146,09375;-94,53125;216,8125;-0,875;-103,53125;64,625;-234,5625;-57,0625;-13,53125;87,8125;47,46875;-219,78125;-133,09375;30,125;103,40625;-24,65625;53,0625;38,4375;56,84375;-91;-226,625;-74,75;-36,75;-146,46875;-1,875;24,65625;151,28125;35,90625;-93,34375;-133,0625;-76,25;-209,25;226,8125;-78,40625;20,375;-20,15625;-109,78125;19,5625;-9,5625;68,21875;52,09375;-70;-111,21875;-15,40625;-43,78125;19,28125;51,5;170,09375;88,21875;117;-3,6875;103,8125;-143,96875;53,5625;-92,65625;104,375;56,65625;-41,46875;332,96875;-54,84375;28,59375;176,75;23,03125;-191,28125;-20,53125;215,21875;-32,96875;183,375;478,84375;461,71875;322,84375;468,4375;218;61,8125;176,6875;81,21875;65,25;229,28125;221,875;340,4375;330,40625;312,21875;508,5;426,59375;307,15625;62,46875;57,96875;-24,75;-13,96875;57,875;-168,5;244,3125;65,78125;205,84375;755,15625;980,46875;1224,1875;1270,4375;1220,1875;1042,125;1071,625;736,40625;858,4375;847,40625;793,375;713,53125;1092,625;1160,875;1580,65625;1624,375;1975,03125;2286,21875;2364,28125;2206,5;2705,15625;2826,5;2865,65625;3375,28125;3372,375;3283,28125;3117,78125;2808,78125;2251,625;1948,375;1707,8125;1505,15625;1315,1875;1696,40625;1742;2058,03125;2608,65625;3257,40625;3834,75;4189,1875;4402,46875;4108,8125;3211,4375;2373,90625;1774,84375;890,09375;479,65625;139,03125;286,625;244,6875;243,78125;351,90625;341,15625;203,53125;630,0625;419,375;459;121,71875;96,875;31,59375;-1,78125;-77,625;149,875;2,09375;9,125;75,46875;-95,125;-220,78125;69,5625;432,25;1026,65625;1275,125;2090,75;2637,375;3193,46875;3736,875;4107,5;4722,84375;5009,96875;5263,5625;5284,25;5114,0625;4498,8125;3810,25;2918,375;2330,1875;1375,28125;401,46875;197,53125;-27,0625;-27,25;-140,8125;2,875;-151,4375;-135;-62,5625;-215,96875;-189,3125;-48,15625;-55,75;-134,78125;-203,25;15,09375;-253,84375;-61,875;-269,625;-78,5;67,59375;-138,8125;-324,15625;129,25;63,875;196,84375;103,46875;-83,6875;91,84375;-108,5;-69,4375;-103,3125;-148,90625;-202;-187,09375;-162,40625;100,375;14,625;26,9375;-48,84375;-46,4375;-22,03125;107,65625;-359,03125;-91,0625;-16,15625;-16,34375;8,71875;136,40625;-30,65625;27,25;46,375;257,09375;206,375;244,03125;147,8125;-184,125;192,25;22,21875;167,625;87,03125;105,78125;152,25;139,21875;61,9375;204,375;5,59375;72,21875;196,78125;78,21875;-12,6875;230,8125;378,40625;30,3125;110,28125;113,0625;69,96875;72,1875;7,65625;228,9375;219,6875;-118,125;20,28125;106,96875;233,96875;131,0625;128,28125;-25,96875;-119,0625;-254,46875;-78,28125;-7,8125;-43,6875;54,21875;-13,71875;-8,75;-49,5;18,4375;84,71875;131,28125;225,96875;-152,375;-155,25;-9,875;-55,96875;-28,65625;-44,875;-240,84375;-62,40625;-48,34375;-103,75;-153,40625;-124,3125;77,5;
-199,21875;-41,75;-374,125;-196,21875;-66,34375;-324,90625;-184,125;-65,3125;-304,3125;-264,5;-171,3125;-336,75;-180,28125;-358,5;-200,65625;-114,59375;-162;-183,5;-279,6875;-309,375;-212,21875;-241,1875;-186,9375;-180,3125;-113,09375;30,84375;12,78125;-69,9375;-220,375;-113,4375;-222,59375;22,875;-115,9375;-82,75;-95,15625;6,375;-141,78125;-96,46875;-41,84375;-153,4375;-193,09375;-251,71875;-213,21875;-177,84375;-5,875;-300,09375;-218,4375;-197,5625;31,125;43,8125;-239,84375;-27,0625;-191,21875;-344,71875;-200,40625;-353,28125;-199,75;-281,40625;-372,53125;-90,84375;-193,65625;-5,6875;-137,0625;-116,59375;-128,59375;-110,25;-273,09375;-110,71875;-49,5;-295,6875;-63,34375;-198,59375;-129,78125;-34;126;-166,3125;-261,28125;-114,0625;-134,90625;8,15625;12,25;57,375;1,09375;3,78125;-55,59375;68,8125;-148,46875;15,84375;-247,0625;-252,875;-206,96875;-66,875;116,9375;227,8125;362,15625;283,03125;447,71875;-1,21875;-64,34375;-58,84375;81,125;-47,8125;-197,8125;136,3125;455,21875;241,625;241,28125;206,5625;134,65625;7,0625;-142,40625;-224,46875;-227,125;-351,0625;-435,8125;-207,53125;34,125;100,875;541,28125;612,5625;551,75;915,9375;1030,4375;952,3125;1153,1875;570,4375;691,71875;553,5625;479,15625;302,0625;324,3125;633,875;824,46875;1076,46875;1423,09375;1704,125;2054,9375;2001,21875;2267,21875;2198,5625;2487,28125;2561,875;2501,4375;2598,3125;2510,59375;2393,875;2112,8125;1617,75;1366,53125;1026,03125;886,03125;849,09375;974,0625;1497,71875;1707,21875;2140,4375;2318,96875;3007,5;3324,21875;3392,40625;3260,96875;2743,96875;1953,75;1119,625;593,90625;202,625;42,90625;24,40625;-21,21875;101,0625;49,71875;460,21875;320,21875;251,40625;250,5625;194,59375;169,6875;-43,46875;-88,96875;-201,3125;-296,6875;-11,3125;-89,09375;-170,59375;-52,84375;-367,84375;-198,71875;-76,53125;404,53125;813,1875;1430,09375;2162,625;2745,90625;3236,21875;3402,28125;4137,5;4341,90625;5076,96875;5191,5625;5274,3125;5149,5625;4379,28125;3583,46875;2954,4375;1860,4375;1167,75;596,59375;206,59375;-111;-471,65625;-269,03125;-298,65625;-181,625;-314,46875;-345,8125;-269;-276,65625;-119,34375;-191,25;-493,28125;-330,75;-193;-380,71875;-451;-131,5625;-306,84375;-198,90625;-146,65625;-157,09375;-246,875;-274,03125;23,1875;-227;-35,65625;-2,46875;-261,96875;-131,5625;-249,375;-307,375;-61,8125;-310,375;-197,1875;-49,21875;-120,375;-120,71875;64,75;-184,3125;-168,59375;-122,03125;-292,6875;-1,46875;-44,4375;-33,8125;-121,40625;-20,71875;38,375;-133,875;-227;-88,6875;-58,90625;50,96875;-8,71875;2,9375;-119,0625;-153,71875;-328,78125;80,34375;3,84375;261,8125;203,3125;-6,15625;3,875;-136,03125;-12,46875;-75,21875;55,40625;152,25;-26,6875;-39,71875;-198,3125;-89,25;18,3125;-173;-17,78125;-261,28125;-128,15625;15,5625;-44,6875;-69,09375;-98,46875;-134;-23,03125;1,03125;-68,625;-21,375;-82,9375;-201,625;-89,4375;-108,0625;-197,3125;-62,46875;-141,5625;-95,03125;-173,46875;-186;-351,28125;-129,8125;-223,28125;-155,71875;32,71875;-144,34375;-258,53125;-126,09375;-279,75;-57,1875;-128,5;39,46875;-164,625;-279,34375;-245,875;
-233,71875;-151,46875;-213,375;-69,40625;-421,34375;-235,875;-283,25;-140,34375;-302,34375;-285,6875;-269,96875;-53,875;-30,5;-61,46875;-134,3125;-42,875;-158,59375;-257,75;-193,25;-250,3125;-267,4375;-151,09375;-94,3125;-11,875;-45,6875;-128,03125;195,375;-207,625;-273,09375;-71,59375;-51,5625;-119,75;-186,125;-25,46875;-43,03125;-170,28125;-221,71875;-76,5625;-207,3125;-25,53125;-311,59375;-199,625;-296,1875;-271,65625;-379,28125;-264,1875;-348,78125;-165,3125;-218,4375;-324,125;-178,1875;-299,53125;-81,15625;-246,75;-164,15625;-19,6875;-134;-229,375;-186,6875;-105,59375;42,15625;-235,03125;-181,71875;-30,96875;-144,09375;-175,65625;-170,90625;61,34375;-132,0625;-91,375;81,71875;25,4375;-155,1875;-162,09375;48,5625;-96,84375;-152,3125;-245,375;-151,09375;-63,96875;-175;-307,78125;-69,90625;31,625;-17,6875;-14,90625;-47,09375;-109,625;-82,875;-268,375;-226;62,96875;300,84375;316,875;230,84375;342,125;271,25;172,46875;82,5625;-156,40625;-105,1875;6,6875;281,03125;174,65625;412,25;651,9375;404,9375;122,3125;313,65625;77;70,21875;28,75;-247,21875;-255,8125;-238,21875;-284,96875;-107,28125;185,28125;351,21875;571,09375;885,0625;976,625;1081,5;1079,09375;509,4375;466,21875;231,625;265,59375;88,5;197,09375;177,375;336,78125;718,96875;1093,28125;1521,8125;1706,125;1903;2077,75;2036,375;1781,125;1962,25;1993,4375;2095,8125;2113,625;2247,09375;2207;1778,78125;1194,625;1139;726,78125;725,5625;713,5;780,5625;982,84375;1435,75;1736,3125;2328,8125;2712,53125;2774,4375;3028,5;2696,53125;2396,125;1491,0625;872,3125;545,125;252,71875;83,59375;-24,5625;108,40625;260,1875;268,8125;371,90625;178,8125;222,78125;384,71875;278,09375;243,75;5,84375;-5,28125;-330,75;0,25;-82,875;142,78125;-107,625;-130,5;-166,65625;-300,78125;-16,90625;350,1875;1138,875;1619,0625;2213,46875;2756,5;3371,4375;3748,4375;4344,28125;4718,9375;5105,84375;5427,34375;5396,46875;5014,1875;4742,96875;3719,09375;2836,59375;1949,46875;1119,03125;591,3125;79,96875;-18;-415,25;-206,875;-344,3125;-306,28125;-324,09375;-187,28125;-323,125;-452,40625;-170,40625;-291,40625;-315,03125;-234,4375;-342,71875;-139,71875;-131,46875;-228,8125;-148,96875;-294,1875;-119,4375;-353;-178,5625;-146,5625;57,90625;-91,53125;-29,3125;-177,625;-383,96875;-304;-228,21875;-272,59375;-137,3125;-174,40625;-142,5625;-82,09375;-181,8125;-66,78125;16,71875;-95,28125;175,65625;-275,875;-105,53125;72,84375;122,46875;-182,96875;-75,125;-85,75;-65,625;-34,5;-60,34375;95,53125;-61,34375;151,09375;-131,78125;88,71875;-166,0625;-19,65625;-258,90625;110,21875;72,5625;154,84375;-110,9375;1,75;-65,6875;-117;95,25;51,25;-11,59375;-60,46875;-1,125;229,53125;143,40625;-92,28125;-139,21875;-117,65625;-94,15625;-31,28125;-100,78125;-48,03125;-89;-203,5625;-126,78125;-121,5625;87,90625;-66,5;-83,40625;-152,25;-128,25;-275,34375;-141,28125;-270,0625;-167,25;0,8125;-162,3125;-114,25;-82,1875;-198,53125;-167,65625;-192,71875;-34,46875;-178,5625;-323,9375;-122,0625;-169,875;-191,75;-113,46875;-478,21875;-115,96875;-94,875;-135,65625;-266,5625;-59,125;
-133,84375;79,34375;-143,0625;-36,8125;-160;-136,9375;-266,4375;-272,8125;-64,75;16,1875;-98,21875;-168,03125;130,75;-82,09375;103,90625;-167,6875;99,46875;-105,09375;-202,03125;-154,34375;23,84375;-76,15625;11,15625;-130,03125;59,46875;-70,625;-142,40625;-104,78125;-97,90625;129,34375;-100;-92,09375;-184,6875;-105,40625;-231,71875;-15,28125;-138,0625;-54,5;-217,75;29,6875;-212,375;-106,5;-110,34375;-301,0625;-141,5625;-158,1875;-245,75;-229,75;-79,9375;-258,5;-218,71875;-54,34375;-55,3125;-167,78125;-217,40625;-286,28125;-243,4375;-110,96875;-93,03125;-144,25;-130,6875;-131,6875;-148,6875;165,96875;48,84375;-148,5625;-16,65625;-55,96875;-47,84375;-93,53125;93,9375;-123,0625;-36,21875;143,625;181,71875;188,25;181,71875;-198,03125;-30;-43,75;15;-55,53125;18,59375;105;114,15625;321,125;18,75;-95,21875;-79,53125;-79,5625;38,40625;98,96875;267,5;310,09375;361,625;404,09375;335,1875;358,4375;204,15625;-6;-126,4375;-36,21875;116,40625;562,09375;534,90625;542,90625;551,75;637,53125;179,71875;103,90625;44,3125;-94,375;-275,25;-346,03125;-244,625;-193,28125;74,90625;177,53125;397,25;624,15625;970,6875;940,3125;938,375;933,65625;845,46875;628,90625;457,1875;318,9375;136,25;84,5;414,78125;531,59375;607,84375;1028,375;1320,84375;1727,875;1995,125;1880,3125;1934,15625;1778,5625;1802,5;1735,65625;1500,5625;1912,53125;1816,4375;1625,71875;1315,15625;1036,125;624;564,34375;466,0625;484,4375;699,375;838,625;1169,75;1358,78125;1810,71875;2133,03125;2395,09375;2486,625;2291,9375;1759,4375;1234,09375;804,3125;345,25;80,65625;-65,09375;166,59375;367,40625;316,5;338,71875;331,5;302,46875;357,53125;511,03125;474,875;361,21875;264,21875;106,25;-36,09375;-26,78125;102,3125;-53,75;81,78125;54,4375;-143,1875;-277,4375;290,09375;609,28125;1068,53125;1647,03125;2106,5625;2927,9375;3224,8125;3791,25;4445,8125;4681,25;5269,25;5573,34375;5703,65625;5316,125;4781,8125;3770,5;3029,25;2140,625;984,8125;532,375;18,3125;-82,3125;-198,8125;-404,03125;-269,65625;-322,375;83;-70,28125;-292,09375;-179,5;-209,75;-340,4375;-213,5;-112,6875;-339,15625;-167,8125;59;-41;-130,84375;-109,90625;8,78125;17,0625;150,78125;-29,25;194,71875;114,75;-57,875;-148,75;-50,5;-323,875;-66,875;-120,34375;-222,96875;-179,625;-36,75;26;-96,125;-30,375;-95,9375;-116,15625;60,71875;-97,90625;146,46875;104,15625;121,03125;-62,09375;-71,09375;-74,40625;-130,375;231,5625;60,3125;29,0625;157,46875;82,25;30,0625;-50,8125;-149,09375;49,40625;112,125;110,1875;293,125;14,65625;69,15625;262,9375;-217,21875;-52,5;-1,0625;38,8125;61,65625;309,09375;142,15625;105;-30,96875;26,0625;-412,34375;-187,875;114,65625;203,125;20,34375;115,3125;58,625;-21,21875;119,75;82;-101,46875;-145,90625;55;-35,875;-92,1875;-96,25;41,25;39,9375;-114,125;-146,90625;-188,53125;-86,34375;-42,875;60,375;-138,625;-149,875;-63,53125;-319,40625;-118,53125;-331,3125;-84,65625;-62,84375;-171,9375;-201,65625;-152,03125;-57,96875;-126,53125;-42,03125;-178,96875;
-162,71875;-255,0625;-153,1875;-454,875;-114,6875;-183,65625;-187,15625;-308,3125;-252,1875;-146,28125;-176,8125;-107,5625;-190,75;-189,59375;-86,5625;-244;-299,65625;-311,125;-325,0625;-362,03125;-278,125;-178,75;-8,21875;-255,4375;-303,09375;21,9375;-216,875;6,0625;-31,71875;-110,125;-185,78125;-114,875;-152,15625;-300,40625;-153,96875;-203,3125;-183,5;-284,1875;-474,09375;-275,3125;-358,1875;-166;-24,84375;-432,25;-302,78125;-238,5;-162,5;-188,59375;-185,34375;-296,96875;-365,40625;-479,6875;-106,6875;-202,4375;-377,96875;-161,34375;-57,4375;-339,34375;-373;-135,15625;-160,53125;-169,40625;20,5;-61,15625;-163,46875;-206,4375;-149,34375;-94,90625;-157,75;-83,78125;-2,5625;-226,21875;-44,375;31,28125;15,90625;0,4375;-234,21875;-213,5625;-433,09375;-291,46875;-202,8125;-139,65625;-230,625;122,4375;-177,25;47,96875;-281,625;-240,65625;-289,75;-181,0625;32,375;54,84375;218,5;423,125;277,53125;251,96875;230,625;-65,21875;3,34375;95,375;-83,71875;-54,8125;258,5;339,34375;564,59375;522,9375;432,3125;482,40625;191,5;21,90625;-81,125;-149,46875;-330,375;-294,78125;-109,71875;-144,125;-66,78125;47,09375;411;385,90625;660,59375;921,65625;816,375;932,5;755,84375;603,1875;305,375;44,5625;174,03125;164,21875;-6;386,0625;762,9375;867,3125;1344,90625;1725,1875;1737,15625;1914,34375;1699,125;1623,46875;1301,0625;1569,65625;1381,53125;1543,09375;1320,6875;1125,84375;1015,34375;732,1875;412,03125;424,75;372,21875;235,625;375,625;459,71875;766,34375;1241,9375;1334,625;1571,75;1969,53125;1878,4375;1736,5;1230,375;672,5625;394,375;-22,3125;-12,25;-121,40625;69,21875;223,25;189,875;15,03125;332,96875;358;290,8125;391,71875;-12,15625;-70,84375;68,3125;-220,96875;-126,3125;13,0625;-32,875;-46,78125;34,34375;-109,3125;-231,28125;-181,0625;162,71875;501,09375;833,34375;1674,3125;2022,3125;2807,46875;3280,53125;3670,1875;4405,6875;4889,53125;5318,78125;5477,8125;5573,96875;5197,125;4599,6875;3713,09375;2945,75;1831,5625;952,21875;243,59375;-50,90625;-347,0625;-368,09375;-423,9375;-357,6875;-240,53125;-244,6875;-434,21875;-396,03125;-562,15625;-498,9375;-287,625;-206,40625;-384,03125;-361,59375;-117,875;-556,4375;-4,8125;-204,71875;-67,5625;-333,71875;-321,875;-171,75;93,125;40,375;82,65625;-46,5;-45,25;-106,6875;-283,59375;-202,0625;-266,71875;-176,71875;-68,625;-168,03125;-265,40625;121,09375;-118,84375;-74,53125;-40,15625;-147,6875;-15,15625;-205,5;-191,71875;-251,59375;-172,9375;-89,78125;32,8125;-41,03125;-149,21875;4,625;120,0625;-173,03125;-113,53125;81,09375;79,625;-101,9375;-233,9375;-91,25;-123,46875;101,03125;17,875;-89,6875;-107,6875;-122,1875;-169,40625;18;-28,84375;94,46875;162,21875;-5,15625;80,90625;122,84375;53,5625;36,90625;-172,90625;-88,25;-40,1875;2,40625;-78,75;-183,03125;-63,21875;-72,03125;-226,78125;-217,59375;-120,5625;-141,03125;-211,40625;-203,28125;-175,4375;-32,15625;-207,21875;-156,71875;-205,125;-190,09375;-195,9375;-323,15625;-141,375;-50,84375;-151,84375;-218,75;-262,03125;-134,5625;-122,78125;-116,5625;-188,21875;2,96875;-292,75;-187,21875;52,15625;-113,53125;-273,84375;2,40625;
-139,96875;49,65625;13,59375;-184,96875;-127,1875;-282,96875;-159,71875;118,375;-72,875;-21,25;-352,25;-161,21875;-161,90625;-69,8125;-268,34375;-129,65625;-129,96875;-97,75;-214,53125;-217,9375;-23,28125;-51,21875;-83,875;180,1875;-41,125;-178,5625;-61,34375;7,65625;-36,96875;-109,78125;-69,34375;-163,78125;-180,5625;-121,46875;-231,5;-58,90625;-162,625;-266,1875;-427,4375;-230,40625;-219,0625;-253;-215,78125;-168,96875;-136,6875;-111,3125;-157;-199,875;-281,375;-203,625;-159,40625;-293,875;-185,8125;-110,65625;-297,40625;-220,0625;-23,59375;107,71875;-115,71875;-31,65625;-107,46875;-80,75;33,1875;51,75;-115,3125;-69,5625;48,96875;-224,375;-44,59375;141,90625;-200,03125;20,875;-179,5625;-7,875;-100,9375;-161,53125;-2,3125;-277,0625;-216,8125;-202,5625;-211,5625;71,5625;108,1875;255,1875;113;155,5;117,78125;-121,65625;-127;-247,34375;45,625;276,40625;488,9375;503,5625;666,1875;606,4375;454,3125;328;102,71875;61,84375;-17,03125;-167,65625;415,96875;520,6875;664,5625;801,25;607,5625;630,625;80,21875;201,1875;54,21875;-221,25;-210,34375;-454,375;-211,4375;-176,6875;-93,0625;217,65625;419,3125;530,34375;742,78125;1033,53125;1035,65625;858,15625;742,1875;529,3125;367,78125;144,90625;190,3125;62,25;269,59375;590,46875;653,1875;1106,71875;1609,5;1634,78125;1826,8125;1925,0625;1797,625;1858,15625;1370,25;1325,625;1217,28125;1052,59375;1034,625;1011,3125;649,8125;435,875;271,46875;303,5;182,25;332,71875;566,9375;569,1875;602,25;744,34375;1136,90625;1378,78125;1514,71875;1648,1875;1622,03125;1055,875;701;62,28125;109,84375;-101,125;117,3125;112,96875;135,8125;382,21875;430,1875;269,6875;279,65625;459,65625;518,75;258,5625;339,375;133,5625;226,84375;79,75;-94,53125;34,46875;213,03125;131,90625;4,125;-262,15625;-171,53125;212,6875;611,375;1220,8125;1655,28125;2365,4375;2983,3125;3496,40625;4095,34375;4532,53125;5107,8125;5618,375;5855,71875;5676,28125;5458,71875;4676,71875;3971,1875;2950,84375;1738,375;1107,25;356,59375;-64,625;-222,53125;-183,21875;-373,78125;-423,8125;-343,21875;-216,84375;-460,3125;-256,15625;42,46875;79,34375;-101,75;-207,21875;-200,90625;-263,6875;-160,90625;-66,03125;-164,96875;-121,28125;-247,1875;-241,59375;-62,0625;67,21875;-40,90625;238,125;146,21875;24,875;64;-190;-333,875;-50,25;-13,46875;56,5;23,84375;-86,375;90,9375;83,96875;-19,84375;135,5;68,34375;8,09375;-13,6875;30,6875;119,3125;-148,09375;-29,78125;-112,03125;45,875;16,875;108,125;1,71875;-16,28125;-11,28125;-6,5;173,8125;92,09375;-205,1875;14,0625;-71,6875;125,3125;-10,125;206,25;102,25;59,9375;54,125;37,84375;3,65625;15;-33,03125;373,25;169,875;104,21875;3,9375;31,5;-87,1875;-119,6875;-96,625;-45,21875;116,5625;-20,34375;-19,96875;-128,46875;-231,71875;10,28125;-87,1875;71,75;-83,53125;-45,625;-161,03125;-56,15625;-236,125;-328,65625;-50;-142,375;-134,46875;-37,125;13,59375;-28,875;-177,3125;-411,75;-50,8125;-63,40625;-20,90625;-24,875;-64,375;-5,09375;-36,3125;-118,625;-92,40625;11,625;-10;-129,6875;92,78125;
-265,03125;-352,8125;-447,96875;-355,84375;-341,3125;-365,78125;-492,375;-246,90625;-314,65625;-277,4375;-447,34375;-344,125;-369,15625;-439,125;-323,5625;-378,8125;-381,3125;-313,4375;-184,71875;-168,0625;-300,25;-60,96875;-181,90625;-436,28125;-346,6875;-355,34375;-419,71875;-397,40625;-322,625;-399,15625;-272,96875;-310,0625;-424,21875;-278,6875;-369,28125;-212,59375;-318,03125;-494,75;-322,15625;-251,5625;-572,5625;-346,09375;-188,375;-310,0625;-313,90625;-212,84375;-201,75;-273,21875;-150,125;-323,71875;-466,03125;-192,75;-434,28125;-439,125;-276,34375;-557;-465,375;-171,5625;-327,46875;-486,09375;-266,125;-298,8125;-209,90625;-110,25;-49,4375;-333,125;-443,21875;-240,5625;-272,5;-268,75;-252,34375;-376,625;-208,71875;-442,90625;-302,21875;-80,96875;-348,65625;-194,78125;-305,9375;-249,09375;-262,25;-166,96875;-115,59375;-284,4375;-225,25;133,59375;-195,96875;-353,1875;-233,75;-351,375;-334,1875;-301,5;79,1875;334,71875;395,25;190,0625;221,9375;-102,875;-39,53125;-249,9375;-182,625;-58,65625;188,15625;520,34375;531,03125;629,53125;490,21875;472,28125;337,53125;30,09375;-220,28125;-224,40625;-267,0625;-507,5;-442,46875;-292,0625;-199,875;-229,625;339,09375;743,46875;808,09375;941,96875;991,75;813,0625;378,15625;418,28125;218,1875;77,5625;-41,875;194,6875;167,71875;386,21875;885,78125;1134,71875;1575,4375;1877,25;1893,3125;2127,59375;1874,8125;1437,03125;1237,25;1068,96875;1016,03125;919,625;784,5625;655,375;282,5;293,46875;200,8125;-1,125;115,53125;15,59375;350,03125;340,9375;370,90625;671,53125;762,0625;1027,25;1220,71875;1253,9375;1053,65625;658,3125;516,0625;-218,8125;-224,5;-35,40625;-0,71875;16,25;160,03125;159,78125;120;-95,1875;275,0625;289,90625;224,90625;150,21875;147,8125;-134,71875;-274,90625;-188,46875;-153,6875;-122,15625;-262,90625;-309,75;-320,0625;-239,6875;-282,96875;5,15625;477,53125;1014,46875;1695,875;2342,0625;2526,71875;3135,03125;3785,21875;4592,34375;4923,25;5589,5;5713,65625;5877,875;5374,625;4615,78125;3798,21875;2883,09375;1882,75;832,9375;338,46875;-122,03125;-413,34375;-485,21875;-494;-454,5;-576,4375;-451,875;-454,375;-319;-302,09375;-494,78125;-517,21875;-418,40625;-169,3125;-542,9375;-428,125;-209,40625;-283,46875;-205,15625;-238,96875;-314,0625;-295,125;-155,6875;-128,4375;197,375;-162,8125;-58,9375;-385,625;-256,125;-78,96875;-120,75;-251,03125;-389,375;-141,09375;-204;-349,125;-178,28125;-115,75;-194,5625;-120,53125;-82,59375;-176,8125;-257,15625;-30,5;-60,0625;-160,03125;-324,8125;-282,96875;-135,875;-130,21875;-198,59375;-180;-41,5;-13,40625;-193,65625;92,1875;-22,65625;-191,90625;-180;9,34375;-51,8125;-96,15625;-147,8125;-251,21875;-57,125;-185,59375;-27,21875;-69,40625;17,40625;-39,875;-35,0625;-13,40625;-60,3125;-179,59375;-66,40625;-202,625;-195,15625;-320,78125;-384,15625;-303,28125;-258,65625;-52,28125;-233,375;-264,96875;-245,1875;-468,53125;-324,25;-149,96875;-265,125;-179,875;-217,71875;-226,09375;-391,53125;-285,6875;-142,375;-269,375;-196,15625;-262;-296,84375;-284,1875;-355;-348,09375;-491,5;-461,8125;-270,65625;-215,625;-268,46875;-201,3125;-209,875;-364,84375;-302,3125;-216,25;-359,71875;
-191,625;-212,6875;-176,375;-95,53125;-294,3125;-247,78125;-264,25;-239,65625;-174;-257,34375;-282,0625;-299,625;-140,71875;-276,6875;-175,75;-340,125;-434,375;-431,3125;-86,625;-141;-265,21875;-81,15625;-80,9375;-234,25;-360,15625;-176,28125;-159,96875;-328,5;-349,40625;-245,8125;-231,90625;-228,875;-191,78125;-370,46875;-154,65625;-176,8125;-247,9375;-147;-379,3125;-160,46875;-188,625;-290,125;-388,25;-277,9375;-160,375;-120,96875;-165,84375;-309,53125;-263,03125;-430,90625;-175,03125;-337,03125;-420,4375;-178,65625;-340,34375;-346,625;-290,59375;-197,71875;-190,40625;-321,53125;-369,125;-337,03125;-333,5;-267,75;-347,0625;-174,8125;-193;-243,625;-170,46875;-292,125;-144,96875;-231,84375;-48,71875;-242,21875;-147,75;-176,65625;-229,375;-227,0625;-509,09375;-220;-235,25;-293,5625;-109,375;99,28125;142,25;62,03125;134;11,15625;-199,6875;-319,0625;-50,28125;-37,71875;448,6875;274,875;269,125;420,0625;381,0625;293,28125;154,78125;-97,1875;34,375;19,3125;201,0625;708,9375;658,34375;676,3125;658,1875;453,71875;183,9375;124,53125;-173,125;-430,3125;-192,71875;-365,5625;-442,46875;-280,15625;-189,71875;1,96875;357,25;773,46875;1175,78125;1205,65625;1223,40625;907,28125;859,5625;646,875;385,84375;179,34375;153,875;301,71875;246,75;371,96875;1001,09375;1551,71875;1712,375;1896,09375;2181,09375;2135,53125;2013,96875;1565,75;1275,71875;988,78125;812,21875;736,6875;706,21875;723,71875;423,75;101,1875;110,65625;189,59375;147,0625;356,21875;328,21875;426,5625;489,65625;740,875;888,96875;981,34375;944,5;960;859,28125;623,15625;124,53125;15;-204,25;-190,28125;174,125;-120,5625;92,78125;109,28125;182,09375;195,8125;175,71875;393,21875;422,84375;296,625;307,84375;-122,28125;-112,5625;-240,4375;-138,09375;-45,21875;-65,4375;-119,96875;-397,21875;-31,5;-209,25;112,59375;462,09375;975,5;1648,21875;2417,125;2879,9375;3324,25;4053,625;4532,0625;5110,625;5663,4375;6144,84375;6026,4375;5668,90625;4717,6875;3794,875;2608,96875;1915,03125;837,6875;315,78125;-64,40625;-192,0625;-268,46875;-170,25;-426,9375;-188;-293,09375;-272,65625;-294,6875;-259,625;-269,59375;-240,5625;-231;-475,90625;-300,21875;-349,65625;-259,53125;-178,125;-27,65625;-49,25;-378,03125;-42,5625;-89,78125;-20,53125;-7,3125;-170,15625;-222,375;-173,875;-312,90625;-496,65625;-274,0625;-218,21875;-117,46875;-216,3125;-164,375;-66,78125;-152,90625;-201,4375;-141,1875;-151,875;-246,6875;-52,21875;-336,125;-19,21875;-203,5625;-7,53125;-178,4375;-302,09375;-149,28125;-53,53125;35,40625;-351,375;-59,59375;64,65625;-123,84375;-283,9375;-218;-53,53125;216,1875;120,8125;-73,0625;-68;-79,875;-49,875;-153,1875;-112,90625;-71,90625;-289,96875;-24,375;7,28125;-72,75;-103,90625;91,9375;-96,65625;-150,59375;34,0625;-292,15625;-84,5;-19,25;-189,78125;-327,1875;-131,75;-290,46875;-139,84375;-270,84375;-199,6875;-20,4375;-224;-92,90625;-155,9375;-278,25;-317,125;-202,03125;-431,125;-468,75;-6,5625;-214,71875;-327,125;-126,0625;-370,0625;-313,375;-119,84375;-288,84375;-82,875;-191,3125;-264,59375;-151,4375;-226,65625;-158;-110,78125;-277,5625;-260,46875;-176,03125;
-307,84375;-468,5;-195,53125;-448,71875;-409,5625;-347,5;-222,5625;-166,28125;-188;-186,9375;-131,96875;-236,9375;-271,59375;-289,59375;-280,46875;-445,6875;-378,71875;-387,5;-341,3125;-100,25;-374,375;-173,53125;-106,1875;-267,53125;-249,25;-225,46875;-308;-350,0625;-265,8125;-469,0625;-166,34375;-346,03125;-335,21875;-451,09375;-182,1875;-173,96875;-210,46875;-177,0625;-295,1875;-432;-287,5625;-234,96875;-369,40625;-222;-378,625;-319,125;-360,625;-209,03125;-320,71875;-543,875;-424,96875;-334,84375;-297,1875;-351,09375;-343,40625;-204,9375;-253,0625;-258,78125;-137,9375;-359,84375;-295,625;-383,71875;-128,96875;-286,78125;-324,40625;-235,28125;-281,46875;-417,3125;-210,0625;-257,6875;-320,75;-397,75;-93,03125;-281,8125;-293,4375;-169,3125;-493,4375;-379,15625;-107,25;-325,25;-172,15625;87,25;-95,6875;180,8125;91,25;-155,03125;-272,28125;-338,21875;-329,25;-326,75;-80,1875;-94,625;298,28125;220,5;336,1875;255,1875;351,78125;230,59375;-36,40625;-141,90625;-43,78125;-31,9375;148,75;567,09375;373,25;646,09375;696,9375;552,5625;146,96875;155,3125;-154,6875;-79,65625;-462,5625;-485,71875;-346,5625;-337,625;-160,59375;265,6875;504,25;780,9375;1439,78125;1304,65625;1321,15625;1052,59375;791,40625;680,46875;388,4375;145,09375;153,75;49,25;304;569,71875;1144,4375;1505,5;1996,78125;2182,875;2285,4375;2056,71875;1932,875;1494,21875;1282,21875;1152,84375;775,15625;480,125;612,34375;300,40625;217,0625;133,03125;-184,78125;341;34,625;122,09375;366,09375;283,1875;441,53125;722,5625;531,15625;596,53125;852,1875;716,15625;726,625;154,8125;93,375;-200,53125;-199,4375;-126,8125;-34,09375;69,6875;266,0625;226,65625;415,15625;209,625;188,15625;343,125;245,96875;372,03125;301,1875;-2,65625;-290,53125;11,0625;57,0625;-247,3125;-186,03125;-94,96875;-158,59375;-330,40625;-254,5;102,6875;523,90625;1166,5625;1566;2283,5625;2971,5;3458,125;3950,84375;4616,9375;5259,15625;5811,8125;5955,1875;6323,375;5557,125;4757,59375;3785,15625;2629,09375;1756,96875;951,90625;228,1875;-81,40625;-253,53125;-277,78125;-452,9375;-319,5625;-303;-193,1875;-118,96875;-407,53125;-397,84375;-381,3125;-418;-288,09375;-442,0625;-350,3125;-223,40625;-127,4375;-178,6875;-353,96875;-74,9375;-195,65625;50;62,34375;-153,34375;99,5;-139,4375;-116,34375;-15,46875;-300,375;-138,84375;-300,4375;-140,34375;-181,40625;-61,875;-259,1875;-392,5;-317,25;-180,84375;-256,34375;-185;-0,21875;-277,21875;-106,09375;-179,8125;20,4375;-294,96875;112,4375;-165,84375;-201,8125;-213,375;-128,3125;32,78125;-61,8125;-85,375;-93,25;31,25;-73,6875;-112,9375;-246,65625;-63,71875;-257,6875;12,0625;-57,375;126,4375;-133,125;89,21875;-31,125;84,84375;-14,03125;4,625;-13,6875;94,78125;-52,46875;-170,8125;0,375;-281,25;-244,21875;-90,6875;-377,65625;-232,46875;-396,34375;-185,375;-156,71875;-373,96875;-111,5625;-346,5625;-258,03125;-258,53125;-378,53125;-303,59375;-317,84375;-100,375;-489,59375;-288,25;-181,09375;-193,78125;-310,5625;-383,875;-222,90625;-318,15625;-242,25;-296,21875;-82,21875;-127,21875;-418,28125;-92,3125;-134,4375;-188,1875;-427,9375;-468,625;-185,84375;-196,875;-164,1875;
-302,9375;-293,71875;-390,90625;-97,0625;-226,40625;-188,1875;-244,59375;-490,3125;-203,375;-276,15625;-6,75;-292,25;-286,96875;-224,875;-395,25;-198,90625;-256,375;-340,34375;-129,0625;-63,0625;-215;-180,75;-211,78125;-229,375;-300,34375;-184,96875;-64,21875;-217,4375;-92,6875;-187,28125;-55,34375;-160,40625;-199,5625;-429,40625;-191,34375;-130,21875;-119,59375;-370,6875;-202,34375;-203,5625;-197,3125;-280,03125;-322,1875;-127,90625;-181,9375;-339,21875;-168,96875;-286,75;-334,03125;-344,03125;-332,15625;-331,46875;-253,90625;-194,53125;-291,96875;-232,625;-293,125;-222,34375;-244,5625;-161,84375;-173,46875;-278,90625;-360,46875;-383,6875;-200,09375;46,59375;-346,09375;-129,1875;-446,40625;-378,28125;-74,5625;-180,75;-81,375;-271,90625;-225,15625;-143,375;-364,53125;-351,96875;-311,59375;-318,03125;-273,875;-106,125;44,28125;72,125;309,34375;-24,21875;-194,15625;-87,3125;-101,78125;-112,75;-30;-56,46875;103,71875;426;558,5;529,96875;232,625;323,84375;-99,46875;-233,96875;-149,75;66,25;491,3125;717;925,8125;1029,875;906,34375;395,59375;230,65625;-12,1875;-47,625;-12,15625;-271,5625;-378,25;-266,3125;-222,59375;-197,125;576,5;794,71875;1050,75;1414,3125;1548,125;1587,875;1373,25;982,71875;851,5625;549,53125;312,375;202,71875;242,40625;619,25;903,6875;1423,03125;1742,9375;2382,5;2694,375;2839,53125;2472,78125;1914,25;1759;1408,8125;1296,5;833,84375;736,84375;501,0625;158,9375;202,21875;130,71875;194,125;163,09375;346,125;380,6875;666,59375;644,625;589,125;725,65625;435,59375;756,21875;698,84375;629,71875;626,5;201,0625;-51,90625;-229,6875;-161,4375;191,46875;11,40625;113,59375;22,0625;51,375;2;230,96875;194,9375;428,78125;442,09375;275,65625;328,03125;166,59375;56,75;-146,4375;-58,4375;-225,0625;-19;-199,71875;-472;-295,8125;-146,90625;211,6875;450,21875;1044,71875;1609,90625;2218,90625;2827,53125;3488,625;4235,5;4649,375;5299,78125;5585,96875;5997,15625;6123,3125;5658,34375;4801,59375;3618,5;2468,5;1441,875;732,8125;57,75;-184,09375;-360,09375;-255,21875;-263,59375;-359,5625;-220,5625;-359,1875;-258,90625;-99,46875;-264,90625;-368,90625;-362,5625;-170,90625;-284,25;-308,6875;-270,8125;-352,5;-247,875;-153,78125;-253,59375;-217,53125;-189,6875;-191,3125;60,65625;-11,53125;-185,0625;-37,9375;-214,96875;-116,8125;-286,25;-225,25;-91,625;-111,125;-365,71875;-195,78125;126,4375;-199,84375;-149,65625;-200,40625;80,59375;-346,09375;-111,0625;-97;33,46875;-60,71875;-12,375;-143,125;-77,28125;-363,5;-41,46875;-120,03125;-240,28125;-212,09375;-233,9375;-115,625;-114,3125;-79,625;72,46875;-102,9375;-159,4375;-215,78125;16,15625;98,21875;-11,8125;-191,3125;-131,1875;125,6875;-19,875;-58,5625;135,125;51,5;209,46875;-166,3125;-156,8125;-214,8125;-185,5625;43;-222,5;-223,03125;-115,625;-155,4375;-37,40625;-183,53125;-362,46875;-342,125;-169,9375;-33,78125;-194,34375;-21,40625;-149,65625;-153,15625;-360,0625;-278,53125;-186,21875;-284,3125;-263,46875;-322,125;-287,625;-208;-33,46875;-252,09375;34,75;-410,96875;-203,125;-308,75;-325,15625;-163,03125;-174;-377,78125;-333,75;-93,9375;-204,9375;-323,875;
-128,4375;-87,71875;-157,96875;-136,65625;-157,34375;50,46875;-330,375;49,46875;-15,15625;-114,90625;-118,34375;71,09375;134,28125;-84,9375;-20,0625;-132,90625;-23,6875;74,15625;-47,5625;-149,1875;-71,3125;80,875;-115,375;27,96875;82,125;250,25;-92,09375;-48,1875;-158,46875;24,375;25,4375;204,8125;12,4375;-152,3125;-3,96875;-48,28125;16,75;-166,96875;-184,125;-81,71875;-190,96875;-324,03125;63,1875;16,34375;-168,84375;-9,78125;-55,25;-280,6875;-114,6875;44,21875;-77,25;-265,59375;-19,65625;-204,1875;-69,28125;-50,84375;-40,4375;176,84375;-16,5625;78,09375;-185,34375;-261,8125;-50,6875;48,34375;-197,4375;108,15625;-127,8125;121,25;40,4375;-84,40625;-23,25;-26,40625;-62,34375;27,59375;64,125;34,875;195,34375;83,03125;-8,59375;-177,3125;67,875;-30,0625;323,78125;219,84375;353,03125;396,25;170,21875;104,375;-34,59375;25,78125;78,53125;102,84375;653,6875;649,5625;723,03125;796,625;511,40625;449;21,09375;162,15625;165,28125;269,59375;610,15625;860,0625;1041,0625;1141,6875;874,8125;762,4375;550,625;497,78125;156,40625;73,28125;-101,53125;-99,25;-101,03125;147,78125;107,59375;863,03125;929,40625;1463,09375;1561,6875;2027,65625;1924,5625;1661,5625;1454,84375;1227,09375;622,09375;545,53125;487,5;580,53125;1101,6875;1037,5625;1676,3125;2147,75;2475,4375;3083,65625;2994,625;2980,375;2514,25;2143,0625;1622,9375;1507,53125;1128,125;1050,96875;513,15625;498,75;531,65625;675,9375;582,78125;738,875;621,6875;805,125;749,5625;956,125;758,5625;841,75;787;958,59375;1059,875;945,125;666,53125;468,375;263,59375;383,875;43,75;237,46875;208,71875;479,78125;559;627,625;415,5625;516,25;453,28125;567,40625;666,0625;626,96875;292,46875;339,5;246,46875;249,03125;101,125;293;137,90625;-136,4375;121,3125;62,25;97,34375;257,34375;565,6875;934,40625;1840,96875;2212,875;2965,6875;3822,65625;4107,3125;4966,71875;5509,90625;6010,53125;6160,1875;6225,5625;5822,375;4965,1875;3937,375;2829,5625;1748,71875;910,875;494,15625;250,1875;-115,5;-80,28125;-60,1875;33,78125;-240,90625;-44,46875;115,09375;-16,65625;69,21875;-154,625;157,09375;-67,1875;54,5625;-21,4375;-162;63,8125;78,875;84,4375;-85;-79,625;144,0625;65,03125;362,9375;61,625;49,0625;99,78125;112,375;-128,59375;-42,75;-118,34375;-93,3125;156,96875;-131,09375;91,28125;-100,28125;122,96875;107;70,28125;-14,65625;130,21875;-5,5;197,90625;364,21875;229,71875;139,15625;24,1875;-98,21875;-15,28125;64,71875;153,375;114,59375;66,5625;213,09375;254,46875;222,375;242,84375;-11,28125;141,15625;203,90625;323,6875;331,375;106,09375;101,6875;131,34375;44,4375;179,96875;57,5;191,96875;306,90625;243,1875;120,40625;285,53125;-41,5625;73,125;9,84375;225,9375;173,375;12,21875;105,96875;21,375;-159,40625;151,28125;169,125;95,3125;95,90625;-46,9375;25,96875;130,03125;50,625;-84,46875;-74,375;15,53125;-57,6875;-117,96875;-91,90625;91,28125;132,25;164,375;61,3125;-187,5625;64,71875;-139,0625;178,4375;-118,25;54,5;5,5;6,09375;226,65625;108,53125;-39,84375;17,28125;98,15625;
-160,6875;-159,4375;-251,09375;-177,96875;-259,25;-170,40625;-170,21875;-381,5625;-223,53125;-208,9375;-239,9375;-243,75;-174,8125;-235,40625;-70,65625;-69;-278,6875;-18,75;-195,5;-168,1875;-47,625;-40,75;-16,90625;-234,78125;-320,9375;-99,125;-242,3125;-255,21875;-52,5;-280,3125;-246,25;-122,78125;-179,5625;-211,40625;-28,3125;-161,46875;-66,96875;-318,375;-175,625;-129,90625;-259,0625;-119,59375;-124;-365,53125;1,59375;-220,84375;-67,28125;-193,15625;-215,40625;-350,15625;-362,21875;-187,28125;-159,4375;-64,125;-325,90625;-279,78125;-241,5625;-141,59375;23,9375;-259,4375;-195,8125;-176;-284,8125;-420,15625;-58,03125;16,5625;-126,5;-171,78125;-97,75;-248,9375;-122,46875;66,125;79,53125;0,3125;-9,71875;-22,125;-130,71875;-300,9375;-268,46875;-73,78125;-76,28125;-27,03125;410,375;-76,90625;459,1875;241,90625;-139,34375;-196,65625;-277,96875;-149,53125;-17,15625;70,90625;386,1875;599,21875;583,5625;473,53125;396,5625;225,84375;207,65625;68,46875;123,40625;157,46875;390,90625;773,0625;927,5625;955,4375;858,40625;851,59375;411,0625;301,125;46,4375;-146,71875;-98,53125;-170,8125;-130,34375;103,96875;420,40625;592,84375;1094,375;1412,5625;1754;1940,15625;1631,78125;1790,96875;1256,625;1267,65625;843,96875;698,96875;590,3125;759,8125;924,75;1212,84375;1863,375;2209,28125;2707,71875;2991,96875;3181,375;3077,875;2728,3125;2185,5625;1877,28125;1320,71875;1047,21875;798;646,46875;521,5;372,4375;325,15625;365,125;434,75;673,78125;817,1875;931,59375;614,75;781,1875;854,84375;668,78125;720,15625;654;526,46875;398,875;434,90625;246,84375;83,8125;-25,84375;-261,875;132,8125;216,53125;319,21875;143,46875;277,96875;192,875;393,65625;426,9375;680,15625;488,09375;390,4375;206,78125;-10,8125;-174,53125;40,09375;-29,28125;101,8125;91,84375;-56;-290,71875;-282,21875;65;574,5625;1170,84375;1588,34375;2373,71875;2910,15625;3526,3125;4207,15625;4853,1875;5659;6111,28125;6278,84375;5884;5567,96875;4806,875;3687,5625;2498;1717,1875;650,78125;340,53125;20,1875;-144,25;-189,25;-330,9375;-5,53125;-456,46875;-95,6875;-371,1875;-119,3125;18,875;-151,78125;-288,3125;-146,375;-228,03125;-89,375;-245,65625;-147,34375;-118,15625;69,96875;-180,3125;-99,9375;-161,4375;100,125;-52,28125;245,53125;40,5625;-111,21875;-91,25;-278,25;-208,75;-103,96875;-56,5625;-1,3125;90,46875;-131,21875;-85,40625;-117,375;-8,40625;-141,21875;44,15625;-162,125;-64,28125;13,375;37,1875;-60,71875;23,6875;34,15625;106,8125;-12,53125;5,9375;18,21875;126,0625;171,59375;73,875;-44,875;150,75;-102,21875;38,71875;164,28125;-100,59375;190,375;168,1875;129,78125;226,6875;415,5625;-1,125;16,03125;163,875;62,5;108,65625;182,40625;126,4375;169,40625;-285,78125;-11,5625;164,1875;-166,3125;27,3125;176,8125;-116,875;24,25;-124,59375;-329,90625;-24,5625;-28,0625;130,71875;-180,375;-87,21875;-128,71875;-150,375;-117;-249,71875;-120,625;85,25;-245,0625;-154,15625;78,625;-199,46875;-128,21875;159,34375;-180,53125;-68,03125;-74,15625;-68,21875;-56,1875;-213,625;-286,96875;-84,65625;-362,15625;-266,40625;-107,0625;-195,78125;42;
-18,46875;76,21875;-170,75;-92,71875;-123,0625;262,90625;-42,625;128,25;-39,125;81,46875;121,53125;-91,875;261,03125;164,25;37,4375;117,59375;28,09375;318,25;153,3125;-50,1875;383,9375;57,3125;232,03125;86,59375;208,96875;114,375;138,53125;33,96875;90,4375;130,75;24,625;-54,96875;207,46875;138,84375;41,125;190,75;96,78125;91,90625;-76,4375;108,34375;42,25;-42;161,5;-32,5;-51,375;68,0625;300,125;-137,375;-34,34375;126,125;-15,4375;148,65625;102,78125;67,34375;97,375;217,5625;48,125;-34,0625;235,46875;33,28125;61,40625;-91,125;125,28125;-32,34375;-84,3125;23,09375;150,21875;-29,71875;1,125;61,15625;-0,03125;109,5;41,125;206,375;50,625;311,0625;67,625;63,84375;-48,84375;35,21875;114,71875;198,21875;324,25;422,4375;364,3125;211,71875;134,75;-112,15625;112,4375;227,875;303,9375;175,375;486,125;790;822,53125;912,09375;725,28125;306,875;442,5625;127,375;317,9375;410,9375;610,5625;1021,28125;1189,6875;1147,46875;1131,3125;1037,5625;743,21875;559,59375;155,125;292,5;-37,125;93,6875;164,25;313,6875;371,3125;1012,5;1296,28125;1773,84375;2170,21875;2315,65625;2338,3125;2025,6875;1892,375;1393,6875;1109,03125;1185,3125;987;1099;1315;1657,9375;1922,5;2652,34375;3051,1875;3349;3666,59375;3369,25;3040;2613,0625;2199,84375;1656,125;1301,3125;1249,25;1024,96875;936,5;754,3125;619,0625;910,46875;822,1875;1092,84375;1162,25;1289,21875;1276,0625;1361,90625;1290,71875;976,625;1091,71875;1297,96875;838,6875;772,875;593,4375;295,9375;253,8125;325,46875;427,03125;434,96875;495,625;599,375;476,09375;376,71875;413,90625;708,625;837;1084,71875;656,46875;694,6875;614,46875;341,5625;34,96875;72,96875;457,78125;247,1875;256,9375;94,40625;102,125;123,03125;326,53125;821,59375;1206,75;1773,9375;2351,8125;3079,4375;3693,125;4676,3125;5121,75;5826,40625;6154,375;6456,1875;6453,34375;5793,90625;4827,8125;4060,21875;2775,875;1759,21875;852,6875;463,25;40,3125;29,25;-9,4375;-93,40625;-74,78125;-60,40625;-42,375;165,46875;170,28125;120,75;141,84375;-63,96875;64,5;110,5625;181,21875;-143,78125;223,75;211,46875;-62,375;180,125;243,0625;153,125;64,71875;126,4375;327,21875;216,9375;198,5;10,65625;-19,65625;112,625;-262,96875;123,8125;194,96875;383,65625;179,3125;-15,34375;122,625;77,03125;181,28125;199,96875;172,5;195,21875;351,875;189,15625;183,6875;234,6875;190,8125;220,125;249,21875;270,25;160,8125;155,78125;445,5625;171,9375;57,09375;241,28125;173,875;256,03125;198,96875;353,90625;416,28125;326,6875;300,0625;371,96875;370,03125;442,875;491,8125;123;393,78125;345,46875;469,375;396,15625;236,96875;103,875;126,1875;256,78125;282,4375;145,46875;115,96875;124,65625;299,65625;109,84375;204,65625;60,125;343,4375;54,15625;276,34375;161,53125;106,5;113,71875;-54,375;-24,25;-117,84375;292;-132,625;-29,53125;-90,875;245,125;14,3125;24,90625;-89,0625;83,6875;235,4375;107,875;128,34375;29,8125;-72,875;357,875;28,3125;5,5625;-103,5625;211,65625;192,28125;
-139,375;84,9375;-108,875;-22,09375;150,90625;-45,5625;-101,15625;-27,65625;-57,21875;-115;-72,8125;-39,34375;-178;-223,9375;-5,59375;-1,625;-35,21875;53,34375;-16,5;99,5;14,875;-244,125;100,0625;-242,4375;-42,78125;-72,84375;-115,15625;3,625;1,46875;-105,625;-169,15625;-229,46875;70,96875;-257,09375;16,125;101,78125;257,96875;-168,9375;-98,9375;34,34375;-145,25;-228,09375;-218,90625;-82,125;-11,28125;13,75;-166,625;-84,1875;-147,1875;42,5625;75,25;-24,65625;79,15625;-230,40625;46,15625;-41,96875;-81,21875;74,21875;-145,125;167,09375;-248,40625;41,1875;-220,90625;25,90625;10,59375;119,5625;-135,4375;-49,4375;1,59375;-65,6875;-4,59375;156,03125;-32;166,84375;146,8125;142,28125;87,0625;-181,9375;-110,25;-12,21875;-207,28125;92,125;103,34375;412,03125;164,125;65,625;44,875;84,71875;-63,71875;-4;303,09375;231,65625;454,59375;615,09375;862,53125;763,59375;523,3125;562,03125;592,9375;335,4375;342,15625;456,25;781,15625;941,84375;1088,5;1183,46875;1249;879,78125;794,9375;464,21875;264,15625;198,53125;126,5625;190,625;90,90625;210,6875;737,46875;1147,25;1516,40625;2075,59375;2256,375;2547,15625;2534,4375;2184,5625;1783,375;1484,9375;1212,78125;895,21875;1126,375;1029,0625;1490,96875;1626,84375;2367,71875;3066,96875;3576,1875;3560,59375;3994,15625;3550,84375;3334,84375;2833,6875;2356,625;1785,375;1565,53125;1269,28125;1262,21875;966,9375;750,5;660,6875;852,65625;933,09375;1126,6875;1046;1388,71875;1441,4375;1304,8125;1311,21875;1208,90625;1099,40625;1076,21875;875,0625;867,625;555,21875;216,65625;305,5625;152,75;250,65625;311,21875;396,71875;342,4375;349,75;354,46875;620,40625;681,15625;769,1875;810;804,125;707,9375;415,5;156,53125;191,46875;336,6875;208,40625;145,90625;-15,34375;13,03125;34,5;105,65625;354,65625;866,3125;1068,6875;1786,21875;2384,71875;3176,375;3760,90625;4317,09375;5180,90625;5863,53125;6324,78125;6521,875;6189,71875;5833,53125;4728,71875;3867,71875;2846,6875;1943,71875;888,65625;487,46875;124,6875;-43,96875;-55,46875;117,09375;-7,1875;-7,75;53,96875;-79,25;-92,5;-18,1875;-236,75;-51,53125;34,53125;9,59375;194,09375;105,9375;20,25;-31,875;136,09375;144,875;96,03125;76,71875;172,65625;201,21875;157,875;130,75;297,78125;181,28125;-175,75;-30,4375;-4,59375;81,5;327,71875;202,03125;136,8125;60,21875;158,84375;140,78125;192,53125;150,59375;233,5;135,3125;257,28125;191,71875;312,75;142,40625;50,09375;81,8125;83,84375;163,125;143,875;312,21875;324,375;289,8125;70,65625;28,125;261,0625;49,34375;160,53125;348,375;434,84375;120,90625;279,0625;174,3125;198,625;192,3125;286,21875;451,3125;366,53125;192,75;279,09375;332,46875;57,9375;198,84375;73,375;133,21875;313,90625;207,21875;98,875;225,25;156,75;139;139,71875;347,65625;68,84375;-42,125;-5,8125;86,40625;124,40625;25,40625;189,6875;236,4375;55,84375;116,40625;55,875;129,90625;13,5625;11,78125;213,40625;206,71875;-18,71875;54,125;187,28125;-230,59375;209,84375;68,9375;-8;-11,4375;194,96875;133,03125;19,875;240,46875;-25,96875;
-195,5;-157,0625;-166,09375;171,59375;-201,75;-50,84375;-396,40625;-222,6875;-163,0625;-201,8125;-142,375;-336,8125;-53,75;-160,53125;-291,9375;-139,96875;-157,40625;-192,875;-137,59375;-280,59375;18,09375;-4,78125;11,90625;-76,78125;-130,5625;-320,46875;-86,375;31,09375;52,78125;-57,8125;-237,3125;-68,65625;-257,875;-241,1875;-194,71875;-401,65625;-263,65625;-96,53125;-269,09375;-148,84375;-65,09375;-147,96875;-136,5;-56,65625;-195,90625;-144,0625;-45,5625;-245,1875;-16,625;-153,59375;-158,375;-63,90625;-202,0625;-49,8125;-49,3125;-179,03125;-101,6875;-270;-341,90625;-318,5625;-280,90625;-249,53125;-219,46875;-218,5;-58,71875;-25,9375;-46,84375;-124,03125;-261,59375;-237,71875;-159,40625;-160,8125;-132,15625;92;1,0625;46,5625;-282,71875;-117,65625;222,34375;-12,375;-117,40625;-66,375;-4,21875;284,15625;-10,28125;77,4375;159,09375;-228,6875;-167,1875;-255,65625;56;145,8125;495,84375;558,15625;768,6875;697,875;384,21875;493,75;82,375;142,375;109,75;264,59375;668,40625;878,34375;1047,875;1256,90625;956,65625;1158,5;645,125;327,46875;277,84375;43,8125;-58,59375;-206,71875;-57,40625;216,5;682,75;1108,8125;1458,40625;2019,28125;2223,8125;2326,9375;2485,0625;2262,4375;2027,5;1694,90625;1154,28125;1178,875;1048,75;1348,28125;1525,28125;1914,125;2342,28125;2866,125;3482,09375;3746,53125;4046,75;3770,34375;3444;2951,34375;2386,53125;2007,09375;1358,25;1437,96875;1018,09375;776,46875;831,03125;717,28125;861,4375;1006,21875;1119,375;1338,375;1358,34375;1512,40625;1118,0625;1197,21875;1227,5625;1054,0625;1077,125;937,4375;824,5625;599,8125;181;275,3125;27;214;358,125;393,46875;489,59375;309,03125;176,875;265,125;472,1875;495,875;657,46875;590,9375;430,59375;269;1,5625;105,5625;3,34375;-28,40625;142,03125;-21,25;102,15625;163,125;123,15625;147,0625;699,53125;1090,65625;1882,0625;2611,09375;3069,1875;3776,59375;4360,34375;5280,4375;5913,09375;6262,1875;6534,90625;6354,53125;5667,6875;4712,46875;3821,75;2512,40625;1408,6875;773,59375;413,34375;-98,4375;-24,4375;-211,8125;-151,03125;-239,46875;-133,71875;-175,8125;-272,15625;-233,15625;-144,34375;-96,875;-258,15625;-27,8125;-221,40625;-73,4375;-140,65625;-145,15625;92,15625;-95,84375;-29,8125;-87,25;-126,40625;133,71875;179,4375;116,09375;-0,15625;97,1875;-50,65625;-44,21875;-76,15625;-43,125;70,40625;-121,40625;-16,6875;20,78125;99,28125;-48,5625;98,5625;32,625;135,46875;-27,875;43,125;-85,3125;41,53125;-21,40625;150,53125;-50,9375;-39;-52,09375;-90,875;-0,34375;-56,3125;79,375;174,46875;188,90625;95,375;5,0625;-126,4375;42,25;76,84375;88,09375;177,25;29,09375;206,40625;-114,375;181,0625;98,46875;188,15625;310,46875;152,5;6,59375;98,40625;102,375;-74,25;89,4375;205,21875;-5,5625;153,875;-82,46875;28,125;-81,53125;10,71875;188,96875;13,5;-51,5625;-10,53125;-147,0625;-194,84375;-35,03125;-178,4375;160,3125;8,5625;115,3125;-11,03125;-221,625;-1,03125;-47,03125;56,8125;-48,625;116,875;-108,375;-161,5;170,75;-31;-110,125;-161,125;73,40625;-133,78125;-250,5;5,375;-100,4375;-24,375;-174,625;
-87,21875;-53,09375;-152,28125;-80,65625;-111,375;177,25;-48,96875;-21,1875;-43,9375;-269,34375;-10,25;-110,34375;-135,75;-118,9375;-101,21875;83,84375;-78;-66,84375;79;66,3125;-40,0625;-42,40625;-133,1875;-73,21875;17,71875;150,78125;1,65625;106,15625;-8,84375;-95,09375;-133,3125;82,03125;-144,34375;38,6875;-220,1875;-144,40625;75,34375;-95,3125;-131,21875;-262,03125;-142,03125;10,40625;-123,90625;99,78125;-113,96875;-198,8125;5,78125;-225,59375;-215,28125;-157,375;-48,90625;83,71875;66,09375;23,0625;100,8125;39,9375;-22,15625;38,71875;-82,375;-42,5625;4,9375;-69,28125;11;-59,125;-98,3125;-71,46875;41,65625;-78,84375;62,0625;168,1875;-185,875;-63,15625;289,09375;33,3125;-108,1875;76;24,40625;64,6875;-1,375;-92,84375;-7;122,71875;251,375;188,21875;156,15625;-19,5;-137,84375;11,90625;-168,375;-140,5625;214,5;409,875;451,65625;824,375;899,9375;684,6875;699,90625;506,5625;191,9375;86,375;428,84375;483,875;813,5;993,9375;1295,15625;1291,0625;1346,75;910,84375;929,1875;487;226,21875;184,875;-38,125;44,5;184,375;426,25;589,25;1339,5;1608,375;2256,6875;2626,78125;2807,6875;2446;2293,59375;2057,6875;1751,78125;1352,84375;1408,25;1304,25;1468,375;1704,75;2288,46875;2636,5625;3463,78125;3990,75;4603,0625;4498,1875;4175,34375;3637,40625;3282,65625;2787,96875;2191,875;1827,03125;1675,6875;1230,40625;1239,65625;870,4375;1083,1875;1154,375;1297,9375;1428,28125;1489,5;1702,875;1673,625;1480,96875;1533,71875;1325,75;1349,40625;1155,125;993,9375;984,28125;763,5;467,625;109;195,78125;360,3125;370,28125;468,375;515,34375;416,28125;711,875;448,21875;688,25;782,53125;800,3125;588,125;611,8125;322,96875;244,46875;292,1875;-26,03125;166;13,40625;115,75;-15,375;-87,125;108,0625;322,90625;878,84375;1399,59375;2155,875;2384,90625;3243,8125;3919,5;4680,4375;5221,15625;5945,625;6349,96875;6658,28125;6426,5;5712,75;4899,59375;3813,59375;2642,4375;1583,71875;891,25;276,09375;169,65625;-52,96875;-27,34375;-63,9375;-21,125;-117,09375;8,96875;-18;-15,875;-114,875;-177,90625;90,40625;-162,09375;20,3125;91,25;92,59375;115,4375;17,3125;-98,4375;231,9375;-25,75;102,8125;46,90625;148,96875;130,03125;250,5;106,9375;86,65625;111;-1,21875;101,8125;383,625;272,90625;196,78125;2,5625;11,625;108,03125;274,78125;148,6875;199,09375;204,71875;19,53125;415,5625;208,65625;118,03125;237,25;169,15625;179,5625;35,3125;238,71875;7,21875;121,46875;126,1875;-70,25;51,5625;260,25;73,03125;63,40625;85,90625;65,3125;62,90625;285,21875;124,8125;192,71875;335;189;135,78125;376,75;530,28125;342;282,59375;102,53125;53,4375;86,6875;32,4375;52,53125;187,8125;197,53125;107,40625;189,3125;76,03125;217,21875;204,75;105,9375;102,40625;175,6875;211,90625;36,21875;-45,5;73,625;157,9375;12,0625;130,625;-45,25;264,65625;-195,0625;119,03125;-105,96875;13,03125;56,34375;-12,59375;194,78125;35,25;-14,78125;20,6875;104,125;85,09375;-118;46,03125;129,3125;-140;11,125;64,4375;
-230,90625;33,5625;-111,65625;-168,71875;-137,4375;-101,59375;-77,78125;-402,3125;-202,15625;-199,5;-135,0625;-6,34375;-168,1875;-100,90625;64,125;-168,9375;-108,5625;-26,625;61,46875;1,5;-114,5625;-41,28125;-141,25;-127,59375;-327,09375;-242,03125;-208,3125;-224,15625;-137,53125;-92,09375;-100,625;7,5;-339,71875;-57,40625;-154,59375;-388,5625;-289,5625;-198,375;-162,03125;-198,5625;20,03125;-339,78125;-108,75;-151,6875;-51,53125;-281,40625;-254,78125;-298,625;-95,875;-252,28125;-258,9375;-175,90625;-262,09375;-20,5625;-131,65625;19,5;-209,125;61,03125;-264,9375;-114,0625;-307,9375;-174,34375;-94,125;28,25;-180,25;-46,5625;-30,84375;-87,34375;111,75;-54,65625;-242,28125;-208,0625;-168,9375;-123,40625;-11,46875;-20,875;-32,5;-6,03125;32,3125;-92,71875;-172,09375;4;174,59375;61,90625;132,1875;58,0625;107,21875;-283,96875;-26,96875;-58,40625;47,5625;315,34375;548,96875;554,5625;717,96875;698,09375;622,0625;257,53125;78,3125;-159,34375;286,59375;516,625;642,625;970,15625;1424,53125;1091,375;1139,6875;1005;860,0625;475,71875;394,59375;112,40625;-25,28125;31,25;370,75;575,8125;671,5;926,21875;1720,5625;2070,4375;2441,9375;2522,03125;2698,75;2560,6875;2215,40625;1904,75;1802,5;1585;1498,15625;1495,53125;1874,875;2485,34375;3136,75;3690,3125;3945,1875;4584,25;4862,5;4285,8125;3858,40625;3389,15625;2564,6875;2339,96875;1995,28125;1453,03125;1211,28125;1093,53125;1179,15625;957,28125;1116,0625;1576,5;1457,40625;1926,5625;2003,25;1794,53125;1785,53125;1164,28125;1355,4375;1443,96875;1185,71875;1099,75;579,75;434,46875;352,125;423,09375;152,375;216,46875;473,84375;533,78125;520,65625;416,96875;426,0625;469,84375;540,0625;708,90625;724,40625;639,9375;435,1875;242,90625;269,46875;188,875;55,21875;-20,6875;140,6875;264,375;199,03125;-75,0625;77,78125;396,03125;972,4375;1373,6875;1900,90625;2488,09375;3314,15625;3890;4618,6875;5338,6875;6054,96875;6470,34375;6476,84375;6293,6875;5796,4375;4599,03125;3477,375;2436,21875;1702,8125;1057,09375;434,125;190,90625;-225,96875;-203,125;-136,59375;-228,90625;-175,4375;-252,53125;-41,375;-216,5;-118,71875;48,375;-182,90625;-106,59375;-292,59375;-142,75;-85,75;79,59375;-86,90625;12,625;39,15625;-82,21875;44,34375;87,6875;114,46875;7,71875;-33,03125;102,4375;-46,53125;17,9375;-42,625;-9,84375;7,03125;-253,8125;65,46875;-78,5625;6,96875;151,8125;-94,5;31;65,125;73,40625;61,25;115,75;30,4375;24,65625;56,15625;85,4375;220;11,15625;33,28125;-67,46875;10,9375;-107,5625;45;154;118,28125;18,09375;61,1875;179,5625;-18,9375;273,5;400,09375;155,84375;72;209,90625;133,1875;215,75;278,90625;351,28125;193,84375;401,03125;148,53125;358,90625;166,28125;175,21875;-5,875;105,3125;130,6875;-88,53125;85,4375;36,15625;104,09375;20,125;-19,625;-255,9375;-216,4375;83,53125;-26,84375;78,3125;-43,84375;-54,59375;214,21875;13,53125;27,4375;-71,375;21,90625;4,78125;-30,40625;47,96875;-126,9375;-31,84375;31,8125;-63,65625;-106,4375;-187,75;54,03125;-100,71875;-103,875;-64,5;189,21875;-73,875;-273,90625;-128,0625;
-227,40625;100,75;-59,125;71,1875;66,1875;6,71875;-59,46875;95,59375;-78,25;-120,75;-17,90625;80,40625;-34,75;-98,6875;131,3125;246,78125;124,84375;205,15625;-1,59375;172,625;-107,375;-82,78125;-31,9375;104,9375;118,21875;-41,0625;51,6875;303,125;129,59375;257,90625;4,75;129,1875;63,34375;162,25;38,09375;-114,71875;36,3125;-49,9375;199,59375;-156,5;-110,84375;127,59375;134,34375;-83,25;-12,625;-13,96875;-160,34375;-204,21875;-27,84375;-127,375;53,25;-60,75;10,9375;-77,15625;95,8125;85,09375;-61,59375;-104,9375;-169,84375;-160,875;9;-137,4375;-70,8125;72,3125;-38,96875;113,4375;-26,5625;-124,25;132,625;-28,75;235,09375;-123,3125;235,96875;111,4375;-41,8125;-11;201,5;81,96875;69,53125;22,09375;111,53125;258,34375;170,8125;453,90625;186,25;112,21875;186,3125;100,3125;165,3125;92,78125;286,1875;573,5;863,5625;988,6875;956,71875;754,15625;658,03125;478,21875;347,40625;304,78125;215,0625;292,96875;977,28125;1092,5;1360,6875;1451,875;1396,09375;1059,46875;736,5625;648,25;318,03125;152,53125;87,375;93,90625;176,90625;532,5625;710,625;1337,40625;1874,09375;2277,65625;2960,96875;2777,53125;3075,71875;2663,25;2496,0625;2064,8125;1764,0625;1664,0625;1461,53125;1926;2161,875;2712,9375;3262,90625;3812,40625;4550,1875;4968,4375;4869,375;4660,625;4084,5;3616,34375;3074,3125;2562,78125;2071,25;1935,9375;1454,125;1259,5625;1285,21875;1415,53125;1491,5;1545,0625;1909,15625;1917,6875;1949,90625;1945;1942,25;1405,59375;1565,125;1365,25;1269,71875;1165,5;1184,5;746,625;727,09375;462,90625;321,59375;390,3125;388,84375;798,40625;843,25;559,84375;607,46875;687,5;762,1875;862,5625;859,03125;667,84375;653,1875;368,90625;240,65625;194,3125;382,09375;175,125;227,9375;156,5;88,71875;421,4375;386,65625;414,03125;810,6875;1531,71875;2301,0625;3022,75;3546,71875;3994,625;4896,78125;5575,53125;5994,78125;6685,15625;6649,0625;6546,25;5761,90625;4564,71875;3577,9375;2520,71875;1419,1875;863,1875;419,59375;-120,03125;159,3125;-106,71875;-158,0625;-91,15625;45,21875;179,84375;-91,75;-250,8125;59,875;51,25;-29,6875;14;321,59375;-104,8125;83,78125;209,71875;116,6875;28,09375;54,34375;-109,125;284,125;208,3125;-3,4375;234,875;106,5;-54,03125;150,5;242,03125;-2;39,5;44,0625;71,59375;118,15625;64,28125;244,1875;244,96875;225,375;266,03125;399,6875;193,8125;132,65625;282,4375;195,25;-34,15625;423,875;104,21875;187,34375;159,0625;79,875;179,15625;145;253,09375;384,3125;391,125;280,84375;127,125;124,21875;70,625;264;276,34375;128,9375;237,5;301,71875;467,09375;194,8125;160,53125;423,03125;290,0625;332,65625;300,3125;336,875;463,78125;239,34375;401,96875;178,9375;75,1875;179,8125;144,3125;167,4375;307,0625;193,46875;111,875;46,75;-111,0625;101;-2,03125;302,6875;101,125;130,78125;-112;192,09375;158,34375;82,96875;189,5625;167,375;16,40625;185,0625;86,6875;-156,875;-24,9375;6,8125;3,71875;-100,71875;-37,84375;116,625;93,375;-24,78125;59,4375;173,84375;162,15625;178,875;280,09375;
7,59375;-107,75;-225,65625;50,875;15,65625;27,40625;-42;32,125;-5,75;81,625;-65,96875;110,34375;18,96875;-6,65625;-92,15625;-101,4375;-137,84375;135,9375;5,28125;62,9375;70,46875;71,09375;-64,65625;-181,8125;-170,75;-194,6875;87,65625;-27,78125;36,53125;-152,0625;-221,625;-24,375;74,3125;-217,75;-103,21875;-155,53125;-36,65625;-330,03125;-95,84375;99,625;62,6875;-255,9375;-114,78125;-223,15625;-81,09375;-157,875;-104,21875;-49,4375;-140,8125;-44,625;-277,03125;-43,53125;-64,21875;-49,375;-23,6875;54,4375;17,84375;-131,0625;9,3125;-90,875;-79,3125;-121,21875;67,71875;-127,40625;-57,125;-111,9375;113,21875;31,90625;-18,65625;29,125;-23,75;113,4375;-30,90625;68,4375;-15,09375;-35,625;-32,28125;112,40625;-118,625;95,875;-210,75;100,03125;329,1875;231,71875;125,9375;262,875;-19,78125;-127,5;-164,03125;-150,90625;-23,75;339,90625;720,65625;627,46875;573,59375;758,75;472,84375;340,0625;360,28125;265,1875;303,34375;473,5625;710,34375;1200,8125;1244,78125;1041,46875;1233,625;1102,8125;595,9375;208,8125;107,09375;25,625;-19,96875;-9,9375;277;359,9375;560,28125;1250,625;1668,625;2164,375;2616,4375;2765,75;2832,71875;2719,6875;2446,40625;2129,96875;1840,9375;1546,1875;1607,0625;1829,71875;2244,34375;2854,65625;3320,65625;3787,84375;4488,03125;4847,71875;4808,5625;4812,625;4314,8125;3720,21875;2775,125;2520,5;2187,40625;1716,0625;1530;1141;1310,71875;1322,75;1547,15625;1758,125;1797,53125;2134,6875;1878,4375;1943,90625;1836,8125;1699,96875;1648,46875;1296,5;1181,28125;1127,96875;968,875;718,1875;494,5625;256,84375;157,5625;308,15625;458,0625;571,6875;530,4375;489,59375;576,90625;565,09375;718,6875;1001,15625;835,1875;616,25;453,40625;408,3125;291,46875;194,53125;131,53125;251,125;103,1875;90,09375;85;130,75;146,96875;501,75;888,875;1260,6875;2048,5625;2616,4375;3369,875;3900,46875;4928,625;5363,46875;6028;6414,71875;6439,625;6235;5632;4448,375;3385;2308,09375;1571,90625;707,84375;273,59375;1,0625;-170,25;-46,8125;-128,9375;26,78125;-37,96875;-96,9375;-52,4375;-112,28125;-163,625;96,65625;-227,90625;120,09375;111,625;-28,3125;-67,75;130,15625;-75,78125;336,625;126,03125;91,5;100,1875;-89,0625;338,6875;282,875;-3,46875;135,5;13,90625;-92,40625;-7,1875;-18,125;-8,1875;56,1875;-22,59375;-9,28125;-41,90625;117,21875;-35,8125;69,53125;27,65625;91;102,625;91,65625;217,1875;222,6875;1,90625;170,625;1,53125;-92,53125;20,4375;284,09375;106,53125;148,46875;209,84375;159,21875;82,40625;99,84375;192,125;28,75;118,3125;276,84375;275,5;337,4375;250,34375;147,6875;185,75;365,34375;378,28125;261,4375;220,09375;179,5625;209,84375;243;59,1875;-114,78125;168,53125;62,125;201,65625;163,09375;179,15625;148,65625;-65,8125;-12,4375;236,34375;89,65625;137,71875;77,25;-1,5;8,6875;58,40625;-14,1875;-111,6875;81,96875;159,25;2;-19,25;68,03125;-36,34375;-57,59375;94,53125;-58,78125;-33,5;-147,375;-35,78125;141,3125;-217,375;-57,53125;75,9375;-71,6875;22,84375;29,96875;-80,46875;30;
-23,09375;-166,375;-250,15625;-178,84375;27,1875;-133,59375;-36,96875;-180,3125;-120,90625;-134,125;-21,75;-95,15625;43,90625;-320,15625;44,21875;-73,5625;-218,1875;-72,4375;-0,875;114,84375;-63,9375;-150,0625;-12,75;65,53125;-99,0625;-86,78125;-125,53125;-264,75;-245,5625;-158,84375;22,59375;-184,03125;-3,9375;-148,5;-82,84375;-183,46875;-60,53125;-220,5;-295,90625;-170,8125;-271,125;-68,78125;-146,71875;-157,59375;48,28125;-126,84375;-139,3125;-45,4375;-303,21875;-234,15625;-205,25;-126,28125;-136,84375;-123,9375;-41,9375;-82,875;35,1875;-208;-172,0625;-297,21875;-143,1875;-147,375;-308,25;-47,9375;-191,0625;-15,875;-3,65625;-73,03125;-85,34375;54,28125;-141,0625;-296,46875;-28,3125;10,875;20,21875;62,28125;-126,5;10,09375;-216,15625;-116,25;-40,46875;-91,875;197,90625;143,90625;268,90625;141;47,875;-50,71875;-91,09375;-80,09375;189,125;231,4375;603,375;680,21875;835,65625;785,0625;448,21875;459,03125;236;300,8125;180,3125;428,40625;635,34375;914,5;1228,65625;1158,1875;1216,65625;1136,3125;595,53125;408,5;291,90625;107,5;141,0625;-25,9375;272,1875;211,3125;815,03125;1128,03125;1548,9375;2272,875;2426,1875;2720,125;2774,84375;2393,53125;2229,625;2049,375;1834,71875;1481,5;1619,28125;1707,15625;2034,96875;2570,53125;3392,4375;4107,8125;4415,6875;4874,09375;5004,78125;4780,5625;4291,46875;3624,15625;2936,875;2461,9375;2330,4375;1730,78125;1548,25;1232,6875;1255,6875;1341,40625;1445,875;1640,84375;1723,0625;2019,34375;1871,3125;1874,125;1858,25;1457,59375;1452,5;1322,75;1505,125;1100,78125;646,59375;567,1875;344,1875;222,53125;207,96875;594,90625;435,875;545,03125;584,78125;461,34375;408,875;673,25;536,9375;815,4375;709,25;618,53125;605,03125;210,34375;230,1875;120,15625;302,53125;304,46875;57,71875;227;108,90625;158,3125;320,65625;405,125;1014,375;1608,71875;2056;2618,21875;3308,09375;4045,9375;4615,5;5500,15625;5993,28125;6460,71875;6704,625;6236,34375;5600,875;4436,84375;3380,90625;2285,6875;1296,34375;779,9375;99,78125;16,9375;48,96875;-18,21875;-153,78125;-118,9375;-199,5625;-195,59375;24,96875;-106,96875;-122,5;-199,625;-111,125;-78,03125;24;65,71875;-57,125;118,1875;-135,4375;-22,8125;238,78125;-74,5;77,5;-107,78125;8,625;76,28125;17,9375;146,1875;-197,65625;-35,5;133,1875;7,09375;118,84375;31,625;174,15625;95,09375;61,1875;65,21875;-128,1875;-41,3125;115,5;160,71875;196,25;95,0625;107,84375;116,09375;-111,3125;205,625;-4,84375;82,625;91,34375;175,03125;-40,09375;177,25;223,5;177,78125;-37,34375;108,96875;11,25;135,125;105,46875;415,40625;241,34375;98,75;180,21875;108,40625;41,5625;157,8125;326,65625;326,90625;378,5625;172,1875;195,375;193,53125;42,84375;19,8125;197,5;35,96875;104,78125;97,5625;57,03125;126,4375;30,5;-125,25;-35,375;-1,90625;-3,15625;8,125;131,21875;24,1875;7,5;9,5;244,3125;-167,21875;-70;-106,71875;19,9375;29,46875;-129,28125;-62,15625;-15,15625;78,5625;98,15625;-88,4375;-89,625;-184;-11,03125;70,0625;-35,59375;-101,75;-92,09375;-111,6875;-247,875;-216,6875;
-279,375;-185,09375;-214,15625;-110,5;-178,71875;-69,8125;-44,9375;-104,0625;14,5625;-15,53125;-291,28125;10,625;-87,21875;-163,6875;-14,1875;-176,4375;-202,90625;-217,78125;-323,53125;-0,90625;21,34375;-96,1875;-241,40625;-35,28125;-262,15625;-96,3125;-69,84375;134,84375;-106,5;-159,25;-168,3125;-108,875;-186,71875;-70,53125;-151,15625;-316,34375;-91,375;-283,625;-79,125;-290,625;-185,4375;-111,25;-19,78125;-45,8125;-88,34375;-91,5625;53,125;-62,28125;-142,46875;-6,59375;12,125;-322,53125;-154,34375;-58,5;116,8125;-205,6875;-200,625;-30,65625;-57,9375;-83,6875;-268,21875;-59,46875;-179,59375;18,3125;-161,46875;-121,25;-232,90625;-40,25;-257,28125;-193,6875;-82,9375;-35,03125;-213,34375;-42,78125;-115,125;-19,28125;4,09375;-57,46875;-156,9375;135,125;87,28125;-77,46875;78,03125;103;67,65625;40,40625;-23,21875;68,09375;-40,59375;115;155,28125;385,90625;552,9375;774,125;854,625;612,1875;660,1875;381,28125;346,0625;221,4375;15,03125;595;825,5625;795,15625;1218,90625;1312;1177,71875;816,03125;627,6875;461,46875;116,78125;56,78125;73,0625;-28,90625;55,625;243,53125;679,84375;1124,5;1703,90625;2234,90625;2572,75;2713,875;2697,375;2518,28125;2430,3125;1986,75;1712,03125;1520,0625;1549,5;1797,15625;2206,4375;2864,8125;3389,09375;4042,34375;4713,4375;5026,53125;5080,21875;4632,40625;4140,4375;3474,125;2841,0625;2402,625;2123,5625;1715,59375;1567,59375;1329,65625;1247,375;1171,65625;1563,625;1787,3125;1714,71875;1905,1875;2174,5625;1782,03125;1882,53125;1480,375;1319;1326,28125;1180,3125;1034,125;844,5625;818,1875;500,625;555,21875;103,78125;360,59375;553,25;630,65625;524,28125;622,3125;438,6875;554,4375;593,59375;670,34375;615,21875;662,625;547,03125;359,84375;302,40625;266,84375;29,25;218,65625;34,625;105,53125;-6,96875;102,09375;366,46875;588,90625;801,71875;1458,96875;2164,9375;2807,78125;3590,375;4078,90625;4756,8125;5370,3125;6129,03125;6296,6875;6359,96875;6186,25;5384,5;4501,96875;3284,9375;2170,03125;1424,34375;624,28125;214,34375;109,65625;-243,78125;33,78125;1,0625;-78,03125;-309,65625;-47,375;-312;-40,25;-145,375;-157,84375;-284,15625;-136,53125;143,90625;-54,96875;27,6875;-0,0625;42,25;302,84375;-21,75;115,71875;19,9375;145,40625;149,84375;279,625;299,78125;200;117,09375;234,8125;-10,03125;-151,25;68,1875;48,46875;-33,34375;232,09375;182,625;15,65625;425,1875;147,4375;73,53125;306,40625;308,15625;412,25;201,9375;148,53125;98,53125;155,9375;300,96875;284,3125;206,375;162;245,375;340,96875;243,28125;94,8125;205,40625;161,90625;180,78125;210,0625;388,625;295,71875;232,1875;194,375;303,375;124,5625;100,90625;220,9375;110,4375;71,6875;344;275;212,375;270,46875;121,09375;137,5;80,71875;-42;110,21875;91,03125;273,875;6,4375;-192,46875;23,40625;-31,34375;51,65625;-23,84375;34,65625;-10,375;93,34375;-20;15,09375;0,3125;-68,6875;72,875;86,46875;226,875;32,6875;57,5;-93,28125;-53,84375;-72,5625;25,125;52,90625;109,90625;-144,375;116,96875;-22,03125;-9,25;36,3125;90,40625;20,46875;243,6875;26,96875;
-295,34375;-128,65625;61,40625;-118,40625;-144,0625;16;-193,1875;-99,09375;-59,65625;-319,375;-123,4375;-26,09375;-199,90625;-55,21875;-205,78125;-245,03125;-244,53125;28,125;71,4375;-87,09375;-289,21875;28,90625;108,96875;-203,4375;-80,09375;-213,28125;-74,75;-118,625;-89,28125;-236,53125;-212,5625;-105,71875;-177,59375;-267,34375;-327,71875;-103,5625;5,28125;-322,75;-254,9375;-413,625;-140,40625;-127,78125;-18,28125;-419,59375;-204,4375;-433,3125;-58,9375;-35,125;-205,71875;-45,78125;-196,3125;-10,375;-98,125;-29,6875;-97,21875;4,53125;114,21875;-45,6875;-100,78125;-205,40625;-22,6875;-184,21875;-253,4375;-47,40625;-218,53125;-24,4375;-132,4375;-100,875;-122,21875;-234,4375;-392,40625;-177,3125;24,34375;-175,65625;-148,8125;-26,15625;-214,96875;77,9375;-91,90625;-142,96875;-149,90625;170,09375;-16,40625;-1,15625;202,375;71,65625;12,5;-66,875;56,34375;-249,1875;156,96875;322,9375;443,78125;662,6875;867,90625;700,40625;466,59375;494,59375;265,46875;305,5;431,40625;597,59375;866,84375;1111,0625;1296,34375;1256,21875;1096,5;862,65625;724,46875;440,4375;18,875;80,375;135,65625;121,15625;121,625;298;712,09375;1017,6875;1693,3125;2070,46875;2658,3125;2547,78125;2615,09375;2581,875;2208,90625;1849,4375;1805,125;1675,8125;1678,21875;1759,90625;2127,84375;2769,53125;3201,375;4010,09375;4511,78125;4972,84375;4652,5;4598,125;3940,96875;3656;2736,21875;2913,9375;2165;1688,625;1461,3125;1303,34375;1188,5625;1454,5;1411;1714,15625;1744,34375;1737,25;1790,53125;1863,375;1592,09375;1545,8125;1411,1875;1268,625;1175,625;875,375;697,875;634,375;297,1875;376,90625;129,84375;366,15625;532,5;593,71875;342,53125;445,28125;578,75;705,3125;919,65625;685,71875;650,34375;700,375;475,875;411,96875;213,71875;78,375;65,65625;345,96875;21,46875;327,59375;123,84375;13,5625;336;436,1875;905,65625;1673,375;2137,5625;2792,5625;3550,125;4137,9375;4811,28125;5425,1875;5987,40625;6369,78125;6605,09375;6183,28125;5502,75;4403,125;3306,34375;2081,71875;1289,46875;702,3125;172,40625;-118,8125;-119,4375;-200,5;-199,28125;-195,75;-220,65625;-24,65625;-237,90625;-156,6875;23,625;-169,75;109,8125;-166,9375;163,9375;50,59375;139,25;-48,84375;-116,65625;-35,46875;-83,21875;-113,96875;-0,1875;190,21875;167,03125;230;41,09375;-60,40625;40,34375;-26,8125;78,25;-102,21875;46,8125;13,03125;235,4375;211,21875;215,125;-55,40625;20,125;192,25;82,3125;42,375;306,84375;19,78125;255,75;-20,875;230,21875;-67,71875;104,125;63,34375;202,46875;205,8125;186,53125;264,71875;127,8125;340,53125;279,84375;259,53125;232,5;71,125;175,0625;94,5;288,78125;267,78125;355,59375;123,625;208,6875;67,8125;65,40625;391,78125;223,125;116,125;192,21875;187,59375;-61,0625;151,0625;222,625;32,75;183,1875;19,84375;25,78125;44,84375;95,625;153,4375;75,65625;114,28125;170,3125;-6,28125;76,875;-89,15625;216,1875;-45,5;51,8125;75,21875;-70,0625;86,53125;90,4375;-84,1875;-89;-0,28125;-197,21875;-53,96875;-117,5625;66,71875;4,125;-319,09375;91,375;-11,46875;-95,75;-89,125;-230;-39,6875;52,1875;40,625;
-109,84375;-397,625;-42,15625;-99,40625;-99,4375;-301,875;-46,75;-362,90625;-242;-117,25;-52,34375;-165,25;-289,03125;-97,5;-292;49,40625;-74,03125;-195,25;-165,46875;-163,96875;-143,46875;-207,28125;-222,53125;-393,84375;-168,09375;-32,53125;-321,5625;-145,375;-102,28125;-95,8125;-192,875;-252,8125;-423,53125;-154,9375;-112,46875;-407,78125;-151,21875;-272,28125;-36,53125;2,5625;-108,75;-223,03125;-286,21875;-204,09375;-232,28125;-333,28125;-186,21875;-318,46875;-200,5;-265;-133,46875;-356,1875;-149,71875;-311,03125;-87,875;-321,5625;11,25;-319,59375;2,375;-180,03125;-243,96875;-315,15625;-134,96875;-205,3125;-154,1875;-62,9375;-258,96875;-257,34375;-185,78125;-92,46875;-367,1875;-254,40625;9,46875;-145,40625;-0,25;-61,3125;48,71875;-278,90625;-283,15625;-202,59375;-73,3125;-59,34375;88,5625;239,21875;160,8125;201,6875;46,1875;-33,84375;-41,34375;-88,28125;-91,21875;313,5625;522,0625;555,03125;920,9375;709,9375;485,75;519,6875;392,6875;13,34375;105,65625;590,65625;671,5625;883,0625;1036,34375;1188,96875;1057,09375;966,90625;368,15625;228;94,375;18,34375;-16,15625;-128,9375;73,15625;116,8125;617,5;892,25;1387,34375;1865,78125;2145,53125;2371,34375;2632,25;2242,8125;2058,84375;1823,03125;1594,78125;1488,1875;1552,5625;1517,90625;1961,3125;2526,75;3249,75;3959,9375;4464,625;4823,34375;4685,40625;4543,03125;3882,1875;3545,9375;2723,34375;2455,84375;1819,3125;1600,6875;1442,75;1229,125;1395,625;1151,875;1341,71875;1528,78125;1727,96875;1654,15625;1718,0625;1779,5;1455,28125;1442,34375;1451,40625;1257,8125;1022,96875;1161,4375;775,84375;480,375;320,4375;39,09375;205,53125;112;431,25;515,03125;462,53125;540,71875;515,875;701;824,8125;781,125;696,78125;603,78125;390,5;286,9375;-86,71875;132,4375;137,1875;134,40625;194,96875;-6,0625;-23,84375;20,46875;341,5;494,59375;952,96875;1600,8125;2340,34375;2602,15625;3382;4131,09375;4857,09375;5215,625;5891,875;6249,09375;6216,9375;5935,875;5376,59375;4145,875;3228,34375;1998,34375;1342,75;671,1875;100,8125;23,125;-200,46875;-283,5;-291,1875;20,90625;-201,9375;-207,9375;-127,4375;-101,3125;-107;-302,21875;27,53125;72,3125;-22,28125;-17,3125;-153,90625;4,96875;243,59375;-100,03125;-76,78125;-224,53125;-251,0625;-22,8125;152,71875;65,15625;133,59375;173,375;-114,9375;-67,875;-48,53125;-0,46875;127,25;11,65625;89,03125;54,65625;-1,46875;202,8125;31,21875;220,5;140,71875;24,875;152,78125;169,125;36,9375;173,09375;160,15625;-59,78125;-177,90625;116,46875;185,75;32,5625;60;49,40625;90,46875;149,71875;118,78125;150,0625;229,53125;125,28125;170,28125;157,09375;103,3125;221,75;226,5625;4,875;167,5;139,34375;91,75;242,5;115,96875;43,21875;-63,5;86,8125;107,1875;32,6875;-102,25;56,75;-120,8125;255,96875;55,4375;-77,8125;115,25;23,125;109,4375;61,9375;84,53125;-46,75;6,9375;-30,59375;163,53125;-144,96875;-106,40625;-29,21875;60,6875;74,375;-53,59375;27,8125;-262,59375;-138,375;-108,8125;-124,375;-103,625;-153,9375;-128,5;-166,8125;-120,125;-31;97,125;-172,875;-29,5;-170,25;-214,28125;49,84375;
-108,5625;24,15625;-104,6875;-43,03125;-20,625;-101,875;-158,28125;-68,8125;120,90625;107,96875;16,0625;72,28125;-64,125;-51,96875;-31,34375;40,40625;94,6875;127,1875;-167,84375;-81,46875;-177,875;39,21875;-127,25;-56,09375;-116,4375;-161,84375;45,3125;85,78125;281,28125;154,09375;-129,40625;51,25;1,15625;89,53125;-162,9375;-4,46875;-108,625;191,03125;7,25;-151,625;-213,21875;34,15625;-15,0625;34,125;20,6875;-66,625;-197,96875;-248,90625;-100,1875;-70,4375;-116,1875;113,78125;84,1875;-210,96875;-17,8125;94,59375;92,90625;-53,28125;-115,28125;-74,1875;-52;11,90625;23,5625;-160,625;-21,90625;-49,5;-65,59375;53,5;74,6875;-16,59375;5,5625;42,09375;-74,53125;98,46875;-154,78125;-39,40625;-50,375;118,125;2,375;-175,46875;26,40625;-27,25;188,46875;467,0625;284,3125;151,625;202,03125;72,75;89,65625;99,96875;118,3125;351,90625;534,84375;722,5625;865,5625;833;610,4375;366,21875;336,0625;122,09375;348,78125;331,96875;907,6875;913,59375;1280,53125;1148,40625;1107,4375;882;445,9375;411,875;328,75;78,53125;388,46875;113,65625;179,875;330,625;740,84375;1291,15625;1525,6875;2097;2230,625;2766,75;2673,84375;2400;2176,0625;1839,28125;1570,875;1726,9375;1780,625;1709,1875;1962,6875;2672,25;3196,03125;3974,09375;4249,40625;4790,28125;4743,71875;4311,1875;3878,40625;3440,3125;2883,78125;2223,875;1883,875;1749,9375;1426,1875;1489,21875;1265,4375;1300,6875;1293,4375;1610,84375;1798,875;1743,59375;1935,8125;1778,28125;1662,375;1410,1875;1596,71875;1496,53125;1304;1093,15625;922,1875;525,90625;494,84375;442,03125;396,78125;279,09375;413,5625;535,8125;622,65625;412,625;477,78125;669,46875;772,875;692,4375;938,6875;679;468,40625;409,75;296,5;333;412,5;273,40625;335,4375;295,15625;176,21875;318,40625;503,3125;888,5;1179,0625;1953;2333,5625;2772,4375;3591,84375;4040,375;4757,09375;5522,96875;5997,5;6271,46875;6398,375;6094,59375;5363,71875;4318,40625;3254,0625;2282,96875;1184,15625;665;186;-19,375;-31;-112,5;-16,96875;184,65625;80,96875;-103,3125;-42,15625;-69,625;2;158,09375;41,75;166,5;2,59375;114,09375;-46,9375;419,59375;217,21875;227,5;223,0625;33,84375;187,1875;247,84375;134,21875;384,125;168,46875;273,5625;10,46875;129,4375;143,875;189,25;155,71875;255;74,625;376,84375;123,4375;369,5625;423,75;156,71875;314,34375;142,84375;48,78125;267,59375;219,40625;202,25;252,53125;235,96875;154,59375;203,125;217,15625;519;244,34375;273,5625;43,1875;36,53125;137,59375;371,1875;231,71875;-1,5625;375,3125;348,125;259,3125;429,34375;399,65625;334;360,59375;287,53125;320,46875;157,6875;198,75;131,21875;35,59375;113,09375;179,28125;156,6875;242,0625;356,03125;167,78125;101,84375;96,0625;236,8125;124,625;128,09375;239,78125;148,28125;124,25;331,625;19;263,65625;50,96875;261,34375;93,125;119,6875;197,46875;9,53125;119,40625;166;173,53125;173;-10,6875;-148,84375;133,84375;194,34375;241,3125;130,71875;-29,4375;183,90625;150,78125;228,8125;171,3125;135,3125;114,96875;297;
-170,5;164,5625;128,3125;2,46875;-29,96875;-167,21875;-66,625;-65,65625;55,4375;46,1875;-81,96875;-6,46875;-75,875;-1,1875;-144,96875;-25,875;-104,28125;85,21875;-147,1875;-128,59375;137,96875;-25,09375;-45,28125;-166,53125;-196,71875;-0,1875;-189,8125;-274,1875;-59,125;2,5625;-107,40625;-164,90625;-110,46875;84,71875;-139,625;-240,90625;-132,875;-194,46875;-120,03125;-175,125;-111,9375;-38,8125;212,5625;78,59375;-78,09375;-40,46875;-34,1875;-116,21875;-67,15625;-17,03125;23,90625;-71,71875;-82,21875;-13,1875;-209,71875;-314,0625;161,4375;-172,59375;57,53125;-103,09375;-96,96875;-156,375;-31,53125;88,0625;-214,59375;-102,09375;-5,28125;22,28125;-4,03125;82,3125;-134,40625;276,40625;-130,125;184,40625;137,28125;49,8125;7,40625;-33,0625;28,625;-89,375;-180,375;99,96875;46,125;236,09375;194,46875;22,6875;-17,3125;-107;110,125;168,8125;361,03125;299,125;498,21875;593,9375;811,1875;781,1875;576,09375;483,625;265,5;285,71875;185,9375;483,75;696,375;1004,375;1162,28125;1137,65625;973,46875;767,53125;643,15625;398,25;233,5625;153,5625;275,03125;252,375;174,625;405,4375;725,78125;1234,21875;1533,4375;1979,34375;2264,625;2454,75;2465,5625;2412,71875;2329,65625;1972,625;1644,375;1459,15625;1479,40625;1515,65625;1948,5;2673,375;3012,75;3736,6875;4464,21875;4558,53125;4524,34375;4317,03125;3750,1875;3271,6875;2686,40625;2264,625;2059,4375;1612,03125;1500,4375;1406,6875;1216,46875;1414,84375;1409,53125;1498,59375;1498,78125;1804,90625;1706,71875;1835,78125;1518,71875;1564,8125;1120,8125;1276,46875;1248,78125;1203,4375;885,15625;441,8125;451,3125;303,9375;301,59375;386,65625;476,65625;721,09375;244,125;422,09375;362,34375;418,4375;692,125;758,21875;949,625;543,4375;570,1875;468;121,6875;145,375;345,875;443,40625;298,90625;364,84375;52,3125;204,96875;350,5625;773,84375;1285,90625;1709,8125;2157,9375;2945,53125;3409,90625;4280,40625;4584,125;5404,46875;6076,125;6249,6875;6315,125;5921,5;5011,40625;4213,40625;3233;2150,375;1177,5625;522,75;260,53125;9,21875;-77,5;-88,125;-10,65625;-28,75;-138,96875;-92,28125;105,71875;-153,59375;-41,5;144,4375;-23,375;-45,625;16,21875;246,9375;93,375;80,90625;-8,0625;208,6875;161,46875;43,875;111,03125;217,09375;260,625;103,65625;265,65625;-67,4375;312,5625;12,65625;97,4375;44;-35,9375;21,84375;267,8125;44,8125;166,5625;147,15625;245,34375;52;323,65625;304,375;213,53125;258,375;37,25;289,90625;179,0625;83,5625;291,75;45;162,65625;307;241,90625;262,4375;150,21875;48,90625;537,65625;204,125;29,9375;233,03125;166,5625;227,8125;279;341,25;152,0625;107,65625;169,1875;180,125;196,625;72,28125;351,875;112,71875;-7,78125;424;166,9375;199,5;41;219,21875;271,03125;122,125;250,9375;130,25;-9,4375;196,09375;-31,40625;122,40625;-23,09375;101,21875;283,21875;67,90625;75,25;57,6875;44,5;-53,4375;90,09375;41,09375;5,625;-148,8125;-178,15625;-124,5;179,34375;-53,28125;-33,03125;21,3125;166,78125;-32,15625;50,5625;-51;212,78125;72,59375;-20,6875;91,03125;-122,5625;22,84375;
-88,59375;-153,1875;-252,625;-176,40625;-198,09375;-29,3125;-119,15625;-203,3125;-57,59375;3,375;-167,46875;-12,34375;-118,03125;-180,15625;85,59375;-90,1875;-242,40625;-176;-94,65625;-109,0625;35,96875;-50;-291,1875;-161,90625;-184,40625;-144,8125;124,8125;-42,46875;-136,03125;20,1875;-39,8125;97,125;-207,375;-160,78125;-154,53125;-142,21875;-25,15625;65,125;9,46875;-157,40625;-33,625;-231,0625;-77,15625;-111,6875;-227,4375;22,03125;-2,5;-27,0625;-253,4375;-17,65625;-55,75;-95,375;-147,09375;-249,125;173,5;-80,6875;-45,84375;-116,78125;-13,78125;-52,4375;-211,25;-82,53125;114,15625;-164,3125;-31,40625;40,5;57,3125;-76,1875;-155,28125;-101,15625;144,34375;-124,5;14,625;96,28125;29,1875;7,5;-7,90625;-31,21875;-52,375;-93,3125;-162,375;185,03125;95,8125;-70,65625;-95,65625;59,59375;151,3125;-98,9375;114,375;153,65625;47,40625;133,34375;426,03125;676,15625;789,5;522,84375;440,0625;302,34375;83,34375;234,84375;144,5625;310,625;632,0625;1014,625;1145,625;1078,4375;1118,5625;954,3125;558,625;331,84375;240,0625;65,71875;-38,84375;179,6875;241,8125;428,8125;682,125;1054,125;1641,84375;2178,625;2391,125;2346,84375;2382,71875;2606,8125;1966,875;1771,3125;1620,46875;1497,0625;1527,375;1751,625;2108,53125;2472,40625;3046,5;3543,5625;4181,375;4736,8125;4410,78125;4105,6875;3438,875;3215,28125;2691,6875;2200,8125;1822,25;1760,4375;1547,5625;1242,125;989,25;1427,0625;1296,5625;1433,65625;1719;1718,625;1728,03125;1518,21875;1376,65625;1478,28125;1323,1875;1402,1875;1214,59375;872,3125;841,25;401,09375;314,28125;42,65625;70,84375;155,8125;347,40625;359,90625;445,125;530,25;400,25;519,5625;748,34375;796,21875;840,25;673,4375;515,4375;493,09375;341,03125;325,625;137,3125;371,375;300,375;162,4375;83,375;-7,1875;423,25;538,9375;1334,9375;1644,125;2390,625;2860,125;3447,84375;4053,34375;4924,96875;5383,78125;5848,4375;6209,5625;6232,59375;5874,5625;5101,71875;4116,15625;3196,90625;2175,78125;1256,125;630,6875;434,8125;-164,5625;-0,0625;-18,15625;-48,15625;37,625;-10,5625;169,5;0,125;27,5625;-97,1875;-14,375;120;72;110,15625;114,625;104,25;89,125;106,9375;122,65625;-138,71875;-85,90625;-127,78125;224,3125;179,21875;113,65625;270,96875;174,84375;155,15625;192,84375;109,3125;68,28125;-25,09375;40,4375;129,15625;288,0625;390,6875;223,375;359,71875;196,53125;15,5625;196,0625;239;139,375;183,71875;170,40625;70,6875;128,9375;58,90625;-5,84375;119,75;213,21875;196,78125;156,84375;4,625;244,4375;82,0625;254,5625;-19,84375;187,71875;248,6875;277,875;324,21875;118,59375;457,28125;165,96875;192,15625;-8,125;141,4375;366,28125;321,1875;262;-206,90625;174,78125;150,15625;288,1875;-103,75;263,21875;56,90625;57,125;-22,40625;46,25;130,78125;-13,71875;240,25;323,6875;66,90625;-28,15625;-160,25;90,65625;-81,59375;90,21875;119,84375;-24,1875;16,40625;43,15625;-34,53125;50,90625;5,78125;76,0625;51,40625;-114;112,40625;-62,65625;-64,4375;-143,25;-191;147,34375;96,21875;40,65625;-6,5;113,53125;-141,125;193,34375;
83,96875;-158,75;-12,75;-238,03125;-64,3125;-185,15625;-190,25;-46,84375;-114,28125;-258,75;-253,375;-11,9375;-124,75;-55,75;-196,375;-179,125;-219,4375;-114;4,90625;38,03125;-336,90625;-21,78125;-118,625;-107,6875;-110,6875;8,875;-329,96875;-206,65625;-164,625;-26,15625;-14,5625;-113,53125;-84,65625;-228,21875;-147,6875;-149,125;-200;-78,34375;91,78125;-118,21875;-310,125;-368;95,4375;-44,34375;-175,28125;-341,09375;-206,125;-70,375;-278,5;-172,21875;-333,03125;27,5;-297,375;-182,5625;-239,8125;-137,15625;219,75;-302,15625;53;-190,9375;-215,46875;-172,71875;-198,21875;-0,59375;-81,03125;-125,90625;-56,65625;-211,59375;-145,59375;-47,5625;-41,21875;56,84375;-64,6875;62,46875;29,125;-135,5625;-129,625;-161,75;-127,03125;-284,40625;79,59375;-137,71875;-2,53125;208,78125;89,8125;172,09375;136,71875;43,8125;6,21875;-121,53125;5,8125;237,125;398,625;517,03125;632,625;541,4375;390,9375;370,9375;243,625;264,75;339,0625;676,125;588,34375;965,96875;1163,25;1080,71875;910,0625;809,28125;628,84375;306,625;132,90625;-61,625;90,4375;256,65625;214,9375;635,9375;619,4375;1122,65625;1542,375;1892,3125;2170,5625;2426,90625;2530,53125;2203,9375;1983,25;1776,5625;1544,71875;1458,34375;1362,5;1817,875;1867,4375;2319,4375;3122,28125;3570,375;3971,09375;4345,53125;4361,84375;4072,9375;3658,4375;3023,71875;2840,40625;2488,9375;1845,5;1739,59375;1425,71875;1085,53125;1242,1875;1180,90625;1527,84375;1613,25;1536,1875;1726,5;1644,46875;1661,46875;1660,25;1359,625;1354,15625;1213,625;1287,71875;1104,71875;722,28125;407,34375;288,1875;250,375;207,53125;110,4375;342,6875;196,4375;190;367,03125;184,8125;457,375;598,90625;552,125;660,6875;577,3125;406,09375;376,71875;134,3125;47,0625;171,75;307,0625;171,40625;223,53125;206,78125;148,9375;298,03125;659,96875;917,84375;1556,375;2250;2778,21875;3375,6875;3931,375;4796,84375;5389,21875;5769,0625;6132,03125;6318,9375;5825,15625;5053,65625;4194,09375;3018,3125;2056,09375;1124,5;344,5;263,8125;-22,34375;-99,84375;-0,625;-20,03125;-251,5625;5,5625;-143,40625;-201,03125;-225,8125;26,40625;-121,28125;-61,21875;103,09375;-46,46875;-46;154,375;126,90625;28,5;94,375;62,09375;-62,3125;122,4375;-40,0625;163,375;158,5;183,40625;-120,96875;30,15625;-36,375;38,03125;-23,03125;122,78125;-9,40625;-66,6875;148,5;101,8125;110,15625;62,625;129,875;15,96875;-29,25;319,15625;106,96875;273,28125;93,09375;180,8125;-54,3125;121,90625;-6,8125;18,75;141,03125;169,125;99,125;159,21875;299,4375;5,125;173,03125;-77,09375;85,3125;224;33,53125;263,0625;359,71875;230,875;363,09375;394,3125;102,125;303,1875;172,28125;254,5;235,78125;160,15625;171,59375;198,59375;196,6875;219,21875;48,59375;112,4375;340,59375;-91,46875;-120,9375;-155,6875;-107,75;-69,8125;-149,09375;29,90625;-32,40625;-27,65625;8;37,71875;-116,25;17,375;-6,5625;151,9375;-101,375;76,34375;99,5;-158,53125;-101,375;-79,34375;-93,5625;-210,78125;-276,59375;-30,875;-84,96875;-61,28125;122,6875;44,59375;-219,8125;-117,6875;-88,40625;140,84375;16,84375;
-318,03125;-44,03125;-65,1875;-118,5625;-69,9375;-102,5625;-319,53125;-141;-61,9375;-262,09375;60,03125;-48,03125;-248,75;173,78125;79,65625;-65;-268,59375;-117,9375;-207,78125;-171,53125;-120,5625;246,78125;-90,1875;-5,21875;50,46875;58,625;-250,1875;-58,34375;-206,25;-149,8125;-129,9375;-288,84375;-95,21875;-132,625;-61,875;-194,375;-176,5625;-269,59375;25;-309,84375;-194,96875;65,8125;-101,84375;-127,46875;-124,65625;-169,9375;-20,09375;-23,96875;-15,8125;55,8125;-63,75;12,4375;-158,8125;-252,5625;-128,0625;-155,46875;-114,875;-102,8125;-143,6875;218,3125;-260,625;-125,1875;97,90625;51,34375;17,46875;-60,96875;-4,71875;-71;112,5;-17,59375;-100,9375;23,03125;-115,96875;104,125;-12,75;195,5625;169,40625;-121,0625;-44,125;6,40625;-36,90625;-65,59375;117,875;294,0625;55,15625;45,71875;-146,75;-130,6875;-18,1875;-14,65625;14,40625;341,125;410,96875;699,375;749,03125;918,6875;692,53125;175,8125;171,40625;-3,875;303,4375;631,21875;898,0625;867,125;1166,46875;1035,5;1101,03125;859,9375;526,46875;395,6875;110,875;88,25;232,3125;-49,8125;278,59375;419,21875;802,5625;1286,46875;1578,34375;1782,59375;2148,65625;2431,125;2488,3125;2241,09375;2030,3125;1854,375;1539,9375;1382,75;1540,8125;1605,40625;1902;2749,03125;3162,71875;3714,625;4145,59375;4236,40625;4381,59375;4268,1875;3624,28125;3365,28125;2708,21875;2408,28125;1939,84375;1834,6875;1515,1875;1523,03125;1471,90625;1310,96875;1350,5;1526,21875;1496;1736,96875;1691,28125;1762,40625;1415,96875;1475,625;1368,125;1452,34375;1232,9375;924,1875;638;483,125;356,90625;209,21875;157,28125;135,4375;497,0625;386,03125;383,65625;397,34375;434,6875;329,96875;605,84375;728,375;768,34375;779,65625;566,84375;344,0625;235,0625;500,34375;206,65625;316,90625;170,53125;304,71875;311,5;196,96875;351,125;651,8125;1222,15625;1700,25;2065,6875;2880,375;3477,375;3920,5;4756,375;5413,5625;5961,1875;6112,90625;6149,25;5861,90625;5077,4375;4127,1875;3045,34375;2107,25;1216,6875;774,125;312,84375;190,875;44,84375;-168,0625;-68,875;51,59375;64,1875;-35,03125;-88,6875;-25,375;9,09375;48,375;62,90625;-40,6875;108,84375;85,625;156,9375;291,03125;106,8125;-45,625;171,4375;132,84375;340,03125;9,65625;-26,71875;182,71875;302,78125;101,375;74,0625;57,59375;32,15625;1,3125;26,4375;-26,3125;-5,875;230,0625;258,40625;120,25;207,53125;105,75;86,21875;244,03125;266,1875;96,96875;214,96875;201,625;269,34375;191,25;41,40625;144,90625;65,09375;-21,03125;213,40625;170,0625;182,53125;178,625;200,6875;192,09375;173,40625;262,59375;259,8125;290,03125;213,34375;251,9375;263,3125;198,03125;167,3125;181,8125;511,25;447,375;343,59375;341,90625;213,96875;167,75;263,46875;57,75;136,9375;116,125;147,59375;370,625;145,59375;-25,71875;-46,5;82,09375;94,03125;298;230,84375;69,375;6,34375;-14,21875;-54,28125;15,375;-61;-81,21875;37,28125;32,84375;19,125;-11,3125;-171,0625;-38,8125;55,1875;37,5625;158,5625;-234,21875;255,46875;-15,75;348,15625;103,03125;48,6875;81,3125;-1,8125;-103,84375;-82,75;89,84375;
28;-147,5;-320,59375;-204,03125;-67,65625;-298,21875;101,21875;-128,40625;-76,1875;-88,4375;-4,71875;-97,0625;-72,25;30,03125;-268,65625;-211,6875;11,40625;-28,4375;44,375;230,8125;-98,78125;-158,3125;-152,125;75,71875;-195,6875;-320,46875;-67,09375;-55,625;-150,78125;-36,65625;-55,125;-119,15625;-169,28125;38,6875;0,34375;-89,65625;-81,5625;-220,875;-26,875;-71,71875;-75,8125;-87,84375;-132,28125;-333,34375;-198,8125;-218,125;-119,875;-173,09375;6,5625;-155,0625;9,875;-201,4375;116,625;-99,65625;54,71875;-122,4375;-116,0625;-183,1875;-108,21875;104,96875;-42,21875;-136,21875;-159,15625;-249,8125;-53,34375;-122,5;108,25;33,3125;-136,90625;-9,4375;134;153,4375;-26,125;-148,84375;-116,9375;-100,125;-35,84375;28,40625;-208;-191,125;-54,46875;80,53125;-20,125;99,125;265,6875;295,75;-3,78125;47,5;-194,4375;31,90625;-90,1875;148,09375;563,875;743,84375;589,03125;633,75;573;482,96875;239,0625;165,5625;424,53125;586,3125;915,8125;891,53125;1047,625;1186,53125;1288,40625;806,09375;661,9375;337,75;286,1875;210,28125;15,125;1,5625;335,03125;416,40625;842,46875;1306,4375;1749,1875;2035,40625;2353,15625;2533,90625;2618,96875;2166,90625;2074,71875;1933,40625;1372,28125;1557,28125;1492,03125;1768,28125;2127,875;2339,03125;3257,3125;3794,375;4162,75;4488,625;4405,8125;3964,875;3669,9375;3135,78125;2859,5;2377,46875;1950,25;1662,65625;1511,65625;1484,9375;1335,71875;1384,90625;1386,53125;1447,90625;1680,90625;1794,78125;1704,71875;1710,75;1564,6875;1424,28125;1326,78125;1478,8125;1202,71875;1308,3125;753,40625;672,4375;307,75;234,40625;159,09375;90,375;335,75;462,65625;327,125;360;460,46875;606,9375;658,5;890,71875;703,46875;795,59375;523,78125;382,46875;203,90625;355,71875;199,71875;147,34375;260,90625;264,25;297,71875;308,375;347,53125;785,21875;1260,53125;1784;2391,8125;2607,09375;3554,03125;4193,90625;4816,625;5469,96875;5851,46875;6185,84375;5985,96875;5542,5;5009,96875;4035,4375;3050,25;2111,875;1354,4375;525,375;156,46875;-24,75;102,09375;119,625;-107,6875;83,15625;18,9375;-48,75;-99,09375;-45,03125;87,78125;-45,375;82,9375;-228,96875;100,4375;84,0625;114,9375;173,78125;246,71875;42,03125;-32,71875;100,5;196,34375;120,15625;20,40625;159,25;207,375;157,09375;79,6875;21,0625;297,625;159,65625;17,34375;111,78125;-96,0625;123,71875;427,5;63,03125;126,84375;154,03125;300,15625;302,21875;90,28125;455,6875;348,96875;132,03125;193,34375;178,4375;302,3125;278,59375;212,21875;230,34375;-18,71875;288,375;361,6875;279,5;134,25;41,28125;185,84375;-10,75;171,84375;231,78125;240,46875;297,6875;330,25;464,40625;307,5625;265,78125;80,96875;295,1875;306,5;267,96875;131,53125;110,46875;168,78125;330,25;306,40625;181;100,96875;143,9375;-56,9375;194,15625;161,5625;-42,09375;37,125;88,03125;211,1875;20,625;103,4375;70,375;-139,34375;-38,8125;-68,5625;109,375;5,40625;7,96875;-73,5;154,0625;-10,4375;8,5;-92,28125;268,96875;14,96875;60,5625;3,5625;25,15625;166,28125;-23;-148,9375;147,625;-88,1875;-62,8125;74,5625;98,34375;
-173,21875;-174,96875;-15,6875;-3,40625;-46,15625;-134,5;19,75;-47,0625;38,96875;228,46875;61,125;-114,96875;-71,53125;143,28125;77;52,53125;57,84375;-61,21875;-99,28125;-6,8125;-124,5625;0,28125;-122,53125;131,03125;22,15625;96,90625;196,90625;35,25;176,6875;-101,90625;-35,09375;-184,875;-101,3125;-170,40625;-154,3125;-109,875;3,375;-67,4375;-275,0625;-175,28125;-173,125;76,3125;-63,21875;-189,78125;-206,28125;34,96875;28,8125;-131,21875;-109,8125;17,8125;-91,3125;-92,84375;-49,625;-62,46875;-280,3125;-39,3125;39,75;6,75;50,625;59,5;49,28125;115,90625;87,9375;67,46875;113,90625;140,46875;50,90625;7,4375;-59,5;64,875;21,53125;-82;-49,125;-10,375;135,09375;76,5;7,4375;-5,4375;-92,03125;-111,5;-15,40625;-15,53125;88,21875;60,34375;323,625;40,46875;176,71875;97,28125;-86,90625;109,15625;336,25;479,78125;577,78125;598,3125;938,4375;740,8125;681,53125;339,1875;374,3125;340,40625;440,25;655,625;774,375;1078,25;1166,15625;1292,46875;1149,46875;1048,8125;606,90625;331,9375;454,90625;6,375;359,1875;264,59375;424,96875;690,8125;785,21875;1346,4375;1643,0625;2139,125;2525,5625;2610,15625;2485,5625;2416,71875;2042,0625;1862,59375;1635;1607,90625;1482,90625;1795,375;2056,96875;2652,15625;3068,8125;3834,5;4440,5;4565,1875;4497,46875;4077,875;3778,28125;3403,6875;2977,53125;2406,21875;2173,65625;1957,65625;1677,125;1486,90625;1467,34375;1386,125;1444,53125;1839,53125;1702,3125;1944,03125;1770;1793,53125;1708,65625;1388,40625;1721,125;1575,84375;1178,4375;1155,40625;909,53125;647,40625;487,5625;306,25;558,46875;367,34375;424,1875;423,65625;363,3125;417,40625;599;697,25;767,53125;936,5625;889,03125;996,53125;525,34375;490,84375;232,25;277,0625;492,34375;255,0625;474,3125;235,625;301,96875;481,0625;606,53125;732,875;1368,25;1854,59375;2334,28125;2811,78125;3603,84375;4234,21875;4742,09375;5439,1875;5862,125;6029,59375;6133,5;5752,9375;5007,4375;4019,78125;3065,09375;2085,65625;1437,09375;812,71875;592,875;224,15625;125,90625;-163,4375;-83,15625;-0,09375;113,125;78,625;88,125;185,125;-13,59375;268,71875;145,65625;132,3125;76,28125;43,46875;257;357,46875;3,46875;49,125;178,5;60,65625;225;401,78125;162,875;378,9375;276,6875;187,21875;66,34375;182,09375;160,375;216,25;216,03125;328,3125;352,84375;196,125;182,53125;220,0625;175,90625;233,5625;217,3125;344,625;363,90625;154,15625;502,53125;181;359,59375;286,25;332,3125;332,5;311,03125;304,8125;392,15625;185,8125;280,46875;360,5625;204,75;311,15625;246,5;293,21875;242,25;400,03125;467,75;428,78125;419,21875;364,25;412,6875;397,25;188,59375;507,71875;543,5;409,03125;303,5;322,15625;181,1875;324,28125;153,25;309,15625;349,5625;100,25;21,3125;253,03125;73,78125;36,5;201,78125;-29,5625;15,9375;93,28125;177,8125;-44,40625;136,46875;101,6875;297,46875;155,78125;69,03125;28,15625;61,28125;176,875;262,09375;304,03125;312,03125;48,1875;137,375;134,46875;91,96875;-150,40625;126,3125;208,125;120,5625;91,03125;314,5;341,71875;135,25;110,34375;
-199,34375;-73,46875;-202,84375;-89,5;-292,21875;-218,84375;-238,15625;-188,40625;-358,09375;-411,8125;-147,0625;-12,53125;-231,3125;-144,59375;11,875;-293;-40,28125;-120,09375;-279,3125;-308,84375;-205,65625;-200,9375;-159,15625;-164,4375;-127,21875;-217,90625;-168;-177,84375;-24,09375;-217,90625;-85,40625;-56;-212,90625;-283,1875;-241,375;-42,40625;-239,4375;-74,78125;-86,25;-4,21875;-234,5;-244,84375;-8,0625;-263,9375;-355,03125;-195,71875;19,59375;-175,6875;-163,59375;-195,5625;-374,59375;-153,09375;-242,5;-338,625;-139,5;-16,625;-295,71875;-151,65625;-203,90625;-219,34375;-320,3125;-279,21875;30,03125;-134;98,9375;-294,53125;-244,46875;-271,875;-301,21875;51,46875;-229,28125;-101,65625;-275,3125;-342,53125;-47,53125;41,21875;-171,65625;-68,59375;-506,34375;10,1875;30,46875;-94,15625;103;-102,8125;11,40625;5,4375;-149,125;-277,15625;-134,46875;-2,0625;70,125;143,8125;381,5;455,75;632,53125;600,5625;690,71875;350;108,25;242,125;468,5625;320,875;845,28125;955,28125;1056,46875;1120,46875;928,40625;783,21875;490,25;141,5625;143,71875;240,9375;-7,15625;107,5625;179,90625;380,65625;657,21875;972,90625;1580,96875;1743,6875;2272,3125;2486,09375;2327,3125;2073,125;1841,71875;1552,84375;1401,5625;1312,6875;1386,96875;1746,875;1918,125;2410,28125;3059,96875;3718,875;4120,84375;4350,90625;4392,40625;4136,6875;3634,6875;3176,34375;2769,9375;2262,46875;1936,6875;1536,6875;1740,90625;1271,5;1255,53125;1370,15625;1429,125;1303,875;1745,65625;1866,34375;1781,875;1873,9375;1470;1443,5;1211,375;1289,71875;824,09375;745,46875;544,6875;440,75;124,5625;135,3125;214,75;188,53125;413,65625;231,3125;120,65625;157;689,28125;449,6875;730,90625;503,46875;577,75;706,5625;226;362,6875;163,03125;412,625;323,5;269,40625;224,84375;312,46875;150,875;426,625;277,90625;627,78125;1176,25;1709,28125;2169,5625;2913,21875;3425,15625;4240,625;4517,125;5043,8125;5656,65625;5777,46875;5709,84375;5339,09375;4416,34375;3838,1875;2805,9375;1993,8125;1138,9375;501,3125;234;-273,96875;-141,21875;-88,84375;84,71875;48,75;159,25;-197,6875;-30,625;-193,59375;-100;103,125;-167,03125;-53,9375;-140,96875;74,25;-41,75;-4,59375;42,375;138,46875;235,53125;-65,9375;152,96875;-1,28125;51,09375;199,40625;-84,5;81,8125;14,625;151,125;-169,59375;-83,25;16,625;213,8125;44,125;208,125;212,1875;67,6875;153,21875;289,6875;182,9375;44,25;149,875;171,40625;112,84375;26;170,15625;178,25;158,15625;-129,375;136,9375;-82,375;74,71875;32,8125;40,96875;167,84375;184,6875;59,75;187,375;118,125;250,03125;180,59375;154,8125;304,625;98,78125;207,0625;247,96875;357,78125;162,9375;61,84375;315,34375;261,15625;108,90625;164,6875;106,5;-81,5;-17,53125;161,9375;51,90625;242;175,625;-19,15625;-53,375;66,03125;-21,15625;67,84375;62,53125;-8,90625;124,5;114,5;-82,75;-15,96875;-124,375;37,21875;103,65625;-73,0625;-103,3125;60,125;-101,0625;-187,21875;29,46875;32,75;-56,96875;-102,40625;-9,71875;-98,21875;2,6875;-120,4375;22,1875;74;31,15625;-87,03125;-207,71875;-297,8125;
4,25;-148,40625;-118;-325,5625;-216,125;-18,90625;-119,5;47,125;-147,1875;-157,5625;-366,21875;-55,46875;282,3125;-204,375;-41,46875;116,71875;-167,28125;62,21875;121,84375;-38,90625;-23,25;-32,75;-184,9375;3,8125;-33,9375;133,71875;12,3125;-224,40625;-30,5625;-105,46875;74,90625;-182,6875;-226,34375;-32,625;-77,375;-160,25;-28,65625;-121,1875;-153,3125;-242,5625;-212,3125;-3,15625;-35,6875;-109,6875;-22;-61,8125;141,46875;144,90625;21,34375;-114,375;-152,84375;81;36,125;117,125;-57,125;37;-29,15625;-202,125;-51,21875;-42,3125;169,71875;-64,15625;12,9375;53,71875;-1,875;-39,25;-120,5625;-44,65625;91,375;17,5625;-204,15625;297,6875;132,6875;110,28125;65,25;97,75;-148,28125;-29,625;-184,09375;-123,15625;137,40625;168,1875;319,6875;270,53125;199,5;81,21875;-26,625;-15,96875;57,8125;205,5625;163,4375;304,6875;453,28125;723,75;655,125;619,5625;476,375;443,21875;41,0625;210,5625;442,9375;371,5625;774,625;780,5;1221,03125;884,125;897,59375;623,6875;626,53125;418;29,71875;83,9375;136,15625;200,75;409,46875;680;717,25;1222,96875;1694,59375;1892,1875;2225,5;2503,75;2354,34375;2301,75;1906,34375;1578,5;1497,1875;1417,03125;1250,75;1527,34375;1915,34375;2745,0625;3158,84375;3922,59375;4380,96875;4624,8125;4394,15625;4342;3855,0625;3385,75;2694,125;2304,84375;1952,3125;1687,96875;1426,71875;1482,15625;1526,375;1379,03125;1485,71875;1507,8125;1775,96875;1722,46875;1782,46875;1739,375;1328,84375;1522,59375;1469,53125;1217,46875;1441,15625;1040,6875;606,0625;630,75;315,9375;262,625;268,5;596,03125;331,78125;638,90625;348;477,1875;490,625;632,375;689;900,59375;933,46875;671,84375;462,125;378,59375;267,28125;296,53125;373,5;190,6875;616;233,5625;427,6875;419,46875;429,5;1009,28125;1208,21875;1680;2341;2899,21875;3652;4110,59375;4640,53125;5388,9375;5618,4375;5733,46875;5631,96875;5506,40625;4842,25;3878,9375;2701,84375;1856,875;1425,46875;684,46875;383,3125;169,28125;305,6875;169,34375;204,84375;-175,4375;292,90625;74,21875;90,90625;119,84375;231,46875;117,03125;-20,1875;146,84375;105,15625;289,65625;158,34375;190,3125;143,4375;54,34375;241,9375;112,1875;128,28125;89,6875;176,125;135,96875;233,8125;265,5625;-75,625;292,78125;-96,40625;-8,875;257,125;-1,28125;-93,84375;184,8125;217,5;124,6875;189,21875;311,6875;207,96875;119,53125;176,40625;301,15625;138,59375;194,625;305,75;327,25;208,71875;252,3125;139,8125;347,5;231,625;271,4375;35,21875;140,5625;202,875;303,15625;197,5;252,65625;188,5;353,25;422,15625;389,75;380,3125;179,84375;234,4375;342,9375;511,3125;304,8125;402,875;338,8125;292,59375;132,5;274,90625;146,65625;88,84375;123,8125;30,1875;222,34375;265,375;449,6875;157,9375;55;2,8125;-113,9375;108,375;143,5;-22,125;83,21875;125,25;284,40625;127,625;5,96875;99,78125;48,375;185,15625;-21,03125;112,21875;16,5;-24,375;-121,25;-25,4375;-77,03125;15,59375;157,28125;73,65625;201,21875;112,75;151,09375;-134,5;38,3125;92,5625;290,21875;
-24,46875;-153,125;-297,90625;563,375;-218,28125;-78,5;-24,03125;-315,625;46,28125;-156,28125;-239,1875;-224,78125;-150,40625;-362,65625;-65,25;-42,59375;-70,78125;11,40625;-217,21875;-12,375;-104,5;-155,34375;-94,28125;25,78125;-87,3125;-250,78125;-97,40625;-318,875;91,125;-132,875;-16,1875;-104,28125;-146,875;-116,0625;-159,0625;-99,03125;-157,59375;-88,65625;-97,375;-328,4375;-45,5;-170,34375;5,09375;-54,90625;-46,0625;98,90625;-57,875;-9,6875;-111,5625;-288,8125;-162,90625;19,34375;-151,78125;25,90625;-61,59375;-12,5;-84,03125;30,4375;-165,6875;-156,25;-96,09375;-262,75;-38,25;-128,25;-63,5625;-151,65625;-74,34375;-6,5625;-2,78125;100,4375;-96,03125;24,15625;-106,28125;-29;80,21875;156,59375;-88,53125;75,25;-136,40625;-184,875;36,59375;4;63,59375;10,9375;71,9375;165,375;163,875;-95,53125;215,875;-7,15625;-26,96875;354,59375;475,15625;670,1875;584,28125;664,71875;497,125;383,96875;196,5;168,1875;376,75;542,75;827,1875;746,3125;1045,34375;943,5625;983,125;709,65625;646,8125;259,65625;303,53125;40,90625;103,5;50,0625;209,5;300,75;611,03125;1163,6875;1471,65625;1731,6875;2001,21875;2172,71875;2124,9375;1705,78125;1658,875;1483,21875;1391;1021,0625;1282,9375;1303,9375;1851,8125;2384,1875;3022,25;3806,6875;4233,625;4223,25;4447,1875;3912,75;3758,15625;2994,125;2537,65625;2048,1875;2027,40625;1584,4375;1293,09375;1194,40625;1274,46875;1328,625;1525,96875;1527,125;1605,15625;1525,90625;1701,875;1430,5625;1550,6875;1375,15625;1263,375;1300,71875;1127,4375;961,5;751,375;458,3125;190,625;82,1875;60,625;346,1875;149,53125;351,75;367,4375;435,53125;406,9375;464,1875;837,6875;753,59375;478,875;598,1875;461,0625;281,15625;161,03125;121,875;304,21875;386,96875;422,125;-40,4375;315,8125;362,25;396,96875;588,375;1085;1670,3125;2185,0625;3000,5;3515,75;3870,78125;4321,28125;5075,25;5425,5625;5483,65625;5432,0625;5201,5;4204,09375;3740,09375;2476,5625;1487,9375;876,0625;524,125;222,78125;122,90625;127,125;97;22,625;-41,59375;-33,3125;-38,5625;18,09375;294,78125;168,5625;218,5625;187,28125;65,96875;58,0625;88,875;-68,34375;-56,8125;53,5625;84,78125;-49,09375;-68,5;216,25;230,5625;142,75;81,5625;26,625;272,15625;97,4375;-148,78125;-14,65625;-4,125;-17,875;13,375;31,3125;-24,5625;132,5;143,15625;104,96875;272,21875;87,40625;100,375;17,875;182,46875;262,3125;116,21875;141,5;-43,5625;190,46875;-108,21875;51,15625;63,84375;82,125;-18,625;198,6875;150,8125;-63,1875;305,4375;229,09375;134,3125;232,34375;424,40625;179,90625;59,40625;304,6875;214,4375;318,53125;171,59375;211,84375;320,28125;214,46875;242,03125;126,09375;157,3125;13,65625;214,625;61,09375;-17,21875;-134,40625;210,96875;25,53125;23,59375;-96,65625;-254,6875;131,15625;9,875;59,78125;97,71875;120,90625;-62,125;-167,8125;61,8125;36,28125;-24,34375;-189,25;-153,9375;-4,96875;-78,6875;88;-41,65625;68,9375;62,40625;32,90625;38,9375;-93,75;13,46875;-135,59375;-99,78125;88,28125;248,0625;134,90625;129,8125;-90,65625;133,4375;
-151,90625;-110,71875;-288,28125;-176,59375;49,5625;-320,03125;-131,6875;10,96875;-85,1875;32,09375;-61,09375;-122,46875;-6,84375;-151,96875;-89,03125;-176,1875;-379,3125;-82,5;28,6875;-177,75;-145,21875;-145,15625;-146,5;-197,71875;-43,6875;-238,5625;8,75;-120,78125;-91,96875;-36,375;-19,59375;-125,625;-58,375;137,84375;-38,96875;-100,5625;-88,375;-28;-160,25;-115;-170,40625;-114,75;-209,40625;135,46875;-95,90625;-183,1875;-186,90625;-218,75;-31,4375;-11,84375;-97,125;-44,78125;-83,59375;-216,53125;-102,21875;-54;-122,96875;37;-56,28125;-151,21875;-26,09375;-31,40625;65;2,875;-161,78125;17,78125;23,9375;-187,9375;-179,75;3,625;-92,28125;25,0625;12,6875;-28,65625;-127,09375;-97,8125;78,4375;91;-157,65625;-180,375;-211,28125;27,25;80,40625;99,0625;79,6875;159,90625;165,65625;16,53125;132,21875;56,03125;254,65625;274,5625;457,4375;508,09375;807,03125;513,3125;409,40625;227,78125;26,75;81,5;155,71875;283,53125;583,28125;657,59375;975,03125;934,375;689,15625;715,0625;558,21875;259,1875;114,03125;-96,46875;128;-136,46875;312,96875;383,96875;499,625;1024,9375;1497,96875;1949,0625;1988;2048,625;1844,71875;2005,78125;1747,34375;1530,3125;1295,15625;1276,90625;1224,875;1565,59375;1820,34375;2424,53125;3056,1875;3508,40625;4201,9375;4107,6875;4271,9375;3983,03125;3428,625;2884,8125;2510;2105,8125;1616,875;1406,625;1191,1875;1095,5625;1369,40625;1132,21875;1331,875;1488,625;1657,40625;1820,0625;1571,90625;1559,9375;1632,90625;1269,75;1288,53125;1069;1048,8125;927,25;599,34375;343,90625;348,96875;133,0625;-1,09375;181,71875;377,8125;364,5;200,125;377,125;433,125;420,9375;634,9375;526,8125;504,03125;450,40625;271,53125;232;292,15625;112,21875;156,53125;191,4375;272,28125;265,53125;72,5625;252,875;280,8125;575,4375;1229,28125;1673,25;2411,84375;2809,40625;3431,96875;3970,40625;4496,25;4963,78125;5270,71875;5358,0625;5261,5625;4903,71875;4455,84375;3242,59375;2421,9375;1651,78125;1061,21875;527,96875;424,65625;50,90625;-54,375;-58,5625;143,46875;68,5625;-217,15625;-48;34,75;40,8125;89,90625;51,125;390,375;-39,3125;113,03125;8,75;241,03125;62,65625;-51,8125;-47,03125;-178,1875;-99,15625;195,59375;201,65625;71,25;138,21875;135,96875;-18,84375;-22,09375;83,25;-25,46875;78,4375;107,75;0,4375;-83,1875;172,03125;2,34375;30,25;38,6875;132,25;265,34375;26,5625;76,71875;153,03125;6,15625;112,1875;71,1875;-1,03125;34,03125;-10,53125;43,8125;229,28125;355,65625;88,34375;219,34375;110,0625;-53,375;167,3125;226,1875;277,28125;61,78125;180,03125;239,03125;321,75;390,3125;-12,65625;100,9375;81,5;195,125;88,875;138,6875;284,90625;-49,96875;-39,09375;231,21875;176,4375;-271,25;213,1875;82,5;207,4375;69,71875;8,8125;4,28125;171,1875;-46,3125;95,5625;103,0625;-98,1875;-101,125;-29,84375;-16,4375;170;213,8125;85,53125;-49,9375;44,375;-110,3125;118,84375;-61;76,28125;10,0625;-3,625;-237,8125;-89,625;49,5625;-153,3125;-202,75;-158,625;46,96875;132,25;-22,125;-88,46875;-121,1875;-141,6875;
-307,5625;-117,53125;-131,5625;-161,34375;65,90625;-84,09375;-104,8125;-198,4375;87,0625;16,09375;-137,28125;-38,46875;43,90625;-45;95,0625;33,71875;-203,78125;-193,9375;-155,90625;-298,96875;-49,0625;137,59375;-27,6875;-121,625;66,1875;-11,84375;-22,75;47,21875;67,34375;29,5625;-110,1875;155,375;57,8125;100,40625;1,9375;47,53125;63,125;82,09375;63,15625;-30,125;-196,28125;-94,71875;-187,09375;-69,59375;-229,9375;49,5625;51,1875;-93,71875;71,71875;30,9375;238,53125;-251,53125;1,09375;178,8125;38,96875;68,125;-171,375;-69,9375;32,28125;95,1875;-78,28125;-2,09375;58,8125;-35,625;126,5625;-128,21875;-54,5625;-45,875;-302,03125;-30,1875;94,71875;-82,6875;-90,875;-98,90625;-47,28125;65,6875;54,78125;-299,125;19,40625;-88,5625;62,34375;174,625;301,40625;308,0625;182,53125;126,78125;166,46875;4,65625;-46,75;31,8125;203,5;312,25;545,28125;868,375;632,75;678,03125;599,625;424;204,9375;344,375;311,5625;427,15625;821,8125;983,28125;898,71875;945,8125;908,125;728,78125;534,09375;422,34375;48,90625;13,34375;200,1875;20,75;276,375;410,34375;662,3125;1075,125;1448,03125;1641,53125;1951,59375;1903,875;1946,09375;1820,09375;1607,78125;1389,84375;1154,3125;981,71875;1293,375;1308,96875;1698,40625;2319,8125;2953,34375;3552,21875;3901,46875;4287,28125;4353,59375;3816,0625;3422,875;2832,625;2526,46875;2103,34375;1596,25;1397,9375;1235,15625;1089,40625;1328,90625;1273,40625;1289,96875;1523,59375;1563,46875;1735,15625;1506,90625;1349,3125;1351,9375;1318,53125;1121;1133,8125;1043,96875;704,0625;834,78125;514,375;92,25;397,4375;173,6875;304,09375;262,71875;471,5625;494,28125;493,375;542,34375;501,40625;547,25;466,28125;608,125;352,71875;344;347,1875;385;313,78125;424,09375;219,28125;419,28125;47,21875;183,34375;226,65625;453,78125;860,71875;1388,09375;1657,75;2414,78125;2923,875;3448,875;4008,4375;4551,3125;5003,8125;5224,90625;5273,0625;5131,15625;4946,0625;4348,4375;3372,5625;2664,90625;1781,9375;1045,09375;557,0625;239,25;86,75;126,3125;3,3125;125,09375;31,5;38,96875;104,6875;-58,875;276,0625;161,34375;142,9375;115,46875;46,125;137,59375;32,96875;41,53125;90,09375;-72,1875;59,3125;128,875;100,0625;152,09375;52,40625;-36,5;242,90625;164,125;209,25;156,1875;228,21875;35,25;80,0625;124,65625;80,46875;290,78125;379,4375;271,03125;237,28125;148,53125;236,59375;134,84375;233,5625;78,3125;255,9375;296;164,40625;189,5;197,21875;-1,9375;80,8125;186,5625;217,875;258,75;-213,03125;47,53125;85,53125;74,34375;105,1875;56,375;173,9375;325,8125;213;244,21875;321,15625;267,46875;171,84375;344,34375;139,46875;246,375;288,6875;185,625;195,3125;356,21875;112,5625;141,78125;161,03125;230,8125;259,21875;49,875;-111,75;121,71875;46,4375;183,34375;28,34375;83,0625;-17,09375;30,875;-12,75;50,4375;-40,625;-55,65625;92,125;149,375;38,875;-69,4375;-68,875;-56,9375;4,6875;24,625;164,875;-70,3125;124,375;-29,71875;-135,0625;-13,21875;-53;60,0625;92,0625;50,71875;-297,15625;-66,34375;58,9375;-86,375;-111,46875;
-216,5625;-172,71875;578,09375;-201,0625;-141,8125;-338,71875;-7,125;-363,59375;770,59375;-439,1875;-89,46875;1,34375;-74,3125;-291,75;95,375;-173,28125;-253,46875;-28,71875;-46,375;-43,3125;-32,21875;-70,4375;-213,9375;-23,75;-5,625;-238,78125;56,3125;-212,71875;-265,65625;-72,9375;-84,53125;-158,4375;-133,28125;-55,15625;-213,125;57,65625;55,75;-152,0625;-111,65625;-101,8125;-105,09375;-259,375;-421,84375;-213,125;73,875;-76,375;-111,3125;-87,46875;73,09375;-197,25;-26,625;-106,40625;-164,75;-225,8125;-283,53125;-238,1875;-138,4375;-47,5625;-121,03125;-42,15625;-118,78125;-10,625;-69,21875;-105,375;-123,34375;-227,8125;-63,4375;-85,59375;-140,21875;-259,84375;-90,65625;-166,59375;81,46875;140,875;73,40625;-182;-81,28125;22,15625;-77,3125;-37;-59,5625;59,78125;96,8125;85,03125;90,5625;214,1875;-104,59375;37,5625;-107,90625;134,5;117,3125;132,5;291,5625;602,15625;576,1875;594,15625;453,1875;240,96875;74,25;150,90625;32,5;486,5625;572,1875;787,5625;980,4375;961,84375;753,375;603,96875;389,375;274,125;315,65625;-93,96875;39,9375;-39,1875;208,625;363,96875;487,59375;895,78125;1214,6875;1387,71875;1894,09375;1915,71875;1815,5;1677,1875;1417,4375;1278,375;1007,71875;1095,71875;1090,5;1177,84375;1605,375;2205,84375;2775,8125;3343;3863,53125;3874,6875;4020,59375;3635,90625;3052,21875;2584,21875;2387,71875;1850,65625;1537,34375;1142,875;1021,15625;1023,59375;941,875;1025,15625;1261,71875;1586,03125;1300,5625;1513,0625;1527,125;1047,71875;1153,875;935,71875;1088,125;792,21875;849,78125;786,875;597,75;419,5;127,28125;204,1875;52,6875;279,1875;365,90625;317,875;197,25;327,75;222,8125;470,4375;504,875;692,59375;373,25;440,8125;517,78125;142;302,875;393,4375;227,125;314,15625;270,28125;192,03125;169,28125;376,78125;527,3125;806,375;1250,15625;1688,9375;2328,53125;2820,53125;3280,53125;4093,1875;4495,625;4976,65625;5240,34375;5466,5;5102,65625;4574,875;4075,375;3167,1875;2272,625;1552,78125;1082,9375;496,9375;351,34375;116,78125;-16;-94,0625;108,78125;-103,4375;-136,75;-40,28125;8,4375;119,125;70,3125;96,375;-34,21875;187,78125;82,34375;23,0625;-51,59375;98,46875;343,96875;-52,65625;-84,4375;-147,53125;26,9375;-5,4375;62,6875;175,1875;-40,71875;278,40625;31,21875;-12,34375;-42,3125;-21;-30,03125;136,125;-144,0625;347,84375;137,28125;60,0625;167,75;226,90625;278,78125;268,5;148,90625;233,21875;284,03125;215,5625;184,28125;-157,65625;-5,53125;-35,8125;-54,46875;187,0625;216,875;190,28125;81,84375;175,9375;91,25;288,8125;80,21875;208,875;294,71875;190,25;68,71875;166,125;145,34375;-58,625;65,78125;137,46875;125,0625;188,0625;107;267,875;273,75;-114,28125;89,28125;-26,28125;240,65625;90,1875;45,28125;40,28125;30,46875;68,40625;-53,8125;117,75;97,53125;106,5625;-21,9375;-47,40625;146,15625;112,4375;0,78125;-108,1875;17,6875;-112,5;53,8125;169,8125;-170,90625;-61,5;-24,28125;45,5;41,25;-39,6875;66,375;-71,3125;-119;50,03125;-98,34375;-90,28125;114,46875;-5,4375;-45,3125;10,625;-33,28125;-32,125;
148,4375;-207,59375;-197;-37,53125;-155,5625;-107,78125;-102,90625;-232,40625;-126,25;-171,375;20,0625;-147,09375;-99,1875;58,28125;134,46875;85,03125;77,125;-126,21875;-158,8125;-167,34375;-91,71875;-167,1875;-145,9375;1,40625;-116,09375;-143,375;-29,5625;-56,84375;-105,125;91,5625;46,21875;-49,6875;11,0625;1,78125;-59,53125;-15,4375;83,21875;-67,75;21,1875;-31,3125;-118,34375;-19,65625;-97,90625;-8,375;148,6875;20,09375;69,1875;38,28125;5,9375;157,71875;-212,5625;148,59375;76,6875;-132,75;-79,21875;-140,96875;-60,3125;191,9375;-85,0625;-5,03125;19,53125;157,25;6,40625;-2,15625;16,34375;-79,375;35,78125;103,90625;42,125;-115,21875;-90,1875;258,25;5,53125;211,03125;-28,96875;202,6875;44,03125;67,90625;-103,6875;-162,875;110,125;-45,96875;346,9375;249,71875;263,4375;73,1875;114,46875;11,25;-54,96875;-39,03125;217,625;462,4375;535,40625;660,78125;598,625;631,84375;679,4375;324;187,09375;113,59375;223,3125;539,3125;609,375;792,03125;885,34375;1038,53125;859,28125;668,0625;606,71875;253,375;227,3125;18,84375;-37,71875;282,0625;178,40625;395,3125;649,125;851,9375;1151,65625;1641,03125;1783,78125;1858,4375;1799,625;1545;1210,5625;1046,84375;1103,71875;994;978,9375;1327,09375;1654,6875;2277,5625;2860,625;3252,03125;3822,34375;3831,03125;3666,3125;3292,65625;2935,375;2446,8125;2030,875;1667,4375;1447,125;1023,96875;984,8125;948,53125;1050,625;1170,34375;1224,59375;1306,71875;1268,0625;1432,15625;1307,6875;1264;1170,65625;1205,25;1170,5625;973,28125;888,21875;771,4375;798,59375;355,75;231,65625;72,4375;57,03125;265;330,09375;572,21875;313,15625;476,875;414,90625;507,96875;798,46875;684,75;557,3125;725,15625;654,03125;223,25;402,0625;461,34375;307,625;384,875;309,5625;611,6875;295,5;432,09375;689,5;963,46875;1265,21875;1889,78125;2437,75;2960,375;3370,375;3968,0625;4476,5625;4766,3125;5298,90625;5355,8125;5449,3125;4273,1875;3895,0625;3171,125;2264,90625;1574,125;906,53125;640,09375;288,09375;52,40625;56,84375;209,90625;-53,21875;199,75;-105,40625;69,0625;25,96875;182,21875;47,75;32,6875;172,40625;9,15625;84,84375;137,28125;195,78125;110,96875;-27,4375;69,09375;-54,21875;-33,96875;34,0625;125,71875;249,0625;141,59375;222,8125;-17,34375;127,5;174,09375;238,34375;-11,125;-54,15625;103,625;92,84375;184,375;301,75;301,40625;269,9375;274,3125;37,71875;312,0625;412,125;254,5625;262,1875;255,53125;278,6875;275,9375;110,125;81,3125;77,09375;35,59375;113,0625;82,6875;278,375;182,90625;75,5;195,15625;161,40625;178,46875;194,53125;263,625;340,6875;215,75;192,96875;105,78125;107,5;147;150,15625;84,4375;202,9375;425,03125;152,15625;69,40625;178,21875;142,90625;233,5625;305,78125;121,28125;72;175,46875;117,65625;62,34375;179,53125;52,15625;-46,90625;78,9375;138,3125;183,96875;157,96875;-49,03125;150,0625;40,5625;-112,71875;-99,15625;19,9375;37,625;96,84375;-140,0625;51,09375;-110,5625;228,625;11;-231,75;-307,09375;-122,21875;29,125;38,5625;120,28125;37,4375;-68,25;62,625;29,21875;47,5625;
-137,96875;-169,3125;39,125;40,96875;-40,25;-197,6875;-94,03125;177,75;36,8125;103,875;-93,625;-77,40625;-4,03125;-112,03125;-9,40625;86;-46,53125;8,4375;-276,9375;5,75;93,28125;-182,75;95,0625;-115,9375;175,875;-121,625;146,21875;38,78125;-177,4375;-142,25;-14,6875;-43,125;-114,71875;-252,28125;137,0625;-107,59375;-51,75;-126,25;-124,8125;-104,46875;-159,78125;-96,90625;-7,125;-172,46875;253,40625;-74,375;118,875;0,5625;10,21875;184,53125;-153,4375;44,375;128,65625;194,03125;-84,8125;-50,125;40,5;231;-51,78125;-166,9375;-39,5;153,53125;100,15625;51,15625;74,65625;42,84375;-54,875;190,71875;6,96875;-110,9375;121,625;101,1875;-21,96875;-19,25;101,96875;-25,4375;-162,71875;137,34375;-47,125;192,125;83,71875;-22,625;141,875;97,46875;378,21875;166,5;83,5;158,21875;-229,75;86,75;59,4375;469,125;401,21875;547,09375;673,75;613,0625;480,6875;297,09375;267,53125;168,3125;365;329,59375;610,59375;765,375;1088,125;915,3125;681,65625;845,75;496,09375;117,90625;-62,46875;144,1875;199,65625;20,3125;16,84375;308,78125;678,40625;810,65625;1177,5;1624,5;1656,40625;2042,9375;1634,34375;1499,03125;1117,25;1175,875;951,40625;983,3125;1224,34375;1275,75;1540,46875;2190,28125;2769,8125;3218,53125;3403,4375;3578,6875;3706,3125;3233,3125;2641,28125;2335,3125;1835,28125;1661,96875;1304,78125;1130,3125;1062,75;1087,84375;935,78125;1113,96875;1109,53125;1367,75;1377,46875;1552,65625;1240,3125;1070,75;1172,15625;1123,0625;1042,34375;865,21875;870,6875;736,6875;462,1875;385,59375;344,53125;211,09375;187,75;507,4375;367,46875;354,34375;506,84375;461,125;315,4375;470,21875;565,96875;714,6875;438,46875;572,78125;465,46875;347;423,96875;395,0625;329,8125;355,84375;339,9375;440,8125;250,0625;374,65625;592,125;822,375;1455,6875;1979,375;2585,84375;2975,90625;3495,34375;3962,4375;4222,1875;4812,71875;5360,03125;5021,71875;5048,46875;4634,15625;3869,5625;3245,03125;2207,3125;1470,84375;1072,4375;593,34375;344,90625;150,78125;-36,75;-108,3125;220,65625;159,78125;100,53125;78,875;94,09375;129,15625;342,1875;137,0625;-26,21875;174,0625;-62,9375;-93,4375;134,9375;399,4375;352,375;85,4375;126,3125;136,40625;234,375;-4,25;259,03125;123,15625;5,71875;293,71875;130,65625;213,3125;123,375;15,9375;170,84375;206,4375;365,78125;88,53125;205,03125;323,59375;337,75;262,34375;301,8125;238,84375;239,71875;268,25;309,21875;367,59375;89,9375;108,03125;275,0625;245,96875;328,15625;305,875;315,875;93,96875;251,84375;462,59375;363,71875;284;101,28125;319,59375;305,53125;244,90625;111,59375;269,03125;367,21875;270,1875;336,3125;384,59375;289,28125;173,125;-45,5625;215,0625;247,28125;221,78125;234,40625;328,375;289,84375;368,65625;395,6875;269,75;-6,625;66,9375;4,3125;186,21875;164,25;301,875;28,09375;245,125;201,9375;87,53125;56,625;69,09375;1,09375;282,8125;71,75;131,75;294,8125;-12,34375;90,5625;-70,9375;161;79,875;54,21875;174,59375;75,21875;-69,125;63,84375;47,53125;150,625;162,4375;118,125;22,9375;-120,96875;262,40625;
273,9375;58,5625;-111,59375;-78,90625;-27,59375;198,53125;60,75;-14,90625;-42;65,21875;112,40625;223,03125;-78,21875;-31,78125;73,8125;-115,28125;51,59375;-99,375;75,5625;-92,8125;154,96875;139,125;167,5;181,0625;29,03125;-31,5625;-160,53125;-36,34375;7,1875;24,09375;117,625;40,96875;-69,0625;-48,28125;-10,1875;107,28125;148,78125;-81,5625;137,125;-78,53125;-112,625;-96,5;-71,40625;-18,1875;5,84375;66,21875;90,6875;54,34375;134,0625;206,28125;-99,75;182,53125;-11,03125;-47,09375;32,96875;93,875;35,1875;59,15625;247,3125;12,71875;269,59375;148;60,3125;277,84375;6,96875;242,96875;172,53125;186;31,34375;48,09375;63,5;42,9375;185,4375;78,875;3,84375;219,15625;120,09375;134,84375;-69,75;37,3125;77,65625;148,125;450,5;341,6875;136,90625;198,21875;104,0625;271,5625;-61,09375;207,75;199,09375;483,15625;648,15625;848,375;740,96875;766,375;204,34375;408,21875;184,34375;424,375;557,28125;472,0625;818,46875;823,5625;937,8125;1051,375;847,28125;616,65625;519,875;113,21875;207,9375;95,3125;36,15625;-11,40625;82,875;454,21875;738,25;982,375;1378,21875;1638;1782,21875;1791,4375;1717,90625;1538,78125;1111,28125;1200,21875;1004,9375;988,59375;1116,6875;1020,84375;1505,5625;1919,75;2738,71875;3136,96875;3486,46875;3561,53125;3579,5625;3244,65625;2560,1875;2211,875;1731,5625;1190,9375;1163,15625;1064,5625;883,0625;798,78125;690,40625;997,03125;1097,71875;1200,96875;1348,78125;1300,75;1174,25;1226,15625;1022,0625;1010,625;1015,5;640;745,78125;624,71875;712,1875;571,1875;271,40625;320,3125;234,125;329,6875;346,5625;313,46875;485,40625;224,09375;550,40625;492,3125;584,96875;680,21875;632,90625;678,25;656,125;488,5;262,8125;370,5625;406,625;383,78125;543,0625;459,40625;250,59375;335,21875;762,71875;942,78125;1394,53125;2001,9375;2479,34375;2917;3455,5625;3877,5;4507,8125;4698;4962,90625;5163,28125;4798,84375;4548,59375;3430,4375;2978,5625;2170,25;1277,1875;941,6875;613,96875;241,8125;242,03125;115,59375;19,53125;-20,3125;61,46875;69,125;-97;18,46875;222,5;55,4375;-161,78125;23,875;113,25;145,25;209,1875;-119,875;287,9375;417,09375;316,46875;349,28125;416,5;231,9375;109,03125;119,375;455,84375;365,375;217,15625;281,375;148,71875;273,6875;179,78125;101,78125;211,90625;266,375;294,4375;224,09375;94,1875;169,875;170,875;183,53125;58,96875;141,84375;183,15625;332,59375;127,3125;180,75;293,75;27,96875;248,1875;419,09375;353,96875;201,59375;137,3125;269,53125;1,9375;52,09375;182,15625;450,5;132,15625;290,46875;211,375;127,875;49,71875;268,3125;276,03125;162,5;260,15625;228,40625;268,59375;183,15625;226,375;177,03125;215,75;330,65625;154,375;120,25;250,4375;140,625;265,5625;177,25;-42,8125;2,84375;88,40625;62,5;121,21875;140,09375;102,75;38,625;23,8125;108,90625;199,59375;17,6875;24,09375;167,96875;43,9375;-107;310,78125;162,40625;368,3125;301,6875;21,0625;23,34375;-233,4375;29,5;65,25;-8,71875;121,15625;11,78125;267,6875;257,75;167,0625;172,15625;-18,65625;
-103,28125;-273,9375;-117,0625;398,09375;-232,28125;-116,71875;-178,46875;-76,375;-82,34375;-14,28125;-83,34375;-113,875;-117,78125;-269,65625;-146,15625;-5,90625;36,96875;-28,8125;-107,75;106,25;-82,28125;-3,65625;-140,15625;-297,40625;-47,09375;-19,375;-233,65625;-18,15625;-158,375;-2,0625;-208,625;-250,25;-189,5625;-255,125;22,34375;-93,5;-188,5;-222,65625;-163,78125;-217,78125;-101,59375;-249,96875;-139,0625;-180,125;-178,1875;25,28125;-14,1875;-177;-54,5625;-247,34375;-18,5625;127,375;-108,4375;-87,21875;-3,03125;-122,6875;3,46875;-95,15625;65,21875;-54,6875;-74,6875;-46,125;-67,375;3,03125;-305,09375;3,28125;-30,375;-1,40625;30,71875;29,03125;-157,5;-134,59375;62,71875;-64;-78,15625;-63,71875;-70,8125;-110,59375;48,75;-218,15625;-136,8125;-54,4375;-38,28125;118,375;50,53125;103,46875;69,375;-14,375;-72,40625;85,09375;38,75;293,78125;477,3125;483,125;692,1875;497,34375;302,03125;210,34375;191,6875;187,5;112,53125;358,75;540,84375;791,6875;720,625;901,5;471,78125;529,9375;146,1875;180,125;45,0625;70,25;-17,71875;-9,9375;89,21875;341,5;515,90625;853,8125;1246,90625;1277,5625;1483,25;1704,28125;1640,34375;1338,125;943,9375;896,21875;870,1875;823,90625;968,59375;1211,875;1496,28125;1867,03125;2435,8125;2938,15625;3225,84375;3218,21875;3275;2775,78125;2502,5;1896,5;1378,09375;1166,53125;901,4375;727,4375;688,78125;718,09375;470,8125;858,3125;972;1159,125;1136,125;1224,65625;1028,78125;959,65625;835,21875;664,6875;965,34375;667,4375;603,71875;550,15625;391,125;171,25;121,90625;73,125;37,1875;62,25;216,09375;290,375;207,28125;481,34375;236,9375;398,625;170,875;613,625;620,34375;432,1875;284,9375;172,125;386,59375;431,25;564,0625;249,0625;329,5;111;219,40625;403,4375;342,8125;858,46875;1358,5625;1643,625;2055,90625;2646,34375;3045,5;3330,09375;4052,15625;4555,4375;4628,78125;4882,46875;4755,21875;4161,03125;3649,78125;2807,9375;2033,3125;1294,84375;622,78125;262,8125;-38,78125;-28,4375;166,21875;-169;-113,90625;-147,65625;-164,15625;-10,3125;-51,65625;-261,84375;26,25;52,34375;-94,09375;-64,21875;-60,78125;-18,8125;-177,90625;55,3125;-75,09375;-75,8125;-58,75;-136,78125;-95,4375;190,09375;29,46875;55,0625;-24,6875;43,65625;-34,96875;49,28125;-195,59375;-42,375;-118,1875;177,90625;207,25;80,65625;-184,1875;16,21875;67,03125;3,5625;229,125;-108,375;36;227,71875;9,0625;1,5625;-70,625;187,5625;152,8125;23,28125;20,625;-9,53125;200,21875;-102,9375;87,46875;-114,90625;192,71875;86;3,65625;180,15625;236,8125;339,0625;158,0625;149,3125;101,8125;327,46875;145,84375;180,28125;-44,96875;26,84375;317,875;111,96875;35,6875;257,8125;83,3125;129,5;86,96875;-5,375;-237,65625;91,21875;-46,46875;-2,15625;67,40625;12,28125;71,4375;-4,75;-286,78125;22,34375;-114;104,90625;-11,71875;-85,3125;-129,4375;-74,09375;-45,375;-37,28125;-128,3125;-8,1875;-100;162,5;41,71875;-64,96875;-151,46875;-96,90625;-15,125;-23,625;-193,40625;-190;-176,125;-64,28125;-133,4375;-73,8125;52,4375;-109,6875;
-203,09375;130,875;-252;-377,625;-43,15625;-108,53125;-310,40625;-86,46875;-207,53125;-58,65625;-14,34375;117,78125;-46,8125;-150;-87,84375;-104,125;63,1875;-170,9375;-224;-70,9375;-66,875;159,90625;-54,28125;-204,9375;-150,71875;-325,84375;-154;-190,5625;-141,96875;-202,625;-124,09375;-152,96875;-306,78125;-129,875;-113,15625;-152,25;-232,0625;-311,65625;-263,5;-43,5625;-173,09375;-308,09375;-247,59375;-203,0625;-46,46875;45,625;-40,9375;16,96875;-277,5625;-204,4375;-116,46875;13,53125;-160,96875;-68,03125;87,8125;-180,8125;-257,34375;70,71875;-230,5625;2,46875;-80,375;-229,375;67,0625;-268,40625;-55,625;-49,59375;10,0625;-149,59375;-78,4375;-116,5625;-306,96875;63,3125;-119,6875;46,59375;-198,03125;18,9375;-58,1875;-155,21875;-79,03125;-202,28125;-57,8125;-98,75;-44,71875;-57,65625;198,21875;255,375;-70,34375;-167,4375;83,4375;-52,0625;6,375;170,875;469,0625;488,1875;490,40625;254,34375;263,75;255,03125;223,3125;-16;354,75;491,4375;757,03125;840,6875;1006,0625;926,15625;797,15625;627,375;244,0625;201,65625;124,1875;110,96875;-128;-4,28125;29,34375;392,53125;595,40625;831,375;1268,0625;1427,34375;1586,84375;1472,71875;1494,46875;1389,6875;1065,96875;958;698,1875;869,25;996,8125;984,78125;1637,375;1948,5;2416,3125;2733,625;3196,875;3131,71875;2940,78125;2506,875;2117,59375;1762,53125;1435,84375;1174,78125;969,9375;887,5625;755,8125;650,09375;618,03125;589,59375;902,8125;929,375;1104,53125;1044,4375;998,375;892,46875;807,4375;744,03125;841,9375;582,59375;567,53125;658,28125;390,6875;227,125;81,6875;36,65625;-84,78125;251,1875;341,875;205,53125;34,125;110,28125;185,65625;447,125;538,375;553,5;396,75;595,875;373,65625;191,9375;190,875;179,28125;263,28125;271,96875;311,3125;247,21875;161,8125;207,875;631,90625;581,125;1330,15625;1755,53125;2412,71875;2601,65625;3366,625;3671,5625;4135,53125;4339,5;4658,59375;4700,46875;4430,3125;3982,625;3437,4375;2784,875;1772,28125;1135,25;729,09375;383,6875;31,03125;-45,90625;-205,09375;-234,3125;-192,125;-301,53125;-38,09375;-228,0625;67,15625;113,875;56,78125;-13,34375;152,03125;39,40625;-149,5625;-27,21875;152,375;281,4375;-2,125;85,0625;56,34375;177,8125;70,125;-95,59375;-76,09375;54,125;-229,1875;-21,9375;-198,25;-175,21875;-202,4375;-199,6875;-60,46875;-193,75;81,96875;113,5625;165,25;-112,46875;123,28125;-137;39,375;-271,71875;185,375;-19,875;175,21875;11,5;121,875;6,90625;108,8125;58,125;88,78125;145,21875;-47,5625;152,15625;-208,375;24,875;-179,5625;-59,25;154,34375;0,96875;86,84375;143,28125;-50,0625;-22,34375;50,4375;143,6875;146,28125;62,71875;86,34375;183,6875;-128,3125;56,65625;158,625;92,90625;-14,90625;48,84375;3,4375;-134,15625;-47,03125;-44,625;44,34375;-102,8125;-3,84375;-29,3125;74,28125;89,5625;-48,0625;7,90625;33,71875;56,40625;62,21875;64,28125;85,78125;-29,4375;-75,34375;-19,75;-118,96875;-63,15625;124;-103,4375;-109,875;-86,84375;-187,03125;-85,09375;-101,84375;-50,625;-105;-231,65625;-52,34375;72,59375;24,65625;18,8125;-170,75;-47,15625;
-312,34375;-60,6875;-320,09375;-203,15625;-129,125;-303,625;-256,34375;-80,28125;-175,8125;-145,4375;-261,53125;-119,875;-35,21875;-211,46875;113,15625;-58,4375;-266,03125;-290,96875;-111,1875;-77,125;-123,84375;-72,46875;-14,625;-203,40625;-135,3125;-207,53125;-85,125;-173,84375;-94,40625;-100,625;-210,71875;-191,90625;-204,46875;99,125;-102,5;-141,03125;25,75;-324,21875;-249,9375;-168,625;-308,0625;-166,59375;-62,84375;-135,40625;-97,96875;-127,625;-181,1875;-218,75;-228,09375;-164,46875;70,8125;-206,4375;-42,5;-59,5;-24,71875;-46,6875;-266;-61;-190,125;-83,25;-305,96875;-68,59375;-55,71875;-66,78125;-18,1875;-88,34375;29,375;-6,3125;-77,0625;-49,8125;-141,6875;-131,53125;-157,3125;-42,21875;-40,09375;-144,375;-42,90625;-78,6875;-52,78125;206,03125;-19,375;56,09375;82,09375;40,65625;-36,71875;222,8125;115,90625;-21,15625;-84,59375;46,125;153,6875;281,4375;394,5;631,03125;436,75;422,15625;18,09375;67,28125;90,5625;69,5625;182,5625;370,625;705,9375;968,0625;903,84375;736,15625;630,6875;556,5625;354,5;376,0625;-42,53125;96,65625;-136,0625;105;128,8125;375,5;787,15625;821,9375;1314,40625;1574,5625;1563,375;1680,875;1489,625;1414,25;1180;1152,46875;880,625;942,5625;1017,875;1329,71875;1504,75;1908,09375;2426,8125;2773,875;2973,65625;3225,90625;3000,125;2585,625;2191,3125;1764,53125;1363,65625;1041,4375;1136,96875;766,71875;622,25;586,65625;702,78125;776,4375;887,75;1022,65625;1341,71875;1265,90625;928,90625;1045,78125;688,625;633,40625;806,375;505,40625;491,5625;426,8125;364,40625;289,875;186,40625;109,15625;-17,625;-17,4375;197,5625;153,125;247,03125;64,875;366,03125;349,3125;277,90625;382,78125;209,65625;427,40625;401,4375;273,40625;276,1875;303;433,46875;78,5625;371,28125;74,9375;350,96875;287,375;524,5625;877,25;1206,1875;1646,375;2195,25;2652,71875;3145,15625;3698,21875;3831,4375;4269,90625;4415,0625;4446,96875;4359,53125;3653,96875;3424,90625;2604,34375;1862,46875;1315,75;531,65625;482,8125;-26,78125;-224,625;-263,375;-91,90625;-85,78125;-74,09375;-92,84375;-9;-223,28125;19,15625;60,90625;-81,875;37,34375;27,5625;-45,3125;-110,0625;203,125;-2,03125;-89,8125;-164,09375;-96,03125;-33,78125;46,8125;1,09375;-43,875;140,375;-18,65625;-76,3125;-128,0625;-103,84375;64,625;-184,34375;-39,1875;1,96875;-180,84375;-82,5625;121;-160,625;70,59375;-29,21875;110,78125;-48,28125;-158,15625;117,34375;45,375;136,90625;109,96875;-1,09375;-126,125;93,46875;17,5625;252,34375;84,6875;103,375;-65,59375;6,71875;-98,90625;73,03125;110,375;169;192,625;254,15625;188,21875;162,46875;142,15625;168,03125;-33,21875;248,4375;-29;226,59375;50,9375;16,375;30,78125;153,40625;81,84375;-38,75;-184,875;101,46875;143,96875;-1,0625;-242,78125;-260,4375;-8,9375;-11,4375;109,59375;111,40625;-129,125;23,03125;-29,8125;2,03125;-314,75;-268,78125;-3,03125;-18,375;-90,0625;-60,75;-76,59375;-165,625;-41,71875;-113,5625;-188,46875;-129,375;-82,28125;-218,84375;-178,03125;-62,625;-100,25;-119,34375;-32,9375;78,71875;-113,03125;-89,9375;-25,59375;-57,71875;
-157,84375;66,4375;-61,28125;-190,625;36,84375;-28,9375;-172,25;96,71875;64,21875;-55,0625;189,28125;-65,46875;-3,40625;-334,09375;-129,40625;-27,90625;146,4375;-89,84375;100,6875;-129,71875;-1,65625;-41,0625;37,53125;76,25;3,1875;-144,96875;154,3125;-122,46875;281,875;-25,65625;26,125;32;195,15625;-20,34375;82,5625;-156,78125;-82,5625;-164,84375;-61,59375;78,1875;13,15625;-189,875;-77,78125;16,09375;54,125;101,8125;-77,6875;144,21875;-62,25;-3,84375;-145,25;5,09375;-164,125;-54,40625;49,6875;-52,5;15,78125;-7,4375;-77,03125;12,84375;125,25;-5,71875;-121,03125;96,4375;85,5625;146,25;-46,28125;95,71875;93,46875;-3,96875;-45,5;169,8125;45,625;307,40625;258,15625;72,59375;52,84375;-268,6875;158,5625;186,84375;168,875;45,5625;191,90625;372,46875;167,125;131,59375;114,59375;-117,90625;-127,4375;-149,09375;326,25;272,90625;417,46875;698,03125;534,84375;547,15625;505,15625;364,34375;286,8125;245,46875;156,8125;393,78125;885,46875;720,375;1015,25;795,90625;840,1875;725,34375;530,1875;341,9375;-126,5;-31,0625;-98,1875;134,78125;206,84375;509,28125;539,875;759,40625;1135,8125;1681,375;1728,03125;1835,65625;1558,5;1477,09375;1136,90625;1119,25;952,125;1023,09375;1001,90625;1318,84375;1601,5;1881,09375;2327,71875;2781,40625;3067;3165,125;3079,125;2686,75;2353,84375;1765,25;1408,75;1113,8125;717,375;743,25;660,375;551,78125;654,65625;808,03125;1006,0625;1241,1875;1207,09375;1325,03125;1049,90625;1004,78125;956,75;995,53125;882,625;978,9375;682,71875;353,9375;372,90625;134,84375;179,5;90,90625;179,25;180,78125;400,71875;192,28125;218,5;144,40625;403,21875;334,96875;567,625;595,625;563,625;574,8125;527,71875;424,75;237,6875;323,625;269,1875;159,21875;527,8125;312,40625;416,9375;519,6875;632,15625;724,65625;1304,75;1817,875;2415,84375;2779,625;2957,75;3455,78125;3868,59375;4267,28125;4245,96875;4447,03125;4219,375;3916,46875;3360,5625;2696,03125;1777,09375;1252,625;887,65625;414,1875;123,40625;-45,375;79;-47;-131,21875;-27,84375;-19,78125;61,53125;214,71875;140;254,75;2,96875;83,71875;20,8125;43,53125;236,40625;-54,8125;85,375;21,46875;86,09375;83,3125;163,3125;58,78125;27,03125;105,75;62,59375;159,84375;-71,71875;-102,46875;-161,78125;-207,59375;-30,03125;-61,21875;-103,71875;-95,3125;278,65625;-44,03125;106,34375;10,6875;7,53125;-24,90625;88,09375;-26;49,8125;126,4375;130,34375;243,28125;70,34375;27,90625;-129,4375;25,71875;21,375;59,15625;-16,96875;-98;104,1875;-28,25;-9,21875;-65,40625;141,1875;226,28125;199,5;140,84375;342,3125;46,59375;51,1875;93,5;16,6875;136,96875;88,4375;198,125;-31,21875;-33,5;168,9375;32,84375;21,28125;119,5;-206,40625;12,5;4,96875;67,875;-38,875;64,375;41,9375;6,0625;75,625;-46,625;-83,875;34,8125;-33,3125;-246,75;162,3125;49,78125;-44,46875;59,96875;-28,65625;71,46875;-10,4375;12,8125;162,625;-4,9375;38,53125;-43,5625;-132,25;21,65625;103,375;36;-15,4375;-3,78125;-109,84375;-68,8125;54,25;78,25;-52,78125;
-191,25;-250,875;-243,34375;-351,625;115,3125;-176,875;-174,25;-247,5625;-145,84375;-215,375;-32,9375;-10,3125;-164,40625;43,8125;-133,5625;-168,875;-286,5;-139,1875;-186,34375;-248,34375;-177,5;-196,71875;-173,6875;-144,4375;-246,34375;-146,4375;-181,90625;-161,15625;-215,1875;47,09375;-261,59375;-213,90625;44,375;-366,25;-223,71875;-85,1875;-68,03125;-37,15625;-99,5;41,3125;-300,25;-200,90625;-37,5;-90,6875;14,65625;140,3125;33,34375;-15,4375;-153,28125;-34,71875;-187;11,8125;-259,65625;-266,90625;-177,40625;-256,5;-198,3125;1,21875;78,65625;179,9375;-121,46875;-150,1875;-128,28125;-75,28125;-86,53125;-145,6875;34,90625;-5,90625;-150,5;42,375;110,90625;-4,78125;215,3125;70,96875;-126,1875;163,25;-290,53125;66,375;14,65625;54,3125;-74,625;45,53125;95,96875;28,1875;149,75;12,5;24,6875;-89,78125;11,25;63,84375;59,25;202,71875;258,125;640,5625;621,65625;482,40625;425,21875;214,0625;95,78125;29,4375;103,4375;261,0625;657,28125;697,9375;854,9375;850,53125;544,78125;443,59375;287,8125;252,3125;-220,53125;-152,5;-283,84375;72,15625;66,21875;202,8125;541,96875;810,09375;1227,46875;1447,0625;1439,9375;1666,53125;1568,65625;1356,90625;1096,15625;849,03125;800,125;792,0625;972,0625;1244,3125;1562,4375;1951,1875;2349,53125;2632,9375;3065,3125;2864,28125;2851,3125;2564,125;2064,71875;1720,65625;1415,65625;979,28125;880,84375;811,96875;352,5625;632,21875;681,875;754,84375;1062,34375;857,71875;1120,5625;1096,71875;949,84375;832,34375;914,75;802,6875;709,25;566,28125;401,125;500;186,96875;-119,40625;-67,59375;-72,53125;92,09375;138,34375;97,90625;236,15625;130,78125;140,21875;333,5625;241,03125;387,375;316,65625;335;526,75;269,78125;191,09375;177,59375;144,96875;284,9375;359;-9,1875;260,28125;210,3125;374;286;713,84375;1203,34375;1673,5625;2112,34375;2652,53125;2780,8125;3261,21875;3685,03125;3916,125;4053,1875;4054,71875;4152,40625;3465,3125;3082,34375;2555,59375;1682;786,96875;579,625;124,5;16,96875;-46,28125;10,125;-24,375;-201,4375;-174,5625;-81,0625;-226,75;-85;-32,78125;-32,3125;-25,875;-138,5625;0,875;-277,25;179,34375;-88,40625;-34,71875;-68,1875;20,53125;158,46875;4,21875;105;-52,125;-175,53125;-33,375;34,5625;22,40625;-105,875;-82,40625;-14,0625;-284,78125;-199,34375;-61,625;-20,875;94,65625;-115,75;-70,875;63;-140,96875;-2,5;-204,40625;59,78125;-98,25;140,78125;33,375;-104,15625;-22;-192,15625;85,125;0,90625;-64,6875;-36,8125;45,5;253,0625;130,5;379,6875;-100,28125;73;92,1875;160,65625;159,71875;14,34375;61,3125;-46,46875;64,96875;-141,6875;-49,75;-13,65625;-139,3125;-19,75;-23,8125;166,03125;0,25;-25,75;85,625;125,65625;-100,28125;-194,75;-114,28125;30,75;-32,65625;-249,90625;-136,5625;-161;-71,71875;-159,0625;-134,90625;-38,09375;-45,0625;-166,90625;-306;-124,875;-36,875;1,8125;-144,84375;-249,71875;-144;0,5625;-112,15625;-193,3125;-105,4375;-65,59375;-126,90625;-7,71875;-82,40625;-107,65625;-200,125;-129,4375;-50,34375;51,375;83,71875;-321,125;-260,03125;
103,40625;943,65625;138,46875;-120,5;-153,84375;-117,5;-32,25;954,375;-210,34375;-185,625;-221,5625;38,875;107,03125;69,78125;-95,375;-18;69,3125;-56,71875;-40,71875;146,03125;-80,5625;26,125;17,90625;88,84375;-18;93,40625;97,90625;-96,84375;-35,5625;-27,4375;56,09375;136,5625;-3,90625;51,875;8,875;88,8125;10,625;-203,125;173,28125;-155,84375;20,09375;203,8125;58,90625;39,375;40,78125;8,40625;-137;131,375;27,125;3,28125;56,4375;119,4375;-41,21875;17,3125;50,875;-153,59375;-168,46875;126,59375;108;-79,625;164,3125;-0,90625;134,59375;-47,875;43,5;33,15625;50,1875;-74,9375;177,09375;225,46875;162,40625;70,46875;220,15625;-48;68,59375;248,59375;79,65625;118,03125;123,53125;57,625;320,625;161,625;348,40625;369,0625;245,46875;317,9375;37,5625;176,71875;230,53125;-54,71875;308,125;414,46875;455,4375;610,875;593,90625;559,53125;590,8125;133,4375;302,4375;352,5;318,875;445,21875;673,8125;913,5;964,5;889,8125;691,125;644,75;326,9375;225,53125;103,25;1,53125;27,125;73,71875;162,5625;414,21875;695,4375;941,46875;1416,84375;1457,4375;1735,375;1585,3125;1545,875;1356,21875;1240,15625;1048,59375;1078,625;1085,78125;828,0625;1351,3125;1683,65625;2136,59375;2382,3125;2748,03125;2882,75;3314,53125;2982;2848,1875;2257,625;1660,1875;1516,78125;1265,09375;904,03125;940,28125;712,75;890,9375;916,84375;1020,21875;965,96875;1120,5625;1183,15625;1355,3125;1139,28125;958,375;890,4375;1145,1875;871,875;737,96875;643,4375;487,65625;559,3125;354,0625;227,15625;191,75;102,875;310,96875;321,09375;313,5625;362,25;357,40625;291,375;476,84375;741,96875;656,71875;799,125;591,78125;333,0625;439,5;479,34375;158,59375;200,3125;-13,375;300,625;221,6875;417,90625;373,875;614,3125;734,78125;1571,875;1851,03125;2212,75;2730,75;2999,46875;3429,4375;3924,3125;4105,71875;4051,65625;4070,53125;4088,125;3685,78125;3092,53125;2282,65625;1676,1875;1117,21875;697;487,65625;201,1875;17,21875;-249,90625;-43,84375;-145,1875;205,8125;93,46875;149,53125;-116,40625;90,28125;260,3125;175,21875;-48,71875;71,6875;20,5;313,15625;35,625;112,9375;142,0625;20,03125;104,1875;235,375;34,65625;153,09375;127,8125;213,5625;124,5;27,78125;139,625;29,5625;-64,9375;72,09375;121,03125;110,96875;110,90625;41,25;338,03125;265,34375;158,875;196,1875;168,90625;-60,25;36,90625;80,5625;218,96875;-69,8125;161,71875;88,8125;98,4375;164,59375;-46,3125;214,1875;193;135,8125;21,75;-100,09375;56,125;233,59375;166,96875;277,59375;288,40625;228;130,71875;91,375;11,625;99,3125;-54,875;185,65625;59,21875;246,0625;56,84375;53,28125;173,25;163,6875;97,375;106,71875;70,09375;82,8125;55,21875;-22,1875;182,5;172,53125;177,375;4,375;-31,5;103,0625;51,21875;-47,75;-20,8125;-56,9375;-177,71875;-169,9375;-108,9375;3,5625;160,875;-113,03125;87,09375;-200,71875;-13,28125;91,53125;147,28125;140,21875;-105,375;-82,75;0,25;-109,40625;-11,03125;16,03125;-88,65625;57,21875;198;-28;59,96875;-123,75;
-258,5625;-334,9375;-125,125;-230,78125;-192,25;-150,5;-112,5625;-140,875;-40,25;-266,625;-115,34375;3,40625;-31,625;-97,875;-279,1875;-235,09375;-81,65625;-293,21875;-202;-112,625;78,84375;-279,0625;-208,4375;-304,125;-238,03125;-182,03125;-191,78125;-316,75;-259,28125;-204,90625;-101,03125;-72,0625;41,96875;-114,5;-216,71875;-93,21875;-265,9375;-214;12,71875;-202,6875;-135,375;-183,34375;-197,75;-205,03125;9,875;-109,84375;-112,59375;-192,28125;-173,90625;-212,59375;-329,375;-184,53125;-86,875;-176,15625;-98,96875;-183,4375;-34,65625;-15,625;-49,875;-192,1875;31,125;-42;111,59375;-74,65625;-17,03125;-5,875;-173,625;-121,75;-48;13,53125;-134,9375;-42,71875;-172,0625;6;-57,53125;-103,40625;-52;-17,5625;-239,96875;-113,65625;-94,5625;94,65625;-122,9375;169,71875;73,90625;-43,6875;46;62,1875;-104,25;128,09375;192,21875;75,96875;312,1875;310,0625;508,46875;368,5625;54,25;226,6875;186,5625;-89,6875;283,1875;505;618,5625;690,59375;832,71875;567,40625;563,9375;376,34375;322,375;179,96875;-75,59375;-112,625;-35,46875;-48,375;187,90625;360,3125;393,46875;759,03125;1092,0625;1428,9375;1319,28125;1358,71875;1346,28125;1136,4375;833,375;879,6875;740,46875;759,34375;892,71875;1221,84375;1326,28125;1844,84375;2094,03125;2408,6875;2756,46875;2677,46875;2598,90625;2338,40625;2110,8125;1727,5625;1344,875;810,21875;833,46875;633,78125;692;489,0625;636,5625;435,78125;810,875;910,96875;1112,46875;1038,3125;1087,625;888,21875;663,75;612,0625;574,375;469,15625;488,84375;160,25;242,5;-7,4375;-46,5;62,75;67,09375;53,90625;198,28125;469,9375;220,90625;113,8125;320,09375;365,0625;396,40625;535,53125;231,65625;324,5;259,65625;296,21875;176,34375;108,25;-26,1875;-9,03125;-101,96875;101,96875;33,96875;148,84375;480,34375;848,53125;1229,90625;1579,59375;1840,84375;2170,8125;2630,90625;2944,96875;3403,28125;3667,03125;3906,6875;3861,5;3711,71875;3430,25;2743,125;2062,125;1472,28125;715,9375;339,15625;168,96875;-120,5;-102,5;-80,28125;-368,375;-323,84375;-195,59375;-228,78125;-401,09375;-337,1875;-100,8125;-140,65625;-61,84375;-169,96875;-121,21875;-27,03125;-162,78125;-41,71875;-205,125;35,96875;-234,59375;-153,6875;-174,28125;-159,96875;-160,875;-32,40625;-89,6875;-44,65625;-352,71875;-336,09375;-21,125;-217,375;-104,8125;-122,875;-61,875;29;-122,8125;13,59375;-49;22,125;-205,65625;-96,4375;-67,0625;-181,9375;117,84375;96,84375;63,65625;-106,65625;41,25;-38,90625;-117,03125;163,625;163,0625;-149,34375;-103,625;-113,625;-183,71875;-57,03125;52,375;-15;57,5;-43,84375;-49,25;168,6875;-113,25;-186,3125;-236,3125;-37,8125;-146,4375;-248,5625;49,03125;-100,78125;-113,15625;37,3125;-75,03125;-73,5;-152,0625;-69,875;-271,09375;-225,9375;-181,96875;-185,8125;-21,6875;-172,65625;-262,40625;-87;-301,21875;-73,90625;-145,21875;-89,6875;-190,0625;-288,8125;-339,5625;-216,59375;-178,71875;-116,71875;-115,78125;-136,0625;-126,1875;-255,90625;-206,3125;-107,40625;-284,75;-51,46875;-318,375;-280,84375;-227;-194,1875;-240,125;-172,1875;-221,34375;-82,40625;-264,96875;-263,09375;-108,34375;
-0,5;210,59375;83,625;-39,15625;-127,84375;-150,34375;-127,6875;-209,78125;-121,59375;-23,46875;-238,75;-86,71875;66,3125;30,46875;58,875;-32,53125;16,375;101,96875;-253,40625;5,1875;-130,5;-22,3125;-91,375;-17,90625;153,28125;237,6875;113,8125;51,5;-66,125;95,8125;89,375;-110,25;-38,71875;76,0625;-193,53125;-68,21875;-105,8125;12,6875;-463,46875;-19,84375;-138,78125;-34,40625;-96,28125;21,375;-19,53125;-27,71875;27,90625;119,46875;37,96875;-67,78125;-104,3125;61,9375;82,28125;121,125;-231,3125;135,6875;76,03125;91,0625;117,4375;-4,5625;127,65625;210,9375;-72,09375;238,8125;108,6875;-161,875;123,25;85,3125;-151,34375;110,84375;105,1875;37,0625;207,15625;98,15625;62,6875;114,625;204,3125;54,46875;285,3125;176,71875;34,5;307,75;235,5625;166,5625;396,75;60,28125;128,46875;179,59375;-47,5625;248,3125;252,4375;213,125;467,71875;671,375;531,4375;448,28125;328,28125;2,75;81,28125;191,09375;297,71875;688,625;779,5625;853,875;913,5625;672,34375;532,53125;378,46875;387,125;220,40625;24,1875;11,3125;-12,90625;33,34375;50,375;385,5625;659,90625;938,3125;1342,03125;1493,53125;1659,4375;1399,53125;1520,4375;1170,1875;1014,9375;926,1875;759,125;817,8125;1010,96875;1162,40625;1426,84375;1871,5;2218,71875;2559,4375;2889,75;2832,84375;2729,1875;2460,4375;2039,3125;1685,15625;1245,28125;1046,125;891,375;752,5625;801,8125;605,78125;830,34375;852,625;951,375;1058,59375;1203,0625;1220,90625;1158,46875;1220,0625;938,90625;853,25;649,6875;353,6875;838,46875;454,71875;429,125;285,65625;73,90625;123,125;160,9375;174,34375;255,96875;190,59375;91,875;290,4375;271,5625;242,875;122,75;539,71875;532,40625;616,9375;324,375;224,28125;336,21875;273,9375;201,84375;351,34375;121,1875;109,5625;139,40625;235,90625;464,40625;834,75;1423,125;1796,25;2151,375;2478,4375;2839,46875;3202,75;3336,5;3674;3982,3125;3837,4375;3766,8125;3490,34375;2997,0625;2203,375;1543,40625;807;648,40625;126,28125;34,9375;52,5625;-21,71875;-10,5;-86,4375;83,59375;-152,84375;88,4375;228,84375;-53,1875;3,0625;161,6875;93,6875;114,84375;260,46875;76,75;111,125;44,40625;275,6875;-78,53125;47,90625;-58,125;87,5;233,65625;18,03125;-5,03125;122,8125;192,875;-111,6875;96,0625;-52,28125;-19,65625;9,09375;91;-33,90625;197,75;126,09375;92,65625;0,75;-17,03125;-86,15625;113,625;-106,96875;236,1875;202,84375;67,8125;199,40625;108,5625;148,28125;144,03125;-88,28125;-32,59375;25,75;-29,375;132,1875;44,78125;-82,5625;-50,8125;240,6875;290,65625;-68,15625;95,4375;95,25;232;145,90625;106,46875;111,4375;-211,3125;50,53125;134,5625;195,15625;122,625;-98,5;-68,5625;96,03125;-181,09375;69,46875;3,15625;34;-178,5;96,34375;-37,15625;-54,09375;-31,125;-49,75;46,125;81,65625;-35,40625;-36,875;42,84375;20,96875;11,375;-36,28125;45,125;-349,5;-3,9375;-216,84375;65,90625;85,53125;-304,875;108,1875;-92,5;-187,46875;51,40625;-61,34375;-4,9375;-104;-148,125;52,8125;-172,875;-64,1875;77,1875;-123,375;22,3125;
-254,875;-207,90625;112,65625;-222,75;100,65625;-80,34375;-74,96875;61,78125;-293,40625;-0,125;-124,125;-199,28125;-183,15625;-195,1875;-59,96875;-120,78125;-241,28125;-11,09375;-199,125;-68,75;-36,03125;-31,65625;-43,625;-146,1875;-212,3125;-41,625;117,8125;-191,9375;-102,75;-0,75;76,4375;-178,59375;22,78125;-278,46875;141,5625;-60,9375;-109,3125;-371,75;-160,03125;-431,3125;-53,34375;-84;-100,21875;241,5625;76,1875;-47,25;39,46875;-196,28125;-149,125;11,71875;-72,53125;-76,53125;2,90625;-80,8125;-66,5;25,6875;69,65625;-198,53125;-8,34375;250,9375;-109,96875;-149,25;-14,75;322,6875;163,40625;174,15625;126,875;74,71875;112,90625;199,59375;88,78125;133,8125;174,84375;-8,75;93,875;24,375;-70,3125;-13,78125;32,53125;-157,65625;-8,59375;361,875;333,90625;202,34375;217,46875;37,84375;-258,375;58,4375;178,90625;-38,375;158,71875;337,53125;526,96875;623,40625;504,46875;462,875;239,3125;257,875;168,875;137,46875;199,90625;675,78125;684,78125;735,28125;909,84375;702,0625;872,15625;668,90625;208,71875;150,96875;145,78125;-154,71875;34;175,5;231,75;257,90625;645,28125;695,8125;1386,1875;1179,53125;1279,375;1461,0625;1132,78125;1049,75;1019,875;683,90625;747;827,84375;885,90625;864,25;1418,96875;1775,34375;2047,9375;2397,375;2541,6875;2836,6875;2508,75;2061,78125;1777,78125;1664,875;1145,09375;1100,78125;829,09375;785,3125;596,46875;800,375;899,625;800,25;723,90625;945,78125;1112,71875;1160,3125;1220,84375;658,03125;917,65625;756,46875;788,3125;611,84375;703,75;356,6875;182,90625;100,4375;26,96875;107,71875;125,90625;108,71875;318,09375;202,4375;219,40625;248,9375;195,03125;369,28125;498,0625;534,71875;583,03125;242,75;435,59375;378,65625;32,53125;234,21875;159,40625;172;325,15625;148,75;-132,1875;298,375;524,71875;767,03125;1343,40625;1613,1875;1973,78125;2445,09375;2969,96875;2969,34375;3151,8125;3444,625;3792,5625;3786,59375;3544,5;3261,0625;2714,0625;2042,84375;1422,25;877,34375;492,25;253,125;37,28125;-19,71875;-257,9375;-331,34375;-189,5;-131,875;-77,9375;-255,5;114,15625;-10,3125;-223,875;98,375;185,34375;-125,84375;-27,9375;38,9375;-106,34375;152,78125;51,9375;85,71875;155,0625;34,0625;24,5;201,71875;233,96875;-67,40625;41,21875;49,21875;48,0625;-162,625;21,0625;-17,6875;-54,6875;109,625;115,6875;-111,40625;86,625;154,46875;-52,46875;104,53125;77,09375;60,8125;126,125;192,96875;33,59375;-59,1875;148,90625;8,71875;71,34375;-133,125;-94,03125;83,65625;-24,6875;123,78125;-33,375;-67,4375;-63,125;-48,15625;45,90625;-196,65625;-40,78125;160,5;-28,34375;266,59375;130,8125;195,53125;75,3125;53,53125;135,59375;-64,84375;103,78125;-80,9375;-16,03125;-22,5;-55,0625;-80,09375;-226,3125;-147,09375;-114,34375;-38,96875;-159,6875;-196,09375;-116,1875;-179,0625;-134,21875;78,75;-82,25;55,65625;-14,4375;-115,375;-27,25;-180,5625;-52,0625;-149,3125;-131,71875;-202,5625;37,5625;113,84375;-102,8125;-134,625;-147,09375;-18,8125;57,4375;-164,875;-53,1875;-111,125;-91,46875;-281,25;-152,71875;21,03125;-247;-41,96875;-271,125;43,3125;
-145,21875;-96,125;-143,75;-128,21875;-175,1875;-38,125;-46,46875;-42,90625;-37,4375;-56,0625;-241,28125;-194,09375;-87,125;-117,6875;-177,5;-62,28125;-81;-130,6875;-204,21875;-3,9375;-123,09375;96,4375;-118,46875;-179,125;-151,3125;1,625;-87,8125;34,78125;-209,59375;113,9375;-21,84375;-88,0625;-109,34375;-239,625;-112,28125;-128,8125;-5,65625;-252,46875;-258,59375;-59,28125;-2,25;6,28125;111,5625;-242,59375;-184,53125;-205,90625;2,28125;-72,40625;-45,34375;-102,0625;-143;-64,15625;-19,375;-184,28125;-174,71875;-15,4375;-132,75;4,21875;-64,71875;3,875;39;3,09375;-14,03125;273,21875;-168,65625;38,25;-12,6875;8,96875;-175,5;-54,375;116,6875;211,875;63,53125;-38,0625;-49,78125;43,53125;-76,15625;169,78125;-30,8125;-71,90625;205,90625;188,46875;226,09375;254,5;175,28125;15,4375;42,78125;90,59375;146,65625;351,4375;171,21875;276,21875;263;546,8125;455,21875;299,09375;362,65625;2,28125;111,0625;69,40625;211,53125;359,375;785,125;854,375;710,96875;603,59375;568,09375;526,375;283,3125;104,3125;-48,65625;2,5625;-26,90625;122,5;260,4375;212,84375;702,78125;589,84375;955,34375;1016,625;1364,125;1207,25;1045,75;948,3125;936,65625;648,0625;569;476,3125;847,375;823,6875;1300,53125;1589,59375;1897,03125;2200,8125;2516,75;2496,28125;2556,3125;2083,875;1710,5625;1394,15625;1084,65625;758,46875;711,125;804,15625;468,8125;490,78125;580,96875;619,78125;871,21875;960,03125;909,46875;1035,53125;900,875;630,875;625,6875;535,0625;487,78125;345,9375;238,3125;443,53125;-138,84375;125,09375;45,53125;-17,09375;-0,1875;191,71875;135,21875;-14,5625;95,4375;60,6875;-12,375;348,625;404,78125;538,78125;239,125;396,125;218,34375;287,90625;201,15625;30,6875;-37,84375;-6,25;203,375;148,53125;103,875;301,0625;543,25;870,34375;1185,25;1471,375;1913,84375;2284,46875;2747,1875;2939,375;3098,28125;3401,40625;3484,15625;3549,78125;3394,21875;3059,03125;2613,90625;1810,25;1360,0625;856,5;230,71875;-70,46875;-350,0625;-98,75;-195,6875;-45,78125;19,28125;-166,84375;-78,8125;-319,53125;-37,375;-253,625;-122,84375;-92,8125;-165,5625;-160,15625;-87,53125;-62,59375;-124,90625;-81,375;38,3125;62,46875;-254,84375;-85,125;-99,34375;94,75;-26,8125;-34,125;-201,625;-329,59375;-202,84375;-211,03125;-83,5625;32,03125;39,59375;178,25;-298,34375;33,9375;-78;126,28125;26,28125;39,21875;-5,125;15,90625;-48,75;-98,53125;36,0625;66,46875;-62,625;76,03125;-58,09375;-136;86,125;66,46875;-117,25;-106,8125;140,03125;-59;105,84375;-35,5;-117;39,8125;34,34375;-84,0625;-93,78125;-90,21875;-251,125;13;-135,84375;56,15625;116,5;-6;45,21875;-61,78125;-40,59375;-34,4375;-88,21875;-14,78125;-292,15625;-198,875;-188,34375;3,25;112,96875;9,625;-275,625;-304,03125;-151,03125;-86,125;-134,8125;-47,28125;53,625;-332,25;67,8125;-216,59375;-77,875;-123,09375;-88,4375;-234,0625;-319,59375;-214,125;-256;-283,71875;-235,78125;-297,96875;-78,96875;-320,96875;-130,71875;-300,46875;-23,9375;-98,59375;-241,84375;-152,84375;-151,125;-200;-234;119,84375;
1,5;137,625;-198,5;-9,46875;-296,875;-120,375;-127,875;-4,6875;-15,59375;-212,875;-42,40625;-144,53125;-46,9375;-56,1875;-167,59375;-76,8125;-14,96875;-104,28125;115,21875;-208,03125;-164,6875;-54,75;144,3125;27,4375;-237,875;-43,5625;-120,03125;-299,03125;-74,5;14,53125;-215,625;-36,34375;17,65625;-64,90625;-61,3125;-15,09375;-25,46875;-65,75;-12,46875;-40,8125;-3,75;91,59375;-137,84375;-121,28125;-157,65625;-188,09375;-44,78125;-101,96875;-149,78125;-122,46875;-193,71875;61,28125;-86,46875;95,71875;3,5625;-10,125;74,71875;-1,65625;74,375;206,1875;-0,53125;-232,9375;11,25;65,8125;-23,03125;-98,90625;49,03125;253,15625;-53,40625;157,84375;137,90625;-35,125;-95,78125;300,21875;-31,375;-43,125;-138,09375;-120,3125;11,96875;74,125;-155,25;175,28125;178,0625;244,59375;215,15625;-12,875;28,34375;-19,75;-137,125;148,71875;249,4375;384,15625;453,75;381,03125;344,25;401,21875;184,21875;43,53125;188,40625;232,625;299,90625;709,875;818,53125;646,8125;783,71875;727,875;325,6875;408,15625;281,53125;201,8125;-29,125;78,75;169,5;265,46875;290,53125;418,3125;529,71875;782,75;1094,59375;1145,8125;1338,09375;1228,625;1238,09375;854,1875;803,71875;549;630,25;675,59375;656;1006,875;1059,15625;1530,5625;1693,78125;2115,03125;2108,875;2653,71875;2542,09375;2020,84375;1824,5625;1086,5625;870,71875;757,34375;601,65625;657,125;628,4375;503,96875;634,8125;836,28125;566,8125;999,96875;1048,03125;1098,625;908,71875;669;746,25;634,59375;625,25;378,84375;347,40625;406,875;314,21875;67,65625;40,28125;34,6875;61,34375;279,09375;80,90625;196,40625;221,6875;71,1875;53,65625;291,9375;409,03125;577,625;213,84375;406,8125;250,59375;216,21875;161,875;109,59375;-79,9375;-2,3125;28,90625;13,84375;59,6875;244,78125;426,4375;714,40625;1236,59375;1738,6875;1925,375;2428,09375;2595,125;2931,9375;3062,8125;3230,65625;3505,78125;3448,6875;3271,03125;2809,5625;2550,6875;1960,71875;1196,21875;634,3125;282,6875;83,28125;-168,375;-120,0625;135,625;-73,4375;-179,8125;-210,78125;-70,34375;-288,75;-56;104,625;-104,4375;-289,125;-240,5;-66,625;-2,90625;-111,28125;93,125;-231,53125;-278,5625;26,8125;93,625;-87,25;-29,75;-31,59375;-44,71875;-47,96875;50,78125;-76,71875;-41,34375;-159,46875;17,09375;-166,625;-85,28125;25;-100,3125;34,53125;-9,84375;-217,09375;-62,34375;-245,625;122,78125;-137,4375;100,34375;10,0625;294,71875;81,84375;142,1875;103,375;-134,09375;-114,625;-45,96875;-46,5625;-118,9375;92,375;-139,25;-238,8125;-187,9375;-92,21875;-57,75;-43,96875;144,78125;-110,46875;-2,90625;-86,90625;67,21875;135,25;3,15625;-45,5625;-42,96875;42,84375;-23,96875;-261,96875;56,28125;161,625;-97;-110,03125;-118,9375;-72,28125;94,65625;41,84375;159,6875;-115,96875;-300,09375;-69,65625;0,3125;-374,875;-146,71875;-262,875;-210,53125;-60,34375;-53,0625;32,46875;-224,3125;-54,09375;-119,40625;-159,0625;-112,71875;-94,71875;-100,59375;-132,90625;-253,9375;-95,15625;-139,5;9,125;-178,125;-171,375;-116,78125;-111,375;-4,3125;-156,6875;-41,90625;-93,125;-146,0625;-108,6875;
-200,15625;-70,875;-28,09375;-78,53125;21,5625;-172,3125;-137,875;-405,5625;-304,03125;-287,59375;-259,40625;-313,875;-158,21875;-133,0625;-42,03125;-168;-18,5625;-50,59375;-135,65625;-132,03125;-106,78125;-238,40625;-188,5625;-178,3125;-227,625;-267,9375;-59,625;13,625;-57,84375;-337,6875;-237,09375;-74,40625;4,65625;-98,53125;-133,75;-376,40625;-238,6875;-264,65625;-305,59375;-147,78125;68,96875;184,96875;-92,40625;-125,375;-206,25;-35,46875;-5,875;-283,34375;-119,71875;-117,78125;-18,15625;-162,6875;-13,0625;-220,84375;-121,71875;-128,1875;-153,65625;-4,15625;-81;3,28125;36,3125;-58,90625;6,53125;-58,78125;-268,75;98,09375;45,09375;260,15625;68,25;-105,59375;-46,5625;110,90625;-31,6875;117,9375;-90,59375;87,5625;73,46875;95,375;1,25;-127,59375;38,625;53,34375;305,875;200,78125;323,28125;-158,9375;49,84375;42,90625;-17,09375;97,875;127,4375;421,40625;418,09375;617,34375;443,4375;270,53125;308,9375;86,53125;34,3125;139,5625;215,46875;250,21875;484,09375;728,34375;429,15625;614,25;438;505,53125;53,46875;-50,1875;6,0625;4,84375;-78,3125;-109,34375;396,53125;433,03125;581,90625;753,09375;1078,71875;1011,84375;1201;1052,09375;836,6875;763,1875;398,6875;588,625;558,875;597,21875;854,9375;1007,78125;1105,78125;1307,3125;1620,34375;1909,28125;2190,8125;2359,875;2128,78125;1851,96875;1533,875;1292,9375;812,125;590,3125;403,65625;553,25;321,96875;355,21875;627,875;540;604,15625;742,8125;984,5;864,09375;697,4375;660,375;720,96875;554,46875;459,4375;219,84375;553;357,21875;153,9375;181,90625;61,375;-17,21875;171,03125;18,625;-160,78125;-79,6875;-299,59375;133,03125;20,5625;87,90625;568,75;400,5;464;440,78125;213,03125;146,875;317,96875;195,96875;100,5625;-81,5;74,5;94,8125;-67,5625;243,75;362,84375;798,6875;1062,3125;1423,4375;2091,59375;2055,1875;2456,34375;2768,46875;3015,40625;3228,84375;3354,90625;3323,6875;3095,0625;2919,3125;2297,25;1667,5;995,59375;621,28125;307,34375;60,25;-32,75;7,0625;-120,21875;-220,53125;-36,59375;-13,71875;-171,6875;-251,09375;-227,96875;-139,25;-131,5625;-89,65625;-301,6875;-263,4375;-119,96875;-267,6875;-123,78125;-92,875;-170,0625;-91,75;-56,09375;-30,90625;-61,53125;7,5;-87,125;-84,96875;42,09375;-39,90625;5,375;27,875;-101,6875;-129,65625;-198,1875;-80,84375;-101,59375;-20,8125;-13,71875;-49,1875;-200,1875;47,90625;-18,34375;-161,15625;70,46875;-75,46875;-119,5;-41,28125;47,40625;-149,21875;-250,90625;-12,5;-56,4375;-167,53125;144,5625;-122,84375;-100,34375;-203,40625;37,3125;-155,90625;-35,875;-48,5625;-137,9375;-129,375;-75,03125;-81,8125;-13,125;-115,875;-326,5625;-215,9375;-48,15625;-87,15625;-56,5;19,78125;-51,5;-34,0625;55,75;-84,1875;-156,4375;-220,8125;-173,25;-164,5625;-15,09375;-252,09375;-130,03125;-249,125;-120,03125;-180,84375;-170,75;-215,8125;-200,71875;-238,3125;-254,40625;-283,84375;-219,40625;-93,46875;-151,4375;-16,09375;-245,21875;-323,4375;-126,1875;-340,4375;8,03125;-50,5625;-154,03125;-273,65625;-208,21875;-252,21875;-170,40625;-193,71875;-325;-140,03125;-64,5;-456,1875;-301,28125;-186,03125;
88,40625;-217,9375;-184,53125;30,34375;-46,78125;79,53125;-28,8125;-84,46875;-84,3125;-207,25;31,5625;33,8125;-232,28125;-98,78125;47,375;37,21875;-110,28125;8,90625;89,4375;-332,9375;-59,3125;-206,1875;49,15625;-133,25;-265,8125;-47,5;-43,4375;-194,59375;20,59375;43;-47,1875;-24,34375;-107,8125;-87,5;0,875;-132,09375;-71,59375;107,4375;-32,6875;-10,78125;-26,40625;-70,625;12,15625;-42,53125;-276,15625;-170,8125;-44,21875;-337,71875;-38,96875;-96,6875;137,21875;-80,34375;-198,46875;-119,0625;-148,96875;20,96875;-86,28125;55,6875;136,3125;-272,59375;-21,90625;22,84375;101,125;92,71875;19,96875;-12,03125;163,25;9,875;46,90625;17,0625;203,5625;2,625;135,75;112,75;77,90625;75,15625;-134,75;-171,40625;135,90625;72,5625;114;171,34375;191,875;317,375;175,9375;146,28125;-11,875;-43,3125;-22,625;122,25;227,46875;440,5;384,84375;344,34375;567,6875;309,875;271,75;278,90625;192,71875;319,21875;406,21875;566,5;545;704,28125;777,59375;635,9375;398,40625;302,71875;154,90625;75,78125;-14,0625;26,875;-77,75;-3,875;378,84375;268,71875;641,1875;599,5625;907,96875;1090,78125;1153,59375;1091,71875;828,71875;752,1875;748,0625;459,53125;474,1875;652,46875;522,59375;767,5625;1009,96875;1544,1875;1670,34375;2019,875;2136,65625;2235,53125;2116,4375;1686,3125;1391,40625;1152,15625;760,4375;635,96875;531,375;200,15625;126,4375;471,21875;534,28125;464,59375;593,15625;778,21875;917,28125;648;556,25;502;668,21875;390,1875;223,15625;445,375;357,09375;284,0625;169,28125;88,84375;150,71875;-122,53125;14,65625;-61,6875;70,28125;116,03125;148,71875;299,90625;216,875;104,90625;195,71875;518,25;683,125;657,5625;380,78125;177,8125;165,4375;342,90625;-5,625;303,65625;15,9375;75,65625;110,625;185,125;402,65625;673,6875;1001,125;1416,96875;1848,90625;2032,375;2655,9375;2548,90625;2981,09375;3174,375;3352,46875;3349,21875;3177,84375;2838,65625;2350,34375;1754,96875;1124,5625;568,5625;465,75;-1;-88,90625;34,8125;-21,875;47,15625;-283,15625;-217,4375;-214,8125;-129,8125;-214,1875;-83,5;-41,09375;-147,875;161,65625;-61,78125;-160,5625;-249,96875;46,375;-164,9375;-181,28125;-161,8125;65,625;-69,9375;-135,96875;-46,125;74,75;-145,0625;-99,28125;121,59375;-263,90625;-147,6875;-5,5625;-156,96875;-46,4375;93,78125;-131,9375;-250,96875;-29,65625;-179,34375;89,46875;-16,9375;-95;-127,875;-129,1875;-185,875;-27,6875;-133,40625;18,1875;-108,21875;-106,5;-18,96875;-23,09375;37,4375;40,625;13,875;-87,46875;57,96875;16,03125;-133,46875;-161,03125;-44,09375;77,8125;174,875;-124,59375;159,28125;42,28125;-65,78125;32,0625;85,34375;29,84375;-79,71875;-160,34375;4,65625;39,21875;36,53125;-111,65625;-287,34375;-154,40625;-134,5;-76,96875;9;-289,90625;-223,53125;-323,28125;-132,59375;-115,78125;2,34375;-152,71875;-82,15625;-210,5;-86,0625;-120;-273,4375;-142,15625;-250,78125;-225,53125;-255,28125;-176,84375;-311,40625;-54,53125;-261,125;-264,15625;-162,21875;-158,8125;-224,1875;-409,59375;-175,5625;-109,4375;-89,09375;40,78125;-169,0625;-134,625;-246,84375;-80,0625;-47,0625;
-104,9375;-76,8125;-178,9375;63,34375;-89,84375;-12,625;-26,875;-162,90625;-42,1875;-147,9375;-187,8125;-172,34375;-259,09375;-322,25;32,90625;13,75;-284,75;-146,53125;-38,6875;-169,0625;-149,1875;-236,03125;75,03125;-156,9375;-152,40625;34,0625;-3,90625;-129,03125;-44,28125;-176,09375;-70;12,0625;-214,15625;-29,9375;42,90625;-329,96875;47,0625;-110,875;-51,40625;-1,34375;-71,3125;-9,78125;-63,5;-61,34375;-210,21875;16,21875;0,1875;59;-14,59375;54,8125;-41,53125;-90,46875;-17,65625;-55,90625;99,78125;-138,53125;-70,71875;-97,15625;-87,1875;-177,84375;-295,4375;-32,96875;-93,71875;62,5625;133,125;36,59375;-70,625;36,21875;42,09375;21,40625;-138,25;119,09375;114,53125;124,1875;-25,875;-68,03125;8,125;-77,5;-32,5;-5,84375;273,9375;68,75;166,09375;29,40625;91,75;18,65625;114,6875;-15,375;86,03125;122,65625;156,90625;373;480,125;623,84375;304,4375;447,9375;203,4375;200,1875;239,5625;320,90625;348,65625;545,15625;541,46875;686,875;742,125;542,375;401,125;305,59375;123,125;128,96875;168,71875;-0,59375;-6,21875;488,75;204,8125;494,03125;429,5625;616,90625;762,71875;939,28125;1160,1875;1010,25;866,40625;820,03125;606;584,3125;523,84375;601,5;757,25;777,75;976,3125;1427;1802,90625;2093,9375;1962,40625;2124,09375;1764,84375;1710,6875;1128,1875;1184,8125;644,40625;535,875;273,8125;233,125;272,25;348,5;407,15625;501,59375;679,09375;628,78125;686,9375;829,59375;678,90625;675,9375;512,90625;174,90625;185,34375;285,59375;317,21875;133,375;156,28125;174,84375;131,875;-95,53125;211,40625;-93,5625;-93,46875;-136,46875;47,625;169,8125;-9,78125;321,09375;220,78125;485,03125;447,09375;186,96875;263,1875;216,6875;-80,75;-42,71875;92,5625;98,34375;94,25;118,03125;212,09375;268,5625;530,03125;723,65625;1037,4375;1489,65625;1887,5625;2163,34375;2525,875;2480,1875;3057,375;3105,59375;3142,3125;3251,6875;3019,21875;2832,25;2287,53125;1516,125;996,0625;600,53125;167,1875;-116,1875;6,625;-224,1875;-93,15625;-176,21875;-221,6875;-20,59375;-155,84375;-83,0625;-114,21875;-147,65625;-106,375;-100,25;-53,03125;40,78125;5,375;-220,96875;-18,59375;21,875;14,4375;-46,5625;24,875;-21,5625;139,4375;-230,6875;-51,9375;-328,9375;-163,15625;8,09375;-78,96875;-129,59375;-243,15625;148,40625;-159,96875;-253,96875;-64,21875;-310;-308,9375;-105,4375;-13,9375;136,125;-211,1875;77,375;-230,75;-19,375;-32,1875;-137,71875;-256,53125;-124,125;-30,78125;-196,71875;-94,65625;-275,875;-11,03125;-13,90625;87,0625;-71,21875;-126,46875;-71,84375;-28,8125;85,0625;-196,15625;-38,6875;-42,34375;-209,90625;-77;-199,6875;-153,21875;-34,65625;-316,125;-97,65625;-291,53125;-51,1875;-77,65625;-227,40625;-182,65625;-139,96875;-61,09375;-125,65625;-416,625;-62,34375;-43,6875;-292,78125;-184,03125;-245,6875;-150,96875;-151,25;-223,84375;-323,03125;-181,125;-165,03125;-157,40625;-222,59375;-77,46875;-239;-73,28125;-172,28125;-48,46875;-240,125;-66,71875;-28,6875;-239,03125;-183,3125;-144,78125;-102,875;-258,03125;-85,375;-154,8125;-244,75;-260,03125;-178,46875;-272,875;-164,59375;-156,9375;-167,78125;
17,28125;-98,53125;-168,15625;-154,78125;208,4375;-77,28125;-203,28125;-27,6875;-341,9375;37,71875;54,09375;-284,8125;-95,5625;6,34375;2,28125;-302,46875;-154,03125;221,75;0,875;-114,96875;-122,59375;-251,875;-76,5;-271;-176,71875;-151,1875;-118,1875;-116,53125;-164,625;-147,5;9,15625;3,96875;16,15625;-0,125;-19,0625;-236,96875;-185,8125;-101,28125;-115,3125;-141,125;-53,59375;-189,1875;69,75;-112,9375;92,4375;-184,28125;-286,15625;83,59375;-113,46875;-64,375;-112,78125;115,46875;-96,1875;-7,15625;-7,625;120,4375;-160,875;55;-80,65625;-230,75;-148;100,65625;141,59375;91,9375;29,75;-41,53125;-29,96875;40,78125;74,84375;-125,5625;-8,0625;-102,5625;-64,125;58,5625;-88,25;26,1875;65,03125;19,96875;160;182,53125;224,6875;245,25;320,34375;-4,125;158,28125;210,3125;269,8125;-3,9375;200,09375;266,65625;217,28125;365,90625;375,21875;265,15625;414,53125;500,96875;140,625;77,5;151,90625;209,0625;414,125;534,40625;792;826,71875;417,5625;501,125;367,5625;271,4375;113,40625;-2,6875;-24,9375;-33,1875;32,90625;45,8125;52,09375;344,09375;565,84375;829,125;952,71875;1203,96875;935,59375;948,5;840;612,21875;655,84375;558,84375;671,65625;665,15625;472,78125;722,25;931,09375;1355,78125;1579,375;1772,8125;1967,25;2075,65625;1829,1875;1637,875;1286,09375;844,0625;732,21875;588,375;366,4375;145,09375;284,375;21,375;495,5625;575,625;509,6875;961,78125;740,625;621,3125;682,3125;389,5625;549,34375;236,625;236,8125;259,4375;296,78125;27,4375;67,03125;63,5;-331,5;-26,1875;-42,09375;20,03125;80,5;-95,5;81,0625;-152,15625;26,875;207,96875;275,03125;513,03125;252,78125;655,65625;365,34375;197,5;156,0625;41,625;146,78125;-117,40625;-134,3125;-78,21875;288,5625;364,78125;361,125;893,96875;1145,34375;1593,65625;1777,4375;2117,6875;2512,125;2758,28125;2708,28125;2951,875;2867,34375;2972,71875;2758,5;2303;1989,125;1675,65625;1234,34375;514,875;80,4375;107,0625;-220,15625;-250,4375;-179,78125;-15,59375;-237,625;-353,1875;-297,1875;-202,34375;-294,21875;-194,21875;107,75;-56,71875;-268,25;-79,5625;-121,96875;-92,09375;-67,9375;-51,25;-186,15625;-87,4375;-10,53125;-58;112,5625;-229,875;-125,15625;50,84375;-313,40625;-185,9375;-229,21875;44,46875;-52,90625;-64,0625;116,59375;74,34375;-142,90625;-146;-71,6875;-58,84375;-41,5;-36,3125;-188,3125;135,625;48,5625;-300,6875;-73,75;-23,5625;-198,5;-198,1875;-413;-19,125;-205,5625;6,40625;-92,34375;-106,46875;-28,8125;-264,46875;-10,46875;-30,65625;30,375;-76,1875;96,5625;-65,3125;-154,5;-68,0625;-238,0625;45,78125;-92,875;-162,25;-110,8125;-111,09375;-63,28125;-256,46875;-211,53125;-151,3125;-287,40625;-85,40625;-193,03125;-219,28125;28,15625;18,40625;-188,75;-159,1875;-342,03125;-184,90625;-206,1875;-305,90625;-231,875;-333,03125;-270,71875;-239,9375;-461,84375;-115,90625;-249,40625;-231,59375;-259,21875;-276,78125;-31,6875;-275,90625;-66,75;-456,4375;-135,09375;-356,71875;-269,34375;-214,34375;-132,03125;-94,375;-163,28125;-278,53125;-170,09375;-256,90625;-325,875;-93,71875;-330,34375;-197,5625;
-161,9375;-96,96875;119,21875;-138,75;-145,09375;-168,90625;-28,53125;-134;-638;-238,03125;-199,125;-253,125;106,8125;-33,59375;-43,78125;-157,71875;-184;-50,1875;-1383,5625;-134,0625;-146,625;-185,125;-137,5;-211,03125;0,59375;-138,65625;-188,65625;-182,21875;-137,46875;-199,28125;-0,875;-148,75;-89,8125;-348,71875;-197,4375;39,71875;-162,03125;179,4375;-180,5625;-187,3125;-200,03125;-17,53125;-255,625;31,5625;97,4375;-45,25;-171,25;-57,46875;-24,0625;-109,1875;-98,125;81,9375;-12,75;81,375;-103,3125;83,90625;-220,03125;51,21875;55,1875;-82;-124,21875;-170,53125;66,3125;-296,9375;-252,3125;4,625;-17,34375;148,125;58,125;-45,90625;-52;128,375;-46,40625;46,46875;-68,40625;20,53125;247,5;85,125;238,875;70,3125;225,15625;54,9375;157,75;37,0625;44,5;150,125;18;79,84375;8,90625;161,0625;159,21875;302,28125;285,28125;378,875;251,8125;333,3125;45,1875;39,4375;237,46875;181,15625;150,46875;230,4375;399,6875;575,125;549,25;686,90625;270,375;51,5625;207,1875;-4,03125;41,625;-187,5;192,5;157,0625;66,25;446,15625;363,6875;793,25;899;831,5625;858,375;1129,03125;891,8125;858,375;625,65625;595,46875;434,8125;464,53125;387,6875;735,21875;1088,4375;1251,75;1891,9375;1820,46875;1710,53125;2069,1875;1692,46875;1552,78125;1147,9375;862,9375;563,5625;451,1875;229,96875;106,03125;251,59375;234,09375;449,78125;532,59375;432,375;630,4375;764,03125;416,5;375,8125;413,25;429,21875;311,34375;192,625;-0,125;193,59375;238,65625;142,125;21,15625;-86,3125;117,65625;22,28125;-94,71875;-71,3125;136,9375;199,375;-39;272,34375;237,34375;430,4375;499,375;402,15625;505,65625;278,75;253,0625;49,75;93,3125;-30,46875;61,90625;68,53125;203,65625;149,0625;258,34375;403,0625;628,46875;1098,34375;1623,0625;1815,21875;2126,1875;2106,75;2542,25;2658,46875;2696,21875;2764,46875;2900,84375;2792,6875;2271,3125;1933,40625;1594,53125;908,96875;362,3125;133,21875;31,125;35,53125;-226,84375;-143,40625;-48,53125;-104,875;-173,21875;-154,90625;-248,59375;-216,625;-279,09375;-93,34375;-255,71875;-152,5625;-170,1875;-179,40625;-151,3125;-44,90625;-264,25;-60,78125;-159,96875;9,59375;-32,625;-92,4375;-128,40625;-4,75;-272,375;-173,8125;-118,5625;-142;-36,09375;-103,4375;-91,625;-239,4375;-248;-17,84375;-271,6875;-200;-66,28125;-158,15625;-18,5625;-94,53125;-66,25;-176,3125;-118,125;-155,78125;-9,59375;-41,21875;-76,625;-168,46875;-132,5625;-140,75;-97,5625;-139,84375;29,84375;-120,59375;-162,6875;-0,25;-45,65625;-53,34375;-81,8125;-7,625;-160;11,5;-55,9375;-146,0625;-283,4375;112,21875;-150,71875;-241,15625;100,375;-87,40625;-187,65625;-342,71875;-174,875;-232,90625;-298,15625;-337,4375;-187,78125;-39,0625;-125,53125;-159,375;-228,5625;-249,09375;-248,25;-345,625;-168,375;-172,5;-166,53125;-199,53125;-216,125;-200,90625;-294,71875;-252,9375;-252,5;-251,125;-241,34375;-131;-204,90625;-106,875;-185,34375;-93,46875;-100,75;-95,25;-128;-163,125;-208,6875;-302,15625;-126,125;-169,15625;-139,71875;-205,8125;-186,65625;-341,90625;-130,125;
135,75;149,25;29,375;-85,34375;-5,78125;-84,875;-87,375;-23,0625;-35,5;122,71875;-95,9375;-22,71875;-52,90625;-122,78125;-128,78125;-142,375;-98,25;116,4375;62,90625;-10,34375;-8,5;-152,9375;-323,8125;-124,34375;-124,78125;-119,25;16,625;19,90625;-182,28125;-55,0625;7,96875;-218,03125;-44,84375;-1,375;-82,4375;-20,34375;-13,34375;-63,125;-17,40625;-58,53125;87,375;-48,8125;-4,59375;-115,75;-18,28125;-127,03125;-37,21875;38,65625;-113,75;-8,59375;235,28125;-131,59375;43,28125;105,25;97,84375;27,375;-49,75;-19,28125;-136,6875;180,71875;32,46875;73,1875;-34,21875;-121,125;177,8125;153,46875;8,78125;74,3125;50,84375;254,125;37,78125;151,5;245,25;69,9375;150,03125;73,03125;300,59375;246,40625;162,78125;90,65625;195,6875;369,03125;373,59375;392,15625;363;371,53125;331,84375;260,96875;87,625;238,09375;204,34375;300,28125;496,84375;428,84375;390,40625;221,9375;214,4375;75,25;-177,46875;203,875;368;604,46875;521,3125;811,34375;717,90625;669,1875;446,21875;166,15625;344,9375;152,5;148,40625;30,21875;128,15625;127;368,09375;408,15625;660,1875;718,21875;1103,09375;893,25;902,4375;889,4375;781,21875;703,09375;733,5;690,96875;337,8125;709,84375;471,03125;824,71875;945,28125;1339,25;1618,3125;1981,0625;1831,59375;1864,46875;1658,5625;1515,25;1260,09375;1051,21875;627,625;722,9375;288,4375;296,09375;169,96875;512,40625;421,34375;482,71875;612,34375;846,96875;796,96875;763,59375;983,90625;560,5;323,71875;353,84375;259,125;230,3125;241,09375;242,5;148,53125;229,53125;-40,71875;93,15625;76,25;76,03125;55,78125;32,90625;20,875;227,78125;230,40625;226,53125;529,8125;362,625;692,625;405,125;193,84375;113,78125;154,53125;105,40625;65,34375;149,3125;191,875;276,0625;170,5;303,25;461,78125;854,59375;1143,09375;1512,34375;1801,3125;2134,5625;2376,875;2489,46875;2600,28125;2672,78125;2825,875;2814,15625;2533,65625;2296,15625;1883,125;1427,25;830,0625;557,125;355,4375;338,875;-65,6875;-153,9375;-105;165,59375;-122,71875;-96,125;-160,03125;-160,875;-278,59375;-99,21875;-30,8125;-154,46875;-12;-133,4375;-60,09375;-181,3125;-128,59375;-71,59375;-25,5625;8,5;-98,40625;22,4375;19,96875;-267,46875;-4,875;-216,84375;-76,625;-108,375;-153,96875;-236,96875;-90,1875;-144,875;-77,0625;-138,25;-23,03125;-140,09375;-1,03125;10,5625;-132,5;-49,53125;-229,125;115,40625;-61,34375;-37,59375;104,59375;-35,125;-132,3125;-299,5;-237,28125;-29,875;35,5625;76,3125;98,375;-86,4375;-208,28125;-101,71875;-221,34375;-343,4375;-291,6875;119,96875;-64,3125;-29,4375;-176,78125;11,3125;51,21875;-110,71875;-21,875;-226,15625;-65,46875;-67,8125;-7,1875;-153,84375;-217,875;-63,46875;-27,5;-213,71875;-260,25;-326,25;-129,40625;-32,875;-232,59375;-157,46875;-163,59375;-155,375;-87,40625;-133,25;-391,625;-104,875;-163,53125;-261,1875;-97,59375;-129,40625;-29,125;57,21875;-245,28125;-226,03125;-177,25;-198,5;-62,3125;-187,59375;-164,375;-223,125;-135,15625;-123,96875;-72,4375;-267,5625;-179,1875;-115,40625;-226,375;-253,375;-126,6875;-165,78125;-256,59375;-71,03125;
-71,15625;2;-166,25;-139,75;-66,59375;115,1875;39,90625;-116,5625;0,59375;-86,78125;-47,96875;18,75;-156,90625;-98,78125;-105,1875;-106,875;-50,3125;-16,3125;-160,6875;-123,9375;-326,625;45,53125;-253,5625;-203,46875;-61,28125;-237,1875;137,34375;53,5;-125,375;135,34375;-187,21875;-78,21875;-9,28125;-100,78125;-225,625;3,25;-177,625;45,65625;-22,03125;-42,21875;-137,46875;-32,0625;-179,21875;-106,625;-103;-17,75;20,90625;1,0625;-8,0625;28,1875;-185,5;53;82,15625;-90,75;3,25;3,46875;-224,0625;-126,59375;-154,09375;109,25;84,09375;21,4375;67,40625;79,71875;80,4375;-163,0625;18,84375;-26,65625;-92,84375;61,5;-92,5;184,875;17,90625;55,46875;205,03125;-42,59375;-53,4375;66,96875;79,9375;76,40625;-64,625;172,96875;259,9375;280,375;146,84375;84,75;71,5625;-0,625;225,90625;340,59375;186,125;259,6875;437;482,71875;475,875;205,84375;227,71875;170,03125;243,125;229,875;469,28125;537,40625;676,34375;589,3125;704,1875;576,9375;507,65625;275,8125;199,15625;132,1875;-90,53125;75,8125;153,90625;75,4375;334,28125;254,59375;662,03125;709,8125;939,53125;897;1179,375;852,09375;812,65625;542,90625;667,96875;546,09375;303,28125;796,75;612,375;549,96875;992,75;1124,25;1479,21875;1740,5;1836,09375;1635,34375;1620,15625;1572,59375;1321;821,03125;556,1875;370,09375;192,25;255,1875;101,375;254,5625;240,15625;385,90625;234,6875;485,6875;688,15625;471,46875;589,53125;472,03125;289,53125;110,5;419,28125;370,5625;259,34375;237,46875;226,46875;65,5625;58,65625;222,96875;-106,1875;112,28125;210,34375;134,03125;151,3125;82,5625;214,90625;114,5;252,78125;455,25;331,90625;366,4375;413,46875;172,875;126,125;193,25;102,5625;-37,0625;249,625;31,78125;55,96875;92,53125;194,5;713,6875;1326,03125;1481,9375;1690,125;2082,71875;2370,4375;2479,90625;2402,53125;2520,28125;2676,59375;2791,28125;2261;2101,03125;1742,28125;1396,15625;870,1875;404,875;284,34375;56,6875;17,0625;-147,84375;-106,875;-230,84375;-208,71875;-56,53125;-64,21875;-262,6875;44,625;-239;-397,375;-95,78125;-240,4375;119,6875;-186,84375;43,65625;-86,625;-160,96875;-130,5625;-122,625;117,28125;-241,09375;-26,53125;-175,625;-29,09375;-184,40625;-192;-172,3125;-13,125;-126,9375;-218,59375;-27,21875;-353,28125;-289,90625;-269,6875;-147,5625;-19,3125;-234,625;-25,53125;27,65625;-31,53125;-17,8125;-43,40625;0,3125;4,03125;46,5;-32,78125;-123,03125;-67,1875;-169,90625;-16,125;-61,125;-165,21875;-109,84375;-68,53125;-37,96875;-49,96875;-116,28125;-142,5625;27,8125;-47,0625;-253,21875;-154,3125;75,90625;-211,5625;-65,65625;-99,375;-149,9375;-189;-139,4375;-123;-320,625;-329,375;-267,125;-40,90625;34,84375;-209,8125;-29,5;-174,5;-295,8125;-181,21875;-60;-44,25;-211,8125;-393,5625;-83,625;-163,8125;-353,8125;-241,34375;-229,09375;-88,375;-327,1875;-200,65625;-192,1875;-161,3125;-70,09375;-223,375;-225,28125;-125,21875;-22,09375;-215,6875;-92,375;-108,78125;-186,3125;-123,25;-171,5;-155,40625;-241,875;-180,9375;-84,4375;-162,21875;-5,59375;61,25;-230,21875;
-108,71875;101,09375;136,0625;125,5625;162,8125;-21,65625;124,65625;-26;68,34375;-30,53125;152,90625;-20,40625;115,125;157,71875;91,03125;-48,6875;-150,21875;161,15625;-135,71875;-107,65625;-25,4375;194,46875;-34,6875;123,59375;-79,375;104,53125;-92,1875;-34,84375;87,0625;-25,46875;0,03125;-93,28125;57,5625;21,625;-26,53125;193,03125;-210,0625;219;113,03125;94,09375;13,75;92,40625;88;184,90625;121,09375;-23,6875;-9,53125;-66,4375;-101,25;-118,96875;-17,3125;115,59375;-30,8125;278,875;-66,0625;1,375;239,28125;132,96875;104,4375;137,5625;71,3125;89,78125;288,0625;132,75;22,6875;29,84375;78,59375;165,46875;175,71875;361,4375;344,875;154,3125;29,625;299,625;123,84375;123,25;332,3125;212,9375;65,46875;59,21875;331,9375;299;368,4375;336,8125;383,0625;424,96875;340,9375;192,3125;225,875;264,6875;518,90625;459,375;427,53125;563,625;586,46875;499,09375;467,5;356,5625;389,90625;440,84375;581,96875;656,65625;686,71875;913,25;526,28125;311,125;214,875;392,75;68,9375;159;25,59375;249,71875;261,21875;310,5625;364,25;495,21875;611,09375;814,71875;985,09375;1065,3125;950,53125;1015,875;868,1875;794;710,4375;665,1875;536,125;684,40625;659,53125;741,75;1132,25;1338,3125;1568,3125;1748,28125;1776,03125;1836,1875;1534,9375;1365,9375;1136,5625;821;822,34375;503,375;170,90625;179;521,34375;341,8125;585,8125;500,5625;483,1875;708,6875;758,5625;964,8125;622,96875;393,875;219,25;363,09375;284,125;288,375;473,875;215,59375;208,59375;213,34375;63,09375;14,46875;-17,03125;-53,34375;102,28125;32,90625;-22,65625;49,3125;131,40625;435,90625;411,1875;463,5625;506,59375;190,21875;324,9375;357,1875;185,59375;128,375;314,65625;103,65625;56,375;41,46875;131,625;137,59375;643,90625;1100,84375;1277,53125;1416,90625;1901,25;2072,8125;2112,6875;2503,90625;2609,125;2552,65625;2535,0625;2464,8125;2373,5625;2119,71875;1573,9375;1298,65625;983,09375;573,53125;138,875;123,15625;-66;-86,4375;-151,5;-182,625;-209,28125;-93,46875;-291,375;-206,25;-108,84375;-179,4375;-135,3125;-93,9375;71,6875;22,0625;-46,625;39,75;168,21875;-127,8125;10,3125;-6,46875;-84;-93,03125;59,78125;164,1875;208,84375;4,875;-140,1875;-62;8,5625;-92,59375;-232,09375;-127,625;-78,53125;-62,84375;-99,625;-65,875;-63,46875;-83,8125;174,375;86,71875;59,40625;-66,15625;99,5;-44,5;-260,6875;86,125;-380,4375;57,84375;-36,78125;34,65625;-2,0625;-58,25;-37,28125;-22,8125;32,6875;-233,40625;-42,5;-40,15625;115,125;0,25;61,4375;-38,40625;-91,59375;-63,375;-102,25;-47,1875;-26,46875;61,5625;-156,875;-200,5625;-203,4375;18,8125;-124,21875;-0,625;-64,4375;-165,4375;-215,125;-131,21875;-127,4375;154,40625;-41,3125;-109,03125;-224,15625;-131,125;-141,6875;-97,5625;2,375;100,125;-124,625;-340,3125;-10,90625;-131,125;-114,0625;-154,53125;-283,875;-268,0625;-160,65625;-58,03125;-135,125;47,875;28,25;-254;-89,9375;-238,1875;-215,03125;18,0625;-92,375;-117,5625;-139,09375;-126,40625;24,0625;-195,46875;-44,375;-98,0625;
-57,59375;34,875;17,5625;-91,875;-21,59375;-182,15625;-30,65625;-184,96875;-42,3125;-81,0625;77,59375;-140;27,84375;-103,46875;-136,65625;-94,5625;-154,0625;-198,65625;-251,125;-33,5;46,6875;-15,84375;-248,8125;-189,3125;-30,40625;-111,34375;48,25;-38,15625;-86;-199,53125;-115,40625;-333,6875;-77,875;-109,875;-27,71875;-159,3125;23,21875;-131,03125;-65,6875;-174,625;-142,90625;-145,40625;-249,5625;-261,65625;-92,25;-64,5;-131,6875;122,4375;-75,84375;-30,46875;45,5625;25,71875;-183,03125;-23,53125;-54,03125;-110,28125;-21;12,59375;-42,40625;289,71875;68,78125;240,9375;-170,40625;244,40625;85,3125;176;8,46875;172,6875;-35;215,28125;38,15625;-26,78125;132,21875;55,90625;67,09375;182,625;105;-53;-53,9375;66,15625;-74,9375;76,03125;-9,65625;92,75;149,125;105,9375;16,8125;90,15625;101,875;32,15625;406,96875;328,75;120,34375;495,6875;404,78125;256,5;257,3125;59,1875;239,3125;375,03125;351,75;374,71875;514,65625;781,59375;619,25;298,90625;412,75;129,90625;341,96875;99,25;219,28125;250,25;360,46875;78,46875;308,28125;399,75;366,46875;607,5;1091,3125;914,46875;897,0625;808,875;702,21875;520,6875;511,8125;448,46875;509,84375;449,03125;416,625;762,71875;819,46875;936,4375;1327,28125;1553,3125;1748,21875;1631,09375;1605,15625;1310,40625;1101,46875;933,40625;473,78125;259,25;189,59375;339,5;118,375;137,875;222,6875;505,96875;661,65625;719,75;661,125;675,875;546,375;432,125;185,21875;289,15625;127,96875;218,75;179,0625;16,4375;164,53125;21,90625;-103,59375;50,71875;-133,375;-70,90625;-38,125;11,1875;-159,40625;153,125;169,46875;168,46875;467,34375;497,40625;419,5625;487,375;276,28125;-81,71875;83,15625;-49,96875;-60,53125;-9,09375;129,96875;111,84375;-123,71875;232,6875;585,46875;793,625;1248,5;1447,8125;1740,46875;1758,53125;2031,09375;2279,34375;2277,34375;2309,03125;2259,34375;2438,0625;2249,21875;1584,3125;1652,3125;1119,9375;871,75;302,5625;291,1875;130,9375;-195,90625;-25,84375;-172;-114,40625;-209,25;-11,59375;5,15625;-203,3125;-175,875;-295;-68,875;-43,34375;-145,03125;-324,59375;-163,5625;-105,21875;-319,4375;-235,28125;21,4375;-200,15625;-22,53125;-215,0625;-72,03125;-121,34375;73,375;-53,375;-120,375;-162,03125;-14,90625;-196,96875;-214,84375;-191,34375;-309,625;-140,96875;-257,59375;-104,96875;-199,75;-48,90625;-100,5625;-170,03125;-224;32,8125;86,03125;-160,125;35,375;1,5625;-200,1875;-148,875;-148,75;-96,3125;-297,28125;-109,6875;-268,625;-179,28125;-180,78125;44,6875;-138,96875;-31,03125;-202,84375;-176,6875;-247,46875;-209,5;-216,625;-220,03125;-284,375;39,90625;-48,15625;-167,40625;-278,65625;-234,1875;-251,84375;-257,5;-324,4375;-104,03125;-117,96875;-445,59375;-372,625;-101,21875;-282,71875;-266,40625;-51,75;-153,5;-181,15625;-22,28125;-320,65625;-331,15625;-176,0625;-264,4375;-179,65625;-221,40625;-332,0625;-325,28125;-327,90625;-343,65625;-445,5;-222,3125;-434,40625;-128,375;-211,96875;-198,4375;-192,21875;-348,21875;-170,15625;-268,09375;-247,34375;-269,03125;-244,3125;-349,59375;-305,625;-345,1875;-77,53125;-176,34375;-186,40625;-17,3125;
94,28125;136,0625;74,40625;118,96875;-142,8125;96,125;-261,40625;232,6875;131,40625;133,5625;10,1875;54,15625;-19,125;109,28125;244;103,4375;103,0625;-111,625;-161,25;119,625;35,90625;70,84375;-9,28125;184,4375;-183;88,28125;-71,625;-86,375;99,15625;92,21875;116,6875;208,875;-123,09375;126,34375;135,96875;39,84375;132,375;147,8125;197,71875;148,96875;-4,3125;310,28125;-48,90625;4,71875;5,5625;160,9375;-32,1875;61,625;139,71875;-138,53125;127,71875;112,125;296,15625;94,9375;-60,78125;49,84375;215,8125;137,46875;87,75;75,375;190,375;164,6875;413,9375;399,34375;273,21875;335,46875;129,46875;240;517,0625;143,84375;229,15625;177,125;238,0625;282,125;265,5;349,25;515,90625;167,25;383,0625;297,875;222,375;309,71875;339,4375;277,125;386,8125;308,53125;409,03125;55,5;47,09375;508,1875;320,3125;519,59375;681,75;606,46875;592,1875;383,25;264,53125;126,71875;484,09375;647,4375;598,75;822,5;838,25;689,375;952,40625;657,84375;471,65625;507,59375;463,03125;247,28125;249,1875;436,75;172,46875;518,5;390,53125;665,09375;717,125;724,5;1000,8125;939,40625;973,3125;728,90625;907,3125;705,0625;706,0625;652,5625;601,96875;656,46875;807,84375;660,65625;978,0625;1356,28125;1590,71875;1789,5625;1678,1875;1856,34375;1607,6875;1360,78125;1190;780,46875;836,5;430,84375;430,875;369,75;303,8125;155,65625;353,25;492,0625;760,125;634,375;719,28125;708,25;761,75;517,53125;774,125;579,75;389,1875;457,4375;229,75;294,75;96,6875;60,5;254,28125;226,875;129,53125;130,96875;299,34375;273,03125;338,125;127,5;316,59375;553,9375;480,1875;380,65625;635,90625;597,3125;256,6875;338,09375;138,09375;424,46875;82,875;252,125;259,6875;381,90625;304,0625;383,875;729,59375;925,96875;1153,65625;1538,875;1762,4375;2113,90625;2171,6875;2089,03125;2243,5625;2529,625;2324,28125;2354,28125;2180,8125;1918,15625;1522,53125;1088,125;974,65625;289,78125;126,53125;49,03125;129,15625;-46,6875;34,25;-33,21875;-103,03125;-158,1875;35,15625;1,40625;-127,5625;-57,8125;19,5625;44,375;30,8125;-142,15625;112,8125;58,84375;-15,125;-42,65625;-66,65625;246;26,78125;13,15625;59,21875;100,90625;38,75;47,625;148,78125;70,46875;-41,8125;-31,53125;-49,5;-31,28125;-4,625;60,9375;147,59375;118,96875;11,25;50,8125;119,65625;189,5625;13,21875;-111,375;24,21875;74,1875;-119,71875;-54,3125;-13,0625;25,125;19,96875;-129,53125;-134,46875;-40,15625;-6,15625;-219,09375;199,84375;17,59375;-23,40625;-47,28125;38,3125;37,1875;-69,09375;-264,5625;-165,0625;111,46875;111,15625;-48,5;-161,625;12,96875;-63,03125;-156,96875;-141,8125;-263;-152,09375;-23,53125;70,8125;-83,03125;81,6875;92,6875;-42,9375;-156,75;-153,6875;36,875;19,84375;-159,5;-302,5;-217,96875;-119,90625;-251,65625;-247,21875;-21,84375;75,125;-18,125;-119,71875;-71,5;-364,8125;36,96875;-135,09375;-86,625;-301,03125;-34,3125;-135,8125;-126,65625;-273,125;57,78125;41,90625;-211,9375;42,71875;-110,8125;-374,5625;-58,59375;-36,96875;-106,90625;-218,65625;-93,125;
-11,34375;50,28125;129;22,90625;85,0625;0,53125;-27,96875;-18,75;-127,625;-94,25;-62,0625;138,53125;1,28125;-12,5;-114,375;-123,5625;-113,03125;-63,5;106,15625;-147,3125;-24,21875;46,34375;57,34375;21,4375;68,25;24,71875;7,75;87,65625;91,53125;-50,125;99,375;155,90625;107,53125;80,90625;-206;160,1875;-153,8125;-0,1875;29;-45,15625;100,28125;-35,34375;-31,0625;163,5625;118,9375;54,40625;61,53125;-35,96875;-1,75;24,40625;-41,125;25,5;178,78125;-183,78125;272,03125;33,75;303,1875;-22,21875;-7,25;164,78125;28,78125;10,03125;76,4375;51,59375;229,5625;12,84375;289,625;34,53125;63,71875;226,25;150,625;222,8125;299,6875;310,78125;225,0625;218,25;265,90625;189,09375;31,34375;449,34375;138;334,5;249,875;140,15625;110,65625;398,21875;243,5;130,3125;122,40625;465,71875;566,125;362,875;580,40625;332,75;598,0625;265,4375;343,15625;227,875;335,375;497,15625;592,125;853,34375;558,5;761,96875;668,5625;506,5625;571,875;415,84375;380,40625;264,90625;344,59375;111,53125;317,78125;260,3125;253,375;380,875;469,3125;558,625;872;842,25;982,3125;828,15625;785,53125;763,78125;542,84375;560,15625;606,71875;377,15625;544,625;835,25;960,375;936,4375;1288,65625;1628,09375;1728,21875;1610,875;1332,34375;1243,5;1026,34375;638,34375;567,46875;183,03125;334,46875;250,5625;328,375;340,46875;522,5625;448,15625;746,25;775,84375;636,75;673,625;643,5625;525,15625;350,78125;474,65625;247,125;172,375;407,9375;66,8125;306,875;163,28125;-29,59375;107,65625;119,25;-61,375;8,75;93,03125;195,15625;163,6875;-52,46875;258,65625;497,5625;496,875;216,8125;463,21875;389,5625;411,34375;181,65625;199,46875;191,5;124,65625;54,0625;105,96875;262,53125;271,71875;388,25;748,21875;1027,15625;1335,34375;1842,96875;2026,46875;1864,25;2040,84375;1974,75;2150,46875;2029,90625;2039,25;2178,0625;1909,4375;1344,96875;1213;612,875;397;195,21875;-26,5625;38,15625;158,4375;-78,375;-63,40625;-208,1875;29,65625;-181,1875;-195,6875;-88,15625;-110,59375;-231,65625;-22,15625;40,96875;-90,5;-91,375;-230,34375;121,5;-68,75;-26,96875;-150,34375;-127,4375;-3,78125;-183,71875;-14,3125;-125,125;101,625;-63,5625;-58,0625;35,5;-326,40625;-27,375;86,4375;-108,78125;-26,96875;-24,03125;-0,125;-136,09375;-99,9375;-266,03125;-47,25;-62,3125;52,71875;-154,40625;10,25;59,59375;-149,9375;-118,6875;-62,1875;-242,9375;-86,90625;-260,15625;-296,875;-202,5;-124,5625;-96,6875;-12,3125;-168,9375;-78,0625;-158,75;-128,59375;-85,40625;-355,375;-23,25;-238,375;-88,15625;-183,4375;-49,40625;-87,5625;-128,65625;-363,15625;-51,625;47,125;-173,40625;-27,15625;-189,15625;-25,71875;-188,625;-365,28125;-390,5625;-194,53125;-283,03125;-239,96875;-182,21875;-239,84375;-201,15625;-247,0625;-174,6875;-71;-128,625;-276,59375;-188,21875;-282,90625;-231,09375;-259;-362,40625;-209,5625;-287,1875;-316,875;-187,09375;-169,1875;-364,1875;-287,71875;-130,25;-134,96875;-373,96875;-232,5;-284,5;-115,3125;-338,5625;-171,65625;-256,1875;-183,25;-60,6875;-80,96875;
49,53125;-5,4375;9,65625;38,3125;-66,28125;-100,125;84;146,03125;82,75;112,5625;405,4375;-4,875;-72,59375;100,34375;57,65625;15;206,40625;109,40625;110,625;19,25;65,09375;98;-34,59375;-22,3125;83,125;-15,0625;13,28125;105,375;108,0625;90,25;62,15625;205,75;-94,25;147,875;18;112,28125;107,53125;34,375;33,25;29,90625;190,75;39;-70,3125;123,125;-13,15625;89,40625;-52,25;296,59375;187,6875;137,9375;159,8125;309,75;-30,90625;104,125;99,9375;204,625;9,875;256,15625;10,59375;-24,6875;13,09375;74,46875;77,28125;193,84375;176,25;17,65625;52,75;239,28125;215,40625;217,21875;426,375;191,09375;456,28125;401,0625;273,625;422,71875;145,34375;382,75;183,125;247,96875;177,34375;308,90625;383,0625;195,40625;372,90625;198,71875;328,40625;188,53125;253,78125;513,8125;476,625;595,03125;541,40625;342,46875;524,625;458,90625;328;363,375;510;573,46875;566,09375;874,53125;661,1875;658,1875;664,46875;483,4375;628,5;368,6875;199,21875;148,5625;427,34375;160,96875;339,625;407,46875;399,03125;356,9375;757,90625;848,46875;841,8125;754,78125;835,03125;791,25;845,25;533,1875;637,71875;779,84375;616,625;514,0625;621,84375;715,28125;904,1875;1223,875;1281,875;1237,21875;1465,34375;1686,34375;1325,65625;1245,6875;1047,03125;830,40625;522,84375;585,0625;237;233,09375;244,09375;252,6875;465,375;641,59375;642,46875;657,84375;646,0625;633,25;496,34375;361,5;427,65625;479,15625;381,65625;119,59375;301,3125;142,03125;224,46875;62,375;-30,03125;-15,90625;18,96875;98,40625;34,875;166,9375;185,3125;189,09375;195,96875;461,625;446,875;467,8125;369,46875;624,09375;400,5625;202,375;237,625;54,59375;86,5625;-53,25;-16,28125;111,5625;275;276,375;703,40625;990,4375;1296,21875;1433,90625;1794,375;1721,3125;1839,1875;2035,09375;2074,40625;1968,28125;2007,5;2219,0625;1934,96875;1660,09375;1312,75;1029,90625;744,8125;517,84375;118,78125;13,6875;-43,75;-278,4375;-73,625;-42,25;-161,34375;-164,5;-61,84375;-152,3125;38,4375;-31,25;-218,34375;118,125;-114,3125;-15,46875;33,8125;-104,75;-71,4375;62,46875;256,09375;-110,8125;-280,84375;-189,875;-95,90625;151,78125;65,125;103,21875;-28,90625;-102,5;-150,1875;38,1875;-115,34375;-66,34375;-116,90625;15,59375;85,5;14,59375;-30,03125;96,125;248,46875;79,6875;37,59375;117,28125;-273,71875;83,96875;82,90625;-140,5;-101,5;-50,625;-143,625;-201,15625;122,25;-222,59375;-186,21875;-170,1875;-38,5;-172;-161,28125;-6,78125;-126,5625;-298,6875;43;-276,3125;-115,1875;-116,875;-101,0625;-13,34375;-244,53125;-237,5;67;-316;-182,5625;-211,78125;117,125;-26,84375;-32,0625;-250,75;-175,75;-28,09375;-344,96875;-209,46875;-166,375;-225,125;-161,46875;-147,625;-216,90625;-157,5625;-201,28125;-167,9375;-39,28125;-292,46875;-55,8125;-187,9375;-144,3125;-204,84375;-118,78125;-237,65625;-380,6875;-184,375;-147,78125;-416,875;-158,09375;-154,40625;-80,90625;-187,34375;-255,625;-59,78125;-86,25;30,25;-222,03125;-216,125;-37,25;-119,0625;-93,0625;-228,0625;
45,21875;48,625;74,03125;186,5;-211,71875;-95,4375;94,625;87,34375;71,75;-33,71875;-13,75;188,875;58,28125;184,75;171,96875;133,90625;-101,3125;-152,0625;-23,96875;-28,28125;92,4375;-25,90625;-53,96875;62,3125;-126,96875;-35,5625;322,0625;-154,40625;-126,4375;-12,25;283,96875;-170,25;-192,4375;-156,84375;47,71875;107,625;90,21875;65,8125;109,78125;-10,0625;153,5;-92,90625;-53,71875;-39,03125;29,46875;158,59375;-55,59375;11,75;117,46875;-93,5625;164,90625;-131,65625;206,34375;143,84375;162,5;248,40625;244,84375;16,1875;117,78125;266,03125;-117,21875;-34,78125;106,3125;-4,59375;34,84375;104,25;128,53125;26,78125;192,40625;62,53125;325,125;146,625;270,6875;191,8125;301,8125;17,84375;281,1875;51,5;221,5;141,84375;137;181,6875;312,1875;314,8125;160,71875;444,4375;236,9375;175,5625;432,8125;442,84375;453,1875;510,125;335,34375;461,125;257;293,15625;344;379,90625;343,84375;357,96875;510,15625;780,375;715,78125;951,1875;899,46875;660,5;510,03125;293,5625;130,375;27,40625;279,96875;370,71875;425,1875;311,9375;288,15625;398,625;541,3125;783,34375;680,15625;895,75;766,59375;1010,59375;645,40625;705,4375;673,46875;491,375;463,4375;447,46875;614,375;797,40625;1002,1875;1235;1379,875;1404,8125;1601;1284,875;1138,09375;1198,6875;947,78125;685,4375;502,125;401,46875;432,15625;146;127,46875;302,5625;229,875;311,875;650,6875;524,21875;600,3125;419,78125;614,1875;383,34375;311,8125;277,8125;205,875;191,8125;175,0625;41,96875;303,5;-33,03125;-55,75;-24,28125;41,53125;28,1875;199;238,625;41,3125;317,78125;258,78125;515,46875;270,125;356,03125;436,375;635,59375;316,40625;231,53125;226,96875;-28,71875;-27,40625;213,6875;29,65625;159,125;3,96875;416,53125;611,875;830,46875;1021,625;1346,78125;1448,0625;1797,40625;1839,15625;1795,875;2041,59375;1912,65625;1755,15625;1792,96875;1912,375;1574,09375;1352,96875;1187,5;676,34375;336,9375;-17,53125;25,96875;51,0625;-191,0625;-156,71875;-155,78125;36,75;-49,53125;-224,59375;18,15625;-13,8125;-179,84375;-142,40625;-37,875;-164,59375;-99,46875;-98,09375;-18,84375;-69,96875;13,40625;49,46875;-221,1875;20;-38,375;58,46875;-92,90625;-75,9375;-69,125;-121,96875;-193,40625;-323,90625;-98,09375;37,875;8,5625;-135,90625;-223,0625;73,25;6,4375;-87,4375;65,28125;96,5;-234,6875;-40,65625;97,65625;-107,59375;-206,15625;-172,78125;-76,6875;-44,6875;-229,96875;-210,375;-183,5625;-107,75;-56,96875;-92,1875;-64,34375;-227,625;-101,28125;3,09375;-187;27,875;-48,59375;-189,09375;-146,53125;-396,96875;-199,9375;-165,5;-153,15625;-97,28125;-179,25;-151,46875;-92,71875;-128,21875;-329,90625;-117,78125;-275,53125;-129,875;-157,8125;-53,96875;-310,40625;-160,59375;-337,5625;-284,3125;-196,4375;-209,90625;-231,875;-39,9375;-177,375;-346,15625;-216,15625;-315,40625;-183,03125;-395,1875;-226,84375;-190,1875;-453,03125;-242,9375;-115,875;-157,3125;-325,375;-256,25;-32,46875;-262,6875;-81,3125;-311,84375;-119,59375;-170,3125;-257,09375;49,5625;-157,625;-167,0625;61,40625;-65,0625;-246,5625;-110,5625;-208,4375;
144,46875;65,25;49,25;213,40625;7,8125;-36,4375;100,8125;89,9375;93,375;19,6875;138,03125;22,53125;85,59375;74,875;93,3125;118,28125;41,59375;43,6875;60,3125;-83,96875;-23,5;35,59375;173,5625;156,65625;77,21875;138,53125;106,65625;112,75;-35,53125;147,8125;12,875;167,09375;109,1875;65,15625;12,84375;227,59375;8,59375;144,71875;111,78125;-88,25;63,5625;-106,15625;-1,84375;-22,78125;-20,53125;-43,1875;43,25;103,5;52;84,21875;418,875;145,4375;-0,125;136,65625;258,25;66,3125;-522,1875;150,9375;1,78125;56,5625;58,53125;79,3125;81,5625;205,25;12,875;157,65625;-2,0625;95,21875;302,3125;146,8125;219,65625;241,40625;84,84375;335,125;-135,25;183;187,125;176,03125;309,21875;90,28125;331,46875;143,0625;278,1875;364,78125;138,03125;327,875;237,1875;143,1875;298,6875;353,65625;409,65625;676,90625;772,40625;407,53125;482,09375;504,65625;218,84375;342,15625;348,375;465,4375;710,375;586,28125;769,375;568,65625;575,3125;532,03125;387,46875;393,65625;261,6875;385,25;298,40625;176,375;472,28125;470,03125;393,96875;513,90625;489,25;769,34375;669,875;865,84375;908,53125;1035,78125;749,625;857,125;604,5;621,125;687,09375;537,03125;484,5625;912,21875;1034,25;1158,03125;1253,21875;1423,03125;1284,25;1472,21875;1299,8125;1076,375;827,75;680,46875;514,34375;447,21875;113,6875;200,5625;393,6875;452,34375;435,5;425,0625;590,15625;812,84375;584,65625;688,78125;567,15625;350,25;251,9375;210,78125;189,59375;175,84375;157,46875;108,09375;82,5625;124,375;281,25;229,625;256,59375;394,65625;-114,78125;144,21875;77,4375;127,25;282,4375;208,25;254,8125;365;340,03125;324,59375;240,8125;280,09375;380,09375;297,84375;130,0625;133,71875;38,53125;93,28125;230,59375;404,8125;583,28125;1058,875;1200,5;1352,4375;1639,9375;1513,8125;1742,71875;1985,375;1841,5625;1855,1875;2062,21875;2103,59375;1801,28125;1484,90625;1266,1875;884,59375;757,1875;225,25;200,4375;131,8125;128,65625;73,90625;-129,0625;18,28125;57,25;44,0625;-63,46875;-2,96875;42,65625;-44,09375;-100,0625;-29,8125;-74,75;-111,75;163,96875;180,4375;-3,03125;-56,9375;-181,875;7,15625;-52,25;37,5;-10,09375;-2,5;90,59375;-38;27,8125;-87,21875;-146,21875;-47,5625;1,75;-172,25;-145,5625;-13,625;-237,625;20,4375;274,4375;-6,59375;31,5;111,03125;-47,53125;142;235,1875;-141,375;-85,9375;-18,875;92,25;-194,40625;-176,78125;-127,59375;-171,125;-1,09375;-2,375;9,1875;-70,5625;-319,3125;-122,65625;-1,21875;-120,5625;56,34375;-139,46875;-105,4375;-184,03125;-149,34375;39,4375;-175,46875;-31,9375;-189,71875;9,59375;-97,28125;47,59375;-129,375;-143,28125;-70,1875;-105,3125;-208,96875;-82,15625;-298,96875;-100,21875;-201,59375;-166,40625;-251,71875;-381,65625;-216,625;-169,71875;39,15625;-157,875;-247,34375;-221,4375;-256,90625;-117,96875;-168,59375;-312,9375;-81,8125;-261,625;-214,90625;-322,65625;-23,125;-117,34375;-26,84375;-181,46875;-135,71875;-108,1875;-126,21875;-203,53125;-70,875;-73,375;11,09375;-142,21875;-81,5625;-124,53125;-79,3125;-125,65625;-98,21875;
256,09375;-29,8125;-17,71875;249,375;71,59375;96,25;86,4375;32,53125;26,375;98,84375;5,25;116,53125;357,4375;-54,4375;74,34375;-65;43,34375;-18,09375;105,0625;252,25;218,71875;-57,28125;-50,4375;-41,1875;154,875;153,15625;8,75;219,28125;-9,28125;-90,71875;71,09375;207,75;72,375;203,15625;49,0625;175,125;205,59375;227,46875;95,40625;261,75;89,28125;-114,4375;82,4375;99,4375;304,3125;248,53125;150,4375;102,53125;45,53125;221,59375;81,5;184,625;241,5625;206,65625;78;93,9375;127,65625;266,90625;76,21875;368,96875;267,15625;129,25;201,59375;266,5;162,28125;212;319,0625;172,25;259,3125;133,28125;83,6875;335,25;229,1875;52,96875;147,3125;363,40625;385,28125;209,46875;248;234,875;422,75;341,59375;176,65625;190,53125;270,9375;152,90625;317,625;376,59375;412,71875;383,28125;414,34375;427,5;376,09375;561,78125;576,375;357,90625;409;391,03125;402,28125;377,3125;728,75;672,78125;947,21875;755,25;675,28125;432,03125;360,03125;424,25;332,59375;181,71875;240,21875;309,75;369,6875;420,15625;156,53125;524,21875;606,71875;698,78125;660,75;911,84375;1035,40625;661,03125;910,21875;713,15625;689,3125;688,03125;496,84375;576,4375;970,4375;782,6875;786,96875;1042,46875;1176,5;1280,5625;1650,28125;1361,78125;1014,5625;1234,15625;810,40625;826,78125;472,875;303,375;239,75;379,5625;312,3125;194,75;439,53125;648,3125;798,5625;565,15625;555,78125;718,90625;442,375;460,03125;461,28125;269,125;425,21875;304,25;348,25;276,40625;29,71875;73,0625;-31,21875;178,875;-74,90625;197,84375;132,125;173,15625;153,1875;152,3125;617,4375;367,46875;525,09375;518,875;595,96875;361,75;428,5;531;195,3125;286,90625;92,46875;128;180,28125;75,96875;164,53125;284,75;575,0625;970,625;1149,71875;1425,875;1700,8125;1586;1587,9375;1764,78125;2029,5625;1886,21875;1965,75;1882,9375;1626,15625;1463,03125;1180,53125;730,3125;512,25;233,71875;72,75;54,96875;-1,09375;62,96875;-125,65625;-19,59375;71,15625;-91,5625;-38;-120,125;-184,03125;-121,71875;-97,375;-72,59375;-161,3125;-22,6875;91,03125;36,8125;-3,4375;-109,8125;52,46875;-213,84375;-165,15625;-101,75;4,21875;-32,25;-133,625;83,21875;-56,09375;-249,71875;-182,46875;-16,28125;-129,34375;25,53125;-183,71875;-196,65625;-133,78125;70,15625;-184,71875;110,15625;70,875;-102,3125;116,125;-310,90625;-212,03125;-113;8,5625;-107,40625;-116,71875;-284,34375;-204,6875;-156,71875;-74,59375;-157,15625;9,78125;-260,09375;-70,03125;-106,75;-287,65625;21,375;-247,1875;-223,5625;-190,84375;-178,4375;-10,71875;-87,3125;6,3125;-1,78125;-177,0625;-241,03125;-201,15625;-129,9375;-7,40625;-264,4375;-5,28125;-78,09375;-55,21875;-73,40625;-222,125;-157;-221,09375;-250,8125;-339,96875;-244,84375;-194,53125;-115,6875;-235,09375;-255,65625;-248,75;-180,46875;-152,71875;-115,5625;-169,90625;-56,21875;-259,8125;-200,875;-202,375;-63,625;-205,25;-230,5625;-300,40625;-87,09375;91,5;-262,59375;-17,46875;110,15625;-77,96875;-270,53125;-126,28125;-180,875;-171,125;-49,625;-62,40625;75,9375;-54,6875;4,84375;
31,5;61,9375;148,75;216,46875;103,21875;59,09375;115,78125;25,21875;59,28125;80,53125;-113,21875;-346,78125;199,4375;50,90625;76,875;119,15625;-78,5625;-52,0625;71,03125;-127,625;-0,3125;-21,625;110,40625;-21,0625;275;-64,09375;15,1875;196,625;10,84375;-108,375;84,03125;176,875;65,15625;59,65625;145,59375;130,40625;-1,15625;69;-7,59375;-30,25;89,53125;-4,25;119,9375;58,75;320,0625;99,15625;-238,9375;-20,84375;252,34375;-36,53125;-155,96875;-74,6875;88,25;-106,6875;-200,53125;-143,75;187,8125;159,28125;163,71875;88,90625;83,625;95,1875;-139,21875;334,5625;165,8125;80,21875;19;26,65625;166,71875;95;276,625;89,15625;31,34375;117,34375;263,8125;250,8125;149,21875;244,34375;86,84375;464,75;188,0625;246,3125;240,4375;364,8125;254,59375;384,15625;69,4375;440,6875;331,125;430,6875;439,75;447,03125;474,90625;228,03125;291,9375;328,1875;299,1875;285,65625;308,9375;369,9375;612,6875;757,4375;688,3125;584,46875;729,375;391,28125;216,21875;356,78125;528,21875;267,84375;60,4375;268,625;205,5625;178,0625;298,6875;435,25;680,28125;534,71875;654,0625;879,40625;619,46875;544,3125;644,34375;516,21875;472,78125;500,15625;497;543,375;726,09375;710,1875;753,9375;1191,53125;1296,90625;1418,875;1240,3125;1248,9375;1073,71875;1036,8125;755,1875;535,0625;464;374,875;281,78125;183,03125;429,96875;301,84375;614,90625;592,5;484,28125;630;546,53125;532,40625;523,875;534,90625;360,125;151,71875;-141,78125;184,21875;112,46875;27;83,40625;115,65625;129,25;101,375;225,3125;23,5625;26,34375;58,8125;174,84375;128,9375;-6,6875;187,0625;217,03125;233,90625;550;180,125;460,375;361,5625;205,59375;62,625;184,03125;176,96875;120,0625;-141,125;80,09375;463,5625;529,96875;652,1875;978,78125;1262,375;1414,71875;1522,375;1541,625;1793,09375;1348,09375;1751,71875;1386,78125;1507,90625;1376,625;1604,25;1021,75;825,9375;614,125;108,5625;64,09375;90,21875;80,53125;-84,875;14,84375;-72,6875;3,125;-161,125;-334,53125;-58,40625;-127,46875;8,875;-110,03125;63,0625;65,9375;-40,59375;-81,375;-196,09375;27,03125;-122,6875;-199,65625;-16,3125;-151,40625;-52,4375;-298,875;-55,46875;130,34375;-133,28125;-153,84375;5,1875;-108,1875;-145,21875;-99,1875;-211,4375;-234,9375;-29,09375;-229,46875;-188,96875;-63;-125,75;2,6875;-126,40625;-200,6875;-7,3125;63,1875;-272,375;-166,5625;-123,21875;54,625;-132,09375;-183,96875;-211,5625;-163,125;-62,5625;39,46875;-240,21875;-14,1875;-26,65625;-370,40625;-297,40625;-153,75;-52,25;-3;6,21875;-260,3125;-348,90625;-213,1875;-109,875;-148,21875;-90,75;-138,8125;-41,875;-367,09375;-219,75;-125,96875;-204,9375;-194,40625;-294,625;-329,34375;-215,53125;-204,96875;-120,40625;-272,8125;-230,625;-124,34375;-233,09375;-284,71875;-321,375;-330,21875;-375,4375;-208,6875;-292,5;-141,1875;-74,125;-210,40625;-280,21875;-227,90625;-343,59375;-193,71875;-162,53125;-218,8125;-34,28125;-90,25;-88,5625;-260,15625;-229,875;-309,46875;-287,96875;-104,15625;-48,34375;-274,4375;-383,9375;-225,25;34,6875;-2,0625;30,9375;
45,875;93,34375;66,78125;-42,5;-57,5625;-23,25;61,84375;155;176,40625;12;-78,40625;291,78125;-85,40625;213,1875;131,09375;-150,59375;54,21875;81,15625;112,15625;-24,5625;118,84375;211,8125;-74;3,21875;41,25;135,4375;153,375;87,46875;23,90625;8,40625;199,6875;192,875;93,4375;81,40625;-33,1875;-162,09375;85,8125;141,4375;106,15625;147,21875;-58,8125;-139,40625;-103,40625;37,75;131,5;22,25;175,96875;146,875;229,1875;223,84375;190,40625;231;63,875;73,75;57,40625;171,59375;123,4375;279,03125;147,9375;125,46875;-54,8125;104,71875;26,25;39,28125;50,96875;296,5625;268,28125;8,90625;271,84375;132,8125;-16,90625;224,9375;144,875;86,9375;296,1875;335,5;149,84375;445,09375;170,8125;118,40625;369,5625;305,6875;239;138,375;214,34375;181,59375;171,59375;95,75;216,96875;237,5;575,6875;406,75;448,5;629,78125;281,3125;304,15625;359,5;329,9375;269,96875;386,90625;414,84375;378;620,34375;578,09375;525,125;336,875;224,90625;391,125;167,625;177,21875;274,875;289,78125;-28,34375;205,71875;401,71875;538,0625;576,1875;621,5625;769,3125;745,625;791,84375;755,5625;712,5625;744,8125;633,125;555,90625;422,03125;578,53125;683,6875;560,3125;877,71875;859,84375;1173,1875;1195,84375;1242,5;1102,6875;1178,03125;851,15625;766,84375;425,3125;397,78125;325,96875;251,59375;430,875;188,65625;322,4375;398,84375;400,75;426,1875;493,09375;470,125;412,25;282,875;334,03125;375,96875;277,375;137,71875;148,21875;12,4375;240,34375;-38,4375;43,28125;-4,21875;170,0625;10,03125;130,25;-13,3125;117,1875;176,625;45,125;267,78125;516,53125;255,3125;184,59375;343,28125;358,75;239,3125;129,0625;383,40625;145,75;105,0625;-132,78125;66,8125;27,53125;119,28125;295,65625;500,28125;698,6875;795,3125;1109,96875;1355,03125;1462,78125;1480,53125;1387,09375;1629,125;1569,0625;1494,84375;1399,6875;1424,4375;1141,84375;1081,125;865,25;545,03125;288;1,34375;59,125;-116,25;-39,875;110,21875;-73,65625;-144,1875;-56,09375;-19,9375;-80,90625;-114,125;-56,875;-115,78125;41,1875;165,5;16,34375;-105,75;-241,21875;-71,375;-23,96875;-208,21875;-63,625;-125,375;-350,71875;-21,90625;24,65625;81,3125;-128,125;91,5;-217,9375;-65,0625;-110,34375;-160,15625;-252,03125;-234,03125;-183,84375;-342,3125;-254,71875;-33,6875;-37,5;-165,6875;-298,28125;30,78125;-58,65625;-41,96875;-183,15625;70,1875;-101,75;-230,90625;-46,15625;-65,4375;-193,90625;148,75;-41,25;-309,71875;-311,96875;-249,25;-152,8125;-173,4375;-169,0625;-5,78125;35,28125;78,125;-146,90625;-110,1875;153,96875;-195,84375;-30,625;-61,84375;-238,78125;-253,4375;42,96875;-96,78125;68,1875;-181,84375;-236,5;-372,9375;-249,1875;-336,40625;-138,75;-364,8125;-372,375;-354,875;-184,28125;-37,53125;-157,59375;-369,6875;19,875;0,65625;-120,625;-257,28125;-199,78125;-159,5;-341,84375;-354,28125;-323,78125;-262,4375;-246,90625;-262,28125;-276,25;-17,3125;-61,75;-68,5625;-275,53125;-396,75;-353,5625;-196,1875;94,9375;-178,6875;-301,21875;-69,25;88,5625;-370,15625;-94,53125;-402,96875;-199,25;
128,75;233,625;94,59375;178,28125;98,53125;275,1875;81;206,65625;11,53125;85,28125;239,15625;110,53125;317,59375;135,6875;99,75;138,6875;-93,9375;178,625;52,25;92,21875;257,25;-100,40625;34,75;166,3125;46,875;-125,75;59,0625;28,15625;181,34375;189,25;55,1875;207,09375;-12,09375;79,46875;32,96875;-68,0625;45,96875;239,25;169,84375;-20,71875;149,09375;126,53125;-51,1875;83,8125;95,1875;145,6875;184,03125;229,6875;230,03125;72,84375;163,6875;315;-32,375;123;72,78125;-126,09375;-23,15625;45,71875;168,75;155,53125;138,40625;249,25;159,1875;85,03125;324,75;147,0625;23,4375;286,46875;99,34375;170,15625;24,65625;324,09375;316,125;-6,09375;394,21875;144,5625;285,875;262,125;257,4375;273,03125;352,21875;395,6875;374,34375;408,5;223,46875;303,1875;328,875;305,40625;296,59375;374;546,90625;305,125;708,21875;459,21875;164,96875;298,65625;260,3125;577,09375;503,625;401,96875;668,6875;533,90625;665,125;642,21875;648,71875;386,03125;409,21875;567,6875;342,53125;341,71875;242,65625;225,1875;338,5625;315,875;490,25;642;658,875;668,34375;833,125;750,9375;889,40625;751,6875;929,53125;721,28125;555,90625;557,09375;459,5;539,25;791,59375;945,71875;812,0625;972,15625;1172,8125;1273,25;1077,25;1110,125;1117,53125;1000,34375;747,03125;562,71875;511,59375;383,53125;280,5;540,96875;137,71875;365,96875;255,3125;573,125;514,5625;762,71875;532,40625;647,71875;410,28125;368,09375;216,46875;143,78125;446,8125;154,84375;361,25;195,5625;141,96875;256,59375;86,375;-51,96875;217,0625;38,28125;181,65625;125,3125;-0,75;196,9375;197,71875;248,1875;399,375;282,78125;286,28125;513,75;741,75;258,21875;411,34375;219,875;98,0625;272,0625;242,6875;-76,15625;365,03125;255,1875;463,375;735;1135,15625;1200,84375;1461,5625;1684,1875;1412,21875;1573,15625;1503,5625;1480,84375;1680,03125;1594,8125;1278,1875;1271,375;1354,28125;736,625;688,5;257,125;126,4375;209,65625;-98;-131,5625;-22,5625;216,875;-86,65625;109,625;41,46875;-9,8125;-235,53125;154;-17;122,0625;79,21875;120,09375;-279,875;40,625;17,125;-79,71875;-76,46875;-162,59375;-45,59375;-140,65625;-168,9375;-34,25;-58,34375;-44;-137,34375;-19,53125;-42,03125;-29,96875;-44;23,78125;-42,65625;-138,4375;-135,8125;-163,6875;142,1875;-137,46875;75,34375;23;-96,40625;0,6875;181,125;-158,4375;28,1875;-245,9375;-35,90625;-169,1875;129,96875;126,96875;-212,4375;-56,3125;-195,09375;-154,0625;-74,96875;-175,15625;-53,28125;-271,375;-312,5;-172,03125;-214,375;101,71875;-159,78125;80,40625;-72,09375;-94,21875;-252,28125;-199,40625;-44,78125;-102,03125;-224,6875;-20;-223,46875;-85,375;-75,75;-92,625;-88,21875;-89,78125;-180,5;-175,09375;-162,8125;-145;-243,25;-201,09375;-161,375;-48,3125;19,21875;-305,5;-253,25;90,34375;-177,15625;-101,03125;-280,21875;-18,9375;-193,71875;-39,25;-114,75;-250,53125;-162,84375;-160,65625;-61,53125;-259,40625;-118,46875;-126,75;-37,28125;-78,53125;-168,09375;-163,40625;-30,03125;62,96875;60,0625;-180,0625;-74,84375;-98,1875;
411,71875;30,78125;43,71875;-14,375;123;86,65625;-4,40625;-130,25;139,65625;107,3125;318,375;-99,9375;41,90625;250,375;152,375;-93,125;-117,5;-87,625;-43,65625;338,8125;73,96875;-0,1875;107,28125;138,6875;-5,34375;129,40625;-69,25;51,53125;-49,4375;84,59375;132,5;122,15625;123,84375;185,5625;76,65625;265,4375;85,6875;23,8125;166,28125;69,78125;91,40625;70,375;1,84375;122,03125;292,96875;145,8125;302,28125;68,375;154,5625;-37,75;152,90625;-2,5;212,125;30,46875;177,71875;225,4375;275,84375;91,96875;335,28125;190,625;188,375;169,0625;144,1875;256,625;183,59375;138,625;339,46875;477,46875;236;245,5625;189,9375;333,78125;310,59375;499,90625;219,53125;396,875;272,375;329,25;156,96875;130,5;248,03125;359,59375;253,78125;424,46875;359,96875;364,0625;316,9375;253,625;441,90625;368,59375;390,375;675,6875;507,9375;515,0625;437;566,03125;345,65625;371,21875;348;542,28125;618,03125;738,28125;710,65625;672,375;751,8125;671,8125;524,5625;379,65625;369,875;398,1875;251,78125;504,71875;175,59375;174,53125;330,03125;583,625;710,46875;616,75;671,1875;787,46875;803,125;857,09375;745,59375;529,28125;783,0625;574,21875;614,0625;568,0625;487,75;535,65625;746,25;938,28125;1198,875;1140,375;1120,53125;1275,3125;1146,90625;684,84375;634,15625;790,71875;505,625;386,75;471,5;451,9375;388,4375;159,21875;357,09375;611,625;625,40625;525,3125;361,96875;477,65625;424,84375;285,625;441;263,5;213,5625;407,4375;443,40625;224,59375;359,03125;5,125;301,90625;277,78125;135,5625;78;167,21875;152,40625;58,78125;11,34375;21,46875;572,3125;605,15625;333,40625;734,8125;342,5;320,4375;239,65625;170,90625;123,3125;81,40625;101,59375;189,34375;106,875;218,0625;236,6875;663,375;911,90625;1094,59375;1162,4375;1412,25;1487,0625;1346,6875;1463,375;1753,75;1589,125;1331,3125;1377,3125;1386,625;1027,28125;900,375;695,28125;670,875;255,375;-133,09375;119;4,15625;-4,5625;-26,5;72,40625;-58,15625;15,3125;-150,6875;-25,96875;133,96875;-174,53125;120,34375;-126,9375;-133,875;68,53125;-208,125;-193,6875;-147,375;-75,875;-293,625;-24,96875;-116,46875;-45,53125;-40,59375;6,96875;16,4375;-147,625;-149,28125;-44,4375;-8,875;24,59375;-131,34375;-6,90625;-282,65625;-63,15625;75,53125;-185,8125;-40,46875;196,0625;-252,125;-37,53125;6,46875;122,34375;-128,84375;39,96875;-111,9375;-38,5;15,75;23,0625;29,09375;159,40625;-95,9375;-83,5;72,96875;-97,09375;-162,65625;-61,84375;-45,6875;-123,53125;-219,5625;-258,21875;-173,125;-3,75;-19,125;-120,90625;-160,5;-313,40625;-316,90625;49,375;-207,375;-273,5625;-14,5625;-126,21875;-48,40625;-156,15625;-215,0625;-104,6875;-21,96875;-212,03125;-284,09375;-27,40625;-324,78125;-108,84375;-192,75;-92;-113,5;-151,875;-139,15625;-112,0625;-314,3125;-263,5625;-435,625;-304,59375;-198,1875;-145,21875;-210,78125;-293,25;-269,5;38;-135,78125;-110,40625;-298,8125;-341,09375;-127,40625;-132,8125;-156,96875;-316,28125;-305,1875;-121,8125;31,65625;-164,59375;94,625;-194,96875;-62,0625;-187,5;
167,0625;44,03125;62,4375;-155,8125;-228,59375;-23,75;162,3125;23,375;-98,71875;49,5625;63,25;-33,46875;106,90625;84,375;-31,21875;-86,375;-42,59375;128,96875;-154,65625;55,9375;-27,8125;-4,0625;-133,6875;-164,71875;-18,71875;-3,03125;0,28125;-198,28125;-146,65625;96,90625;-16,53125;90,09375;56,625;-124,09375;-22,78125;56,65625;-164,09375;43,5625;-57,78125;-45;-95,0625;18,96875;52,28125;41,5625;-3,8125;106,5;-129,1875;64,375;-85,9375;-49,71875;-85,96875;-6,5625;117,34375;-69,21875;20,125;-216,65625;-39,21875;10,78125;-26,5;98,21875;16,4375;-24,6875;2,0625;135,59375;92,875;-5,4375;17,75;91,65625;80,84375;63,125;221,25;283,875;294,6875;209,59375;165,21875;202,21875;97,25;-17,28125;269,65625;286,25;181,5625;342,15625;287,71875;124,4375;217,1875;189,53125;257,375;122,09375;69,53125;285,4375;387,3125;452,8125;614,125;342,78125;358,90625;152,34375;261,59375;454,15625;436,53125;412,125;481,5;537,71875;594,625;624,25;489,75;315,09375;216,6875;196,96875;167,46875;339,03125;162,53125;108,625;365,9375;178,59375;316,09375;367,15625;331,3125;570,28125;653,0625;666,3125;714,28125;657,1875;495,65625;299;580,65625;421,96875;399,78125;366,5625;487,1875;610,84375;915,28125;918,0625;905,71875;840,03125;935,5625;931,375;861,59375;552,5625;548,15625;391,15625;210,5625;238,15625;321,71875;167,40625;75,5625;391,40625;220,875;342,21875;692,21875;445,125;600,625;397,0625;347,3125;311,28125;120,96875;155,875;307,375;212,65625;-29,3125;39,1875;27,71875;-50,875;-5,25;-108,84375;165,78125;-3,5;87,0625;59,1875;44,0625;64,03125;3,625;397,9375;272,0625;289,5;386,09375;206,84375;323,78125;-76,21875;123,3125;23,78125;130,65625;-150,96875;-81,15625;-54,34375;150,59375;389,34375;573,21875;858,09375;1014,75;1238,53125;1122,0625;1377,21875;1370,8125;1366,59375;1300,21875;1471,09375;1451,5;1205,75;1283,6875;1197,6875;890,46875;744,78125;527,8125;89,40625;181,96875;-177,9375;-100,5625;-385,6875;-43,9375;-275,15625;-60,09375;-212,71875;-6,25;-249,625;-129,9375;-106,3125;-239,90625;-3,4375;-277,34375;-85,28125;-99,3125;-237,59375;-521,84375;-87,3125;-152,875;-267,4375;-240,4375;-92,21875;-109,8125;8,4375;-89,625;-97,96875;7,5625;-202,84375;-95,21875;-320,28125;-198,875;-394,25;-334;-76,28125;-86,65625;-107,71875;-111,21875;-71;-75,9375;-221;82,59375;-160,5;-169,5;-251,9375;-157,6875;-135;-212;-41,90625;-277,5;-163,59375;-405,84375;-102,71875;-220,46875;-4,40625;-42,09375;-428,90625;-299,84375;-220,59375;-91,625;-290,875;-310,59375;-363,71875;-180,25;-255,71875;-273,75;-217,40625;-201,34375;-301,90625;-255,6875;-371,8125;-257,8125;-371,75;-245,40625;-148,03125;-214,625;-175,8125;-105,5625;-313,40625;-226,1875;-419,03125;-356,0625;-114,78125;-291,625;-234,3125;-265,21875;-216,59375;-201,5;-106,1875;21,9375;-163,375;-107,25;-263,75;-386,34375;-295,1875;-310,09375;-306,8125;-148,21875;-251,46875;-206,25;-332,8125;-197,46875;-324,78125;-411,5625;-308,15625;-406,1875;-121,96875;55,40625;-266,625;-321,9375;-189,25;-91,6875;-182,1875;-139,1875;-273,3125;
189,96875;361,09375;202;-49,875;26,90625;118,59375;111,375;60,53125;21,625;170,46875;68,71875;127,0625;30,09375;134,875;85,1875;-184,09375;-9,78125;-84,1875;-43,9375;-7,21875;64,125;-70,375;124,90625;224;286,59375;195,59375;212,21875;143,3125;20,6875;99,5;9,1875;-46,40625;243,78125;412,09375;18,40625;-34,1875;129,1875;219,3125;55,84375;-10,875;280,34375;198,25;-43,625;36,6875;-26,0625;-26,25;-116,34375;130,375;-87,09375;91,0625;215,1875;146,96875;49,3125;282,3125;48,59375;95,84375;123,5;203,40625;299,78125;56,375;274,21875;131,96875;87,0625;130,15625;105,1875;160,78125;312,71875;167,15625;95,25;152,15625;-68,09375;323,875;34,125;88,5;-93,34375;26,25;228,1875;151,53125;342;71,40625;479,625;276,875;434,3125;99,46875;315,0625;214,1875;118,15625;272,8125;260,09375;353,125;209,03125;349,65625;316,28125;574,46875;335,96875;378,90625;205,3125;249;306,65625;344,84375;465,0625;658,40625;331,0625;506,75;433,3125;316,75;417,90625;553,40625;292,90625;121,40625;472,6875;290,875;106,8125;428,78125;275,59375;537,0625;567,46875;620,34375;365;460,8125;583,59375;659,28125;470,65625;514,28125;444,125;301,875;604,4375;394,96875;513,4375;664,40625;726,375;739,125;1011,0625;1169,28125;1119,4375;1114,15625;846,53125;797,125;698,15625;618,0625;399,4375;327,28125;262,25;219,65625;424,03125;446,15625;337,375;257,4375;295,3125;457,78125;484,09375;514,65625;321,34375;352,34375;240,46875;276;334,5625;293,40625;240,15625;272,375;135,5625;-56,71875;10;269,5;-140,125;3,3125;243,84375;120,71875;39,375;118;203,1875;169,78125;340,03125;455,03125;340,25;488,0625;366,5625;99,5;-44,375;134,21875;97,5625;33,78125;175,5625;-7,5625;-16,375;458,53125;504,03125;709,5625;1006,25;1075,40625;1179,46875;1284,3125;1353,28125;1538,375;1360,09375;1314,59375;1435,90625;1429,21875;1234,0625;1143,40625;841;559,96875;471,75;215,59375;-7,34375;-113,03125;-222,5625;-158,40625;-131,5;-163,84375;-107,6875;-302,09375;-95,25;-107,21875;-49,96875;44,71875;-76,375;-164,8125;-348,3125;66,5625;-3,65625;-200,875;-229,9375;-175,21875;-228,53125;-146,21875;-124,84375;-77,34375;-29,75;-132,21875;-40,4375;-141,9375;-227,9375;-162,34375;-115,09375;-107,125;-106,15625;89,8125;16,71875;-88,25;-316,03125;-117,8125;-225,25;-42,59375;-174,125;-131,4375;-61,5;-42,4375;7,03125;53,46875;73;-169,875;-83,5625;-250,75;-5,53125;-161,75;-285,75;-353,8125;-160,0625;-116,1875;-102,28125;-253,125;-348,625;-365,9375;-97,9375;-136,8125;-227,34375;-118,28125;-55;-142,0625;-282,84375;-131;-459,46875;-201,65625;-134,03125;-365,0625;-201,28125;-168;-336,8125;-233,75;58,46875;-170,84375;-352,65625;-273,3125;-336,5;-454,6875;-239,03125;-240,46875;-251,96875;-310,65625;-240,71875;-255,25;-33,71875;-199,40625;-72,25;-249,65625;-361,6875;-76,625;-179,5;-375,03125;-199,65625;-293,71875;-284,15625;-129,75;-272,96875;-260,40625;-133,6875;-74,8125;-341,5;-282,65625;-215;-145,71875;-251,46875;-422,6875;-447,125;-156,34375;-333;-63,34375;-87,4375;-74,75;
151,96875;222,1875;-110,40625;-14,625;61,5625;-81,4375;311,46875;189,5625;87,6875;-14;80,75;144,21875;117,5625;228,65625;68,84375;35,4375;-22,9375;10,125;140,78125;84,53125;209,5625;91,96875;164,25;-90,4375;-51,75;231,125;13,3125;-10,53125;162,3125;187,25;-47,40625;16,65625;-95,78125;100,09375;-160,125;-110,46875;-10,65625;107,03125;-78,5625;275,3125;-136,28125;17,28125;135,25;53,4375;122,65625;144,375;-44,03125;84,5625;-16,625;-14,53125;87,5;-104,59375;126,6875;-54,6875;136,125;175,90625;195,25;63,0625;227,28125;40,125;389,90625;136,1875;175,6875;82;22,0625;205,28125;157,09375;-10,21875;151,84375;-34,15625;152,5;49,5;458,46875;299,9375;164,96875;254,53125;271,71875;190,65625;122;153,96875;280;190,90625;287,78125;127,96875;360,1875;278,625;193,75;348,75;378,5625;291,625;275,6875;456,1875;318,1875;506,09375;221,375;230,0625;446,3125;287,125;324,5;591,40625;582,4375;705,46875;403,21875;321,3125;423,53125;538,78125;258,75;473,375;242,5;213,90625;293,9375;210,375;323,09375;360,1875;242,21875;516,625;636,53125;541,15625;427,65625;379,53125;530,84375;525,6875;666,28125;344,46875;299,0625;488,75;467,59375;460,59375;491,34375;593,78125;730,125;845,90625;788,6875;898,65625;976,40625;972,78125;836,3125;522,40625;465,96875;387,4375;290,90625;232,15625;292,84375;250,1875;210,875;260,28125;367,59375;290,53125;488,21875;493,59375;476,5;464,46875;466,6875;386,34375;242,75;285,09375;338,84375;221,25;123,34375;252,5;143,125;178,84375;301,1875;221,46875;119,34375;301,03125;109,9375;159,4375;-27,71875;22,78125;281,8125;390,03125;503,5;416,75;533,21875;292,46875;463,40625;239,28125;282,3125;184,46875;-74,78125;53,625;-112,4375;231,9375;214,34375;417,40625;562,90625;727,96875;981,71875;1047,03125;1435,875;1410,6875;1425,4375;1600,90625;1437;1349,4375;1101,65625;1344,3125;1063,96875;873,34375;540;594,0625;408,21875;213,75;118,09375;-0,40625;-125,46875;-63,71875;-208,90625;103,40625;-167,46875;-15,125;-66,125;-88;-74,90625;22,59375;-167,40625;-167,46875;-163,9375;67,96875;-218,59375;29,84375;-136,34375;-176,90625;-21,15625;48,5;-91,5625;-140,5;99,21875;-2,1875;-193;44,6875;-81,125;85,25;-178,96875;-388,75;-122,59375;-358,46875;-60,9375;-128,46875;-128;-215,90625;-13,5;-220,3125;-295,6875;-72,625;-67,53125;-257,0625;-166,625;-172,875;-125,53125;-1,34375;-193,3125;-261,6875;-128,15625;-149,875;-31,59375;-120,78125;-245,8125;-254,65625;-230,6875;-286,15625;-94,34375;-155,875;-129,21875;-235,59375;-79,65625;-255,59375;-220,4375;-173,90625;-148,40625;-251,53125;-287,90625;-179,71875;-280,09375;-210,5625;-177,8125;-73,125;-146,34375;-207,5625;-285,125;-298,5625;-33,71875;-109,5625;-24,875;-407,6875;-311,375;-320,125;-313,15625;-284,1875;4,28125;-307,40625;-183,25;-94,1875;-332,5;-292,40625;-440,15625;-294,75;-213,40625;34,5;-247,75;-253,15625;-419,9375;-164,5625;-131,15625;-237,5;-357;-169,875;-228,1875;-153,125;-297,4375;-548,40625;-243,625;-389,5625;-47,3125;-142,96875;1,34375;67,6875;-36,53125;-2,875;
231,875;332,65625;338;246,9375;350,75;175,40625;478,3125;143,90625;280,53125;209,5;219,71875;72,3125;439,6875;112,375;206,34375;123,84375;83,8125;137,0625;30,8125;22,78125;111,65625;-14;98,9375;78,75;9,0625;291,0625;26,5;215,09375;165;264,28125;224,1875;200,75;361,1875;371;249,75;245,8125;61,6875;275,875;377,84375;149,40625;161,4375;412,40625;56,875;18,0625;214,53125;188,21875;261,40625;207,125;107,15625;81,34375;181,96875;194,0625;133,03125;261,90625;54,40625;-51;11,96875;276,46875;272,125;34,03125;152,75;131,5625;88,78125;354,1875;303,90625;256,34375;273,28125;197,53125;153,5;100,34375;111,90625;232,78125;373,875;209,71875;12,1875;97,875;193,3125;288,46875;242;205,25;415,6875;403,65625;424,03125;396,25;395,125;348,96875;263,5;493,65625;380,5625;398,71875;397,5625;536,96875;512,9375;270,125;458,03125;568,78125;459,375;459,03125;477,125;528,625;328,78125;337,90625;564,875;519,625;686,625;680,8125;506,8125;549,75;317,21875;381,3125;213,1875;446,96875;415,625;427,21875;475,8125;530,21875;520,875;558;672,875;658,125;684,96875;649,625;558,75;488,625;637,34375;608,4375;664,21875;754,9375;568,21875;703,9375;687,34375;791,65625;1033,90625;1114,625;1063,25;712,53125;954,625;631,0625;536,34375;504,90625;500,71875;289,53125;353,375;326,5625;338,78125;479,5625;438,34375;408,0625;273,625;443,59375;527,5;452,90625;411,53125;394,6875;518,71875;382,125;380,125;433,4375;385,4375;85,15625;348,875;105,125;243,3125;76,90625;290,28125;153,96875;25,40625;146,0625;393,4375;487,4375;182,96875;308,84375;384,75;476,96875;390,25;420,28125;434,21875;195,125;182,8125;326,5625;-22,28125;46,28125;37,96875;92,0625;500,09375;365,65625;601,40625;773,875;1183,15625;1485,0625;1220,4375;1481,6875;1269,9375;1369,03125;1401,5;1145,84375;1397,125;1300,09375;958,8125;943,65625;883,21875;621,5;476,625;322,90625;248,25;183,5625;208,625;270,65625;173,21875;40,5625;101,1875;104,03125;124,65625;130,625;144,71875;51,5;-48,53125;80,4375;127,625;51,6875;-52,46875;69,34375;23,125;-233,03125;2,65625;-28,15625;76,96875;-122,875;80,71875;65,40625;94,6875;148,0625;79,46875;191;103,34375;-6,3125;36;66,78125;-177,96875;-79,53125;-43,625;-63,90625;75,125;11,625;19,875;75,59375;123,9375;9,3125;-102,15625;-13,4375;82,75;-211,71875;-50,1875;8,4375;15,96875;-28,5625;-15,46875;-95,3125;-41,46875;-286,9375;52,75;-94,8125;-454,53125;-31,25;-62,1875;109,53125;150,5;100,125;-272,5;-242,3125;-22,71875;-259,65625;-66,34375;-8,46875;81,53125;-194,59375;-114,53125;30,53125;-55,3125;-327,09375;164,96875;-44,03125;14,65625;-202,90625;-191,53125;-316,53125;-280;-45,96875;53,53125;-131,78125;-187,59375;166,75;-113,875;-220,0625;-222,5;-223,03125;-232,8125;-123,9375;-306,6875;153,25;-2,75;-264,53125;23,28125;-17,5;-159,53125;-5,5;43,375;-42,71875;26,6875;34,65625;-38,21875;-167,65625;78,21875;4,09375;-33,75;-46,4375;57,84375;79,5;231,34375;196,84375;
14,78125;-37,4375;196,5625;-69,90625;124,78125;85,5;-198,6875;-40,40625;34,40625;247,84375;9,46875;27,53125;125,5625;2,9375;-124,53125;-76,78125;108,9375;-21,3125;-117,3125;-162,375;-179,21875;-86,28125;-85;-181,5625;-159,125;-107;105,3125;-208,78125;-250,15625;-112,1875;62,78125;25,0625;-6,03125;-40,65625;-228,90625;89,15625;38,84375;-59,53125;73,5625;229,625;-163,9375;-113,9375;-173,59375;161,1875;-5,46875;9,65625;-23,75;-132,84375;-9,25;1,25;-103,09375;-123,09375;46,625;46,75;45,875;172,3125;25,875;162,25;39,3125;-64,09375;-325,21875;98,84375;-32,71875;79,375;-91,125;37,3125;39,75;45,625;160,75;82,375;71,9375;161,78125;177,1875;58,5625;21,21875;-117,1875;-118,75;-43;-149,15625;234,125;116,6875;116,03125;6,625;269,84375;94,6875;144,0625;80,71875;164,6875;98,21875;152,65625;103,125;452,75;189,59375;366,125;268,28125;215,1875;155,90625;304,5625;411,1875;549,65625;412,9375;515,15625;372,09375;451,96875;382,9375;133,59375;-23,21875;106,5;77,71875;-4,78125;171,65625;458,84375;181,84375;287,46875;221,71875;363,21875;531;504,5;483,875;439,59375;482,46875;266,625;233,90625;506,75;344,34375;234,71875;445,59375;549,15625;536,53125;774,25;894,71875;656,96875;744,6875;1036,9375;1058,84375;697,78125;757,125;460,15625;257,09375;247,15625;125,25;14,625;249,625;168,625;266,5;190,53125;339,25;334,09375;251,125;184,375;386,5;107,5625;319,3125;81,59375;89,625;237,375;-19,125;243,25;235,875;-15,28125;83,9375;-66,03125;7,46875;15,71875;-157,96875;-131,125;-113,03125;-70,28125;-123,1875;128,3125;217,21875;51,21875;377,90625;384,53125;143,3125;104,4375;162,40625;-11,53125;93,03125;-40,46875;105,84375;20,875;-167,3125;-26,09375;-29,8125;316,53125;335,71875;636,15625;940,53125;1007,71875;1117,53125;1212,0625;1140,5625;1111,90625;949,90625;1176,96875;820,59375;934,03125;854,40625;631,34375;445,15625;562,03125;296,9375;75,46875;-101,4375;39,71875;-35;-328,3125;-281,9375;-45,46875;-168,96875;-218,53125;-116,21875;-235,53125;-78,25;-420,15625;-145,75;-187,28125;-334,5625;-38,21875;-261,625;-320,875;-103,8125;116,375;-228,15625;-167,03125;-45,28125;-75,84375;-282,21875;-209,90625;-138,3125;-228,625;-238,25;-152,09375;-440,03125;-52,34375;-370,0625;-251,6875;-387,53125;-204,375;-221,5;-412,1875;-208,40625;-250,71875;-292,9375;-116,59375;-109,53125;-194,6875;-136,6875;-252,875;-120,5;-205,625;-0,0625;-251,5625;-312,4375;-448,40625;-154,40625;-137,1875;-40,71875;-378,0625;-152,6875;-301,78125;-444,5;-280,4375;-285,1875;-154,4375;-348,96875;-249,4375;-196,5625;-302,34375;-313,0625;-135,03125;-222,4375;-306,21875;-378,84375;-100,03125;-189,84375;-389,53125;-447,40625;-288,96875;-446,5625;-155,96875;-387,75;-336,34375;-438,59375;-398,0625;-249,28125;-229,75;-445,5625;-271,75;-386,71875;-356,5;-588,75;-352,34375;-244,40625;-349,625;-387,21875;-335,28125;-387,5625;-148,65625;-484,75;-520;-337,875;-246,8125;-185,53125;-285;-204,65625;-420,46875;-282,46875;-442,78125;-292,03125;-162,65625;-222,78125;-462,15625;-188,6875;-208,09375;-300,40625;-468,375;-91,28125;-91,21875;
215,59375;202,4375;119,40625;61,4375;75,9375;291,46875;-3,84375;148,90625;-133,90625;169,65625;-24,78125;146,75;-64,4375;202,96875;259,375;169;-76,59375;154,8125;-30,21875;127,46875;216,9375;156,53125;206,03125;223,3125;199,46875;23,71875;164,5625;144,96875;158,09375;166,5;47,875;126,09375;171,15625;147,25;-7,6875;-134,25;81,03125;285,34375;172,9375;164,4375;53,09375;1,0625;23,1875;-0,28125;144,375;291,9375;75,4375;-113,28125;-43,90625;152,09375;69,21875;29,90625;53,625;271,03125;108,21875;148;34,15625;253;149,9375;76,90625;8,6875;196,375;273,0625;54,53125;75,96875;-6,3125;19,1875;-92,59375;40,0625;213,53125;226,9375;254,5;155,375;181,375;181,09375;209,21875;163,34375;203,6875;262,59375;279,5625;394,15625;298,125;267,375;288,375;258,21875;58,34375;-90,25;100,9375;324,84375;186,15625;268,8125;277,46875;253,5;526,90625;198,15625;295,75;405,4375;219,34375;376,25;421;356,3125;379,28125;580,75;317,25;335,09375;430,96875;263,15625;423,3125;396,75;467,21875;492,65625;461,15625;243,65625;56,40625;149,53125;291,40625;701,84375;600,5;679,9375;646,75;621,84375;524,28125;547,53125;764,34375;653,78125;505,75;603,28125;640,375;548,875;511,125;682,9375;906,03125;1168,28125;1146,21875;973,6875;831;679,71875;584,03125;355,15625;216,09375;268,5625;209,75;320,09375;340,5625;527,40625;337,15625;512,8125;661,84375;690,15625;375,65625;435,125;747,21875;345,46875;538,34375;249,53125;327,84375;382,4375;259,1875;169,625;-7,96875;32,25;136,875;-21,5625;156,28125;215,21875;108,75;186,40625;423,6875;228,8125;378,25;276,625;294,5625;438,40625;514,6875;450,25;326,0625;506,34375;369,84375;367,28125;91,3125;244,15625;131,1875;119,0625;150,09375;359,0625;216,3125;655,78125;715,125;976,625;957,25;1243,09375;1153,96875;1329,71875;1164,90625;1112,375;1068,90625;1134,28125;1043,34375;992,4375;718,90625;541,65625;748,0625;361,375;283,78125;-26,0625;38,75;-188,6875;-236,53125;-65,125;-47,96875;-201,75;-174,53125;-57,25;-155,9375;37,625;-163,8125;107,90625;-75,40625;101,78125;-150,8125;-32,71875;-67,03125;29,03125;-49,90625;63,15625;-119,46875;-244,40625;-57,875;-171,6875;-50,90625;53,1875;-57,8125;-63,5625;-31,53125;52,65625;-17,8125;110,34375;-201,25;6,625;-28,25;-193,125;-155,53125;-90,125;69,6875;-69,53125;229,0625;-119,65625;-295,34375;15,8125;-4,15625;-203,90625;-117,34375;-237,34375;-100,90625;-43,28125;-73,875;-121;-147,3125;-45,375;-265,625;-247,71875;-191,75;-125,21875;95,75;-153,1875;-35,71875;-162,53125;-21,0625;53,40625;-14;-118,5625;-361,9375;-58,3125;-135,59375;72,84375;-59,5625;-163;-143,8125;6,21875;-217;-138,03125;-78,875;12,84375;-164,21875;-231,375;-145,21875;-51,4375;-252,15625;-201,75;-98,59375;-251,59375;-305,875;-200,59375;-308,5625;-301,90625;-337,03125;-240,75;-243,21875;-190,625;-264,34375;-199,15625;-9,28125;-259,25;-315,1875;-115,25;-280,34375;106,625;76,71875;-104,6875;-86,71875;-12,90625;-153,625;-65,71875;-25,46875;-151;97,625;28,21875;192,1875;-168,46875;-162,53125;
-6,09375;-81,0625;-82,03125;72,25;49;13,1875;-47,90625;178,875;-132,875;-134,25;-84,0625;-38,9375;-74,21875;-224,625;-118,78125;-204,84375;-218,78125;-101,40625;9,09375;-97,1875;170,65625;-12,25;152,03125;-34,3125;-158,53125;-282,125;-105,4375;-10,5625;-250;19,75;-4,875;-296,40625;-104,96875;-300,09375;-143,65625;-103,9375;-105,03125;-136,3125;-167,65625;-196,75;-63,75;-186,09375;-15,5;-32,1875;-121,84375;-14,78125;-132,5;-111,6875;-22,90625;-262,09375;-132,5;-28,0625;-94,65625;-178,25;-26,125;-89,8125;-136,375;-13,1875;-38,46875;-164,25;-47,5;-145,53125;-67,875;-122;-237;-160,96875;54,3125;79,0625;-28,0625;23,1875;169,6875;-74,375;143,53125;128,625;43,6875;-4,03125;156,8125;60,71875;-56,5625;1,15625;59;-16,75;99,75;122,5625;142,5;181,96875;106,6875;-65,875;98,15625;202,15625;205,34375;167,75;116,75;272,40625;302,71875;122,53125;289,8125;168,25;-21,59375;37,46875;408,625;350,34375;226,375;224,90625;237,65625;8,15625;275,96875;20,75;105,9375;32,96875;219,8125;61,9375;210,78125;103,40625;106,9375;332,34375;216,46875;262,15625;551,25;620,34375;372,125;430,875;360,125;295,71875;357,78125;72,53125;312,6875;408,25;573,375;615,34375;425,21875;797,65625;975,59375;681,96875;534,03125;731,6875;514,84375;710,84375;393,375;167;1,53125;319,03125;22,625;11,21875;153,78125;166,53125;340,5;291,5;152,46875;248,34375;256,3125;316,75;172,75;-45,28125;8,46875;2,25;-94,71875;81,25;49,5;80,8125;9,625;83,625;-67,9375;47,1875;3,59375;95,53125;-81,84375;-46,5625;18,5625;13,5;-46,09375;286,28125;323,1875;268,5;398,96875;228,6875;150,96875;69,03125;-125,96875;122,90625;-200,375;11,625;-237,34375;72,21875;29,65625;47,84375;473,875;467,84375;676,875;832,3125;813,5625;982,875;1046,78125;654,25;944,875;943,4375;775,1875;708,71875;504,5625;658,21875;435,78125;476,40625;61,96875;-169,1875;-319,59375;-212,96875;18,875;-132,65625;-495,6875;-335,46875;-339,65625;-333,9375;-299,5;-290,84375;-248,21875;-331,4375;-297,0625;-308,34375;-268;-359,4375;-51;-222,34375;-271,40625;-105,15625;-178,0625;-167,625;-163,90625;-240,75;-276,5;-307,21875;-358,71875;-324,0625;-59,0625;-438;-124,625;-316,5;-178,78125;-376,46875;-382,125;-415,75;-284,3125;-286,96875;-245,03125;-377,84375;-99,6875;-373,28125;-472,09375;-335,125;-177,875;-161,125;-226,375;-159,40625;-174,375;-320,375;-92,125;-243,90625;-329,5625;-274,96875;-247,15625;-454,375;-292,28125;-147,46875;-342,34375;-308,375;-289,5;-311,59375;-251,40625;-91,34375;-56,3125;-246,40625;-325,0625;-346,125;-520;-473,8125;-189,375;-407,59375;-398,84375;-207,3125;-284,21875;-269,78125;-340,71875;-213,46875;-213,875;-206,46875;-198,25;-369,5625;-606,59375;-425,875;-294,8125;-569,375;-370,625;-415,46875;-445,34375;-546,34375;-488,6875;-333,65625;-414,59375;-231,25;-190,625;-279,375;-320,46875;-493,625;-364,6875;-280,9375;-475,34375;-187,625;-393,46875;-208,0625;-254,15625;-291,09375;-340,59375;-417,9375;-325,40625;-213,5;-153,96875;-275;-355,65625;-200,625;-256,71875;-278,0625;
129,65625;148,125;32,65625;-61,75;67,03125;136,0625;19,34375;8,9375;184,09375;117;93,21875;-44,375;160,125;-43,8125;12,03125;65,34375;-24,125;-191,875;-14,84375;-88,375;-29,34375;39,03125;-90,1875;152,0625;21,25;-11,15625;-178,25;-148,4375;138,09375;-76,8125;-173,625;48,65625;159,65625;66,40625;14,3125;-89,71875;-67,65625;73,84375;128,3125;-192,8125;67,53125;-166,5625;214,34375;64,78125;42,53125;29,78125;-27,28125;65,75;-86,84375;10,1875;-12,15625;4,15625;15,78125;244;29,59375;3;34,6875;105,96875;42,125;39,21875;45,28125;-122,4375;-72,25;54,15625;41,1875;-110,5625;132,0625;34,625;221,5;96,09375;96,90625;-16,625;177,375;61,9375;45,71875;49,34375;187,625;101,40625;310,53125;76,5;83,1875;271,90625;284,25;46,8125;254,8125;-54,6875;101,625;150,09375;136,6875;276,4375;416,09375;291,875;151,53125;428,8125;236,25;11,625;100,53125;233,4375;242,0625;244,59375;335,8125;481,84375;611,71875;564,9375;377,78125;540,21875;294,5625;47,78125;88,1875;244,15625;408,46875;385,46875;288,5625;53,0625;295;294,65625;225,6875;352,5625;583,375;590,875;432,96875;220,65625;177,25;102,9375;367,71875;355,0625;438,9375;483,21875;688,71875;1044,6875;716,625;750,75;922,65625;775;682,53125;701,78125;516,84375;325,90625;98,8125;359,875;280,125;233,9375;47,09375;265,3125;292,34375;162,84375;252,46875;267,6875;318,8125;211,0625;396,4375;381,46875;216,53125;223,875;161,1875;107,3125;175,90625;60,28125;206,6875;-67,34375;284,75;93,84375;-89,375;-99,5;227,6875;-21,625;-44,125;134,5;193,625;278,03125;307,875;234,53125;231,0625;368,96875;524,53125;213,28125;163,1875;90,28125;281,59375;43,4375;-157,53125;157,28125;140,5625;12,65625;103,90625;110,5;428,90625;399,4375;838,28125;1000,46875;970,5625;1052,28125;789,03125;799,0625;945,34375;859,21875;897,75;844,28125;593,15625;565,625;399,5625;409,71875;110,46875;-62,28125;-86,59375;-37,15625;-45,84375;-133,4375;-99,78125;-7,09375;-154,40625;-206,09375;-22,5;-168,65625;-80,40625;-45,34375;-173,90625;38,0625;5,90625;81,5625;-392,3125;-244,34375;-287,84375;-168,125;-174,0625;-115,09375;-93,15625;-174,125;-243,65625;-260,65625;-355,78125;-51;-227,96875;-160,96875;-44,59375;-288,34375;-153,1875;-453,84375;-257,53125;-180,9375;-59,34375;-151,28125;-257,1875;-191,40625;-81,28125;-326,34375;-155,21875;-107,625;2,96875;-141,6875;-191,28125;-129,9375;-196,21875;-400,78125;-77,34375;-447,25;-151,03125;-317,5625;-367,5;-212,03125;-233,15625;-279,0625;-282,8125;-184,40625;-295,03125;-49,90625;-103,625;-237,90625;-221,625;-237,0625;-179,5;-52,375;-245,5625;-194,46875;-85,9375;-265,65625;-194,875;-127,15625;-142,875;-301,28125;-311,34375;-424,21875;-328,96875;-459,75;-221,71875;-120,8125;-297,125;-231,28125;-195,75;-150,46875;-361,15625;-284,875;-291,375;-87,5625;-254,78125;-463,21875;-225,25;-397,03125;-321,34375;-393,15625;-422,59375;-147,3125;-261,4375;-402,28125;-365,90625;-401,125;-254,09375;-348,59375;-348,09375;-183,34375;-265,875;-193,90625;-328,71875;21,4375;-278,75;-123,25;-122,84375;-305,0625;-183,6875;-46,3125;
321,375;97,34375;14,28125;-84,3125;-1,5625;-64,71875;15,625;77,4375;243,9375;241,15625;4,8125;103,125;326,125;24,125;197,78125;19,21875;19,1875;-152,3125;79,9375;-50,34375;-157,59375;219,1875;148,5;-120,8125;-54,375;-156,03125;88,0625;125,1875;-23,375;87,46875;84,15625;-38,21875;18,46875;-26,75;132,21875;90,75;-11,21875;7,65625;-43,03125;-40,1875;97,78125;83,15625;-22,8125;67,5625;41,875;86,28125;214,8125;-112,3125;49,1875;12,8125;-22,28125;133,78125;53,21875;130,90625;98,75;291,78125;122,4375;-114,9375;145,1875;-6,5625;113,75;104,1875;39,59375;43,625;-102,90625;80;34,375;239,1875;307,03125;293,84375;267,34375;240,40625;81,75;17,21875;-176,28125;101,84375;124,5625;88,875;197,90625;41;92,25;153,59375;38,375;147,90625;162,15625;242,4375;194,6875;206,71875;267;279,78125;498,3125;429,8125;131,65625;165,8125;194,15625;268,875;320,34375;408,3125;268,65625;442,65625;428,53125;533,71875;407,03125;441,28125;267,71875;100,84375;385,25;44,125;156,28125;183,78125;89,96875;276,59375;126,75;381,4375;271,4375;353,0625;357,4375;405,125;442,46875;355,59375;470,625;426,8125;240,28125;159,3125;413,5625;434,21875;663,5625;445,875;558,03125;416,21875;413,3125;941,5;736,53125;898,75;871,125;614,75;422,3125;601,8125;384,0625;175,125;94,3125;57,53125;410,34375;108,40625;162,625;326,6875;307,875;313,53125;362,78125;323,375;429,125;413,6875;342,375;83,78125;245,0625;79,53125;243,65625;57,53125;185,96875;45,84375;247,375;12,6875;187,375;193,46875;96,90625;131,34375;24,0625;71,96875;5,28125;213,625;-27,40625;391,21875;380,875;211,65625;301,34375;182,71875;61,6875;73,53125;-3,59375;-62,5625;-36,09375;114,28125;-1,59375;68,84375;-38,15625;287,84375;384,875;221,21875;665,78125;772,96875;793,34375;970,90625;831,09375;806,71875;852,53125;767,15625;802,84375;815,125;637,28125;601,9375;457,8125;337,53125;62,75;167,34375;-33,9375;-219;-70,8125;-331,6875;-139,53125;-251,15625;-237,21875;-33,21875;27,59375;22,28125;-38,125;-217,75;-141,34375;-104,71875;-215,8125;-287,53125;-518,28125;66,90625;-92,1875;-97,625;-144,28125;-210,84375;-51,34375;-246,875;-290,5625;-253,34375;-19,15625;-237,75;-122,28125;-117,71875;-76,6875;-275,53125;-351,90625;-247;-238,78125;-253,40625;-138,125;-153,90625;-72,375;-153,375;-248,6875;-140,28125;246,75;90,8125;-242,4375;-135,8125;-219,5625;-57,71875;-94,03125;-106,25;94,65625;-318,8125;-286,8125;-153,0625;-131,875;-190,28125;-222,625;-171,09375;-220,09375;-108,53125;-251,25;47,875;-51,875;-223,25;-202,875;-136,5;-139,75;-136,3125;-172,9375;-287,28125;-251,34375;-80,28125;-339,21875;-235,9375;-325,71875;-260,09375;-241,625;-192,78125;-258,875;-176,5625;-318,78125;-275,6875;-291,5625;-192,1875;-391,53125;-169,90625;-252,09375;-157,03125;-189,8125;-384,40625;-255,9375;-274,96875;-292,3125;-225,375;-191,9375;-230,28125;-20,6875;-106,40625;-177,09375;-214,125;-282,59375;-171,46875;-165,3125;-266,25;-43,90625;-19,5625;-53,15625;-143,5625;-147,96875;-246,5625;-66,78125;-194,78125;6,15625;-2,8125;-137,3125;-302,25;
48,46875;70,65625;130,625;-41,65625;142,84375;41,96875;213,1875;39,5625;53,46875;168,96875;150,71875;-32;-147,25;56,71875;-59,09375;90,21875;-117,5;-12,625;2,25;196,21875;79,75;139,96875;-75,21875;42,65625;-72,78125;167,875;78,71875;-57,34375;71;45,53125;244,8125;-159,15625;26,96875;158,9375;-118,0625;-168,09375;196,53125;-50,34375;84,5;127,5;-97,28125;-144,59375;56,3125;124,46875;16,96875;30,875;91,5625;140,53125;97,34375;-63,25;-164,65625;-132,4375;-71,53125;-13,34375;-97,875;-93,0625;200,3125;-47,125;99,21875;133,875;35,9375;258,8125;202;47,71875;33;168,8125;100,28125;57,1875;-72,4375;51,21875;-111,625;-101,1875;89,5;26,59375;266,6875;231,875;241,5625;84,6875;9,90625;323,09375;67,90625;211,96875;212,375;219,125;118,84375;48,375;21,03125;213,3125;433,5625;397,4375;234,5;176;267,65625;329,625;326,875;247,78125;191,15625;193,6875;407,71875;360,0625;389,875;186,40625;473,84375;239,9375;488,6875;254,5;165,8125;17,6875;288,34375;210,21875;27,53125;268,96875;269,78125;106,875;408,15625;478,4375;257,8125;476,40625;266,25;115,25;397,40625;493,625;289,84375;475,9375;376,40625;484,5625;467,25;381,40625;449,6875;630,21875;406,46875;756,1875;664,78125;840,25;471,46875;464,1875;352,8125;111,75;343,59375;495,75;155,15625;210,09375;81,15625;388,28125;80,34375;326,8125;214,9375;125,8125;387,75;352,65625;341,5;261,15625;298,6875;241,1875;183,25;328,125;259,375;164,09375;273,53125;126,09375;34,4375;220,21875;182,78125;131,6875;299,125;372,0625;-128,59375;106,5;148,15625;103,0625;385,3125;83,5625;142,46875;108,3125;390,28125;335,0625;204,34375;25,40625;-122,3125;-181,03125;-76,875;37,21875;127;-122,875;-96,6875;31,28125;178,21875;598,03125;522,53125;642,03125;876,3125;839,46875;854,5;914,25;788,78125;622,8125;729,3125;676,6875;622,25;464,28125;474,21875;260,0625;51,15625;48,5;-74,125;-103,96875;-41,625;-28,125;-258,96875;-158,15625;-25,3125;-279,8125;-158,5;-209,96875;-330;-195,5625;-185,9375;-166,28125;-105,46875;-244,9375;-163,0625;-40,8125;-202,125;-194,65625;-234,65625;-218,28125;-76,6875;-96,90625;-493,28125;-149,28125;-97,25;-4,34375;-95,34375;-11,5;-341,90625;-38,8125;-316,71875;-178,03125;-388,84375;-60,46875;-205,59375;-35,65625;-44,0625;70,78125;-74;-62,84375;-137,90625;-154,21875;-69,15625;12,8125;-159,78125;31,59375;-160,34375;-125,125;-6,5;-216,46875;-42,03125;-297,96875;-292,90625;-209,875;-251,6875;-252,09375;-90,53125;107,3125;-216,96875;-196,375;-307,34375;-25,65625;-20,15625;-261,1875;-332,34375;-41,84375;-95,125;14,5;-154,21875;-244,53125;25,375;-93,53125;-203,71875;-44,5625;-59,875;-184,21875;-249,71875;-276,4375;-259,84375;-122,0625;-181,5625;-438,625;-209,25;-185,90625;-69,25;-213,65625;-303,59375;-227,28125;-399,65625;-48,28125;-340,4375;-261,0625;-213,03125;-124,4375;-271,71875;-88,375;-286,1875;-108,96875;-273,25;-267,5;-248,65625;-359,625;-118,125;-264,3125;-35,0625;-170,875;-199,28125;-75,5;-184,03125;-102,65625;-212,1875;109,34375;20,65625;-256,8125;
0,84375;11,5;69,15625;102,1875;61,46875;-30,75;222,375;-19,3125;124,3125;-166,15625;-10,0625;160,375;-36,6875;-109,40625;-59,90625;-33,0625;82,375;-13,40625;-38,90625;-52,09375;-138,21875;-180,09375;150,1875;-52,8125;-64,9375;-164,46875;8,9375;3,46875;-237,96875;10,3125;-48,75;-152,625;-27,53125;-3,1875;-81,8125;56,15625;-51,15625;-10,71875;-249,875;37,0625;-114,5625;84,8125;-198,6875;-134,625;24,625;25,75;-203,71875;55,28125;12,28125;-68,21875;-60,84375;-258,5625;-87,65625;96,8125;-27,75;-46,34375;1,09375;98,625;-163,8125;-8,15625;19,1875;-89,25;-54,4375;63,59375;-57,625;-119,1875;177,125;-27,28125;91,84375;-24,96875;-141,34375;47,625;-68,96875;-41,46875;17,90625;-7,8125;-98,71875;66,75;93,375;-47,28125;7,8125;74,75;32,34375;18,625;218,75;-27,90625;79;-120,15625;1,375;99,84375;197,4375;464,28125;217,5625;97,3125;171,84375;141,3125;121,6875;126,1875;41,34375;286,1875;414,4375;-2;308,71875;350,625;165,84375;39,53125;30,09375;150,40625;180,625;174,5;34,09375;-63,09375;183,03125;299,5625;193,53125;142,09375;240,78125;221,25;305,75;165,09375;347,96875;314,21875;239,46875;192,4375;228,96875;97,125;311,5;385,875;305,6875;403,8125;455,28125;489,90625;567,75;446,46875;586,96875;492,09375;209,71875;152,15625;204,15625;158,34375;93,75;-48,625;-78,5625;13,3125;5,15625;135,4375;324,34375;361,3125;367,59375;365,25;87,90625;184,5625;310,4375;284,96875;188,75;207,34375;117,90625;64,875;56,21875;-44,625;-135,6875;-130,59375;-54,09375;-25,125;36,875;-18,59375;-29,6875;-151,8125;33,0625;-47,40625;-132,03125;82,71875;304,40625;264,4375;-100,15625;14,375;-69,625;-25,625;-46,4375;-100;-249,875;-211,75;-206,375;-269,15625;-89,5;77,21875;278,90625;581,5625;576,03125;892,03125;838,15625;764,875;726,21875;564,625;649,3125;537,5;556;541,375;484,4375;473,78125;184,1875;83,90625;37,375;-18,6875;-86,21875;-336,40625;-226,03125;-266,96875;-142,90625;-329;-258,6875;-279,875;-391,96875;-373,78125;-35,90625;-37,53125;-484,375;-114,8125;-225,125;-388,09375;-301,5;-297,75;-194,65625;-247,15625;-245,3125;-319;-304,59375;-284,96875;-160,78125;-119,5;-332,34375;-380,46875;-211,625;-191,625;-298,53125;-376,25;-370,875;-376,46875;-422,71875;-454,03125;-321,15625;-124,1875;-201,5625;-317,15625;-165,03125;-342,03125;-353,4375;-155,375;-218,625;-99,9375;-244,875;-218,0625;-204,0625;-275,90625;-219,5625;-162,8125;-210,71875;-417,40625;-275,3125;-397,71875;-308,96875;-214,46875;-58,4375;-176,875;-360,6875;-296,625;-300,375;-225,375;-206,46875;-202,84375;-311,5625;-250,5;-310,53125;-368,75;-286,78125;-237,46875;-248,6875;-389,46875;-325,03125;-349,625;-275,40625;-156,0625;-307,6875;-303,28125;-226,8125;-137,65625;-239,03125;-172,03125;-323,625;-109,375;-292;-297,15625;-266,1875;-370,8125;-404,96875;-240,125;-420,90625;-280,75;-369,375;-337,625;-260,125;-377,25;-356,46875;-279,46875;-367,46875;-330,15625;-178,0625;-244,0625;-304,28125;-187,75;-204,40625;-370,84375;-216,09375;-405,96875;-308,03125;-25,28125;-417,84375;-208,8125;-292,40625;-200,125;
180,3125;-42,625;82,3125;161,5;151,65625;116,34375;-19,34375;107,15625;138,78125;117,53125;-23,5625;164,3125;188,21875;-6,21875;99,09375;81,71875;147,21875;26,25;113,28125;-131,84375;235,6875;-16,4375;-55,375;72,0625;23,5625;285,875;78,1875;204;155;310,65625;101,25;97,8125;120,6875;116,25;49,09375;4,25;16;245,09375;-4,6875;157,0625;74,34375;198,71875;-70,9375;79,03125;203,28125;121,125;106,25;67,875;49,46875;-9,1875;33,78125;54,9375;160,125;202,125;150,84375;88;222,40625;84,9375;-9,15625;-83;-3,25;212,15625;105,84375;205,21875;37,15625;121,6875;-29,9375;283,6875;151,90625;295,34375;296;111,34375;280,03125;29,625;102,6875;178,1875;231,625;139,4375;72,125;188,625;45,03125;61,6875;251,25;168,28125;198,5;288,875;221,65625;444,78125;234,75;449,65625;212,25;311,96875;244,21875;221,46875;236,125;264,625;181,6875;497,4375;250,875;215,125;393,84375;454,1875;130;378,5;256,90625;342,53125;224,65625;193,75;229,875;360,75;429,28125;200,15625;324,375;314,40625;355,5;421,0625;406,25;326,15625;488,5;299,09375;328,53125;527,65625;166,0625;355,28125;220,96875;291,46875;459,78125;441,59375;461,15625;502,96875;568,5625;632,46875;717,15625;766,84375;494,28125;492,625;515,5;300,6875;352,40625;277,53125;348,25;269,03125;140,09375;175,78125;89,65625;404,09375;382,28125;355,71875;232,5;330,53125;190,53125;378,9375;236,96875;221,59375;330,53125;445,78125;277,4375;-87;-22,875;-175,46875;5,84375;192,59375;80,65625;94,34375;173,5;109,65625;48,25;97,625;-68,1875;77,75;255,1875;309,5625;308,59375;243,21875;269,53125;282,59375;43,75;132,5625;197,9375;-32;13,21875;-31,3125;22,59375;104,84375;91,3125;419,28125;494,46875;692,53125;868,71875;926,65625;921,9375;977,71875;1038,96875;745,375;890,03125;1079,28125;990,96875;949,5;796,8125;514,09375;439,21875;379,21875;-31,25;-79,46875;-223,4375;-265,9375;-129,59375;-98,375;-105,5625;-47,4375;110,34375;167,1875;156,25;146,21875;-154,34375;-155,75;16,40625;-81,6875;-139,875;65,4375;-195,375;-172,28125;37,375;-33,25;-234,125;-127,65625;-284,75;-81,21875;-297,90625;-37,59375;-197,0625;-104,8125;-93,59375;-316,15625;-96,40625;-49,28125;-185,71875;-163,53125;-33,0625;-197,03125;-185,09375;-256,0625;-127,84375;225,875;121,625;42,78125;-144,6875;72,53125;-209,375;75,78125;32,90625;-122,9375;-45,03125;-236,78125;-172,09375;-153,375;-22,03125;-3,28125;-30,78125;-200,375;-127,09375;-162,4375;-95,5;-235,4375;-222,8125;-71,28125;-237,53125;-105,4375;-248,21875;-8,8125;-170,53125;30,25;-109,84375;-111,15625;-118;-383,46875;-195,0625;-210,84375;-135,46875;-231,0625;-140,625;-381,125;-231,40625;-106,6875;-68,9375;-175,28125;25,8125;-139;-132,96875;-348,625;-183,28125;-181,21875;3,125;-305,5625;-16,84375;-188,84375;-289,15625;-70,25;-127,65625;-112,65625;-64,875;-81,875;44,03125;-265,84375;-105,71875;-162,09375;-104,34375;-110,78125;-357,0625;-199,40625;-97,84375;-69,40625;-86,71875;-321,21875;27,90625;-126,78125;45,46875;-39,125;-14,125;-173,78125;
219,96875;51,03125;173,75;107,84375;28,25;-44,78125;162,53125;27,28125;262;277,9375;143,625;32,15625;4,5625;-22,46875;196,8125;200,65625;123,46875;72,78125;137,84375;90,8125;86,625;-57,1875;96,75;54;36,78125;172,0625;23,65625;-126,21875;235,8125;140,65625;-85,5;173,875;282,5625;106,78125;-55,1875;-74,6875;111,5625;19,71875;243,4375;332,0625;88,25;31,65625;206,71875;-41,78125;-62,375;-18,9375;142,875;-7,875;-22;175,40625;60,4375;79,0625;-3,125;50,96875;-214,90625;184,46875;17,53125;199,96875;185,03125;182,5625;125,125;221,625;34,21875;-9,5;207,625;-4,125;-4,34375;61,34375;-120,9375;98,15625;26,90625;145,375;190,09375;-82,59375;-40,625;23,65625;84,09375;-45,25;118,53125;111,9375;86,90625;192,125;-149;212,03125;152,8125;230,03125;7,25;52,1875;209,53125;260,71875;135,71875;239,1875;202,03125;287,25;52,09375;334,21875;315,96875;46,75;268,375;366,6875;210,09375;309,3125;148;259,96875;251,71875;202,375;163,25;268,59375;177,625;306,625;-77,03125;97,28125;195,15625;179,8125;318,21875;577,25;311,34375;130,28125;239,8125;115,875;300,71875;144,53125;234,125;221,53125;268,75;222,46875;346,625;215,4375;284,15625;377,21875;365,9375;446,78125;227,09375;358,5625;514,0625;332,15625;224,5625;377,03125;212,6875;206,375;284,71875;58,375;37,59375;59,4375;103,5625;4,5625;159,90625;83,71875;10,21875;88,59375;72,5625;87,78125;219,03125;134,15625;331,9375;215,125;23;272,59375;242,25;-200,65625;-26,46875;32,21875;20,28125;27,1875;-54,5;-88,59375;65,6875;3,125;-130,65625;-39,375;-76,75;127,0625;95,625;242,09375;64,71875;-115,53125;-188,84375;57,40625;-32,84375;-147,65625;-204,90625;-152,6875;-65,53125;30,5;-139,40625;98,15625;382,90625;469,875;680,03125;746,4375;839,5;631,84375;428,59375;778,90625;615,5625;410,9375;210,5;426,5;182,96875;63,875;347,71875;166,46875;186,84375;-199,75;-128,15625;-76,90625;-65,90625;5,09375;-153,125;-117,71875;-116,71875;-181,125;-39,84375;-413,4375;-141,5625;-76,375;24,1875;-90;-431,34375;-450,96875;-203,40625;-272,8125;-239,34375;-157,59375;-258,5625;-131,375;-197,03125;-238,65625;-215,40625;-258,1875;-232,25;-352,40625;-176,21875;-330,40625;-204,625;-294,25;-242,59375;-94,8125;-61,78125;-19,71875;-63,59375;-199,59375;-101,71875;-154,65625;-49,8125;-159,875;-160,5625;-129,1875;-222,25;-69,8125;-147,53125;-297,625;-326,59375;-69,09375;-281,125;-245,46875;-365,8125;-298,21875;-328,59375;-299,8125;-203,6875;-86,03125;-168,75;-87,5625;-91,875;-88,1875;-50,15625;-251,28125;-68,4375;-97,96875;-315,65625;-198,09375;-215,9375;-180,625;2,6875;-168,65625;-299,0625;-204,9375;-448,53125;-67,96875;-191,40625;-335,25;-79,78125;-221,8125;-212,53125;-254,09375;-468,1875;-89,1875;-378,25;-317,375;-382,53125;-347,03125;-303,6875;-103,6875;-270,03125;-218,125;-211,9375;-227,96875;-129,6875;-373,6875;-368,59375;-354,0625;-81,1875;-299,3125;-324,25;-411,4375;-182,09375;-474,3125;-201,0625;-100,96875;-164,03125;-376,40625;-139,75;-274,9375;-176,125;-90,75;-18,71875;-287,4375;-207,03125;-247,1875;
132,59375;181,40625;-133,125;-38,90625;182,46875;208,3125;231,78125;6,65625;-117,71875;58,84375;-107,28125;-22,375;-52,96875;-94,9375;9,90625;-248,375;-213,125;-30,46875;-38,46875;-124,5;32,9375;226,375;-112,46875;69,5625;-157,15625;-75,84375;-228,5;8,21875;47,90625;58,46875;12,28125;104,96875;50,03125;54,6875;60,90625;17,71875;-129,5625;-49,3125;-74,21875;112,59375;-74,34375;44,65625;-0,96875;187,625;-11,125;25,0625;31,21875;-64,78125;-204,84375;-176,15625;29,0625;178,78125;-96,40625;202,5625;108,53125;-153,5625;-184,59375;-54,03125;9,5625;152,65625;46,21875;-129,71875;-22,4375;187,3125;-33,25;196,75;29,65625;-47,3125;-148,5625;4,09375;-158,46875;170,6875;-76,59375;131,375;32,0625;91,375;-98,34375;60,6875;232,40625;-128,59375;-44,125;-26,59375;12,625;119,6875;-7,84375;-0,125;53,25;-58,78125;204,5625;-37,4375;188,03125;261,71875;114,46875;130,71875;141,71875;28,8125;205,46875;3,6875;-42,25;137,03125;247,875;261,3125;165,15625;112,65625;27,625;25,34375;148,71875;39,5625;2,4375;-85,71875;132,5625;226,96875;228,34375;84,25;220,0625;201,78125;346,5625;357,9375;335,0625;-0,3125;208,125;126,5;178,65625;414,15625;1,53125;188,5;228,875;219,9375;172,9375;353,125;254;220,59375;184,875;560,53125;328,46875;183,59375;181,84375;301,6875;146,03125;-73,5625;-49,40625;102;-160;235,75;115,09375;-80,59375;-4,90625;183,90625;125,59375;72,65625;79,34375;299,5625;-122,96875;74,53125;55,0625;112,875;127,90625;-33,4375;161,5625;202,15625;-49,1875;130,09375;76,1875;-15,90625;23,25;-16,03125;-66,71875;43,78125;-25,09375;199,09375;21,4375;-24,0625;277,4375;52,6875;190,59375;93,75;219,90625;-232,75;-223;-92,25;101,5625;-129,5625;-193,78125;-1,6875;68,90625;-71,25;244,65625;495,90625;499,84375;556,125;806,4375;818,75;699,625;803,5;501,21875;578,75;491,46875;289,90625;231,125;389,4375;108,375;6,4375;-32,65625;-76,34375;-132,625;-42,625;-350,25;-67,875;-214,9375;25,375;-323,09375;-371,8125;-63,03125;-174,03125;-194,4375;-208,875;-256,1875;-283,9375;-191,40625;-321,28125;-398,71875;-91,03125;-280,375;-60,15625;-200,5625;-199;-296,5625;-315,65625;-230,1875;-167,625;-241,8125;-201,59375;-336,125;-156,84375;-184,875;-181,125;-55,65625;-71,96875;-276,9375;-251,9375;-159,46875;-387,84375;-294,03125;-256,875;-199;-306,8125;-169,03125;-72,21875;-173,125;-136,40625;-296,90625;-211,5625;-246,90625;-119,875;-266,625;-372,09375;-24,125;-345,28125;-491,25;-133,0625;-304,09375;-277,28125;-338,5625;-279,46875;-358,75;-203,6875;-198,6875;-315,34375;-176,90625;13,90625;-201,71875;-302,125;-243,34375;-336,40625;-167,65625;-369,8125;-122,90625;-106,5;-56,9375;-327,75;-246,03125;-300,125;-339,0625;-369,09375;-246,625;-309,71875;-300,4375;-472;-448,3125;-181,53125;-407,125;-446,625;-343,84375;-339,4375;-437;-339,96875;-200,625;-267;-265,25;-330,125;-330,25;-294,65625;-127,84375;-437,90625;-217,34375;-417,25;-278,8125;-281,34375;-236,125;-284,5625;-441,09375;-193,78125;-140,78125;-179,53125;-179,875;-158,28125;-107,875;-95,3125;-190,1875;-180,28125;
-25,21875;-52,8125;-6,46875;96,03125;-9,34375;1,9375;115,4375;116,9375;120,75;102,3125;202,15625;-23,9375;100,09375;147,34375;136,90625;139,75;-21,59375;129,28125;64,9375;117,25;-66,34375;155,15625;-29,125;-10,71875;-89,5625;109,96875;129,0625;137,09375;98,9375;-55,9375;114,84375;-7,53125;71,46875;12,5;41,34375;-156,1875;2,46875;86,84375;2,65625;-210,78125;27,90625;67,09375;-46,78125;-37,46875;20,625;81,25;25,875;68,375;-20,65625;-139,09375;100,09375;-43,34375;24,84375;-2,71875;159,46875;-53,21875;50,90625;-59,8125;69,65625;-44,40625;-207,09375;-93,5625;130,59375;38,21875;93,71875;-16,9375;-186,53125;29,5625;-235,15625;113,25;78,28125;-60,46875;11,90625;15,28125;70,53125;122,75;-122,1875;-176,53125;-92,5;111,59375;112,28125;34,15625;56,0625;260,78125;140,875;35,28125;-101,75;215,53125;46,4375;271,53125;273,03125;1,8125;145,96875;128,21875;136;171,90625;2,375;57,0625;268,375;215,40625;324,28125;260,40625;265,09375;203;230,75;286,96875;216,8125;136,6875;-37,6875;229,90625;-11,875;92,03125;17,28125;174,21875;366,8125;238,46875;410,375;310,46875;140,65625;106,78125;-21,65625;463;222,5625;31,875;58,5625;252,375;203,46875;365,65625;496,78125;363,375;278,75;404,125;499,84375;368,96875;118,59375;192,3125;458,0625;86,28125;44,65625;151,71875;59,28125;55,90625;108,4375;123,375;186,53125;115,03125;126,96875;153,8125;249,9375;115,5625;119,5625;316,375;173,90625;248,53125;151,0625;-20;-7,375;68,34375;24,875;-45,3125;132,3125;106,59375;-89,03125;104,15625;-68,5625;124,3125;84,625;41,875;129,25;324,28125;176,78125;-47,28125;277,40625;162,96875;253,03125;325,90625;233,375;124,15625;-159,15625;14,40625;-53,65625;-178,875;-150,6875;-127;115,09375;110,25;262,25;548,625;556,0625;693,21875;688,6875;669,3125;536,84375;558,03125;399,125;469,1875;529,5625;169,0625;285,34375;318,3125;178,375;1,34375;-93,25;-18;-291,40625;-204,40625;-237,53125;-362,28125;-169,65625;-174,71875;85,15625;-273,09375;-235,375;-329,40625;-84;-248,59375;-204,8125;-232,3125;-427,84375;-238,875;-133,65625;-278,5;-179,84375;-235,40625;-304,1875;-286,8125;-317,8125;-211,96875;-116,5625;-263,6875;-112,65625;-149,9375;-389,875;-78,25;-186,5;-188,3125;-237,78125;-294,125;-280,4375;-156,09375;-158,09375;-411,40625;-145,28125;-249,625;-265,28125;-170,09375;-54,09375;16,71875;-95,9375;-296,09375;-184,1875;-237,8125;-407,875;-163,8125;-359,53125;-267,8125;-194,125;-294,1875;-189,59375;49,53125;-233,3125;-164,9375;-156,6875;-305,03125;-167,875;-108,1875;-246,25;-284,375;-4,65625;-292,6875;-319,65625;-275,1875;-391,71875;-249,1875;-99,625;-426,46875;-371,1875;-440,25;-228,625;-212,03125;-239,71875;-217,8125;-161,90625;-394,0625;-474,96875;-452,9375;-313;-509,3125;-419,34375;-152,96875;-98,3125;-408,90625;-128;-29,65625;-380,375;-367,53125;-309,28125;-135,375;-276,5625;-203,9375;-178,84375;-354,4375;-486,40625;-168,0625;-283,53125;-288,75;-274,78125;-217,125;-172,84375;-100,90625;-353,90625;-133,03125;-175,65625;-74,15625;-320,5;-260,59375;-201,625;-86,0625;-185,875;-42,65625;
-76,75;76,21875;7,25;45,28125;132,75;-107,125;185,9375;180,46875;31,34375;135,21875;169,90625;166,90625;51,75;155,78125;-15,5;214,09375;186,34375;85,78125;1,5625;281,0625;83,40625;112,5;15,9375;105,96875;-3,375;144,1875;194,03125;45,875;162,3125;119,59375;-42;51,59375;142,96875;-69,71875;-51,625;-135,21875;-16,8125;17,90625;2,15625;18,5625;-144,25;275,375;95,6875;204,3125;-93,84375;161,59375;184,1875;-71,9375;-55,84375;-32,78125;176,46875;-96,8125;130,5625;25,59375;31,84375;245,90625;-108,3125;-44,46875;3,0625;201,65625;99,65625;-56,78125;187,59375;90,875;173,71875;112,875;328,78125;84,03125;63,625;-15,28125;-32,0625;167,46875;189,84375;-18,5625;34,8125;32,25;236,09375;200,09375;94,4375;-107,0625;-34,46875;103,65625;199,84375;140,375;-12,84375;172,6875;99,84375;246,0625;87,28125;176;195,75;316,03125;371,1875;271,25;94,90625;43,625;76,5;189,5625;222,90625;243,71875;288,625;545,0625;384,96875;220,28125;149,25;170,15625;258,03125;122,59375;149,1875;224,59375;160,25;256,4375;164,4375;139,46875;261,125;486,6875;413,15625;238,875;200,46875;264,71875;231,40625;239,875;148,40625;224,3125;313,09375;238,5625;325,09375;329,25;173,9375;369,8125;241,0625;382,625;209,875;468,84375;525,6875;460,3125;296,625;214,40625;217,78125;-16;264,625;278;218,625;254,59375;350,375;150,125;-26,875;227,90625;274,4375;235,15625;211,46875;213,65625;106,09375;29,78125;166,5;133,875;148,875;70,0625;93,8125;36,5;-10,90625;340,71875;108,375;163,75;92,625;-7,1875;-8,09375;26,53125;223,625;174,78125;309,46875;-76,15625;-21,71875;224,6875;275,03125;130,71875;69,90625;204,28125;183,875;14,53125;213,6875;94,46875;131,25;8,34375;6,8125;149,25;360,4375;726;744,90625;650,8125;779,875;527,375;610,90625;645,65625;549,8125;590,0625;618,96875;438,03125;407,125;224,9375;302,9375;204,28125;70,90625;-152;-95,6875;-201,46875;-139,0625;-237,09375;-89,6875;-32,34375;52,8125;121,0625;-98,84375;-235,78125;41,21875;23,375;-134,65625;-40,71875;-46,75;-141,03125;-103,625;-233,59375;-330,0625;-107,5;-45,46875;-189,3125;-86,375;-118,625;-95,46875;-145,28125;-176,8125;-206,6875;-137,40625;-78,46875;-92,75;-115,03125;-173,40625;-389,09375;-171,15625;-170,25;-117,28125;-78,125;172,75;17,78125;-126,09375;43,09375;-155,5625;-195,75;-181,25;-197,25;-56,5625;-145,65625;-264,84375;-227,625;-136,71875;-285,84375;-51,40625;-161,75;-258,5625;-72,625;95,375;-195,21875;-318,3125;-75,96875;-67,40625;-260,75;-128,84375;-87,09375;-158,65625;-283,875;-206;-79,4375;-170,03125;-125,28125;-332,09375;-259,96875;-54,625;-368,84375;-417,75;-74,59375;-190,40625;-182,46875;-86,5625;-151,78125;-201,0625;-108,1875;-196,375;-111,5625;-201,125;-163;-259,90625;-52,90625;-408,9375;-235,6875;-199,1875;-229,15625;0,3125;-132,34375;-215,15625;-51,5625;-258,75;-133,84375;-201,3125;-327,5625;-137,5625;-361,78125;-274,375;-227,375;56,71875;-248,71875;-306,34375;-332,59375;-168,84375;-367,625;11,875;-153,75;51,78125;-192,96875;-151,1875;-231,21875;
333,8125;62,6875;-120,34375;221,0625;-55,90625;105,6875;-15,75;108,0625;118,21875;76,5625;118,65625;130,8125;73,8125;229,6875;199,4375;-17,8125;281,25;197,40625;-14,40625;-10,3125;130,3125;74,25;68,375;82,15625;-87,0625;34,96875;-15,9375;-90,03125;134,03125;161,46875;162,53125;-2,625;132,0625;-54,53125;86,28125;197,375;98,3125;68,40625;49,71875;219,90625;129;88,15625;-55,59375;188,21875;101,15625;125,1875;-86,6875;-70,625;-109,65625;7,75;-64,5;17,5;26,78125;138,5625;-27,25;203,9375;135;66,75;-30,1875;-10,84375;-141,3125;-143,40625;47,875;-90,34375;144,75;244,9375;45,625;120,75;-60,1875;-19,9375;-131,78125;-208,59375;-10,65625;75,9375;105,21875;32,0625;81,96875;-30,6875;-31,3125;24,59375;257,6875;29,71875;340,6875;51,34375;-28,8125;-99,125;18,0625;251,8125;31,34375;267,875;230,125;216,625;482,5;42,75;76,375;316,78125;-22,875;401,34375;38,03125;158,78125;222,78125;105,1875;152,09375;116,4375;296,90625;298,125;144,625;145,71875;117,5625;-107,40625;179,90625;57,3125;271,5625;29,03125;70,125;152,21875;276,46875;34,375;172,375;74,46875;283,34375;213,96875;89,46875;159,25;128,625;120,8125;388,59375;368,65625;162,875;147,3125;140,625;214,65625;309,75;271,25;452,03125;377,46875;297,5625;170,6875;128,34375;216,125;107,6875;269;108,71875;-94,15625;287,6875;69,5625;142,96875;283,78125;226,40625;155,125;252,25;185,53125;101,6875;-12,09375;187,875;93,25;4,59375;69,03125;55,75;81,5;98;3,5;165,84375;153,0625;58,3125;-94,03125;177,625;181,84375;-72,1875;224,375;236,90625;125,625;62;261,46875;22,9375;174,84375;104,5625;17,46875;109,34375;6,4375;-91,15625;-128,125;-88,21875;-33,3125;121,53125;117,3125;218,03125;409,34375;555,0625;510,4375;666,96875;740,59375;570,9375;569,46875;366,75;358,15625;535,84375;516,28125;384,53125;188,46875;11,125;162,75;-6,21875;100,625;-215,75;-113,65625;-208,1875;-238,46875;-90,5;-255,40625;-108,625;-161,4375;-189,625;-276,34375;-222,4375;-362,0625;-400,125;-259,5;-340,375;-23,78125;-336,15625;-172,3125;29,34375;-171,09375;-247,4375;-293,125;-105,78125;-411,1875;-26,15625;-276,09375;-320,40625;-191,90625;-219,21875;-67,03125;-67,125;-457,90625;-258,96875;-239,4375;-302,4375;-145,5;-182,03125;-64,8125;-255;-227,65625;-3,71875;-297,5;-78,59375;-260,1875;34,90625;-331,4375;-230,75;-210,90625;-362,875;-162,46875;-17,21875;-179,09375;-219,5625;-505,34375;-80,40625;-178,8125;-183,78125;-145,375;-67,4375;-261,59375;-317,65625;-121,5625;-284,25;-131,5;-174,0625;-316,6875;-323,84375;-225,0625;-149,84375;-352,5;-299,71875;-114,5625;-321,40625;-324,28125;-447,03125;-235,9375;-343,09375;-255,75;-402,03125;-224,71875;-280,125;-306,90625;-521,4375;-445,46875;-488,15625;-282,375;-274,3125;-202,625;-292,4375;-353,78125;-77,375;-456,125;-275,84375;-63,21875;-213,90625;-221,15625;-260,3125;-243,4375;-255,09375;-238,6875;-256,28125;-496,6875;-333,875;-215,6875;-267,625;-143,625;-195,1875;-188,09375;-109;-109,9375;-210,21875;-141,0625;-102,28125;-32,125;-213,71875;-350,4375;
212,21875;170;256,46875;40,625;203,15625;52,75;165,875;149,09375;71,5625;140,5625;-79,09375;158,09375;-54,15625;69,28125;-46,71875;61,1875;136,21875;177,8125;293,71875;64,875;13,25;-92,40625;-69,34375;110,34375;168,625;69,53125;83,875;-164,53125;38,65625;167,71875;251,71875;120;-105,15625;12,53125;-84;-71,53125;73,9375;34,125;136,1875;111,0625;87,15625;-25,84375;25,625;78;52,15625;188,6875;226,90625;137,375;188,09375;33,46875;239,15625;158,28125;-97,21875;65,15625;50,03125;28,875;-76,96875;52,5625;79,28125;78,375;58,9375;28,28125;179,34375;167,34375;-48,96875;147,6875;51,71875;156,78125;128,09375;86,0625;243,28125;218,4375;133,4375;80,125;16,59375;75,46875;-73,15625;34,625;266,21875;147,40625;239,5625;187,03125;89,65625;61,21875;165,75;63,21875;345,3125;50,40625;268,25;248,40625;413,78125;222,8125;327,03125;175,84375;203,5;103,53125;164,96875;149,5;254,59375;258,96875;341,53125;270,46875;477,03125;275,78125;251,9375;377,8125;157,53125;374,1875;247,71875;33,84375;238,9375;245,1875;340,8125;238,625;154,15625;134,59375;272,5625;328,5;331,5625;156;289,28125;249,53125;382,59375;394,40625;310,34375;59,53125;312,59375;180,25;374,34375;496,4375;335,6875;327,46875;280,28125;316,34375;349,40625;272,3125;285,1875;136,28125;221,9375;192,09375;226,3125;172,9375;30,375;290,75;180,34375;171;13,71875;315,15625;242,3125;546,6875;325,03125;310,0625;206,40625;334,15625;373,125;181,375;146,90625;61,75;103,1875;15,21875;-99,90625;-23,75;-9,6875;157,1875;231,90625;133,15625;136,15625;-54,84375;90,1875;215,46875;204;168,59375;248,25;335,3125;188,03125;225,40625;46,34375;13,21875;40,65625;22,84375;6,4375;-97,5625;76,375;283,875;144,46875;276,8125;149,15625;453,34375;710,8125;686,75;713,34375;830,375;602,59375;582,90625;389,4375;414,625;443,71875;325,15625;442,9375;280,9375;350,21875;-95,84375;-162,375;-47,1875;148,625;-62,15625;86,75;-147,21875;-32,46875;183;35,5;-129,5;26,96875;-48,5625;-282;-226,71875;-446,6875;-139,34375;-241,125;-216,78125;-131,625;131,3125;-166;-189,3125;-130,90625;-82,21875;-67,8125;-208,125;-187,90625;-251,125;-19,5;-111,34375;-254,875;-198,3125;-118,65625;-126,0625;-80,875;-398,78125;4,65625;-95,28125;-227,6875;83,8125;-30,3125;-47,84375;-160,65625;-48,71875;146,65625;-166,03125;134,53125;-76,5625;-249,78125;94,1875;-102;-198,75;-165,3125;-52,09375;-260,59375;-186,8125;-70,15625;-312,34375;57,15625;-63,90625;-129,5625;48,09375;-12,25;-241,8125;-235,21875;-148,78125;-271,125;-52,25;-202,0625;-337,625;-125,15625;-203,75;-243,84375;-26,875;-143;-175,46875;-253,1875;-181,40625;-133,3125;-300,34375;-233,5;-68,09375;37,6875;-297,96875;-82,59375;-192,84375;-164,21875;-292,25;-100,6875;-221,3125;-244,59375;-204,90625;-315,59375;-256,0625;-166,5625;41,3125;-90,53125;-286,1875;-86,0625;-72,0625;-42,25;-201,78125;-229,375;-60,90625;-90,84375;-82,625;141,59375;-92,75;33,3125;47,03125;-178,0625;-103,3125;-85,90625;-113,0625;-173,46875;-189;62,125;-140,09375;
268,375;204,6875;115,34375;246,46875;187,625;185,875;188,4375;-117,78125;19,34375;70,8125;38,0625;-22,5625;101,75;17,6875;77,1875;144,375;66,90625;206,3125;285,90625;90,25;-44,21875;-227;-69,75;53,8125;127,6875;157,5;48,15625;141,34375;140,65625;235,46875;130,1875;107,09375;91,84375;215,9375;43,8125;308,4375;7,40625;-60,15625;-7,90625;68,9375;133,6875;17,59375;192,03125;-17,34375;172,90625;183,125;61,96875;197,40625;277,5625;18,5625;129,09375;159,5625;83,71875;113,375;214,8125;-48,5625;77,875;42,0625;170,125;159;97,34375;50,375;15,375;-42,125;56,875;152,9375;147,0625;20,84375;22,09375;57,75;94,34375;-40,84375;114,15625;78,125;262,71875;171,09375;131,84375;132,03125;2,84375;285,4375;285,71875;183,6875;35,375;0,25;133,15625;149,3125;145,0625;188,78125;361,3125;241,28125;257,8125;133,1875;131,125;440,03125;73,96875;219,59375;32,96875;193,59375;-28,28125;211,5;418,40625;274,90625;167,3125;98,875;156,0625;273,28125;140,1875;-45,90625;79,8125;159;69,96875;130,5625;109,40625;94,125;294,625;428,3125;269,09375;86,96875;202,0625;521,90625;518,34375;208,15625;63,65625;460,59375;331,34375;447,40625;247,03125;132,53125;377,625;270,9375;216,65625;326,9375;451,09375;317,8125;372,1875;324;484,78125;275,5;219,875;382,8125;137,84375;296,90625;99,09375;-19,09375;70,375;82,46875;155,71875;306,96875;146,28125;293,8125;179,78125;111,84375;192,78125;324,21875;90,8125;-53,53125;243,3125;147,1875;195,53125;-145,21875;114,1875;154,8125;12,1875;-66,375;175,1875;166,90625;32,59375;-218,6875;202,5;152,25;325,4375;433,90625;430,78125;274,5;99,28125;263,25;396,0625;206,3125;21,78125;-155,1875;-239,84375;161,71875;-87,84375;126,59375;29,46875;194,0625;355,78125;620,84375;436,96875;528,8125;334,40625;413,90625;478,9375;362,96875;294,1875;478,5;308,625;287,9375;323,96875;468,84375;28,875;194,90625;-101,4375;-74,5625;117;-84,96875;-70,15625;-65,03125;-181,625;-19,875;-121,96875;13,5625;-136,875;-292,125;-42,59375;50,3125;-188,84375;-99,09375;-132;-206,9375;-0,78125;9,46875;67,75;-129,9375;-66,96875;-54,4375;-191,625;-331,75;-268,25;-153,90625;-36,6875;-143,5625;-49,21875;72,34375;-138,59375;7,65625;-136,5;-62,625;-109,25;-103,6875;-102,5625;-143,28125;-232,375;-77,5;79,71875;3,09375;-144,78125;-181,09375;67,53125;-75,34375;78;-128,5625;-225,6875;-236,625;-119,4375;-99,15625;-182,875;-90,625;-131,96875;-138,21875;22,15625;-156,75;-255,34375;-137,3125;-182,625;-191,9375;-98,78125;-97,84375;-249,53125;-110,90625;-36,875;42,84375;-369,78125;-22,59375;62,3125;-26,0625;-181,5;-9,4375;-97,34375;-17,375;-136,96875;-520,1875;-148,21875;47,84375;-38,4375;-388,21875;-62,875;-4,8125;-222,84375;-204,625;-217,75;-184,84375;-157,375;-76,8125;97,125;9,65625;-175,9375;-186,6875;-41,09375;-125,5625;9;-158,125;-72,4375;-286,8125;-229,125;42,9375;-63,75;-65,375;-86,71875;-25,6875;170,75;-188,875;-269,71875;-211,15625;-80,8125;-126,84375;-7,1875;-26,5;-59,28125;29,875;
-19,65625;-71,875;71,15625;140;206,96875;-174,96875;46,125;-169,09375;-43,84375;28,5625;98,46875;62,71875;-59,46875;133,625;-186,53125;146,4375;-97,875;-67,1875;101,46875;65,34375;-172;14,40625;-30,34375;-77,0625;60,875;-42,1875;123,21875;-269,21875;126,1875;132,15625;89,46875;8,46875;69,4375;-224,625;-148,53125;-208,5;17,9375;74,09375;57,84375;35,78125;162,125;-211,03125;-55,46875;58,28125;160,0625;25,46875;5,71875;-17;-204,9375;-227,34375;-122,09375;18,125;-182,625;138,25;-90,03125;-1,46875;60,03125;16,9375;-50,21875;-101,53125;-41,34375;-103,40625;-80,1875;-197,21875;-80;168,78125;120,5625;86,03125;-56,875;-85,09375;-61,59375;158,34375;-91;84,03125;-36,53125;13,21875;23,0625;-15,375;12,8125;32,5625;35,4375;-10,71875;-119,1875;-59,3125;130,53125;61,5625;47,46875;233,25;-7,96875;213,3125;-62,9375;240,15625;-26,625;191,78125;269,5;0,6875;199,1875;51,25;226,25;120,34375;26,59375;132,9375;373,21875;99;40,4375;-78,0625;143,90625;-67,40625;209,46875;136,84375;100,25;213,9375;271,625;207,59375;250,3125;15,3125;188,90625;58,59375;-11,5625;380,625;142,65625;94,84375;178,5;208,875;63,53125;258,3125;286,96875;429,125;301,5625;249,90625;439,21875;388,5625;100;202,34375;171,53125;71,3125;62,09375;259,53125;76,34375;26,75;148,375;46,09375;150,34375;95,4375;-139;103,40625;52,09375;-30,375;-35,59375;-15,90625;37,53125;-66,1875;-58,8125;110,59375;141,03125;16,6875;130,84375;105,1875;47,0625;126,75;77,78125;-41,65625;156,0625;79,03125;-47,15625;13,1875;7,53125;36,28125;14,34375;85;37,15625;-40,1875;86,84375;80,46875;30,40625;195,125;28,1875;-38,5625;-138,59375;-95,5;-80,09375;39,59375;-43,5625;-0,875;-1,9375;-42,3125;250,84375;242,5625;524,4375;274,3125;421,6875;274,25;486,34375;349,9375;286,625;174,25;349,875;25,5;200,84375;180,78125;117,53125;-69,125;-87,375;-311,53125;-83,21875;-418,4375;-136,84375;-244,90625;-209,4375;-156,25;-124,21875;-116,28125;23,84375;-162,5625;-229,5625;-189,78125;-209,5625;-195,53125;-254,5;-156,4375;-308,53125;-180,53125;-160,1875;-151,71875;-61;-73,15625;-16,21875;-107,96875;-103,15625;-251,09375;-211,96875;-160,3125;-166,8125;-283,96875;-161,40625;-76,46875;-97,96875;-84,03125;-296;-167,09375;-251,625;-278,0625;-242;-340,25;-50,40625;-67,40625;5,46875;-155,9375;-105,15625;-171,59375;-237,65625;-228,15625;-236,09375;-294,84375;-127,875;-238,65625;-167,15625;-234,375;-85,3125;-226,90625;-350,78125;-254,4375;-233,6875;-198,78125;-379,4375;-230,71875;-78,59375;-325,59375;-271,59375;-349,65625;-125,0625;-163;-243,125;-424,8125;-197,15625;-311,03125;-419,71875;-414,21875;-483,6875;-261,5625;-34,71875;-98,90625;-247,78125;-265,40625;-257,3125;-64,84375;-169,21875;-158,90625;-261,65625;-326,65625;-451,4375;-283,15625;-251,0625;7,375;-150,9375;-254,75;-317,375;-246,8125;-241,28125;-318,46875;-343;-249,875;-249,96875;-161,71875;-216,125;-211,75;-4,84375;-160,34375;-314,9375;-146;-263,96875;-126,4375;57,1875;-219,1875;-185,40625;-120,875;-285,1875;-193;-233,9375;-253,46875;
151,375;43;-30,59375;-40;63,21875;108,53125;73,8125;-24,5;-172,875;-114,65625;14,25;-76,9375;-22,15625;-40,625;-53,21875;56,34375;-54,09375;-18,125;70,5625;23,09375;84,5625;87,46875;-19,9375;-119,65625;41,25;30,96875;-143,84375;278,75;4,4375;-60,5625;54,4375;-3;43,46875;-135,53125;-93,9375;207,71875;146,53125;-64,5625;-20,6875;-27,78125;128,5625;-0,0625;-167,625;-188,28125;-49;155,78125;-144,125;50,78125;116,3125;71,40625;168,84375;153,1875;2,78125;-114,59375;129,125;-117,78125;50,5;85,75;-115,4375;69,375;260,4375;45,71875;-72,9375;-195,75;175,53125;94,65625;-3,28125;108,65625;-60,5;-108,9375;20,4375;2,125;-71,53125;100,46875;4,59375;298,8125;122,75;49,875;206,84375;373,8125;42,09375;96;86,375;180,8125;87,875;-50,65625;30,34375;48,1875;34,34375;-6,125;263,09375;139,96875;62,4375;219;273,9375;67,25;27,1875;133,21875;274,65625;487,90625;136,0625;421,34375;39,6875;160,6875;141,5625;177,3125;131,40625;-33,59375;8,6875;163,3125;161,8125;55,375;68,28125;172,53125;324,84375;267,09375;194,4375;176,46875;311,9375;-17,875;148,78125;226,8125;17,71875;155,25;162,65625;140,40625;114;123,90625;233,4375;41,71875;142,40625;218,40625;463,71875;323,6875;228,0625;153,15625;125,8125;94,65625;212,40625;357,4375;-56,90625;271,71875;57,3125;-14,90625;256,84375;126,9375;-14,09375;121,21875;128;240,25;301,6875;116,59375;245,78125;125,53125;141,75;122,71875;7,6875;175,53125;86,125;199,28125;222,34375;152,375;-17,03125;124,1875;-53,03125;171,59375;4,65625;-26,84375;-7,59375;232,53125;150,15625;220,21875;111,75;133,3125;244,53125;56,625;97,34375;-33,09375;-76,375;-80,71875;-148,9375;11,90625;-84,75;-295,65625;42;85,78125;9,0625;300,25;367,59375;434,125;508,03125;363,53125;341,875;441,125;201,46875;281,5625;198,875;292,8125;279,5625;118,625;-65,4375;-43,96875;-87,375;-113,5625;-112,625;-59,25;-192,4375;-152,53125;-155,28125;175,875;56,28125;-187,03125;-126,0625;-201,28125;-129,90625;26,84375;-282,3125;-335,0625;-190,03125;-257,28125;7,40625;-278,40625;-305,90625;-254,15625;-130,71875;-327,21875;-144,25;-187,5625;-105,3125;99,3125;-200,90625;49,53125;-100,84375;-160,6875;-127,53125;-124,6875;-65,34375;-165,3125;-33;-135,75;-174,5;-345,46875;-369,0625;-232,875;-149,625;-131,9375;27,40625;-72,28125;-213,1875;-108,25;-209,5625;-20,6875;-264,875;-369,40625;-17,5625;-160,46875;140,34375;-311,46875;-149,625;-182,46875;-285;-177,53125;-211,21875;-112,90625;38,6875;-32,25;-59;9,40625;-184,5625;-374,03125;-242,21875;-203,34375;-319,78125;-302,4375;-453,0625;-101,65625;-117,90625;-189,8125;-219;-307,375;-134,5;-211,4375;-253,34375;-147,34375;-301,6875;-149,15625;-306,90625;-144,59375;-269,8125;-143,0625;-136,65625;-280;-15,78125;43,40625;-267,4375;-122,03125;-270,625;-73;-127,03125;39,25;-143,125;-273,59375;-328,96875;-114,1875;-153,75;-267,03125;-260,9375;-159,9375;-58,3125;-185,6875;-21,40625;-21,9375;-222,75;-46,3125;8,875;-23,96875;-256,21875;-22,65625;-152,25;-156,28125;
149,90625;-102,6875;33,875;-23,40625;129,71875;-50,09375;-4,9375;-139,9375;-148,25;-231,375;-54,8125;-32,03125;81,9375;-79,34375;67,40625;64,03125;-140,53125;-132;61,40625;-32;156,375;-41,21875;-88,84375;88,71875;17,84375;142,4375;-94,28125;14,15625;4,4375;21,90625;-94,5625;-153,1875;-62;-72,09375;-1,15625;184,53125;20,5625;-101,1875;-52,21875;47,125;-57,59375;-1,75;216,8125;66,75;34,9375;-21,78125;-124,5625;84,34375;167,3125;-18,75;-71,875;-146,90625;98,65625;54,1875;-137,8125;75,34375;3,03125;-100,28125;-129,6875;138,90625;-241,3125;3,9375;13,75;-140,8125;6,375;236,59375;-69,875;-26;-59,75;14,8125;-196,40625;115,8125;36,4375;-11,90625;-26,625;-159,4375;-97,84375;117,09375;42,0625;24,90625;227,09375;-12,53125;9;75,65625;234,21875;-9,78125;152,25;141,03125;168;178,53125;195,1875;156,125;40,78125;230,1875;144,375;94,5;116,90625;196,15625;70,0625;202,25;96,1875;270,90625;218,59375;158,3125;187,71875;208,21875;193,75;23,125;66;-15,28125;147,90625;184,15625;182,1875;173,90625;57,1875;92,0625;47,03125;232,15625;104,3125;231,53125;253,65625;202,875;31,8125;179,0625;56,03125;250,6875;153,3125;87,9375;99,03125;325,0625;197,4375;240,875;391,875;377,9375;159,65625;296,59375;291,46875;214,28125;50,78125;120,40625;225,03125;-13;-111,5625;104,5;-21,1875;9,9375;-20,40625;157,5;61,125;249,71875;187,15625;312,59375;134,03125;-31,875;150,09375;89,15625;179,875;249;34,625;-61;130,90625;-122,15625;146,53125;94,71875;47,65625;50,46875;-29,46875;29,40625;65,96875;83,28125;157,65625;78,34375;281,65625;213,84375;-23,4375;60,21875;74,71875;-116,375;-80,8125;1,09375;-82,53125;-58,15625;-100,84375;143,96875;195,96875;118,75;151,0625;354,75;359,96875;491,9375;361,90625;227,59375;119,8125;261,84375;373,03125;155,78125;306,1875;22,09375;-24,5625;114,75;87,25;36,03125;-19;98,46875;51,0625;8,625;54,875;-333,03125;-18,3125;30,03125;-228;-30,4375;-209,5625;-166,8125;-198,40625;-129,96875;100,03125;-251,375;-73,46875;-137,5;-37,15625;-245,34375;-63,65625;-90,9375;-237,875;-125,625;-106,28125;-209,6875;-236,4375;-219,6875;-15,96875;-124,1875;-205,375;-62,59375;-55,75;-35,3125;24,875;-198,9375;-213,1875;-204,25;-176,375;-187,71875;-54,375;-236,5625;24,375;-21,65625;-32,34375;-84,53125;-216,125;-143,84375;-31,8125;-50,28125;-205,28125;-197,78125;-148,6875;-224,8125;-269,75;-287,28125;-182,625;-28,625;-145,125;-157,34375;-31,46875;-289,65625;-70,84375;-83,625;-190,625;-147,625;-188,59375;-220,59375;-82,15625;-327,75;-336,125;-204,71875;-172,90625;-132,5;-231,375;-255,46875;-258,375;-247,21875;-102,46875;-346,71875;-308,875;-327,875;-139,03125;-148,59375;-134,28125;-351,625;-41,375;-243,53125;-149,59375;-23,71875;-298,125;-268,875;-127,0625;-246,125;-163,46875;-294,0625;-139,21875;-66,4375;-281,5;-189,8125;-202,375;-199,71875;-48,9375;-63,3125;-387,0625;-399,25;37,71875;-30,3125;-117,34375;36,03125;-148,5625;-258,71875;-88,8125;-104,875;-122,9375;-223,78125;-233,53125;-83;
155,25;168,65625;22,78125;50,96875;236,71875;-33;30,375;-33,5;161,1875;-87,28125;88,5625;58,5;-29,59375;37,03125;-44,6875;-124,25;-121,0625;-12,46875;135,4375;219,65625;80,71875;180,625;158,8125;-23,9375;-86,625;55,1875;142,71875;-68,875;36,1875;12,53125;-19,09375;48,8125;19,78125;97,5;-165,84375;30,0625;35,375;-14,8125;-10,78125;1,96875;5,34375;132,1875;91,46875;-71,9375;4,5;78,5;29,125;109,59375;80,3125;-92,40625;98,46875;-46,8125;305,15625;-77,96875;-44,75;87,8125;2,21875;11,34375;236,375;143,0625;-45,4375;121,09375;47,5;30,53125;-16,21875;-98;-58,65625;101,25;-119,78125;-27,21875;-36,5625;3,125;-110,34375;54,6875;81,9375;326,71875;168,125;-126,71875;-1,40625;482,96875;23,3125;47,375;75,6875;47,0625;275,375;102,53125;78,59375;161,5;152,71875;114,09375;119,375;158,59375;241,46875;212,5;124,40625;222,03125;47,90625;160;246,34375;370,875;161,28125;107,6875;192,96875;294,375;238,09375;29,34375;155,375;135,75;151,46875;252,75;64,125;273,03125;304,09375;487,5;321,9375;235,71875;147,875;277,5;234,53125;197,65625;322,0625;415,03125;87,625;75,65625;267,34375;208,53125;245,09375;292,75;290,5;60,3125;340,3125;291,21875;318,3125;307,21875;257,78125;166,375;236,71875;341,875;261,3125;40,0625;130,25;18,03125;-33,03125;203,875;163,59375;-17,3125;37,0625;39,03125;40,5625;327,65625;-26,46875;-1,21875;214,59375;220,34375;-18,4375;2,21875;62,96875;13,21875;70;34,5;113,84375;47,875;-2,84375;54,625;-109,625;195,09375;-71,75;-37,8125;139,4375;295,09375;99,03125;243,6875;155,5;100,28125;115,34375;-72,1875;14,53125;-1,5625;62,71875;25,78125;-127,53125;27,84375;150;5,40625;122,15625;320,5625;115,65625;311,875;283,75;478,03125;494,59375;276,28125;213,25;295;375,40625;258,125;235,71875;100,875;422,3125;272,34375;299,3125;53,25;-117,3125;-224,21875;-85,96875;-103,09375;-44,375;-138,25;-93,78125;-112,46875;-209,96875;-151,90625;-161,6875;-98,59375;-101,8125;-118,15625;-84,125;-321,125;82,40625;-184,6875;-146,1875;-274,40625;-293,53125;111,75;-77,34375;-23,9375;-282,625;-109,21875;-157,71875;-112,34375;-94,84375;31,9375;-259,125;-108,15625;-149,625;-31,65625;-232,3125;-121,0625;-258,34375;-211,53125;-83,4375;-55,03125;-83,4375;-21,90625;-132,625;-94,5625;-47,53125;-240,75;139,21875;-117,84375;-76,1875;-156,96875;-185,5;-193,5625;-158,125;-80,96875;-126,1875;2,53125;4,0625;-109,1875;-387,28125;-278,65625;-352,25;-100,125;-241,8125;-101;-307,9375;-107,75;-312,40625;-13,3125;-38,1875;-142,75;-146,78125;-309,96875;-224,9375;-188,1875;-95,15625;-235,625;-192,78125;-121,9375;-159,34375;-221,65625;-179,90625;-63,5625;-217,875;-274,0625;17,4375;-95,78125;-263,96875;-127,375;-295,3125;-232,5;-221,34375;-213,03125;-164,6875;-251,25;-26,78125;-237,40625;-203,59375;47,25;-104;-126,65625;-9,09375;-202,71875;-145,96875;-271,71875;-176,78125;-341,65625;-114,40625;29,25;-7,03125;-127,75;-68,5625;-35,4375;-157,21875;-143,46875;58,09375;-64,375;-78,875;-8,5625;
-106,125;-74,375;-140,5;-15,75;-199,8125;49,84375;38,84375;-76,40625;-186,46875;-98,65625;13,4375;-252,625;28,3125;-266,15625;-28,59375;-132,46875;86,46875;-70,875;-45,1875;-148,03125;-71,34375;-38,0625;-9,75;16,40625;35,40625;72,4375;-147,65625;55,21875;-240,90625;-98,84375;27,375;-28,65625;52,96875;-101,84375;69,90625;148,875;70,15625;257,375;146,21875;-204,25;41,28125;12,625;197,1875;35,46875;-198,53125;-283,0625;-108,59375;2,0625;33,90625;38,125;65,5;149,75;-5,03125;252;-127,375;25,3125;-41,90625;60,46875;-185,375;-139,25;-93,3125;-13,1875;-18,25;-32,65625;8,875;105,1875;-83,90625;53,46875;97,90625;40,8125;-263,03125;-59,3125;-121;-136,125;112,03125;42,9375;112,34375;69,5625;-128,03125;99,71875;-18,875;153,34375;-206,25;118,65625;-122,0625;-231,21875;-163,96875;2,71875;6,65625;94,34375;11,34375;-55,34375;40,59375;149,1875;167,125;7,21875;119,5625;69,8125;232,34375;193,59375;287,03125;6,84375;225,15625;67,25;290,59375;59,46875;51,9375;220,9375;133,375;119,46875;66,875;322,3125;243,71875;360,25;133,0625;275,5625;68,28125;78,71875;216;-39,34375;308,6875;120,40625;157,9375;132,375;144,28125;176,78125;126,5625;239,59375;122,625;224,65625;76,6875;358,40625;145;140,0625;2,125;168,40625;206,6875;212,625;2,25;-38,9375;1,75;-107,59375;188,65625;101,46875;69,4375;-54,21875;189,5;5,59375;175,96875;77,59375;-7,75;202,125;26,0625;-141,0625;254,40625;-6,875;79,90625;23,4375;-41,8125;78,15625;137,75;153,6875;-78,375;-8,78125;127,03125;24,5625;-15,53125;177,34375;-116,90625;20,40625;-30,59375;244,15625;100,21875;28,28125;35,28125;116,53125;84,84375;-190,59375;-126,5625;-261,84375;-120,375;-192,84375;-141,96875;4,78125;-163,0625;-101,3125;69,15625;176,25;163,375;193,78125;431;364,15625;131,78125;236,96875;78,3125;56,5;251;387,09375;103,53125;69,40625;-180;-110,625;-229,6875;-143,125;-117,625;36,1875;-270,90625;19,3125;-77,09375;-105,34375;139,6875;-42,65625;-144,53125;-170;-81,5625;55,96875;-115,96875;-113,21875;-19,90625;-211,375;-219,90625;-133,5625;-92,90625;-132,59375;-58,96875;-194,0625;-30,875;-92,34375;-128,84375;-223,875;-180,0625;-286,1875;-54,03125;-219,21875;-187,84375;-111,53125;-167,40625;-254,25;-160,34375;-385,65625;-307,125;-277,875;-99;-190,90625;-97,6875;-191,5;-331,6875;-211,4375;-106,09375;-105,0625;-227,28125;-258,75;-307,8125;-296,25;-132,53125;-331,5625;-390,65625;-266;-201,4375;-341,3125;-112,625;-213,09375;-320,34375;-297,4375;-242,6875;-348,15625;-75,125;-114,65625;-349,0625;-138,9375;-148,46875;-105,6875;-247,28125;-291,28125;-325,65625;-356,71875;-300,75;-283,125;-282,28125;-24,875;-207,5625;-259,59375;-296,15625;-416,15625;-155,34375;-249,625;-36;-186,15625;147,71875;-179;-386,4375;-190,53125;-444,46875;-343,625;-194,6875;-163,09375;-316,65625;-280,875;-272,4375;-254,34375;-232,125;-255,125;-212,125;-292,09375;-204,09375;-317;-174;-64,5625;-115,8125;-235,125;-420,21875;-235,125;-227,84375;-96,90625;-92,875;-179,78125;-223,875;7,625;-104,75;93,28125;
309,03125;168,125;207,75;38,78125;150,5;169,1875;71,59375;-7,15625;11,53125;-60,34375;70,34375;330,25;9,78125;75,09375;379,125;208,625;60,625;119,59375;115,28125;372,84375;201,3125;209,28125;11,6875;112,1875;166,5;100,03125;211,09375;8,3125;206,90625;79;99,28125;106,0625;58,5;275,875;182,15625;207,78125;222,5;158,53125;397,65625;0,46875;84,625;161,09375;174,21875;155,65625;231,15625;103,4375;115,53125;156,84375;322,34375;414,0625;329,34375;326,59375;146,0625;-38,71875;77,8125;-39,84375;58;199,15625;145,5625;94,75;327,625;232,03125;159,15625;226,5;161,375;313,15625;242,03125;352,0625;46,34375;149;152,125;204,40625;399,375;199,875;9,8125;171,53125;7,40625;251,53125;147,15625;188,71875;167,4375;112;231;161,40625;249,71875;-1,96875;268,71875;323,875;122,1875;340,4375;209,15625;352,75;70,59375;183,28125;312;229,40625;128,8125;124,3125;492;397,34375;335,375;425,28125;272,875;351,375;361,96875;68,53125;334,28125;416,09375;561,25;258,71875;374,21875;337,78125;249,90625;341,09375;599,46875;174,6875;105,90625;357,1875;548,15625;111,53125;375,25;392,21875;312,875;386,03125;151,40625;435,40625;418,9375;495;73,875;454,96875;409,1875;490,625;267,46875;341,6875;129,71875;241,25;282,5;402,03125;438,625;18,625;219,625;313,5;161,53125;240,96875;338,65625;324,40625;163,25;193,9375;198,34375;230,96875;198,65625;183,375;92,5;393,34375;119,96875;315,21875;309,40625;327,875;161,03125;182,09375;11,84375;-41,25;57,90625;319,1875;275,96875;55,4375;425,25;205,1875;158,15625;289,375;255,8125;251,125;311,40625;174,21875;69;163,625;118,71875;169,65625;-114,46875;99,40625;117,9375;193,53125;41,625;139,25;96,25;205,21875;232,1875;362,375;404,90625;543,375;405,40625;484,78125;527,15625;412,25;552,25;254,6875;145,625;235,71875;345,5625;288,9375;184,96875;178,6875;24,65625;221,4375;103,34375;20,15625;97,71875;231,9375;-21,125;-64,125;106,34375;-82,9375;-169,375;-197,4375;148,3125;-14,5;-106,96875;57,75;169,71875;-104,53125;6,75;83,6875;224,65625;103,75;-144,21875;-21,375;-124,53125;-99,125;25,53125;-160,375;156,65625;164,09375;-30,09375;-114,25;113,625;12,375;159,125;7,15625;163,21875;-171,78125;15,40625;-75,9375;14,71875;112,25;12,1875;56,78125;-43,3125;5;-31,59375;-141,3125;185,65625;34,28125;210,9375;-68,5;-166,96875;-87,03125;-14,25;-223,96875;-146,09375;-159,78125;-76,46875;-143,46875;-19,5;-172,5;-91,34375;-71,59375;-117,09375;50,125;-47,8125;-249,28125;-61,9375;-64,59375;-158,5625;40,125;-95,65625;-138,9375;-101,34375;-90,625;-94,09375;8,5;-141,65625;-181,0625;-196,875;-21,84375;-134,375;-220,40625;-96,25;-177,8125;-81,03125;-85,59375;-146,625;-129,8125;59,4375;-30;-37,9375;-57,34375;-18,8125;7,53125;-70,03125;-69,75;-133,75;-148,6875;-38,5;-28,875;-141,5625;-95,21875;-118,6875;67,8125;14,84375;-44,75;83;130,375;-245,09375;71,53125;-66,0625;-72,1875;21,84375;-102,03125;172,34375;58,65625;
16,75;-4,53125;-203,1875;-37,9375;-98,8125;23,71875;-191,625;-31,625;111,5;25,53125;-7,34375;-53,15625;-124,4375;-28,0625;-60,625;2,28125;70,125;41,65625;47,59375;31,625;-137,40625;-59,78125;161,4375;-52,6875;146,875;75,71875;164,875;10,3125;162,78125;113,9375;-88,53125;103,375;120,28125;-25,21875;-54,5;110,875;-31;-0,59375;288,25;22,9375;34,625;56,8125;11,84375;-67,71875;223,375;128,0625;219,6875;247,09375;83,3125;167,25;83,25;78,34375;115,78125;283,71875;88,53125;-31,375;-53,15625;94,34375;98,5;210,28125;-59,21875;76,53125;5,5;4,4375;119,625;-119,3125;52,0625;197,21875;-170,34375;-58,59375;13,65625;-92,21875;-37,84375;-33,03125;-104,59375;158,25;56,8125;69,71875;-73,65625;172,59375;-52,8125;276,6875;67,15625;3,34375;149,5625;-146,21875;57,84375;124,65625;27,3125;156,46875;99,90625;-47,8125;97,53125;282,875;301,59375;90,1875;216,28125;248,25;-3,15625;177,21875;112,53125;143,90625;123,96875;235,90625;166,28125;93,5;106,59375;45,53125;257,0625;12,71875;205,1875;193,96875;315,96875;65,25;427,5625;143,65625;287,25;122,65625;223,09375;-1,65625;201,375;71,78125;257,40625;210,375;310,9375;87,21875;160,53125;252,9375;66,625;123,46875;117,0625;251,25;160,125;285,6875;332;136,3125;271,46875;-4,25;305,5;237,65625;-123,4375;-31,25;-15,15625;164,53125;192,0625;150,28125;83,9375;-28,125;69,625;88,59375;62,78125;-37,0625;76,75;70,59375;152,09375;78,34375;84,5625;-94,09375;205,375;-46,875;179,0625;163,03125;-14,53125;126,9375;159,5;6,34375;111,84375;-51,75;-52,6875;60,59375;41,46875;-91;161,3125;29,59375;-26,1875;6,9375;105,71875;-165,4375;97,0625;-27,71875;6,9375;-98,375;-50,53125;-115,875;131,90625;-36,15625;182,96875;380,15625;489,5625;224,375;399,1875;277,5;269,75;332,28125;110,09375;132,28125;194,3125;104,1875;34,1875;36,59375;-107,6875;-162,9375;172,59375;55,78125;116,65625;-102,5;-21,84375;-83,5625;-47,84375;-39,375;-139,34375;-340,5625;-193,71875;36,84375;-135,59375;-29,90625;-76,46875;-161,3125;-266,09375;-211,1875;-207,25;-153,4375;-165,625;-191,28125;-97,0625;-164,3125;-214,8125;14,65625;-132,4375;-10,125;-190,21875;-124,0625;-25,5;-73,90625;-10,3125;-119,65625;-113,21875;-297,21875;-39,15625;-78,375;-111,28125;26,09375;-230,4375;-135,8125;-202;28,46875;-94,21875;-32,875;-54,34375;-156,21875;-185,59375;-175,6875;-109,59375;-243;-123,84375;-177,4375;-271,09375;78,625;-148,40625;-145,875;-250,21875;-320,9375;-373,15625;-263,1875;-417,125;-280,6875;-265,40625;-182,25;-392,9375;-160,90625;-114,125;-121,59375;-262,25;-121,09375;-139,21875;-254,53125;-167,5625;-314,84375;-215,90625;-337,46875;-213,90625;-336,03125;-311,125;-151,78125;-172;-326,84375;-376,78125;-289,90625;-53,34375;-4,125;-28,15625;-382,625;-70,84375;-66,09375;-177,25;-129,9375;-179,34375;-122,59375;-167,09375;-170,84375;-314,03125;-213,65625;-22,4375;-239,90625;-41,5;-164,46875;-88;-150,3125;-246,46875;3,0625;-242,5625;12,53125;-85,875;-25,75;-33,96875;23,375;-6,5625;50,96875;20,53125;-105,84375;
-86,75;-16;354,03125;4,96875;-65,71875;-54,0625;-43,84375;22,625;-153,40625;32,40625;-23,375;65,875;41,84375;3,34375;14,46875;-52,03125;26,46875;14,15625;179,0625;101,96875;164,9375;-0,5625;74,6875;157,4375;103,125;-19,28125;167,90625;66,3125;170,75;99,53125;98,71875;54;-24,21875;87,4375;122,71875;262,28125;144,15625;-69,09375;403,96875;323,78125;47,96875;227,28125;150,71875;-57,34375;92,28125;200,09375;226,96875;78;-0,0625;227,34375;120,5;22,96875;149,65625;81,0625;98,1875;77,78125;95,40625;-27,375;-13,875;-19,25;255,875;79;-44,96875;143,90625;-33,375;-34,90625;100,34375;-139,4375;54,96875;24,46875;81,9375;-34,84375;71,75;309,375;85;-13,9375;68,84375;3,15625;226,1875;108,4375;264,8125;-92,53125;-74,34375;139,125;78,03125;259,375;-6,59375;131,46875;215,125;225,34375;288,03125;156;-36;214,46875;202,28125;90,71875;225,4375;266,75;241,65625;300,625;158,28125;310,78125;248,34375;136,84375;184,9375;318,65625;153,59375;71,75;143,65625;354,40625;294,9375;237,25;100,0625;225,21875;100,8125;176,8125;95,96875;333,6875;316,78125;61,8125;156,4375;28,28125;288,625;401,5625;183,46875;189,25;195,5;183,71875;121,28125;356,90625;245,40625;424,96875;348,09375;117,5625;38,9375;164,15625;163,53125;-81,96875;180,15625;33;203,28125;151,1875;304,21875;289,65625;145,9375;260,84375;121,53125;165,1875;234,375;230,09375;135,03125;65,25;18,03125;64,375;103,46875;71,84375;22,6875;18,125;46,21875;117,59375;26,8125;43,34375;-29,71875;8,4375;187,84375;-69,90625;164,09375;136,21875;199,84375;-190;278,59375;284;83,15625;257,375;119,28125;119,125;8,5625;-9,96875;-0,4375;-103,59375;-68,9375;-156,875;34,71875;2,09375;107,625;59,84375;430,1875;371,4375;592,15625;539,96875;427,78125;338,375;89,4375;135,15625;279,5625;476,8125;67,3125;217,59375;111,6875;69,53125;-79,46875;-28,375;-126,3125;-40,03125;-357,59375;-150,28125;-124,78125;-78,84375;-25,9375;-36,21875;-108,8125;-256,90625;-71,46875;-44,40625;-71,0625;-92,25;-140,59375;-117,6875;-183,1875;132,03125;63,1875;97,09375;-116,53125;-5,46875;-87,6875;71,34375;-221,28125;-227,0625;-68,4375;115,78125;-104,15625;126,53125;-44,78125;-329,15625;-137,9375;-168,6875;43,40625;-290,46875;-230,46875;-33,28125;-99,34375;33,125;-258,875;-16,71875;-182,90625;16,75;-108,90625;-89,0625;-279,125;-137,59375;90;73,5;-12,15625;-178,375;-255,5625;-109,625;-234,8125;-179,5;20,46875;28,75;-179,1875;172,78125;-140;-183,3125;-283,03125;-290,53125;-249,96875;-151,09375;-112,625;-49,25;-146,375;-209,0625;-12,9375;-125,71875;-353,65625;-377,375;-71,15625;-412,21875;-29,03125;-355,84375;-363,59375;-109,28125;-278,75;-302,53125;-123,5625;-110,59375;-194,90625;-240,5;-108,71875;-46,1875;-175,59375;-249,96875;-315,6875;-221,84375;-360,5625;-173,125;-254,40625;-174,0625;-179,8125;-146,15625;-33,9375;-116,5625;-101,375;-64,90625;-45,3125;106;-141,40625;-111,3125;-74,5625;-210,84375;-239,78125;-94,6875;-179,5;62,4375;47,84375;-145,4375;41,75;15,375;-11,6875;-165,46875;
80;-137,6875;-162,6875;-12,90625;-22,71875;3,03125;-47,40625;-190,75;-107,5625;156,0625;-49,0625;-143,875;-42,5;13,75;-171,15625;-205,6875;-127,9375;-270,96875;-83,09375;-63,09375;-129,90625;-120,0625;266,625;-77,21875;97,90625;-77,375;-118,875;-58,90625;-46,75;124,65625;110,09375;38,96875;64,125;-102,59375;49,8125;-33,34375;1,59375;-61,1875;103,96875;-53,1875;-169,78125;-182,90625;12,9375;-15,25;-50,71875;74,46875;4,59375;-16,15625;39,0625;58,15625;0,21875;-71,84375;57,4375;-19,65625;111,125;86,375;2,90625;-206,65625;-150,71875;35,28125;49,03125;-171;188,78125;60,65625;6,71875;208,59375;5,03125;64,625;-172,84375;108,78125;-13,90625;-188,65625;-231,75;-159,125;-60,6875;7,3125;-12,375;18,84375;104,03125;-31,4375;-76,09375;119,40625;-2,8125;-173,03125;32,71875;-42,5;-100,15625;190,59375;-100,65625;44,25;100,59375;34,9375;152,5;39,375;41,125;-42,34375;259,875;6,875;200,75;131,59375;148,59375;219,75;-59,71875;117,28125;-137,21875;10,40625;148,09375;-14,6875;10;-56,21875;-56,6875;84,28125;-50,625;147,1875;21,9375;231,6875;170,1875;33,09375;-32,65625;196,15625;139,96875;67,09375;-25,1875;-30,5625;280,90625;261,84375;207,65625;83,25;179,5;94,21875;112,75;208,65625;63,9375;333,1875;166,625;-73,59375;166,625;34,84375;158,84375;59,40625;-40,46875;184,625;112,15625;-48,09375;288,78125;29,9375;-144,71875;76,25;-27,84375;-7,40625;-64,6875;-31,53125;162,46875;-92,40625;-31,125;31,25;102,15625;13,375;1,6875;-24,46875;-32,5625;-115,3125;-32,4375;-116,09375;-157,15625;98;-153,71875;-45,03125;100,4375;-53,1875;-1,75;210,3125;-73,9375;-4,625;-115,53125;-90,125;-114,3125;-176,875;-60,75;-109,4375;-179,9375;-186,84375;127,4375;215,5625;93,03125;-162,34375;90,5625;306,78125;348,15625;140,78125;283,59375;262,875;271,78125;185,03125;102,375;242,625;60,21875;142,34375;40,375;-251;49,84375;-127,6875;-247,875;-317,125;-285,90625;-276,8125;-306,28125;3,6875;-341,40625;-152,625;-202,0625;-243,46875;-123,6875;-68,09375;-231,75;-51,0625;-119,75;-78,34375;47,875;61,5625;-314,0625;-213,8125;-165,125;-71,125;-344,125;-102,53125;-243,84375;-77,53125;-89,625;-104,84375;47,53125;-272,3125;-91,21875;-166,21875;-158,71875;-389,3125;-72,90625;4,96875;-322,125;-249;-103,46875;-155,5625;-182,5625;-106,4375;-197,3125;-75,9375;-63,3125;-78,34375;-213,34375;-204,125;-193,40625;-39,125;-212,46875;-216,375;-231,625;-278,03125;-395;-149,75;-416,65625;-293,59375;-378,1875;-265,59375;-143,75;-54,96875;-246,4375;-246,5625;-206,40625;-295,78125;-422,46875;-226,46875;-303,09375;-80,625;-128,21875;-197,125;-50,03125;-142,5;-188,28125;-366,375;-427;-185,75;-267,75;-379,53125;-321,875;-318,875;-179,625;-221,84375;-157,875;-297,90625;-178,0625;-197,78125;-199,71875;-206,96875;-159,0625;-136,8125;-83,625;-124,34375;-288,3125;-73,40625;-401,5625;-159,5625;-308,21875;-242,71875;-30,25;-128,15625;125;-215,8125;-174,375;-424,1875;-161,4375;-145,40625;-135,90625;-85,25;-215,0625;-92,28125;-246,09375;-203,6875;-136,21875;291,90625;-226,46875;-85,8125;
-11,78125;29,96875;-160,84375;12,53125;-32,15625;-114,5;-100,78125;-8,21875;10,5;-48,53125;-22,8125;-0,71875;-114,9375;-43,78125;-97,1875;-42,59375;230,28125;-166,90625;93,78125;101,03125;-92,0625;71,9375;261,625;-63,28125;-3;58,28125;-111,1875;-45,21875;100,90625;16,15625;-167,46875;-168,5;-33,375;-116,0625;-112,53125;305,0625;285,25;185,96875;48;131;-20,84375;-71,625;-42,09375;6,96875;6,5;-116,53125;61,28125;65,46875;80,46875;-49,6875;167,15625;-125,8125;215,0625;12,15625;-111,90625;-9,15625;231,25;-143,25;26,6875;-34,03125;214,375;107,875;48,625;102,84375;-8,625;131,3125;-25,875;53,375;339,875;-41;86,65625;-113,78125;-73,53125;-27,6875;-96,34375;20,8125;85,15625;-6,125;-19,34375;154,46875;-33,96875;91,34375;225,34375;-34,96875;24,03125;58,65625;142,875;-16,6875;55,5625;89,59375;73,09375;3,5625;-145,65625;50,1875;156,5625;243,4375;370,28125;377,28125;290,6875;-98,71875;172,15625;377,75;181,8125;31,125;83,65625;148,90625;228,1875;198,78125;285,59375;214,0625;87,8125;208,84375;179,59375;12,3125;166,125;272,03125;288,15625;256,65625;145,71875;80,25;234,09375;179,875;348,21875;601,40625;336,4375;-20,90625;174,1875;318,65625;375,1875;142,71875;84,84375;235,1875;246;304,28125;386,71875;95,4375;141,96875;271,59375;88,8125;103,34375;66,3125;-81,09375;-75,34375;94,28125;129,21875;183,03125;122,4375;180,75;172,65625;146,9375;265,375;212,59375;-32,78125;231,71875;-15,3125;164,96875;47,03125;19,5;-25,875;-16,875;79,25;47,15625;32,75;41,78125;194,375;-11,15625;38,21875;-21,40625;-38,84375;234,1875;123,65625;125,9375;68,21875;158,9375;225,71875;13,71875;-98,09375;-14,09375;22,0625;120,96875;70,96875;-24,46875;61,5625;126,3125;37,28125;378,78125;180,59375;291,84375;342,03125;306,53125;378,90625;353,1875;355,8125;343,625;275,9375;250,53125;412,09375;112,53125;226,28125;71,8125;117,34375;122;-136;-17,5;19,78125;-249,78125;88;14,9375;48,15625;-2,40625;112,3125;115,59375;-105,96875;-105,78125;-177,96875;69,40625;-202,65625;36,5;-107,90625;-116,21875;120,125;62,34375;-57,75;-103,9375;-128,5;-96,65625;-107,375;-131,75;-28,75;-5,59375;48,84375;-9,59375;-35,3125;-128,6875;-352,96875;-103,5625;106,25;-92,1875;-172,875;-152,4375;4,6875;26,96875;-66,4375;-114,96875;63,78125;-175,0625;-207,8125;-126,21875;-103,5;-99,40625;-182,28125;45,28125;-172,3125;-216,71875;-136,75;-234,9375;-80,0625;-199,375;92,28125;-242,34375;26,28125;-144,21875;-102,875;-378,4375;-172,0625;-184,90625;-152,21875;-135,25;-205,09375;-155,375;-339,0625;-173,34375;-307,84375;-233,96875;-251,8125;-307;-360,09375;-170,25;-133,03125;-145,90625;-450,25;-281,65625;-179,28125;-153,3125;-322,0625;-145,75;-220;28,4375;-286,375;-260,4375;-229,28125;-180,1875;-338,4375;-111,875;-79,5;-131,78125;-15,875;-63,9375;-97,5625;-171,96875;-104,4375;-27,34375;-165,4375;-180,4375;-102,84375;11,75;-133,1875;-310,1875;-110,21875;30,21875;23,9375;100,90625;4;48,9375;-82,625;267,75;120,65625;-145,34375;102,71875;11,4375;
88,65625;-122,5;-79,46875;131,59375;-114,1875;-9,40625;-52,46875;-5,84375;152,4375;-119,5;15,40625;-58,34375;-262,4375;-4,375;-39,9375;-35,875;-105,0625;101,28125;-128,59375;-55,0625;-79,53125;107,71875;113,9375;-55,4375;93,25;-24,375;-248,59375;98,46875;76,3125;-16,15625;70,09375;-109,375;66,71875;-41,53125;72,625;90,9375;247,0625;195,71875;101,34375;7,96875;305,53125;104;245,46875;54,9375;-101,09375;90,21875;18,375;214,5;24,65625;-296,28125;52,34375;91,59375;11,0625;119,59375;49,375;-49,46875;-72,90625;64,125;169,71875;-269,84375;-28,875;37,625;6,8125;-56,4375;-87,875;149,46875;-220,65625;-33,0625;-103,6875;18,75;-193,8125;-34,21875;190,5;-170,5625;30,3125;-85,65625;126,34375;10,71875;-141,96875;49,5625;-37,78125;50,34375;51;43,28125;-136,09375;4,40625;11,65625;-22;231,46875;25,71875;126,03125;277,40625;214,3125;141,5;-91,09375;152,46875;91,375;149,21875;55,8125;87,53125;254,6875;41,5;140,125;273,28125;197,40625;38,53125;183,6875;113,4375;136,4375;156,8125;223,3125;201,625;-19,25;173,71875;-9,09375;88,625;31,125;111,34375;391,375;194,71875;189,34375;59,15625;110,5;208,6875;436,03125;154,15625;15,625;161,5;90;257,0625;253,5;256,65625;125,3125;220,46875;273,21875;39,53125;233,65625;190,75;10,84375;299,4375;69,15625;-13,59375;249,1875;175,0625;93,15625;52;100,25;92,28125;346,21875;44,25;-15,625;372,21875;31,4375;222,71875;268,5625;97,09375;188,3125;343,40625;141,25;34,25;11,90625;-90,25;193,96875;20,96875;12,6875;24,15625;-52,65625;14,5;237,5625;1,875;-40,40625;140,84375;126;-62,65625;10,625;82,40625;-306,8125;21,34375;-247,6875;29,46875;-188,53125;-195,0625;-30,8125;-27,5;91,65625;79,40625;291,75;163,375;138,65625;214;275,90625;118,6875;254,84375;171,84375;257,96875;99,4375;56,21875;212,0625;86,0625;-62,09375;3,75;-5,3125;-148,21875;-23,5;-317,84375;-203,40625;-31;-141,625;-86,5625;-91,9375;-265,625;-209,8125;-164,34375;-25,0625;37,625;88,59375;-34,625;111,84375;-76,1875;-86,71875;-247,46875;-129,59375;-21,8125;-190,78125;-129,84375;27,15625;-125,0625;104,3125;61,375;13,875;142,4375;-89,625;56,28125;-440,28125;-40,75;-119,71875;-56,5;-287,875;-170,59375;-114,90625;-226,375;-156,84375;-93,4375;-110,90625;-32,5;-358,90625;-120,0625;-175,53125;-169,3125;-75,96875;-89,5625;-245,34375;-17,90625;-178,8125;-175,75;-1,4375;-168,28125;28,09375;-147,5;-143,625;-163,15625;-220,78125;-124,03125;-277,46875;-131,71875;-121,90625;-156,625;-134;-159,25;-269,125;-239,65625;-191,65625;-234,40625;-119,375;-152,84375;-3,21875;-232,625;-464,8125;-355,375;-244,1875;-244,8125;-458,53125;-104,0625;-206,9375;-148,3125;-222,375;-157,21875;-95,40625;-189,34375;-200,03125;-205,96875;-240,09375;-135,71875;-392,0625;-102,15625;-352,5;-157,34375;-234,46875;-211;-28,9375;-18;-131,84375;-99,8125;-164,96875;-252,53125;-300,3125;-2,34375;-11,28125;-212,03125;-58,71875;-168,0625;-260,875;-52,25;-190,28125;-205,875;-77,1875;-50;241,53125;2,15625;33,21875;
-19,625;33,15625;-26,5;-178,125;-16,84375;135,84375;-68,25;-53,1875;-31,15625;51,28125;37,8125;-142,21875;-83,4375;3,9375;-156,0625;-103,15625;-91,125;-12,65625;-136,75;-67,3125;-30,1875;-55;26,125;37,5625;-89,65625;-16,90625;-192,84375;142,6875;-139,4375;181,375;-1,90625;-208,46875;173,65625;40,75;40,03125;-29,46875;-70,75;207,0625;184,0625;-6,125;-125,8125;-62,1875;125,03125;229,84375;-115,5625;134,3125;-64;209,65625;74,65625;127,78125;69,40625;50,65625;41,625;6,75;153,21875;-57,75;58,0625;-126,125;169,59375;-190,5;-112;-9,46875;-21;-98,65625;37,40625;166,8125;-65,15625;-250,75;-15,09375;58,65625;-49,8125;-142,34375;-122,125;-42,84375;9,09375;-129,59375;171,8125;-208,03125;-57,46875;-5,15625;-92,96875;-171,03125;110,5;152,28125;132,03125;-170,09375;71,46875;30,71875;199,84375;239,125;77,4375;-105,15625;123,84375;7,375;122,0625;-6,46875;-34,1875;154,25;106,03125;-115,5625;84,34375;221,375;-63,21875;83,21875;207,46875;217,90625;-54,6875;-41,3125;42,4375;270,71875;297,53125;214,375;118,09375;248,4375;180,28125;126,8125;276,03125;20,9375;16,71875;129,71875;15,84375;-88,25;197,40625;141,46875;-71,34375;174,28125;126,8125;66,59375;253,4375;118,6875;449,71875;347,90625;77,4375;55,53125;62,59375;130,1875;-94,75;209,9375;157,78125;106,78125;-29,96875;-178,15625;72,71875;4,90625;131,8125;32,75;-88,3125;243,15625;43,65625;108,25;-180,0625;22;70,09375;57,1875;95,6875;-7,21875;139,65625;-83,34375;-137,71875;87,53125;68,4375;108,5;-57,5625;72,46875;114,21875;-7,9375;182,5625;154,25;148,375;146,03125;-73,09375;82,71875;360,96875;192,96875;165,25;31,96875;-168,03125;-72,0625;27,09375;-179,96875;29,3125;-62,09375;-7,875;24,5;-17,4375;98,09375;143,03125;213,53125;301,71875;186,15625;312,4375;298,46875;329,375;295,3125;136,15625;227,15625;121,375;27,625;191,375;-64,75;-20,1875;-25,53125;-177,78125;86,5625;-120,125;-183,34375;-60,5625;-169,375;-230,03125;-5,9375;-108,625;-90,46875;-256,96875;-173,6875;-2,75;-23,75;-123,84375;-157,53125;-117,8125;15,4375;-294,09375;-243,84375;-326,5;-256,90625;-266,71875;-83,78125;-108,6875;-119,09375;-109,90625;-164,4375;-128,03125;-17,75;48,5;-191,0625;-33,375;-203,9375;-233,5625;76,125;-63,90625;-129,9375;-202,90625;-254,4375;-387,8125;-92,6875;-156,96875;-123,75;49,78125;221,21875;-64,4375;-141,1875;-141,75;-354,46875;-319,8125;-176,875;-211,84375;-243,90625;-195,59375;-230,5;-268,21875;-74;-281,34375;-300,5625;-186,0625;-347,09375;-260,5625;-205,6875;-269,8125;-232,53125;-384,3125;-156,3125;-174,40625;-191,75;-279,25;-401,6875;-438,625;-388,9375;-356,625;-227,21875;-93,46875;-376,5625;-161,90625;-286,53125;-195,53125;-458,0625;-358,59375;-294,09375;-112,46875;-282,5625;-155,96875;-104,84375;-194,75;-144,96875;-173,03125;-224,40625;-275,28125;74,59375;-38,75;-166,5625;-130,0625;-67,25;-149,25;-92,6875;-222,25;-71,9375;-42,875;-0,78125;-98,0625;-63,15625;-180,625;-51,65625;-80,9375;-158,09375;-348,15625;-217,71875;-276,03125;-283,25;14,34375;31,84375;-155,15625;-6,53125;
-47,09375;105,84375;130,40625;-29,71875;-42,53125;-82,875;-80,8125;100,75;-191,46875;-32,90625;-1,9375;-21,65625;-101,1875;31,03125;-92,59375;-78,90625;-223,375;-21,5625;-157,15625;-44,34375;-144,46875;-93,125;12,40625;-60,65625;-250,25;-46,75;13,78125;193,78125;-112,34375;74,09375;-18,25;65,8125;0,8125;8,9375;180,90625;192,21875;86,3125;-75,9375;-55,03125;243,21875;223,6875;124,84375;-76,5;66,3125;-30,5;31,15625;118,9375;29,875;-55,90625;-190,4375;4,4375;-59,21875;3,34375;-98,21875;-18,59375;51,25;-163,375;-22,5625;35,40625;227,90625;197,84375;104,75;171,71875;-29,53125;142,65625;-111,8125;31,78125;-149,78125;67,75;33,625;102,84375;151,375;83,625;-2,1875;132,8125;-101,03125;-42,71875;-256,5;-201,03125;99,1875;20,5;195,5;-52,78125;82,53125;21,125;186,65625;-74,78125;-47,375;153,03125;16,625;51,84375;-84,59375;227,65625;130;166,90625;72,625;52,5;24;227,75;274,65625;129,71875;11,625;15,15625;172,125;69,0625;241,21875;-25,03125;97,90625;61,71875;341,5;192,90625;162,8125;18,4375;83,03125;190,3125;301,40625;121,40625;-128,90625;345,75;188,59375;374,71875;229,53125;211,25;107,6875;153,84375;351,78125;240,875;193,3125;190,3125;222,59375;197,46875;182,125;195,59375;407,21875;371,21875;274,96875;366,125;224,4375;209,21875;228,9375;180,4375;56,34375;180,78125;77,1875;228,34375;191,1875;37,03125;131,5;192,1875;-126,6875;121,875;384,125;44,40625;333,0625;159,71875;145;157,3125;-24,21875;-64,25;71,53125;268,6875;27,25;-37,625;94,9375;155,625;-32,9375;276,96875;269,90625;5,8125;7,5;210,0625;181,0625;101,5;210,21875;-97,46875;8,46875;-9,21875;-43,46875;-5,25;-38,03125;-270,3125;-92;172,34375;-26,9375;-90,9375;127,28125;257,40625;106,25;313,96875;302,21875;289,125;392,875;474,34375;240,5625;140,9375;301,875;49,875;70,21875;-10,53125;-180,21875;3,1875;-46,0625;152,28125;-46,5;-156;-127,6875;-18,53125;38,1875;-75,4375;53,875;60,46875;28,875;-127,25;5,0625;-101,15625;12,59375;105,65625;-3,75;-60,4375;-147,125;150,53125;-81,21875;-200,59375;25,3125;18,28125;-30,1875;36,96875;67,3125;-211,0625;10,71875;-72,125;36,3125;133,1875;-81,28125;-8,28125;-72,625;-56,25;-22,03125;-54,25;-111,15625;-54,71875;-109,9375;-83,21875;-108,96875;-34,03125;84,34375;-13,375;-211,0625;-106,5625;-171,125;33,0625;-218,3125;-192,375;41,40625;-89,96875;84,0625;-312,5625;-298,75;-100,09375;-44,9375;-263,40625;-247,71875;-250;-231,5;-425,71875;-210,8125;45,46875;-36,03125;-140,65625;-348,625;-316,875;-329,78125;-255,28125;-322;-301,875;-387;-177,3125;-224,96875;-382,28125;-203,125;-263,25;-157,46875;-165;-185,5;-213,9375;-236,46875;-211,53125;-88,09375;-292,90625;-209,59375;-223,8125;-451,1875;-195,125;-338,25;-242,15625;-151,0625;-20,5;-101,09375;-116,5;58,25;-165,5625;-144,8125;-198,71875;-133,46875;-253;-113,15625;12,59375;36,78125;182,40625;-75,40625;-125;-219,9375;100,75;-40,15625;-75,71875;-13,15625;-104,21875;-139,125;-199,59375;-55,96875;
73,5625;47,09375;-83,5;-137,96875;-47,0625;160,125;-12,65625;-104,15625;22,84375;-272,46875;27,53125;-76,65625;-8,6875;-23,34375;-93,84375;-162,65625;-91,4375;38,4375;-191,09375;-11,28125;-67,5;-35,9375;0,84375;67,21875;-48;169,9375;114,1875;100,0625;27,4375;-21,625;39,96875;155,9375;45,03125;357,53125;-67,875;17,46875;104;-81,625;-15,28125;-54,09375;123,125;451,5625;-20,84375;87,125;62,21875;242,1875;131,4375;53,0625;-71,375;114,59375;266,75;162,84375;67,53125;-92,9375;143,53125;140,65625;-43,375;87,53125;347,21875;35,625;236,21875;154,375;273,75;170,0625;154,84375;-31,03125;-42,96875;88,53125;24,9375;-229,4375;-104,78125;-74,9375;155,4375;-114,375;104,9375;112;-308,90625;105,6875;320,03125;-33,59375;-87,6875;334,21875;-78,84375;96,71875;148,375;193,65625;101,03125;337,125;32,34375;85,25;-24,90625;89,4375;85,96875;160,5;174,6875;259,9375;80,5;46,90625;169,53125;261,34375;208,46875;155,6875;21,125;-135,84375;277,0625;139,71875;158,53125;-51,375;259,125;321,1875;110,71875;323,03125;45,6875;246,84375;402,03125;318,03125;128,375;72,46875;143,90625;185,625;235,28125;421,65625;277,3125;178,40625;168,9375;154,21875;329,3125;326,71875;216,28125;161,25;375,6875;229,78125;427,84375;283,65625;480,21875;108,53125;73,5;280,84375;218,40625;173,40625;370,59375;-15,8125;82,5;170,375;340,03125;276,625;235,125;147,0625;229,8125;218,5;205,0625;33,5625;194;276,59375;162,4375;156,96875;111,3125;-63;166,375;-24,1875;191;210,71875;245,09375;112,09375;243,15625;143,8125;93,5625;38,09375;-39,25;44,15625;245,3125;162,59375;46,9375;141,875;1,53125;-104,28125;-87,375;-100,6875;-21,5;126,40625;59,875;130,34375;-110,125;3,5625;57,59375;67,875;318,28125;188,90625;302,28125;446,1875;444,6875;101,9375;304,90625;212,5625;62,5625;279,875;49,6875;163,28125;39,5;42;109,09375;9,875;-4,375;95;-54,84375;-84,8125;-257,90625;-77,28125;-180,375;-121,25;55,8125;81,90625;144,21875;-34,1875;-180,21875;3,375;-132,0625;5,40625;-34,65625;135,625;-7,09375;-149,375;109,5625;-60,34375;-127,1875;126,125;-4,71875;-28;271,40625;139,375;100,78125;-135,9375;-16,1875;122,53125;-155,21875;-13,40625;197,71875;31,59375;14,5;-83,75;-32,65625;4,65625;74,09375;-3,75;-61,09375;-42,46875;-66,8125;95,46875;182,96875;-17,5625;-235,28125;-101,28125;138;-151,4375;-167,28125;-139,90625;53,5;-148,375;-169,46875;-22,21875;-67,875;-182,5;-181,6875;-161,15625;-226,75;-55;-85,71875;-337,875;-175,6875;-224,15625;-163,21875;-257,375;-338,4375;-290,15625;-131,3125;-267,625;-176,1875;-332,6875;-186,375;-453,375;-262,5;-183,96875;-285,875;-212,59375;-398,40625;-301,53125;-51,28125;-246,78125;9,15625;-40,96875;-330,09375;-182,84375;96,78125;-138,28125;99,3125;-196,1875;-122,03125;-146,59375;-218,25;-201,90625;-51,53125;-75,3125;-27,875;-199,3125;111,125;-201,5625;52,5;-83,96875;-272,28125;-115,96875;-330,90625;-276,15625;-183,3125;-71,90625;-227,375;-66,5;-3,0625;-54,59375;-6,0625;-152,3125;
-39,375;-78,3125;-62,21875;-110,375;-310,125;-59;-62,03125;-221,09375;-233,0625;-175,5;-261,84375;-283,78125;-174,90625;-37,5625;-352,25;-212,65625;-73,6875;-103,5;96,28125;-50,09375;-173,3125;-70,6875;-221,0625;-96,53125;17,09375;0,28125;63,3125;-223,6875;-48,71875;-26,1875;-68,59375;-56,8125;0,625;-73,25;-158,84375;73,34375;-34,34375;-102,6875;-123,84375;22,875;-37,5625;62,75;18,125;19,53125;63,625;-119,125;383,71875;66,53125;-60,15625;52,65625;239,71875;-25,84375;-97,15625;-0,8125;-64,03125;92,125;-228,53125;104,34375;-169,59375;-183,625;-22,9375;-72,03125;39,71875;-101,09375;-163,53125;7,8125;-10,25;-161,375;28,9375;-2,75;-72,5625;2,53125;-255,21875;138,40625;40,28125;-16,5625;-14,34375;-297,40625;-96,15625;-153,9375;114,8125;41,53125;-58,90625;-156,25;96;-71,59375;257,71875;-101,875;52,3125;60,46875;-150,5625;-65,46875;-3,71875;74,28125;-8,25;-66,03125;-122,0625;55,8125;-27,25;196,65625;28,15625;-127,09375;159,28125;163,5625;30,5;-87,65625;92;8,90625;97,21875;108,5;-24,4375;159,25;-17,5625;-41,71875;207,09375;118,25;114,28125;35,25;166;-21,34375;164;166,84375;118,78125;200,46875;143,78125;125,6875;387,125;210,125;69,96875;262,5;328,65625;77,9375;207,46875;241,875;64,96875;134,09375;-241,59375;149,84375;67,6875;174,90625;-118,5625;-39,71875;121,75;109,9375;13,84375;91,46875;58,8125;149,65625;174,9375;16,71875;-74,90625;108,5625;-22,875;195;9,65625;42,59375;41,4375;146,03125;-145,71875;13,9375;-63,46875;-117,4375;138,4375;-55,34375;-18,15625;90,0625;-73,65625;138,78125;-70,125;-33,03125;-27,25;102,8125;-103,59375;-66,6875;59;-153,375;-91,28125;-133,5625;-83,53125;-33;-205,84375;-145,6875;-174,71875;-224,90625;-56,46875;105,625;-12,40625;28,875;-33,53125;120,34375;304,5;-133,34375;111,53125;8,3125;-58,5;-9,84375;-121,625;58,8125;-28,53125;-22,71875;-44,53125;-54,15625;-239,71875;-69,625;-95,34375;-1,65625;-79,9375;-184,21875;-182,375;-272,46875;-360,8125;-209,09375;-40,40625;-243,59375;-278,21875;-117,625;60,40625;-113,09375;-59,65625;42,15625;-36,96875;-108,90625;-89,6875;-234,09375;-66,75;-42,875;-40,71875;-279,59375;-36,1875;-204,0625;-116,09375;-153,125;-245,40625;-133;-94,25;-158,5625;-97,8125;-227,21875;-376;-237,21875;-300,34375;-19,625;-271,03125;17,9375;42,25;121,1875;-169,3125;-350,53125;-69,5625;-267,875;-217,375;-220,90625;-317,90625;-49,40625;-133,375;-146,53125;-148,21875;-84,125;-479,375;-223,3125;-381,46875;-303,15625;-177,6875;-325,53125;-285,5625;-207;-195,3125;-287,8125;-199,78125;-93,21875;-282,9375;-245,5625;-210,8125;-407,1875;-205,875;-265,875;-128,1875;-171,09375;-258,40625;-455,8125;-115,15625;-195,25;-246,125;-432,71875;-185,03125;-67,28125;-463,78125;-484,4375;-251,65625;-169,0625;-275,3125;-253,4375;-101,5;-193,5625;-177,40625;-104,5;-62,53125;-298,96875;-100,5;-118,53125;-162,96875;-103,46875;-306,375;-284,96875;-154,53125;-26,25;-5,6875;-20,34375;-172,96875;-75,8125;-163,125;-88,0625;-178,625;-217,875;-181,1875;-280,75;-309,0625;-46,65625;-212,0625;-256,90625;
-408,3125;-282,1875;-135,96875;-141,4375;-196,96875;-29,9375;-144,375;327,28125;-175,15625;-142;-39,5;-250,625;-45,5;56,53125;-102,59375;-88,09375;-65,1875;107,625;-233,5625;-37,125;-190,21875;-30,65625;-50,28125;-103,65625;-134,0625;-145,65625;-131,65625;-162;-87,90625;41,625;-90,75;-106,75;-81,96875;-31,9375;-55,9375;-8,21875;44,46875;78,34375;-24,5;-262,59375;17,75;1,15625;82,5625;14,9375;91,84375;140;-66,3125;-33,34375;46,46875;114,96875;205,625;23,84375;-18,09375;55,53125;237,34375;28,78125;-106,46875;71,5625;-8,625;20,5;106,21875;113,90625;-98,09375;-70,375;-82;-5,3125;58,25;29,375;-175,75;-53,375;-164,625;-1,71875;-45,78125;0,5;56,28125;103,40625;-8;-19,71875;-62,90625;-31,65625;-105,03125;104,90625;-100,1875;-44,9375;-53,15625;-6,46875;94,5625;35,21875;63,375;-80,78125;-67,53125;-6,90625;65,46875;41;322,59375;-14,9375;124,96875;224,875;262,21875;113,84375;-4,71875;-35,03125;26,78125;24,28125;184,875;-135,5;35,125;235,1875;146,1875;258;42,21875;155,5;216,375;201,3125;169,84375;227,5;125,90625;220,28125;111,84375;350,4375;123,59375;266,25;0,96875;237,28125;138,1875;161,90625;221,25;341,3125;271,6875;293;110,09375;143,15625;15,90625;102,0625;141,6875;283,78125;179,59375;43,96875;105,15625;222,09375;328,34375;184,8125;217,53125;41,03125;238,28125;115,25;202,21875;44,5625;-190;-109,25;36,84375;18,8125;35,84375;50,9375;-45,84375;140,6875;42,59375;234,96875;63,5625;-10,28125;-68,1875;59,53125;64,53125;158,0625;212,6875;183,875;119,09375;144,84375;-109,25;58,53125;0,75;-13,28125;48,0625;85,8125;-120,28125;14,28125;-44,25;33,5;-170,28125;1,65625;93,34375;-124,03125;-143,65625;-114,40625;120,3125;225,96875;231,3125;200,5625;343,4375;310,28125;176,125;401,875;446,53125;407,0625;118,21875;201,5;193,71875;58,875;23,09375;27,21875;-144,09375;156,8125;45,34375;-69,375;43,375;-112,125;188,71875;29,3125;-45,59375;-227,8125;-106,46875;-24,25;13,15625;47,28125;60;-98,21875;-170,4375;-10,8125;120,25;-28,34375;-28,625;-32,59375;-77,53125;99,5625;-127,125;240,5;157,5;-52,53125;33,4375;-117,59375;81,40625;-93,96875;-70,53125;-20,40625;134,65625;12,9375;-152,40625;-41,375;-137,8125;-70,625;43,28125;213,25;-9,09375;-43,375;-20,90625;88,59375;-120,6875;-105,34375;143,875;-180,625;-89,65625;-240,875;-199,375;-176,15625;-222,5625;-171,96875;-115,84375;-184,625;-263,28125;-274,875;-141,375;-178,09375;-4,25;31,25;-262,25;-37,46875;-115,65625;-184,78125;-247,3125;-185,46875;-335,1875;-245,84375;-255,28125;-258,40625;-153,8125;-356,5625;-207,28125;-213,5;-269;-280,28125;-294,03125;3,5625;-140,625;-207,15625;-145,40625;-105;-186,03125;-281;-289,46875;-118,21875;67,46875;-292,3125;-192,0625;-149,96875;-178,40625;-221,0625;14;-255,46875;-173,375;-4;76,75;-320,375;-46,46875;-82,15625;15,1875;95,375;-96,40625;98,59375;4,78125;-201,6875;5,9375;32,5625;83,6875;-194,53125;23,28125;-215,3125;-61,5625;-253,84375;68,28125;-71,71875;
-109,46875;160,71875;-67,34375;-2,34375;-105,34375;-243,28125;-149,25;38,53125;-108;-13,5;120,125;-55,28125;-87,65625;58,34375;-241,71875;-12,78125;-248,5;168,0625;21,1875;36,625;98,96875;23,375;115,5;-55,3125;-59,46875;36,65625;42,6875;162,71875;-112,78125;-66,875;-135,3125;-5,9375;-35,8125;114,78125;102,03125;-66,0625;85,5625;36,96875;18,09375;-45,3125;-36,34375;241,40625;112,03125;136,40625;65,09375;-147,53125;-177,21875;122,09375;99,6875;-79,28125;-107,1875;130,125;49,75;84,5625;292,34375;257,5;212,40625;47,25;-59,59375;4,9375;114,15625;141,59375;295,9375;164,21875;-79,59375;-20,84375;127,84375;59,3125;22,59375;-132,09375;65,65625;59,40625;25,8125;-164,09375;-32,21875;26,34375;-48,15625;10,375;-9,78125;64,53125;-17,84375;-29,84375;-58,625;-39,71875;-66,84375;65,71875;-87,4375;252,46875;125,59375;-14;7,65625;-16,4375;-3,09375;89,4375;47,375;58,84375;88,09375;164,25;-29,09375;36,09375;114,46875;120,0625;40,6875;129,375;95,46875;188,71875;256,46875;186,59375;449,53125;289,34375;428,15625;576,75;126,9375;329,96875;269,28125;108,375;128,84375;204,0625;195,34375;119,9375;335,5625;233,40625;60,96875;547,875;212,15625;105,875;446,75;125,875;319,28125;246,46875;309,40625;298,9375;443,25;182,375;179,3125;73,09375;169,1875;50,1875;295,40625;173,875;297,28125;133;160,59375;38,625;307,125;231,9375;-32,78125;335,71875;395,65625;291;245,375;383,40625;-0,375;89,78125;65,53125;21,625;260,71875;3,65625;71,75;108,09375;35,09375;183,71875;18,6875;281,28125;131,96875;186,8125;128,28125;217,21875;139,96875;-26,25;16,9375;174,96875;83,375;-29,1875;168;192,28125;94,125;27,75;94,03125;-13,25;144,53125;35,53125;-1,0625;29,53125;196,6875;171,59375;46,0625;154,90625;526,65625;189,1875;223,1875;362,375;247,15625;190,625;278,25;264,375;35,4375;-117,875;-10,8125;69,0625;79,09375;179,125;18,5625;-54,375;109,09375;-4,71875;14,125;-48,09375;44,6875;103,40625;-78,25;-53,59375;8,75;-7,21875;183,53125;40,65625;32,375;36,4375;-42,9375;-108,9375;81,5;-82,65625;110,25;-67,21875;23,28125;176,25;-67,5;-60,5;118,6875;148,03125;-136,625;70,28125;185,53125;80,8125;91,9375;-133,4375;-40,9375;128,375;-135,1875;71,96875;-142,25;165,0625;-46,5;109,90625;70;7,1875;214,25;-252,40625;-89,75;-84,125;68,625;96,75;-23,34375;-114,875;-65,28125;-147,25;-70,71875;-99,5;-74,46875;-114,15625;-122,21875;-46,03125;-88,40625;-241,15625;-213,875;-10,71875;-140,78125;-178,34375;-25,40625;-87,375;-99,90625;-227,5625;-142,78125;-188,5;-110,375;-187,0625;-85,8125;-258,28125;-327,25;-127,40625;-290,59375;-328,28125;-48,6875;-245,125;-91,03125;-182;-73,46875;-197,59375;-172,40625;-135,4375;6,875;-235,625;-196,375;-100,125;-167,03125;-248,9375;-329,6875;-221,59375;-225,8125;-170,3125;-99,84375;-65,375;-215,96875;-33,46875;11,21875;-22,25;-89,59375;-123;-60,8125;44,15625;-116,4375;19,6875;109,8125;63,78125;253,78125;185,125;11,84375;11,28125;237,8125;2,96875;
-386,5625;-275,8125;-299,28125;-190,59375;-129,5625;-281,1875;-212,15625;-193,4375;-98,09375;-90,34375;-76,46875;-190,28125;-172,53125;-184,15625;-182,3125;-204,8125;-52,6875;-217;-295,6875;-69,125;-282,46875;-348,5;-69,59375;-252,34375;-483,84375;-200,21875;-270,59375;-310,65625;-264,1875;46,3125;-149,09375;-144,8125;-291,46875;-40,71875;-58,75;-157;-211,03125;-123,0625;-98,625;-157,40625;-39,78125;-305,34375;-81,5625;-84,8125;-101,84375;-102;-146,3125;49,40625;84,4375;-52;-339,6875;-120,90625;-438,3125;-304,375;-162,40625;-0,90625;-2,03125;39,03125;-184,71875;29,15625;-128,5;-26,34375;-267,15625;-108,84375;-115,125;-249,78125;-186,9375;-60,84375;-50,46875;-141,53125;-98,5625;-103,75;-149,53125;-64,1875;-132,46875;-10,46875;-154,78125;-49,5625;-183,6875;-317,84375;49,84375;-118,46875;-119,75;-225,21875;-160,46875;45,15625;-50,6875;-178,25;-81,28125;-71,125;-96,71875;-152,71875;-192,75;-32,15625;-206,625;132,90625;-6,9375;-15,5;37,28125;-155,34375;-208,0625;40,375;115,34375;-201,59375;148,34375;37,4375;-84,90625;-63,78125;171,34375;27,0625;180,9375;13,75;99,96875;19,28125;-99,875;-117,125;2,9375;-18,59375;-70,3125;31,09375;21,5625;124,09375;96,1875;93,375;65,8125;163,53125;-123,78125;34,625;123,5;130,125;-11,59375;106,25;-135,0625;187,375;-125,625;-75,875;-19,34375;145,65625;-101,21875;29,625;-94,8125;60,375;85,15625;36,65625;-137,0625;34,84375;-39,1875;163,1875;25,28125;106,875;-278,375;-127,65625;92,84375;-103,875;-112,59375;41,5;-122,3125;-289,1875;-98,6875;-179,96875;-160,96875;129,375;-49,78125;-90,65625;-173,09375;59,53125;-178,4375;-120,625;79,3125;-34,53125;133,1875;-186,5625;-43,84375;27,84375;-153,09375;-236,84375;-122,34375;-170,40625;3,59375;-344,34375;-67,53125;-99,6875;-61,28125;-137,21875;3,5;68,90625;109,6875;146,34375;29,8125;176,0625;158,25;-25,875;259,59375;89,9375;-179,5625;-12,65625;49,875;-302,1875;-111,3125;-181,21875;-54,0625;-264,84375;-110,125;-160,21875;-267,0625;-216,59375;-146,875;-17,875;-364,25;-98,8125;-146,59375;-218,65625;6,5;-86,375;-156,5625;-80,21875;-290;-201,28125;-225,625;48,03125;-185,34375;-102,90625;-186,125;-53,28125;-243,625;-82,21875;-118,40625;-139,9375;-37,3125;-16,1875;-300,625;13,8125;-216;-82,625;-131,09375;-107,5;-151,40625;102,09375;-17,625;-95,90625;-228,15625;-167,40625;-4,90625;7,9375;-147,125;-251,375;-385,03125;-89;-198,78125;-211,28125;-54,25;-179,71875;-304;-106,0625;-104,0625;-261,46875;-86,375;-302,03125;-459,40625;-313,40625;-114,46875;-108,25;-227,78125;-259,59375;-322,125;-277,34375;-377,5;-333,34375;-250,375;-191,90625;-107,875;-386,96875;-233,71875;-61,5625;-208,75;-117,75;-290,65625;-316,09375;-296,46875;-221,3125;-349,1875;-163,9375;-188,5625;-422,1875;-373,25;-378,59375;-248,21875;-492,34375;-347,875;-323,28125;-294,25;-412,46875;-156,90625;-124,75;-249,625;-306,625;-396,28125;-316,21875;-174,5;-262,75;-396,5;-186,53125;-300;-338,625;90,9375;-33,375;-208;-113,65625;-78,8125;-267,21875;-31,78125;-258,71875;-137,21875;124,34375;-245,15625;-150,25;-149,96875;-180,46875;-58,875;-143,3125;
-162,34375;-153,8125;-338,71875;-100,59375;-166,8125;-77,90625;-217,0625;-87,28125;-162,90625;-150,9375;-22,5;-26,5625;-215,0625;-132,8125;-105,15625;180,4375;91,625;2,40625;-82,5625;-148,5;-15,4375;73,625;-43,4375;-137,375;-166,46875;-143,0625;-200;-195,6875;103,65625;-45;-197,6875;15,40625;-278,53125;-1,5625;-77,78125;-52,21875;-241,875;-48,4375;-62,90625;-73,28125;185,1875;-45,3125;13,625;-39,625;223,875;-38,46875;87,15625;74,125;-77,6875;23,5625;-79,9375;147,90625;65;-22,03125;136,875;-20,59375;-1,09375;77,59375;29,46875;15,15625;-100,09375;-50,34375;-8,53125;-98,78125;102,4375;286,78125;147,8125;-6,09375;-88,96875;193,71875;-16,1875;92,8125;-101,125;5,3125;63,34375;-14,78125;75,96875;125,96875;173,125;-179,34375;27,4375;54,09375;-107,53125;-23,875;183,375;30,375;96,9375;60,71875;85,90625;101,4375;37,3125;-166,96875;-110,875;-106,0625;4,34375;167,96875;113,0625;-122,96875;86,78125;7,3125;-8;92,28125;-21,78125;61,90625;60,9375;26,59375;-6,03125;156,25;210,15625;165,78125;112,09375;-79,59375;54,15625;75,21875;118,53125;19,03125;82,40625;187,78125;123,34375;156,03125;376,9375;176,53125;152,1875;68,09375;203,4375;201,875;249,96875;284,15625;235,6875;388,28125;34,0625;366,6875;76,03125;202,8125;116,3125;343,84375;263,5625;184,3125;122,125;136,65625;-83,3125;31,40625;68,34375;132,4375;184,59375;207,21875;91,96875;162,8125;244,15625;148,09375;191,09375;178,84375;160,25;60,03125;-10,90625;85,28125;97,21875;66,5625;-181,71875;23,25;-74,375;199,53125;152,4375;39,25;-4,5;29,71875;-16;24,40625;53,125;147,6875;192,03125;-12,46875;117,9375;-245,125;-57,28125;-1,21875;136,84375;16,59375;-106,65625;81,96875;-175,71875;97,375;126;-91,71875;-32,5625;272,34375;344,59375;257,0625;216,6875;185,4375;257,84375;335,125;168,4375;333,25;261,46875;62,5;51,375;109,15625;50,53125;272,4375;37,40625;254,59375;53,15625;57,59375;-196,6875;-5,84375;-58,28125;-137,5;-124,59375;-141,28125;-223,71875;142,9375;-28,4375;-91,28125;-72,25;-29,03125;26,8125;-79,71875;91,9375;-13,8125;-42,1875;-62;107;32,09375;13,34375;-69,34375;-157,25;94,4375;86,875;-307,40625;44,34375;22,21875;93,59375;-97,5625;-215,375;-78,15625;33,4375;-86,59375;-184,9375;110,53125;36,0625;4,8125;-119,03125;234,8125;75,53125;-264,25;-158,4375;-124,84375;-227,03125;-229,1875;71,125;-8,90625;219,9375;-99,71875;-44,09375;-320,15625;-196,28125;42,15625;-156,71875;-187,59375;6,9375;-277,4375;-211,15625;-161,625;-104,4375;-247,9375;-119,0625;-268,75;-194,5625;-262,53125;-78,4375;-168,40625;-5,21875;-185,9375;24,34375;-295,1875;-64,84375;-353,9375;-189,0625;30,09375;-315,25;-130,5;-138,28125;-261,4375;-202,96875;-38,65625;-131,15625;-119,1875;-325,0625;-140,9375;-369,5625;-213,5625;-201,0625;-218,78125;-251,34375;-91,34375;-175,03125;121,125;-159,3125;-253,84375;-29,78125;-191,65625;-84,75;58,6875;-158,65625;-64,46875;-55,625;0,65625;181,4375;-82,0625;-66,65625;-59,4375;-162,0625;128,625;36,46875;274,78125;-105,75;-44,4375;160,125;79,46875;
-328,21875;-267,90625;-243,78125;-281,25;-241,0625;-290,625;-314,8125;-376,84375;-278,875;-280,53125;-249,9375;-385,40625;-429,3125;-247,34375;-173,90625;-170,375;-197,78125;-233,75;-376,375;-266,71875;-297,875;-375,40625;-224,03125;-276,1875;-408,4375;-384,625;-237,09375;-412,03125;-369,90625;-236,0625;-243,6875;-264,84375;-287,875;-253,65625;-395,53125;-186,28125;-245,25;-184,5625;-288,40625;-302,78125;-189,46875;-235,6875;-99;-143,1875;-181,6875;-114,9375;-300,78125;-272,625;-228,375;-125,125;-96,28125;-116,625;-156,0625;-246,6875;-76,59375;-27,6875;-6,53125;-17,40625;-287,625;-404,8125;-277,34375;-271,5;-166,96875;-320,90625;-166,78125;-103,75;-123,5625;-322,71875;-152,1875;-240,21875;-139,71875;-86,78125;-290,125;-440,65625;-206,03125;-226,90625;-351,0625;-324,21875;-288,09375;-34,5625;-192,03125;-397,78125;-243;-191,59375;-246,3125;-337,71875;-254,625;-82,03125;-109,875;-254,125;-231,78125;-71;-193,96875;-104,09375;-94,8125;-87,84375;-162,0625;9,875;-28,15625;71,21875;-153,25;-192,875;-177,34375;-71,46875;-97;58,34375;-26,96875;-301,71875;-69,75;-270,46875;-126,96875;-193,34375;-94,9375;20,65625;52,25;-32,21875;38,59375;12,90625;-120,4375;-0,40625;-221,21875;-52,65625;34,3125;-91,9375;-185,65625;27,125;-77,28125;-74,75;-21,6875;-169,03125;43,09375;241,28125;-41,125;24,5;-113,53125;-124,875;-143,125;-92,3125;-187,15625;17,1875;173,03125;-242,5625;111,75;-57,40625;-49,6875;-132,75;4,03125;77,6875;-84,34375;-154,6875;2,5;-199,65625;-51,1875;-123,84375;-96,1875;-199,5;-153,15625;-154,59375;-152,5625;-157,09375;-291,15625;24,96875;-66,90625;-300,125;-5,21875;-89,28125;-96,46875;-248,75;-261,40625;-320,59375;-141,96875;-163;-145,1875;33,6875;-444,46875;-163,375;-193,09375;-367,65625;-286,25;-108,6875;-197,9375;-331,90625;-433,3125;-224,71875;-130,78125;-176,25;-55,65625;-11,75;24,9375;-21,71875;124,875;0,125;164,1875;-99,5;-30,5;-331,15625;-157,09375;-344,59375;-311,78125;-186,03125;-134,46875;-333,71875;-315,34375;-249,34375;-166,6875;-233,6875;-224,625;-264,71875;-240,34375;-146,59375;-224,4375;-203,84375;-38,375;-232,125;-229,59375;-329,3125;-338,5;-203,09375;-157,375;-379,4375;-379;-197,3125;-224,9375;-280,9375;-299,25;-256,15625;-246,1875;-182,65625;-266,5;-278;-340,625;-309;-280,40625;-149,40625;-126,96875;-209,09375;-438,21875;-102,40625;-150,46875;-351,8125;-250,8125;-294,9375;0,125;-232,28125;-249,28125;-215,4375;-513,84375;-117,25;-206,0625;-406,5625;-239;-381,21875;-151,9375;-232,75;-382,9375;-482,09375;-215,8125;-302,25;-234,34375;-400,5;-505,875;-399,5;-336,84375;-480,78125;-352,6875;-438,46875;-419,28125;-449,5625;-456,46875;-278,15625;-417,6875;-531,6875;-524,4375;-590,1875;-481,5;-471,28125;-635,96875;-496,15625;-255,25;-519,28125;-403,78125;-376;-496,15625;-329,21875;-500,1875;-377,8125;-453,375;-365,6875;-472,15625;-447,96875;-393,6875;-397,75;-367,4375;-312,5;-256,8125;-264,875;-328,1875;-456,78125;-358,78125;-297,0625;-301,03125;-210,9375;-272,59375;-383,46875;-301,5;-171,34375;-224,28125;-115,96875;-325,9375;-349,46875;-336,4375;-225,8125;-134,46875;-187,5;-214,375;-195,03125;-356,4375;-185,21875;-175,28125;-221,25;
90,8125;45,78125;-83,59375;35,84375;-104,875;96,125;176,9375;-0,71875;-117,59375;-156,21875;88,5;-161,71875;-253,25;-89,90625;-112,125;-102,75;-33,90625;10,59375;90,96875;-90,59375;-148,625;-30,5625;-127,71875;-229,21875;48,40625;-77,40625;68,4375;-45,78125;-60,46875;-58,90625;-106,71875;141,03125;121,9375;5,6875;19,75;38,03125;-14,125;22;-63,75;47,8125;-141;-24,125;2,96875;7,21875;86,46875;194,15625;6,96875;15;269,71875;69,90625;-56,15625;69,96875;182,40625;106,6875;323,71875;-19,71875;143,21875;188,21875;-15,34375;136,90625;97,8125;71,75;271,46875;139,40625;44,96875;-36,0625;61,75;-185,25;244,8125;41,75;7,5;21,21875;36,5;67,84375;86,3125;178,6875;172,40625;187,4375;159,28125;35,3125;-87,4375;174,65625;58,5625;76,28125;-20,28125;-15,53125;-38,5625;112,84375;96,25;168,1875;246,40625;250,8125;78,6875;33,625;146,15625;-41;126,40625;229,40625;228,5;277,6875;76,15625;194,5625;53,03125;139,4375;198;143,9375;184,3125;254,21875;275,0625;124,5;163,8125;210,625;251,28125;198,34375;241,59375;214,5625;255,46875;193,03125;156,84375;127,1875;278,46875;142,25;170,625;225,0625;130,875;213,59375;368,28125;41,5625;61,65625;14,15625;317,28125;318,0625;474,9375;320,28125;160,75;330,5;371,53125;280,875;311,90625;238,875;72,40625;148,78125;14,46875;346,84375;113,625;214,5625;231,34375;347,59375;241,78125;186,5625;204,5;267,9375;85,34375;131,65625;-150,8125;155,3125;196,4375;36,625;143,5;118,1875;147,9375;93,625;-28,71875;328;120,90625;133,65625;184,59375;94,375;261,46875;186,3125;21,90625;327,5;-66,75;-9,5;37,84375;79,375;100,8125;-75,40625;171,59375;142,71875;254,96875;141,875;-83,3125;105,71875;15,46875;139,90625;336,59375;273,34375;439,125;190,96875;366,875;427,3125;534,46875;182,125;118,75;78,75;-0,03125;206,4375;104,84375;-151,96875;-119,46875;226,40625;119,21875;-15,40625;-150,03125;43,5;-165,625;-19,625;-61,125;119,5625;-38,96875;214,8125;59,28125;149,15625;36,5;183,03125;-16,875;61,4375;128,21875;11,34375;-46,875;146,15625;20,59375;-60,40625;-24,9375;-33,25;-180,6875;44,84375;-105,03125;96,125;-64,65625;2,46875;-129,6875;-94,28125;66,8125;76,0625;66,34375;6,53125;102,15625;-315,4375;-0,9375;-34,625;88,34375;-15,15625;-220,75;12,09375;-3,6875;129,40625;98,46875;142,8125;-75;-125,0625;94,0625;-222,6875;48,0625;-206,75;-97,53125;143,65625;-188,9375;-29,71875;-196,09375;-46,5625;-74;-30;-115,0625;8,625;-58,1875;-127,84375;28,4375;-180,375;-200,3125;-273,5625;-101,40625;-218,34375;-86,90625;-260,65625;-123,40625;-113,65625;-236,71875;-14,125;-72,71875;-279,5;-197,46875;-99,46875;-204,8125;-127,1875;-168,25;-110,65625;-129,125;-149,9375;-9,75;49,15625;-219,96875;-222,8125;162,875;-1,15625;21,28125;8,28125;24,25;-18,59375;-60,96875;-196,9375;-88,15625;161,90625;-25,28125;52,90625;-73,15625;-120,21875;-0,1875;-44,96875;-29,40625;57,84375;-19,4375;-87,09375;98,375;194,75;81,46875;-128,5;19,4375;14,5;
53,125;-24,875;53,78125;20,6875;-40,34375;-198,375;-83,59375;-103,78125;-198,6875;-26,375;-131,59375;-245,625;-194,15625;64,5625;-76,625;-346,3125;-105,15625;-39,375;-144,75;-129,84375;-207,5;-163,625;-110,875;-217,4375;-231,75;-165,03125;-32,28125;-53,375;-155,03125;-262,03125;-212,84375;-35,09375;-174,09375;-151,40625;-199,34375;-6,09375;195,6875;-103,25;-1,125;-23,21875;11,25;45,8125;65,34375;0,84375;144,65625;-89,71875;-94,5;-178,71875;-38,65625;-93,9375;2,03125;-43,84375;-17,25;-5,75;-120,46875;85,0625;-92,875;251,21875;-180,625;221,8125;83,3125;-59,15625;67,34375;-96,3125;254,8125;49,9375;-78,15625;-96,71875;-161,625;-125,5625;126,34375;-131,53125;94,15625;295;-1,5625;-74,53125;94,84375;104,21875;-18,53125;-56,78125;72,9375;-24,3125;-64,34375;-74,53125;-65,65625;-104,15625;160,71875;75,71875;35,78125;139,875;3,78125;117,09375;-135,90625;-16,3125;91,375;119,8125;17,5625;134,25;-145,09375;-69,84375;147,46875;73,40625;84,34375;130,5625;130,8125;240,5;28,65625;63,84375;27,15625;110,875;140,78125;107,15625;-115,59375;246,4375;101,09375;306,71875;103,8125;296,71875;283,90625;307,1875;221;327,65625;291,125;53,71875;136,53125;-48;-34,65625;127,875;191,625;192,34375;209,96875;82,84375;144,5;262,6875;168,9375;275,59375;178,3125;118,40625;290,34375;174,84375;-13,6875;70,46875;170;157,5;110,125;346,90625;186,71875;51,3125;51,0625;30,15625;121,28125;-42,5;89,5625;108;31,8125;28,4375;55,625;8,5625;-36,90625;43,15625;77,75;-26,6875;130,5625;108,5;18,46875;167,46875;270,75;86,3125;97,75;223,25;85,875;44,75;131,3125;99,59375;-18,34375;-26,15625;-59,1875;36,9375;-346,53125;88,875;-40,46875;9,875;-137,5;-155,5625;80,21875;152,78125;151,1875;250,6875;400,3125;123,25;87,5;92,5625;-20,40625;104,03125;212,5625;123,53125;-13,28125;169,375;169,90625;47,59375;-123,5;-21,78125;-50,28125;-175,3125;17,53125;-203,0625;-2,1875;-115,8125;-61,75;-291,09375;7,46875;-102,15625;113,90625;-130,3125;12,6875;134,90625;44,84375;46,03125;55,84375;34,59375;13,0625;51,8125;-64,3125;52,40625;-121;-72,125;177,1875;-46,21875;-170,125;-22,03125;-193,3125;-113,25;-96,28125;-22,21875;-189,78125;-2,53125;-35,03125;-171,65625;-16,6875;-95,125;-145,625;-24,59375;-165,875;-21,625;-48,84375;-46,25;64,28125;-40,71875;25,6875;-256,53125;-38,5;138,09375;-212,25;29,4375;-39,9375;-66,3125;-115,75;-139,4375;-318,3125;-115,03125;-75,875;7,0625;11,25;-165,75;-165,75;-135,25;-103,53125;-175,0625;-251,6875;-261,40625;-168,28125;-270,65625;-118,3125;-226,84375;-106,71875;-290,34375;-145,03125;-50,53125;-146;-280,125;-206,40625;-447,46875;-36,59375;-141,875;-190,4375;-119,5;-103,96875;-143,53125;-219,78125;-332,6875;-243;-346,125;-341,3125;-22,21875;-145,5;-209,53125;-99,71875;-431,8125;-76,65625;-113,125;-20,03125;-13,375;-144,75;-9,25;-124,875;-93,5625;-29,125;125,71875;-159,21875;-96,9375;8,8125;81,03125;-51,15625;66,71875;-229,625;75,3125;-26,15625;54,6875;-38,40625;-23,28125;
56,125;-255,9375;-181,375;-198,4375;-48,375;-183,875;-214,9375;-137,71875;-9,125;-102,28125;27,5;-35,53125;-218,90625;-206,46875;-395,71875;-149,34375;-39,1875;-86,125;-156,53125;-11,03125;-24,875;-79,65625;-94,03125;-363,09375;-219,9375;-253,625;-95,625;-217,15625;-22,25;-247,09375;-263,46875;-68,34375;-179,4375;-136,59375;93,1875;-142,1875;-170,65625;-149,78125;-35,71875;148,9375;-157,15625;-76,125;-59,5625;11,625;42,71875;-9,28125;106,75;72,1875;42,84375;-168,28125;31,53125;-110,3125;-90,625;172,9375;15,65625;204,125;71;-60;160,59375;98,9375;-46,53125;32,6875;-35,03125;116,3125;5,28125;-128,5625;-57,3125;-48,65625;90,90625;-30,875;33,71875;77,40625;-88,15625;-192,75;141,65625;139,46875;78,09375;68,65625;-34,71875;208,5625;120,46875;250,8125;133,15625;214,0625;-22;78,25;176,84375;95,34375;118,03125;129,96875;-164,5625;66,15625;-113,34375;23,90625;120,46875;51,4375;-15,1875;84,5625;193,34375;119,90625;66,375;31,09375;-193,78125;130,84375;45,5;212,78125;265,21875;67,46875;231,0625;89,0625;192,5625;165,46875;47,3125;-20,0625;207,34375;166,21875;210,75;65,03125;174,4375;143,71875;60,46875;212,53125;249,84375;193,78125;172,28125;160,53125;298,875;193,28125;527,1875;221,34375;333,34375;296,6875;179,3125;241,0625;104,34375;191,28125;246,84375;246,875;182,78125;295,28125;91,03125;321,8125;45,34375;218,6875;33,71875;66,8125;187,78125;153,59375;-62,25;-17,90625;188,8125;123,09375;164,46875;153,75;214;-41,90625;-8,03125;329,375;101,34375;117,40625;-21,375;229,1875;192,28125;259,28125;102,9375;-39,5625;17,4375;71,625;-6,78125;148,84375;80,84375;221,5;37,53125;143,46875;264;104,40625;-87,8125;-23,15625;-66,90625;-141,21875;8,59375;-51,3125;-77,875;145,3125;12,84375;-92,34375;-89,875;16,34375;148,65625;325,3125;238,40625;144,4375;312,5625;266,25;273,09375;165,5625;89,3125;97,34375;-156,40625;109,25;36,75;-14,6875;-35,4375;-0,0625;8,71875;43,6875;0,6875;-52,5;86,21875;74,6875;-30,28125;110,03125;426,84375;-25,5625;-198;-75,40625;-184,78125;4,5;-156,75;195,5;73,84375;-20,4375;0,6875;-216,8125;159,59375;132,375;70,8125;-204,46875;96,375;124,21875;170,125;-56,3125;-87,46875;57,5625;59,625;108,125;36,40625;152,375;2,875;65,5;-104,3125;-136,21875;-35,84375;7,5;110,875;-82,71875;-145,34375;-120,5625;-84,3125;37,34375;-17,125;111,09375;110,5625;-76,90625;-166,21875;-138,75;66,15625;-142,90625;-13,6875;-206;-25,59375;-145,25;-112,4375;-2,875;-24,625;-164;-150,90625;-46,78125;-181,28125;-303,875;-128,25;-168,59375;-201,65625;-383,53125;-8,375;-358,25;-36,8125;-218,40625;-280,3125;-353;-206,53125;-196,0625;-372,375;-301,9375;-77,8125;-307,21875;-53,53125;0,84375;-285,90625;-212,40625;-87,375;-142,5625;-225,15625;-63;28,53125;0,9375;-101,34375;-276,25;-23,71875;-177,75;-276,84375;-156,5;73,8125;74,71875;-55,71875;-102,65625;49,46875;-77,65625;-171,65625;-137,875;-13,40625;10,53125;-133,4375;101,625;-1,34375;25,6875;128,96875;16,34375;51,8125;64,9375;
-300,46875;-327,46875;-101,65625;-170,09375;-321,5625;-182,78125;-308,15625;-202,5625;34,5;-214,71875;-74,9375;-402,4375;-278,875;-184,875;-345,875;-393;24,46875;-118,09375;-409,875;-130,5625;-348,59375;-247,9375;-364,34375;-258,4375;-376,375;-378,09375;-463,1875;-402,84375;-296,1875;-201,03125;-229,375;-170,4375;-205,1875;-59,78125;-213,3125;-164,875;-322,5;-244,84375;-190,59375;-325,75;-113,875;-122,90625;-134,4375;-101,5625;-24,0625;-128,5;-153,53125;-119,53125;-97,9375;-283,90625;-24,15625;89,90625;-121,375;-196,375;-196,96875;153,625;65,4375;20,6875;-203,40625;-85,28125;-70,4375;-37,03125;-365,59375;-51,375;-142,25;-238,90625;-337,625;-67,4375;124,53125;87,125;46,125;-67,34375;98,21875;-164,65625;-100,5;-211,78125;-64,78125;-200,28125;0,40625;66,3125;58,5;-0,21875;-11,34375;-15,6875;-83,4375;-140,75;-67,0625;-0,125;49,96875;-56,375;29,03125;-19,8125;-104,25;-202,75;68,9375;-71,25;-147,375;-85,40625;51,03125;-40,625;5,5;-175,0625;124,3125;0,1875;-156,78125;-45,46875;5,75;-58,96875;35,84375;-17,40625;-101,53125;111,46875;-14,71875;1,71875;100,25;-21,53125;-36,28125;92,875;-238,3125;179,9375;143,96875;156;38,34375;102,625;-75,8125;92,5;9,875;116,65625;373,40625;128,65625;160,96875;249,03125;-20,28125;154,5625;118,90625;105,71875;48,5625;42,34375;195,125;54,96875;-143,15625;-34,03125;-88,375;128,96875;135,84375;-181,71875;-164,28125;-0,34375;138,1875;70,5;-12,28125;-145,1875;125,84375;241,875;105,1875;-37,375;-28,6875;-8,5;147,34375;-121,25;-37,125;-45,84375;71,5;-69,9375;-121,75;-220,65625;-154;14,65625;-0,875;20,28125;-37,625;8,46875;-54,21875;21,75;-192,96875;-165,625;-102,15625;-369,4375;-81,75;-54,65625;-174,90625;-200,84375;-223,53125;64,0625;40,71875;-38,40625;129,09375;246,75;107,125;236,03125;19,21875;206,34375;146,59375;-118,625;155,5;32,53125;-82,40625;-103,75;31,9375;50,4375;20,1875;-110,9375;42;-10,0625;-176,5;-162,375;-272,40625;-118;-103,4375;-111,84375;-95,46875;-298,5625;40,15625;-40,78125;-150,03125;100,625;-138,96875;-73;64,5;-70,8125;-79,15625;-105,53125;57,3125;-23,9375;78,25;-91,1875;-273,40625;19,21875;-39,1875;31,28125;77,21875;-112,625;-74,9375;-45,1875;-185,5625;37,3125;23,09375;109,15625;-127,28125;-368,5;-16,5625;-94,40625;-84,28125;-102,03125;-133,5;-89,84375;-91,1875;-229,90625;-92,46875;-40,8125;-30,28125;-77,34375;-154,6875;-266,21875;-184,3125;-162;-114,5625;-307,59375;-258,71875;-276;-186,71875;-123,3125;-276,15625;-36,3125;-57,0625;-316,125;-270,90625;-351,625;-442,9375;-432,28125;-351,1875;-133,34375;-159,5625;-236,46875;-383,28125;-197,15625;-380,5;-200,9375;-344,90625;-528,28125;-105,03125;-392,40625;-427,71875;-339;-260,90625;-306;-333,09375;-278,8125;-320,46875;-71,25;-207,125;-301,5625;-296,5;-383,125;-271,6875;-58,53125;-239,40625;-152,9375;-240,28125;-270,875;-404,125;-36,15625;-130,5;-152,53125;-170,78125;-339,75;-322,03125;-418,03125;-54,71875;-315;105,40625;-270,3125;-103,6875;-9,96875;-23,65625;-83;-166,28125;-113,40625;-154,3125;-167,09375;
-231,65625;-269,40625;-300;-321,9375;-143,5;-34,84375;-117,375;-170,46875;-206,6875;-70,40625;-257,5;-257,8125;-296,0625;-61,09375;-254,875;-194,875;-131,03125;-326,8125;-489,375;-206,9375;-411,6875;-272,53125;-112,40625;-346,0625;-142,9375;-280,8125;-339,25;-329,5625;-278,78125;-365,75;-247,09375;-353,53125;-138,125;-116,78125;-161,5625;-95,21875;-183,4375;16,5;-103,53125;-189,34375;-172,21875;94,625;-321,96875;-298,03125;-134,15625;-94,59375;-58,28125;-41,34375;-137,65625;40,8125;-113,6875;-61,75;-85,09375;-53,6875;-174,8125;100,8125;-175,4375;-161,125;-134,5625;-96,21875;102,8125;16,1875;99,125;-37,5;65,96875;-48,4375;-85;85,28125;-23,15625;-62,125;-146,28125;-123,625;-9,96875;-221,6875;52,03125;26,21875;-50,46875;175,4375;-18,375;-125,4375;-70,90625;-121,28125;27,21875;42,375;-179,71875;-24,59375;-95,1875;66,53125;-190,03125;-41,4375;83,625;0,21875;-315,90625;-126,0625;-15,59375;-31,8125;57;54,03125;4,03125;181,53125;88,625;-45,46875;7,96875;168,625;159,3125;11,53125;102,0625;272,40625;52,75;-53,84375;-30,46875;246,6875;-26,59375;130,03125;87,46875;201,40625;97,71875;184,875;-7,9375;130,78125;166,8125;180,9375;63,125;78,1875;237,1875;369,09375;275,53125;30,28125;373,40625;108,65625;58,34375;222;169,96875;210;252,96875;108,4375;-25,9375;112,0625;209,78125;77,625;189;180,71875;43,15625;74,625;139,65625;147,25;26,03125;134,15625;135,875;238,625;105,25;118,21875;279,03125;163,75;87,59375;47,71875;131,3125;122,125;31,0625;-1,96875;190,5625;-177,09375;194,71875;37,5;17,1875;26,65625;-96,8125;86,03125;129,28125;-51,78125;-20,3125;71,375;-190,40625;162,1875;72,03125;273,875;35,96875;48,5625;96,25;56,21875;-23,40625;-261,40625;-113,46875;-20,25;112,21875;3,40625;36,28125;-0,46875;101,4375;164,1875;180,6875;247,3125;110,78125;156;281,375;95,6875;-18,46875;18,3125;129,96875;-103,46875;44,90625;-71,25;120,90625;-120,84375;-165,53125;-148,78125;129,25;-36,96875;86,21875;-32,5625;-120,84375;-139,6875;-50,34375;-72,8125;219,53125;5,78125;-80,5625;54,71875;47,28125;2,9375;-69,71875;-109,9375;29,59375;42,3125;-10,96875;-81,65625;-20,75;16,25;-42,1875;-70,71875;106,34375;86,875;3,40625;90,21875;96,5625;67,21875;96,71875;74;54;-52,03125;-289,5625;118,09375;-94,84375;15,34375;-78,40625;-61;-192,28125;38,96875;-155,59375;-114,8125;-82,65625;-201,75;-88,21875;65,375;-161,5625;-54,25;-97,5;-27,625;-59,21875;-437,40625;-143,96875;-220,65625;-120,625;-107,9375;-419,875;-268,375;-161,53125;-40,5625;-55,34375;-254,8125;-288,03125;-184,15625;-361,65625;-308,65625;-371,1875;-200,9375;-241,28125;-216,9375;-388,4375;-342;-229,8125;-206,3125;-106,15625;-73,125;-194,53125;-183,8125;-225,5625;-137,4375;-107,90625;-91,375;-266,3125;-188,21875;-355,5;-415,125;20,53125;-149,71875;-187,9375;-51,09375;-196;12,4375;-128,6875;-75,3125;-153,15625;-145,9375;-92,84375;-159,34375;-144,375;-263,1875;-169,34375;-92,09375;11;-370,1875;-234,9375;12,34375;-191,3125;52,34375;-214,5625;-137,90625;-232,8125;-32,03125;
-115,78125;-222,53125;-91,8125;-239,375;-239,71875;-219,0625;-125,65625;-120,96875;-64,65625;-348,65625;-186,9375;-492,6875;-125,96875;-190,40625;-374,875;-264,78125;-142,34375;-333,84375;-204,75;-213,28125;-279;-199,65625;-299,03125;-179,75;-53,4375;-237,8125;-286,15625;-332,625;-194,8125;-151;-249,625;-195,6875;-309,875;-284,28125;-362,5625;-151,4375;48,4375;-263,90625;-162,09375;-119,21875;-143,875;-100,53125;-191,84375;-258,34375;-84,625;-67,1875;-324,0625;-220,4375;-314,1875;-90,3125;102,34375;-203,875;-114,71875;-180,5;5,21875;-21,78125;-162,71875;-65,65625;-135,875;19,84375;-151,3125;15,40625;-105,46875;-112,53125;-239,5;20,0625;-92,375;47,53125;-124,5;-95,34375;35,5;-96,09375;-49,75;-96,1875;-201,1875;-114,3125;24,96875;-99,09375;-138,4375;89,3125;-14,90625;129,65625;6,46875;-76,28125;6,625;-59,65625;-182,15625;11,75;-345,375;-38,15625;-214,5;-178,4375;-154,09375;-103,28125;117,53125;-112,6875;-118,65625;23;-16,34375;-205,28125;79,34375;32,46875;-83,78125;-16,09375;-152,65625;107,15625;48,90625;-111,3125;103,75;17,25;-171,59375;-38,9375;45,75;-50,46875;93,90625;236,8125;116,0625;134,375;220,46875;76,4375;23,53125;115,625;-8,1875;43,53125;100,53125;170,53125;198,5;62,8125;78;333,90625;199,28125;97,71875;116,6875;96,25;75,96875;155,65625;-46;37,9375;176,375;115,09375;-16,5;172,53125;247,5;109,40625;108,625;44,84375;117,5625;-110,6875;52,25;279,0625;134,625;-271,5;-13,71875;-10,53125;1,5;120,96875;82,84375;148,21875;62,90625;148,8125;-78,53125;-70,0625;-15,8125;81,34375;45,28125;37,65625;94,28125;67,90625;56,28125;201,5625;83,96875;61,15625;-22,8125;-31,3125;65,8125;-300,46875;-163,25;-199,6875;-191,6875;-4,9375;-151,65625;-44,40625;-262,34375;145,4375;41,09375;29,9375;101,625;171,21875;70,78125;331,3125;193,28125;54,78125;274,4375;-75,71875;322,4375;-19,75;-42,21875;-118,90625;-60,25;72,90625;143,21875;-66,4375;-2,21875;-158,96875;-130,28125;-300,375;-59,4375;-211,59375;-214,5625;-109,0625;-141;-285,75;-231,90625;-106,5;-170,34375;-22,15625;-77,0625;-116,96875;-111,53125;149,15625;-237,5625;-12,03125;1,34375;-57,78125;-184,625;52;47,40625;45,4375;65,21875;-185,84375;-96,75;-56,71875;-16,65625;-136,84375;-80,90625;84,25;-56,46875;-21,03125;-29,34375;-140,90625;-90,75;97,3125;-256,96875;0,9375;3,625;-26,3125;-116,71875;-6;-134,25;-43,15625;-168,21875;-164,375;-159,96875;-329,34375;-190,5;-198,53125;-230,4375;-121,21875;-94,40625;-158,03125;-451,5;8,4375;-139,71875;-355,78125;-266;-132,75;-269,5;-286,375;-227,875;-375,65625;-306,75;-201,125;107,0625;-127,125;-185,1875;-392,875;-223,4375;-276,96875;-147,75;-287,84375;-232,59375;-397,71875;-335,6875;-309,1875;-484;-169;-79,71875;-137,75;-115,65625;-224,65625;-310,5;-361,78125;-73,6875;-249,75;-204,21875;-95,90625;-115,0625;-122,21875;-319,34375;-309;-176,03125;-262,75;-102,65625;-232,78125;-290;-15,53125;-28,09375;-90,40625;-202,59375;-206,09375;-124,15625;-130,75;-313,53125;-35,78125;-167,09375;-10,03125;-233,0625;-35,3125;-50,34375;-54,84375;
-73,1875;-222,4375;-169,03125;-347,71875;-278,90625;-314,53125;-132,4375;-97,84375;-131;-178,6875;-117,3125;-409,28125;-311,53125;-220,0625;-158,875;-85,46875;-202,75;-116;-176,4375;-224,40625;-157,09375;-205,84375;-213,3125;-22,875;-305,34375;-103,40625;-165,25;-213,5625;-75;-198,46875;-125,625;-116,21875;-295,96875;-205,90625;-125,21875;-86;-76,34375;-78,5;-220,15625;-213,78125;-203,5;34,28125;-164,78125;-93,75;-139,0625;42,9375;84,46875;-101,1875;-241,78125;-116,65625;-42,96875;152,6875;7,75;-147,84375;-89,9375;101,625;-69,4375;-17,375;97,84375;-26,5625;-164,65625;41,125;31,65625;-85,96875;12,46875;146,78125;164,25;116,3125;-22,21875;81,34375;-91,34375;134,21875;-104,625;39,3125;-52,6875;98,78125;40,59375;-107,6875;-58,46875;-117,34375;-92,59375;211,3125;133,125;-177,21875;88,21875;-21,8125;-32,15625;37,40625;67,65625;-95,15625;-159,75;-72,65625;99,625;259,5625;-114,75;134,375;-42,03125;216,125;269;-88,15625;63,65625;-46,75;24,9375;8,1875;18,1875;227,34375;215,4375;206;75,125;112,4375;99,90625;108,625;-31,96875;92,65625;60,8125;272,875;112,96875;88,8125;118,21875;-45,625;104,4375;171,90625;103,8125;182,03125;225,84375;39,90625;70,0625;218,8125;288,34375;208,4375;177,84375;315,28125;262,1875;149,71875;256,3125;212,59375;-24,90625;202,03125;206,03125;187,75;91,90625;68,28125;154,09375;228,625;353,5;329,625;152,75;205,875;232,8125;164,3125;319,375;226,28125;256,34375;47,71875;401,8125;201,375;233,25;-41,125;284,34375;197,21875;327,1875;139,53125;179,84375;279,46875;-179,03125;186,71875;140,21875;104,71875;124,375;-120;171,375;157,40625;171,09375;71,3125;273,8125;31,40625;180,03125;13,46875;229,78125;29,46875;3,4375;40,46875;82,75;-7,0625;-98,9375;159,75;-49,25;126,25;188;324,09375;143,90625;238,8125;50,375;319,8125;30,09375;252,25;198,6875;72,46875;24,3125;52,9375;150,15625;100,09375;121,90625;-8,4375;22,75;9,65625;39,84375;73,53125;74,875;191,09375;-4,65625;-0,75;-30,1875;-31,96875;38,125;142,25;17,71875;128,53125;-31,8125;35,59375;112,78125;162,40625;-68,40625;211,1875;77,40625;132,28125;138,53125;203,25;68,84375;87,25;30,125;25,8125;151,03125;-9,1875;116,28125;162,90625;-95,71875;6,96875;-24,3125;135,21875;82,59375;-51,125;-35,09375;-35,75;188,59375;100,90625;22,625;23,34375;38,28125;273,65625;42,3125;257,125;37,625;22;43,8125;21,03125;-94,65625;-29,28125;-125,0625;-29,6875;-89,40625;-74,8125;-198,78125;-226,125;110,78125;-279,125;-131,53125;-217,03125;-194,9375;-55,625;-162,03125;-19,71875;-132,21875;-186,4375;-147,90625;-68,3125;-76,75;-153,46875;-114,21875;-153,375;-210,875;-82,28125;-72,0625;-127,46875;-66,71875;-72,78125;-179,125;-143,15625;128;-108,96875;17,75;-50,0625;-68,125;-192,8125;240,84375;-38,15625;38,96875;36,84375;29,15625;-116,46875;-123,8125;-157,75;-159,28125;-86,84375;-84,125;-254;-27,90625;-139,3125;21,3125;8,5625;-106,09375;-18,75;47,25;104,25;-74,8125;30,71875;265,15625;51,1875;261,3125;264,34375;
-110,34375;47,40625;-9,34375;-67,25;-263,90625;-152,96875;-127,84375;-379,75;-308,96875;-245,03125;-82,3125;-298,65625;122,75;-127,375;-163,15625;-159,3125;16,1875;-126,96875;-46;-28,78125;-240,09375;-377,71875;-115,5625;-191,09375;-51,15625;-288,125;-111,53125;-168,75;-196,09375;-69,46875;-76,84375;-201,71875;-438,5;-185,28125;11,75;-106,15625;-190,84375;-253,5625;-184,6875;-213,0625;-188,5625;-264,34375;-159,40625;-188,59375;13,125;-9,71875;-272,09375;-3,0625;-83,21875;-58,03125;-76,09375;-33,59375;-180,96875;-269,03125;27,03125;128,25;-14,71875;13,5625;39,71875;-114,625;-102,6875;-36,5;89,6875;242,1875;-38,15625;240,46875;89,25;80,21875;-2,6875;-126,5625;16,8125;-20,59375;-193,5;176,6875;138,46875;34,65625;139,3125;-216,21875;116,40625;106,53125;33,4375;205,90625;1,96875;-119,15625;-188,09375;-110,96875;-148,40625;280,09375;22,28125;8,875;-13,34375;315,9375;-66,03125;83,4375;119,96875;-142,3125;65,59375;-218,9375;71,875;-38,71875;-76,96875;-59,0625;38,75;128,90625;228,9375;71,40625;42,9375;234,4375;190,53125;-22,90625;222,1875;62,46875;169,625;38,46875;232,15625;37,875;79,96875;174,25;131,96875;39,625;204,25;87,375;23,875;200,03125;365,03125;50,0625;152,375;345,25;341,4375;184,96875;278,6875;424,59375;248,375;63,46875;88,53125;171,15625;179,625;286;278,28125;197,28125;55,375;132,71875;66,21875;-26,8125;186,75;235,6875;179,65625;121,21875;13,1875;187,25;127,125;41,03125;142,03125;30,84375;136,40625;114,59375;234,34375;275,5;60,4375;75;20;-10,78125;13,5625;223,78125;18,8125;208,875;117,84375;-10,40625;125,75;204,59375;267,375;91,3125;98,40625;96,6875;35,15625;30,65625;-69,4375;62,34375;7,15625;-118,375;-27,78125;-53,125;-239,21875;41,53125;73,65625;104,84375;179,28125;298,6875;201,28125;232,15625;469,59375;361,96875;43,53125;408,15625;97,75;130,875;163,9375;60,09375;9;140,15625;86,0625;30,34375;3,21875;-38,4375;-123,21875;73,875;-36,375;73,4375;-187,875;-18,5625;148,625;250,71875;-60,6875;20,875;113;-34,46875;47,21875;23;175,25;69,1875;291,15625;-26,53125;149,34375;-98,5625;123,15625;141,71875;14,28125;-164,71875;243,1875;39,59375;54,90625;47,125;198,59375;178,96875;48,75;-27,5;117,46875;-86,46875;207,1875;128,84375;217,125;-13,4375;-4,84375;-89,78125;17,625;-18,5625;117,375;131,8125;-178,8125;56,34375;-135,09375;88,28125;-139,9375;4,59375;76,75;24,21875;-53,28125;-77,84375;16,25;49,0625;-148,28125;-256,875;-182,4375;-261,59375;-315,40625;-94,8125;40;-188,21875;-112,96875;-83,46875;-96,4375;-185;-68,46875;-98,5625;-166,0625;-265,4375;-167,5;-98,34375;-142,625;-386,71875;-335,5;-127,65625;-121,71875;33,125;-159,5;-189,40625;-104,46875;-23,625;-262,84375;-190,625;-85,71875;7,34375;-285,75;30,15625;-170,9375;-154,65625;-34,96875;-82,21875;-74,375;-10,84375;-75,28125;-127,875;108,4375;-121,90625;-179,625;-279,84375;3,4375;62,34375;-63,5625;-29,34375;-80,0625;11,84375;-52,3125;-50,125;182,59375;-59,84375;173,71875;-85,71875;-47,65625;60,46875;
-119,71875;-337;-52,71875;-280,25;-18,25;-154,59375;-220,5;-422,59375;-32,34375;-229,71875;-98,8125;-205,375;-295,3125;-98,59375;-374,34375;-255,59375;-223,40625;-251,9375;-159,96875;-251,75;-219,1875;-153,6875;-0,75;-211,25;-60,28125;-163,21875;-401,375;-260,3125;-229,59375;-106;-1,5625;-61,5;-310,625;-272,9375;-50,59375;-114,9375;-311,34375;-216,53125;-301,3125;-181,0625;-176,9375;-341,6875;-53,21875;-89,90625;-99;-284,53125;-113,0625;-117,625;24,9375;-10,625;-144,6875;74,5;-90,875;-83,375;-28,75;107,78125;64,875;-31,9375;-280;-58,25;155,53125;-186,25;-141,34375;-67,875;-167,4375;4;-20,59375;-28,59375;-59,03125;-20,96875;-92,78125;-22,9375;28,625;86,09375;-12,71875;51,125;-66,4375;-5,15625;81,53125;91,84375;-105,34375;-10,78125;-75,84375;-84,53125;-126,5625;-21,25;-306,3125;-167,5;39,1875;91,1875;-114,3125;-180,40625;17,5;77,03125;-101,78125;-6,75;180,625;-30,84375;87,28125;118,28125;1,25;-46,78125;135,53125;-33,90625;161,9375;290,6875;-43,0625;198,53125;318,1875;35,65625;4,3125;116,46875;-123,625;-22,8125;84,28125;217,84375;-31,6875;-159,65625;-33,53125;102,875;45,34375;82,125;215,375;19,09375;204,625;53,1875;177,65625;109,96875;85,25;140,8125;365,9375;28,625;-11,78125;118,21875;92,375;253,34375;278,8125;36,5;272,6875;143,53125;248;31,25;331,75;164,84375;-86,84375;-158,5;141,9375;176,5;129,71875;103,59375;24,03125;299,1875;17,15625;193,25;311,125;31;252,375;217,71875;119,84375;134,78125;218,65625;167,9375;195,59375;-12,125;63,28125;91,40625;254;-2,875;41,46875;9,4375;-125,5625;31,46875;72,25;-20,1875;80,84375;99,4375;-28,9375;48,8125;138,1875;-69,21875;-54,21875;-133,40625;33,21875;182,96875;152,1875;154,84375;81,65625;281,875;204,03125;408,3125;326,40625;-8,90625;153,53125;153,375;199,96875;15,34375;3,46875;-1,5;-8,75;-79,65625;36,125;-101,6875;-22,96875;7,34375;-33,375;-7,28125;1,75;-200,03125;-83,84375;-19,34375;-163,53125;-179,6875;143,46875;-107,3125;-115,6875;-50,78125;7,625;-49,625;57,1875;29,25;197,8125;208,71875;129,03125;132,625;86,21875;221,53125;-79,0625;62,71875;-29,625;75,125;18,59375;-51,3125;39,09375;-133,25;-43,8125;40,15625;132,15625;45,5;54,8125;-11,25;194,53125;96,6875;193,21875;276,53125;162,1875;-67,40625;-11,0625;50,53125;-146;252,5625;-169,9375;-3,46875;-45,90625;11,34375;43,34375;-31,78125;-37,46875;-187,5625;-77,8125;43,28125;-122,78125;-201,6875;-190,5625;-133,3125;-25,3125;-194,3125;-316,59375;-145,375;69,125;-189,90625;0,6875;-238,15625;-268,25;-183,09375;-174,9375;-177,75;-16;-38,65625;-86,53125;-79,65625;-147,46875;-285,15625;-248,46875;-225,34375;-219,1875;-231,65625;-140;-274,8125;-176,21875;-145,75;-121,71875;-50;-64,375;-36,5625;-252,125;68,0625;-92,28125;-128,5;-74,9375;-140,25;26,375;122,71875;-47,8125;78,53125;35,90625;-5,6875;-235,125;96,03125;41,8125;-175,875;154,84375;-93,5625;134,5;37,25;-215,65625;-132,4375;59,9375;-121,84375;47,3125;122,59375;
-132,875;-17,5625;-1,46875;-1,09375;101,84375;133,6875;-267,09375;-95,625;-12,5;-118,9375;-75,5625;-52,6875;-183,40625;-89,21875;16,28125;-33,1875;-142,625;-123,6875;-341,3125;-5,90625;-261,96875;-322,6875;-207,15625;-56,125;-389,375;-150,875;-103,8125;-236,03125;-128,0625;-9,59375;-38,84375;-259,125;-166,125;-249,09375;-66,71875;1,71875;-301,25;-27,5;-81,78125;-5,9375;-253,5625;-218,5;-72,15625;105,46875;138,6875;-130,3125;120,71875;-133,375;70,71875;-140,875;-120,90625;35,46875;9,3125;-31,15625;-149,21875;238,34375;-30,5625;19,1875;-41,8125;14,84375;-53,6875;99,5625;75,6875;7,46875;62,78125;135,25;113,34375;110,4375;122,84375;114,75;-185,6875;174,1875;35;50,03125;-32,09375;13,1875;-43,78125;43;-51,5625;-204,90625;82,46875;22,5;1,375;-54,25;13,4375;144,125;93,875;-5,84375;46,0625;25,34375;212,28125;0,28125;-79,8125;149,25;219,03125;110,15625;-79,46875;189,96875;318,625;200,34375;271,40625;170,59375;100;23,34375;343,15625;245,15625;170,8125;225,75;249,53125;279,46875;220,5;67,78125;123,09375;172,53125;191,78125;357,03125;222,78125;23,59375;230,15625;207,34375;221,15625;241,09375;159,28125;-25,15625;210,0625;62,75;299,84375;49,8125;308,5;185,09375;127,375;162,3125;189;120,4375;214,84375;106,1875;135,15625;145,5625;163,90625;116,15625;139,3125;296,90625;187,4375;211,71875;304,40625;284,65625;139,53125;191,15625;13,15625;115,34375;364,8125;282,1875;122;223,5;190,6875;125,78125;404,59375;191,15625;98,5625;28,40625;180,40625;112,03125;263,21875;53,65625;57,03125;39,03125;184,90625;118,53125;139,25;122,6875;68,9375;31,0625;36,0625;-57;263,8125;111,28125;203,0625;98,0625;65,59375;77,25;-126,5625;105,46875;152,71875;217,03125;144,5625;41,15625;340,78125;273,28125;438,96875;343,03125;190,875;394,15625;248,75;447,4375;408,15625;250,4375;261,40625;300,59375;241,75;18,3125;152,15625;16,71875;-12,125;-113,90625;13,21875;-75,9375;92,59375;70,65625;152,21875;367,8125;110,75;35,5;81;121,875;173,9375;128,59375;137,59375;-86,71875;218,6875;169,15625;219,3125;217,09375;307,59375;-69,53125;300,84375;88,3125;-13,03125;274,5625;-4,46875;182,3125;183,28125;150,625;154,21875;142;143,25;157,96875;119,71875;95,6875;84,5;240,09375;62,125;-32,75;-24,625;125,875;42,4375;188,75;166,1875;64,84375;-18,28125;28,65625;287,15625;-26,875;154,875;-12,1875;-17,71875;-15,34375;-24,46875;110,3125;29,21875;66,4375;37,125;-5,78125;-117,34375;-163,96875;-31;44,71875;-71,125;-90,28125;-10,5;-27,3125;60,84375;-190,1875;-244,28125;-179,03125;88,46875;9,1875;-141;-206,15625;-79,84375;-127,625;-293,125;-112,6875;-21,625;-64,96875;-131;-310,90625;-243,875;-284,3125;-113,1875;-154,5;-210,75;-24,53125;-149,15625;-73,84375;206,875;-119,9375;-15,1875;91,5;-278,5;-113,1875;-73,4375;118,65625;86,0625;66,59375;-110,15625;-102,9375;167,3125;76,84375;38,875;64,15625;56,125;193,34375;-27,84375;-31,4375;37,375;114,25;71,8125;40,21875;-87,1875;14,46875;
-219,21875;-165,03125;-240,75;17,03125;-115,5;-347,40625;-191,78125;-140,125;-275,8125;-317,71875;-302,78125;-112,84375;-141,71875;-250,25;-199,4375;-18,65625;-259,90625;-222,75;-335,875;-67,96875;7,96875;-281,65625;-258,8125;-260,25;-379,4375;-444,1875;-189,09375;-266,03125;-266,90625;-296;-349,625;-258,6875;-425,84375;-475,9375;-50,125;-83,46875;-152,71875;-161,53125;-245;-118,6875;-212,125;-132,84375;25,40625;-139,375;-366,78125;-311,28125;-303,96875;-355,03125;-173;-211,53125;11,90625;-51,875;-248;28,53125;-157,6875;-9,5;43,21875;32,21875;-45,84375;52,6875;-167,5625;-3;29,9375;-147,53125;-166,875;-235,53125;27,65625;-16,375;-183,1875;-111,0625;79,1875;137,8125;-76,28125;-127,09375;-80,5;-133,875;-28,21875;-17,21875;32,09375;-114,28125;-14,40625;-206,875;90,8125;-189,46875;-98,96875;-62,34375;23,21875;-24,25;169,90625;-80,25;23,375;91,78125;18,15625;-166,53125;-318,1875;-122,6875;-51,84375;45,3125;109,1875;-166,6875;116,625;248,9375;156,65625;-34,9375;-18,15625;115,25;93,71875;85,125;-38,09375;15,15625;118,65625;102,375;128,375;7,03125;221,65625;344,78125;210,375;3,59375;66,5625;182,1875;92,4375;174,875;110,90625;375,1875;176,25;280,25;126,65625;191,875;203,53125;166,78125;223,125;245,9375;-18,5;128,65625;92,53125;176,71875;-170,5625;116,28125;118,15625;71,375;27,75;301,125;214,40625;175,625;102,8125;217,40625;252,0625;280,3125;79,5625;49,0625;94,65625;87,75;93,71875;27,25;125,3125;116,0625;287,625;48,375;53,28125;-57,71875;93,5625;159,4375;229,71875;72,78125;7,03125;301,21875;-57,28125;39,34375;-27,21875;221,625;45,46875;-67,28125;-37,59375;50,5;20;70,09375;-14,96875;-4;7,34375;-218,59375;-3,53125;61,96875;21,78125;5,5625;-97,375;305,09375;171,84375;217,875;205,9375;338,5625;300,40625;281;332,5625;215,0625;375,78125;-11,1875;184,9375;110,1875;-29,3125;-8,5;-143,4375;81,28125;-148,8125;-86,71875;104,28125;-218,53125;-253,71875;-90,8125;-50,84375;58,96875;-175,15625;-88,6875;112,4375;-57,78125;17;-160,375;40,53125;-94,90625;69,34375;-2,4375;-36,65625;-72,03125;-33,875;24,65625;-115,71875;66,09375;191,5625;104,03125;64,3125;92,8125;235,1875;68,34375;130,375;-30,96875;-9,75;86,03125;-14,5625;105,40625;57,71875;192,84375;13,09375;74,65625;-3,21875;131,53125;-21,28125;156,53125;219,625;77,875;76,0625;77,875;21,21875;-83,53125;-89,03125;82,03125;-54,9375;36,4375;-74,71875;19,59375;-165,53125;-163,125;33,875;102,40625;-11,40625;-284,46875;-292,125;-109,8125;-297,5625;-206,71875;-290,21875;-159,21875;-8,0625;-32,25;-262,0625;27,875;-33,21875;-133,0625;-118,53125;-135,46875;-104,75;-34,9375;-159,65625;-40,53125;-133,53125;-226,75;-314;-271,65625;177,71875;3,03125;-174,59375;-197,09375;-59,40625;-54,4375;-70,59375;-412,71875;-10,34375;-145,84375;-182,9375;-52,09375;-42,03125;-22,875;-143,90625;-95,90625;-123,25;16,40625;-101,96875;-78,5625;-104,09375;-67,5625;-0,21875;-17,15625;168,96875;-70,625;-46,34375;98,3125;-51,9375;-37,78125;56,40625;116,96875;25,6875;-68,71875;
-133,03125;-135,3125;-69,375;-26,375;-121,21875;-160,78125;-26,46875;-218,0625;-253,6875;-183,8125;-143,21875;-160,15625;-50,375;38,40625;-39,15625;-240;66,53125;-293,1875;-101,78125;-225,375;-212,90625;-148,96875;-356,3125;-176,3125;-381,375;-137,0625;-144,34375;-140,46875;-182,75;-241,78125;-106,09375;-257,59375;-102,75;-32,8125;-43,375;-157,15625;-262,625;-1,84375;-217,40625;-160,84375;-253,03125;-152,28125;-125,21875;77,4375;-16,59375;-55,625;-36,9375;-20,34375;24,0625;-85,625;-193,875;89,125;-292,875;-55,4375;-28,53125;266,96875;35,625;-105,5625;-114,03125;-264,09375;106,53125;21,5;-70,71875;122,4375;52,90625;326,25;45,875;162,125;166,59375;59,6875;-27,28125;61,3125;24,6875;-109,34375;-95,5625;-13,4375;-5,46875;-76,40625;-117,40625;130,90625;73,6875;105;192,65625;-209,46875;-70,5;159,34375;162,96875;79,375;146,3125;-0,8125;-14,21875;200,4375;143,21875;78,1875;77,8125;144,8125;57,90625;189,25;101,8125;29,875;242,90625;-29,6875;164,8125;35,0625;200,15625;206,625;342,71875;49,1875;17,59375;202,96875;169,5625;140,0625;351,375;220,46875;74,5;210,40625;-33,40625;144,15625;384,75;191,125;50,53125;288,1875;284,8125;390,4375;152,5625;174,125;185,34375;388,375;258,4375;339,34375;228,53125;263,1875;313,3125;311,375;99,53125;-5,3125;130,5;376,0625;-19,34375;82,25;35,0625;107,15625;255,875;239,4375;203,59375;123,40625;230,75;389;109,0625;284,46875;106,3125;212,09375;250,25;63,21875;127;236,21875;204,5625;126;131,5625;226;210,5;219,875;261,71875;203,78125;98,09375;164,3125;178,53125;30,75;210,84375;168,03125;-102,03125;-30,375;89,78125;46,28125;165,40625;-0,84375;45,21875;120,875;-140,875;-88,96875;196,6875;-63,59375;253,875;107,53125;46,1875;271,53125;319,71875;330,78125;235,03125;321,5;449,59375;280,375;127,8125;259,0625;293,71875;46,625;81,5;-72,3125;79,8125;55,71875;70,375;-28,84375;-28,03125;75,21875;-169,25;82,625;-34,84375;-114,40625;-128,15625;68,28125;22,84375;185,0625;-48,15625;-37,59375;-22,375;5,53125;158,875;-156,65625;-25,09375;141,1875;100,71875;-138,25;-51,5625;224,65625;71,46875;143,375;222,03125;241,46875;125,125;83,59375;94,0625;123,375;253,09375;159,53125;223,28125;236,03125;140,875;101,78125;101,34375;-59,6875;-110,125;0,46875;3,3125;95,15625;4,75;182,84375;79,125;6,21875;86,75;-154,75;100,65625;44,65625;152,5;-4,5;44,34375;62;34,90625;-181,375;66,75;139,125;-141,5625;-59,4375;-8,21875;-199,1875;-89,03125;-110,625;-32,53125;-207,46875;-0,4375;-47,125;-195,28125;-47,71875;-276,5;-113,65625;-170,59375;-231,53125;-90,09375;-0,09375;-85,125;-112,0625;-323,3125;-47,1875;87,71875;-32,90625;-199,90625;-108,625;-8,96875;-106,625;-70,09375;-2,375;-113,1875;-80,21875;-279,90625;-127,96875;47,6875;-54,40625;118,96875;-10,0625;-70,375;82,6875;-104,125;76,125;51,125;-105,75;-126,59375;-153,28125;-43,15625;-154;-46,25;19,78125;209,65625;-2,4375;0,8125;-27,84375;55,5625;80,125;121,90625;195,1875;145,28125;79,03125;
-205,96875;-235,875;-94,53125;-136,09375;-249;-207,65625;-302,65625;-296,78125;-77,15625;-179,375;-229,53125;-208,59375;-193,53125;-247,59375;-209,78125;-361,375;-434,4375;-253,5;-355,625;-410,75;-203,375;-230,90625;-107,9375;-348,71875;-326,8125;-188,71875;-288,71875;-475,59375;-419,40625;-293,6875;-236,53125;-368,75;-236,21875;-234,4375;-250,375;-302,3125;-380,28125;-265,875;-176,65625;-252,21875;-258,34375;-343,59375;-223,75;-268,90625;-329,71875;-276,53125;-247,71875;-259,21875;-188,59375;-320,53125;-254,5625;-126,46875;-194,53125;-148,875;-270,0625;52,96875;-108,03125;69,3125;-162,78125;-102,1875;-247,15625;-145,125;-41,1875;-277,125;-50,46875;-57,21875;-200,84375;-33,9375;-121,15625;24,25;76,375;-220,4375;-210,78125;-100,25;-147,8125;-195,1875;-170,03125;-122,90625;-126,875;11,46875;-20,84375;-187,03125;-185,34375;-96,46875;-33,65625;-245,375;-172,3125;-52,09375;86,40625;-141,46875;-59,375;-38,5625;-30,15625;-147,5;-222,6875;-190,53125;-110,03125;-136,71875;12,1875;-92,84375;120,625;35,9375;49,34375;26,8125;-58,53125;149,96875;31,375;-139,5;-36,4375;-70,15625;58,15625;-85,71875;38,25;31,71875;115,6875;173,90625;108,875;38,03125;-125,40625;276,75;-96,875;-65,71875;221,78125;77,96875;172,40625;-200,03125;114,65625;10,875;154,21875;22,65625;451,78125;226,5;231;119,8125;86,84375;78,25;179,75;-18,6875;317,96875;66,625;38,5625;-4,09375;103,78125;73,59375;37,34375;-69,21875;183,71875;57,90625;215,3125;207,3125;44,59375;135,65625;-18,96875;-112,6875;78,09375;101,03125;184,5;5,375;21;4,625;23,8125;96,03125;117,40625;111,8125;83,03125;14,34375;45,75;125,84375;13,15625;-12;27,5;108,9375;11,84375;-42,71875;-135,375;-51,8125;-80,8125;-65,28125;-81,90625;-34,53125;-177,3125;6,625;71,28125;68,0625;-17,21875;-3,71875;-94;180,375;143,3125;375,71875;270,28125;187,1875;211,15625;29,4375;88,96875;20,21875;224,3125;8,46875;-40,34375;122,34375;8,90625;-54,53125;-203,71875;-13,21875;-149,625;-319,6875;-119,21875;1,65625;-142,15625;-65,625;-159,375;37,375;-32,375;-276,8125;-92,15625;-2,625;58,46875;-349,5625;4,0625;-87,5;-50,1875;-10,21875;-138,90625;-58,09375;-109,59375;-97,8125;-173,6875;112,125;-34;-98,9375;-151,21875;-85,6875;-39,28125;-97,65625;38,375;-70,15625;-130,875;20,4375;-185,875;-165,28125;51,03125;-26,40625;36,59375;-3,40625;-74,84375;125,40625;-24,46875;-199,3125;-10,03125;120,40625;-65,65625;-113,25;-191,78125;3,34375;-54,84375;67,84375;-38,46875;-94,65625;-207,34375;1,1875;46,40625;-74,5625;-339,40625;-274,9375;14,5625;-555,59375;-98,59375;-210,3125;-264,59375;-282,5;-171,3125;-46,1875;-263,375;-161,03125;-229,25;-139,625;-455,75;-361,375;-106,28125;-106,0625;-183,53125;-118,8125;-117,9375;-319,4375;-193,96875;-372,3125;-304,90625;-79,53125;-131;-252,0625;-214,53125;21,53125;-261,03125;23,375;-126,90625;-206,53125;-186,59375;-21,6875;-46,1875;-215,65625;-177,125;-171,9375;-152,375;-76,4375;109,78125;-198,9375;71,90625;-58,15625;-216,03125;33,8125;-300;-3,71875;-122,96875;-160,375;-216,78125;-217,28125;-111,90625;-87,15625;-64;-49,21875;
-2,09375;-45,1875;-1,125;-107,9375;57,46875;-110,75;-193,40625;-169,28125;-165,0625;-158,5625;75;-233,4375;-207,5;-132,71875;-170,53125;-230,9375;-157,9375;-199,875;-325,59375;-388,71875;-180,375;-386,625;-445,90625;-396,5;-146,1875;-219,84375;-250,625;-192,9375;-479,53125;-286,21875;-268,9375;-504,46875;-137,96875;-145,46875;-176,375;-437,5625;-97,5;-45,3125;-182,5625;-31,90625;-168,03125;-155,5;-118,59375;-247,4375;-255,5;-65,09375;-134,28125;-128,9375;-128,75;78,25;-220,1875;-45,71875;-45,25;-151,71875;99,75;-10,46875;-47,75;-242,09375;-36,375;36,625;192,09375;25,96875;-120,53125;36,28125;-33,0625;-31,21875;-189,8125;-61,5;-145,9375;-204;-13,0625;-110,03125;-19,46875;107,46875;-96,65625;-32,96875;-1,625;-58,84375;-55,125;-56,03125;-114,875;-112,40625;-31,71875;51,40625;-54;-49,0625;24,34375;147,46875;35,3125;4,34375;120,28125;-144,875;-97;23,4375;-18,8125;-63,6875;-108,96875;-36,4375;246,25;57,84375;20;45,8125;194,34375;313,8125;49,8125;122,6875;87,09375;-98,4375;-74,03125;126,25;99,625;198,8125;284,25;68,03125;70,09375;77,21875;31,15625;139,34375;-32,59375;237,125;204,21875;279,75;200,78125;0,46875;40,40625;266,84375;15,59375;96,28125;310,65625;234,03125;-8,375;31,09375;24,875;253,875;138,75;136,84375;27,46875;103,875;199,78125;2,5;251,71875;65,96875;160,875;216,65625;104,8125;114,09375;210,1875;254,46875;118,90625;155,96875;162,5625;174,8125;61,6875;315,59375;137,3125;294,84375;15,96875;-45,40625;154,625;24,71875;148,5;259,53125;233,09375;-64,53125;332,75;-126,6875;-29,5;66,9375;216,90625;-71,53125;-53,53125;144,5;238,0625;122,4375;220,1875;86,90625;-55,25;-81,625;-203,0625;-128,09375;19,375;243,40625;178,96875;-48,28125;113,0625;88,46875;258,34375;261,6875;190,40625;410,46875;261,1875;26,65625;72,96875;183,5;285,125;-49,34375;209,875;38,65625;43,03125;-118,84375;-34,46875;43,46875;-31,21875;-104,6875;199,5625;74,71875;-9,125;12,65625;-17,5625;77,3125;198,0625;123,21875;-154,53125;-150,84375;-251,3125;46,375;-56,28125;-140,4375;-116,375;-62,03125;153,15625;8,4375;58,65625;-35,375;87,40625;106,1875;-98,875;-116,125;221,78125;135,53125;118,9375;95,28125;122,375;75,53125;192,65625;199,15625;-86,65625;-6,15625;21,03125;-13,5625;25,875;-126,09375;-64,96875;102,28125;-12,90625;-166,90625;45,53125;-65,65625;348,65625;0,59375;15,6875;-23,65625;-12,28125;-14,65625;150,90625;124,8125;94,59375;-97,40625;-237;24,59375;51,625;44,6875;-311,5;45,21875;-150,15625;16,84375;108,71875;-227,96875;42,25;-40,09375;-160,6875;-54,84375;-29,09375;-65,65625;-195,8125;-220,71875;-77,71875;-348,1875;-145,25;-315,125;-299,71875;-192,84375;-77,53125;-181,59375;-126,9375;-30,75;-168,46875;-142,25;-213,59375;-123,90625;61,40625;-202,78125;-57,28125;-118,15625;-200,65625;-205,375;-91,09375;-165,75;-4,25;-60,6875;-329,3125;-104,21875;158,375;105,6875;-123,84375;-58,28125;38,96875;141,96875;-171,78125;-89,0625;23,78125;-9,71875;-113,9375;100,5;155,71875;-47,5;114,1875;-26,3125;-75,21875;-20,34375;
-125,71875;4,90625;-158,46875;-211,5;-96,03125;111,8125;56,28125;-45,9375;-399,34375;-186,25;-77,9375;-75,96875;-300,4375;-227,1875;210,4375;-184,40625;-131,28125;-26,75;-272,625;-147,4375;-372,21875;-138,15625;-230,875;-264,3125;-219,28125;-253,59375;-199,59375;-135,59375;-333,9375;-234,21875;-309,4375;-358,875;-174,71875;-286,71875;-456,8125;-54,0625;-210,25;-207,90625;-118,21875;-233,5625;-172,9375;-209,90625;-280,90625;-262,90625;-362,375;-465,625;-238,21875;-139,03125;-40,59375;-80,71875;-107,78125;-337,28125;-297,28125;-164,875;36,8125;-77,59375;-94,53125;-183,1875;-190,46875;-131,78125;-173,53125;-179,59375;-34,5;-91,375;84,125;56,1875;33,21875;-141,40625;37,40625;187,46875;18,3125;35,71875;40,03125;-136,6875;43,125;169,84375;5,53125;-1,5625;-217,09375;-127,625;-11,8125;79,5;64,34375;35,71875;31,03125;-26,09375;-48,84375;-94,21875;27,15625;-91,21875;34,875;69,34375;97,03125;23,65625;-118,71875;170,4375;69,84375;-141,125;8,375;110,25;-63,03125;123,3125;92,65625;76,9375;0,75;23,84375;231,375;107,28125;-93,0625;28,25;-5,65625;40,5;232,53125;78,84375;150,4375;85,1875;2,625;125,59375;229,15625;76,6875;54,09375;281,65625;132,71875;156,3125;83;218,875;171,71875;78,03125;235,84375;367,28125;243,5;-64,09375;255,0625;72,5625;137,4375;235,71875;-45,65625;91,03125;236,46875;183,40625;303,0625;75,9375;151,3125;197,1875;95,71875;84,78125;127,625;146,625;264,53125;389,75;77,40625;201,6875;321,96875;54,21875;10,75;116,375;116,25;15,9375;207,5;216,0625;126,375;85,84375;184,625;467,0625;50,90625;207,46875;223,75;231,5625;108,3125;212,1875;138;359,59375;231,75;65,25;395,46875;-74,5625;286,625;30,625;39;-37,15625;-16,59375;-23,9375;222,03125;18,625;47,40625;3,6875;217,5625;184,09375;223,125;187,40625;200,15625;310,65625;277,5625;233,125;231,625;354,9375;125,3125;85,59375;98,5625;269,8125;47,28125;-0,53125;22,3125;-46,375;28,375;-9,5625;-87,75;-153,09375;17,1875;-195,125;-77,1875;-7,84375;-174,71875;-117,75;-48,53125;126,96875;41,03125;-117,15625;75,03125;-1,4375;250,3125;151,4375;141,75;-29,375;8;127,9375;-40,5;-39,5;47;-50,03125;231,03125;113,34375;76,8125;217,8125;-14,8125;191,84375;263,25;44,3125;180,1875;129,875;-24,125;285,1875;329,15625;62,5625;101,84375;-114,8125;37,90625;254,84375;194,03125;7,625;177,40625;55,59375;113,3125;104,71875;63,03125;332,0625;117,25;-73,65625;-86,8125;39,3125;-147,1875;-140,71875;-50,25;-33,96875;-99,40625;-188,5;20,40625;25,375;23,6875;-37,875;-20,71875;-344,15625;-117,21875;-81,15625;-100,3125;39,21875;-65;-112,90625;-68,21875;-223,15625;-130,34375;-201,59375;-166,25;135,3125;84;-107,5;-65;-133,1875;181,15625;-74,59375;89,59375;-151,9375;-167,09375;-129,40625;-88,84375;-45;-26,9375;114,78125;-78,28125;-97,3125;-125,3125;-125,375;-30,40625;-11;-174,34375;70,96875;35,34375;-60,71875;-60,375;-93,8125;114,34375;-9,96875;-77,3125;-151,78125;-85,5;143,5;17,6875;148,71875;-14,46875;179,3125;
19,09375;22,96875;-64,15625;-132,71875;-60,125;-137,96875;-119,59375;-140,71875;-228,625;-173,03125;-359,65625;-19,5;-153,75;-116,5;-260,84375;-340,84375;-63,96875;-114,40625;-209,875;-21,625;-210,46875;-261,9375;-218,0625;-80,9375;-104,96875;-374,40625;-126,09375;-317,15625;-320,53125;-37,15625;-191,28125;-269,96875;-245,96875;21;-231,5625;-447,3125;-133,375;-32,96875;-252,71875;-193,78125;-242,34375;-277,46875;-158,9375;-46,71875;-227,25;-188,65625;-138,0625;-37,0625;-370,3125;-146,75;-20,59375;-77,1875;-314,75;-91,28125;-73,4375;-151,6875;-227,71875;-55,625;-23,8125;-243,59375;65;-111,71875;-104,28125;-36,125;-134,625;-104,1875;-22,71875;45,09375;-230;59,625;-33,125;74,3125;6,375;-151,9375;142,625;46,75;-49,4375;29,9375;44,875;-33,90625;-16,28125;10,65625;199;-30,25;-136,78125;45,5;77,875;65,78125;116,46875;65,25;91,3125;-29;138,03125;230,375;-51,40625;-28,03125;-30,09375;55,5625;136,71875;91,46875;-162,5;308,125;214,96875;7,125;-135,96875;55,5;36,8125;217,46875;65,9375;207,15625;176,5;233,75;75,25;37,625;15,875;75,4375;52,125;112,6875;255;276,9375;141,15625;103,5;203,34375;279,15625;244,25;190,28125;260,21875;347,96875;167,59375;286,90625;39,46875;350,4375;234,59375;270,96875;231,5625;132,6875;125,65625;64,375;118,5625;124,75;243,90625;415,375;375,46875;185,84375;347,5;-140,96875;182,15625;201,90625;149,21875;312,28125;124,59375;237,6875;168,25;43,46875;199,71875;245,15625;226,40625;372,8125;422,96875;167,8125;90;227,125;161,0625;10,1875;203,65625;214,3125;29,65625;87,8125;55,75;28,5;129,15625;214,0625;-35,65625;-85,71875;293,625;155,96875;-115,5625;189,84375;78,96875;39,84375;59,71875;114,53125;-4,46875;43,46875;142,40625;249,125;132,0625;300,4375;404,0625;169,125;313,0625;140,09375;399,9375;270;111,25;126,6875;89,3125;66,5625;269,5;175,53125;-150,1875;241,90625;164,21875;78,65625;212,71875;36,78125;4;110,46875;-18,6875;99,375;-12,21875;92,53125;-106;-175,09375;253,53125;-255,1875;39,28125;89,96875;108,625;-26,6875;119;117,4375;-35,25;137,5625;148,65625;45,40625;43,53125;31,21875;71,9375;233,5625;54,90625;4,9375;122,71875;41,625;97,84375;358,21875;63,75;6,53125;84,15625;407,46875;254,65625;266,21875;404,40625;147,65625;140,53125;275,75;285,4375;134,53125;354,1875;-47,4375;23,5;168,0625;145,09375;7,21875;192,1875;-59,625;175,21875;61,9375;25,78125;213,0625;-206,5;88,0625;-235,34375;129,40625;-54,78125;-83,46875;46,875;-134,65625;29,75;81,75;43,8125;130,46875;-15,09375;52,65625;70,75;-55,5625;-14,40625;-148,65625;-61,40625;-136,34375;-205,90625;-79,78125;-15,25;134,9375;-50,96875;125,1875;-48,34375;-20,4375;74,75;40,375;228,46875;-19,0625;-47,28125;-20,65625;117;-129,8125;-151,5625;31,4375;266,78125;52,125;117,875;20,96875;107,5625;37,5;105,15625;9,8125;96,09375;52,59375;193,25;81;-58,84375;82,71875;-23,75;-124,6875;-69,53125;11,625;88,65625;40,59375;183,96875;37,5625;
-270,9375;-83,78125;-388,21875;-157,875;-361,21875;-330,4375;-127,375;-267,65625;-395,03125;-26,375;-168,375;-222,15625;-244,4375;-418,3125;-234,875;-220,03125;-294,65625;-268,09375;-303,15625;-176,59375;-282,84375;-341,84375;-120,25;-404,34375;-305,375;-336,25;-225,375;-625,1875;-472,8125;-374,96875;-465,4375;-346,9375;-437,5;-514,40625;-365,6875;-284,28125;-350,375;-317,0625;-395,28125;-312,5;-376,3125;-245,15625;-440,15625;-188,78125;-462,8125;-257,25;-188,28125;-338,71875;-306,28125;-404,75;-358,75;-88,5;-421,59375;-267,40625;66,15625;-201,3125;-56,8125;-80,4375;-217,03125;-7,09375;-50,625;-11,71875;-167,375;-185,90625;-73,1875;-163,5625;-236,1875;-89,28125;-267,84375;-35,15625;27,71875;129,1875;-183,25;-94,34375;47,84375;-52,0625;51,71875;35,53125;21,96875;-240,625;-74,71875;-92,90625;-138,375;-157,59375;87,46875;-225,59375;136,1875;-72,875;-62,15625;-81,125;-48,28125;-331,96875;79,3125;33,1875;28,09375;-215,71875;133,625;5,96875;-89,65625;-92,90625;-74,96875;45,59375;-166,75;-4,625;-53,5625;45,625;150,5;-174,8125;-57,59375;-85,46875;98,1875;-252,90625;160;-100,8125;-11,5;187,84375;-152,8125;97,3125;206,84375;47,9375;53,4375;-131,71875;72,0625;162,3125;191,84375;147,4375;76,9375;113,1875;-124,65625;-14,96875;190,15625;123,09375;-54,9375;33,78125;19,1875;111,46875;173,40625;129,78125;160,46875;181,46875;27,0625;19,34375;89,46875;-1,875;-25,90625;268,59375;179,25;164,1875;87,8125;6,9375;373,40625;-151,875;116,28125;-33;94,8125;143,6875;52,03125;-170,90625;100,53125;-13,875;250,25;266,59375;-32,84375;-104,96875;-74,4375;22,4375;-19,25;95,46875;145;25,3125;-32,5625;169,375;66,84375;-113,96875;-164,75;-56,875;-101,5;-160,84375;-131,96875;-250,5625;-87,3125;-185,625;41,1875;146,21875;-175,9375;-63,6875;271,9375;317,3125;15,25;76,625;191,09375;283,78125;391,65625;210,71875;192,03125;120,0625;-15,0625;-101,84375;-92,5;-24,8125;-77,15625;93,125;-78;-74,8125;-183,375;-77,8125;-151,8125;-80,53125;12,65625;25,28125;-95,28125;-97,4375;127,71875;-160,78125;107,125;-156,53125;-80,25;-77,96875;-25,34375;58,28125;-161,90625;79;-157;-86,09375;-111,28125;-75,96875;7,71875;45,65625;72,6875;17,46875;118;41,875;157,5;227,0625;182,53125;-110,5625;172,53125;31,09375;103,5625;117,09375;29,6875;101,1875;-7,40625;89,6875;60,75;86,65625;37,875;84,75;113,9375;170,0625;20,34375;85,84375;17,46875;-13,28125;205,59375;-15,5;178,1875;2,65625;-130,9375;-2,59375;-178,59375;50,375;-252,46875;-165,875;52,96875;-189,28125;-45,59375;-95,875;-20,6875;-104,3125;53,4375;-211,6875;-158,4375;-139,46875;-181,75;-119,65625;-15,5;-123,25;-112,0625;-140,8125;-328,875;-18,53125;-335,5;-63,9375;-15,28125;-209,78125;-8,125;196,71875;-46,6875;-200,40625;-47,78125;105,4375;-120,59375;110,3125;-66,15625;-148,84375;-153,9375;-26,375;-162,78125;80,28125;-24,78125;-10,90625;-33,40625;68,28125;106,96875;-10,5625;-4,875;-245,40625;-170,6875;3,3125;50,84375;-2,96875;228,4375;-72,8125;87,3125;-74,46875;152,03125;-9,96875;-94,3125;-18,4375;
-92,65625;-3,25;-216,625;-152,875;-162,25;-82,59375;-93,03125;145,65625;-83,65625;10,5;106,3125;-153,6875;-62,1875;-73;-266,78125;-274,75;-86,59375;-112,6875;-49,84375;-152,625;-144,875;-88,09375;-239;-77,9375;-97,84375;-259,3125;-251,875;-291,5625;-153,0625;-200,1875;-112,875;-182,1875;-253,40625;-186,84375;-150,875;-240,125;-247,46875;-169,84375;-347,34375;-165,78125;-184,9375;-246,46875;-98,0625;-314,125;-67,625;-169,96875;-190,78125;-265,9375;-211,34375;-52,53125;-101,59375;-307,28125;17,5;28,34375;-121,96875;-140,65625;-139,90625;-96,59375;9,34375;-48,625;-5,28125;-81,96875;-39,28125;58,46875;178,75;1,0625;65,21875;88,375;-28,28125;-66,4375;69,625;175,6875;125,90625;-37,84375;221,8125;197,59375;-146,46875;-36,84375;162,53125;162;99,1875;235,71875;13,4375;258;172,09375;44,0625;142,46875;-83,28125;91,5625;-58,0625;-97,53125;6,09375;232,71875;210,125;91,75;-28,0625;2,0625;177,28125;286,25;300,65625;240,53125;288,0625;111,09375;188;68,90625;93,125;-5,65625;275,125;59,78125;131,59375;391,1875;310,3125;200,96875;90,65625;169,65625;136,53125;192,53125;118,65625;352,09375;256,15625;44,46875;5,375;244,15625;243,71875;326;172,75;228,6875;205,6875;239,15625;-70,78125;247,1875;50,71875;206,21875;162,71875;192,09375;221,78125;273,84375;143,71875;-11,84375;119,25;125,46875;193,90625;237;174,71875;466,34375;293,875;27,125;203,28125;48,625;273,71875;387,9375;218,78125;99,03125;263,9375;239,9375;422,1875;310,84375;46,96875;450,84375;283,5;304,8125;334,09375;289,5;268,96875;147,375;130,1875;204,75;330,1875;125,9375;251,78125;171,53125;296,84375;116,25;295,78125;342,125;66,9375;-36,9375;137,4375;97,09375;235,21875;138,0625;158,875;171,96875;66,34375;150,71875;204,75;182,1875;124,15625;295,6875;491,78125;614,125;582,4375;260,5;230,9375;324,3125;162,375;78,1875;155,9375;197,96875;138,375;142;162,65625;327,4375;52,6875;58,4375;79,84375;110,75;-18,875;-72,15625;170,9375;-101,5625;90,09375;175,78125;137,96875;207,1875;75,625;105,875;-77,40625;207,75;-51,125;333;68,40625;196,125;205,90625;247,40625;168,53125;240,78125;203,375;180,25;233,53125;157;276,25;273,65625;209,71875;419,0625;218,75;333,96875;196,875;359,1875;158,59375;383,40625;391,5625;243,6875;303,96875;306,15625;187,09375;187,65625;401,375;479,375;158,875;204,0625;181,875;248,25;346,1875;201,09375;231,5625;92,09375;253,09375;274,78125;134,8125;269,46875;-25,25;-100,25;-41;73,15625;145,1875;-38,03125;130,96875;134,125;48,28125;36,4375;88,21875;-68,46875;45,34375;83,53125;285,40625;159,625;96,5625;76,71875;-69,53125;263,6875;-101,46875;95,1875;435,03125;151,71875;59,59375;134,9375;-48,53125;18,1875;95,5625;34,84375;330,78125;6,6875;17,8125;214,28125;208,53125;300,09375;19,3125;91;162,75;226,21875;132,1875;281,53125;140,8125;106,90625;312,28125;281,46875;21,96875;198,6875;139,0625;50,34375;270,40625;144,125;288,3125;254,09375;405,40625;358,75;236,6875;67,59375;190,8125;
-24,5625;-263,21875;-348,71875;-145,9375;-339,9375;-119,34375;-264,1875;-101,8125;-292,21875;-467,21875;-222,5;-322,96875;-221,6875;-355,09375;-209,65625;-177,84375;-337,8125;-387,96875;-149,1875;-310,625;-643,75;-260,125;-473,375;-153,96875;-293,125;-216,34375;-282,125;-438,375;-374,71875;-475,3125;-473,84375;-368,0625;-479,875;-401,59375;-413,1875;-225,9375;-352,53125;-417,125;-385,5;-529,90625;-676,5625;-557,8125;-238,5;-402,46875;-609,65625;-500;-448,40625;-469,71875;-371,59375;-145,65625;-220,15625;-252,46875;-251,25;-246,40625;-134,9375;-425;-57,40625;-374,6875;-225,53125;-454,75;-66,5625;22,0625;-278,09375;-315,09375;-123,09375;-113,71875;47,15625;-219,96875;-79,90625;-272,40625;-35,0625;-114,9375;-75,75;-100;69,4375;-232,25;-163,625;-74,09375;10,03125;-208,9375;48,15625;-336,8125;-111,90625;-299,0625;-176,25;-187,875;-179,5625;-114,125;-102,1875;-61,1875;-31,28125;-300,28125;-0,0625;-270,59375;-127,34375;-177,5;15,15625;-188,34375;-36,90625;-59,28125;-58,84375;-2,28125;-100,6875;-144,15625;122,375;11,75;-28,59375;-146,5;31,5625;-60,6875;-100,90625;208,25;-118,375;17,71875;42,9375;-62,5;30,375;113,46875;-225,71875;-128,34375;-95,375;-64,53125;52,75;-24,9375;36,3125;22,78125;46,90625;-165;-214,40625;251,3125;174,96875;10,40625;-73,65625;-56,78125;23,5625;-248,25;-18,5625;-97,15625;33,46875;223,78125;79,96875;-42,4375;-215,75;21,46875;0,65625;106,15625;35;117,46875;18,71875;206,3125;94;82,25;125,34375;-147,625;-68,46875;162,40625;155,0625;46,96875;15;204,5;78,96875;128,90625;66,40625;72,875;-96,40625;-157,34375;-66,6875;65,03125;-61,625;90,5;170,65625;13,25;-7,3125;34,8125;-9,09375;-88,40625;-160,0625;98,34375;-135,375;28,84375;69,375;-36,15625;186,09375;-115,40625;58,4375;285,21875;134,4375;53,65625;93,9375;129,53125;313,375;149,9375;149,09375;-39;-45,46875;5,25;57,1875;-22,125;-225,375;-155,9375;-45,53125;-109,59375;22,15625;-314,90625;-149,75;-142,9375;11,21875;-84;-411,53125;-171,53125;-97,25;-162,5;-241;-239,9375;-10,4375;-194,1875;-13,625;-39,15625;-170,5;-188,625;-142,125;35,875;-152,84375;84,84375;-31,78125;24,9375;86,40625;163;-117,03125;224,40625;200,96875;-81,0625;96,40625;-34,78125;9,625;154,6875;294,375;108,3125;188,25;23,34375;112,28125;21,25;238,75;159,03125;190,15625;137,09375;5,09375;233,96875;231,375;61,875;116,59375;163,09375;82,6875;13,46875;179,59375;-60,25;179,8125;-23,125;-25,09375;-72,34375;-88,40625;55,6875;-61,25;-191,625;-91,78125;-233,8125;-153,96875;-68,90625;-15,9375;-24;-64,3125;-70,84375;-177,5;-46,875;-71,4375;-47,09375;-203,5625;-315,96875;-49,5;-30,03125;-84,3125;-146,53125;-336,84375;46,90625;-132,40625;-131,53125;67,5625;79,40625;-28,75;-77,78125;-175,875;-106,5;-94,84375;-1,625;-254,09375;-13,0625;-93,53125;-234,0625;-40,21875;-90,625;100,0625;-39,71875;-56,6875;-31,78125;-245,15625;-56,1875;65,40625;-23,40625;-207,28125;97,21875;-85,9375;-16,59375;-70,03125;152,78125;-87,625;-24,125;-31,65625;-89,15625;76,9375;46,53125;
143,5625;77,1875;93,3125;118,84375;-19,40625;19,34375;-222,4375;15,125;73,6875;-110,59375;159,65625;41,46875;-44,40625;110,09375;-5,71875;152,6875;33,125;-107,28125;-135,9375;-55,5;-63,5;-106,5625;-209,5;71,71875;-166,0625;-205,28125;-39,09375;-207,8125;-176,59375;13,71875;-56,59375;-108,09375;-196,3125;-123,6875;-133,90625;-175,65625;-151,59375;-193,21875;-107,8125;-220,78125;-10,96875;-55,15625;-101,59375;-211;-111,34375;-196;-58,5;91,125;-126,125;21,0625;96;114,25;76,9375;82,1875;-114,8125;-70,375;-24,46875;-77,65625;124,59375;79,75;148,40625;157,46875;126,4375;70,4375;211,25;-41,59375;29,625;159,9375;114,34375;255,59375;249,28125;88,53125;346,3125;154,59375;302;156,21875;92,125;103,3125;111,28125;-27,71875;126,34375;144,5;247;120,3125;42,65625;238,90625;141,25;145,40625;224,90625;17,125;231,96875;170,375;282,78125;8,75;102,125;204,15625;300,96875;399,25;69,25;357,875;190,71875;414,46875;200,3125;73,125;57,53125;285,8125;397,3125;302,625;195,59375;366,8125;332,875;386,34375;243,9375;93,84375;143,40625;353,09375;288,78125;272;352,71875;459,3125;185,53125;408,84375;423,875;279,875;327,71875;295,15625;445,71875;424,5;464,15625;116,59375;282,09375;325,0625;432,46875;463,25;342,53125;275,03125;226,8125;127,28125;611,625;259,6875;268,0625;590,125;396,78125;273,09375;428,625;332,3125;328,90625;432,375;420,09375;450,5625;427,4375;489,34375;470,40625;357,09375;414,0625;543,0625;128,0625;298,4375;426;378,53125;298,65625;309,71875;354,375;363;346,625;290,15625;337,8125;435,6875;152,90625;317,8125;234,375;244,9375;376,15625;365,15625;446,46875;400,53125;228,125;111,75;294,90625;115,78125;288,3125;342,8125;208,65625;442,625;380,5;448,15625;402,90625;504,96875;394,34375;632,4375;638,78125;506,5625;455,03125;382,5;401,0625;324,78125;313,6875;220,84375;241,34375;8,8125;320,28125;458,28125;229,6875;218,21875;104,25;295,5625;269,875;73,3125;122,125;143,5625;108,875;355,3125;185,5625;225,28125;106,4375;313,9375;184,6875;252,34375;274,8125;367,25;344,0625;318,25;174,78125;239,59375;266,25;286,75;227,1875;402,8125;353,125;401,5625;359,25;559,0625;290,96875;402,875;461,125;351,78125;254,90625;373,3125;369,65625;412,9375;450,53125;333,1875;462,46875;383,375;276,84375;415,0625;335,6875;450,4375;157,5;230,78125;218,375;390,875;320,25;221,625;433,84375;457,53125;372,5625;564,53125;199,625;350,5625;226,1875;221,34375;256,25;203,78125;288,875;217,5625;210,0625;136,21875;158,625;424,90625;166,21875;335,03125;155,71875;63,4375;228,1875;99,09375;280,03125;165,125;165,0625;157,6875;-42,875;124,84375;252,0625;156,46875;114,0625;164,9375;159,46875;185,1875;-4,03125;191,96875;319,59375;173,40625;206,96875;114,1875;218,625;294,5;204,0625;319,71875;256,71875;287,875;119,5;235,8125;169,875;209,09375;155,625;303,03125;360,09375;302,375;111,5625;274,78125;431,34375;94,21875;238,65625;183,34375;169,25;288,71875;151,59375;170,46875;279,59375;337,53125;
-106,9375;-47,90625;-49,15625;-103,375;-57,09375;-188,9375;-211,21875;-229,90625;-83,28125;-210,1875;-224,90625;-333,53125;-302,78125;-179,125;-164,25;-126,03125;-132,625;-125,0625;-196,25;-70,1875;-228,78125;-259,5625;-186,34375;-155,5;-334,84375;-189,125;-325,28125;-313,90625;-370,1875;-206,4375;-168,65625;-445,71875;-367,21875;-368,375;-170,96875;-212,78125;-366,625;-423,34375;-244,5;-411,78125;-231,3125;-310,59375;-473,9375;-280,78125;-449,78125;-272,03125;-257,5625;-44,875;-230,625;-418,375;-269,53125;-179,84375;-187,8125;-258,0625;-174,34375;-213,15625;-240,4375;-110,875;-200,0625;8,625;-440,28125;-146,71875;-320,5;-280,40625;-153,09375;-205,3125;-25,9375;-30,53125;-200,4375;74,25;-109;61;-120,1875;-19,5625;-144,40625;-73,9375;211,4375;-114,75;12,65625;-234,46875;-37,25;-155,6875;-139,9375;-152,3125;-56,625;23,59375;-154,03125;-153,84375;115,21875;36,75;-80,71875;121,3125;43,25;154,3125;-139,28125;244;103,21875;-159,59375;-42,09375;-159,6875;177,4375;85;-65,71875;-50,59375;30,53125;99,5;212,40625;137,5625;9,09375;-13;161,75;-32,375;170,34375;185,625;131,0625;183,875;128,25;-29,65625;17,15625;189,28125;113,5625;-2,25;-37,34375;126,71875;3,90625;83,84375;192,78125;-3,78125;71,0625;58,15625;45,84375;156,53125;-46,21875;133,5;36,0625;22,75;274,21875;87,53125;-1,625;126,5625;217,40625;-3,53125;138,0625;108,96875;41,0625;22,34375;215,6875;256,9375;215,53125;57,25;-9,34375;144,3125;224,8125;71,5625;-96,15625;-195,59375;50,65625;72,46875;67,09375;177,1875;128,03125;115,125;81,03125;126;163,9375;21,84375;168,125;81,875;104,40625;233,15625;-132,3125;162,65625;151,8125;161,1875;-24,125;-89,96875;87,28125;99,75;44,71875;137;98,03125;284,40625;113,125;21,375;37,375;291,8125;170,1875;367,84375;386,40625;363,4375;428,5;299,59375;286,09375;62,125;230,09375;258,6875;-29,1875;186,625;51,625;63,03125;-149,6875;34,21875;-87,46875;-140,59375;-28,1875;-92,875;-46,09375;-212,53125;-125,6875;6,1875;-110,46875;98,5625;-172,59375;-134,65625;-77,25;21,96875;61,78125;-157,40625;106;110,28125;36,125;80,78125;99,1875;28,09375;112,09375;107,875;102,0625;116,09375;185,34375;211,34375;219,5625;199,96875;-64,875;13,15625;139,28125;142,34375;403,3125;118,46875;146,90625;23,40625;412,90625;-36,65625;259,125;139,8125;254,1875;127,46875;78,59375;186;73,90625;215,28125;-26,625;209,34375;147,4375;152,9375;34,09375;24;380,125;22,125;287,625;-100,6875;248,03125;20,625;47,875;108,5;-31,65625;-105,46875;108,09375;-121,90625;-75,4375;-80,28125;263,46875;179,53125;2,0625;6,9375;-3,34375;163,3125;-166,21875;194,59375;-66,65625;-47,625;50,0625;8,9375;-97,9375;173,625;-68,59375;76,03125;123,3125;-48,875;-55,9375;52,40625;-212,59375;50,59375;126,46875;-47,6875;184,53125;-10,40625;-182,65625;-50,03125;-17,34375;-10,03125;-10,8125;-27,375;40,75;-32,03125;153,0625;-24,03125;210,5;-105,96875;35,9375;48,5;-45,90625;-39,625;-132,9375;102,3125;-27,5;111,21875;-33,90625;66,59375;93,3125;143,53125;
-3,15625;-118,75;-190,375;-107,5;-11,09375;-83,1875;-42,15625;-213,21875;-107,15625;77,5625;84,0625;-163,9375;180,0625;-131,65625;-49,5625;-51,15625;-230,9375;-92,25;106,53125;-162,75;-138,34375;-137,75;-343,3125;-244,84375;-227,28125;-93,90625;-141,0625;-146,5;-155,5;-222,5;-192,15625;-380,65625;-202;-289,65625;-447,1875;-214,71875;-16,0625;-310,3125;-140,4375;-217,15625;-113,09375;-199,15625;-308,59375;107,375;-120,90625;-175,15625;-166,8125;15,90625;-183,15625;-39,78125;-222,125;-330,75;-45,34375;-54,28125;-73,09375;-115,6875;-4,75;-362,75;-159,5625;34,90625;249,40625;-155,875;106,34375;9,96875;-109,0625;-115,4375;-28,03125;-160,6875;13,0625;-3,34375;92,46875;-154,125;-172,15625;53,78125;159,6875;50,375;87,84375;-9,5;28,09375;31,125;40,3125;126,59375;-27,9375;-55,40625;-34,5;8,6875;127,6875;126,0625;-16,1875;61,375;-49,09375;-69,6875;-34,03125;-12,5625;118,1875;37,96875;360,9375;193,90625;-77,03125;278,84375;140,78125;154,6875;101,875;112,375;-91,28125;77,25;-63,5;215,28125;73,125;284,8125;168,5625;146,3125;231,59375;30,34375;197,5;169,25;119,46875;241,78125;-23,875;129,09375;290,90625;394,3125;185,625;131,875;194,6875;183,34375;259,84375;427,21875;334,4375;49,09375;54,09375;281,15625;114,21875;22,3125;178,03125;156,28125;156,15625;165,0625;82,53125;67,03125;273,46875;137,8125;221,4375;187,65625;106,65625;69,3125;178,40625;217,40625;-30,125;280,90625;153,75;201,46875;66,09375;100,28125;124,0625;127,59375;-16,8125;36,28125;262,21875;166,46875;223,21875;373,75;344,90625;328,625;260,15625;230,84375;238,6875;163,53125;82,90625;207,90625;175,28125;89,90625;17,25;253,9375;16,78125;27,625;167,65625;17,125;165,3125;-39,5625;85,5;12,625;282,0625;68,71875;187,6875;166,375;538,5625;600,625;529,21875;245,6875;416,65625;459,25;286,59375;257,75;373;326,75;14,1875;338,84375;61,4375;-132,125;9,21875;170,34375;-72,4375;-85,25;13,25;4,90625;47,03125;-46,34375;-24,5;54,96875;47,03125;15,3125;161,09375;-3,0625;-50,75;63,34375;72,15625;71,6875;-97,34375;309,8125;133,5625;116,40625;122,375;-130,90625;238,65625;195,96875;229,5625;297,28125;118,1875;161,46875;362,59375;182,9375;194,1875;-72,6875;461,9375;129,28125;133,84375;178,375;384,96875;399,28125;174,96875;298,3125;373,59375;249,875;357,6875;292,71875;193,1875;202,71875;382,71875;77,3125;398,25;233,375;315,53125;316;175,75;124,59375;393,125;272,625;310,625;66,59375;28,8125;173,875;94,625;91,75;-91,5;189,71875;128,5;74,9375;139,3125;98,46875;-82,5;-6,15625;159,53125;65,59375;-8,84375;-40,28125;109,3125;93,59375;59,6875;-147,03125;-147,59375;157,5;202,1875;246,1875;176,90625;-17,28125;169,15625;209,53125;100,90625;99,65625;174,40625;144,21875;50,75;-102,875;-11,59375;123,4375;113,40625;149,34375;142,65625;134,8125;86,0625;71,84375;266,625;162,8125;-62,9375;232,5625;271,6875;-53,8125;82,28125;219,46875;110,0625;55,46875;40,5625;246,21875;-44,625;317,96875;52,46875;117,09375;69,53125;150,03125;
28,75;130,875;204,96875;106,84375;35,78125;102,90625;-0,46875;0,84375;170,84375;-67,71875;126,4375;-48,46875;32;26,1875;-0,5;-194,28125;199,84375;16,46875;124,0625;-172,71875;-261,03125;-232,53125;-184,25;-57,875;-262,03125;-130,90625;-63,78125;-170,65625;-78,40625;-94,21875;-199,46875;-209,8125;-267,0625;-61,71875;-174,59375;-5,65625;-75,59375;-339,59375;40,71875;-61,5625;-100,375;-222,4375;-366,15625;-240;-204,1875;59,25;14,96875;16,5625;7,96875;37,90625;-257,25;-248,09375;-141;-102,09375;-90,625;-151,9375;-7,625;83,28125;5,0625;-122,25;55,8125;-14,34375;124,46875;85,4375;184,5625;-146,28125;86,375;-9,5625;89,15625;89,1875;-75,46875;-15,875;321,53125;-57,34375;250,625;-13,65625;233,6875;-68,875;204,53125;127,1875;338,46875;53,5625;117,1875;-3,71875;187,96875;53,1875;45,375;-119,25;40,375;106,6875;117,59375;217,34375;234,28125;144,0625;126,96875;50,53125;118,1875;183,25;82,9375;173,46875;-4,90625;152,21875;-135,0625;127,4375;82,8125;226,78125;125,40625;106,09375;187,8125;274,28125;141,46875;318,15625;4,4375;168,3125;211,4375;120,03125;123,46875;341,65625;108,15625;258,59375;15,90625;301,53125;203,09375;323,125;190,0625;294,03125;215,5;19,0625;357,625;233,34375;376,375;163,6875;56,625;235,9375;164,375;256,78125;144,09375;369,125;238,40625;267,90625;353,40625;226,03125;162,8125;-1,28125;214,9375;394,78125;185,8125;199,15625;328,96875;499,09375;240,9375;288,09375;285,75;98,46875;113,3125;210,125;300,46875;244,4375;97,65625;87,125;215,15625;218,375;151,5;327,4375;231;268,3125;70,65625;338,09375;238,28125;308,46875;265,65625;467,71875;233,625;285,09375;148,71875;120,625;-7,09375;301,4375;239,65625;134,03125;104,125;23,34375;284,96875;241,25;338,0625;435,71875;452,09375;447,5625;441,71875;546,0625;464,8125;489,125;386,5625;438,21875;554,6875;341,625;161,59375;11,625;37,25;-67,40625;-121,21875;151,09375;-43,1875;41,09375;-34;-158,78125;119,4375;118,71875;-134,59375;-87,59375;-92,75;38,96875;20,125;-7,75;-112,40625;-84,46875;-40,96875;270,65625;170,3125;151,09375;186,5625;172,71875;112,21875;55,96875;186,125;-4,75;243,5;320,4375;391,90625;293,71875;142,90625;112,90625;190,125;270,5625;330,6875;479,65625;17,25;166,1875;214,46875;246,84375;497,96875;10,34375;240,9375;352,9375;136,96875;288,34375;377,25;197,59375;290,1875;192,09375;421,375;221,75;205,71875;229,4375;107,21875;372,6875;161,84375;359,15625;176,96875;211,15625;153,1875;267,625;9,9375;365,21875;108,46875;126,21875;208;238,1875;177;273,15625;71,4375;103,25;111,46875;44,90625;238,5625;133,65625;192,21875;-69,1875;87,78125;150,40625;77,78125;-64,34375;138,40625;62;-62,40625;256,40625;58,71875;291,40625;47,09375;85,1875;-75,5625;11,09375;-3,28125;-21,3125;220,78125;128,96875;217;201,375;258,15625;48,8125;63,09375;176,53125;151,28125;223,71875;183,75;172,71875;81,75;25,125;240,3125;251,40625;203,78125;235,25;125,46875;165,5;279,5625;126,34375;-21,3125;146,40625;-0,75;51,8125;
-28,65625;-102,4375;-12,8125;-173,59375;-66,25;-9,09375;-106,21875;-55,03125;-153,25;-109,78125;-51,34375;-21,40625;-6,03125;-73,1875;-45,59375;-360,625;59,4375;-109,96875;-155,21875;-183,8125;-150,9375;-271,4375;-231,96875;-308,59375;-380,625;-186,71875;-202,28125;-315,21875;-405,375;-154,75;-167,59375;-312,09375;-148,625;-298,40625;-490,96875;-260,53125;-426,84375;-427,21875;-371,625;-511,34375;-363,59375;-253,9375;-168,09375;-265,6875;-210,34375;-175,28125;-43,53125;-112,625;-169,8125;-331,40625;-197,0625;-296,71875;-290;-298,0625;-201,3125;-232,375;-137,09375;-297,78125;-461,71875;-288,1875;-275,3125;18,875;39,90625;-31,59375;23,125;-35,4375;-166,96875;12,40625;-235,53125;-224,5625;-37,53125;-171,375;-45,78125;4,75;29,09375;-208,03125;-50,5625;-48,71875;-133,0625;-42;148,6875;83,5625;151,9375;5,46875;-45;-20,6875;66,96875;50,5625;-36,90625;32,125;-337,25;82,90625;-13,15625;52,65625;24,78125;130,03125;94,09375;119,625;-97,3125;-110;45,375;139,65625;187,0625;40,46875;167,5625;-33,21875;52,625;215,65625;210,5;124,0625;335,65625;45,3125;-53,40625;172,34375;75,5;-36,65625;8,6875;81,59375;150,03125;2;-169,9375;265,75;270,125;5,375;25,03125;199,5625;297,78125;84,46875;-23;239,65625;190,875;18,9375;98,0625;128,8125;48,25;236,625;160,0625;-4,1875;36,3125;-63,15625;101,5;150,84375;225,375;240,21875;52,53125;149,46875;246,125;47,25;240,1875;-50,78125;-21,0625;-38,34375;100,25;189,90625;122,03125;203,40625;-92,3125;220,71875;-14,9375;235,09375;-83,28125;-13,5;182,59375;488,5;176,375;241,71875;333,25;250,78125;340,125;-64,125;306,5625;18,53125;150,75;-23,6875;217,0625;160,5;143,28125;-124,375;147,5;149,09375;82,375;94,34375;333,1875;158,09375;312,21875;480,3125;257,375;300,8125;424,28125;471,25;370,59375;251,90625;441,15625;303,34375;353,40625;66,90625;24,875;-30,84375;225,1875;7,15625;-253,96875;-36,28125;-156,84375;-137,125;56,4375;-24,15625;-200,40625;-68,84375;-198,65625;-118,84375;-252,6875;-38,3125;64,53125;-18,53125;-189,09375;36,5;-9,84375;-105,65625;-67,875;-52,25;-34,09375;-85,125;-47,34375;114,0625;46,1875;112,15625;-63,3125;86,4375;4,25;145,53125;296,96875;208,125;101,03125;270,09375;25,6875;263,5;299,8125;25,09375;117,84375;130,5625;166;195,0625;181,3125;323,71875;111,46875;230,78125;101,03125;341,59375;199,5;257,46875;203,8125;93,28125;227,4375;291,5;297,71875;172,625;-27;182,96875;180,65625;157,3125;-31,375;103,21875;151,1875;54,65625;126,21875;117,09375;69,75;179,34375;72,5;57,96875;13,03125;50,625;-33,28125;179,125;112,5;103,875;184,0625;204,1875;-1,46875;66,6875;68,34375;150,8125;-12,34375;-38,15625;-99,40625;187,5;288,5625;73,46875;-30,9375;83,125;54,25;231,375;9,21875;39,15625;82,71875;39,84375;193,375;22,375;-62,96875;7,65625;-287,28125;136,25;-21,5625;120,9375;184,4375;233,84375;51,5625;-20,9375;-8,9375;103,0625;86,78125;70,8125;251,15625;186,0625;118,21875;-9,90625;159,75;140,0625;48,15625;284,40625;
-97,21875;-85,375;75,6875;-208,375;-85,71875;97,4375;-134,96875;139;-7,09375;-173,125;231;-36,0625;-123,96875;93,1875;-212,75;-136,0625;-88,09375;-42,1875;-122,40625;-126,625;-143,8125;-223,9375;-265,0625;-111,125;-321,21875;105,03125;-233,09375;1,53125;-164,28125;-147,9375;-222,03125;-42;-500,875;-330,09375;-150,625;-284,84375;-164,8125;-265;-243,90625;-314,5;-77,21875;-266,09375;-285,90625;-265,59375;-230,4375;-364,75;-236,5625;-431,21875;-208,84375;-134,53125;-171,5;-91,40625;-214,6875;-187,625;-8,375;-223,09375;-55,53125;-170;-100,65625;10,9375;-86,4375;-48,25;22,9375;-124,5625;-170,9375;30,875;-118,59375;-73,5625;-104,6875;56,34375;-103,8125;-13,125;-226,28125;32,28125;-196,75;-74,4375;-140,5625;-102,125;-30,125;74,46875;153,1875;137,3125;-228,4375;10;107,3125;-352,34375;-142;108,15625;-90,21875;-55,6875;-54,59375;174,03125;224,5625;88,46875;46,65625;-180,8125;37,6875;-78,125;174,21875;-28,9375;211,71875;241,75;-31,46875;166,125;-268,625;-93,6875;318,6875;105,78125;-23,6875;207,84375;178,0625;184,4375;269,40625;-17,65625;306,375;131,5;38,0625;120,3125;181,28125;-78,34375;110,25;88,90625;266,375;209,53125;183,96875;20,90625;1,25;170,09375;230,96875;-65,75;92,8125;-139,09375;-23,8125;195,9375;337,09375;-89,3125;163,28125;35,65625;114,84375;157,34375;112,3125;142,78125;41,71875;65,34375;88,84375;8,78125;159,625;36,125;-39,15625;218,71875;-48,59375;259,875;142,4375;356,71875;125,40625;123,9375;144,28125;96,90625;297,84375;125,34375;221,0625;88,09375;49,125;379,59375;159,03125;233,625;-33,65625;142,375;165,875;188,5;243;221,71875;237,25;-80;-8,09375;119,75;32,6875;63;25,1875;143,5;213,53125;383,15625;306,8125;164,78125;243,625;248,8125;384,375;439;187,03125;363,4375;336,1875;275,46875;184,21875;344,25;371,125;185,46875;256,90625;162,75;-16,375;-91,59375;-58,3125;-56,8125;34,09375;-6,34375;-85,53125;-64,125;75;-155,34375;-110,53125;-134;88,15625;-147,0625;-49,9375;-50,96875;-79,21875;54,3125;-140,375;-47,0625;-40,75;-149,90625;-26,4375;20,40625;55,625;106,34375;119,34375;123,4375;-99,21875;124,03125;-54,34375;45,65625;38;-2,4375;159,53125;141,84375;152,625;170,40625;248,3125;116,8125;87,0625;4,71875;378,6875;420,375;158,9375;279,9375;38,5625;-37,90625;371,9375;202,375;32,09375;206,6875;259,84375;138,5625;273,6875;96,4375;212,46875;288,9375;221,625;212,09375;175,90625;137,90625;186,375;102,5;-23,375;207,90625;194,125;51,5;173,96875;-18,53125;243,125;31,53125;-0,59375;168,03125;82,125;29,40625;30,96875;371,125;210,6875;143,78125;109,53125;4,53125;105,5;96,9375;275,65625;80,875;-104,125;186,90625;57,75;125,9375;-12,1875;248,875;363,125;286,25;-28,5625;-30,59375;69,125;408,875;127,53125;154,09375;185,65625;-59,8125;-98,59375;274,71875;175,09375;60,1875;157,71875;122,96875;55,75;85,125;96,4375;-29,5;219,78125;249,34375;125,125;-6,875;137,84375;245,5;-63,625;119,71875;90,09375;-14,6875;
-87,53125;-302,59375;-136,96875;-247,375;-222,84375;-30,9375;-172,84375;-284,40625;5,125;-176,53125;-222,5;-165,125;-262,09375;-371,15625;-304,5625;-161,75;-231,03125;-157,84375;-306,84375;-348,5625;-189,1875;-315,15625;-384,09375;-117,3125;-532,9375;-256,40625;-381,84375;-435,0625;-347,3125;-205,46875;-525,15625;-241,71875;-450,34375;-226,1875;-274,625;-358,625;-243,0625;-287,46875;-428,34375;-354;-486,78125;-372,125;-354,1875;-309,28125;-501,3125;-507,21875;-349,78125;-274,03125;-452;-373,15625;-344,5625;-502,90625;-395;-429;-357,40625;-257,40625;-329,71875;-162,1875;-342,71875;-278,34375;-129,6875;-346,03125;-306,375;-261,59375;-224,84375;-244,5625;-193,28125;-412,03125;-205,03125;-307,46875;-55,40625;-193,5625;-164,84375;-278,59375;-145,34375;-243,09375;-59,28125;-19,0625;-87,5;-134,125;-184,875;-285,15625;-211,59375;-57,3125;-242,4375;-130,03125;91,78125;-299;-288,6875;-73,5;-76,375;-86,09375;-121,90625;-29,84375;-265,8125;-163,78125;26,84375;-296,3125;-113,5;-64,875;125,75;-57,59375;-5,59375;-122,25;38,3125;-22,0625;25,78125;35,3125;-6,03125;-145,4375;-142,4375;-18,375;-32,125;103,28125;98,46875;-38,75;128,5;24,0625;222,125;-16,15625;22,9375;-94,3125;115,8125;-57,84375;80,0625;-8,09375;-121,5625;118,28125;-211,84375;86,78125;74,875;-86,15625;62,1875;14,84375;-84,46875;-66,65625;-322,9375;23,125;106,40625;-11,3125;127,625;-159,4375;-190,65625;-65,84375;67,625;31,59375;-107,5;-15,40625;-140,34375;36,125;-47,09375;-5;-48,21875;85,125;13,3125;107,09375;53,78125;-12,625;81,96875;-87,0625;67,4375;-98,03125;-74;-50,4375;263,75;-127,59375;61,46875;285,6875;26,21875;143,78125;-69,125;-77,53125;-48,125;120,625;149,1875;-109,0625;31,4375;-24,25;-90,4375;-67,21875;-32,75;44,5;122,125;13,75;112,28125;-5,5625;185,28125;189,40625;248,125;259,78125;224,5;199,40625;265,5625;133,21875;197,6875;127,75;-167,84375;-104,40625;34,53125;49,3125;-140,1875;-282,5625;-106,84375;-194,625;-192,125;-350,875;-166,1875;-234,1875;-292,625;58,65625;-403,25;-95;-59,59375;-161,78125;-247,34375;-50,53125;-106,71875;-174,4375;64,625;-79;-6,28125;-99,5;-76,96875;-123,71875;-113,375;122,96875;90,78125;-108,46875;25,125;-56,53125;-74,59375;10,875;-131,90625;-19,625;-39,71875;162,1875;-11,78125;355,0625;50,1875;-58,25;-26,78125;210,1875;77,46875;-79,90625;22,25;54,25;113,375;140,5;281,3125;-179,90625;126,21875;123,46875;92,6875;85,3125;108,4375;116,90625;167,3125;-79,96875;-52,4375;-42,75;-121,5625;210,25;93,25;189,375;98,78125;53,84375;-10,5625;-2,15625;126,0625;242,0625;47,21875;-112,4375;-53,375;-153,25;-144,875;-96,8125;-163,9375;-190,15625;-75,125;132,5;21,6875;105,03125;-141,53125;32,75;-35,75;-64,40625;216,34375;74,5625;89,28125;73,8125;103,625;-21,59375;181,25;141,28125;103,625;-42,40625;77,46875;110,78125;0,71875;-98,28125;-310,75;3,84375;108,84375;162,25;29,625;97,46875;-5,4375;16,15625;148,40625;-79,53125;-120,5;13,3125;76,71875;93,09375;-117,1875;-24,34375;-24,59375;-85,09375;-128,21875;52,5625;
43,28125;-1,71875;163,53125;87,78125;100,6875;73,6875;92,0625;56,5625;132,71875;107,09375;91,15625;92,59375;-71,25;125,65625;12,3125;-220,0625;-44,59375;-44,9375;-17,03125;-199,6875;-187,46875;-124,0625;-40,3125;-78,875;-323,75;-223,6875;-95,25;-107,5;-256;-234,90625;-82,625;-87,71875;-79,65625;-241,8125;-120,6875;-233,875;-209,75;-89;-317,5;-357,90625;-203,4375;-287,5;10,0625;-346,3125;-371,96875;-220,90625;-164,3125;-79,09375;-189,5625;-199,15625;80,4375;-294,4375;-343,09375;-88,34375;-215,71875;3,53125;-295,875;-97,4375;-201,15625;-47,84375;-95,125;-53,40625;-269,03125;25,6875;-89,6875;-147,34375;5,40625;-32,09375;-75,84375;23,90625;-100,6875;-128,0625;-282,96875;40,90625;-151,21875;-104,875;91,875;53,53125;102,59375;28,1875;-23,75;41,625;66;160,8125;19,71875;105,71875;-124,78125;112,4375;166,03125;75,03125;103;241,4375;-4,0625;-4,75;139,5625;75,65625;278,71875;176,4375;76,25;37,3125;20,4375;85,75;51;87,1875;204,90625;96,875;67,65625;136,15625;33,1875;185,3125;65,6875;182,03125;151,125;274,65625;128,5625;194,4375;185,625;184,25;58,09375;206,5;134,71875;265,5;101,8125;-118,59375;211,34375;299,8125;130,59375;178,0625;77,46875;50,625;196,65625;226,625;175,5625;20,1875;28,46875;156,9375;161,40625;140,46875;73,03125;30,25;12;344,75;15,34375;182,71875;260,46875;174,25;187,78125;141,28125;291,8125;8,28125;292,28125;137;64,09375;134,96875;305,875;163,34375;164,75;243,40625;132,375;116,59375;122,21875;422,75;272,96875;264,09375;245,5;193,53125;207,28125;200,6875;409,90625;347,875;116,28125;122,21875;378,03125;89,25;203,40625;195,96875;107,46875;207,75;237,46875;120,15625;236,25;212,9375;310,6875;265,15625;331,53125;243,9375;365,0625;186,3125;277,03125;278,53125;348,78125;423,65625;275,25;97,71875;321,875;89;109,75;190,75;136,5625;87,40625;108,46875;3,8125;-147,03125;28,9375;-237,84375;-164,9375;-74,90625;-49,53125;-80,96875;81,3125;-56,53125;-155,28125;-164,59375;-87,625;-58;-34,34375;84,125;193,375;262;52,78125;45,6875;16,03125;-3,84375;149,15625;125,59375;100,65625;-73,75;162,71875;203,46875;199,53125;329,8125;343,90625;118,3125;308,0625;341,71875;200,84375;229,1875;214,4375;394,3125;117,90625;238,96875;227,5625;282,90625;188,9375;83,40625;159,1875;337,65625;224,65625;189,34375;387,1875;160,4375;416,1875;131,375;232,5;324,9375;234,28125;230,59375;258,21875;157,8125;277,8125;279,8125;256,46875;123,6875;94,25;53,21875;317,40625;58,40625;330,9375;279,125;107,53125;268,71875;129,09375;-0,4375;294,78125;-50,59375;333,1875;219,5;326,96875;192,90625;319,25;378,1875;328,15625;340,03125;138,28125;136,8125;73,8125;196,75;85,09375;329,6875;148,3125;176,28125;376,8125;107,71875;438,375;5,375;244,34375;36,9375;-73,90625;196,15625;128,25;255,90625;346,1875;155,28125;114,5;292,34375;146,40625;94,59375;286,71875;436,6875;400,875;185,09375;194,71875;57,6875;275,53125;62,75;192,375;165,0625;235,84375;141,4375;28,84375;
-14,4375;33,3125;33,46875;-75,125;-67,65625;-145;-116,5625;-78,9375;-125,125;-202,6875;16,875;-216,59375;64,65625;-231,875;-169,53125;-158,875;54,3125;-8,53125;-148,5;-138,375;89,59375;-164,90625;-144,3125;-383,0625;-186,75;-122,09375;-160,21875;-284,875;-287,4375;-224,3125;-289,46875;-147,90625;-173,4375;-260,6875;-105,96875;-211,125;-238,71875;-204,15625;-318,3125;-365,9375;-189,84375;-454,90625;-354,875;-137,15625;-105,46875;-51,90625;-172,09375;-0,71875;-253,1875;-363,84375;-385,28125;-349,53125;-425,15625;-112,40625;-223,875;-108,125;-350,5625;-117,40625;-158,84375;-199,21875;-315,28125;-127,125;-113,15625;-146,84375;-330,8125;-126,53125;-99,5;-94,1875;-109,34375;-118,28125;35,96875;-117,125;-158,40625;-20,0625;-78,8125;2,34375;114,65625;121,40625;12,625;-143,625;-1,03125;-7,9375;-35,1875;-40,71875;34,4375;-8,78125;109,8125;-23,1875;42,84375;-162,5;-101,25;-112,4375;175,75;-80,34375;-26,875;-13;19,71875;14,53125;116,46875;-7,34375;15,03125;32,03125;-25,03125;-127,34375;51,65625;132,25;207,8125;125,34375;250,4375;7;59,84375;-57,9375;270,125;158,53125;170,40625;-26,09375;99,875;149;-15,375;194,3125;145,71875;32,28125;179,3125;-5,15625;286,6875;217,375;208,625;280,28125;-74,4375;224,03125;156,1875;330,5;259,25;67,21875;197,0625;-73,5;-15,96875;119,90625;-5,125;-277,90625;71,5;116,0625;194,65625;261,59375;202,6875;117,40625;-114,90625;92,0625;10,84375;53,15625;219,75;329,53125;142,3125;63,78125;41,5;193,84375;152,40625;372,21875;141,90625;63,3125;156,90625;158,0625;301,1875;133,8125;39,3125;-4,25;-11,15625;45,78125;195,375;-15,21875;266,21875;246,65625;293,84375;178,09375;310,28125;106,375;169,25;-31,34375;13,46875;156,34375;180,15625;185,15625;-13,15625;143,71875;278,53125;116,4375;317,9375;248,90625;324,8125;379,375;43,6875;324,53125;240,125;245,28125;273,53125;258,6875;106,875;139,625;131,34375;-73,5;-143,78125;47,53125;16,3125;-28,8125;-176,9375;-193,625;-61,78125;38,09375;-128,78125;11;-27,46875;-180,84375;27,3125;-149,21875;-186;-62;84,1875;18,5625;-32,28125;-53,125;-19,96875;-20,09375;193,09375;-179,0625;30,34375;89,8125;-47,125;144,65625;-30,40625;103,3125;60,09375;122,8125;234,53125;152,9375;233,03125;286;74,46875;351,4375;238,3125;245,90625;334;269,59375;9,09375;277,5;293,90625;55,5625;266,21875;207,5625;266,6875;77,25;243,21875;121,71875;325,90625;213,15625;133,9375;359,53125;192,625;206,90625;309,46875;72,09375;45,125;185,65625;75,65625;233,875;64,59375;127,40625;138,4375;234,8125;244,4375;218,15625;271,75;265,78125;-69,3125;139,25;293,71875;285,71875;305,8125;16,5;138,40625;178,6875;84,96875;144,25;209,15625;156,59375;265,03125;285,46875;159;370,0625;298,90625;271,4375;165,8125;110,0625;123,5;120,1875;109,28125;462,21875;260,3125;517,5;197,90625;302,46875;-9,125;172,25;245,625;293,1875;227,71875;95,28125;165,28125;207,90625;59,78125;192,25;76,875;-148,1875;236,4375;220,59375;52,46875;248,875;189,40625;226,34375;149,40625;294,5625;
92,625;119,3125;125,59375;29,75;-149,1875;71,125;-5,59375;-51,90625;112,6875;-134,1875;143,1875;218,1875;40,71875;102,15625;-31,84375;77,59375;-80,78125;-32,84375;-61,75;-67,5625;-68,84375;165,3125;14,625;-106,71875;-20,6875;-104,5;140,9375;-139,78125;-236,125;43,5625;-40,0625;-113,84375;-218,59375;-215,5625;-243,1875;-215,375;-62,90625;-158,8125;-50,53125;-337,4375;-166,125;-237,90625;-250,5;-496,9375;61,875;-124,71875;-91,75;-138,96875;-198,8125;39,15625;-399,71875;-272,375;-153,28125;-279,9375;5,65625;-106,9375;-116,09375;-133,84375;-169,9375;-86,4375;-169,375;-15,15625;-97,3125;32,5;32,5;92,1875;180,5;-38,5;-11,3125;-45,0625;38,25;43,5625;55,8125;-55,96875;-36,90625;82,875;66,09375;154,71875;-14,125;383,625;-15,84375;308,21875;96,34375;201,03125;175;26,875;15,03125;111,46875;-125,75;33,90625;199,875;30,90625;126,96875;245,5;187,3125;67,03125;219,34375;277,09375;240,875;47,75;180,1875;214,96875;177,09375;97,5625;197,46875;83,75;147,875;76,90625;412,40625;333,09375;135,65625;518,6875;270,96875;94,875;278,78125;237,15625;321,84375;237,1875;240,78125;251,1875;279,28125;335,625;265,15625;274,375;550,65625;280,28125;561,46875;357,71875;226,9375;118,15625;304,40625;294,0625;288,96875;191,15625;372,71875;404,84375;236,40625;137,9375;195,28125;56,40625;109,9375;154,75;128,625;285,375;285,40625;495,875;172,90625;272,5;201,875;174,4375;92,75;326,40625;423,28125;226,71875;307,75;239,625;212,90625;321,5625;215,28125;342,03125;112,5;254,375;316,6875;369,75;495,15625;410,25;281,71875;334,96875;349,40625;234,15625;89,34375;176,53125;390,9375;372,0625;110,78125;388,59375;141,125;161,375;402,65625;283,6875;242,4375;322,6875;307,84375;7,1875;305,8125;379,75;401,84375;417,28125;296,03125;558,125;386,03125;379,84375;354,28125;291,0625;301,5625;201,5;31,84375;183,6875;-58,3125;258,3125;157,65625;57,21875;110,03125;-13,96875;154,46875;177,84375;71,90625;-120,8125;-53,4375;9,65625;7,96875;294,9375;-55,875;-32,34375;72,46875;-31,53125;-85,125;227,53125;159,21875;72,875;287,6875;245;-5,21875;376,125;300,53125;153,71875;184,09375;372,8125;169,59375;204,9375;326,15625;-49,25;314,59375;228,9375;296,21875;351,65625;367,40625;400,0625;326,34375;459,125;-17,46875;369,1875;571,4375;250,125;343,46875;489,4375;325,3125;261,09375;234,28125;366,75;264,34375;342,1875;450,96875;311,25;163,03125;397,5;311,28125;269,9375;283,3125;338,4375;270,8125;392,8125;282,71875;351,84375;410,8125;327,78125;166,8125;182,0625;230,9375;405,09375;118,625;324,5625;633,34375;289,40625;410,8125;236,625;319,84375;628,0625;291,5;422,15625;376,03125;447,5;296,5;425,65625;292;298,3125;331,46875;320,25;286,03125;306,5;293,46875;214,21875;372,875;281,21875;455,78125;277,59375;460,8125;183,75;326,5;366,6875;179,9375;337,59375;308,15625;324,5;281,125;231,03125;429,125;454,03125;331,40625;194,125;197,15625;522,125;355,9375;259,5625;280,09375;238,6875;286,75;263,6875;348,96875;303,125;
190,5;-113,96875;-61,375;35,59375;52,75;-53,53125;-59,28125;59,90625;-170,65625;-138,34375;-115,84375;-363,09375;-222;-205,5625;-215,40625;-168,46875;-31,34375;-335,6875;-22,25;-197,90625;-119,96875;-131,96875;-164,6875;-385;-437,125;-241,15625;-212,1875;-220,46875;-422,46875;-223,09375;-327,125;-213,59375;-402,8125;-283,40625;-219,5625;-271,09375;-495,78125;-250,0625;-373,84375;-159,0625;-310,46875;-460,8125;-470,25;-482,9375;-297,4375;-445,21875;-380,21875;-347,6875;-316,84375;-231,40625;-421,125;-468,78125;-381,90625;-133,71875;-222,90625;-404,53125;-323,03125;-155,8125;-491,0625;-131,875;-71,03125;-190,5625;-263,09375;-168,9375;-139,71875;-482,78125;-119,125;-13,28125;-189,3125;76,5;-164,0625;-118,125;-298,71875;-267,53125;-180,78125;52,625;-25,1875;-239,90625;-180,375;-171,125;-380,1875;-189,75;-234,21875;-129,40625;-39,71875;79,03125;2,03125;69,9375;-85,65625;-125,28125;-3,6875;135,8125;-46,25;-83,09375;-15,75;-142,59375;52,65625;-40,5;-149,5625;-86,90625;74,8125;-46,8125;56,3125;153,1875;49,4375;114,375;24,1875;-72,40625;18,40625;68,84375;159,96875;113,625;460,40625;46,09375;-124,75;60,53125;88,375;33,96875;-59,59375;2,75;80,78125;72,65625;227,0625;160,5;170,65625;160,46875;223,25;132,875;181,71875;183,1875;271,28125;101,96875;283,40625;197,90625;-10,96875;-51,59375;121,375;-67,75;74,46875;-155,59375;-144,34375;200,0625;5,6875;129,6875;17,1875;-0,15625;54,21875;204,3125;131,96875;193,1875;199,625;88,78125;-105,4375;200,90625;37,375;-12,96875;-22,40625;145,375;268,5625;42,3125;9,15625;182,21875;253,96875;196,96875;264,9375;36,9375;-23;11,84375;152,4375;41,78125;58,28125;104,0625;-51,28125;270,46875;-173,75;81,40625;-129,59375;254,90625;254,625;59,96875;71,96875;93,78125;35,34375;329,0625;362,125;314,15625;253,21875;494,8125;319,46875;282;296,53125;210,0625;281,9375;170,65625;2,3125;181,84375;-33,53125;-34,53125;31,875;-157,28125;-144,09375;-193,84375;6,46875;90,3125;-15,03125;-246,46875;-217,875;-33,78125;-95,625;-364,375;-211,8125;-260,9375;-239,8125;18,28125;-186,34375;-78,84375;-123,59375;-39;-216,28125;55,625;120,53125;43,28125;-112,25;-83,625;-108,15625;19,90625;30,0625;-12,34375;20,875;-58,03125;210,6875;3,59375;-19,25;3,40625;217,5625;195,53125;272,96875;215,78125;134,5625;469,6875;181,78125;395,71875;363,46875;127,625;28,3125;384,5625;397,03125;376,8125;360,9375;259;173,375;301,28125;348,09375;287,875;260,8125;-139,53125;16,8125;324,4375;246,65625;128,96875;43,59375;83,28125;72,625;104,875;51,25;306,34375;67,875;24,84375;-91,0625;-6,6875;0,6875;90,3125;126,25;197,09375;42,25;102;127,65625;163,5625;59,28125;247,125;132,53125;233,59375;302,09375;191,53125;256,4375;225,90625;311,625;78,71875;123,3125;159,5625;129,125;100,21875;182;105,28125;167,71875;133,78125;169,59375;114,875;8,28125;226,40625;229,28125;168,15625;32,03125;64,65625;332,90625;171,65625;110,125;73,0625;39,09375;81,09375;6,1875;33,875;152,75;260,09375;209,6875;60,03125;40,46875;13,4375;-93,15625;60,4375;
2,75;-35,90625;135,125;402,40625;102,375;85,75;233,625;29,84375;162,21875;264,78125;19,25;53,125;93,625;-18,40625;66,59375;36,5;63,65625;145,9375;-100,09375;17,5625;-93,15625;-207,96875;-4,53125;50,03125;-58,96875;-72,53125;58,75;-4,6875;-164,34375;-43,15625;-177;39,03125;-20,6875;-272,09375;-383,09375;-44,8125;-362,75;-197,4375;-115,53125;-347,4375;-123,875;-245,4375;-81,96875;-114,15625;-315,40625;-133,53125;-173,71875;-333,1875;-400,65625;-134,84375;-220,9375;-215,59375;-255,75;-226,59375;-6,125;-194,3125;0,5;-115,1875;-15,6875;-172,03125;-254,375;-69,0625;-303,90625;-52,28125;14,71875;-189,59375;-172,375;-122,09375;40,59375;-79,125;-84,71875;-6;-41,5625;-55,53125;-46,28125;68,125;157,28125;-167,0625;79,875;-43,5;63,90625;166,28125;-87,59375;129,5;218,78125;125,71875;-157,21875;28,40625;189,0625;131,75;-11,71875;-25,75;100,875;31,96875;-124,71875;65;227,875;143,9375;231;210,5;259,53125;150,84375;127,1875;-31,71875;206,9375;137,96875;345,0625;252,8125;-58,15625;386,625;183,875;302,4375;196;163,25;189,9375;235,1875;305,8125;307,5;217,40625;258,65625;279,40625;372,40625;272,09375;183,25;125,0625;122,21875;245,46875;320,1875;128,28125;384,71875;203,71875;133,625;503,59375;322,625;362,625;332,78125;274,1875;220,5625;163,0625;-51,71875;155,5;89;211,09375;313,1875;104,25;305,4375;197,59375;288,375;327,5;324,71875;170,875;108,90625;290,59375;223,9375;119,875;132,75;337,6875;349,75;239,8125;343,9375;286,5;220,65625;107,5;93,25;429,84375;213,71875;322,59375;408,625;214,53125;202;201,28125;215,15625;96,71875;207,25;331,34375;274,90625;281,4375;238,40625;309,53125;187,40625;386,75;416,46875;191,875;321,40625;411,4375;518,625;367,46875;474,1875;673,71875;478,96875;719,25;488,375;345,875;628,1875;185,375;397,0625;50,625;232,46875;38,8125;56,375;128,53125;141,15625;65,15625;7,0625;161,84375;-87,625;1,125;-59,28125;18,59375;81,03125;141,65625;133,25;131,75;-4,6875;2,8125;-7,25;74,71875;22,28125;97,6875;90,625;65,90625;45,5;182,9375;48,625;281,3125;53,71875;252,25;136,65625;218,65625;190,96875;236,78125;268,5625;102,1875;402,5;301,46875;235,71875;185,03125;294,4375;255,5625;195,3125;293,90625;334,15625;443,625;224;317,8125;252,59375;473,0625;483,1875;365,4375;243,34375;292,6875;303,125;431,21875;282,9375;381,25;267,71875;328,1875;304,84375;299,0625;441,03125;185,21875;431,8125;466,6875;236,6875;357,53125;367,375;308,78125;306,46875;404,375;325,21875;100,4375;196,21875;383,875;262,40625;410,71875;302,1875;358,40625;442,28125;247,96875;239,65625;477,46875;497,40625;341,3125;337,15625;378,75;168,8125;426,25;203,25;279,28125;384,375;129,03125;455,09375;148,875;382,5625;440,53125;337,53125;274,875;177,40625;426,5625;331,3125;247,875;462,84375;255,75;366,75;204,09375;333,96875;382,21875;150;201,21875;166,0625;258,0625;276;236,6875;235,5625;205,5625;480,34375;224,03125;297,09375;241,5625;122,71875;
-115,59375;32,46875;125,8125;-89,375;-18,5625;-13,625;86,5;76,5;-69,1875;27,84375;84,0625;162,15625;-25,28125;-108,40625;-26,1875;-298,625;-249,34375;-129,46875;70,03125;-254;-159,21875;-151,96875;-233,46875;-512,9375;-265,84375;-284,96875;-348,375;-312,90625;-514,3125;-327,78125;-159,65625;-286,8125;-255,71875;-312,0625;-234,5;-123,21875;-277,75;-534,1875;-288,9375;-422,875;-304,90625;-229,9375;-356,96875;-357,34375;-401,4375;-227,09375;-243;-191,46875;-267,375;-362,625;-74,375;-419,84375;-225,6875;-368,15625;-399,875;-333,59375;-276,09375;-384,28125;-140,15625;-186,90625;-611,46875;-143,5;-149,1875;-336,46875;-318,25;-273,1875;-208,8125;-55,75;-115,375;-147;-313,96875;0,0625;-116;-250,3125;-158,71875;-252,09375;-8,4375;-113;-31,03125;0,6875;-112,09375;-135,15625;-88,25;-67,84375;-13,84375;-166,8125;-19,0625;-277,28125;-114,65625;-181;84,9375;104,84375;62,84375;159,28125;127,03125;115,875;53,1875;-31,71875;-79,3125;-86,0625;124,90625;-50,9375;67,9375;73,71875;-92,21875;17,1875;-135,90625;60,3125;-113,25;-29,65625;50,1875;197,34375;-59,21875;213,1875;47,71875;-8,15625;-35,71875;97,90625;-245,8125;82,46875;113,6875;308,15625;54,4375;57,28125;108,4375;320,8125;-133,78125;42,125;44,21875;-47,375;16,875;65,21875;222,875;273,28125;-8,875;-100,5625;-143,4375;32,59375;-94,78125;169,125;-153,5625;32,125;60,03125;221,65625;-119,1875;-1,40625;180,9375;133,09375;-80,5625;210,46875;-35,03125;-80,34375;47,125;85,75;23,125;-9,59375;160,21875;214,6875;279,625;22,59375;29,09375;30,59375;60,75;63,0625;170,96875;100,03125;368,46875;6,9375;2,90625;81,625;-42,71875;62,375;-24,75;59,65625;67,03125;145,15625;127,4375;62,0625;38,15625;169,6875;7;86,1875;329,5625;162,21875;310,0625;292,03125;492,34375;340,21875;638,75;515,21875;498,65625;285,03125;292,15625;302,65625;402,03125;210,625;236,09375;19,65625;43,75;-23,46875;-100,28125;-235,96875;-22,40625;-100,46875;-17,375;-10,34375;-44,3125;-292,5;-285,875;-94,65625;-90,53125;-59,28125;-149,84375;-248,90625;81,65625;-111,375;-198,09375;-301,90625;-196,65625;-5,28125;-89,84375;-190,625;131,15625;-38,75;-142,125;-103,53125;96,71875;94,0625;69,21875;51,25;-9,84375;137,65625;82,09375;42,125;31,09375;48,6875;98,96875;37,875;210,1875;68,65625;278,28125;138,75;237,71875;277,03125;285,03125;278,78125;148,3125;248,71875;353,75;273,0625;313,65625;378,84375;-26,75;179,0625;355,375;126,53125;146,78125;301,375;115,84375;286,03125;266,8125;237,6875;388,875;-56,84375;119,09375;76,53125;194,90625;479,59375;357,09375;230,71875;369,03125;354,125;112,65625;367,3125;128,25;255;279,03125;211,75;193,625;319,5;150,21875;333,53125;128,78125;264,0625;6,9375;315,96875;164,71875;442,53125;178,8125;99,5;346,40625;318,34375;-87,40625;138,1875;136,71875;219,78125;144,84375;317,53125;241,25;249;222;150,4375;7,875;146,9375;424;115,53125;174,625;177,9375;104,90625;140,375;318,84375;126,125;233,90625;153;88,375;-50,53125;-31,6875;-19,875;-29,53125;155,5625;
237,84375;193,125;219,625;179,59375;228,1875;201,125;157,71875;48,40625;254;261,15625;257,65625;91,34375;220,625;191,25;95,75;68,125;43,4375;81,34375;-182,03125;44,8125;-24,125;24,9375;-205,09375;198,75;-14,46875;-75,15625;-205,21875;-200,28125;-55,34375;78,15625;-159,25;121;-45,15625;-149,96875;-4,625;-175,5625;-114,59375;-300,59375;-247,875;-47,21875;-129,53125;-230,21875;-234,34375;-45,6875;-46,84375;-257,3125;-79,65625;-196,96875;-195,65625;-279,21875;-161,1875;-184,03125;-18,71875;-105,21875;-110,90625;-241,71875;-74,4375;-56,59375;-291,46875;-110,1875;61,0625;-131,21875;-121,9375;21,46875;-138,53125;-202,59375;166,375;13,34375;115,96875;-72,21875;-108,3125;214,9375;-64,8125;-110,3125;-2,5625;-92,1875;218,75;26,875;105,75;21,71875;160,15625;217,34375;0,25;59,03125;-78,78125;-88,0625;94,0625;8,53125;35;-17,90625;114,25;113,8125;44,53125;43,0625;107,25;203,53125;160,0625;191;314,875;92,8125;225,125;19,375;188,28125;133,75;-48,34375;243,6875;196,53125;-37,15625;233,84375;78,625;106,03125;430,15625;172,625;332,84375;270,65625;228,3125;232,53125;205,625;260,46875;285,28125;310,1875;278,3125;312,53125;77,8125;144,03125;467,59375;345,125;314,84375;329,28125;352,4375;214,40625;120,75;58,8125;287,59375;149,71875;247,28125;133,59375;129,96875;-28,125;213,09375;205,1875;184,71875;534,375;177,1875;187;354,0625;90,625;219,875;215,0625;164,96875;106,9375;228,6875;56,6875;172,4375;41,15625;204,84375;276,96875;109,1875;220,90625;198,84375;329,0625;163,53125;471,40625;570,4375;334,6875;316,25;297,75;145,90625;299,125;332,4375;203,8125;269,6875;326,46875;305,6875;321,40625;202,03125;192;225,375;259,28125;301,03125;393,59375;211,125;241,6875;481,9375;491,34375;295,40625;631,28125;526,25;528,625;656,59375;521,84375;653,75;664,9375;416,53125;447,9375;431,6875;434;509,96875;137,03125;95,84375;152,78125;-59,34375;134,4375;141,59375;11,59375;15,90625;149,78125;-94,625;35,5;214,0625;-84,28125;81,96875;108,90625;49,71875;79,5625;135,625;-42,21875;368,0625;377,875;71,28125;-56,09375;316,46875;292,25;97,28125;84,21875;124,5;251,125;344,59375;201,9375;145,9375;200,03125;303,90625;255;442,40625;129,6875;293,1875;276,03125;397,15625;411,1875;498,78125;448,09375;249,46875;322,65625;501,15625;226,875;453,375;375,25;438,28125;407,375;197,71875;177,25;422,71875;601;399,71875;640,03125;568,65625;492,0625;311,59375;132,09375;455,5625;445,3125;315,4375;354,21875;396,125;516,9375;473,78125;583,5625;473,375;440,6875;492,46875;418,1875;534,34375;436,9375;326,40625;414,53125;603,09375;153,78125;437,1875;551,96875;478,875;197,3125;378,46875;294,46875;367,78125;310,5625;240,125;349,8125;419,5;477,71875;94,0625;283,96875;349,1875;239,15625;451,21875;407,125;439,90625;456,875;445,375;391,09375;370,15625;419,96875;298,5625;322,09375;373,375;189,96875;350,375;362,40625;225,9375;216,90625;72,75;459,65625;402,8125;319,4375;296,4375;337,3125;166,875;237,15625;172,375;271,21875;195,8125;
-172,96875;73,0625;50,375;175,53125;-97,25;-19,0625;199,25;-119,25;-195,15625;58,09375;-15,5625;-164;-143,9375;-65,5;-151,1875;-136,125;-115,03125;-131,28125;-31,90625;-98,4375;-234,03125;-215,03125;-73,75;-368,53125;-166,625;-111,46875;-208;-278,125;-256,125;-407,53125;-370,46875;-513,0625;-287,9375;-340,5;-476,46875;-377,8125;-329,375;-413,6875;-324,59375;-237,84375;-506,5;-320,4375;-413,09375;-293,46875;-338,1875;-368,84375;-576,21875;-587,4375;-319,625;-446,65625;-378,375;-625,71875;-371,15625;-431,59375;-463,5625;-413,78125;-327,0625;-452,78125;-396,625;-247,5;-527,53125;-268,71875;-330,65625;-394,875;13,28125;-290,25;-255,21875;-66,34375;-351,28125;-161,34375;-167;-38,0625;-250,21875;-288;12,46875;-364;-374,71875;-49,53125;-305,40625;-269,9375;-160,15625;-1,375;-296,625;-129,71875;18,875;-72,9375;-216,5;-26,125;-195,78125;-91,34375;-211,6875;-63,9375;158,03125;-64,15625;-108,375;-90,375;-165,59375;-210,5;-163,8125;-0,65625;-131,90625;-18,15625;-52,75;-55,375;194,40625;-15,125;-51,78125;214,5;123,6875;-51,3125;99,03125;87,40625;-36,46875;-93,6875;53;-42,59375;-77,5;112,25;254,5625;-1,5625;109,4375;-4,53125;160,4375;84,59375;132,84375;152,78125;58,53125;136,1875;190,125;67,25;86,03125;-85,40625;3,96875;40,5625;-36,25;142,21875;-2,46875;53,90625;86,46875;69,28125;-44,25;34,90625;20,40625;-82,21875;108,59375;-103,53125;-218,90625;22,78125;-1,59375;-65,8125;-15,3125;-37,46875;37,46875;-24,3125;129,28125;-146,96875;-15,09375;82,5;8,84375;39,65625;42,03125;-26,84375;234,78125;-135,9375;127,53125;206,4375;117,25;67,78125;204,40625;368,53125;138,9375;11,75;-64,28125;127,0625;191,40625;11,59375;-118,46875;1,59375;96;153,46875;10,5625;260,84375;44,40625;166,5;305,8125;431,1875;258,46875;418,96875;469,78125;338,65625;693,25;373,125;199,78125;329;231,03125;333,125;100,375;126,84375;-112,65625;-62,09375;-34,875;-14,25;-233,34375;-123,46875;-111,65625;-233,25;-178,9375;-217,0625;-204,34375;-211,78125;-148,78125;-301,125;-207,71875;-317,84375;-51,40625;-117,40625;82,28125;-93,09375;33,875;-146,75;-47,65625;-12,84375;-125,03125;-208,5;-47,3125;-84,40625;-80,03125;44,03125;42,34375;64,1875;84,21875;155,90625;47,21875;133,4375;-29,1875;29,4375;361,75;3,28125;252,71875;46,65625;249,625;82,625;50,59375;-79,90625;294,4375;160,1875;219,125;221,59375;-56,84375;111,90625;176,6875;228,96875;87,5625;21,9375;300,84375;242,3125;132,03125;112,53125;-79,78125;-35,15625;142,65625;358,09375;174,1875;129,5;-19,21875;150,6875;150,53125;229,625;180,8125;58,15625;443,25;419,65625;452,28125;-33,25;166,65625;199,5;247,34375;325,96875;146,15625;244,6875;-58,96875;248,09375;120,34375;54,40625;380,625;163,6875;228,03125;189,125;214,53125;352,59375;343,28125;374,59375;425,5;240,34375;254,8125;225,1875;19,3125;255,96875;297,875;278,625;364,0625;-24,8125;161,375;240,84375;128,125;142,5;-28,6875;228,3125;246,78125;107,78125;71,5625;78,375;75,3125;209,34375;250,875;224,59375;-106,5625;-92,75;72,46875;48,5;
93,6875;55,71875;55,09375;44,96875;110,96875;-6,65625;84,3125;165,65625;62,09375;41,9375;-0,3125;-124,5625;57,21875;165,5;-183,5;37,4375;-191,25;-133,28125;-137,3125;38,5625;-155,8125;-98,96875;-286,5;-163;-361,90625;-112,75;-122,15625;-283,46875;-55,46875;-93,9375;-104,09375;24,96875;-251,09375;-276,71875;-168,5625;-153,25;-156,75;-332,84375;-393,0625;-191,09375;-387,59375;-481,1875;-262,5625;-323,53125;-260,1875;-370,71875;-183,4375;-305,53125;-255,0625;-295,96875;-256,59375;-280,46875;-319,125;-470,40625;-310,75;-340,71875;-143,0625;-72,1875;-286,3125;-421,28125;-148,6875;-348,5625;-201,15625;-327,96875;-243,34375;-273,46875;-238,40625;-194,4375;-342,75;9,875;-184,84375;-365,4375;-184,59375;-2,875;-88,375;-74,03125;-258,125;-141,5;-155,46875;-11,09375;-172,09375;-189,40625;-200,3125;-152,25;133,6875;99,21875;67,28125;-154,84375;217,40625;63,3125;-49;106,03125;265,25;52,34375;140,875;-173,0625;-14,3125;245,25;169,09375;-7,28125;12,03125;174,5;99,40625;67,375;235,1875;83,9375;57,15625;-109,75;178,46875;-99,46875;27,875;27,9375;232,21875;111,375;-58,84375;163,8125;248,3125;312,71875;112,75;235,34375;261,25;193,875;384,09375;-2,65625;45,25;236,90625;61,375;-57,625;97,40625;136,46875;273,03125;289;157,53125;259,65625;252,5625;78,6875;98,8125;77,0625;212,25;48,21875;-7,25;132,28125;148,25;99,71875;19,21875;114,5;400,21875;181,1875;54,125;182,375;133,75;58,78125;187,28125;88,3125;206,15625;28,03125;145,84375;-23,25;183,71875;145,84375;120,375;227,34375;184,90625;129,78125;199,25;179,34375;408,71875;197,8125;74,3125;222,1875;287,34375;294,40625;221,84375;77,28125;221,21875;207,125;-11,5625;322,96875;289,15625;325,78125;287,28125;95,375;290,46875;330,9375;298,71875;480;446,8125;401,90625;454,78125;682,625;533,53125;419,125;572,5625;520;166,375;450,1875;274,8125;66,9375;151,625;25,28125;-21,5625;191,9375;116,40625;-291,90625;42,75;92,59375;-13,78125;23,21875;-87,71875;-147,96875;-95,21875;-35,96875;31,1875;-128,6875;-13,96875;55,03125;-33,46875;-112,0625;-99;-8,09375;144,0625;-48,90625;-3,21875;247,8125;81,28125;103,625;-3,5625;-70,84375;-29,28125;143,75;135,875;134,78125;115,5;113,3125;179,3125;-0,0625;200,625;379,21875;345,5625;288,21875;244,5;183,15625;258,40625;176,375;384,34375;233,9375;117,0625;389,09375;127,84375;407,84375;260,125;154,78125;314,1875;492,78125;412,78125;253,84375;356,4375;396,03125;366,78125;365,46875;362,03125;453,65625;498,4375;395,78125;357,21875;376,65625;146,15625;343,0625;239,875;326,46875;422,5;318,40625;197,875;251,0625;265,96875;357,875;465,375;476,53125;227,75;281,53125;247,90625;250,09375;373;535,25;374,625;159,84375;273,4375;216,03125;416,96875;524,5;449,78125;206,5625;117,15625;258,71875;327,46875;471,53125;225,6875;453,46875;297,28125;387,34375;152;257,90625;374,21875;408,15625;253,375;457,75;307,5;193,34375;117,40625;71,09375;224,5;333,28125;299,3125;171,65625;292,0625;77,4375;274,59375;46,1875;179,03125;92,375;
113,625;365,3125;165,75;105,6875;-40,90625;-87;-114,90625;-34,5;62,71875;-1,9375;84,625;4,59375;-358,75;80,4375;91,09375;-17,09375;-24,1875;-115;5,875;-115,78125;57;27,125;-186,8125;-64,9375;-127,96875;-8,46875;-150,875;-387,3125;-200,96875;-17,78125;-246,9375;-319,59375;-207,25;-149,5;-255,6875;-306,0625;-294,6875;-262,78125;-111,5625;-400,09375;-295,8125;-138,59375;-182,71875;-256,21875;-375,0625;-266,15625;-337;-257,4375;-406,46875;-229,6875;-474,46875;-400;-507,53125;-531,46875;-380,96875;-396,28125;-248,6875;-295,34375;-294,1875;-183,5625;-254,21875;-274,03125;-301,9375;-160,46875;-273,09375;-277,5;-161,53125;-206,90625;-292,21875;-267,1875;-127,09375;-106,09375;-264,5625;-143,21875;-38,65625;-203,53125;-66,375;-403,0625;-41;-266,5625;-133,09375;-155,75;-24,9375;-89,625;-125,5;-52,46875;-111,375;-104,125;-81,9375;-171,40625;12,21875;20,15625;-182,46875;-144,625;-61,21875;-84,09375;26,40625;57,75;93;64,75;46,96875;46,46875;29,34375;59,34375;-180,6875;172,5;141,78125;151,78125;129,75;-116,6875;16,90625;193,03125;67,0625;263,5625;237,9375;56,625;126,375;220,125;215,5625;151,84375;287,21875;-32,375;272,5625;124,4375;169,96875;40,34375;275,1875;232,65625;10,40625;-63,5625;-39,15625;77,8125;154,1875;-178,875;166,15625;16,375;11,71875;88,34375;-129,40625;7,71875;43,625;-59,75;131,84375;61,59375;77,25;286,53125;155,1875;223,625;51,53125;41,03125;99,53125;72,15625;-90,1875;64,84375;122,4375;51,3125;2,28125;56,40625;1,03125;118,78125;151,84375;65,78125;300,625;246;273;180;52,25;34,4375;425,3125;95,03125;174,625;11,65625;237,65625;138,375;71,53125;138,5625;215,625;2,125;186,90625;114,78125;205,9375;149,25;228,125;275,84375;337,75;397,03125;233,4375;499,46875;508,6875;565,09375;663,40625;530,65625;525,28125;348,71875;172,4375;56,28125;29;184,15625;-29,6875;126,03125;-47,875;-47,5625;-184,25;-169,34375;-222,84375;-173,78125;-236;-119,40625;-257,0625;-142,96875;-77,4375;-99,71875;-172,125;-100,6875;-146,03125;-267,90625;-133,8125;-241,75;-46,8125;-186,875;-425,28125;-121,8125;-96,25;-14,59375;-37,25;-96,21875;131,28125;368,625;23,84375;98,8125;76,71875;156,75;36,3125;164,25;44,46875;140,46875;133,28125;193,25;177,96875;9,65625;229,15625;196,71875;79,0625;267,4375;127,125;204,1875;269,25;323,28125;208,65625;104,125;48,78125;224,78125;340,28125;269,5625;240,40625;400,625;359,03125;311,1875;116,96875;92,9375;237,5625;164,34375;239,3125;134,34375;168,09375;178,03125;328,40625;219,4375;192;121,40625;215,25;387,53125;204,03125;312,90625;198,4375;471,28125;311,21875;197,28125;264,71875;384,34375;110,65625;194,84375;288,34375;331,21875;385,1875;414,34375;135,96875;507,90625;256,125;177,9375;395,09375;264,875;264,5;82,0625;205,40625;287,03125;294,4375;204,9375;385,875;195,25;320,71875;362,8125;172,09375;366,75;86;245,875;190,84375;250,4375;30,1875;136,03125;-26,46875;74,0625;110,09375;85,34375;113,78125;-252,90625;111,15625;104,9375;210,5625;136,65625;
175,4375;415,34375;235,0625;10,71875;279,0625;146,90625;68,4375;125,46875;69,5625;-22;98,4375;230,5;116,40625;189,8125;168,75;1,53125;73,375;112,5625;84,28125;64,15625;240,4375;37,5625;-239,96875;-152,25;-213,78125;145,40625;39,84375;-68,625;-146,90625;-229,59375;-92,8125;-183,15625;-195,84375;-64,15625;-66,03125;-117,4375;-78,90625;-279,1875;-270,71875;-309,53125;-285,21875;-402,34375;-98,59375;-321,84375;-162,375;-227,59375;-121,28125;-329,875;-235,96875;-121,8125;-289,21875;-123,78125;-280,875;-470,875;-116,65625;-368,96875;-287;-275,5;-404,03125;-184,28125;-137,1875;11,4375;-342,90625;17,625;-59,9375;-47;-73,5625;-124,28125;-78;-496,90625;14,75;-129,4375;-80,84375;-156,0625;-209,25;43,3125;-0,84375;-61,03125;42,75;23,28125;-111,125;-7,25;14,0625;-187,40625;156,625;-50,09375;-106,96875;134,5625;-158,09375;88,40625;80,34375;-151,5625;100,21875;240,125;40,78125;198,03125;-279,5;-27,375;-55,6875;-102,71875;-68;73;176,4375;105,40625;382,625;64,75;312,5625;233,71875;-2,15625;254,1875;153,625;202;103,0625;340,59375;314,15625;275,125;384,5625;309,5;42,5625;373,1875;345,84375;406,09375;352,53125;189,625;36,84375;136,3125;78,0625;344,21875;226,875;225,71875;371,90625;156,625;227;-66,15625;188,40625;-4,5;-25,25;279,4375;343,53125;159,78125;125,40625;189,125;142,84375;126,625;-72,5;197,4375;146,34375;306,03125;-55,375;196,21875;392,875;365,125;213,96875;307,9375;105,3125;-8,65625;62,59375;207,1875;112,0625;-17,0625;160,96875;239,375;104;284,75;374,75;311,34375;330,75;366,9375;386,46875;313,65625;113,625;293,4375;248,8125;205,21875;117,59375;190,1875;388,96875;-0,15625;231,8125;288,8125;424,09375;365,375;315,5;313,53125;275,40625;547;614,875;488,34375;569,375;541,53125;689,375;596,1875;747,46875;294,5625;294,25;290,5;391,625;285,53125;63,03125;214,28125;23,25;49,21875;9,21875;-32,875;12,40625;-84,75;115,6875;-84,03125;-1,4375;-27,875;-143,65625;25,25;-12,5625;-16,875;-60,9375;-142,28125;-12,96875;106,84375;-121,875;-163,6875;102,4375;-48,46875;-40,8125;-32,28125;147,8125;67,5;78,9375;179,5;88,40625;126,5625;128,71875;210,84375;278,15625;274,15625;257,59375;336,65625;295,09375;253,65625;219,09375;447,9375;396,34375;420,5;238,65625;415,28125;446,65625;387,5;430,125;546,65625;556,875;301,28125;542,96875;449,3125;292,21875;521,4375;468,4375;471,375;307,1875;263,34375;465,53125;495,1875;601,25;373,3125;408,4375;411,875;374,40625;497,78125;120,625;223,71875;303,0625;374,46875;433,4375;239,75;420,0625;514,53125;291,40625;565,5625;254,1875;425,9375;197,0625;264,0625;303,84375;364,34375;352,90625;154,34375;454,5625;146,5625;468,6875;433,65625;284,71875;403,90625;393,6875;299,9375;473,625;300,65625;336,375;596,71875;446,65625;325,5;391,3125;369,15625;388,3125;276,09375;478,625;350,28125;237,84375;277,71875;129,75;141,59375;319;357;276,96875;338,6875;124,21875;340,84375;61,03125;160,5;220,15625;17,28125;283,75;340,5;
206,5625;215,15625;-2,6875;21,5;-28,375;-5,09375;72,90625;107,0625;-51,125;133,53125;-92,8125;-78,6875;56,90625;87;-150;-43,3125;-87,53125;53,75;-35,90625;101,8125;43,125;67,09375;-29,375;-239,15625;-181,40625;64,71875;-103,8125;-91,71875;-58,21875;-92,03125;-140,5;-224,375;-293,96875;-249,46875;-135,03125;-328,21875;-129,84375;-258,9375;-373,96875;-343,875;-281,875;-301,125;-373,40625;-524;-329,5;-174,1875;-423,25;-519,59375;-485,8125;-306,8125;-460,625;-358,4375;-622,28125;-357,40625;-281,03125;-559,96875;-396,28125;-203,46875;-265,90625;-187,65625;-201,4375;-287,4375;-475,3125;-222,625;-361,625;-473,71875;-328,09375;-308,09375;-489,8125;-159,4375;-388,625;-131,625;-331,4375;-115,34375;-181,09375;-233,25;-192,34375;-25,46875;-190,03125;-132,75;-403,09375;-137,46875;-263,25;-15,46875;-167,875;-113,8125;-111,78125;134,75;-161,5625;-168,40625;-198,21875;8,03125;45,5625;163,875;-71,59375;-138,375;-212,15625;-9,53125;-162,6875;-189,09375;-66,4375;-217,84375;38,21875;4,6875;-28,875;-107,90625;73,09375;-109,21875;43,59375;126,75;-30,34375;-86,96875;87,53125;-2,4375;4,28125;-143,25;-125,875;-59,25;17,34375;130,96875;-3,03125;82,3125;70,09375;-12,84375;11,625;136,5;36,1875;233,65625;235,28125;73,0625;222,5;-50,71875;7,875;-84,34375;172,59375;-0,5625;105,8125;-148,8125;296,9375;-95,34375;-66,28125;-28,21875;-98,3125;-53,40625;-38,5;96,84375;-68;-121,375;-239,09375;30,125;-223,46875;7,03125;61,9375;-71,78125;-18,9375;-79;169,75;-2,375;-99,6875;167,09375;43;-28,1875;133,28125;-0,9375;111,5;151,84375;153,71875;222,25;-147,1875;172,8125;182,78125;184,125;17,625;119,21875;174,8125;69;91,28125;-55,34375;84,90625;-64,65625;157,46875;226,625;-4,75;302,125;378,21875;380,53125;382,375;152,09375;240,0625;313,09375;369,40625;213,8125;318,0625;216;279,9375;-0,0625;41,21875;-146,09375;-34,90625;-13,5;-232,5;-131,4375;66,625;-182,25;-119,0625;-142,1875;-251,34375;-392,625;-230,15625;-382,125;-368,03125;-295,9375;-241,65625;-330,28125;-57,15625;-197,1875;-167,21875;-196,84375;-89,59375;-195,15625;-126,28125;-66,375;-141,09375;-263,5625;-165,4375;16,53125;195,625;-91,125;-137,1875;-77,71875;-65,15625;-17,40625;52,875;189,34375;13,3125;62,03125;87,15625;64,6875;250,125;174,375;189,84375;235,5;-95,5625;83,375;40,375;162,125;126,6875;301,65625;74,8125;100,96875;79,875;242,5;118,5;249,9375;309,125;399,6875;126,8125;336,4375;43,9375;199,96875;152,84375;251,5625;151,84375;214,9375;133,40625;90,8125;265,25;68,1875;152,75;20,03125;-68,34375;172,46875;193,84375;284,96875;130,375;80,0625;249,6875;241,5;228,6875;270,125;285,28125;293,78125;456,1875;229,65625;268,0625;118,03125;202,53125;186,90625;280,5;426,46875;126,1875;423,65625;158,5;335,1875;292,6875;109;228,0625;57,625;281,65625;376,03125;310,28125;328,65625;-44,21875;324,5;97,65625;196,5625;224,03125;217,0625;-38,0625;289,25;20,0625;-132,9375;101,09375;136,46875;20,6875;-13,65625;-164,625;-147,25;-22,5625;-170,15625;
324,4375;172,4375;-117,84375;174,25;30,46875;143,71875;57,40625;-56,96875;114,78125;-15;202,875;-70,125;-241,5;-186,1875;192,96875;15,90625;38,34375;-109,6875;-140,09375;31,84375;-154,5;-0,28125;-87,625;-93,90625;160,09375;-153,84375;-102,28125;-143,625;-241,53125;-7,5625;-344,53125;-119,875;-170,625;-279,5;-358,0625;-257,90625;-242,875;-68,78125;-289,96875;-233,125;-98,125;-200,9375;-393,96875;-390,40625;-316,34375;-456,53125;-395,03125;-402;-346,3125;-418,21875;-457,59375;-416,5;-268,96875;-293,6875;-478,46875;-395,1875;-331,96875;-310,90625;-328,21875;-256,78125;-267,28125;-223,15625;-193,84375;-150,78125;-147,4375;66,625;-305,96875;-130,03125;-246,375;-229,9375;-76,375;-379,5625;-216,9375;-52,65625;-156,875;-119,15625;-91,84375;-404,59375;-182,625;-142,96875;-181,6875;-117,03125;-271,3125;-204,9375;-140,59375;-94,53125;19,5;-123,9375;2,25;-125,71875;-26,4375;-37,8125;-139,34375;-139,125;-134,59375;94,28125;-123,875;-67,75;-180,75;-98,3125;33,375;-117,3125;32,15625;53,78125;102,34375;27,71875;-99,6875;10,4375;55,65625;121;109,25;189,15625;177,65625;83,96875;28;236,4375;283,84375;322,4375;44,15625;267,0625;331,78125;-71,625;133,8125;62,4375;159,65625;-139,46875;213,4375;65,6875;80,90625;254,34375;236,875;182,09375;-42,53125;171,21875;88,71875;194,125;65,0625;-31,75;112,5;65,5;54,71875;72,875;157,125;8,34375;195,28125;-3,8125;154,40625;-51,40625;51,03125;133,375;95,03125;96,6875;160,15625;-18,5625;147,53125;7,125;123,375;226,15625;235,625;-30,96875;215,96875;203,9375;200,6875;98,625;68,5625;55,375;35,09375;188,25;-37,625;-5,40625;77,53125;208,65625;130,21875;61,03125;-61,28125;20,3125;232,8125;-102,40625;48,875;139,96875;389,3125;227,46875;173,96875;338,40625;315,84375;419,6875;496,40625;482,3125;249,9375;348,71875;530,15625;361,21875;106,46875;419,25;193,28125;325,09375;20,25;-35,3125;93,1875;-37,8125;-116,8125;106,84375;-244,125;-145,84375;-124,90625;-175,15625;-279,625;-308,40625;-223,625;-176,71875;-46,90625;-321,4375;-123,65625;-113,0625;-55,59375;-17,125;-200,53125;-280,375;-179,40625;-193,625;-84,84375;119,0625;-34,375;40,75;-134,9375;17,875;182,21875;160,71875;-42,5;-48,40625;83,59375;-22,375;102,15625;109,0625;157,71875;82,125;44,40625;215,65625;62,3125;250,34375;253,75;34,4375;235,375;231,9375;269,03125;132,8125;257,71875;260,6875;178,46875;183,875;115,9375;94,71875;237,15625;125,625;332,78125;299,34375;434,34375;419,59375;318,625;297,6875;211,09375;177,125;201,5;148,1875;267,8125;245,84375;415,3125;261,71875;248,71875;378,5;396,625;254,34375;266,5;268,40625;352,625;235,84375;284;314,34375;369,875;266,375;305,84375;201,5625;286,53125;534,75;463,15625;316,65625;264,09375;393,1875;314,25;408,65625;347,15625;321,53125;368,78125;389,46875;292,53125;408,34375;352,15625;327,15625;181,53125;293,125;194,1875;395,84375;322,84375;362,5625;302,4375;174,78125;162,25;212,25;149,3125;244,34375;105,21875;18,75;96,875;106,59375;57,1875;110,09375;242,03125;137,09375;151,5;-148,6875;
256,375;277,53125;237,625;318,34375;137,21875;256,40625;402,28125;357,65625;159,71875;77,125;116,59375;114,5;258,9375;208,90625;89,9375;-141;83,125;285,8125;57,71875;-58,53125;-125,03125;-10,59375;208,65625;223,5625;-82,03125;17,4375;33,625;131,625;-239,03125;-128,25;-91,0625;-81,125;-67,4375;-222,40625;-201,625;-114,40625;-236,03125;65,4375;-218,90625;-294;-175,46875;-359,28125;-399,4375;-169,84375;-233,28125;-270,21875;-285,53125;-269,875;-151,125;-242,21875;-337,125;-220,0625;-377,375;-391,5625;-268,25;-422,875;-189,40625;-484,90625;-201,84375;-451,4375;-186,34375;-215,96875;-354,375;-150,875;-352,15625;-127,34375;-154,0625;3,40625;-62,9375;-245,0625;-39,46875;-105,46875;-69,46875;-209,625;-178,34375;-27,53125;-117,5625;-211,15625;3,96875;-160,09375;-37,1875;10,53125;-156,84375;16,1875;-221,34375;-16,78125;-50,28125;-160,625;-89,84375;-52,59375;-62,0625;24,65625;5,6875;76,875;124,53125;4,21875;-125,71875;11,96875;194,375;-57,8125;59;2,75;5,09375;175,25;106;65,0625;31,5;238,59375;264,25;326,125;35,84375;177,90625;135,21875;359,59375;349,9375;97,5625;140,71875;289,0625;202,46875;253,0625;70,375;169,21875;-0,375;145;325,21875;133,46875;306,71875;215,6875;256,96875;331,9375;41,0625;193,0625;108,09375;280,78125;317,625;78,53125;241,28125;90,4375;99,21875;177,65625;187,25;161;457,78125;79;109,65625;86,59375;360,53125;136,40625;90,96875;75,875;248,375;8,09375;274,03125;303,71875;140,3125;309,09375;147,53125;138,15625;266,9375;265,875;273,875;276,4375;152,25;75,03125;100,9375;-105,3125;79,3125;198,96875;76,34375;92,6875;229,28125;90,03125;125,71875;14,4375;-64,59375;20,03125;267,0625;158,96875;86,53125;150,5625;20,25;140,78125;487;421,15625;323,09375;463,15625;372,53125;540,21875;419,65625;472,21875;338,40625;432,625;417,65625;480,75;59,09375;222,75;44,65625;256,4375;-113,3125;49,90625;150,40625;-63,0625;-275,9375;48,625;-118,21875;-248,40625;-257,53125;-156,09375;-136;25,03125;-107,4375;-163,03125;-142,53125;-48,4375;-261,9375;-232,375;-84,40625;-243,9375;-184;25,78125;12,09375;-153,40625;-59,28125;-276,03125;160,96875;164,03125;-39,5;222,1875;122,65625;-98,84375;58,8125;257,09375;26,90625;19,75;3,875;161,25;168,25;351,375;350,375;505,9375;209,09375;331,40625;347,9375;190,71875;505,78125;445,125;70,96875;355,0625;341;568,4375;269,53125;226,09375;313,1875;304,40625;328,625;345,125;241,71875;95,625;347,46875;349,84375;345,40625;180,25;253,34375;236,15625;654,71875;283,59375;451,75;188,21875;184,59375;154,03125;114,4375;269,6875;125,65625;464,3125;537,03125;305,4375;255,59375;335,09375;127,78125;367,71875;313,375;276,09375;341,9375;320,5;433,875;462,5;456,65625;511;245,15625;414,625;414,9375;438,25;467,3125;442,9375;413,59375;369,09375;200,65625;424,21875;579,75;468,125;292,1875;148,125;269,03125;153,3125;310,40625;160,96875;567,96875;453,15625;182,375;354,625;256,34375;304,96875;293,0625;231,71875;71,75;3,875;-12,8125;158,84375;67,6875;185,75;
