-41,53125;118,78125;-135,25;-183,0625;9,96875;-41,09375;-230,6875;-269,78125;170,90625;-863,3125;-56,09375;68,75;-369,1875;-411;-109,25;-343,96875;-263,21875;-273,6875;-176,09375;-294,78125;-135,28125;-308,78125;-273,71875;-268,75;-354,125;-442,6875;-199,5625;-469,21875;-183,40625;-225,71875;-263,125;-110,53125;-307,96875;-306,4375;-325,6875;-331,625;-408;-202,375;-359,75;-510,5;-343,71875;-387;-397,6875;-327,71875;-372,65625;-477,9375;-253,4375;-339,21875;-132,21875;-230,3125;-457,9375;-424,6875;-509,0625;-354,8125;-48,5;-312,75;-359,4375;-298,40625;-517,125;-459,34375;-350,9375;-197,96875;-453,625;-270,53125;-371,21875;-245,625;-433,875;-317,40625;-413,21875;-380,0625;-331;-476,28125;-538,90625;-545,625;-322,5625;-573,34375;-236,0625;-338,46875;-247,6875;-280,3125;-312,34375;-548,6875;-128,90625;-198,1875;-507;-414,25;-319,96875;-408,9375;-580,625;-297,53125;-220,09375;-390,21875;-342,84375;-203,15625;-431,25;-213,375;-480,96875;-368,59375;-329,5625;-143,71875;-407,59375;-348,6875;-257,59375;-602,625;-475,375;-457,53125;-568,3125;1010,4375;-414,3125;-430,875;-47,15625;-242,5625;26,25;-273,03125;-109,5625;-153,3125;-126,5625;-358,9375;-258,4375;-143,375;-206,34375;-200,6875;-237,1875;-326,90625;-366,90625;-327,5;-350,6875;-346,5;-260,75;-142,125;-314,9375;-265,84375;36,15625;-319,0625;-71,59375;-242,28125;-205,96875;-106,34375;3,46875;-245,28125;-345,6875;-223,3125;-232,34375;-318,8125;-238,75;-190,28125;-278,75;-363,90625;-174,40625;-332,1875;-381,53125;-191,375;-423,625;986,15625;-170,375;-321,09375;-127,6875;-28,59375;-287,09375;-239,71875;49,3125;-292,8125;-121,4375;-72,0625;-216,4375;-307,78125;-443,84375;-211,84375;-262,0625;-202,75;-121,78125;-276,6875;-246,53125;-146,4375;-126,78125;-142,4375;-204,03125;-31;-27,25;-95,6875;-227,71875;-108,34375;-102,65625;-216,34375;-267,25;-281,40625;-169,875;-111,46875;-168,1875;-259,71875;67,28125;-71,0625;-333,625;-272,03125;-188,71875;-315,9375;-7,34375;-339,5625;-211,90625;-630,4375;-205,84375;-29,59375;-89,34375;95,65625;-130,90625;3,84375;-56,84375;-97,21875;-117,75;-136,09375;-127,84375;46,53125;-386,75;-233,125;-285,28125;-447,71875;-190,34375;-334,78125;-500,5625;-158,59375;-443,96875;-345,125;-267,09375;-453,84375;32,09375;-310,8125;-98,09375;-359,125;-520,875;-321,96875;-259,34375;-491,125;-41,4375;-304,21875;-1403,34375;-311,625;-109,9375;-529,28125;-53,78125;-569,4375;-172,75;-504,15625;-159,75;-56,3125;-301,84375;-218,46875;-185,625;-202,875;-425,84375;-638,03125;-239,28125;-168,84375;-226,15625;-379,84375;-3334,53125;-57,15625;-2,78125;-172,15625;-329;-332,84375;-404,1875;-541,34375;-168,625;-39,625;-221,28125;-253,25;-367,65625;-53,15625;-281,25;-320,09375;-125,9375;-96,53125;-256,46875;-264,6875;3060,25;-39,8125;-48,09375;-115,625;-2319,96875;-350,5625;-204,1875;-402,5625;-484,1875;224,4375;-0,46875;-21,5625;-1,21875;-131,1875;-112,375;405,875;-41,84375;-158,53125;-211,65625;-130,3125;-203,09375;-94,375;-357,9375;-258,96875;172,5;-121,28125;-113,75;10,84375;20,71875;-416,03125;-36,71875;-102;-13,625;-165,53125;71,34375;187,84375;-90,3125;-243,15625;-300,5;57,5;63,46875;-340,46875;-284,4375;-155,1875;-109,21875;-129,5;
23,90625;-53,84375;-151,03125;-139,65625;275,25;-80,90625;-180,15625;-369,53125;379,0625;-88,46875;39,3125;-236,375;-48,5;-219,3125;-42,6875;-57,34375;163,25;-273,625;-6;-167,8125;-204,15625;177,5625;-404,15625;-397,875;-144,3125;-338,25;-332,1875;-31,84375;-187,75;-296,71875;64,96875;-146,71875;-154,59375;-388,96875;83,1875;-288,34375;-231;-255,03125;-389,65625;-222,9375;-227;-84,03125;-108,90625;-261,46875;-292,65625;-229,125;-170,0625;-100,46875;-1646,75;-98,28125;-343,03125;-255,21875;-331,8125;-360,71875;-212,28125;-201,21875;-175,90625;-234,78125;-306,65625;-477,5625;-292,53125;-284,09375;-406,03125;-118,46875;-1127,65625;-279,375;-280,5;-255,21875;-253,1875;-344,71875;-347,59375;-209,25;-470,84375;-261,09375;-314,3125;-321,96875;-410,34375;-311,28125;-321,84375;-405,21875;-260,75;-241,84375;-173,4375;-332,15625;-304,375;-354,375;-427,625;-210,75;-519,96875;-403,25;-304,4375;-374,125;-330,6875;-501,0625;-388,15625;-365,53125;-449,9375;-266,375;-98,78125;-280,84375;-333,59375;-275,65625;-370,5;-376,3125;-384,9375;-207,25;-350,5625;-321,46875;-349,0625;-139,21875;86,9375;-165,75;17,0625;90,5;-86,6875;-101,96875;28,1875;-175,03125;97,125;-144,875;53,03125;-308,84375;-171,15625;22,125;-29,96875;-359,625;-406,90625;-308,59375;36,28125;-88,71875;60,40625;-227,5;-205,5625;-56,53125;-13,34375;-85,1875;-150,46875;-82,1875;-100,28125;-128,59375;-206,90625;98,78125;-187,40625;10,9375;-221,34375;-312,1875;-278,625;-107,71875;-210;98,125;-241,625;-162,0625;-199,59375;-275,8125;-115,25;124,1875;-267,59375;163,3125;-318,65625;-144,71875;-180,84375;-205,84375;-124,75;-321,875;-305,375;-206,875;-302,375;-285,90625;-268,3125;-187,3125;-173,96875;-208,90625;-205,375;-275,53125;-187,875;-145,21875;-207,28125;-151,34375;9,71875;21,6875;-117,40625;-24,34375;-59,40625;-77,25;68,84375;-49,625;-61,78125;-2,46875;-206,53125;44,21875;-52,4375;-195,9375;-35,375;-139,1875;169,25;19,90625;11,40625;0,375;-330,34375;60,3125;-49,34375;-208,4375;-264,6875;86,9375;-111,5;-109,6875;-69,3125;-76,1875;102,25;-114,96875;-282,34375;10,625;-56,96875;-74,5;-168,28125;80,15625;-135,59375;-80,65625;-256,6875;-161,40625;-146,65625;-239,9375;-124,65625;-277,875;-345,71875;-219,375;-287,625;28,4375;-251,125;67,0625;-365,3125;-598,5;2287,03125;91,25;-59,15625;-358,96875;-300,90625;-29,25;20,0625;-199,125;-61,53125;-491,375;28,78125;-539,09375;-173,03125;-207,09375;-26,8125;-226,6875;-77,25;-352,75;-495,15625;-264,65625;-348,96875;-243,96875;-177,1875;-248,6875;-445,6875;-19,6875;-284,9375;-75,84375;25,0625;-305,6875;-862,09375;-481,1875;3133,6875;-624,5;52,5;-260,59375;502,0625;75,75;-60,53125;16,03125;40,75;156,1875;44,59375;-158,28125;152,8125;38,15625;965,71875;15,34375;136,3125;214,8125;201,96875;188,1875;133,71875;148,90625;441,4375;500,8125;188,125;-24,46875;8,5625;116,96875;186,28125;234,71875;178,78125;459,03125;8,46875;175,875;41,9375;-13,4375;67,15625;24,0625;168,1875;102,78125;-0,65625;34,84375;-165,40625;87,65625;324,75;142,0625;227,1875;57,4375;-14,65625;35,65625;-365,96875;286,4375;-21,15625;-64,125;32,75;210,1875;
93,5;175,65625;-23,09375;258,71875;142;182,90625;316,28125;379,8125;-1317,90625;66,5;-49,4375;-501,375;173,1875;-84,84375;-161,03125;-122,5625;235,34375;-63;-110,96875;-46,84375;-142,34375;-292,6875;1850,71875;65,96875;-176,78125;-6,40625;40,03125;-174,34375;62,5;61,03125;-62,84375;-1878,53125;-53,40625;-141,15625;-83,0625;-150,8125;-80,15625;-12,03125;-177,5625;-222,46875;-157,34375;-257,25;-354,1875;-249,90625;-129,375;-157,84375;-90,875;130,75;-175,21875;9,78125;-111,78125;11,0625;-207,34375;-237,15625;15,5;-259,25;-140,125;-88,75;-156,5625;-81,09375;-52;-286;-235,46875;-104,0625;-96,28125;-188,78125;-82,21875;-299,4375;-213,65625;-302,53125;-231,28125;-132,75;-249,90625;-168,53125;-223,875;-83,90625;-192,09375;-134,46875;-99,46875;-99,28125;-167,65625;-270,21875;-106,9375;-197,84375;-264,34375;-150,46875;-346,875;-212,84375;-165,59375;-114,25;-252,125;-160,34375;-132,75;82,53125;-363,59375;-229,34375;-304,90625;92,8125;-315,5625;-153,6875;-264,21875;-395,40625;-111,21875;-180,53125;7,65625;13,90625;-64,59375;-12,59375;-10,6875;-70,09375;-137,34375;323,3125;144,875;-35,4375;283,5625;98,78125;80,03125;217,59375;186,125;133,40625;66,5625;21,71875;-118,4375;-63,59375;-193,0625;-22,9375;-22,53125;8,65625;-40,34375;-79,15625;-29,84375;-186,8125;47,21875;-15,53125;119,9375;-57,46875;56,3125;-36,40625;-84,9375;128,5625;80,125;96,3125;-101,15625;-118,09375;64,875;-12,375;-177,0625;63,3125;-7,28125;-176,25;1,3125;47,03125;-138,59375;10,5;136,28125;86,15625;11,75;2,5;158,71875;30,625;-105,15625;-60,71875;-29,8125;33,0625;-67,03125;55,125;-47,96875;-49,03125;-123,625;15,21875;-352,375;-128,0625;102,53125;102,84375;-132,28125;2,21875;-6,875;83,125;63,6875;164,3125;185,5;285,59375;32,78125;153,90625;17,59375;181,96875;307,40625;94,15625;127,90625;111,0625;68,125;158,84375;61,59375;184;-118,34375;-149,59375;151,0625;-104,96875;90,375;230,21875;125,0625;19,84375;69,71875;10,5;174,5;-14,65625;83,40625;275,6875;23,46875;-15,25;38;247,78125;247,75;-32,71875;151,25;-56,9375;183,59375;59,9375;-12,0625;57,3125;79;-153,78125;188,5;-56,78125;-146,5625;64,78125;-367,78125;-136,34375;-133,78125;29,90625;22,5;-227,125;181,15625;-461,6875;20,09375;288,625;-208,0625;-364,8125;-198,75;4,84375;-298,96875;450,4375;-475,4375;61,71875;-526,875;-234,90625;-145,0625;-2419,1875;-8,90625;295,0625;26,21875;278,3125;178,40625;253;-399,40625;1073,09375;161,5;-376,875;226,625;270;-75,15625;617,90625;-260,03125;-124,6875;-315,09375;41,6875;227,03125;14,4375;-1563,75;130,5625;64,84375;123,46875;215;227,03125;71,28125;54,78125;261,96875;782,59375;-3335,25;216,0625;99,75;270,15625;396,4375;122,625;231,0625;167,5625;154,34375;-49,8125;333,84375;-40,40625;689,71875;157,375;449,1875;1094,71875;-2915,40625;653,34375;-200,8125;307,96875;240,9375;258,15625;578,5625;329,03125;-46,75;358,96875;285,1875;48,40625;190,96875;312;-0,53125;106,5625;210,03125;-76,0625;35,5625;163,4375;177,9375;-2398,59375;23,375;25,0625;73,6875;160,21875;
6,25;-24,09375;109;-62,6875;-266,84375;285,15625;-16,9375;96,15625;-151,0625;-52;-128,65625;-212,46875;925,53125;-106,34375;32,375;-142,75;-182,6875;143,65625;-71,71875;-164,8125;-89,71875;-457,3125;136,75;187,625;-152,96875;-183,84375;-147,96875;-137,0625;-175;-93,8125;-230,21875;105,375;-268,375;-113,46875;0,875;-73,96875;-120;-298,53125;-121;-259,84375;-125,53125;-294,46875;-229,15625;-164,90625;-325,59375;-92,5625;-283,03125;-246,78125;-314,90625;-297,59375;-336,125;-225,71875;-58,59375;-115,34375;-105,875;-318;-220,96875;-130,34375;-207,15625;-317,65625;-308,53125;-269,09375;-398;-257,25;-438,375;-251,875;-81,375;-209,03125;-69,78125;-485,8125;-30,25;-366,4375;-156,8125;-140,5625;-339,9375;-290,5625;-170,3125;-324,65625;-287,03125;-241,09375;-274,0625;-427,625;-176,3125;-187,34375;-397,03125;-134,375;-339,9375;-413,59375;-229,96875;-318,84375;25,46875;-321,34375;-330,1875;-537,5625;-420,40625;-4,4375;-301,125;-444,21875;-0,21875;-222,03125;-253,84375;-340,625;-48,875;-246,375;-328,8125;-274,4375;-165,1875;-185,125;96,6875;-60,5625;76,46875;-28,84375;-5,6875;309,375;17,5625;218,40625;257,65625;-58,96875;213,46875;167,75;21,625;40,15625;-42,53125;177,9375;-35,40625;151,59375;-228,03125;-20,84375;-133,3125;-107,15625;-212,125;-92,75;-231,65625;-101,21875;-173,65625;155,375;-121,46875;-11,65625;-21,1875;-198;-142,65625;-152,78125;-37,09375;1,90625;-151,8125;-15,78125;-150,9375;-188,34375;-116,75;-133,46875;-31,71875;-33,125;57,90625;-106,46875;64;-39,59375;-46,4375;-251,46875;21,03125;21,3125;-32,25;-157,125;118,875;21,34375;-217,6875;-46,59375;-190,8125;-75,78125;-27,78125;-169,40625;-34,21875;-16,0625;-100,71875;-151,5;-89,65625;241,40625;-93;38;-118,90625;-162,5625;-87,03125;-74,65625;-70,09375;114,65625;44,65625;33,1875;172,1875;304,5;71;47;16,0625;12,1875;14,09375;-40,53125;-25,625;36,40625;-1629,84375;83,09375;-36,1875;-54,21875;-190,1875;-66,34375;-103,09375;-111,46875;-162,96875;-164,9375;670,65625;-231,03125;-235,4375;-180,21875;40,5;183,75;-1851,96875;124,5;-1455,8125;-175,59375;-100,65625;-312,125;-81,71875;-87,75;-211,53125;-272,28125;-280,5625;-36,0625;9,15625;-40,0625;-303,8125;-247,15625;82,25;-10,5;-193,28125;-404,875;-176,90625;2046,21875;-469,53125;37,84375;-188;-83,96875;-165,96875;-301;-376,75;-450,96875;-147,28125;3199,375;36,03125;-193,28125;-71,40625;61,21875;-124,0625;-2603;-172,4375;-92;-352,8125;-647,1875;-64,5;-234,0625;151,1875;-27,84375;-53,28125;54,1875;-119,28125;221,0625;-117,1875;-333,40625;-232,84375;-290,96875;-145,5625;-75,0625;-71,4375;-187,5;454,5625;120,21875;-36,84375;-3,71875;121,34375;-162,375;58,21875;138,21875;-48,375;-95,8125;274,84375;163;29,875;147,6875;35,125;240,59375;351,53125;71,65625;105,03125;267,5625;21,8125;564,46875;132;433,65625;121,5;386,71875;587,65625;-140,375;-60,75;124,09375;-101,21875;-162,4375;11,34375;329,4375;137,90625;-28,3125;59,78125;195,15625;-136,75;123,21875;-168,6875;-142,65625;6,21875;-65,34375;-173,0625;-271,5;20,71875;36,15625;-66,8125;-11,71875;
43,90625;53,09375;36;155,125;1969,5;-210,5;157,96875;181,3125;-145,21875;129,6875;-47,84375;-135,53125;24,96875;2324,75;239,09375;122,46875;-188,6875;98,84375;10,625;81,375;257,90625;135,625;-78,84375;-24,5625;104,25;-42,9375;-72,90625;2,03125;-118,34375;-89,375;-136,6875;-213,875;98,1875;81,25;-356,3125;-278,0625;-145,03125;-42,125;-140,84375;-12,96875;-183,3125;-234,5625;-142,375;-138,59375;-236,875;-317,34375;-269,8125;-380,25;-293,78125;-65,53125;38,71875;-235,84375;-295,875;-217,78125;-282,59375;-198,46875;-128,75;-165,71875;97,65625;-221,34375;-224,28125;-84;82,9375;-69,78125;13,9375;-130,15625;-152,65625;-162,28125;-100,5625;-8,40625;-105,84375;-457,40625;-408,125;-269,4375;-271,59375;-272,9375;-324,40625;-124,28125;-309,28125;-361,75;-114,09375;-385,5625;-200,90625;-234,71875;-155,6875;-250,53125;-228,4375;-212,34375;-230,5;-167,90625;-309,09375;-405,0625;-202,96875;-159,875;-101,40625;-385,625;-398,875;-298,875;-325,4375;-304,03125;-98,125;-52,4375;-87,21875;-143,65625;-136,90625;-143,03125;-212,90625;-66,3125;-46,25;-85,28125;45,5;-65;79,0625;456,53125;92,6875;167,28125;241,40625;235,03125;194,84375;75,6875;248,59375;-57,25;-10,84375;-218,9375;-37,84375;1,4375;-2,125;20,96875;-145,03125;-307,5;-15,09375;-130,4375;47,84375;132,03125;-44,71875;65,03125;87,375;19;38,59375;-306,3125;-14,6875;80,53125;72,21875;31,71875;-200,21875;94,34375;-245,34375;-113,09375;87,78125;-121,96875;-33,96875;117,5625;52,125;-74,5;-22,125;-188,78125;85,25;-62,9375;-103,8125;-173,59375;-6,8125;92,3125;33,40625;2,0625;-170,96875;81,96875;-21,96875;-116,84375;169,875;-64,125;-41,03125;-80,15625;173,8125;41,1875;-53,6875;-18,53125;120,4375;21,90625;158,15625;68,46875;175,8125;-16,9375;242,9375;79,40625;190,34375;175,71875;-35,40625;147,1875;229,625;283,15625;124,4375;128,4375;263,34375;63,78125;136,875;306,9375;201,46875;-13,96875;143,03125;139,78125;97,46875;-104,34375;112,75;-41,125;182,6875;21,875;122,65625;-93,90625;52,84375;52,8125;314,1875;33,0625;-10,21875;180,8125;141,09375;507,875;-130,03125;-252,125;-75,15625;99,125;74,09375;-123,96875;2,125;-91,46875;-195,53125;-46,6875;-338,5625;-161,5;-205,8125;-79,59375;-95,96875;-210,1875;-279,21875;2,1875;-85,125;-1733,78125;-133,84375;-389,875;-238,40625;81,78125;-128,8125;-108,90625;-41,21875;-194,65625;-428,96875;134,6875;-380,09375;-473,75;-179,15625;-259,28125;-132,0625;-521,25;-13,59375;15,375;-212,71875;-111,53125;-77,9375;31,71875;-39;62,90625;46,09375;-231,4375;-116,46875;-112,34375;6,15625;5,03125;-118,59375;-119,875;171,6875;-123,75;-2840,5625;180,15625;181,28125;73,28125;193,46875;300,625;168,25;101,875;122,78125;74,6875;-456,375;289,34375;506,21875;121,84375;439,34375;272,75;2,125;82,15625;423,8125;582,5625;-2238,6875;801,40625;569,53125;80,78125;-75,21875;508,3125;62,90625;166,4375;226,90625;381,4375;197;145,21875;-56,875;-676,15625;323,90625;-79,8125;-44;407,65625;27,6875;199,46875;311,125;64,71875;267,90625;59,375;-98,34375;-148;210,75;-4,09375;205,40625;84,96875;
220,125;-138,28125;166,5;-93,4375;-82,46875;94,1875;170,03125;-186,9375;-7,375;-65,09375;-50,84375;-25,875;37,78125;-327,9375;-174,25;237,5625;13,25;-22,375;-247,96875;-111,5;315,34375;-71,53125;-217,5625;-38,09375;-228,5625;-132,15625;-271,84375;-264;13,53125;7,15625;-12,28125;82,78125;-409,9375;-296,625;-348,09375;-89,0625;-257,53125;-167,1875;-221,75;-350,28125;-159,5625;-30,375;-430,25;-98,59375;-305,21875;-302,1875;-357,09375;-318,65625;-222,53125;-130,9375;-95,1875;-109,71875;-187,96875;-277,21875;-314,9375;-168,6875;-464,625;-335,34375;-147,21875;-325,59375;-196,84375;-114,125;-154,0625;-302,59375;-368,25;-447,875;-321,75;-400,28125;-106,75;-333,875;-398,65625;-337,09375;-334,09375;-243,15625;-481,03125;-314,8125;-248,59375;-316,84375;-237;-439,0625;-391,28125;-282,09375;-493,3125;-261,65625;-333;-295,4375;-344,625;-367,15625;-386,59375;-452,78125;-377,46875;-258,5;-417,15625;-329,5;-392,03125;-523,6875;-394,1875;-613,0625;-231,625;-398,4375;-259,15625;-426,84375;-513,5;-327,78125;-286,34375;-341,28125;-324,4375;-170,90625;-230,28125;27,59375;-108,53125;-121,15625;3,65625;-151,875;-115,78125;60,90625;1,09375;-62,4375;112,09375;-149,875;-100,59375;-53,125;-327,28125;-186,375;-56,90625;-207,125;-98,0625;-252,625;-44,125;-448,59375;-19,53125;-161,15625;-259,75;-241,78125;-196,78125;-82;-97,5625;-305,34375;-65,8125;-104,65625;-184,03125;46,625;-137,15625;12,78125;1,9375;102,125;-154,5;-6,15625;-129,46875;-116,1875;-57,96875;-126,34375;-83,75;-256,78125;-132,1875;1,625;-25,375;-136,15625;-140,65625;-43,1875;-95,5625;-19,375;36,71875;-117,9375;-81,6875;-92,125;-7,6875;-205,375;-149,875;-89,09375;50,03125;9,28125;-124,46875;-117,8125;-0,75;-100,8125;-239,71875;-64,03125;-46,375;-77,34375;-171,6875;83,9375;-15,375;-35,4375;168,875;279,5625;47,6875;298,46875;-15,40625;-98,34375;-60,03125;-52,75;-1,4375;53,3125;-35,75;54,9375;6,09375;-119,3125;-404,625;-294,8125;119,1875;9,0625;62,125;11,9375;-140,875;87,6875;-88,625;-136,84375;-123,875;-41,90625;-20,3125;-231,1875;-33,75;-17,96875;-108,65625;18,40625;-153,4375;-239,53125;-389,90625;-229,25;-189,59375;-182,75;14,28125;-227,78125;-242,46875;144,5625;126,125;-169,625;-196,3125;-74,1875;-256,59375;-70,75;-310,09375;-47;-169,21875;-61,40625;101,625;-347,875;-290,25;-399,0625;-96,4375;-616,59375;-243,78125;-492,25;-56,15625;-524,8125;-316,125;-74,09375;-7,125;156,28125;-296,75;-454,03125;-630,84375;-44,9375;-602,59375;-369,84375;-343,59375;-596,0625;-407,4375;-185,21875;-500,8125;-29;-157,125;-183,09375;-152,1875;89,25;-200,75;73,1875;-326,125;-41,28125;327;117,46875;74,84375;227,84375;145,03125;61,5;-416,21875;3409,875;56,375;3043,9375;3501,28125;14,15625;103,09375;-153,75;60,5;342,375;-80,875;245,4375;10,9375;516,28125;61,25;232,84375;-58,09375;-2614,59375;-1,6875;-343,375;341,65625;53,5625;228,34375;166,4375;58,40625;-126,5;146,75;335,21875;-6,59375;-318,15625;2492,6875;-3723,03125;-107,21875;-216,25;-66,6875;125,03125;171,65625;-219,96875;3089;-303,53125;601,34375;-68,78125;-120,25;137,625;
-201,90625;-0,15625;-25,3125;-86,78125;-214,625;68,0625;-183,46875;1523,1875;-180;-27,03125;38,40625;141,71875;149,1875;-203,84375;-334,8125;-56,625;7,90625;-44;27,5625;-30,34375;-212,84375;-40,40625;-314,40625;-132,3125;-305,1875;-242,1875;-218,03125;273,40625;-210,9375;-192,90625;236,9375;198,09375;-60,375;-344,90625;-249,90625;-238,34375;-309,15625;-221,78125;-449,5;-232,6875;-220,15625;-232,125;-185,21875;-215,75;-200,1875;-331,28125;-453,28125;-384,65625;-224,9375;-221,125;-334,46875;-180,46875;-223,8125;-465,5;-401,9375;-227,25;-135,1875;-592,3125;-344,46875;-368,28125;-242,09375;-285,875;-344,28125;-449,3125;-328,4375;-404,15625;-292,625;-362,46875;-166,5625;-393,71875;-369,125;-269,75;-296,34375;-474,375;-195,1875;-428,03125;-603,40625;-343,0625;-329,65625;-497,8125;-329,8125;-356,53125;-354,0625;-289,03125;-275,3125;-375,5;-325,59375;-285,71875;-464,75;-241,21875;-314,125;-391,65625;-293,3125;-534,71875;-384,34375;-436,875;-330,25;-346,8125;-279;-386,0625;-492,28125;-484,0625;-358,25;-16,75;-288,90625;-432,375;-306,875;-315,3125;-266,9375;-45,03125;80,46875;-7,46875;-22,5;71,8125;186,6875;-167,90625;30,71875;130,03125;106,625;-43,34375;17,75;-56,5625;-218,03125;-105,875;-158,3125;-13,53125;-186,25;-220,5;-122,65625;-109,5625;-32,03125;-250,375;-202,875;-41,59375;-112,28125;-161,875;-36,125;-3;-155,46875;-128,21875;-75,46875;-33;-6,8125;51,125;53,46875;153,09375;59,125;-184,6875;-128,5;-173,3125;-183,53125;-139,1875;-76,0625;-113,28125;44,28125;-150,875;-107,78125;-66,625;60,53125;-134,1875;-61,65625;12,5625;-119,4375;-325,53125;11,09375;-29,59375;-159,65625;-133,25;-101,09375;-164,21875;29,25;74,75;122,1875;-71,1875;12,59375;-261,90625;-74,21875;200,25;4,09375;93,71875;-26,125;-62,59375;30,84375;-8,6875;148,34375;83,59375;42,625;268,78125;68,5;190,96875;258,90625;-77,78125;159,28125;31,8125;-58,71875;45,28125;-18,3125;64,53125;212,71875;-42,4375;64,40625;-29,15625;-111,25;63,84375;-17,6875;-88,53125;110,84375;-213,4375;-12,21875;-17,53125;-107,28125;-135,65625;-242,375;111,53125;-29,0625;-73,40625;-25,875;-176,65625;-229,3125;-395,9375;-291,15625;223;-132,53125;38,21875;-386,46875;-123,1875;-158,4375;-352,625;-141,84375;-148,5;-150,625;-320,09375;155,78125;-327,84375;-311,625;-238,125;-418,03125;-334,625;-341,28125;-178,46875;-437,09375;-248,40625;-306,65625;-243,8125;-213,34375;25,09375;-486,15625;261,46875;-685,03125;-298,8125;-522,78125;-29,0625;-299,78125;-140,15625;145,21875;-461,25;-283,78125;-70,65625;-296,125;-460,25;3,03125;-1933;-9,25;16,0625;148,40625;-0,15625;-249,875;36,53125;-16,3125;39,4375;76,03125;-34,3125;-22,34375;-510,90625;1,5;196,4375;-22,3125;12,65625;76;577,71875;-43,15625;153,25;-48,65625;3073,78125;-133,9375;274,125;438,78125;95,0625;-128,5;-126,84375;-23,96875;215,53125;142,03125;367,6875;4167,0625;107,65625;-67,78125;63,375;36,3125;84,65625;226,125;333,15625;311,125;192,21875;-54,625;43,875;688,8125;47,75;102,125;78,5;56,5625;-37,5625;-1935,78125;54,5;-149,09375;67,84375;-3396,28125;24,0625;242,9375;140,03125;
-51,1875;121,96875;343,1875;59,96875;-62,8125;-197,09375;-116,96875;-322,4375;-270,9375;9,8125;40,4375;-1289,40625;-157,9375;-53,625;-45,9375;-106,53125;167,125;115,125;129,21875;-42,8125;-23,5625;-264,625;-126,53125;116,34375;-212,875;289,1875;107,28125;-51,84375;35,375;19,28125;-68;-258,84375;-369,96875;-341,1875;-303,65625;-81,4375;-166,21875;-175,53125;-60,40625;-111,9375;-34,1875;-159,03125;-111,125;-210,75;-267,1875;-294,375;-149,875;-139,53125;-325,75;-125,125;-259,28125;-105,375;-82,96875;-188,28125;-149,875;-336,8125;-66,625;-136,3125;-218,0625;-259,625;31,15625;60,09375;-569,34375;-597,125;-134,25;-284,375;-231,96875;-128,59375;-326,53125;-158,40625;-158,375;-296,40625;-213;-369,625;-307,25;-325,59375;-351,34375;-210,0625;-296,1875;-77,6875;-541,4375;-198,21875;-244,3125;-162,6875;-168,28125;-225,59375;-237,46875;37,1875;-81,65625;-245,8125;-68,59375;-169,3125;-316,34375;-375,625;-297,375;-405,21875;-432,625;-366,0625;-271,40625;-208,1875;-523,0625;-316,4375;-167,59375;-149,78125;-146,0625;68,75;-198,53125;-144,875;-108,625;-137,3125;83,125;220,71875;-3,25;340,25;154,21875;336,84375;116,0625;220,78125;263,34375;50,5625;317,65625;9,40625;-27,53125;-26,4375;-19,5625;73,6875;144,96875;72,8125;-79,75;-58,46875;28,90625;26,03125;192,1875;36,75;-103,09375;107,40625;-26,15625;25,1875;66,75;67,96875;-3,875;-61,9375;106,8125;137,8125;50,09375;108,59375;-59,3125;163,0625;10,03125;-24,40625;102,3125;106,84375;194,65625;59,09375;82,84375;113,40625;98,0625;207,71875;98,65625;58,65625;-65,25;114,71875;4,84375;190,9375;124,4375;83,84375;15,875;170,40625;253,5625;150,9375;87,15625;44,9375;-30,0625;196,28125;266,40625;67,0625;61,21875;153,21875;85,53125;333,625;275,59375;322;274,21875;316,9375;167,59375;438,5;225,53125;236,03125;317,25;325,25;272,21875;190,71875;292,25;99,65625;169,125;263,4375;130,28125;216,25;202,25;134,28125;272,03125;47,8125;140,28125;40,21875;158,96875;-79,875;-41,6875;158,5625;233,25;170,875;224,84375;-25,1875;2,375;39,84375;187;268,4375;18,1875;142,15625;37,65625;159,65625;-133,4375;-30,09375;-112,53125;-44,40625;-29,9375;410,5;28,71875;-204,375;-328,8125;56,0625;-124,03125;290,25;-250,9375;-105,4375;-214,9375;-192,9375;301,53125;-223,5;33,09375;-191,40625;-183,59375;-141,71875;-11,8125;-112,875;-385,78125;-117,21875;-235,5;376,40625;-198,96875;305,9375;226,0625;102,90625;3231;-515,75;184,9375;213,4375;53,53125;-118,34375;204,3125;240,3125;172,75;96,625;603,59375;225,125;-35,03125;216,78125;-25,34375;-42,375;77,6875;73,0625;218,34375;1472,96875;16,5625;-809,5625;444,71875;101,96875;173,875;127,875;298,15625;201,90625;-200,1875;612,1875;528,9375;244,59375;396,59375;-337,53125;-1441,09375;978,15625;528,84375;169;370,28125;113;156,8125;293,875;197,71875;652,96875;-3235,53125;192,59375;418,8125;148,4375;408,28125;217,96875;116,40625;-75,0625;248,59375;241,875;11,84375;246,34375;449,5;281,8125;146,875;281,75;454,5625;184,78125;394,6875;61,53125;64,125;109,96875;204,71875;121,125;
-122,4375;79,25;-37,65625;-276,40625;-44,5625;-182,75;27,03125;166,6875;108,4375;32,90625;12,09375;65,875;-104,40625;-203,8125;-80,59375;152,5625;-163,71875;-309,1875;-48,09375;-95,09375;130,59375;-47,28125;-319,03125;-355,4375;131,09375;-236,0625;-58,5625;-325,625;-312,6875;-58,15625;-247,34375;-350,1875;-244,71875;115;-276,625;-202,96875;-229,1875;-411,1875;-166,65625;-365,46875;-223,59375;-315,84375;-354,28125;-395,3125;-457,96875;-216,84375;-433,84375;-390,65625;-444,6875;-78,03125;-255,21875;-268,90625;-184,3125;-443,90625;-335,5625;-349,1875;-208,53125;-203;-412,3125;-157,09375;-223,78125;-244,5625;-195,78125;-316,53125;-324,5625;-380,5625;-415,96875;-359,21875;-253,625;-402,625;-253,78125;-366,6875;-590,25;-475,1875;-442,625;-350,4375;-364,28125;-403,09375;-459,375;-249,71875;-330,8125;-124,78125;-497,0625;-388,15625;-377,65625;-193,90625;-403,3125;-261,125;-448,6875;-402,5625;-379,53125;-373,0625;-292,71875;-116,21875;-205,53125;-205,375;-427,53125;-356,8125;-178,875;-322,03125;-622,21875;-347,125;-392,1875;-244,65625;-324,28125;-372,3125;-181,625;-214,625;59,53125;-245,03125;-77,09375;-83,8125;-154,125;-82,9375;343;182,25;163,03125;-150,0625;68,5625;47,59375;23,53125;46,875;-57,25;78,40625;40,3125;-293,09375;-170,625;-63,03125;48,40625;-60,8125;-104,21875;-66,90625;37,09375;301,59375;-81,3125;-125,1875;-160,6875;-102,21875;30,5625;-118,5625;-66,40625;-125,5;-167,21875;-22,03125;140,375;-81,125;-219,6875;-22,59375;97,96875;-34,21875;32,09375;-89,6875;105,34375;45,15625;136,4375;18,96875;82,59375;-68,8125;-158,65625;33,1875;-1,03125;24,3125;-279,65625;-113,84375;27,03125;-190,5;-78,875;-137,46875;-86,25;-31,0625;-69,5625;13,28125;-49,0625;-137,4375;-57,65625;104,03125;60,53125;78,5625;129,59375;105,1875;121,1875;-71,90625;-88,40625;20,53125;-24,25;79,21875;309,28125;203,34375;0,125;88,21875;80,96875;119,53125;-38,71875;3,6875;97,09375;75,78125;50,40625;-67,0625;-199,71875;13,8125;74,9375;-91,40625;190,34375;-6,78125;-282;-44,90625;-62,15625;-9,4375;-111,875;-71,9375;-19,5625;97,9375;-126,46875;-24,3125;-161,15625;87,625;-49,09375;-189,5625;-277,15625;-51,09375;-140,28125;-84,65625;-230,96875;66,3125;-64,625;-392,3125;-166,40625;-363,21875;-296,125;-143,1875;-380,84375;-355,9375;-86,03125;-107,375;-316,3125;-495,21875;1866,4375;-503,53125;-293,0625;-300,0625;-254,875;-171,3125;-145,0625;-307,78125;-362,125;-231,28125;41,1875;-244,3125;-611,34375;-442,9375;-156,625;-228,96875;-464,09375;-289,875;-200,90625;-398,96875;-384,40625;-140,125;-190,09375;-204,96875;-120,4375;-62,125;-119,84375;-219,75;-99;-362,84375;1180,65625;-17,1875;-182,25;-122,46875;-174,25;11,4375;-27,34375;-127,53125;-312,0625;-634,34375;72;-186,5625;301,6875;-295,40625;-363,125;-5,75;-1045,6875;-36,53125;-454,4375;-192,71875;799,28125;-3367,3125;-103,625;-53;166,71875;367,9375;245,4375;-174,40625;194,9375;-123,125;527,8125;-228,15625;190,78125;-30,6875;-18,21875;-197,375;-62,34375;142;0,6875;-30,375;-206,9375;40,5625;-51,875;-194,46875;157,8125;-419,25;-162,625;-315,6875;-169,34375;31,5;-212,96875;-71,46875;-277,5;-359,53125;
148,8125;19,03125;-389,65625;1752,125;-42;212,5625;-104,65625;-91,53125;-209,625;-134,78125;-63,6875;-86,6875;-181,5;-117,40625;-242,65625;145,5;-147,15625;52,125;-134,3125;-99,1875;-112,71875;-120,84375;-202,34375;32,6875;189,6875;-225,4375;-302,4375;154,15625;-308,28125;-131,34375;-59,125;-222,59375;-219,03125;-143;-280,46875;-132,9375;106,46875;-351,8125;-248,5;-322,6875;-117,53125;-280,40625;-184,90625;-287,46875;-55,40625;-238,15625;-238,65625;-267,40625;-221,71875;-300,78125;-176,1875;-68,75;-140,1875;-137,9375;-193,375;-219,125;-268,03125;-327,5625;-303,40625;-298,1875;-250,28125;-369,4375;-463,53125;-182,71875;-174,75;-207,96875;-223,84375;-537,5;-367,5625;-275,375;-610,9375;-318,0625;-250,0625;-265,84375;-248,875;-242,40625;-136,71875;-303,375;-388,59375;-335,875;-262,25;-84,8125;-191,75;-397,40625;-10,6875;-283,03125;-156,78125;-233,53125;-268,90625;-312,78125;-269,8125;-280,9375;-290,5625;-312,15625;-263,09375;-447,65625;-398,625;-279,9375;-116,78125;-321,84375;-320,78125;-313,59375;-316,625;-302,46875;-79,375;-26,21875;17,5625;174,09375;-143,6875;-117,9375;-193;135,53125;244,1875;187,9375;-97,46875;80,71875;277,0625;-45,84375;188,4375;9,375;104,0625;-50,90625;-5,34375;-22,46875;-109,4375;54,25;-62,03125;72,59375;119,75;-131,9375;150,9375;-29,75;-42,53125;-76,5625;-38,625;6,21875;-55,78125;124,4375;-194,8125;46,625;10,125;-94,21875;-4,03125;33,46875;102,40625;47,5;-122,4375;-28,09375;-36,21875;87,8125;177,875;175,71875;106,6875;-80,875;-181,71875;-170,25;-35,6875;229,59375;241,96875;37,90625;258,1875;28,125;64,59375;129,375;136,6875;-22,03125;53,5;83,46875;-56,15625;-68,125;145,21875;79,15625;77,46875;197,625;88;200,25;202,09375;197,40625;77,6875;160,03125;379,4375;-17,875;260,625;265,90625;153,3125;-16,125;326,53125;237,75;284,78125;333,40625;412,46875;61,78125;182,96875;196,09375;83,09375;92,21875;92,90625;128,21875;27,625;129,875;113,75;-1,28125;40,8125;106,78125;129,8125;100,28125;214,4375;-115,59375;184,875;-56;-33,5625;25,21875;-143,9375;153,28125;59,75;-113,0625;-171,84375;85,03125;15,21875;54,40625;2,875;-115,9375;-91,90625;-106,75;-111,5;-125,28125;-153,3125;-131,5;6,46875;-163,65625;-97,125;80,53125;-278,53125;-51,9375;-73,1875;435,34375;-488,03125;-724,6875;-138,0625;-378,21875;-205,21875;-279,625;-276,125;-178,90625;-304,625;-87,03125;-244,25;-325,96875;-271,53125;-88,5;-373,90625;-190,96875;-235,40625;-165,8125;-206,53125;-321,03125;389,71875;-729,0625;-169,4375;-87,1875;-124,5;-187,46875;-115,75;213,28125;-153,28125;18,90625;284,65625;-72,125;222,25;32,46875;-375,5;505,34375;328,625;39,4375;133,125;-158,375;27,3125;31,59375;-118;916,03125;-2709,09375;651,65625;258,0625;3254,15625;185,65625;946,84375;269,375;671,5;-40,5625;-131,875;283,1875;-24,59375;237,34375;1052,5;-37,25;370,59375;164,03125;88,25;160,59375;289,6875;-3181,09375;250,9375;167,15625;99,53125;153,53125;255,9375;387,96875;-8,15625;178,75;90,28125;41,4375;194,53125;93,9375;1308,875;-96,84375;-21,0625;30,78125;-19,03125;-30,9375;-42,875;
-627,59375;-206,0625;219,09375;-214,9375;-2109;77,5625;-99,4375;-93,40625;-202,53125;-236,28125;-136,71875;18,09375;-467,28125;-211,09375;-64,0625;-61,625;-224,6875;-112,90625;39,1875;-242,8125;-409,59375;-329,5;-80,625;-224,125;-99,65625;-322,46875;105,875;-374,03125;-321,0625;-240,3125;-350,09375;-160,1875;-308,0625;-462,125;-293,71875;-394,34375;-157,5625;-465,125;-365,46875;-302,4375;-347,90625;-524,1875;-367,34375;-281,09375;-215,59375;-385,375;-346,71875;-345,96875;-415,40625;-311,96875;-338,8125;-418;-472,90625;-436,875;-506,6875;-371,34375;-48,78125;-563,09375;-477,0625;-430,5;-304,25;-416,46875;-494,4375;-325,9375;-540,21875;-420,21875;-306,3125;-521,53125;-405,625;-457,75;-326,9375;-602,34375;-427,96875;-392,65625;-319,6875;-513,65625;-302,4375;-343,5625;-97,5625;-458,5;-549,9375;-270,65625;-324,40625;-328,34375;-238,28125;-367,21875;-421,90625;-461,40625;-246,71875;-439,53125;-418,15625;-344,84375;-611,46875;-551,75;-476,375;-320,75;-368,4375;-307,25;-310,28125;-350,875;-459,25;-485,15625;-687,5625;-242,5;-380,0625;-335,625;-192,1875;-397,28125;-195,65625;-192,90625;-55,34375;-180,53125;-158,0625;165,46875;-250,09375;-9,03125;-77,40625;113,15625;143,375;-135,5;-18,6875;120,71875;-287;-93,65625;-37,9375;-403,9375;-28,375;0,0625;-396,59375;-144,15625;-116,25;-59,6875;-132,125;-155,71875;229,5625;-117,03125;-223,03125;-82,0625;-299,5;-19,375;-298,34375;-98,71875;-222,21875;-294,375;-204,9375;-168,125;14,5625;-66;-71,0625;-80,90625;-229,9375;-180,4375;-296,96875;-38,5;-266,96875;-129,625;-145,03125;-362,6875;-236,4375;-176,8125;-193,71875;-276,1875;-145,96875;-343,25;-56,1875;-297,21875;-217,78125;-224,84375;39,53125;-161,78125;-219,28125;-116,375;-120,03125;-35,9375;-34,9375;-47,65625;-89,21875;-17,8125;-68,125;27,5625;-68,21875;75,28125;-57,09375;258,03125;83,90625;199,21875;121,15625;132,78125;-6,21875;24,0625;-210,90625;-30,875;155,375;183,625;-185,03125;94,75;147;-156,46875;11,15625;-42,34375;-233,1875;16,21875;-230,34375;-184,21875;64,625;-75,9375;-152,09375;48,25;-253,75;-124,84375;55,625;-168,75;-204,4375;24,53125;-178,40625;100,125;-46,125;-251,78125;-129,03125;-111,03125;-177,6875;-167,75;-19,96875;-154,25;-358,65625;-243,71875;-309,6875;-151,96875;-298,65625;-157,21875;-244,25;-303,15625;-315,8125;-514,9375;-254,09375;-290,40625;-197,59375;-511,0625;-709,125;1581,15625;-523,53125;-376,03125;-405,34375;-216,0625;-340,40625;-367,34375;-220,125;-406,15625;-169,6875;-395,46875;-257,625;-147,03125;-632,84375;-274,84375;-40,40625;-234,5;-2775;11,59375;-208,40625;-439,125;-219,09375;-370,6875;-349,21875;113,125;-131,09375;-254,40625;-198,90625;-156,96875;-291,46875;-415,125;-145,90625;-1,71875;5,40625;-61,125;-110,15625;-287,8125;179,21875;218,1875;-50,6875;84,5;306,03125;-152,8125;-550,9375;-138,875;-18,625;-4213,53125;-51,5;278,25;-170,4375;246,0625;-78,875;312,15625;-249,15625;-121,03125;128,3125;188,09375;319,96875;38,84375;268,28125;761,46875;-3760,40625;-9,0625;-73,03125;-89,3125;-54,59375;-52,65625;-174,71875;213,96875;4,21875;-112,0625;-229,875;-203,53125;-257,375;2956,71875;-202,375;-180,9375;-211,15625;2196,15625;-188,6875;-113,4375;
-77,40625;387,90625;-33,8125;61,59375;-322,59375;-99,875;-179,65625;178,34375;-72,5625;58,875;-357,5;-229,875;1933,53125;-372,3125;46,78125;-130,03125;-151,96875;-235,09375;-60,34375;-391,625;-221,6875;-81,09375;-1755,90625;36,78125;-181,65625;-398,46875;-213,25;-245,65625;-21;-50,6875;-55,84375;-226,21875;-364,09375;-306,875;-263,9375;-25,59375;-211,59375;-11,4375;-227,875;-305;-125,15625;-84,59375;-260,1875;-137,46875;-85,03125;-190,8125;-241,5;-552,65625;-334,625;-351,84375;-116,4375;-249,71875;-210,03125;-227,09375;-357;-227,09375;-366,25;-435,78125;-304,875;-334,96875;-364,5;-401,15625;-436,1875;-397,53125;-293,84375;-422,75;-92,34375;-284,1875;-287,65625;-111,9375;-398;-164,21875;-314,21875;-435,71875;-486,0625;-252,71875;-480,40625;-177,71875;-299,0625;-150,875;-361,6875;-389,625;-305,78125;-52,3125;-214,71875;-375,5625;-138,96875;-182,65625;-325,40625;-375,5;-452,75;-379,90625;-449,75;-209,84375;-341,375;-320,15625;-336,625;-349,53125;-458,71875;-261,9375;-342,59375;-490,59375;-500,9375;-241,625;-377,65625;-204,25;-147,96875;-19,75;-313,8125;-42,71875;43,0625;113,125;45,90625;81,78125;17;107,46875;44,0625;73,4375;106,90625;-136,625;62,15625;-70,40625;57,6875;-180,84375;-52,15625;-70,375;-31,65625;-50,28125;57,9375;-64,8125;-153,15625;-20,5625;31,75;-6,34375;186,84375;77,90625;-42,09375;65,21875;-130,65625;-69;90,71875;-73,90625;-41,4375;-43,78125;-75,125;119,4375;3,03125;-16,875;-145,5625;-103,5;-118,625;-69,875;41,0625;-131,1875;54,625;-116,0625;-25,34375;-21,875;-148,25;-11,40625;-296,3125;-54,34375;61,90625;-43,5;-90;50,65625;43,15625;-54,5625;27,65625;188,875;-30,5625;-38,78125;208,40625;-56,78125;175,28125;-66,40625;231,5625;60,40625;171,6875;115,46875;-99,8125;3,40625;-72,90625;176,0625;17,9375;-36,75;52,125;269,78125;75,34375;139,3125;53,625;230,59375;-45,21875;-55;189,90625;224,78125;245,71875;70,46875;138,71875;249,125;9,4375;38,75;166,25;-94,40625;109,375;-225,34375;-152,8125;-147,65625;-57,9375;-9,5;-104,8125;-97,9375;-156,34375;-13,71875;-29,65625;-20,875;-238,40625;-42,375;-139,71875;9,09375;-132,03125;-48,53125;-264,21875;-48,15625;-23,3125;-198,59375;-169,71875;-193,09375;-261,34375;-139,46875;-179,875;-28,21875;-336,78125;-279,5;-186,78125;-315,71875;-192,28125;-347,28125;541,375;-439,03125;-169,8125;-296,59375;-235,1875;-114,6875;16,09375;-455,0625;192,25;-317,25;-296,65625;49,84375;-154,9375;-142,34375;-114,5625;-170,875;-76,46875;-145,75;9,59375;4,90625;-177,34375;-196,25;-195,5;-110,5625;64,65625;-86,96875;-92,34375;-80,75;-70,8125;-78,375;-30,21875;85,1875;-82,625;-1167,09375;-96,25;82,125;138,8125;6,71875;343,84375;136;-394,4375;54,34375;340,15625;52,75;108,09375;98,96875;317,40625;71,40625;259,5625;51,0625;378,96875;237,53125;-52,03125;518,46875;73,375;81,28125;65,34375;394,34375;171,125;232,6875;312,25;359,28125;-36,96875;-293,5;103,09375;356,5;236,53125;262;57,84375;296,34375;-888,375;129,3125;224,5625;-68,125;89,34375;1948,8125;-323,0625;225,09375;-3151,375;213,3125;517,75;30,46875;
-19,21875;-320,375;-424,375;-90,84375;-301,4375;-403,40625;-123,625;-116,46875;-186,84375;-220,0625;88,53125;-158,5;-490,125;-132,75;-294,25;-117,5;-307;-294,15625;-339,59375;-245,53125;-324,5625;-221,0625;-162,8125;-143,5625;-235,75;-236,3125;-381,71875;-341;-236,28125;-261,34375;-182,625;-530,6875;-320,1875;-439,40625;-263,96875;-389,5;-378,21875;-400,59375;-208,78125;-374,9375;-357,5625;-545,96875;-408,28125;-586,0625;-330,15625;-458,625;-280,9375;-336,6875;-325,5625;-208,625;-282,71875;-271,3125;-214,21875;-486,875;-390,96875;-451,875;-446,96875;-300,90625;-322,34375;-282,5;-315,4375;-371,28125;-361,5;-632,625;-590,625;-330,78125;-299,3125;-397,625;-447,84375;-291;-499,375;-596,34375;-427,0625;-426,1875;-431,625;-471,34375;-325,1875;-131,375;-162,3125;-370,71875;-331,34375;-346,625;-365,78125;-229,96875;-390,96875;-344,09375;-372,5625;-424,40625;-614,8125;-300,75;-229,375;-500,375;-454,40625;-306,71875;-590,15625;-440,0625;-452,125;-406,15625;-519,75;-522,71875;-726,5;-588,21875;-456,90625;-465,65625;-490,09375;-473,1875;-456,875;-291,03125;-269,46875;-213,28125;-31,1875;-44,25;30,3125;-232,4375;-46,84375;6,6875;12,375;15,8125;-93,90625;122,625;-171,28125;56,96875;-8,53125;-56;-105,15625;-257,625;-312,5625;8,1875;-221,8125;-167,0625;-28,0625;101,5;-89,125;-188,875;13,75;-232,75;-249,15625;13,6875;-9,53125;-309,9375;-248,65625;-270,59375;-366,96875;-188,125;-174,6875;-86,25;-32,84375;-234,90625;-115,5625;-122,125;79,03125;-184,21875;-214,59375;-47,03125;-196,5;-274,59375;-254,375;-146,625;-219,4375;-170,40625;-236,4375;-281,03125;-79,65625;-251,9375;-23,59375;-346,71875;-13,5;-105,6875;-258,90625;-92,875;-49,03125;-164,375;-64,5625;-92,46875;-196,125;120,75;30,15625;29,40625;27,25;-31,21875;4,125;-160,46875;-41,15625;51,1875;273,5;9,71875;-33,8125;34,65625;-144,65625;299,4375;5,4375;32,84375;95,375;7,84375;36,375;-73,84375;149,8125;121,6875;135,65625;18,5625;-126,375;-55,9375;103,5625;-164;-202,65625;-0,625;179,8125;-124,625;-254,21875;-156,03125;-161,21875;72,46875;22,90625;8,53125;-149,71875;-51,34375;-122,75;-31,5;-52,4375;-68,5625;-144,0625;-276,28125;-30,59375;-159,84375;-23,625;-216,03125;-235,15625;-214,34375;-332,375;-227,28125;-260,75;-419,875;-376,6875;-155,90625;-247,1875;-177,3125;-304,625;-462,5625;-374,46875;-347,5625;-228,90625;-365,4375;10,15625;-403,625;-395,59375;-306,5;-337,6875;-213,71875;-461,15625;-358,875;-193,125;-110,4375;-378,65625;-142,0625;-294,34375;-210,78125;-363,375;-150,0625;-150,9375;-332,6875;-582,125;-290,59375;-100,3125;-206,28125;-347,5;404;-30,75;-3518,28125;2630,625;-180,84375;-168,65625;186,375;65,75;-168,3125;-80,9375;-180,21875;-52,9375;-208,78125;-107,1875;180,4375;-41,6875;280,59375;73,65625;83,28125;98,375;495,84375;-75,71875;200,21875;-15,75;-31,9375;-320,6875;73,28125;48,4375;3785,34375;-26,25;-138,90625;-281,53125;343,71875;8,4375;-9,15625;176,5;-178,9375;-82,25;-2794,84375;560,03125;-10,46875;-22,90625;-307,125;-15,375;-288,125;68,9375;-103;95,84375;1658,6875;-194;-65,34375;-210,3125;-1032,4375;-58,875;-166,09375;
70,4375;24,8125;88,8125;313,03125;-78,5625;44,625;361,375;173,5625;25,875;-18,28125;-141,40625;-119,125;64,375;1682,0625;-126,625;-48,15625;-116,6875;-230,78125;10,8125;-334,5;9,03125;-271,90625;28,03125;-139,53125;-144;-88,28125;-209,84375;-38,03125;232,65625;-182,8125;-48,21875;-10,5;-116,84375;-24,03125;-95,59375;-61,1875;-12,625;-41,75;-136,375;-77,1875;-380,09375;-107,6875;-212,40625;-150,75;-188,125;-38,21875;-276,03125;-44,90625;-302,59375;-225,96875;-196,75;-206,09375;-81,25;-120,125;-235,15625;-120,625;-228,40625;-242,03125;-234,15625;-211,0625;-167,25;-105,71875;-143,59375;-255,375;-405,09375;-149,28125;-456,40625;-269;-170,25;-427,78125;-152,3125;-233,9375;-335,3125;-355,53125;-382,8125;-139,21875;-185,125;-205,84375;-269,84375;-273,9375;-241,28125;-333,125;-127,59375;-257,875;-234,4375;-375,21875;-272,1875;-205,21875;-173,375;-350,96875;-327,3125;-255,28125;-434,90625;-235,96875;-382,59375;-360,4375;-300,84375;-242,84375;-204,46875;-433,21875;-259,875;-295,34375;-223,03125;-324,0625;-300,125;-536;-270,0625;-223,5625;-145,71875;79,8125;58,34375;300,65625;181,03125;154,65625;129,59375;19,65625;164,34375;300,5;243,78125;-20,21875;-126,875;100,875;190,09375;-94,84375;82,125;-26,03125;26,5;79,1875;137,96875;32,6875;83,875;363,25;103,53125;-49,625;212,84375;67,53125;-19,90625;57,65625;-112,59375;-224,625;-109,71875;-73,34375;-19,65625;-207,875;-29,90625;147,4375;56,96875;210,84375;-106,78125;-58,96875;123,21875;44,78125;2,53125;-77,0625;-136,03125;-29,4375;61,21875;82,71875;101,09375;94,625;30,71875;-14,625;15,21875;34,84375;-105,65625;229,0625;206,53125;-6,5;235,34375;141,875;1,71875;-82,3125;122;51,5625;78,375;187,53125;8,03125;-0,5;176;54,625;165,65625;34,46875;209,53125;149,3125;153,25;44,90625;352,34375;223,75;432,09375;246,5;127,71875;97,28125;61,5;28,1875;66,03125;-13,8125;44,5625;-54,65625;96,59375;143,5625;267,78125;181,0625;-23,875;256,15625;180,59375;-4,59375;-177,8125;-114,46875;-211,09375;-67,4375;-28,4375;-127,5625;44,78125;-60,25;171,71875;62,28125;120,03125;-44,625;-102,96875;136,34375;-70,3125;-100,8125;53,34375;247,90625;-90,53125;-123,28125;-105;-160,5;-29,28125;-44;-97,75;-367,0625;-205,84375;-283,3125;-133,75;-95,3125;-357,5;-14,28125;-75,3125;-124,5;-249,0625;-210,3125;-7;-161,90625;-168,3125;-205,0625;-133,8125;-424,1875;-209,59375;-339,0625;-84,53125;-102,3125;-197,28125;-146,09375;-145,71875;-152,71875;-206,125;-299;-109,09375;-406,96875;2486,59375;302,71875;-55,125;-243,25;-17,6875;33,9375;197,5625;-1612,28125;-70,53125;-127,6875;98,90625;132,15625;12,1875;86,875;83,375;1606,96875;68,78125;2494,9375;693,59375;142,4375;248,625;-145,0625;124,15625;547,71875;457,90625;197,5;160,875;110,28125;130,5;227,40625;1243,65625;-152,625;504,21875;73,03125;-85,1875;216,125;300,5625;227,1875;25,875;136,625;-27,25;76,0625;360,84375;652,21875;207,25;289,625;78,25;47,90625;22;140,875;113,90625;24,25;208,3125;164,53125;94,90625;-31,46875;104,125;78,90625;161,59375;-59,09375;
-12,09375;-71,15625;265,53125;-120,59375;1,28125;-157,28125;-161,34375;-46,90625;-269;-144,4375;-16,125;-244,40625;-157,75;-222,75;-47,21875;2,875;-114,5625;-22,625;-277,9375;63,15625;-82,125;-97,03125;-358,34375;-271,4375;-288,59375;-205,71875;-185,0625;-96,28125;-410,875;-265,25;-382,96875;-329,34375;-198,75;-193,28125;-259,78125;-501,40625;-243,5625;-169,125;-287,46875;-231,25;-269,40625;-327,625;-197,75;-208,03125;-249,3125;-321,6875;-251,875;-278,96875;-42,96875;-190,09375;-490,90625;-246,5;-270,8125;-366,6875;-160,40625;-100,84375;-393,125;-416,3125;-312,96875;-341,0625;-574,28125;-277,96875;-265,28125;-536,09375;-176,53125;-405,78125;-443,53125;-484,375;-490,28125;-368,0625;-442,46875;-527,1875;-398;-347,9375;-318,8125;-470,03125;-239,3125;-355,71875;-400,28125;-279,9375;-390,34375;-338,875;-411;-170,3125;-451,625;-289,3125;-251,40625;-199,34375;-251,34375;-502,46875;-362,78125;-467,1875;-434,5625;-465,90625;-489,625;-437,28125;-456,78125;-318,6875;-487,71875;-445,8125;-429,46875;-455,71875;-432,53125;-309,1875;-416,625;-181,375;-99,8125;-179;-330,40625;-142,875;-170,03125;-71,53125;85,09375;-18,96875;144,4375;28,875;221,1875;198,15625;-144,28125;154,34375;-258,5;5,875;-117,09375;-17,03125;19,3125;-42,875;-54,1875;-142,25;58,8125;225,71875;-198,1875;-118,8125;-127,40625;-32,75;-183,8125;-311,25;-86,4375;4,96875;-167,0625;-128,375;38,25;-254,0625;-195,59375;-31,34375;-198,46875;11,625;151,34375;-29,25;-23,15625;-72,96875;-82,71875;25,96875;-94,9375;-115,59375;54,71875;54,28125;-31,125;-95,59375;-37,15625;6,4375;-109,03125;-179,375;43,03125;-32,9375;-63,3125;24,4375;-96,3125;68,4375;-42,09375;-225,21875;-131,375;21,8125;6,8125;-4;31,71875;32,03125;23,8125;24,1875;49,875;-82,3125;217,59375;12,71875;-74,1875;88,46875;77,6875;164,28125;238,8125;178,8125;155,875;18,15625;49,875;168,375;46,40625;120,625;118,875;72,8125;41,65625;79,53125;23,65625;241,25;-135,90625;-42,15625;120,65625;173,125;-127,59375;-167,0625;69,3125;-118,28125;-69,3125;-120,6875;61,46875;57,53125;19,34375;-160,21875;-11,21875;-39,5625;-270,96875;-365,0625;-241,625;-214,34375;-87,25;-144,09375;-331,15625;-369,78125;27,875;-396,5625;-112,59375;-274,15625;-291,9375;-210,03125;-118,5625;-147,46875;-284,40625;-91,8125;-245,5625;-162,4375;-134,46875;-192,875;-186,75;-293,75;-137,96875;-214,59375;-167,875;-210,8125;-348,375;-245,1875;-260,21875;-235,09375;-297,46875;-99,125;-313,625;-238,84375;-101,34375;-281,5;-318,84375;-350,1875;-108,125;-78,28125;-271,65625;-319,25;-481,59375;-325,21875;-255,6875;-271,125;-309,15625;-199,03125;-40,71875;179,9375;-43,1875;-268,3125;-169,5625;-353,09375;-190,28125;10,84375;121,6875;-224,25;3341,25;-597,5;-144,3125;54,71875;-45,15625;-2,5;-486,75;95,09375;-199,375;233,4375;35,15625;6,625;675;297,15625;-83,96875;412,84375;-327,625;-136,71875;102,875;56,71875;-68,71875;651,1875;430,5625;-77,625;-19,21875;-207,5;-86,875;116,4375;-30,46875;106,65625;-140,21875;91,9375;-76,71875;-80,78125;78,75;25,9375;8,15625;186,1875;-145,53125;69,75;-95,21875;21,09375;-119,59375;-97,09375;
-73,53125;76,75;-988,8125;-256;-7,8125;-24,28125;-413,875;-91,53125;-86;4,46875;-50,15625;-137,1875;-90,8125;-291,5625;86,9375;8,8125;-98,3125;-1406,125;-59,46875;-209,5;-184;-369,3125;900,375;728,5;-191,65625;-317,53125;-340,4375;-84,75;-81,53125;-130,15625;-6,75;-209,46875;42,09375;-392,1875;-273,75;-270,8125;-158,34375;-191,28125;-143,28125;-301,5;-244,84375;-434,53125;-236,09375;-285,1875;-246,71875;-299,03125;-179,90625;-312,65625;-341,625;-26,625;-60,375;-136,75;-149,40625;-458,375;133,09375;-250,6875;-348,4375;-151,90625;-304,03125;-382,96875;-461,78125;-422,5625;-185,9375;-353,34375;-373,15625;-133,4375;-225,65625;-350,84375;-410,21875;-121,625;-319,5625;-375,8125;-387,03125;-111,25;-462,46875;-270,375;-276;-439,25;-193,125;-224,625;-168,15625;-214,1875;-469,3125;-317,5625;-221,8125;-369,8125;-397,3125;-193,65625;-446,84375;-303,84375;-386,8125;-352,9375;-566,8125;-493,625;-163,40625;-436,65625;-405,25;-368,125;-350,25;-357,375;-440,65625;-501,40625;-419,65625;-272,96875;-169,6875;-371,5625;-252,4375;-304,28125;-272,84375;-50,59375;76,96875;64,96875;43,8125;105,75;-39,75;73;-232,1875;107,1875;159,625;-101,375;-270,46875;-118,8125;8,0625;32,375;-159,375;-145,5;11,5;15,28125;182,875;10,09375;16,25;-53,9375;-13,65625;108,875;64,21875;113,8125;-45,03125;-126,21875;78,21875;-1,59375;26,0625;-3,15625;-2,90625;-2,3125;-66,71875;-50,375;115,46875;-52,375;-16,875;0,46875;-129,5625;143,03125;-41,75;61,5625;54,53125;-176,09375;-23,65625;-37,875;-49,65625;-165,125;37,90625;-21,90625;34,34375;37,5625;-49,5625;243,65625;52,0625;75,4375;134,40625;-273,03125;124,21875;164,21875;-117,84375;39,84375;128,5625;239,96875;2,59375;118,34375;35,28125;-77,0625;364,28125;-8,125;3,59375;190,96875;147,90625;227,65625;17,09375;132,375;117,53125;295,4375;294,65625;224,40625;176,6875;28,8125;12,34375;42,875;89,90625;-94,9375;130,03125;103,1875;122;47,9375;126,375;-47,90625;3,25;-3,5;93,28125;-77,125;-46,625;77,40625;58,1875;-107,46875;-259,25;-182,09375;-350,53125;-236,0625;111,34375;-112,21875;-23,28125;76,0625;-174,0625;65,4375;-219,4375;19,375;-250,375;-122,90625;4,375;-385,65625;-161,71875;-300,4375;-243,6875;-186,5;-190,0625;-233,71875;-220,59375;-75,5625;3,875;-184,125;-70,46875;-132,4375;-159,6875;-61,40625;-240,53125;-238,375;-290,21875;-259,78125;-259,875;-119,75;-464,5;-355,5625;-329,21875;19,65625;-300,34375;-180,09375;-248,03125;5,375;-40,15625;-203,03125;-460,84375;-70,78125;-32,28125;-262,3125;-78,4375;58,875;34,59375;-19,125;-196,4375;-66,75;-343,5;1310,78125;-179,71875;51,46875;-169,3125;178,21875;117,625;576,46875;-14,34375;-32,28125;54,59375;27,65625;72,8125;168,75;129,9375;-0,46875;16,40625;268,59375;-81,5625;-104,4375;416,875;154,75;40,59375;62,53125;-16,34375;332,84375;-151,46875;3832,28125;1451,25;-3271,4375;147,21875;64,75;-221,78125;3271,6875;-171,40625;-44,03125;235,78125;-801,75;-51,3125;-4,625;152,9375;-298,84375;96,59375;-60,34375;116,625;77,34375;156,84375;-34,09375;122,375;-127,78125;-109,46875;-86,21875;
-278,53125;-194,84375;5,53125;-144,96875;-199;-281,65625;-433,53125;7,84375;-300,5;-368,875;-60,0625;61,34375;-379,8125;-27,21875;-189,84375;-277,84375;365,375;-324,84375;-313,09375;-332,09375;-102,65625;-111,875;-379,5;-351,21875;-132,21875;-12,125;-219,40625;-144,1875;-371,9375;-302,21875;-378,03125;-261,8125;-236,15625;-384,90625;-328,8125;-267,6875;-262,78125;-294,09375;-296,6875;-366,5625;-157,84375;-311,28125;-287,59375;-47,53125;-323,03125;-240,78125;-143,6875;-429,40625;-446,03125;-466,96875;-187,03125;-196,71875;-227,6875;-324,5625;-226,53125;-558,3125;-282,1875;-346,0625;-333,09375;-257,25;-300,21875;-337,21875;-345,96875;-203,9375;-354,15625;-433,28125;-428,34375;-311,46875;-526,78125;-306,78125;-366,09375;-426,3125;-535,84375;-419,6875;-554,90625;-290,8125;-417,15625;-233,90625;-254,9375;-380,625;-298,65625;-157,5;-451,46875;-446,90625;-358,8125;-124,6875;-454,03125;-426,0625;-374,28125;-504,53125;-485,1875;-635,375;-486,125;-226,875;-379,46875;-433,75;-294,90625;-414,9375;-455,28125;-496,96875;-245,84375;-483,6875;-296,21875;-169,875;-402,84375;-693;-615,5;-509,9375;-161,90625;-65,125;-44,65625;12,90625;25;-0,125;9,15625;-55,21875;-56,09375;-33,53125;-48;-335,59375;-64,0625;-314,375;-123,84375;-188,5625;-164,78125;-220,78125;-178,625;18,53125;-333,46875;-25,59375;-16,59375;109,59375;-153,4375;-134,53125;-62,9375;-176,5;-49,375;43,84375;-201,9375;-135,15625;-78,6875;-21,4375;-114,71875;-226,5;-148,9375;-158,15625;-305,6875;-107,53125;-122,65625;-110,375;-290,03125;-123,28125;-52,09375;55,65625;-233,28125;-62,25;31,09375;-425,625;-140,09375;-5,5;-323;-100,78125;-120,46875;-299,84375;-38,03125;-190,8125;-173,3125;1;-145,4375;-83,84375;-164,75;-218,40625;-80,96875;120,03125;-80,21875;39,75;-45,625;69,78125;200,34375;-111,84375;-42,40625;19,9375;146,03125;-27,71875;191,625;295,28125;187,59375;145,09375;54,4375;-229,0625;116,21875;1,03125;158,46875;99,8125;89,15625;95,0625;19,65625;56,34375;-33,15625;107,34375;51,5;-17;-230,3125;-46,25;-57,25;-31,5625;9,6875;-276,28125;-16,59375;-33,5;-82,59375;-75;-196,25;-112,15625;-149,5625;-24,90625;-100,0625;-168,78125;-206,71875;-234,125;-141,1875;-269,28125;-301,65625;-201,84375;-226,46875;-290,59375;-256,375;-43,5;-370,0625;-149,25;-285,40625;-80,53125;-141,84375;-390,65625;-261,46875;-174,34375;-307,21875;-269,09375;-242,78125;-274,78125;-497,5;-282,0625;-279,03125;-175,40625;-217,09375;-287,46875;-230,6875;-232,71875;-328,625;-213,75;-270,65625;-267,78125;-166,625;-187,0625;-211,375;-211,40625;-381,375;-434,90625;-573,75;-257,15625;-194,34375;10,8125;-215,53125;-204,21875;-478,3125;-277,46875;-241,65625;-89,875;-295,15625;-109,90625;75,71875;142,375;0,125;188,71875;-62,0625;-2220,53125;198,875;-28,125;262,96875;243,84375;-78,84375;69,71875;41,875;90,0625;345,15625;-72,34375;88,75;-3478,8125;580,34375;-135,75;1528,4375;-201,25;-146,25;-314,28125;204;-149,65625;140,4375;-318,75;-83,625;-46;97,34375;-180,03125;-245,4375;263,4375;47,6875;-39,40625;163,125;327,15625;9,21875;44,875;-229,59375;-76,03125;23,34375;-97,6875;-293,0625;-33,84375;-87,09375;-110,96875;-128,71875;-69,3125;
-77,3125;199,75;311,90625;-3,5625;66,28125;-220,96875;-198,34375;-114,1875;172,40625;69,3125;115,03125;19,0625;-27,3125;287,5625;-8,71875;119,15625;123,125;-6,3125;135,90625;-221,375;-63,15625;20,0625;25,6875;-219,0625;-121,25;-135,40625;-168,03125;-173,5625;-208,875;-8,75;-50,375;-285,0625;-229,03125;388,125;1636,84375;-204,4375;-203,15625;-130,375;5,65625;-100,28125;-62,5625;-156,125;-224,71875;-225,1875;-267,96875;-39,59375;-164,34375;-114,125;-145,40625;-227,5;-40,375;-144,5625;-72,59375;-74,03125;-158,25;-267,46875;-188,59375;-334,5625;-138,59375;6,8125;-170,84375;-186,625;-108,6875;-390,625;-264,40625;-418,0625;-187,03125;-394,125;-311,96875;-488,84375;-393,625;-341,6875;-397,5;-234;-243,375;-262,375;-214,59375;-319,53125;-200,53125;-113,90625;-236,96875;-495,5;-289,96875;-341,59375;-222,0625;-130,75;-54,96875;-297,65625;-222,90625;-219,4375;-467,4375;-431,28125;-146,59375;-243,28125;-211,15625;-188,9375;-346;-121,46875;-428,25;-409,34375;-130,1875;-473,96875;-269,9375;-406,875;-281,6875;-239,1875;-173,90625;-79,53125;-50,4375;-23,34375;88,9375;175,28125;204,8125;121,5;10,5;69,5;279,65625;243,65625;45,40625;187,6875;-34,5625;15,8125;7,4375;-16,28125;-13,625;-20,3125;25,03125;-6;-131,15625;-3,09375;177,15625;180,65625;45,59375;101,8125;-50,875;0,09375;-157,3125;207,90625;46,75;129,90625;103;-73,15625;-41,375;13,75;112,0625;80,875;128,65625;53,625;-167,59375;94,9375;-129,625;-80,1875;236,75;13,1875;4,34375;90,53125;80,53125;42,625;-40,96875;-44,03125;-66,53125;-53,125;-109,6875;-56,3125;64,25;23,84375;-37,0625;110,375;105,71875;-18,34375;144,0625;-53,875;53,28125;67,21875;9,3125;113,4375;59,84375;158,53125;177,21875;131,75;-64,40625;300,34375;172,34375;425,46875;308,40625;237,25;400,0625;336,0625;133,1875;104,625;179,09375;227,9375;249,9375;113,15625;305,84375;-7,90625;265,875;216;155,03125;321,4375;242,5;196,0625;168,5625;60,25;-169,9375;96,3125;-65,5625;38,40625;311,65625;173,875;265,625;-45,90625;282,59375;39,21875;-30,46875;133,125;-122,5625;-105,125;-53,84375;-3,25;-107,25;9,1875;259,4375;42;118,53125;203,3125;-57,21875;-103,1875;-320,6875;83,65625;-259,65625;-194,25;-277,40625;-85,4375;84,96875;-4,1875;-10,40625;-61,15625;-270,375;51,0625;-125,90625;27,3125;-251,78125;-81,84375;-173,75;-22,46875;-233,03125;-168,9375;-259,8125;-130,28125;-17,375;-165,34375;-210,65625;-172,5625;-227,1875;-79,125;-268,96875;-37,21875;-74,25;-231,875;13,96875;0,28125;-99,875;-153,6875;-223,3125;-65,375;41,1875;-97,5;195,875;9,09375;46,75;-41,96875;52;116,03125;373,375;276,15625;442,75;111,28125;477,90625;421,15625;85,96875;-153,8125;438,1875;432,5625;144,3125;279,34375;440,34375;349,03125;-29,59375;330,03125;715,28125;359,9375;240,375;105,75;11,71875;183,28125;204,25;3725,75;-42,78125;357;422,3125;29,875;-58,96875;143,375;420,59375;81,875;85,09375;43,90625;46,84375;85,1875;139,5;52,65625;1713,1875;-2616;250,125;65,84375;37,8125;16,25;133;69,34375;
24,78125;-24,53125;-198,34375;-144,8125;-174,71875;46,71875;-68,34375;-312,65625;-297,25;-227,875;-51,78125;-38,96875;14,71875;-1699,59375;291,3125;-214,90625;-40,5625;-34,71875;-39,03125;-279,46875;-44,625;-69,28125;-298,03125;-304,78125;-280,53125;-165,8125;-350,125;-410,46875;-173,1875;-179,5625;-521,1875;-229,1875;-64,1875;-309,84375;-395,625;-146,78125;-422,84375;-346,65625;-348,40625;-234,6875;-263,8125;-190,6875;-261,5;-408,0625;-225,28125;-275,375;-249,6875;-382,34375;-472,46875;-325,375;-129;-194,53125;81,96875;-293,3125;-245,59375;-235,375;-327,125;-128,28125;-349,53125;-290,03125;-396,5625;-182,96875;-213,625;-336,34375;-356,1875;-402,5;-185,09375;-314,1875;-552,65625;-191;-563,84375;-416,40625;-486,34375;-521,21875;-255,125;-644,03125;-463,8125;-309,28125;-413,09375;-466;-349,03125;-310,84375;-427,78125;-309,5625;-241,625;-147,5625;-172,34375;-47,75;-386,375;-473,375;-439,375;-616,09375;-488,4375;-463,4375;-411,21875;-466,78125;-528,46875;-472,71875;-619,5;-535,875;-575,46875;-430,59375;-361,53125;-445,59375;-599,875;-297,21875;-371,84375;-205,9375;-18,6875;-94,03125;79,84375;-177,46875;-44,15625;-43,1875;-286,53125;276,1875;142,625;-120,15625;45,53125;-5,96875;-170,53125;-227,8125;-56,375;61,875;58,90625;-75,375;162,875;-189,375;17,96875;-87,71875;-182,40625;21,28125;-168;-59,4375;-123,84375;58,09375;-106,84375;61,46875;-172,96875;70,09375;39,96875;21,5;-37,25;-127;-228,15625;87,65625;79,5;68,96875;37,625;-175,65625;151,21875;38,96875;-65,96875;-258,75;-169,375;-119,65625;-24,03125;-124,96875;122,34375;-273,34375;-318,84375;61,59375;9,84375;-6,125;-128,75;94,125;-185,875;8,3125;-234,8125;158,25;167,59375;30,53125;32,6875;-55;6,9375;-117,28125;1,96875;88,84375;14,9375;58,34375;195,375;249,5;66,28125;143,34375;-8,875;-26,46875;147,03125;92,21875;190,96875;59,125;237,84375;165,75;202,6875;326,59375;68,53125;215,625;138,90625;204,03125;144,84375;277,9375;175,8125;48;45,0625;-202,625;-65,4375;8,84375;-145,34375;-268,90625;28,9375;44,84375;97,71875;-13,1875;46;47,125;-73,09375;-1,96875;-172,4375;45,6875;-45,0625;-48,15625;-124,15625;-7,28125;0,5625;86,1875;-115,5;-193,8125;-70,28125;-110,0625;-31,125;-148,9375;-70,5625;-167,5625;-98,09375;-175,03125;-218,625;-92,03125;-99,4375;-151,4375;-226,5625;-110,34375;-141,1875;-166,0625;66,15625;-85,90625;-234,5;-180,65625;122,5;-80,625;-328,34375;40,875;-321,34375;-24,28125;-199,65625;-79,6875;-132,21875;-229,21875;-1,65625;86,375;-42,59375;-129,03125;-271,34375;-65,59375;-84,625;-24,875;-221,3125;-137,5625;53,75;-43;46,375;40,5;-167,59375;6,6875;-69,8125;-34,34375;-19,1875;216,71875;171,5;112,53125;123,5625;30;39,65625;-110,6875;81,90625;220,9375;-11,90625;11,96875;182,6875;384,96875;335,8125;-210,0625;-29,53125;100,1875;126,1875;393,3125;488,9375;214,03125;-625,90625;2116,75;59,46875;33,34375;175,90625;62,90625;84,0625;-1054,40625;141,59375;185,75;-3014,3125;430,34375;145,53125;159,8125;-40,40625;-96,40625;-79,90625;-8,59375;525,25;463,3125;-135,375;256,75;115,59375;-12,1875;
499,28125;-145,3125;-124,71875;-33,71875;65,90625;19,5625;-100,28125;58,1875;63,84375;-223,21875;-219,4375;44,0625;40,875;-2161,34375;-143,40625;75,34375;-171,09375;-330,59375;-53,125;28,9375;127,875;-145,90625;-130,4375;-14,125;-145,0625;-58,5625;31,5625;-125,25;11,8125;-329,65625;-229,78125;-172,25;-71,125;-307;-146,4375;25,34375;-155,09375;-123,34375;48,09375;8,3125;-133,46875;-158,5;-164,59375;50,65625;-125,46875;-15,9375;-295,625;-192,53125;-133,125;-86,375;-184,21875;-249,5;-109,3125;-264,46875;-108,96875;-78,46875;-213,75;-119,6875;-163,5625;-273,6875;-232,15625;-302,4375;-220,03125;-268,75;-355,6875;-279,09375;-525,09375;-304,8125;-429;-356,09375;-324,40625;-288,4375;-373,125;-241,75;-371,21875;-479,125;-234,1875;-139,71875;-243,84375;-314,34375;-255,3125;-183,59375;-334,53125;-267,875;-395,75;-166,65625;-72,3125;-253,28125;-14,78125;-218,15625;-237,75;-395,71875;-292,40625;-298,4375;-396,59375;-216,5;-291,59375;-335,65625;-236,75;-426,125;-387,53125;-623,125;-405,90625;-342,84375;-401,5;-459,78125;-393,40625;-242,3125;-155,65625;-180,53125;-214,46875;-109,71875;28,8125;63,84375;140,78125;72,1875;134,625;258,3125;47,59375;-21,9375;90,34375;98,6875;10,84375;74,90625;-100,96875;121,46875;129,25;14,125;-58,4375;18,875;-89,9375;20,84375;119,75;178,90625;-39,71875;-24,6875;117,84375;-78,75;-128,34375;24,03125;152,40625;28,84375;66,46875;-161,96875;85,8125;31,4375;56,25;51,25;344,125;3,6875;-49,375;-51,84375;-25,8125;-308,21875;20,59375;-82,21875;-66,625;-260,4375;-188,75;95,53125;35,34375;-110,34375;176,375;-70,09375;196,875;-77,75;242,8125;194,5625;222;2,4375;38,34375;58,28125;148,15625;291,25;44,5;165,40625;12,15625;224,625;202,28125;-167;135,9375;158,21875;216,53125;323,40625;274,1875;285,96875;137,53125;164,5;172,8125;97,96875;53,625;360,75;266,21875;374;194,03125;239,6875;207,5625;-68,5625;161,3125;24,34375;206,03125;216;232,375;62,125;-62,125;342,75;197,75;-5,21875;45,71875;-133,125;85,125;42,21875;75,59375;136,6875;-249,59375;-120,8125;-77,28125;70,46875;-47,09375;-343,90625;-98,34375;30,25;130,6875;43;53,96875;-47,65625;-104,34375;-33,90625;-90,0625;41,03125;97,875;-36,28125;-126,8125;-45,21875;-7,8125;-260,6875;-72,03125;-46,15625;-123,25;-76,8125;-88,4375;-224,09375;17,71875;-44,21875;-101,40625;-128,625;-76,75;-151,96875;-197,28125;-215,84375;-116,78125;-18,9375;-141,09375;22,5625;-113,71875;8,3125;-214,96875;-113,5;-74,71875;-89,6875;-260,84375;-76,375;260,46875;-217,625;51,34375;20,625;-126,1875;-126,875;37,75;83,96875;198,125;144,6875;35,28125;29,53125;121,0625;117,65625;107,96875;244,46875;99,25;327,40625;47,53125;301,1875;114,9375;323,5625;163,125;332,1875;378,5;-31,875;85,75;386,21875;-17,1875;-229,4375;110,5;392,0625;269,46875;-932,3125;-2449,28125;-156,09375;-62,46875;65,65625;-129,84375;163,46875;378,4375;102,03125;245,46875;271,9375;421,34375;-216,53125;528,65625;193,1875;53,46875;260,53125;90,46875;-144,96875;48,90625;90,375;147,84375;51,3125;-60,96875;-54,75;
-218,21875;-227,03125;-347,09375;-307,9375;15,5;-243,21875;-134,65625;-216,25;156,5625;-148,90625;-86,15625;-352,96875;-166,90625;15,46875;-183,96875;-74,1875;-166,8125;-135,5;-28,21875;-147,46875;-201,25;-50,3125;-230,84375;-278,0625;-42,4375;-267,5;-204,59375;13,1875;-286,1875;-143,375;-301,21875;-182,8125;-85,3125;-31,78125;-193,875;-359,5625;-350,15625;-326,15625;-304,1875;-218,78125;-354,9375;-468,625;-436,15625;-284,78125;-475;-361,75;-115,34375;-170,28125;-245,25;-596,4375;-137,875;-225,15625;-218,15625;19,625;-319,40625;-355,03125;-148,90625;-436,09375;-331,375;-366,15625;-259,46875;-628,71875;-214,84375;-352,875;-398,59375;-217,8125;-509,53125;-452,625;-530,78125;-394,34375;-502,09375;-306,28125;-117,59375;-308,34375;-337,15625;-279,15625;-425,5;-290,90625;-144,875;-565,28125;-330,375;-514,90625;-189,0625;-140,71875;-221,34375;-294,8125;-380,6875;-445,125;-353,46875;-127,25;-452,75;-448,53125;-562,53125;-286,90625;-408,40625;-363,78125;-499,3125;-265,5;-430,59375;-504,15625;-443,46875;-264,8125;-408,5;-363,09375;-478,15625;-470,9375;-372,46875;-228,5625;-199;2,375;-244,65625;-30,75;117,8125;3,96875;-33,28125;123,4375;-23,8125;-18,65625;102,5;-30,5625;-200,96875;9,21875;195,625;45,40625;40,59375;-21,09375;89,78125;182,0625;-12,53125;-209,6875;-21;-125,875;110,5;74,53125;-113,65625;300,28125;-13,71875;-74,15625;77,5625;-176,1875;-107,75;-21,3125;-250,5;-176,3125;-66,5625;-78,09375;19,40625;108,8125;-88,84375;153,9375;-227,96875;12,0625;-44,625;-157,5625;-138,46875;51,8125;-214,375;-293,84375;-267,78125;-182,09375;-2,125;-129,21875;-134,90625;-123,15625;76,09375;219,03125;-58,84375;164,34375;86,25;132,84375;-32,84375;-33,53125;-101,46875;-31,125;-0,25;116,8125;117,78125;-23,59375;-73,21875;163,21875;61,6875;104,5625;115,78125;67,03125;-78,34375;129,1875;15,46875;191,03125;340,6875;293,21875;225,21875;224,71875;127,28125;200,6875;86,21875;86,125;40,34375;115,4375;246,84375;170,25;-92,9375;170,96875;185,4375;-43,46875;-43,9375;79,28125;-36,21875;-37,4375;113,375;-108,28125;9;144,96875;-6,1875;2,3125;-122,34375;-123,46875;-151,15625;41,25;-44,6875;-71,0625;-216,28125;128,90625;-150,5;-254,75;-20,96875;-216;-92,375;-60,125;-331,15625;-293,03125;-0,59375;-100,375;-55,65625;-105,75;-272,25;-366,3125;-64,84375;-92,5;-179,03125;-113,4375;-219,4375;-150,71875;-274,84375;-290,84375;-189,4375;-17,5;-389,3125;-291,78125;-107,25;-128,625;2,96875;-152,03125;-269,65625;-162,21875;-205,03125;125,71875;-138,21875;-142,53125;-327,375;-194,4375;-89,78125;-25,3125;-48,15625;-115,9375;-104,34375;-115,375;-84,6875;-214,03125;-178,40625;-20,65625;-170,3125;62,96875;-284,75;30;142,25;-149,03125;-125;-29,1875;-18;-119,5625;-74,84375;47,0625;48,5625;40,71875;100,375;-175,53125;309,09375;-2924,34375;436,09375;108,34375;56,96875;-4,34375;279,21875;112,46875;250,8125;185,75;-272,78125;298,59375;112,6875;85,65625;135,09375;154,1875;107,3125;83,53125;28,34375;-150,15625;216,8125;-244,90625;176,84375;-116,25;157,3125;2369,0625;-164,0625;31,09375;158,65625;37,21875;-52,0625;-186,5;1990,78125;-16,5;
-249,4375;160,3125;713,8125;-227,9375;-208,375;-385,78125;104,6875;174,875;154,96875;-118,34375;154,84375;505,6875;83,21875;-55,71875;-81,1875;60,09375;5,28125;-128,34375;-224,40625;-22,40625;-195,0625;-49,03125;-239,21875;-371,59375;-272,78125;-107,21875;-173,53125;-138,84375;-242,875;-126,59375;-206,09375;-215,875;-98,125;-161,21875;-176,25;-227,8125;-100,75;-243,03125;-202,25;-240,84375;-140,6875;-273,65625;-253,8125;-450,4375;-220,03125;-310,25;-129;-97,84375;-175,40625;-297,78125;4,4375;-269,53125;-95,8125;-379,78125;-277,03125;-280,9375;-379,3125;-220,09375;-416,125;-367;-414,53125;-349,78125;-378,34375;-360,6875;-666,75;-495,96875;-335,625;-474,40625;-335,5625;-559,3125;-405,5625;-469,53125;-415,625;-224,71875;-262,03125;-271,5;-138,4375;-530,03125;-215,40625;-438,125;-307,75;-461,84375;-267,75;-312,21875;-151,5;-238,65625;-297,0625;-265,40625;-267,0625;-270,53125;-440,5;-358,4375;-427,03125;-488,09375;-476,3125;-405,21875;-248,65625;-313,53125;-494,40625;-482;-530,1875;-376,375;-393,25;-241,65625;-544,0625;-408,84375;-223,59375;-126,84375;-226,9375;-265,1875;-55,125;232,0625;-37,125;-82,4375;28,5;76,3125;232,34375;-54,625;4,59375;-160,6875;-20,0625;76,96875;-24,875;49,28125;8,5625;113,96875;165,6875;201,625;-84,96875;67,5625;160,34375;122,03125;-93,5625;13,96875;2,84375;86,75;200;150,96875;95,21875;-110,875;-142,46875;14,8125;22,25;-90,0625;148,3125;139,9375;-105,0625;186,90625;-103,3125;19,28125;-104,8125;-214,78125;-73,78125;-185,75;-267,9375;46,78125;-147,65625;-86,40625;42,9375;-144,9375;1,65625;-76,53125;-184,90625;-36,84375;22,8125;39,5;-141,65625;168,28125;-1,6875;135,75;30,25;87,4375;-70,15625;235,34375;68,78125;156,40625;62,75;64,125;210,5;31,125;78,0625;225;105,1875;132,46875;192,25;342,78125;164,75;56,6875;125,375;115,46875;30,75;-171,53125;197,1875;11,34375;4,9375;101,84375;143,03125;29,03125;30,03125;-131,53125;-42,5;75,84375;134,65625;-30,53125;-19,96875;72,375;113,0625;-12,5625;81,90625;105,9375;306,4375;-1,90625;59,96875;41,875;-111,59375;-19,46875;-107,75;-118,25;10,96875;40,3125;3,34375;15,78125;-46,5625;42,5625;-279,6875;-81,15625;-242,625;-91,21875;-95,15625;-170,78125;-96,875;-177,65625;-97,25;-257,59375;-100,6875;-185,09375;-260,84375;-133,34375;30,75;-368,5;-147,84375;-201,125;-180,9375;-268,15625;-152,5625;-20,5;-226,25;28,875;46,0625;-175,78125;-221,0625;-290,40625;-275,28125;-62,125;-317,15625;-117,84375;-230,03125;-88;-243,84375;-199,4375;-244,15625;-283,96875;-158,46875;-64,5;-128,75;-296,09375;-117,21875;783,625;-45,5625;40,4375;-111,15625;-103,71875;90,5625;193,59375;5,53125;71,6875;4,03125;373,5;-94,4375;44,9375;201,84375;59,90625;28,8125;-123,21875;-21,84375;18,90625;-42,96875;422,90625;276,84375;101,15625;223,09375;96,5625;-69,875;296,6875;-843,53125;-99,34375;347,71875;-100,1875;175,125;2,1875;202,9375;9,6875;270,40625;-67,78125;-120,1875;277,5625;-260,46875;9,59375;183,5;8;67,90625;-103,5625;-88,8125;141,875;-175,28125;29,15625;69,90625;-265,59375;-64,3125;74,25;
-127,21875;-167,75;-168,46875;63,9375;-502,34375;-164,5625;-476,96875;-468,78125;-128,875;-741,8125;-148,9375;-238,25;-179,625;-286,71875;-27,125;-2097,59375;-168,96875;-413,28125;-194,875;-230,1875;-138,96875;-327,375;-67,25;51,65625;-239,53125;-66,90625;-356,40625;-58,9375;-143,0625;31,125;-315,71875;-227,34375;-366,09375;-309,375;-249,9375;-191,71875;-134,78125;-150,53125;24,78125;-35,34375;-186,28125;-210,0625;63,78125;-129,5625;-330,09375;-241,09375;-101,59375;-103,125;-131,75;-370;-73,25;-334,6875;-295,78125;-383,71875;-267,25;-380,8125;-313,90625;-198,875;-284,65625;-338,6875;-345,3125;-257,4375;-326,6875;-305,34375;-499,25;-429,28125;-429,375;-449,53125;-432,78125;-358;-405,78125;-444,5;-435,90625;-484,78125;-485,6875;-479,40625;-376,40625;-307,09375;-217,34375;-359,75;-439,53125;-225,0625;-239,9375;-400,4375;-312,96875;-292,0625;-155,84375;-485,8125;-276,125;-408,53125;-471,625;-314,59375;-314,65625;-253,59375;-406,96875;-477,46875;-347,84375;-424,21875;-157,59375;-259,9375;-380,53125;-346,84375;-468,71875;-354,3125;-431,625;-429,8125;-364,09375;-257,125;-148,78125;-126,03125;-27,875;80,3125;23,46875;-2,65625;-127,0625;184,9375;-32,75;-215,8125;271,59375;-92,84375;-7,46875;-40,25;-73,03125;-160,03125;-85,375;47,03125;53,84375;8,375;-35,71875;160,5625;19,65625;27,25;-98,3125;92,28125;-34,625;-25,15625;56,625;-76,9375;-192,9375;-152,625;6,875;88,375;93,4375;48,15625;245,3125;63,375;-162,4375;92,75;-3,1875;-106,125;30,28125;63,59375;-92,5625;105,78125;-205,90625;-143,71875;-90,125;-91,84375;-167,21875;-184,21875;-68,9375;-177,3125;-9,9375;-63,34375;64,84375;-13,71875;33,5625;20,25;-77,34375;126,5625;29,9375;-31,59375;-80,78125;57,53125;75,1875;-95,78125;94,625;154,9375;128,8125;45,3125;221,875;163,09375;64,40625;97,15625;-28,625;117,96875;123,09375;-11,3125;209,1875;165,6875;98,5625;-36;32,84375;225,09375;309,875;95,34375;35,78125;143,28125;314,875;183,46875;-34,09375;38,78125;22,6875;-29,59375;-190,875;209;-106,5625;-132,96875;80,3125;-49,96875;133,75;-189,96875;-116,625;-53,90625;-143,9375;38,6875;-106,96875;-391,40625;-219,4375;-21,0625;-53,15625;-36,0625;29,125;-173,40625;-38,03125;-141,4375;-182,59375;-192,78125;32,5625;-117,65625;-161,46875;-146,0625;-150,6875;-267,21875;-114,25;-395,625;-463,375;-113,125;-142,8125;-228,375;-81,15625;-154,625;-225,53125;-258,5625;-151,8125;-99,65625;-63,125;-440,90625;-286,59375;-264,21875;-168,84375;-89,0625;-105,21875;-75,09375;-198,5;-178,875;-126,25;-141,25;70,375;-101,46875;-49,5625;9,125;-115,59375;-304,84375;-228,09375;19,9375;4,3125;-239,25;-164,96875;-11,96875;-93,34375;-23,125;-130,5625;-210,5;2,5;32,0625;150,28125;40,09375;-33,03125;-21,6875;-141,40625;2747,46875;-108,75;-77,25;38,9375;232,90625;372,875;240,28125;509,78125;-2534,875;-8,40625;259,875;57,6875;-77,90625;-68,875;78,25;96,375;112,5;147,96875;95,3125;150,6875;196,875;-8,21875;93,40625;252,34375;17,59375;163,625;-199,875;-135,3125;-300,65625;-297,21875;71,125;-91,75;31,6875;88,5625;243,53125;85,8125;-105,5;114,46875;-66,6875;
-284,3125;28,78125;-119,6875;-140,875;-110,875;-101,90625;326,46875;-87,34375;-276,84375;-254,15625;-184,6875;113,71875;-327,8125;107,46875;-141,78125;-94,59375;-259,0625;-283;526,09375;-257,65625;-29,21875;-191,1875;-299,5625;-133,15625;-97,375;-334,6875;-158,5625;-298,78125;-202,09375;-153,96875;-276,03125;-477;-191,53125;-254,75;-78,875;-320,53125;-118,21875;-347,84375;-334,40625;-235,5625;-289,71875;-329,96875;-257,78125;-248,125;-379,75;-226;-381,53125;-269,375;-326,4375;-42,3125;-301;-173,9375;-202,40625;-342,25;-489,96875;-342,28125;-359,1875;-344,46875;-237,1875;-186,03125;-233,1875;-416,25;-491,46875;-333,4375;-403,46875;-391,53125;-280,875;-512;-598,4375;-492,625;-476,75;-442,5;-395,8125;-324,6875;-356,625;-382,96875;-488,71875;-235,15625;-341,4375;-424,125;-405,5625;-565,5625;-474,3125;-387,125;-181,625;-204,96875;-325,5625;-373,125;-151,75;-302,4375;-239,4375;-395,75;-391,34375;-377,0625;-364;-470,875;-217,34375;-368,375;-401,4375;-401,78125;-493,53125;-313,96875;-500,03125;-437,59375;-494,8125;-424,90625;-328,21875;-150,5;-24,96875;-7,34375;-71,90625;72;102,59375;63,96875;123;123,28125;49,4375;-108,6875;59,25;34,28125;146,15625;92,9375;44,53125;229,84375;40,71875;-62,15625;-20,375;196,03125;-40,03125;77,9375;105,53125;30,5625;36;128,3125;-82,03125;63,78125;-194,5625;-157,8125;0,78125;-75,40625;-23,46875;-156,0625;-292,5;-149,6875;-66,875;119,5625;-67,53125;43,40625;-133;40,15625;-153,375;151,5;-176,5625;-123,15625;16,25;-185;-27,1875;-140,6875;-168,625;-144,03125;-22,1875;152,75;92,71875;-167,65625;-181,4375;92,6875;28,59375;111,34375;-29,1875;-41,71875;184,65625;14,09375;-69,4375;-10,0625;98,1875;-198,34375;75,125;-130,96875;174,21875;42,71875;-61,9375;226,875;133,40625;74,03125;-100,625;484,25;3,34375;363,59375;103,9375;178;129,0625;-21,96875;78,65625;100,125;234,25;208,09375;178,40625;-77,5;315,09375;29,6875;120,65625;42,59375;-24,53125;134,5625;14;-137,34375;-159,5625;-93,96875;202,71875;3,28125;-37,875;-206,84375;-111,1875;-45,5625;-131,9375;-300,59375;41,125;59,6875;-102,15625;-209,59375;-140,21875;-274,46875;-165,71875;-15,3125;-272,53125;-119,8125;-189,5625;-44,46875;-154,3125;-361,6875;-103,4375;-390,65625;-24,5;12,375;-263,96875;-280;-250,15625;-113,8125;-181,53125;-66,34375;-281,25;-380,25;-290,65625;-5,53125;-165,53125;-207,09375;-179,53125;-240,46875;-340,09375;-201,46875;13,96875;-311,75;42,25;-154,09375;-106,78125;-374,5;21,15625;-146,34375;-8,25;-271,09375;-385;-141,375;-47,40625;-188,71875;-18,84375;-58,71875;-159,53125;16,125;-216,25;-57,8125;-108,90625;-37,65625;16,4375;-58,4375;-202,15625;93,1875;-19,96875;40,71875;-28,40625;-25,25;-147,84375;165,1875;57,3125;-26,40625;113,65625;204,65625;-182,9375;86,28125;116,59375;415,59375;174,34375;73,53125;27,9375;51,125;3051,84375;235,9375;-35,9375;87,34375;-118,09375;192,84375;339,9375;96,53125;85,90625;-91,34375;303,6875;-66,71875;-94,53125;2591,1875;-581,8125;47,375;103,125;92,75;-13,75;48,34375;185,46875;-117,3125;-2929,625;147,625;10,15625;102,71875;
-275,84375;-326,46875;-128,71875;-232,59375;-133,625;-221,0625;-37,0625;-396,3125;-175,46875;105,5;-95,09375;-198,0625;-524,09375;-324,5;-161,40625;-198,03125;60,1875;-181,90625;-267,375;-175,875;-453,375;-321,1875;-171,65625;-138,4375;-311,09375;-277,5;-240,375;-98,8125;-192,71875;-264,96875;-304,65625;-31,25;-173,46875;-74,8125;-277,3125;-119,375;-326,53125;-427;-205;-315,1875;-266,625;-252,53125;-429,625;-160,625;-178,5;-267,03125;-279,40625;-162,5625;-464,28125;-209,65625;-161,21875;-349,3125;-398,6875;-293,34375;-434,9375;-314,3125;-130,3125;-219,46875;-380,5625;-523,78125;-243,78125;-241,125;-486,5625;-261,375;-407,34375;-645,4375;-531,25;-492,25;-442,4375;-546,75;-337,25;-281,0625;-308,09375;-361,6875;-375,375;-440,09375;-444,0625;-19,625;-457,71875;-291,75;-358,4375;-357,5625;-398,03125;-353,875;-265,84375;-281,78125;-394,59375;-533,6875;-384,46875;-327,8125;-444,28125;-548,65625;-515,75;-519,1875;-214,71875;-525,71875;-702,875;-597,9375;-409,96875;-578,78125;-567,375;-451,96875;-306,75;-381,875;-299,25;-297,46875;-252,59375;-208,1875;-209,03125;-177,1875;-146,40625;-20,875;25,9375;193,125;43,8125;-159,9375;234,875;-179,84375;-75;-94,0625;-135,90625;-126,4375;-129,9375;-162,53125;-147,25;0,125;-81,75;207,03125;-105,34375;133,96875;21,125;237,84375;-28,875;350,09375;-54,90625;90,53125;118,03125;-105,5625;-183,78125;-74,1875;-89;-172,40625;-47,90625;-98,46875;15,59375;-86,78125;-5,34375;8,84375;-37,78125;33,21875;-157,71875;0,375;-113,625;-75,78125;-309,3125;-1,8125;-163,96875;-54,46875;35,0625;-128,28125;87,3125;101,90625;-123,65625;-7,625;274,71875;-179,9375;-32,5625;75,1875;114,4375;14,21875;138,59375;114,09375;43,3125;-14,84375;135,65625;110,53125;-89,875;110;-186,375;-64,75;-35,40625;63,09375;197,40625;146,53125;23,34375;10,84375;195,6875;-52,125;-168,875;131,78125;119,6875;43,625;40,65625;84,28125;160,96875;141,40625;136,0625;78,78125;87;37,5;-28,03125;79,46875;-6,5625;-34,6875;133,46875;-85,5625;-34,71875;220,5;-35,3125;-29;-72,9375;-88,8125;-146,125;-114,59375;11,15625;-124,84375;-80,34375;94,1875;-78,46875;-25,25;-170,25;-109,8125;-42,96875;-131,0625;-145,40625;-245,9375;-334,8125;-177,59375;-291,53125;-110,28125;-83,71875;-370,59375;-365,21875;-173,875;-187;-262,78125;-262,28125;-132,3125;-171,375;-209,03125;-272,625;-134,65625;-366,21875;-222,21875;-214,375;-119,46875;-241,03125;-174,8125;-270,96875;-219,8125;-60,28125;-180,53125;-265,25;-142,59375;-230;-189,59375;-199,1875;-223,21875;-208,5625;-298,8125;-98,78125;-138,625;-489,53125;-30,46875;17,875;-311,84375;-155,1875;-84,5;-184,3125;103,5;-39,84375;-31,53125;30,96875;-166;-136,46875;-15,09375;17,5625;-322,53125;195,5625;81,125;-69,40625;88;-53;213,9375;168,75;46,9375;8,34375;176,875;289,84375;-292,34375;11,5625;13,3125;169,1875;37,40625;-114,75;192,6875;230,59375;8,46875;53,375;101,46875;-3067,03125;-351,59375;70;-25,3125;-24,3125;50,5625;39,28125;40,25;-800,46875;248,03125;-314,3125;2295,53125;-81,875;13,28125;45,125;27,0625;343,9375;-199,34375;233,84375;-269,96875;
-203,78125;-275,34375;-13,46875;-192,0625;-41,75;14,09375;-393,1875;-169,9375;166,34375;-130,40625;181,71875;-305,3125;1829,375;-340,375;-149,0625;-221,5625;-175,21875;-96,90625;-164;-69,1875;182,96875;-184,15625;-254,90625;-20,6875;-128,25;-90,75;-154,3125;57,40625;-94,65625;-92,28125;-147,65625;-309;23,28125;-171,875;-143,28125;-138,40625;-156,65625;-3,34375;-249,40625;-155,59375;-144,03125;-123,8125;-103,40625;-106,90625;-283,625;-79,9375;-37,40625;-443,375;-163,3125;-175,21875;-129,9375;-163,65625;-129,3125;-214,625;-344,03125;-261,125;-222,84375;-121,53125;-242,28125;-126,59375;-382,65625;-221,71875;-230,25;-299,40625;-212,375;-612,96875;-405,75;-525,3125;-517,59375;-238,28125;-368,40625;-375,625;-211,40625;-383,65625;-255,21875;-247,8125;-201,09375;-426,9375;-397,375;-356,4375;-288,59375;-299,4375;-246,875;-520,40625;-475,375;-441,875;-180,5;-306,375;-510,78125;-415,09375;-739,28125;-567,21875;-474,78125;-320,90625;-351,53125;-249,28125;-345,0625;-414,46875;-412,46875;-379,875;-452,78125;-432,59375;-437,8125;-316,6875;-435,5;-346,90625;-462,15625;-243,3125;-140,84375;30,6875;-78,71875;-6,875;-4,59375;-34,90625;168,5;-275,4375;63,875;157,0625;92,53125;200;-97,375;34,46875;169,875;180,8125;71,40625;173;-118,28125;73,1875;65,4375;187,8125;159,875;40,46875;184,28125;295,09375;112,09375;-40,59375;9,21875;-12,8125;25,1875;-313,46875;-66,375;-37,625;-152,125;-143;-256,71875;229,28125;172,5625;-133,90625;171,90625;13,4375;13,90625;67,96875;-61;-57,8125;64,03125;-78,53125;-341,5;-146,9375;-157,53125;-133,90625;82,9375;-148,375;-38,03125;-143,03125;83,65625;30,125;42,8125;-173,53125;261,3125;-13,15625;127,6875;3,96875;-216;-31,03125;10,84375;-35,8125;-117,5;41,25;-106,25;-36,1875;80,34375;230,03125;183,5625;152,21875;323,4375;100,0625;101,375;91,6875;252,25;195,75;4,96875;132,53125;162,9375;187,3125;108,625;133,8125;-164,03125;-58,875;157,1875;138,4375;132,375;-196,4375;96,03125;-147,375;26,0625;-58,6875;178,96875;-48,3125;-56,40625;-122,59375;-110,03125;-220,59375;105,625;16,59375;37,03125;-15,34375;23,875;-189,0625;-128,0625;-132,6875;-177,0625;-351,65625;-34,84375;-195,625;-175,8125;-9,59375;-110,25;-15,09375;50,3125;14,96875;-304,25;-147,78125;-28,125;-213,03125;-34,375;-185,40625;-157,09375;-177,15625;-252,34375;-191,375;-186,28125;-103,3125;-119,1875;-113,96875;-144,46875;-358,90625;-119,78125;-175,6875;-251,90625;-150,75;-26,375;-110,09375;-147;-118,15625;-29,5;43,15625;-222,71875;75,5625;-315,78125;-154,5625;-264,90625;-199,71875;-207,09375;-118,46875;-90,875;170,40625;-79,28125;90,25;-119,96875;-110,28125;-106,125;-35,21875;-79,0625;-107,1875;5,125;-136,8125;256,1875;170,8125;-1398,34375;38,9375;13,21875;-68,28125;4,90625;-3,46875;161,5625;12,53125;119,28125;150,375;124,84375;31,0625;72,90625;-63,3125;-9,9375;203,78125;116,3125;162,75;161,3125;-151,875;-5,59375;259,3125;3858,1875;-232,65625;-329,9375;7,5625;27,71875;43,09375;253,3125;177,09375;-177,28125;55,15625;191,71875;44,625;72,09375;1077,59375;143;130;-91,46875;176,46875;185,5;4,9375;
-166,5625;-170,15625;-85,03125;255,65625;125,84375;-158,78125;184,75;-25,40625;-52,6875;-232,65625;416,78125;-228,53125;-256,4375;-80;-38,28125;-179,875;-15,65625;-105,40625;-25,40625;-157,5;224,875;1,875;-154,5625;-239,6875;-66,09375;155,5;-118,15625;-126,96875;-299,84375;38,15625;-91,15625;-39,75;-5,15625;-63,59375;14,375;-173,65625;139,25;12,4375;20,09375;-60,28125;-192,28125;68,28125;14,90625;-79,40625;-152,8125;141,59375;-46,625;-39,96875;-45,625;-55,875;91,125;-205,59375;-114,03125;29,09375;-122,875;-82,03125;-117,59375;-350,71875;-114,53125;-112,0625;-31,15625;-217,1875;-234,15625;-117,34375;-332,625;-237,84375;-513,53125;-331,15625;-304,875;-191,25;-312,375;-116,40625;-295,5;-340,09375;-422,21875;-279,46875;-27,21875;-387,40625;-263,90625;-285,15625;-243,53125;-235,78125;-241,9375;-270,3125;-272,84375;-296,3125;-181,46875;-230,8125;-518,3125;-226,6875;-392;-314,09375;-355,90625;-82,03125;-80,59375;-305,25;-221,40625;-126,5;-215,5;-217,625;-312,3125;-178,09375;-50,84375;-253,875;-203,71875;-156;-10,8125;26,28125;5,9375;216,28125;117,75;177,0625;42,4375;209,59375;302,59375;166,8125;181,3125;122,625;294,71875;254,4375;29,4375;53,46875;208,375;128,09375;59,125;268,5;308,40625;243,3125;176,34375;204,21875;274,09375;268,46875;211,5;162,65625;412,5625;-13,90625;337,84375;-92,3125;169,4375;113,40625;-307,5;133,875;122,5625;-34,8125;100,46875;368,15625;159,59375;150,40625;70,6875;114,6875;149,5;33,125;19,46875;36,375;90,4375;236,59375;5,0625;118,3125;68,625;51;-45,9375;78,84375;15;81,3125;138,46875;250,8125;217,9375;49,53125;253,3125;125,84375;36,375;52,5625;-35,96875;-129,09375;1,84375;47,90625;-24,75;54,46875;87,96875;107,3125;113,875;88,8125;345,53125;131,84375;137,21875;195;240,5625;278,875;106,53125;272,46875;275,59375;104,65625;265,71875;80,1875;300,78125;100,90625;419,25;233,21875;136,03125;296,8125;51,875;123,21875;-4;53,8125;-83,65625;-178,15625;171,53125;81,15625;24,5625;166,1875;249,9375;-22,40625;-7,0625;-138,96875;-118,375;39,0625;-50,09375;205,21875;-104,125;-64,03125;32,15625;-152,3125;108,09375;-264;-130,625;-213,3125;-74,5;6,125;-119,34375;-210,5;-157,78125;-63,8125;65,09375;85,0625;-94,375;22,78125;-172,90625;40,0625;131,96875;50,84375;-212,75;-121,875;-80,375;-214,8125;65,25;-275,78125;-91,59375;-104,59375;-126,53125;-183,5625;6,3125;-155,84375;-277,5625;9,875;-75,5;-20,625;-131,53125;69,78125;-180,96875;-176,1875;-65,90625;-33,4375;-73,53125;-33,71875;129,65625;-278,4375;94,5625;152,46875;58,28125;-145,875;87,28125;201,34375;-17,28125;177,875;115,15625;179,1875;302,03125;-68,46875;198,75;195,71875;6,96875;2706,875;-142,46875;361,625;311,40625;151,625;205,90625;-41,09375;9,0625;40,40625;347,625;115,90625;233,78125;282,625;147,96875;-68,53125;183;512,25;90,75;-16,875;-2609,90625;39,09375;3054,90625;191,5625;125,53125;55,1875;169,5;-56,53125;-30,375;48,25;-106,28125;208,25;164,5;404,6875;-780,84375;166,625;0,03125;188,25;-2746,90625;141,9375;
52,0625;-113,96875;-308,9375;-38,71875;-259,5625;-6,8125;-243,9375;136,34375;-105,96875;-241,78125;-31,21875;-0,125;-308,78125;132,625;-62,03125;-171,90625;-251,59375;-187,71875;-172,875;-206,75;-171,96875;46;-158,4375;-90,65625;-70,03125;14,40625;-216,5;-183,59375;-301,1875;-215,34375;-152,6875;-234,46875;-235,15625;-207,28125;-57,28125;-191,40625;-234,1875;-74,1875;-69,625;-239,78125;-358,5;-406,53125;-246,125;-332;-158,34375;-58,53125;-228,84375;-413,5;-260,96875;-355,21875;-269,90625;-412,53125;-297,96875;-238,28125;-157,9375;-309,5625;-274,21875;-364,4375;-304,21875;-421,84375;-368,4375;-498,25;-194,09375;-197,9375;-193,96875;-331,75;-461,84375;-601,0625;-482,15625;-368,90625;-415,96875;-569,75;-534,96875;-315,0625;-368,78125;-588,9375;-408,1875;-379,40625;-341,3125;-205,625;-458;-203,25;-466,34375;-296,4375;-210,625;-355,84375;-245,25;-333;-348,71875;-357,96875;-494,8125;-528,8125;-470,6875;-252,125;-383,1875;-263,75;-320,71875;-234,25;-405,5;-134,9375;-556,625;-311,5;-327,6875;-374,90625;-430,21875;-507,1875;-93,09375;-179,65625;-161,875;-113,71875;-176,84375;70,46875;-88,34375;99,375;162,71875;-151,59375;-35,21875;-99,71875;-4,375;-179,6875;-42,8125;234,03125;77,71875;17,09375;-140,21875;157,34375;43,4375;-67,875;50,6875;209,90625;-22,125;252,28125;-5,59375;-109,25;105,34375;-247,375;-44,3125;-51,6875;-245,90625;-68,625;70,15625;158,4375;-4,90625;-94,65625;8,40625;-83,25;100,5;136,96875;94,125;56,34375;7,59375;16,0625;45,6875;-121,8125;-117,3125;-266,78125;-210,03125;-112,34375;-194,625;-4,125;5,5;106,625;5,46875;52,625;-15,90625;-169,75;17,5;-84,25;-139,96875;180,71875;50,0625;-53,96875;7,28125;-162,34375;67,46875;26,90625;228,71875;66,75;82,125;106,71875;-154,5;199,15625;-126,5625;165,375;141,40625;132,96875;16,53125;135,3125;238,5;206,78125;193,65625;370,625;204,5625;33,78125;226,125;-58,4375;59,125;164,40625;205,8125;-148,65625;217,90625;-201,96875;91,78125;-109,59375;17;-44,65625;-58,65625;-150,71875;-109,875;86,03125;-108,25;-176,0625;-290,90625;-74,15625;-173,875;-73,09375;-114,375;-55,21875;-196,78125;-78,375;5,09375;28,0625;-297,1875;-137,09375;-163,46875;-181,59375;-103,65625;25,75;-223,75;-127,09375;2,21875;-289,28125;-9,40625;-221,9375;-191,9375;-187,46875;-119,59375;10,40625;-125,28125;-181,78125;-182,4375;-113,78125;57;-308,21875;-208,875;-201,40625;-248,96875;-23,0625;-74,15625;-274,09375;-305,96875;-26,25;-248,6875;-199,8125;-240;-173,03125;-220,09375;-313,34375;-230,59375;-140,625;-226,78125;-69,5625;-146,40625;-87,4375;141,625;-183,75;-155,75;-40,59375;-55,40625;-269,40625;-98,90625;-27,1875;-229,625;-23,09375;-43,75;-43,0625;-84,875;79,65625;-53,96875;-1,96875;2,5625;-280,96875;-94,21875;-264,6875;143,25;4,1875;1,71875;-287,78125;-76,40625;-184,46875;2900,15625;6,78125;31,53125;267,28125;-90,25;70,78125;-59,875;-109,09375;186,0625;319,40625;20,53125;16,375;-422,40625;-166,875;-37,21875;34,28125;49,71875;221,28125;130,46875;54,25;-0,25;-322,5625;2448,0625;-131,96875;-47,75;80,96875;-2338,125;120,25;288,28125;-131,15625;
139,0625;-1,96875;-10,25;-183,625;-141,8125;26,90625;285,71875;51,96875;22,0625;-415,59375;-8,9375;-172,9375;-191,90625;-248,25;39,3125;-96,1875;-190,53125;70,53125;-242,84375;-153,40625;-15,34375;-80,625;-12,65625;25,6875;-166,125;61,90625;-111,0625;-22,1875;-201,78125;-407,65625;-325,6875;-125,34375;-174,34375;73,625;-250,125;-305,0625;-448,3125;-269,9375;-1,15625;-140,625;-298,34375;-94,625;-204,375;-245,6875;-332,0625;-314,1875;-31,28125;-40,59375;-94,25;14,4375;-230,5;-130,25;-154;-163,4375;-227,1875;-180,21875;-115,5;-375,4375;-374,125;-128,78125;-456,21875;-20,8125;-197,09375;-445,4375;-239,46875;-362,09375;-385,40625;-321,875;-460,34375;-478,09375;-254,53125;-250,625;-208,34375;-319,75;-431,40625;-322,6875;-211,625;-348,1875;-446,78125;-318,25;-190,15625;-313,09375;-163,6875;-311,3125;-130,5625;-334,6875;-81,625;-296,75;-443,71875;-209,5625;-160,59375;-397,125;-334,4375;-364,71875;-270,75;-487,59375;-176,21875;-326,28125;-263,84375;-319,875;-476,03125;-308,1875;-485,71875;-258,5625;-296,09375;-221,0625;-274,875;-83,875;90,59375;-25,53125;69,5625;129,25;-0,78125;92,46875;79,53125;121,59375;155,875;331,09375;217;-40,09375;163,25;-30,65625;53,65625;-45,625;227,84375;300,4375;126,4375;306,6875;397,3125;411,5625;305,9375;154,65625;151,96875;448,75;182,28125;151,6875;217,96875;40,71875;-69,8125;-73,21875;-153,9375;-75,4375;173,40625;138,46875;158,84375;118,75;223,65625;209,34375;68,375;225,46875;76,71875;120,78125;-43,40625;-141,96875;19,53125;52,1875;-239,78125;-120,90625;123,46875;-53,875;-155,34375;34,5625;151,1875;194,125;190,1875;98,625;181,65625;150,21875;53,71875;284,59375;70,53125;269,0625;61,21875;59,375;253,375;180;155,6875;392,90625;64,40625;144,59375;-11,34375;313,40625;24,53125;70,0625;27;67,09375;73,96875;218,28125;-0,28125;88,46875;191,1875;164,8125;428,75;255,875;255,78125;249,90625;220,65625;269,4375;132,0625;175,09375;216,4375;255,09375;260,65625;94,28125;80,5625;-84,6875;248,09375;103,34375;99,3125;103,3125;68,8125;-144,09375;13,5;269,125;-93,6875;57,90625;-33,34375;5,5625;-81,875;-4,09375;12,1875;141,125;-116,21875;127,3125;15,0625;27,34375;-278,125;-77,5;-165,5625;-385,28125;68,28125;-68,1875;-119,65625;-47,625;-73,15625;-73,0625;-89,21875;-251,90625;-223,28125;-112,625;14,65625;-109,65625;-49,34375;-191,25;-228,53125;-277,15625;-61,625;-106,0625;-204,46875;24,625;-81,625;-249,125;-170,09375;-180,875;82,6875;-159,28125;210,5;-45,5625;18,40625;-239,40625;-107,5625;-91,78125;60;108,5;-111,9375;-34,03125;9,34375;-9,8125;-84,9375;8,59375;-82,65625;106,875;13,21875;-48,65625;-88,9375;-85,53125;77,40625;18,5625;209,5;107;-218,125;-63,53125;255,0625;110,03125;116,21875;42,875;11,625;80,71875;33,03125;-52,625;-107,1875;161,4375;68,78125;212,34375;-4,6875;-238,28125;284,15625;55,15625;163,71875;23,03125;-104,71875;-284,28125;2992,03125;-381,4375;87,0625;93,34375;-7,65625;-365,5625;-140,09375;-77,75;-42,3125;-93,78125;658,875;104,78125;141,4375;-170,5625;-1254,96875;472,8125;4,78125;172,5625;
54,28125;-403,84375;-187,6875;-152,09375;-441,15625;-389,5625;-220,21875;-500,34375;-250,21875;-434,09375;-87,09375;-225,84375;-46,59375;-324,15625;-190,25;-312,90625;-15,4375;-169,5625;-338,53125;-23,15625;-221,75;-190,78125;-83,46875;45,0625;-296,34375;-301,21875;-125,1875;-198,21875;-190,9375;-95,28125;-198,71875;-191,59375;-159,9375;-143,5;-427,8125;-106,625;-333,8125;-330,9375;-223,09375;-383,84375;-294,6875;-307,15625;-441,46875;-291,125;-292,625;-243,90625;-257,65625;-262,5;-170,46875;-280,34375;-204,75;-43,90625;-195,5;-317,125;-359,875;-325,09375;-442,28125;-308,5;-488,8125;-157,9375;-502,71875;-300;-374,1875;-517,34375;-675,96875;-442,96875;-670,40625;-400,03125;-421,75;-441,8125;-600,84375;-480,75;-473,59375;-406,28125;-409,0625;-488,96875;-399,0625;-621,40625;-313,84375;-360,40625;-404,40625;-337;-356,71875;-316,53125;-261,6875;-385,84375;-392,3125;-384,9375;-402,34375;-324,4375;-243,90625;-276,5;-430,84375;-383,8125;-360,3125;-540,09375;-447,0625;-251;-266,6875;-413,8125;-529,65625;-344,96875;-174,125;-258,71875;-561,5;-367,40625;-365,65625;-20,71875;-110,5;-131,21875;-174,25;-96;103,75;202,84375;241;243,46875;141,375;254,5;37,78125;-12,84375;94,53125;202,9375;-114,53125;125,8125;104,25;44,25;113,8125;241,3125;327,125;553,375;350,75;115,28125;297,59375;-83,46875;32,1875;164,8125;155,40625;-61,78125;-175;-183,96875;-207,625;-72,03125;-32,8125;10,4375;261,125;24,8125;18,34375;324,3125;294,21875;-70,8125;-23,5625;102,875;-70,84375;-27,0625;31,15625;-14,75;-91,28125;-115,9375;151,25;-363,34375;-102,6875;30,65625;-76,25;144,625;-163,46875;-84,03125;175,125;86,1875;242,53125;164,96875;208,84375;104,53125;173,8125;-16,71875;-21,125;43,3125;264,40625;120,6875;157,125;121,3125;-71,21875;157,9375;51,03125;205,03125;230,4375;49,8125;118,3125;36,53125;139,6875;159,34375;331,09375;172,03125;361,71875;30,1875;221,21875;428,9375;267,59375;133,65625;217,4375;94,1875;164,34375;-19,25;-2,125;-91,5;-25,34375;56;-96,3125;-161,78125;55,125;-13,6875;-217,71875;-37,09375;-307,71875;-113,25;-188,78125;9,9375;-81,53125;-43,90625;-86,3125;-52,09375;-267,90625;-118,15625;-60,71875;-203,28125;-74,8125;-79,71875;75,875;72,84375;-266,84375;-104,46875;-173,34375;-304,59375;-210,1875;-38,9375;-101,78125;-242,5;-190,6875;75,90625;-147,96875;-117,4375;-168,34375;-167,78125;-276,25;-332,375;-197,59375;-151,25;-77,375;-27,75;-366,875;-224,0625;-223,15625;-190,3125;-191,34375;-67,9375;-168,34375;-12,78125;-84,5625;-29,75;197,03125;-145,1875;-188,03125;-290,03125;-115,0625;-14,28125;-44,375;-178;-102,90625;51,90625;-183,59375;-161,46875;-176,75;-15,53125;-142,75;-191,625;77,46875;-151,75;70,25;-88,9375;-53,46875;141,15625;169,90625;217,0625;-5,03125;-199,90625;64,71875;32,0625;12,34375;73,6875;169,25;-60,59375;37,6875;95,96875;84,40625;-120,78125;-6,34375;2535,5625;-206,34375;157,1875;-150,28125;126,28125;45,78125;-83,15625;38,0625;225,5625;-646,5625;-284,34375;-584,53125;-61,40625;554,03125;-7,59375;196,84375;-4,25;30,125;203;-43,59375;311,84375;-2521,6875;9,09375;14,28125;-1,09375;
186,59375;208,28125;-89,84375;157,4375;-101,9375;-151,8125;-31,5625;-156,6875;-329,25;202,84375;-178,625;-80,8125;-225,09375;-196,9375;26,125;-163,71875;93,90625;-116,5;20,28125;-17,40625;-102,34375;-156,5;1,875;-190,78125;-78,65625;-298,875;-236,40625;-51,8125;-178,8125;57,53125;-258,1875;-372,21875;-261,21875;-259,4375;38,625;-267,34375;-48,96875;-234,96875;-177,1875;-68,34375;-164,75;-295,15625;-84,6875;-91,28125;-219,09375;-208,65625;-8,5625;42,96875;103,6875;-61,375;-107,5;25,65625;-195,15625;-150,9375;-212,875;-123,53125;-220,625;-105,125;-329,65625;-268,03125;-423,375;-313,0625;-286,34375;-202,5;-279,71875;-367,46875;-251,03125;-156,40625;-425,40625;-254,25;-327,46875;26,9375;-233,625;-303,625;-344,53125;-222,9375;-368,1875;-426,15625;-361,4375;-296,34375;-451,90625;-200,1875;-113,5;-125,625;-130,59375;-295,03125;-212,03125;-180,90625;-270,5;-282,71875;-315,15625;-345,375;-336,03125;-192,0625;-233,28125;-224,65625;-148,6875;-322,75;-465,1875;-262,28125;-195,0625;-345,0625;-182,375;-342,96875;-345,15625;-184,65625;-210,6875;-135,53125;-24,875;102,125;173,28125;147,0625;211,5625;130,15625;124,5;434;287,34375;104,84375;26,09375;257,3125;337,65625;57,03125;204,65625;326,40625;234,46875;347,3125;60,40625;190,15625;350,5625;419,84375;734,875;266,59375;428,96875;394,125;361,09375;276,1875;190,6875;169,96875;67,8125;250,90625;-33,5625;71,96875;131,9375;172;98,75;235,625;165,625;139,46875;198,21875;144,96875;90,03125;207,46875;137,5;87,65625;109,03125;150,96875;19,5;34,21875;-94;-12,46875;69,1875;78,125;253,8125;296,625;225,40625;310,5;-36,46875;187,96875;56,5;79,25;140,09375;210,1875;362,09375;345,71875;397,03125;182,34375;255,71875;250,25;289,125;56,09375;302,34375;298,84375;243;228,6875;273,65625;56,0625;199,0625;182,75;232,75;338,71875;400,21875;403,1875;300;369,78125;338,25;431,0625;306,1875;36,25;145,5;169,6875;69,09375;292,59375;7,90625;129,09375;6,8125;168,21875;138,9375;93,09375;31,90625;42,09375;156,6875;31,21875;30,21875;-133,78125;-27,9375;-23,59375;13,40625;-66,6875;121,78125;65,1875;60,34375;-80,25;99,09375;263,90625;-116,625;200,59375;1,1875;131,46875;17,875;-15,25;-27,78125;-68,5;-80,9375;41,125;15,0625;-219,71875;-108,34375;270,4375;-86,25;-110,6875;-142,78125;96,78125;57,96875;-124,25;-32,1875;-251,53125;-119,21875;43,71875;-167,96875;-118,5625;-42,71875;-87,9375;4,125;-38,1875;-69,625;-116,875;21,8125;81,875;-93,125;100,1875;23,28125;-170;-68,09375;156,8125;37,8125;49,75;96,15625;32,75;143,625;180,71875;-185,21875;47,65625;166,03125;92;165,28125;-121,78125;70;110,09375;173,46875;4,8125;58,9375;98,84375;97,5;176,1875;258,5625;430,09375;195,78125;-31,28125;21,21875;111,25;70,40625;324,96875;130,90625;69,34375;-101,28125;-112,78125;110,09375;229,03125;57,5;138,21875;359,21875;68,1875;1297,3125;136,96875;307,4375;85,78125;3451,96875;2709,03125;516,1875;54,09375;141,375;-1,53125;221,59375;164,625;241,5;86,84375;239,96875;-19,34375;151,03125;10,25;
179,53125;330,0625;-95,03125;-198,125;-260,65625;-155,90625;-211,625;-159,4375;-49,5;-160,5625;-145,75;-60,0625;-187,1875;-196,3125;-197,0625;-16,5625;-73,8125;-92,625;-95,8125;-135,21875;-148,375;-126,65625;-147,59375;-397,9375;-126,28125;-11,375;-209,8125;-491,96875;-200,0625;-152,75;-178,75;-142,4375;29,4375;-142,5;-7,21875;-115,375;-88,4375;-243,03125;-197,21875;-92,5625;-146,75;-72,34375;63,875;-222,90625;-238,5625;-280,25;-284,28125;-62,34375;-177,03125;-371,25;-40,96875;-82,0625;-100,9375;-217,96875;-210,53125;-94,71875;-365,875;-202,8125;-224,9375;-370,90625;-390,28125;-298,59375;-69,0625;-226,1875;-397,125;-262,09375;-489,28125;-452,5;-376,625;-248,25;-215,375;-264,15625;-274,96875;-269,5625;-298,6875;-195,71875;-192,78125;-182,125;-203,875;-251,8125;-284,3125;-259,65625;-205,59375;-108,78125;-337,625;-218,1875;-195,375;-158,71875;-97,75;-367,3125;-212,78125;-303,15625;-341,4375;-184,0625;-174,0625;-291,40625;-237,5;-171,53125;-154,34375;-383,65625;-159,5625;-237,96875;-404,125;-425,9375;-203,21875;-231,09375;-93,53125;-24,96875;111,71875;39,375;20,84375;98;169,65625;280,03125;169,15625;283,84375;275,1875;278,34375;256,53125;274,15625;241,90625;14,875;332,0625;60,6875;162,75;372,125;509,03125;266,25;507,5;429,71875;404,5625;299,5;629,09375;406,34375;274,3125;354,0625;232,4375;94,09375;140,96875;-114,53125;-116,90625;229,78125;131,40625;-96,8125;170,125;235,75;254,28125;29,71875;327,0625;194,21875;267;221,96875;74,25;256,8125;207,46875;-14,75;187,15625;181,75;-10,46875;33,75;243,46875;254,6875;234,125;138,875;76,8125;84,59375;290,90625;401,21875;380,75;447,0625;-2,28125;202,625;274,21875;352,9375;303,96875;129;216,78125;324,84375;237,15625;307,9375;299;250,90625;321,59375;215,21875;-11,84375;293,53125;458,6875;361,46875;400,28125;415,78125;454,71875;590,84375;308,90625;281,9375;247,15625;436,59375;509,53125;360,3125;302,59375;330,78125;93,09375;247,46875;189,15625;298,90625;-21,4375;76,03125;72,4375;83,96875;83,40625;140,03125;-7,875;251,34375;25,59375;197,75;-93,6875;0,53125;81,0625;-89,75;77,34375;-120,96875;-59,8125;145,46875;6,46875;127,59375;40,53125;-35,34375;-141,34375;30,5;50,84375;130,5625;-161,875;-37,59375;-87;-103,375;46,0625;82,75;-97,84375;126,53125;-254,5;-171,71875;87,34375;-96,1875;-6,03125;18,4375;-427,09375;-246,5625;85,1875;-158,5;-139;-50;255,59375;145,8125;16,375;-20,28125;68,625;70,1875;82,78125;-131,65625;-141,5625;-46,75;-163,53125;-57,28125;-199,9375;121,625;79,375;-109,34375;68,78125;-59,375;-86,28125;-56,375;104,4375;-44,96875;-89,8125;23,46875;336,03125;-46,71875;134,59375;-43,4375;-19,4375;-145,25;37,625;207,65625;162,875;-3,03125;74,5;-1784,34375;132;301,28125;324,78125;111,28125;8,78125;106,21875;153,1875;39,3125;172;-30,0625;26,84375;-72,46875;217,46875;217,625;84,96875;-103,25;42,1875;105,75;75,28125;36,53125;128,6875;52,96875;31,4375;142,84375;160,25;107,625;256,125;-365,71875;149,21875;123,5625;270,625;38,3125;-122,625;1776,25;
89,59375;-244,28125;-139,78125;37,1875;119,84375;-162,03125;110,65625;-269,59375;-123,25;-265,21875;-118,625;-166,03125;-269,28125;-262,0625;-394,25;-287,28125;-334,71875;-367,125;-257,4375;-379,96875;-137,03125;-64,28125;-187,9375;-90,03125;-316,625;-189,1875;-140,9375;-477,59375;-148,71875;-343,21875;-125,5;-282,53125;-335,78125;-340,75;-166,21875;-227,375;-252,75;-103,6875;-235,375;-237,65625;-181,8125;-267,8125;-223,3125;-163,1875;-211,625;-189,90625;-130,125;-323,75;-404,53125;-276,9375;-390,09375;-321,5;-279,03125;-440,53125;-261,625;-192,15625;-263,15625;-406,65625;-257,15625;-346,125;-474,34375;-496,03125;-368;-419,125;-230,8125;-513,03125;-283,5625;-276,21875;-289,3125;-412,28125;-490,53125;-525,15625;-413,40625;-673,59375;-249,125;-432,28125;-386,03125;-313,90625;-403,0625;-453,96875;-418,09375;-305,5625;-281,6875;-213,5625;-350,8125;-233,3125;-156,40625;-290,71875;-500,59375;-399,15625;-306,96875;-423,90625;-309,34375;-278,21875;-271,90625;-413,65625;-371,46875;-239,6875;-459,5625;-540,6875;-176,59375;-411,09375;-384,5625;-497,90625;-495,25;-282,09375;-179,5625;-269,0625;-119;-26,09375;18,03125;51,40625;226,125;202,71875;66,09375;81,6875;31,59375;116;88,84375;-101,53125;227,75;-143,15625;202,0625;123,9375;106,875;116,1875;117,96875;207,125;524,8125;441,53125;332,40625;526,75;593,9375;388,0625;-2,125;48,09375;215,34375;-85,09375;-89;155,78125;-86,75;-90,3125;162,65625;-137,03125;183,34375;218,1875;-53,28125;149,71875;-42,40625;261;20,21875;-73,3125;225,96875;342,5;144,0625;-72,03125;-12,03125;-68,25;-270,65625;-82,8125;-122,3125;64;-10,1875;90,34375;55,15625;33,34375;85,875;64,09375;278,46875;94,34375;-31,09375;111,9375;39,28125;27,40625;21,09375;-160,65625;85,8125;26,15625;155,59375;68,75;-4,75;119,625;38,09375;97,375;-55,46875;-142,3125;60,78125;282,875;390,125;57,5625;155,625;196,9375;261,28125;418,96875;241,78125;34,59375;171,84375;196,40625;215,21875;238,25;-62,3125;107,03125;37,875;-156,125;-154,15625;-53,65625;14,53125;-288,46875;-180,8125;-20,09375;-41,46875;24,125;-130,6875;14,9375;-76,53125;62,90625;17,78125;-88,28125;-183,65625;-97,59375;-182,28125;-465,5625;-194,59375;-129,5;-64,03125;-344,90625;-209,0625;-221,0625;-77,0625;-97,65625;-68,0625;-267,5;-299,65625;-255,71875;-241,125;-69,84375;-225,625;-294,21875;-212,5625;-244,65625;-391,28125;-260,46875;-231,75;-249,96875;-16,75;-99,84375;-253,375;-387,125;-273,21875;-126,46875;-225,5625;-266,65625;-169,21875;-237,1875;-230,71875;-239,875;-136,59375;-267,0625;-258,90625;-252,125;-338,3125;-247,34375;-199;-15,78125;-263;-196,09375;-153,90625;-85,75;-268,34375;-119,4375;-130,75;-122,125;-356,90625;-146,21875;-68,4375;15,84375;-285,03125;27,21875;-131,8125;-70,6875;-102,90625;-98,15625;71,53125;-57,34375;-61,125;20,4375;-292,65625;72,1875;53,75;-116,71875;-170,46875;-196,53125;67,78125;-317,25;2273,125;-5,96875;-210,65625;-125,75;65,3125;16,21875;-22,75;51,34375;-145,90625;-495,1875;-31,5625;321,6875;-111,21875;91,09375;-151,375;40,3125;-252,40625;34,1875;-75,71875;2812,21875;-359,40625;-349;196,375;-1998,375;-86,09375;224,90625;
-352,40625;-127,71875;-121,46875;-446,34375;-329,03125;-266,03125;-470,9375;-150,34375;-283,1875;-826,3125;-118,28125;-249,0625;-243,28125;-298,84375;-362,03125;-175,96875;-215,625;-134,21875;-158,0625;-347,28125;-66,78125;-241,5;-152,53125;-85,34375;-45,625;-128,84375;-202,59375;-170,46875;-232,5;-542,1875;-346,8125;-332,625;-187,875;-183,0625;-476,875;-342,84375;-364,34375;-275,96875;-239,78125;-251,71875;-263,625;-152,4375;-353,5625;-234,15625;-295,3125;-236,84375;-240,125;-280,1875;-198,65625;-236,15625;-246,96875;-186,09375;-219,0625;-240,53125;-201,15625;-263,28125;-370,28125;-303,46875;-564,8125;-298,90625;-494,9375;-456,625;-413,875;-320,46875;-667,875;-515,78125;-397,59375;-359,65625;-604,40625;-302,25;-305,875;-397,75;-392,25;-331,25;-497,34375;-399,0625;-383,625;-351,875;-443,46875;-455,96875;-620,71875;-261,71875;-347,40625;-350,75;-493,03125;-448,125;-262,09375;-435,6875;-544,96875;-341;-414,375;-220,75;-410,78125;-313,09375;-304,75;-409,59375;-211,0625;-308,1875;-438;-393,65625;-403,21875;-284,75;-456,46875;-334,875;-328,5625;-474,53125;-64,25;-228,3125;-280,34375;-136,9375;69,65625;-87,53125;-42,59375;-28,03125;-56,5625;214,65625;124,875;5,65625;7,0625;-58,34375;135,71875;56,4375;247,125;164,71875;258,84375;112,875;136,8125;338,1875;326,28125;535,65625;402,34375;246,4375;419,8125;386,8125;285,6875;337,6875;113,375;149,71875;143,90625;195,75;-40,9375;24,90625;25,9375;82,84375;-141,65625;299,40625;172,0625;227,90625;145,5625;128,59375;-14,28125;249,125;10,0625;273,4375;54,59375;-22,6875;-48,25;125,46875;-249,375;-69,21875;-44,53125;-5,25;127,6875;113,34375;-2,78125;257,25;40,625;280,46875;101,0625;390;98,8125;-49,53125;66,65625;148,34375;147,03125;-294,3125;-143,5625;259,65625;65,875;162,59375;195,15625;178,15625;142,40625;325,25;129,3125;152,65625;50,875;-99,5;41,53125;84,4375;159,53125;215,4375;460,5;243,59375;328,65625;240,96875;73,5;276,84375;285,125;181,15625;-131,84375;252,46875;81,78125;-78,625;-77,03125;-169,6875;-88,5625;-194,5;-253,1875;-99,59375;-34,65625;-60,90625;-119,78125;-64,46875;-122,6875;-88,25;-119,5;-153,28125;-177,3125;-86,21875;-369,8125;-62,15625;22,34375;-178,4375;-121,1875;28,03125;-203;7,96875;-85,03125;-123,59375;-185,625;-138,78125;-298,28125;-344,5;-182,15625;-163,15625;-324,75;-205,90625;-221,09375;-399,3125;-228,15625;-210,53125;-395,03125;-152,5;-200,40625;-293,125;-309,875;-228,4375;-263,25;-7,6875;-275,25;-253,46875;-118,8125;-251,9375;-369,875;-136,125;-264,4375;-280,15625;-125;-191,65625;-231,875;-387,96875;-125,75;-107,6875;-144,1875;-272,65625;-233,40625;-370,375;-179,46875;-266,9375;-336;-55,3125;17,5;-130,0625;-130,90625;-76,4375;31,84375;-112,71875;-254,3125;96,03125;-280,71875;-345,28125;37,1875;-114,3125;-17,5;-55,46875;-35,9375;-63,46875;148,15625;54,5625;194,78125;75,1875;4;-163,46875;-259,78125;-165,5;79;178,34375;-25,46875;109,59375;196,15625;157;167,75;726,90625;86,21875;428,5625;188,3125;-126,59375;65,78125;2,4375;64,84375;28,875;-194,25;219,59375;86,5625;-3201,28125;377,3125;-37,40625;-20,34375;-211,0625;
-68,1875;-312,875;-411,9375;-22,96875;-111,21875;-46,28125;-258,625;-136,90625;-360,625;-49,625;-244,40625;-83,84375;-297;-451,875;-335,53125;-266,25;-187,75;-335,9375;-295,625;-183,3125;-251,96875;-273,84375;-128,15625;-156,34375;-247,34375;-272,1875;6,59375;-405,59375;-273,78125;-307,125;-496,375;-222,09375;-384,53125;-66,3125;-353,125;-423,53125;-391,78125;-500,625;-420,3125;-352,46875;-338,28125;-472,59375;-261,625;-242,71875;-342,53125;-407,9375;-462,0625;-390,28125;-298,375;-242,28125;-427,09375;-257,625;-417,6875;-322;-267,125;-293,21875;-466,25;-324,21875;-410,3125;-491,75;-543,03125;-328,59375;-351,25;-332,6875;-397,84375;-389,84375;-461,34375;-443,1875;-334,03125;-382,8125;-279,96875;-409,78125;-399,5625;-501,4375;-572,625;-224,53125;-546,40625;-568,90625;-358,625;-378,96875;-464,78125;-538,71875;-248,8125;-150,34375;-285,375;-368,71875;-565,78125;-453,3125;-288,96875;-564,375;-439;-364,6875;-430,5;-444,59375;-292,8125;-329,90625;-296,625;-325,9375;-573,78125;-338,15625;-372,6875;-382,75;-314,625;-478,25;-242,34375;-306,0625;-287,03125;-363,375;-335,125;56,15625;121,6875;-216,625;-14,1875;224,75;331,9375;61,28125;208,84375;161,125;120,75;-89,1875;3,9375;128,625;228,96875;266,9375;266,1875;337,59375;294,9375;359,5;424,84375;286,90625;498,1875;521,8125;634,71875;483,46875;226,03125;344,9375;64,96875;227,1875;86,09375;148,15625;56,03125;96,375;144,0625;152,5625;-43,25;319,75;-44,15625;100,34375;157;174,96875;254,15625;264,3125;72,96875;145,25;109,59375;-73,65625;-19,1875;-0,75;168,75;-56,4375;96,625;-123,0625;-70,09375;90,15625;92,9375;66,71875;258,1875;115,6875;120,84375;30,3125;119,21875;43,8125;87,625;-21,09375;-106,5;85,78125;91,40625;242,40625;165,84375;251,65625;109,78125;348,71875;82,75;11,96875;-4,15625;68,28125;12,78125;316,0625;347,40625;337,90625;323,21875;178,5625;295;293,8125;212,78125;148,15625;291,875;49,59375;117,21875;-81,5625;134,65625;127,53125;-2,125;-165,3125;77,875;-39,21875;31,375;8,40625;-310,09375;-31;-237,625;-273,8125;5,15625;-144,9375;-152,125;-11,75;-147,84375;-303,6875;-171,53125;-342,25;-266,71875;-215,15625;-77,46875;-237,34375;-325,53125;-264,1875;-80,125;-286,59375;-428;-221,5;-299,1875;-309,0625;-142,9375;-152,9375;-50,15625;-195,34375;-253,03125;-8,3125;-40,21875;-352,96875;-148,03125;-454,5625;-85,71875;-111,53125;-89,65625;-336,4375;-138,03125;-219,1875;-174,78125;-191,5625;-84,78125;-250,28125;-418,9375;-336,78125;-211,75;-310,375;-202,0625;-568,875;-147,5;-152,53125;-139,03125;-204,65625;-356,75;-254,3125;-258,84375;-38,34375;-235,65625;82,46875;-112,65625;-206,46875;-36,875;-183,15625;-56,28125;-265,15625;-195,03125;-153,71875;-26;-40,09375;-76,84375;2,03125;-124,0625;-225,90625;-230,71875;-60,15625;-30,625;-92,15625;-122,90625;-29,75;-138,5;-243,09375;-115,65625;60,96875;12,96875;-117,53125;-87,03125;11,0625;-25,59375;-185,9375;-90,28125;61,5625;-91,46875;103,46875;64,65625;39,5;141,84375;-2480,25;380,90625;-293,0625;-188,4375;-118,25;263,53125;91,28125;-140,46875;24,96875;-180,40625;2853,96875;76,46875;-20,75;-993,3125;76,78125;
131,0625;236;-307;-274,78125;-300,9375;-135,375;-424,40625;-132,4375;190;-426,34375;-334,9375;11,84375;-354,59375;-1,40625;-83,78125;-89,625;326,375;-78,90625;-29,59375;-2,78125;-141,1875;66,84375;-148,90625;-116,71875;-143,75;-108,9375;-66,09375;-65,0625;-302;-119,09375;-105,125;-4,71875;6,34375;-115,84375;-208,34375;-348,1875;-102,46875;-335,75;-250,875;-367,65625;-164,5;-258,40625;-357,875;-50,21875;-186,5;3,375;-195,3125;-93,28125;-187,15625;47,4375;-153,40625;-240,625;-424,65625;-282,125;-98,65625;-436,1875;-324,625;-55,96875;-321,78125;-63,125;-62,8125;-227,46875;-365,3125;-434,46875;-306,71875;-451;-379,4375;-46,15625;-300,375;-309,90625;-359,90625;-235,78125;-391,625;-511,03125;-225,625;-296,90625;-536,0625;-154,09375;-400,875;-479,9375;-37,28125;-333,65625;-340,59375;-412,40625;-176,71875;-351,0625;-375,03125;-368,625;-266,625;-309,3125;-322,4375;-302,34375;-245,03125;-295,5;-216,25;-117,15625;-182,34375;-158,625;-47,1875;-183,84375;-181,84375;-172,0625;-268,625;-71,53125;-258,34375;-155,90625;21,6875;-34,15625;-48,6875;19,4375;-57,75;172,5;175,46875;34,34375;242,71875;161,5625;195,53125;374,78125;144;-75;109,5;211,21875;327,21875;533,125;409,34375;507,34375;396,4375;567;595,03125;512,9375;734,9375;599,0625;777,65625;733,375;577,03125;291,78125;214,21875;52,71875;412,9375;216,71875;425,21875;238,28125;242,03125;276,21875;239,84375;205,84375;376,25;458,21875;384,03125;229,4375;368,8125;453,5;279,90625;478,40625;333,46875;224,46875;230,09375;160,96875;341;364,71875;124,71875;248,84375;151,90625;191,34375;324,5;313,40625;408,53125;273,21875;454,375;201,28125;178,78125;336,625;467,40625;251,34375;114,03125;220,3125;330,78125;301,59375;287,375;409,0625;373,75;239,96875;144,40625;342,875;353,0625;273,84375;482,28125;370,6875;172,28125;496,03125;410;375,28125;371,53125;476,46875;481,4375;448,5;352,09375;318,15625;378,625;340,28125;268,625;369,03125;159,65625;369,59375;195,8125;172,40625;235,90625;-163,46875;95,125;130,53125;-44,5;70,03125;-206,59375;65,375;26,5625;-102,84375;-127,59375;-103,6875;-90,4375;106,78125;-120,90625;-28,59375;19,59375;121,71875;90,5625;-291,8125;-45,40625;-74,65625;-7,03125;-31,15625;-76,53125;-33;124,09375;-164,125;62,25;-110,5625;-68,8125;33,25;-180,28125;-44,28125;81,46875;800,34375;-221,09375;-141,09375;-91,8125;156,34375;-184,625;-20,25;-218,46875;-238,65625;58,28125;35,34375;21,1875;-12,78125;-96,5625;13,3125;-49,78125;-274,875;-89,90625;-83,15625;-3,1875;207,1875;-44,90625;-125,1875;77,21875;0,1875;-111,96875;27,71875;26,4375;-199,0625;-46,90625;-56,25;122,3125;-84,46875;96;-51,65625;-9,15625;-48,75;-69,78125;169,09375;57,59375;-95,8125;-0,59375;-23,0625;174,21875;210,5;-59,75;158,96875;120,34375;-50,03125;30,53125;-12,34375;-6,4375;191,90625;225,46875;51,65625;66,625;17,40625;-75,53125;255,65625;16,1875;-108,8125;133,46875;-33,96875;221,4375;-30,0625;303,78125;48,9375;187,1875;138,5625;-170,78125;158,25;212,71875;253,875;-340,4375;25,875;181,78125;204,21875;130,34375;-27,28125;
-162,6875;-273,65625;-280,40625;-292,53125;-322,6875;-263,40625;-92,15625;-317,875;-66,5625;-124,46875;-150;-118,71875;-51,59375;139,53125;-166,96875;-379,15625;-152,625;-346,4375;-135,1875;-103,625;-298,28125;-105,59375;-139,6875;-252,65625;-344,3125;-164,6875;-214,3125;-341,71875;-247,875;-183,15625;-124,71875;-119,625;-184,96875;-100,59375;-322,65625;-255,21875;-198,40625;-348,875;-172,5625;-338,71875;-209,03125;-172,59375;-228,75;-54,28125;-167,21875;-252,46875;-214,84375;-231,6875;-190,59375;-89,21875;-277,0625;-224,75;-330,125;-32,46875;-403,8125;-299,65625;-279,28125;-257;-364,125;-387,96875;-277;-261,75;-298,90625;-449,34375;-589,9375;-407,15625;-505,90625;-348,65625;-460,21875;-478,40625;-240,59375;-235,03125;-597,90625;-339,15625;-575,15625;-503,90625;-445,34375;-504,84375;-286,1875;-411,46875;-305,625;-320,5;-346,90625;-273,65625;-594,125;-315,28125;-88,875;-207,875;-368,1875;-315,09375;-427,84375;-408,78125;-474,78125;-224,71875;-97,21875;-221,28125;-332,375;-196,15625;-340,78125;-327,03125;-188,09375;-94,5625;-269,625;-346,21875;-318,3125;-253,4375;-124,6875;-129,65625;-67,03125;58,0625;137,84375;63,5625;-33,65625;156,03125;270,5;331,03125;108,46875;106,59375;250,71875;156,25;72,25;67,0625;285,96875;76,46875;121,0625;388,03125;336,4375;326,9375;517,03125;757,3125;726,125;689,1875;831,9375;606,46875;527,4375;359,5625;191,03125;59,28125;186,4375;198,78125;242,125;-58,59375;148,28125;293,6875;63,375;235,84375;349,0625;363,0625;602,0625;502,34375;406,03125;240,125;371,90625;392,25;319,96875;453,03125;129,9375;247,5;242,53125;80,40625;113,75;-5,28125;306,9375;-33,59375;287,21875;327,71875;436,875;388,65625;202,5625;479,4375;450,75;312,65625;333,0625;245,71875;308,1875;200,6875;109,75;245,28125;344,15625;169,625;273,65625;357,03125;276,53125;209,90625;-14,40625;438,46875;293,96875;477,25;495,3125;323,09375;239,78125;418,53125;524,03125;500,375;513,53125;340,875;469,90625;396,4375;432,40625;398,78125;175,15625;189,125;82,25;38,9375;87,96875;-203,34375;-151,34375;23,09375;141,375;-101,4375;-93,09375;-121,40625;-98,59375;33,8125;-219,03125;-49,5;91,78125;-190,15625;-92,9375;-2,3125;-24,125;85,375;-271,625;-306,78125;-86,03125;-206,625;-141,6875;-27,1875;-90,40625;-34,25;-302,625;134,4375;16,6875;-290,34375;-359,75;-123,78125;-65,78125;-164,9375;-87,4375;-253;-177,9375;-249,46875;-167,90625;-225,84375;-302,96875;-261,59375;-128,53125;-67;-108,90625;-137,65625;-90,6875;-116,25;-344;-101,625;-200,46875;-329,78125;-37,34375;-267,46875;-216,4375;-17,65625;-273,28125;-117;-140,09375;-166,84375;-59,0625;-52,40625;-95,125;-107,46875;102;-218,875;66,03125;-53,25;-189,46875;103,53125;32,59375;-40,90625;2,9375;-130;-37,40625;-13,65625;-88,1875;-173,40625;-62,59375;48,71875;106,125;4,9375;-15,03125;-59,125;105,8125;-8,65625;-200,59375;489,875;-16,25;-72,875;41,0625;156,59375;-319,15625;-39,875;-72,6875;-66,6875;-80,625;33,84375;121,1875;-20,46875;55,65625;9,59375;128,8125;-4,40625;29,65625;-124,84375;-18,15625;-126,0625;-52,75;-215,5625;81;29,46875;0,75;117,46875;-201,71875;49,78125;
-325,9375;-348,03125;-403,4375;-239,15625;-159,0625;87,3125;-357,90625;-104,375;78,96875;-231,09375;-112,375;-169,625;-224,4375;-80,625;-194,78125;-147,84375;-179,34375;-163,34375;-277,40625;-95,65625;-105,09375;-174,03125;-105,21875;-126,15625;-166,9375;-135,71875;-111,1875;-74,40625;-12,59375;-380,84375;-220,25;-189,5;-142,75;-233,625;-123,40625;-196,28125;4,90625;-169,125;-355,8125;-266,09375;-117,75;-289,96875;-234,46875;-347,46875;-144,40625;-394,65625;-49,28125;-220,875;-352,6875;-296,4375;-188,3125;-303,1875;-219,84375;-284,71875;-370,125;-356,96875;-111,5625;-256,3125;-261,34375;-337,53125;-251,03125;-333,59375;-228,3125;-326,75;-465,78125;-412,59375;-213,71875;-184,90625;-305,625;-320,5;-426,4375;-436,4375;-185,40625;-252,53125;-315,5;-380,4375;-259,5625;-367,8125;-273,78125;-341,125;-267,125;-238,28125;-375,34375;-237,8125;-166,71875;-222,78125;-305,25;-157,0625;-264,8125;-90,75;-533,34375;-181,84375;-307,71875;-145,71875;-211,4375;-314,40625;-353,90625;-56,375;-138,96875;-257,59375;-263,96875;-245,28125;-144;-76,90625;-404,46875;-143,1875;-205,15625;-113,46875;251,25;215,75;15,5;36,84375;-176,46875;264,3125;274,5;222,25;409,8125;160;344,46875;265,3125;148,625;47,90625;288,96875;300,40625;356,4375;371,0625;427,59375;587,5;590,15625;523,34375;661,8125;639,5;594,75;688,03125;416,96875;478,90625;527,0625;289;248,375;268,25;145,03125;85,03125;279,5625;214,5625;107,1875;217,34375;158,28125;509,1875;373,8125;430,09375;385,84375;538,21875;486,65625;389,40625;387,9375;175,375;176,8125;277,5;214,28125;106,03125;186,0625;158,375;62,65625;315,96875;445,0625;326,84375;328,28125;247,84375;367,5;344,46875;355,375;444,1875;232,84375;318,59375;256,40625;335,21875;500,4375;396,03125;414;422,21875;292,96875;490,5;398,65625;513,28125;424,125;260,3125;293,0625;672,40625;552,5625;313,15625;563,75;596,90625;631,46875;420,96875;577,5;643,5625;543,15625;258,375;439,09375;499,5;275,25;256,1875;313,78125;39,03125;-39,875;-80,40625;95,65625;81,4375;-38,3125;-158,4375;-75,0625;74,375;166,53125;-79,03125;-106,6875;29,75;-194;-23;-245,78125;-39,625;-142,28125;-31,84375;3,09375;84,25;-49,71875;-71,28125;-156,875;-71,21875;11,40625;12,1875;17,9375;-210,6875;-130,96875;-173,4375;-127,96875;121,75;124,96875;-152,625;-210,90625;-387,8125;-291,65625;-173,96875;52,28125;-134,1875;-190,15625;-222,28125;-148,34375;-94,4375;-76,125;-27,8125;-514,15625;-138,375;-277,8125;127,65625;-50,125;-248,3125;-351,6875;-58,53125;-142,71875;-270,5625;-123,84375;-289,1875;-123,96875;-29,9375;-100,15625;44,15625;-213,90625;-144,625;-96,1875;-51,96875;-152,5625;-339,46875;-35,625;55,40625;-8,96875;29,5625;-35,5;60,8125;-35,4375;-12,84375;-90;-0,875;-52,15625;-108,625;18,8125;17,875;94;-125,4375;112,9375;-161,15625;-120,96875;-110,6875;-31,46875;79;47;-112,65625;-79,21875;162,71875;253,21875;234,71875;103,15625;-9,28125;-18,09375;113,125;-56,125;96,15625;121,34375;-36,75;-118,1875;69,6875;-95,46875;93,5625;-162,375;201,8125;165,59375;120;196,8125;-125,75;78,375;23,8125;
1070,78125;-416,71875;40,21875;3,96875;-290,8125;-155,53125;-334,84375;-555,1875;-323,96875;-264,375;-544,125;-381,34375;-285,96875;-302,75;-344,4375;-477,8125;-252,53125;-279,53125;-366,96875;-302,96875;-432,21875;-446,25;-295,0625;-337,625;-304,90625;-413,71875;-285,6875;-370,34375;-240,5625;-392,46875;-292,40625;-314,53125;-226,875;-314,96875;-275,90625;-419,5625;-489,46875;-513,15625;-588,65625;-528,125;-614,875;-511,3125;-512,90625;-378,0625;-345,84375;-339,90625;-218,03125;-375,4375;-517,15625;-475,625;-419,90625;-378,0625;-568,8125;-452,1875;-481,8125;-501,96875;-431,46875;-486,84375;-525,78125;-603,6875;-305,78125;-556,46875;-504,59375;-522,34375;-435,3125;-423,125;-478,90625;-536,5625;-608,3125;-525,4375;-540,21875;-727,03125;-830;-579,3125;-597,25;-544,8125;-457,65625;-464,84375;-672,75;-578,28125;-471,78125;-515;-612,6875;-505;-575,8125;-483,75;-553,6875;-297,21875;-422,125;-599,875;-607,53125;-474,5625;-416,90625;-236,6875;-259,875;-425,3125;-402,03125;-106,9375;-472,59375;-305,875;-420,96875;-470,84375;-362,46875;-479,1875;-475,65625;-328,9375;-378,625;-312,625;-401,40625;-163,4375;34,34375;68,0625;-106,09375;-12,84375;179,90625;102,75;22,96875;-244,875;69,90625;-133,3125;-156,4375;-69,1875;19,375;50,40625;90,84375;158,90625;311,34375;251,71875;446,46875;450,21875;585,4375;425,375;276,25;508,84375;444,84375;167,21875;439,78125;-36,96875;141,4375;-83,96875;65,625;122,625;-57,84375;236,625;-49,03125;88,03125;211,25;212,3125;275,78125;430,78125;361,90625;216,21875;49,15625;294,875;323,25;155,5625;-9,9375;124,46875;215,03125;70,9375;133,21875;243,53125;180,59375;23,65625;185,25;237,34375;276,5625;204,21875;309,09375;97,4375;141;264,84375;195,25;260,46875;291,34375;283,5;297,78125;186,34375;378,09375;91,1875;187,25;124,96875;165,84375;346,25;131,9375;-4,15625;106,46875;222,25;299,0625;277,40625;378,71875;268,46875;387,15625;425,09375;440,59375;372,59375;127,4375;168,96875;308,4375;55,625;129,875;63,4375;36,21875;-28,625;-165,5625;-230,09375;3,375;1,09375;-267,125;-135,625;-138,625;-99,4375;-143,875;-199,34375;-422,9375;-363;-495,125;-174,375;-98,875;-204,0625;-358,90625;-306,4375;-260,96875;-140,40625;-92,59375;-205,78125;-93,90625;-300,28125;-447,4375;-239,6875;-164,0625;-398,125;-216,8125;-446,09375;-22,59375;-1844;-124,15625;-245,28125;-338,9375;-176,5;-230;-329,96875;-210,125;-145,25;-178,71875;-149,90625;-349,125;-285,75;-327,90625;-267,9375;-214,71875;-314,28125;-377,71875;-355;-282,9375;-51,6875;-392,625;-222,84375;-162,25;-301,8125;-368,1875;-273,78125;-221,0625;-145,5625;-237,96875;-277,25;-187,1875;-36,875;-304,65625;-269,75;-253,25;-178,5;-516,21875;-270,375;-242,21875;-249,21875;-269,15625;-316,46875;-66,21875;56,21875;-87,34375;-53,53125;-164,125;-320,1875;-182,0625;-184,34375;-383,84375;-114,53125;-414,71875;-217,78125;-97,375;-222,9375;-319,28125;60,21875;-114,65625;-52,0625;-70,78125;-120,71875;143,84375;-2085,53125;8,1875;-266,25;-216,5;-258,65625;33,75;140;-168,40625;117,1875;159,96875;57,875;12,15625;-237,90625;-28,40625;-57,65625;-3454,03125;221,5625;-152,8125;-71,28125;-192,53125;-218,78125;
-429,65625;-297,0625;-236,8125;-228,21875;-447,6875;108,4375;-264,78125;-383,59375;-7,125;-368,40625;-153,875;-315,6875;-157,375;-141,5;-155,84375;-296,1875;-191,125;-242,15625;1,375;-204,53125;-292,46875;-269,25;-193,4375;-87,6875;-344,34375;-302,59375;-268,5625;-261,8125;-448,09375;-362,28125;-322,78125;-383,25;-250,71875;-396,78125;-447,6875;-375,5625;-289,375;-422,125;-367,6875;-364,5625;-234,5;-257,09375;-273,125;-326,71875;-351,4375;-381;-82,65625;-409,5625;-386,78125;-349,40625;-463,09375;-218,75;-371,6875;-386,25;-189,6875;-267,75;-345;-412,09375;-393,09375;-408,21875;-457,25;-201,53125;-619,96875;-523,53125;-394,40625;-303,6875;-453,625;-397,96875;-344,59375;-431,8125;-410,28125;-249,90625;-492,8125;-411,875;-567,96875;-371,8125;-420,6875;-513,0625;-412,71875;-462,78125;-497,78125;-322,3125;-328,46875;-468,125;-345,4375;-288,125;-490,1875;-363,46875;-447,0625;-449,96875;-447,125;-375,28125;-351,53125;-221,1875;-282,25;-212,1875;-504,28125;-167,59375;-366,3125;-645,375;-515,09375;-185,625;-243,25;-399,3125;-319,84375;-306,6875;-273;-270,34375;-163,40625;10,59375;201,0625;-41,5;183,625;143,78125;174,375;220,75;101,6875;151,40625;138,3125;-92,84375;158,0625;-146,59375;108,84375;52,375;329,28125;258,5;182,78125;356,59375;590,15625;567,34375;437,65625;698,78125;704,375;584,5625;442,65625;494;388,34375;162,03125;250,125;75,15625;195,8125;161,3125;342,34375;215,78125;322,75;342,5625;474,4375;467,53125;346,03125;481,875;537,46875;564,875;508,53125;449,9375;503,3125;309,40625;325,1875;192,3125;191,25;265,0625;171,1875;284,0625;-21,34375;197,5;258,46875;264,8125;311,03125;251,53125;266,1875;143,3125;326,6875;301,78125;472,84375;247,59375;262,28125;435,53125;406,40625;148,4375;177,625;459,84375;390,65625;405,59375;261;301,53125;231,125;461,90625;235,625;352,84375;465,90625;641,375;452,375;523,40625;609,25;486,59375;601,5;445,3125;409,96875;536,875;359,875;344,84375;325,71875;315,375;88,75;19,40625;127,46875;-255,46875;-159,6875;-163,28125;-155,53125;-130,375;-265,46875;-186,875;-105,65625;-44,9375;-151,6875;15,09375;-107,75;-311,125;-52,5625;-322,25;18,3125;-323,46875;-410,3125;-135,28125;-21,5;-109,625;9,59375;-186,34375;-197,6875;-11,375;-14,15625;-199,8125;-312;-280,3125;-25;-108,375;-335,6875;-162,65625;-289,15625;-328,4375;-198,40625;-164,15625;-254,59375;-230,40625;11,3125;-48,3125;-149,0625;-199,625;-365,46875;-192,15625;-132,96875;-18,28125;4,1875;-292,75;-310,40625;-81,15625;-178,34375;-218,34375;-392,78125;-85,21875;-237,34375;-232,46875;-274,625;-115,21875;-227,3125;-401,21875;-225,65625;-311,84375;-80,4375;-135,21875;-154,0625;1,28125;-101,15625;-221,96875;-357,34375;-75,25;-86,6875;-28,90625;19,59375;-221,8125;-158,5625;-133,09375;-44,6875;-155,78125;-28,25;-106,59375;69,96875;-215;24,40625;-166;-39,25;-68,28125;-15,40625;-190,8125;31,125;-72,5;57;-214,5;104,90625;50,96875;90,96875;-94,4375;2031,21875;-50,9375;-142,1875;-207,8125;-231,4375;-98,34375;-173,65625;-392,09375;-44,78125;-146,75;-185,0625;-34,90625;-127,46875;97,1875;-4,53125;-245,4375;-106,375;-161,28125;
17,875;-382,46875;-344,9375;-11,875;-194,46875;-233;-145,3125;29,0625;-273,75;-258,40625;3,03125;-174,1875;-48,125;-255,1875;-143,28125;-28,59375;-117,03125;-133,96875;-351,0625;-285,625;-146,34375;-163,875;-361,09375;-221;-303;-251,25;-150,9375;-346,90625;-298,0625;-109,09375;-292,53125;-352,03125;-393,75;-234,75;-345,15625;-336,125;-413,375;-390,9375;-574,71875;-479;-377,21875;-105,3125;-286,625;-272,0625;-382,46875;-307,71875;-233,25;-254,09375;-297,15625;-325,15625;-138,71875;-250,21875;-279,4375;-186,46875;-348,09375;-498,84375;-239,375;-256,71875;-475,34375;-347,28125;-438,28125;-493,59375;-384,78125;-341,78125;-324,5;-321,1875;-275,03125;-323,53125;-397,28125;-246,875;-333;-357,28125;-148,375;-290;-352,8125;-310;-374,28125;-372,75;-356,8125;-422;-353,28125;-366,875;-537,4375;-334,75;-115,4375;-323,15625;-171,125;-342,875;-134,3125;-258,90625;-534,65625;-440,09375;-425,46875;-370,28125;-224,875;-205,90625;-364,0625;-200,15625;-430,5625;-363,4375;-158,40625;-48,46875;-261,3125;-375,8125;-367,65625;-288,25;-418,78125;-248,5;-67,875;-45,375;-49,1875;-43,59375;278,8125;-172,625;-54,75;313,5625;224,1875;4,5625;155,625;11,3125;122;197,4375;122,03125;151,3125;117,71875;301,9375;313,34375;611,75;628,40625;758,96875;795,125;712,65625;646,78125;718,09375;646,59375;539,0625;452,875;385,15625;394,90625;304,40625;346,25;213,75;377,53125;626,71875;263,0625;535,15625;489,3125;582,40625;407,25;606,25;725,46875;601,09375;636,625;478,65625;463,9375;296,21875;316,46875;224,1875;153,25;149,9375;283,71875;408,71875;362,75;321,46875;351,9375;146,875;340,625;318,125;357,96875;245,6875;299;467,15625;401,59375;442,03125;384,5625;502,46875;425,875;658,4375;526,78125;323,125;505,90625;521,34375;548,15625;324,40625;376,46875;335,1875;425,28125;492;579,75;381,03125;719,03125;465,75;639,75;578,59375;669,21875;546,65625;805,6875;699,5;241,90625;359,1875;113,09375;257,03125;175,375;129,96875;-45,375;158,9375;-37,71875;91,21875;95,40625;142,21875;45,71875;-50,65625;24,28125;-120,59375;-118,96875;-87,0625;-45,6875;-176,6875;-108,625;-110,90625;-128,59375;-159,625;-84,59375;28,1875;-130,1875;-319,375;103,6875;-136,34375;-73,9375;-115,75;-29,03125;-189,21875;33,3125;-95,25;-15,875;-72,125;-193,4375;-205,46875;-179,5;7,125;4,625;-369,5625;-90;-93,25;-137,40625;-197,5625;37,75;-160,21875;-116,59375;-178,6875;-157,53125;-5,96875;-43,125;-268,0625;-170,96875;-304,9375;-64,1875;-81,1875;130,5;118,75;-147,59375;-205,1875;-108,0625;-229,03125;-54,625;-139,40625;-171,6875;73,5625;-44,8125;-112,21875;50,3125;-203,8125;-74,53125;45,90625;-42,8125;-25,84375;-128,96875;145,15625;-163,875;-3,4375;254,5;-215,03125;129,875;147,21875;-100,5;107,59375;-20,71875;110,125;43,375;123,90625;151,375;71,4375;49,0625;64,5625;82,3125;-7,5;230,40625;21,25;-90,28125;10,1875;-116,25;-23,71875;-136,5625;-74,21875;124,90625;142,875;43,9375;83,75;-84,9375;832,875;-275,1875;452,25;74,59375;-92,1875;190,6875;146,8125;128,84375;-74,90625;-35,25;189,875;
-375,5625;-66,0625;-378,71875;146,0625;-117,6875;100,4375;-111,96875;-177,40625;-51,125;-302,125;-249,15625;-94,46875;-319,59375;-242,90625;-149,1875;-172,40625;-171,0625;14,75;-232,375;-128,96875;-159,3125;-151,59375;-5,65625;-109,71875;67,96875;-138,53125;-329,90625;-287,84375;-368,25;-366,6875;-337,25;-129,9375;-130,375;-308,5625;-289,53125;-259,28125;-124,4375;-345,8125;-329,375;-85,34375;-158,5625;-234,375;-121,125;-295,96875;-230,09375;-94,09375;-40,0625;-263,65625;-385,375;-277,34375;-313;-177,3125;-356,4375;-321,5;-305,96875;-109,46875;-48,15625;-211,34375;-401,65625;-272,1875;-206,0625;-136,0625;-248,15625;-343,5;-261,03125;-133,34375;-170,65625;-170,40625;-291,1875;-266,84375;-236,53125;-312,15625;-432,8125;-379,75;-440,53125;-620,4375;-218,53125;-141,125;-331,71875;-357,65625;-143,28125;-224,9375;-172,5625;-321,84375;-206,625;-450,09375;-95,5;-204,53125;-282,65625;-400,1875;-411,28125;-226,5;-356,875;-204,28125;-271,84375;-207,28125;-364,28125;-147,3125;-212,21875;-210,96875;-343,1875;-266,03125;-253,5625;-321,21875;-330,53125;-198,15625;-207,8125;-136,6875;48,71875;20,375;-136,40625;125,28125;374,6875;241,71875;-15,375;55,90625;200,8125;284,53125;144,8125;211,46875;73,375;164,65625;52,75;225,3125;420,5;310,53125;628,71875;648,84375;611,15625;787,46875;596;762,71875;767;691,4375;569,78125;486,3125;556,03125;326,1875;315,25;387,1875;317,53125;521,9375;181,40625;224,40625;225,03125;689,625;814,25;619,71875;742,78125;647,6875;890,84375;891,125;933,75;568,78125;529,28125;728,3125;435,03125;502,34375;365,53125;327,71875;492,03125;230,1875;441,84375;286,625;486,09375;512,21875;536,96875;348,625;403,84375;652,875;699,9375;397,1875;515;611,3125;624,53125;514,8125;544,3125;504;687,96875;573,375;588,71875;486,9375;742,5625;404,90625;414,09375;564,84375;770,21875;463,65625;619,71875;691,96875;674,59375;684,5625;706,25;731,03125;583,9375;842,8125;575,3125;672,84375;454,375;419,15625;362,34375;281,5625;40,9375;142,21875;294,1875;39,8125;69,78125;-52,125;148;44,59375;147,4375;55,40625;-86,4375;-114,28125;82,25;-3,625;14,65625;140,78125;-88;7,8125;-141,84375;22,59375;156,21875;-78,53125;-196,8125;-17,71875;18,21875;-91,71875;-61,59375;57;-92,65625;-134,59375;-110,28125;38,625;-112,34375;-87,0625;84,5625;73,78125;67,1875;-230,21875;-236;-61;-233,71875;-28,5;-128,28125;-287,53125;-80,15625;-111,8125;80,15625;-149,46875;101,15625;62,15625;62,5;20,9375;-9,71875;21,4375;-6,84375;-100,96875;-78,9375;-10,1875;-80,28125;-66,375;-290,3125;-234,3125;135,375;4,71875;67,75;-188;-29,90625;109,5;15,96875;-4,0625;-47,1875;-128,125;-104,8125;113,15625;98,875;37,0625;-119,375;187,3125;-97,09375;293,4375;-18,5;70,875;49,375;37,65625;247,03125;80,09375;114,5;82,8125;115,625;84,03125;146,96875;127,9375;37,09375;-13,78125;224,65625;102,34375;-58,4375;334,4375;-16,90625;150,4375;-55,53125;22,71875;-25,125;156,75;92,375;-14,21875;-151,1875;-98,8125;200,25;176,375;171,8125;15,625;83,21875;191,53125;-19,3125;305,15625;108,5;-1527,09375;
-354,875;-194,84375;-341,15625;-453,65625;171,65625;-1770,46875;-253,1875;-585;-334,53125;-306,09375;-365,5;-189,625;-270,125;-164;-359,34375;-119,5625;-221,71875;-341,875;-231,15625;-291,4375;-363,9375;-129,15625;-384,625;-388,53125;-416,25;-273,34375;-292,28125;-248,9375;-379,53125;-171,59375;-388,34375;-296,03125;-401,84375;-361,65625;-440,21875;-277,3125;-258,65625;-212,40625;-403,6875;-237,625;-171;-333,78125;-266,3125;-264,90625;-175,1875;-419,625;-399;-248,03125;-425,25;-466,5;-188,40625;-115,6875;-172,09375;-454,65625;-457,90625;-220,34375;-352,8125;-367,84375;-426,78125;-298,65625;-291,40625;-305,96875;-196,375;-193,5625;-334,875;-281,15625;-385,9375;-432,0625;-435,0625;-264,78125;-275,625;-354;-417,5625;-381,875;-347,34375;-320,84375;-451,15625;-377,25;-345,28125;-378,21875;-463,78125;-536,15625;-499,75;-405,5;-425,15625;-273,28125;-357,3125;-510,4375;-331,15625;-335,40625;-236,21875;-444,1875;-284,5;-331,53125;-411,9375;-104,65625;-417,375;-351,625;-284;-152,46875;-227,1875;-150,46875;-321,84375;-344,90625;-283,125;-191,46875;-293,125;-331,5;-26,90625;-23,125;-187,5625;-26,375;36,375;-23,75;-13,375;-137,65625;-228,3125;2,09375;109,71875;-86,9375;-113,0625;23,5;-2,96875;115,8125;91,5;208,78125;416,78125;455,78125;565,0625;663,8125;584,90625;557,6875;409,625;531,96875;502,46875;346,78125;471,3125;265,09375;47,59375;304,1875;-5,59375;-29,8125;177,90625;265,15625;299,5;324,84375;587,46875;547,0625;579,375;673,25;819,5;871,75;576,875;461,09375;546,84375;269,9375;478,21875;475,375;285,4375;405,25;375,4375;202,65625;427,59375;360,1875;306,96875;235;322,71875;265,0625;440,5625;335,90625;429,09375;473,09375;465,3125;495,25;127,09375;524,53125;522,03125;511,3125;162,21875;428,34375;624,53125;558,875;446,71875;405,53125;538,78125;447,875;419,46875;444,25;324,78125;474,6875;485,375;703,28125;710;671,5625;719,09375;681,25;676,8125;445,46875;586,65625;476,75;416,75;-31,1875;58,6875;32,53125;-157,84375;-52,5;33,90625;-15,65625;-27,4375;-15,6875;-191,96875;-57,15625;-70,96875;-139,40625;-79,8125;-288,84375;-106,59375;-290;-59,90625;-200,125;-6;-279;-384,5;-208,28125;-41,1875;-49,625;-292,15625;-42,6875;-86,53125;-130,9375;-231,6875;-100,4375;-126,875;-152,53125;-58,21875;-93,3125;-170,65625;-180,875;-153,0625;-248,15625;-588,21875;-49,71875;-220,125;-307,0625;-81,375;-33,65625;-20,3125;-168,8125;-279,375;-153,5625;-75,5;-40,34375;-80,71875;-259,78125;-319,46875;-42,625;-194,59375;-163,65625;-61,59375;-294,75;-292,46875;-154,4375;-73,75;-45,9375;-223,28125;-133,875;-226,5;-253,09375;-77,1875;69,53125;-318,59375;-156,53125;-220,9375;-136,8125;-123,4375;-132,28125;-366,3125;-216,75;-93,5;-107,78125;-232,4375;-243,8125;-22;-71,84375;-204,9375;21,5625;-48,90625;-135,875;116,875;98,4375;5,5625;3,15625;-54,96875;-163,28125;-60,8125;171,375;-106,0625;-223,0625;-14,90625;115,90625;171,4375;-150,3125;9;-227,125;26,09375;-62,8125;163,46875;70,78125;-102,3125;-192,875;-27,3125;-31,125;-9,71875;-176,3125;-67,40625;38,875;-87,9375;142,40625;-626,78125;2,5;
-234,71875;-215,96875;-142,5;-114,40625;-278,875;242,5625;-414,46875;1517,65625;-324,0625;-307,875;-216,09375;-199,46875;-260,5625;-222,46875;-197;-184,375;-533,15625;-245,15625;-365,8125;-373,0625;-110,75;-160,40625;-120,6875;-101,28125;-152,625;-370,53125;-195,34375;-97,875;-378,0625;-251,4375;-185,40625;-353,5;-407,09375;-390,625;-288,34375;-150,34375;-377,625;-280,34375;-240,84375;-82,4375;-315,5;-121,8125;-319,34375;-169,90625;-245,96875;-217,28125;-360,6875;-144,46875;-321,4375;-350,4375;-251,90625;-330,6875;-488,34375;-197,78125;-339,71875;-356,34375;-218,59375;-216,46875;-232,53125;-413,21875;-292,09375;-124,125;-248,125;-459,75;-295,3125;-331,65625;-461,84375;-243,65625;-228,40625;-328,875;-459,09375;-464,21875;-336,25;-344,21875;-406,875;-281,59375;-468,0625;-539,375;-270,78125;-413,71875;-180,125;-386,8125;-301,28125;-175,53125;-45,21875;-174,34375;-175,15625;-268,40625;-385,125;-250,34375;-306,96875;-163;-331,09375;-430,78125;-264,5;-388,0625;-111,3125;-271,96875;-214,28125;-393,5625;-196,375;-98,875;-167,09375;-164,84375;-347,65625;-322,34375;-292,71875;-153,28125;-387,96875;-36,8125;-164,8125;15,125;-102,21875;205,6875;-65,3125;105,75;101,875;122,78125;149,5;171,46875;78,71875;6,3125;-207,78125;243,25;153,25;120,03125;487,28125;328,59375;461,90625;568,4375;533,25;745,8125;611,90625;655,34375;524,09375;281,90625;289,625;349,71875;188,125;226,21875;152,5;207,53125;212,28125;245,5625;426,125;548,75;582,875;682,0625;819,125;741,53125;845,75;486,5;792,625;527,65625;416,9375;493,125;293,59375;536,9375;510,59375;244,03125;538,9375;199,09375;440,5;395,5625;608,90625;382,875;255,9375;565,5625;606,375;493;437,875;282,53125;450,71875;480,875;386,5625;218,96875;597,71875;523,125;663,3125;415,59375;256,59375;518,90625;483,46875;576,25;488,21875;667,125;562,59375;603,34375;656,03125;619,15625;646,28125;685,71875;611,9375;775,1875;657,3125;665,1875;530,59375;520,84375;446,4375;481,6875;270,625;377;125,46875;-22,78125;-152,28125;197;43,3125;45,75;-252,46875;-75,75;-43,75;57,78125;129,75;-248,6875;19,28125;-91,6875;-84,21875;-100,125;-148,8125;-3,09375;-128,875;-324,21875;14,09375;-49,6875;-246,3125;-172,4375;-159,84375;2,375;-111,90625;-28,59375;38;-64,5625;-135,0625;10,5625;-92,96875;-100,84375;-164,1875;-90,6875;68,59375;-106,40625;-396,0625;-110,65625;-81,5625;20,96875;-76,625;34,1875;-85,21875;-171,40625;-86,25;7,53125;-114,375;-28,4375;97,625;-106,46875;-87,15625;-199,34375;-93,3125;-85,875;-33,40625;65,78125;-228,8125;-137,9375;108,84375;105,59375;-127,03125;-162,65625;-100,5625;-55,71875;45;-219;-70,625;48,09375;88,3125;-123,65625;-156,125;54,125;-249,9375;-52,375;-4,78125;-41,03125;191;-57,5;15,15625;76,40625;-44,15625;-122,6875;89,1875;71,21875;2,90625;-28,03125;16,90625;113,9375;-64,40625;67,875;233,21875;18,5625;74,21875;145,09375;82,15625;-182,34375;-4,5625;138,78125;-0,1875;-75,34375;-80,03125;-15,9375;-81,125;74,5625;-11,90625;4,3125;-7,28125;34,65625;49,5;42,625;-43,1875;13,75;-31,78125;-101,03125;88,5625;-1563,0625;
-322,25;-338,0625;-259;-110,71875;-456,75;-293,53125;-303,5;-632,03125;-376,21875;-381,1875;-153,78125;-330,78125;-228,125;-261,46875;-107,84375;-500,875;-435,4375;-45;-311,40625;-252,15625;-41;-408,71875;-432,3125;-316,25;-310,09375;-300,125;-310,15625;-420,0625;-469,5625;-271,96875;-452,875;-348,0625;-460,71875;-344,84375;-446,46875;-397,875;-289,90625;-420,4375;-269,6875;-311,03125;-312,65625;-372,6875;-258,375;-334,15625;-345,15625;-262,34375;-272,6875;-335,53125;-401,5;-471,0625;-476,90625;-114,71875;-231,875;-555,9375;-559,5625;-497,5625;-378,6875;-332,78125;-610,78125;-414,96875;-374,40625;-559,0625;-423,3125;-274,28125;-379,625;-342,125;-321,90625;-349,5;-437,28125;-369,625;-531,75;-516,3125;-244,8125;-449,34375;-471,8125;-419,78125;-394,96875;-437,59375;-580,5625;-365,0625;-324,1875;-235,59375;-417,90625;-191,53125;-548,5625;-375,40625;-420,65625;-413,25;-429,65625;-430,78125;-625,25;-306,65625;-312,96875;-438,5;-318,3125;-305,28125;-343,34375;-507,4375;-500,96875;-388,46875;-434,15625;-399,625;-475,375;-377,625;-496,25;-172,875;-306,28125;-318;-211,21875;-111,4375;-113,875;-111,4375;54,28125;48,59375;-8,3125;-40,09375;-198;-104,875;-164,71875;-189,71875;-55,90625;88,96875;-167,78125;-89,0625;62,28125;52,40625;144,46875;119,1875;301,78125;260,90625;646,9375;647,5;520,4375;554;531,0625;285,9375;456,0625;215,75;152;43,15625;101,6875;296,65625;13,1875;154,59375;65,34375;354,78125;489,4375;485,59375;533,9375;578,875;685,15625;615,59375;611,40625;714,875;707,09375;299,53125;173,125;212,84375;171,40625;210,90625;201,15625;199,65625;249,28125;445,53125;337,09375;102,28125;363;492,6875;497,6875;418,6875;354,8125;448,625;410,875;557,5625;277,375;578,53125;288,1875;312,75;409,78125;469,71875;335,0625;515;581,25;546,8125;488,375;442,6875;311,84375;340,59375;372,09375;467,53125;693,0625;341,71875;526,59375;471,40625;651;617,53125;610,3125;396,75;459,8125;253,25;145;188,4375;130,875;4,46875;20,1875;-188,34375;-231,71875;-189,40625;57,71875;-157,96875;-197,3125;-193,875;-139,75;-147,75;-369,78125;-193,875;-221,5;-101,0625;-289,53125;-43,375;-186,6875;-206,125;-153,65625;-260,90625;-152,875;-124,75;-168,09375;-177,375;-274,40625;-136,90625;-125,6875;-71,28125;-224,9375;-203,6875;-251,4375;-217,53125;-221,40625;-71,5;-250,9375;-53,4375;-74,53125;-50,4375;-189,1875;-369,78125;-398,5625;26,1875;-313,5;-284,375;-304,59375;-269,46875;-188,46875;-219,5625;-291,96875;-289,3125;-166,0625;-171,4375;-182,40625;-172,0625;-261,15625;-112,4375;-106,78125;-165,625;-378,46875;-129,375;-10,5625;-135,5625;-226,28125;-271,4375;-192,90625;-159,15625;-24,25;-74,6875;-51,71875;-95,3125;-236,21875;-140,46875;-115,53125;-61,5;27,375;-125,71875;-326,5;-155,71875;17,65625;-191,71875;-272,5625;-165,96875;-186,1875;-146,0625;49,5625;-222,125;-243,1875;-312,375;-332,3125;-97,5;-64;-31,3125;-138,5625;11,65625;-63,53125;-86,46875;-276,3125;-199,5;-241,53125;22,6875;-200,90625;-27,21875;-38,78125;-57,1875;-435,15625;-375,15625;-82,40625;-201,40625;-88,03125;-169,21875;-37;-336,0625;-66,53125;-59,84375;-364,875;144,34375;
31,84375;-142,375;-197,46875;-357,5625;55;-176,75;312,34375;-417,4375;-277,125;-172,3125;-215,0625;-292,96875;-243,78125;-447,40625;-341,71875;-215,34375;-129,75;-238,40625;-343,59375;-359,25;-191,78125;-199,4375;-349,28125;-328,75;-184,53125;-342,125;-32,40625;-235,0625;-535,78125;-345,5625;-193,40625;-209,75;-247,71875;-299,78125;-250,65625;-373,5625;-364,75;-252,59375;-282,5625;-414,34375;-335,3125;-294,46875;-336,6875;-319,78125;-250,90625;-125,25;-451,125;-275,4375;-228,875;-289,875;-312,90625;-268,15625;-287,59375;-282,21875;-387,09375;-338,3125;-335,53125;-239;-285,625;-312,78125;-445,25;-558,6875;-454,5;-239,625;-276,84375;-302,625;-350,46875;-416,9375;-136,21875;-331,0625;-459,65625;-453,5625;-453;-428,53125;-524,65625;-247,65625;-415;-256,9375;-421,03125;-434,25;-467,78125;-408,9375;-417,5625;-536,875;-515,71875;-476,4375;-291;-527,03125;-375,4375;-489,90625;-303,96875;-386,5625;-294,15625;-349,375;-363,1875;-353,09375;-319,71875;-554,625;-428,09375;-430,9375;-407,03125;-430,375;-512,78125;-449,53125;-347,90625;-314,9375;-390,21875;-1,34375;68,84375;-178,71875;-369,25;-165,8125;-84,875;-91,1875;-45,75;-249,34375;-72,625;-145,15625;-42,4375;-60,90625;-268,90625;-81,21875;-110,71875;144,96875;185;276,21875;408,375;150,71875;367,3125;334,6875;521,53125;540,84375;483,4375;294,28125;346,625;447,0625;93,9375;250,53125;36,09375;-98,65625;111,5;141;90,34375;202,40625;291,96875;331,03125;607,03125;666,5;734,78125;727,375;593,21875;823,21875;743,46875;810,53125;564,8125;527,46875;373,90625;236,90625;185,4375;161,75;249,40625;369,28125;405,8125;450,0625;311,9375;293,96875;630,9375;488,84375;510,03125;307,34375;330,84375;274,46875;203,8125;303,1875;475;426,15625;313,25;350,0625;384,5625;572,84375;624,4375;523,96875;485,53125;589,65625;369,1875;470,28125;461,15625;577,875;532,09375;406,65625;717,3125;521,875;612,0625;602,375;550,84375;663,5;610,15625;475,71875;450,9375;386,25;180,3125;118,375;-57,4375;-242,875;-212,40625;-4,125;13,875;-181,3125;74,59375;-207,0625;-21,34375;112,125;-99,3125;-174,15625;-206,6875;-26,1875;-150,96875;-165,0625;-308,8125;-218,34375;-211,65625;-196,8125;-189,5;-161,15625;-174,90625;-216,5625;-275,3125;-209,25;-249,34375;-259,84375;-111,375;-207,59375;-157,875;-306,96875;-169,625;6,40625;-269,75;-231,375;-210,6875;-110,59375;-275,53125;-133,28125;-34,5625;48,125;-66,34375;-385,28125;-209,59375;-211,28125;-252,09375;-157,59375;-224,40625;-181,6875;-126,71875;-86,28125;-95,78125;-52,1875;-212,84375;-206,59375;-153,125;-341,78125;-37,34375;-217,1875;-134,03125;-98,34375;-109,65625;-63,21875;-293,71875;-55,90625;-8,4375;-282,15625;-279,34375;-207,46875;-65,84375;-208,09375;-151,78125;-271,28125;-285,28125;-324,46875;-112,40625;-176,15625;-52,875;40,78125;-205;-14,28125;-74,6875;40,625;-197,875;-180,21875;-32,75;-219,71875;-19,84375;-12,21875;-102,4375;-147,9375;-116,375;-40,6875;-43,59375;104,6875;-12,71875;-43,4375;-150,75;-50,4375;-19,34375;-122,8125;-112,75;-30,6875;-408,3125;269,9375;-7,5;-26,3125;-33,09375;10,6875;-51,96875;-13,4375;-243,375;-232,71875;-135,625;-20,9375;-127,375;60,96875;
49,40625;-126,34375;-127,0625;110,53125;-141,53125;-247,4375;-181,0625;-329,4375;-125,6875;198,8125;-177,3125;-122,15625;-233,28125;-233,65625;-20,8125;-358,34375;-243,375;-252,125;-184,75;-137,25;-268,40625;-98,90625;1282,65625;-287,46875;-169,84375;-291,625;-144,46875;-238,65625;-361,90625;-210,46875;-279,8125;-276,96875;-197,25;-228,25;-233,65625;-207,5;-273,625;-307,34375;-235,09375;-251,3125;25,3125;-316,875;-358,5625;-294,46875;-125,5625;-176,40625;-269,65625;-449,875;-153,90625;-100,15625;-45,9375;-348,53125;-105,6875;-139,25;-38,96875;-253,40625;-377,34375;-483,4375;-178,90625;-121,25;-170,96875;-322,90625;-254;-254,4375;-196,09375;-235;-294,1875;-189,625;-308,875;-182,96875;-283,25;-216,71875;-341,0625;-193,0625;-386,84375;-399,15625;-110,5;-100,96875;-244,5;-262,34375;-252,5;-231,53125;-324,5625;-78,71875;-363,90625;-249,5;-278,875;-286,6875;-350,09375;-253,21875;-383,5;-145,3125;13,09375;-386,90625;-190,5;-361,4375;-225,09375;-344,15625;-252,65625;-186,65625;-367,3125;-108,375;-162,46875;-410,125;-116,25;-23,59375;-221,25;-80,75;-239,28125;-69,96875;-110,625;-21,15625;120,25;171,71875;204,59375;247,34375;141,21875;-16,75;-29,25;58,15625;18,875;-73,75;-10,46875;-7,375;43,4375;166,8125;13,125;359,15625;472,46875;396,65625;315;324,15625;431,75;474,0625;278,78125;233,125;192,3125;198,125;113,875;127,9375;295,875;243,125;318,1875;362,1875;273,875;713,25;458,71875;496,96875;750,96875;803,5;755,96875;785,1875;784,84375;595,40625;606,46875;528,75;78,71875;255,1875;531,3125;528,5;508,5;479,5625;220,28125;422,71875;466,96875;582;756,53125;773,25;759,15625;509,1875;631,71875;616,21875;567,84375;661,9375;594,34375;316,0625;459,90625;545,21875;415,875;618,46875;752,5625;459,25;666,15625;450,59375;633;671,84375;443,5625;647,65625;633,15625;669,96875;651,90625;763;738,625;810,59375;682,53125;922,78125;720,34375;541,40625;571,90625;346,125;631,25;423,53125;344,28125;255,75;88;203,625;46,0625;25,53125;82,03125;150,5;89,875;45,21875;108,4375;-68,9375;60,875;-56,5;92,59375;68,75;-54,5;103,375;-214,5;50,5;-64,03125;-167,59375;32,65625;193,46875;123,90625;110,0625;40,15625;-12,1875;177,65625;47,0625;-54,25;69,5625;-2,625;-66,6875;-67,875;77,84375;138,53125;22,84375;-66,40625;28,3125;30,375;282,1875;111,5625;117,53125;-125,75;185,5625;-148,375;20,09375;253,21875;76,15625;-33,96875;151,25;-4,21875;32,09375;257,03125;-50,8125;-254,53125;65,25;-8,5;60,65625;61,84375;162,3125;225,1875;44,65625;-6,59375;51,03125;-85,4375;-53,0625;62,59375;-254,1875;208,6875;124,875;101,96875;128,84375;-152,3125;45,0625;221,8125;261,21875;203,65625;125,96875;209,625;-21,78125;258,09375;-108,875;244,21875;104,34375;-78,25;94,4375;100,59375;181,78125;16,59375;-28;-1;35;-27,5;-91,65625;3,03125;174,875;352,375;119,03125;101,1875;18,9375;-16,0625;-16,71875;136,46875;-44,75;-17,65625;63,125;285,875;216,09375;70,6875;128,03125;-48,53125;94,875;-20,90625;-83,125;-49,09375;36,75;
-138,75;-316,6875;-249,78125;-207,9375;-126,6875;-106,84375;-277,46875;-142,625;34,5625;-104,9375;-137,1875;-125;-317,125;-5,5625;-318,71875;-194,375;-7,5;-165,53125;-108,625;-125,96875;57,5;-259,875;-518,71875;-393,1875;-235,25;-269,625;-300,78125;-46,6875;-227,71875;-289,0625;-218,96875;-337,40625;-188,625;-344,09375;-301,15625;-347,625;-371,90625;-334,4375;-323,3125;-71,15625;-128,46875;-140,875;-358,625;-579,5625;-361,96875;-288,5625;-235,46875;-346,8125;-394,59375;-175,1875;-145,25;-243,875;-477,9375;-325;-166,46875;-291,9375;-252;-420,53125;-144,625;-136,9375;-287,59375;-334,21875;-446,375;-195,84375;-318,28125;-414,1875;-158,4375;-208,6875;-176,75;-212,5;-317,46875;-344,75;-214,9375;-316,4375;-245,96875;-332,90625;-333;-236,75;-263,28125;-342,59375;-238,40625;-356,34375;-566,15625;-309,875;-493,15625;-432,40625;-357,875;-247,34375;-386,8125;-283;-353,90625;-271,125;-459,46875;-407,5;-357,53125;-314,53125;-448,84375;-237,90625;-398,65625;-387,09375;-256,3125;-365,03125;-438,34375;-289,28125;-160,84375;-423,84375;-242,875;-214,4375;-302,625;-138,59375;0,5;-160,40625;-148,90625;129,75;194,1875;-126,34375;-38,40625;-65,3125;-164,65625;-46,5;-96,15625;-163,78125;-218,96875;-19,0625;-48,5625;27,4375;-82,28125;223,34375;184,28125;445,90625;609,125;355,65625;298,65625;198,46875;283,78125;202,71875;186,03125;82,8125;38,25;127,46875;-180,75;-0,09375;193;94,1875;212,125;400,59375;397,03125;642,875;536,28125;777,96875;724,84375;688,15625;466,34375;344,5;512,53125;272,65625;516,84375;102,6875;258,40625;202,3125;237,78125;329,125;475,25;327,25;569,5625;496,75;461,625;472,65625;573,09375;662,15625;630,84375;560,96875;502,09375;524,71875;348,15625;290,46875;269,15625;446;346,6875;389,1875;139,84375;498,875;389,40625;406,28125;300;438,625;520,375;380,3125;462,59375;436,59375;647,375;550,625;653,0625;704,25;445,6875;677,90625;503,0625;598,125;381,96875;203,8125;194,15625;118,9375;4,46875;111,09375;-56,96875;-36,53125;2,40625;-211,90625;-60,375;-76,40625;62,96875;-182,5625;30,625;-113,4375;-105,90625;-111,65625;-155,15625;-159,5;-217,3125;-103,15625;-234,90625;11,3125;-162,90625;-63,8125;-119,21875;214,28125;-143,21875;49,5625;-211,59375;95,0625;-100,0625;-253,40625;37,21875;-0,09375;-0,53125;-20,8125;8,25;-60,5625;-119,6875;-207,1875;88,53125;-65,8125;-5,8125;-36,71875;-149,53125;-84,96875;255,9375;82,25;17,375;96,125;100,25;-41,6875;-264,84375;-113,3125;-45,9375;-10,5625;47,96875;-298,84375;-6,34375;-164,1875;-40,0625;-91,28125;26,09375;-224,03125;-59,96875;-43,125;-182,53125;-112,09375;-206,1875;29,78125;9,15625;14,25;98,5;-106,03125;31,96875;32,78125;64;87,40625;5;-16,3125;4,25;-22,28125;166,0625;117,8125;52,8125;-6,9375;-69,34375;65,625;-216,84375;-5,71875;-108,6875;8,25;-350,46875;-74,03125;-70,09375;-92,96875;60,34375;138,125;-45,90625;-79,65625;58,71875;-27,40625;133,09375;-14,65625;-116,9375;-39,1875;-156,90625;79,96875;17,65625;-61,875;78,96875;43,3125;-77,03125;-16,53125;-187,21875;94,34375;171,375;-48,75;12,3125;-141,375;
3,21875;-162,03125;218,34375;-200,03125;-99;-140;-340,3125;-103,5;-16,0625;-163,375;-276,53125;-235,75;-30,40625;-250,78125;-99,375;146,21875;-53,1875;81,59375;-83,21875;-23,4375;-262,25;-74,46875;-185,78125;-92,9375;51,4375;68,125;-153,8125;145,03125;-102,03125;-104,5625;-312,78125;-505,125;-162,75;-246,28125;-230,40625;-158,625;23,28125;-164,125;64,4375;64,28125;-159,4375;-171,6875;-345,53125;-109,9375;-214,875;-265,59375;-361,53125;-144,4375;-375,78125;-112,40625;-269,28125;-235,90625;-177,5;-158,875;-239,375;-353,1875;-308,03125;-286,8125;-147,46875;-182,625;-324,34375;-230,3125;-191,09375;-124,75;-53,625;-50,46875;-220,78125;-360,9375;-175,625;-142,0625;-121,21875;-174,4375;-301,6875;-203,90625;-237,5625;-95,9375;-359,65625;-218,09375;-197,875;-228,96875;-152,4375;-191,40625;-202,375;-33,375;-296,875;-364,15625;-201,4375;-103,375;-165,09375;-284,5625;-178,5625;-147,6875;-279,5625;-149,71875;-133,0625;-320,96875;-156,875;-285,71875;-261,1875;25,21875;-251,21875;-196,15625;6,96875;-319,84375;-328,3125;-289,15625;-127,375;-240,6875;-124,1875;58,8125;-109,34375;-26,625;102,5625;185,21875;124,28125;56,25;-191,3125;113,5625;-281,09375;-332,8125;-283,3125;-186,6875;-112,6875;-284;-9,5625;39,21875;55,3125;225,78125;132,78125;310,3125;195,375;374,09375;295,0625;262,34375;259,78125;23,78125;-86,09375;5,875;-184,0625;-12,5;98,25;28,5625;84,46875;-28,25;390,96875;336,3125;537,59375;362,9375;704;505,53125;501,53125;541,25;623,40625;341,6875;513,5625;340,84375;227,75;66,21875;186,34375;105,03125;257,6875;471,78125;462,59375;532,1875;485,3125;464,125;593,34375;632,90625;649,1875;656,1875;541,125;581,5;308,46875;504,71875;486,75;313,4375;488,84375;408;351,3125;121,625;450,9375;602,40625;485,78125;603,25;401,6875;479,3125;439,59375;399,21875;465,8125;599,65625;534,09375;565,9375;647,6875;652;655,0625;458,75;546,90625;450,6875;243,75;270,4375;262,96875;51,625;105,5;32,96875;-0,3125;-5,15625;63,25;163,625;-73,3125;11,8125;2,96875;74,59375;-86,125;-130,9375;50,5625;84,40625;-190,1875;100,09375;-126,8125;64,03125;86,28125;-102,71875;-173,6875;-47,78125;1,28125;10,6875;92,8125;-16,875;57,1875;50,6875;-242,90625;-161;-199,3125;-176,21875;-16;51,75;-126,9375;-77,09375;-64,25;137,65625;-10,21875;-33,6875;-19,53125;4,6875;-344,625;-78,4375;-42,21875;-103,375;94,125;7,25;-107,78125;-109,71875;163,4375;-93,53125;-67,75;-14,0625;-228,21875;122,71875;-69,78125;-98,34375;-75,53125;-106,125;70,96875;-41,40625;79,53125;-132,71875;-62,09375;34,90625;-101,9375;-158,5;-25,9375;-50,5;48,78125;-120,0625;-152;-64,1875;112;31,625;-42,59375;-294,71875;-163,125;-8,78125;7,75;-116,03125;-33,75;148,25;-178,5;182;-6,8125;-38,4375;-122,03125;-139,34375;-137,21875;128,5625;152,71875;61;224,34375;169,8125;-43,28125;-77,1875;-215,71875;-74,59375;-40,4375;10;-146,3125;41,5;35,625;-27,59375;127,09375;46,3125;221,96875;109,03125;128,40625;12,46875;92,53125;95,875;18,46875;-54,5;11,625;193,75;
-278,0625;-250,4375;-150,40625;-304,625;-409,4375;-93,875;-191,625;-77,15625;-340,1875;1333;-267,96875;-197,78125;-277,03125;-321,75;-89,15625;-226,84375;-310,03125;-232,71875;-293,03125;-255,6875;-381,03125;-267,15625;-406,625;-423,40625;-413,53125;-388,8125;-245,4375;-298,34375;-268,71875;-113,03125;-426,6875;-316,75;-264,84375;-410,625;-282,5625;-316,5625;-459,71875;-384,4375;-309,15625;-478,5;-392,4375;-334,90625;-388,34375;-188,53125;-483;-347,46875;-434,71875;-446,625;-246,3125;-261,8125;-316,59375;-239,3125;-222,875;-280,1875;-355,65625;-203,59375;-528,0625;-331,125;-311,78125;-325,65625;-465,25;-362,96875;-497,8125;-402,59375;-386,40625;-369,25;-449,1875;-488,8125;-390,75;-311,09375;-148,125;-248,46875;-342,15625;-570,28125;-420,875;-466,9375;-391,84375;-393,84375;-558,09375;-401,125;-442,9375;-471,0625;-421,25;-487,53125;-360,4375;-379,71875;-457,34375;-193,90625;-417,25;-384,1875;-278,25;-317,3125;-432,21875;-168,09375;-364,125;-627,125;-468,90625;-432,90625;-475,34375;-439,25;-591,78125;-424,875;-426,15625;-229,15625;-296,78125;-352,59375;-464,6875;-385,3125;-387,15625;-291,8125;-69,5625;-96,4375;-149;-145,34375;-264,875;-374,40625;-233,6875;-316,6875;-228,4375;-297,96875;-298,1875;-531,9375;-384,15625;-320,71875;-246,03125;-243,40625;-23,09375;-85,5;-91,09375;36,15625;-51,15625;124,4375;51,96875;236,46875;61,0625;-304,40625;-120,53125;-96,125;-167,96875;-66,09375;-107,46875;-249,40625;-53,78125;-195,3125;110,40625;133,90625;246,09375;338,9375;282,28125;454,1875;271,03125;243;282,59375;161,6875;234,03125;154,21875;-48,28125;-71,65625;-41,625;-34,03125;-83,46875;31,5;307;208,5;307,5625;304,40625;192,4375;236,03125;382,84375;305,78125;396,0625;382,46875;534,53125;116,90625;299,4375;468,59375;165,78125;220,15625;36,34375;78,8125;420,40625;174,21875;187,0625;246,28125;156,5;193,96875;123,15625;265,0625;360,4375;581,3125;392,3125;389,28125;462,78125;197,21875;355,34375;434,6875;211,65625;390,15625;255,4375;165,0625;-80,46875;-146,5;-165,34375;-49,03125;17,59375;-258,15625;-360,46875;-162;-152,46875;-115,6875;-229,28125;-234,46875;-153,6875;-121,6875;-74,6875;-314,6875;-273,84375;-151,34375;-289,90625;-234,53125;-142,53125;-74,96875;-258,4375;-155,09375;-36,5625;-278,5;-247,0625;-102,3125;-314;93,25;-233,34375;-173,53125;-259,625;-169,34375;-61,34375;-275,25;-302,375;102,5;-166,25;-190,78125;-302,21875;-277,625;-162,78125;-243,8125;-101,03125;-153,90625;1,0625;-122,84375;-168,375;-36,84375;-117,75;-100,46875;-97,5;-206,4375;-294,375;-126,90625;-52,4375;-64,03125;-138,34375;-331,25;-294,90625;-189,15625;-100,28125;-3,625;26,46875;-72,25;-260,15625;-128;-74,59375;-239,65625;-168,75;-94,40625;14,46875;-195,8125;-287,84375;31,09375;-172,3125;-237,375;-242,625;-147,90625;-99,5625;-65;-206,03125;-95,09375;-217,9375;-193,09375;-281,125;28,40625;-0,40625;-351,9375;-138,71875;5,125;3,25;-13,40625;-161,78125;-220,6875;-90,46875;34,34375;141,15625;-59,90625;-166,71875;-79,0625;-80,125;-44,375;-10,625;-94,1875;-92,3125;28,21875;-83,96875;17,6875;94,5;39,625;-31,25;-141,9375;-50,40625;97,3125;221,25;-102,5;-103,25;-303,8125;
-22,15625;-159,78125;-127,96875;-394,15625;-90,5;210,34375;-220,28125;-169,59375;-378,0625;-488,59375;-194,6875;-302,1875;-299,34375;-161,4375;-216,25;-79,09375;-223,28125;-222,25;-160,9375;-264,71875;-299,875;-241,9375;25,15625;-178,03125;-304,03125;-290,9375;-268,59375;-340,65625;-216,25;-334,625;-258,78125;-172,53125;-175,125;-309,1875;-232,96875;-450,9375;-212,5625;-392,96875;-408,125;-208,875;-219,4375;-285,125;-153,21875;-275,71875;-326,28125;-202,53125;-155,15625;-199,09375;-179,71875;-266,34375;-449,90625;-218,125;-429,5625;-410,34375;-364,46875;-198;-300,0625;-368,40625;-371,8125;-250,65625;-418,1875;-252,8125;-273,875;-194,4375;-393,0625;-214,15625;-540,03125;-249,65625;-208,4375;-223,96875;-232,09375;-325,40625;-297,6875;-235,28125;-351,125;-336,90625;-389,15625;-364,875;-393,15625;-237,40625;-473,84375;-293,40625;-413,6875;-654,53125;-409,375;-390,625;-512,09375;-439,28125;-467,0625;-253,21875;-391,375;-343,75;-408;-404,03125;-177,6875;-290,125;-269,125;-282,15625;-556,34375;-502,59375;-295,5625;-212,15625;-330,0625;-457,40625;-359,90625;-570,6875;-215,46875;-287,75;-142,5;-55,78125;-360,21875;-239,40625;7,15625;-55,375;61,625;-188,71875;-211,5625;-319,8125;-621,8125;-200,78125;-382,40625;-352,375;-269,125;-116,125;-185,53125;-405,625;-137,1875;-178,90625;-57,25;-110,53125;228,96875;-15,9375;299,40625;143,09375;81,3125;-63,8125;-112,78125;-59,59375;-322,46875;-113,46875;-427,0625;-428,625;-232,125;-81,5;-83,625;-24,46875;259,9375;243,34375;217,46875;335,78125;592,8125;259,65625;191,34375;211,84375;169,9375;102,09375;-27,53125;112,25;58,6875;-74,28125;94,25;15,71875;-58,75;199,84375;311,34375;258,96875;400;482,53125;487,96875;491,25;251,96875;364,4375;422,15625;141,125;205,75;-46,25;173,5625;185,28125;52,75;0,5625;155,96875;233,875;221,15625;202,28125;141,09375;308,53125;339,625;127,3125;257,625;480,84375;361,40625;271,875;526,8125;524,5;563,03125;325,21875;155,34375;153,15625;101,9375;207,84375;-66,59375;-215,65625;-110,9375;-136,0625;-260,03125;-83,5625;-313,71875;-148,75;-282,21875;-265,71875;-136,28125;-217,0625;-210,375;-173,15625;-149,40625;-303,1875;-338,71875;-142,53125;-169,46875;-62,15625;-170,0625;-212,40625;48,28125;-94,3125;7,53125;-299,9375;-77,78125;-133,96875;-200,09375;-72,125;-152,09375;-218,65625;-115,9375;-195,1875;-20,25;-65,84375;-228,5;-48,75;-21,9375;170,3125;-48,09375;-201,96875;-146,8125;-121,71875;-109,53125;-178,5;86,25;-60,03125;-19,9375;-51,1875;-188,90625;-41,6875;-278,75;-123,40625;-143,78125;-125,625;-21,53125;-0,25;-125,75;-148,65625;-114,15625;-62,21875;-99,96875;-288,3125;-4,46875;-208,75;-198,90625;-120,5;-37,5625;-154,90625;-35,90625;-92,78125;6,25;-97,65625;-17,375;-306,59375;-152,125;77,875;-185,71875;-123,6875;9,6875;-202,5;-45,5;-73,28125;-135,65625;-150,40625;-9,625;-41,25;-251,0625;-97,03125;99,25;-197,21875;-55,1875;-89,84375;-291,3125;-67,125;-254,75;-113,875;11,0625;-34,09375;-177,59375;-146,03125;-73,09375;-23,6875;-45,09375;-116,125;23,75;-90,25;-235,875;-42,5625;-203,0625;-65,71875;36,1875;108,78125;103,21875;-250,90625;31,625;-33,1875;138,53125;-43,8125;
-221,625;42;-474,3125;-158,3125;-248,75;-394,03125;-179,53125;-140,75;-386,875;-204,09375;-297,3125;-325,90625;-41,0625;-123,90625;-46,15625;-205,71875;-189,6875;-174,59375;-212,9375;-326;-123,1875;-255,53125;-259,65625;-452,96875;-196,5;-449,5;-174,25;-338,375;-509,40625;-458,625;-352,78125;-396,75;-443,1875;-125,90625;-402,09375;-324,46875;-295,59375;-281,03125;-268,46875;-302,625;-265,25;-266,53125;-159,40625;-320,5625;-222,53125;-303,15625;-266,59375;-292,5625;-145,5625;-353,53125;-295;-399,125;-426,75;-145,90625;-359,6875;-358,1875;-333,375;-346,90625;-425,9375;-402,84375;-78,96875;-362,0625;-266,6875;-372,71875;-442,5625;-285,78125;-225,28125;-152,875;-347,6875;-367,75;-335,875;-295,375;-341,90625;-356,65625;-402,09375;-434,375;-480,65625;-391,25;-256,6875;-412,1875;-421,90625;-370,53125;-427,15625;-368,40625;-440,59375;-590,5625;-235,40625;-430,28125;-267,8125;-368,90625;-361,875;-451,625;-418,8125;-527,1875;-274,46875;-341,65625;-133,09375;-341,5;-605,90625;-441,375;-605,65625;-263,78125;-353,3125;-443,6875;-353,96875;-381,78125;-447,6875;-124,84375;-233,6875;-227,34375;-81,09375;-190,5625;-66,21875;-65,96875;-257,1875;-67,84375;-279,09375;-139,78125;-228,09375;-310,375;-188,125;-301,96875;-406,125;-132,15625;-393,375;-433,25;-5,03125;53,65625;-61,21875;223,53125;-13,8125;120,5;4;39,59375;-45,96875;15,25;-88,1875;-249,40625;-184,5;-183,5625;-189,4375;-196,0625;-101,46875;22,5625;55,90625;113,5;243,03125;132,3125;259,21875;391,875;335,75;199,875;382,0625;276,5;46,15625;-46,15625;-203,65625;-79,1875;-278,65625;-57,875;-133,125;-63,1875;-178,6875;154,78125;236,78125;381,6875;333,3125;549,40625;569,84375;537,71875;303;151,34375;417,34375;279,78125;196,34375;329,96875;53,8125;77,53125;175,8125;239,90625;17,8125;108,4375;59,8125;161,40625;284;94,625;177,34375;263,0625;290,09375;278,71875;457,28125;513,21875;227,71875;400,03125;390,6875;284,40625;212,46875;274,1875;78,5625;219,15625;-121,5625;232,90625;45,90625;-193,53125;-58,09375;-150,875;-14;19,375;-131,46875;-48,875;-104;-98,25;-117,09375;-174,375;-191,6875;-52,9375;-240,09375;0,25;-8,9375;-327,78125;-302,65625;-39,09375;-251,375;-100,59375;-26,90625;-197,8125;-109,90625;25,78125;-205,28125;-88,15625;-207,84375;-108,28125;-122,9375;-118,96875;-198,65625;-123,8125;-175,8125;-88,90625;-173,53125;-77,71875;-2,875;-138,625;-25,84375;-70,71875;-68,09375;69,375;-63,0625;-92,15625;-98,71875;-82;-114,59375;-228,75;-179,875;-41,375;-153,5;-171,1875;-275,375;-34,78125;12,84375;-219;1,53125;-168,3125;-116,71875;-123,4375;-43,59375;-99,59375;-72,25;-159,9375;-270,125;-131;-206,9375;-79,6875;-158,125;-120,46875;-115,78125;-10,34375;-209;-29,15625;-132,1875;-118,875;-177,625;-118,78125;-92,625;-71,6875;-172,71875;-205,875;-82,375;-62,4375;-124,40625;-179,8125;-93,75;-51,84375;-11,875;-142,03125;-57,5;-55,15625;-55,34375;118,875;-82,71875;-70,46875;-92,96875;88,46875;44,21875;-223,21875;51,28125;-84,65625;-99,96875;150,0625;-12,21875;182,96875;26,3125;-62,25;-144,15625;-76,21875;59,53125;133,3125;107,0625;-52,9375;135,84375;-76,84375;
-158,71875;-307,46875;-92,125;-326,78125;-273,6875;-340,90625;-170,0625;-146,15625;-235,5;-95,28125;-133,25;-53,4375;-419,40625;-262,09375;-210,21875;-33,53125;-127,15625;-226,75;-401,21875;-105,34375;-439,375;-251,34375;-215,46875;-39,71875;-333,9375;-243,53125;-370,21875;-385,65625;-266,25;-207,75;-293,78125;-294,5625;-500,8125;-564,3125;-315,8125;-260,09375;-307,625;-93,1875;-198,8125;-325,3125;-369,53125;-409,25;-186,15625;-419,15625;-328,34375;-245,8125;-192,25;-158,96875;-237,1875;-172,59375;-336,125;-162,625;-344,25;-296,8125;-188,28125;-226;-289,5625;-638,96875;-529,90625;-440,28125;-386,53125;-181,84375;-152,4375;-88,5;-335,6875;-257,59375;-141,21875;-381,3125;-87,15625;-245,6875;-230;-364,15625;-305,84375;-400;-247,15625;-217,15625;-372,4375;-345,6875;-204,09375;-323,03125;-280,40625;-189;-549,28125;-432,09375;-347,53125;-614,09375;-371,4375;-260,46875;-275,75;-244,1875;-324,90625;-304,875;-358,5;-491,59375;-434,125;-434,34375;-286,5;-257;-286,75;-253,25;-226,875;-439,28125;-383,40625;-448,75;-199,6875;-235,1875;-267,03125;-348,5625;-319,15625;-202,59375;-289,40625;-130,96875;-153,03125;-2,875;-186,21875;-206,0625;-181,09375;-143,625;-210,78125;-246,25;-172,5625;-86,1875;-159,25;-227,0625;-291,4375;-198,96875;-102,28125;-166,3125;-32,875;-220,75;78,59375;68;-16,1875;-95,5;-187,84375;-108,3125;-71,5625;-160,59375;-219,375;-33,21875;-339,9375;-414,65625;-91,78125;-353,15625;19,5;140,40625;239,53125;107,5;254,96875;201,96875;344,1875;255,21875;-28,0625;205;45,3125;173,84375;-295,28125;-37,625;-2,84375;-53,71875;-57,15625;163,78125;241,8125;76,90625;81,8125;284,0625;373,4375;388,75;322,4375;236,1875;22,375;140,75;238,125;114,6875;129,8125;393,75;61,8125;24,78125;-27,375;1,3125;333,1875;-43,84375;100,40625;111,4375;97,1875;-8,84375;90,71875;-26,28125;93,875;-201,5;296,65625;251,9375;468,21875;268,03125;376,8125;271,90625;253,25;169,71875;277,625;84,84375;-98,75;-242,25;-196,71875;-172,1875;-99,71875;-145,53125;-85,8125;53,0625;-241,59375;151,40625;-183,59375;-119,4375;-176,6875;-192,875;-8,71875;-174,1875;-181,40625;-76,875;-87,40625;-85,71875;-143,125;124,65625;-97,75;-46,59375;235,8125;-63,71875;63,125;-225,03125;-33,0625;-104,125;-210,5;-63,40625;-145,84375;29,96875;-74;-163,21875;-57,96875;13,09375;-15,15625;-12,25;-59,125;-70,125;-120,0625;-153,96875;-169,15625;44,90625;-153,09375;-210,8125;-192,8125;-269,90625;-65,25;-225,46875;116,25;-175,46875;-49,59375;79,59375;-67,28125;-85,03125;-13,375;-206,25;27,28125;-125;-73,875;6;-30,65625;-94,5;-103,1875;-24,84375;5,34375;-115,90625;-89,59375;-233;-1,53125;-108,46875;-134,90625;-203,28125;-139,1875;-153,375;-73,40625;60,03125;25,9375;-54,59375;-163,4375;-2,96875;-33,28125;19,78125;-112,96875;54,59375;-115,75;-55,0625;-136,46875;-158,6875;-300,375;-51,0625;-57,875;-50,84375;-182,25;190;15;63,25;143,96875;-86,71875;23,6875;-65,8125;-15,90625;24,4375;-140,28125;19,625;-123,875;-232,3125;-18;-43,875;238,65625;14,375;39,75;64,65625;44,84375;142,6875;-108,46875;-31,53125;
60,71875;-132,875;-172,5625;-232,59375;75,03125;-122,5;-140,40625;-48,53125;-237,6875;-91,59375;60,03125;-55,03125;-400,34375;-178,59375;75,75;-27,59375;-18,9375;-121,875;-104,125;-246,46875;-104,875;-181,71875;-211,65625;-321,6875;-224,03125;-240,28125;59,40625;-75;-173,875;-361,59375;-256,03125;-224,03125;-36,28125;-310,75;-235,8125;-219,375;-184,875;-236,375;-389,25;-202,0625;-181,28125;-251,1875;-103,46875;-221,65625;-274,40625;-76,96875;-300,3125;-152,78125;-186,96875;-143,96875;-172,09375;-187,125;-263,78125;-350,34375;-245,09375;-457,8125;-246,28125;-170,3125;-375,3125;-136,9375;-355,625;-262,1875;-311,1875;-341,03125;-231,5;-300,25;-377,4375;-200,09375;-106,375;-247,96875;-259,40625;-277,25;-239,34375;-227,625;-143,84375;-4,3125;-166,09375;-348,21875;-365,375;-285,53125;-432,78125;-416,15625;-407,71875;-455,71875;-299,96875;-285,3125;-296,65625;-227,21875;-71,65625;-555,46875;-401,34375;-178,53125;-437,65625;-384,375;-240,125;-241,25;-207,1875;-250,6875;-85,53125;-176,71875;-360,5625;-317,09375;-337,46875;-138,09375;-521,21875;-104,625;-438,15625;-352;-500,84375;-201,875;-84,40625;-113,46875;13,59375;-130,875;-23,875;-33,46875;-100,78125;-160,78125;-208,3125;-360,1875;-281,875;-156,03125;-231,84375;-251,9375;-356,375;-157,875;-179,84375;-34,9375;5,6875;38,53125;-3,1875;223,46875;6,34375;130,4375;23,15625;74,34375;31,5625;-234,15625;-128,5625;-124,46875;-188,0625;-324,46875;-187,0625;-89,84375;-204,21875;-138,6875;-161,15625;59,28125;193,6875;217,84375;328,40625;90,9375;55,90625;52,875;-42,28125;-173,25;120,3125;-101;-212,78125;-71,71875;-7,3125;-128,4375;-170,53125;186,8125;39,0625;45,90625;221,125;317,375;397,96875;324,40625;269,03125;284,875;248,15625;245,53125;-49,3125;46,78125;35,625;-11,71875;27,09375;5,8125;177,375;52,46875;198,09375;95,96875;58,71875;173,84375;124,21875;206,875;199,71875;422,625;309,71875;169,5;110,3125;249,0625;252,65625;233,84375;-82,6875;135,40625;40,4375;177,21875;-83,84375;-122,71875;14,78125;107,59375;-69,46875;-126;-178,78125;-222,9375;100,9375;-404,3125;33,375;115,59375;-168,875;34,96875;-169,90625;79,625;-21,1875;9,75;-124,15625;52,125;-17,59375;37,34375;-113,75;-34,15625;-7,875;-13,34375;-57,28125;56,28125;38,5;41,46875;56,21875;-99,65625;-53,78125;18,9375;-82;-121,59375;-44,9375;-30,4375;-90,125;-216,53125;-40,4375;112,1875;-11,03125;12,09375;-52,90625;-82,53125;-106,9375;-17,9375;-24,09375;-149,15625;1,59375;109,125;-59,6875;28,1875;38,59375;-149,71875;4,15625;25,9375;12,1875;-132,1875;82,5625;-110,15625;-46;-47,34375;-113,71875;154,28125;-123,03125;-29,0625;-144,03125;-161,75;-53,625;201,46875;-31,28125;22,75;-14,9375;-63,9375;-245,875;-49,5;59,3125;-169,65625;-158,40625;67,9375;250,03125;-38,0625;-76,1875;97,46875;-120,65625;-3,96875;30,09375;-2,1875;-228,21875;-23,28125;80,4375;-55,71875;176,59375;95,90625;19,78125;-107,15625;-56,84375;112,46875;-31,0625;90;73,84375;47,3125;52,0625;-11,96875;-75,65625;-126,59375;76,875;-6,375;1735,34375;-8,65625;-177,1875;-30,0625;45,1875;21,09375;141,96875;127,6875;45,1875;-4,34375;
-65,875;126,8125;214,59375;2,5625;-42,59375;-22,15625;-22,28125;-22,625;-97,40625;-16,875;-88,03125;-160,84375;-121,0625;-37,28125;-63,03125;-100,5;-79,65625;61,5625;-225,75;-228,84375;-67,0625;-321,5;-286,5;-247,03125;-208,8125;-150,6875;-254,125;-141,5625;-175,46875;-239,78125;47,3125;-118,4375;42,375;-124,34375;-57,90625;-167,875;-243,6875;-156,5;-148,0625;-265,4375;-110,125;-73,21875;-329,9375;-78,875;-0,46875;-13,03125;-309,625;-200,4375;-205,84375;-94,09375;-205,46875;-43,125;-255,8125;-252,125;-364,96875;-8,125;-264,84375;-266,375;-236;-272,8125;-166,9375;-307,125;-367,875;-215,96875;-258,65625;-179,71875;-253,0625;-439,78125;-188,40625;-324,125;-233,34375;-234,15625;-416,59375;-142,46875;45,21875;-231,5;-233,75;-217,65625;-245,0625;-242;-169,28125;-8,5;-231,21875;-325,5625;-248,375;-230,65625;-175,5625;-204,25;-260,4375;-243,1875;-417,96875;-372,0625;-410,59375;-336,34375;-272,125;-225,90625;-411,21875;-332,625;-346,34375;-338,53125;-161,4375;-49,4375;-319;-299,03125;-247,03125;-415,1875;-259,8125;-311,34375;-235,03125;-235,0625;-68,03125;91,75;33,875;130,09375;86,25;-126,84375;-6,9375;-165,15625;-88,46875;-131,28125;-437,28125;-193,5625;-114,78125;-166,96875;-81,40625;-257,53125;-114,375;-180,0625;-34,5625;-119,28125;90,25;62,03125;104,9375;-151,21875;125;-72,5;34,375;97,59375;18,84375;-29,03125;-69,875;-154,4375;-115,8125;-36,375;-382,4375;-158,1875;47,65625;235,625;-6,5625;124,03125;218,09375;190;115,53125;75,53125;9,1875;-50,6875;55;-9,0625;-27,75;-141,375;-200,78125;183,78125;-40,53125;205,40625;240,96875;26;213,46875;383,78125;120,5;388,6875;431,0625;323,9375;206,28125;171,59375;251,6875;-36,78125;18,1875;-82,25;61,5625;-43,28125;139,75;49,0625;-21,5625;134,71875;138,21875;288,78125;64,53125;85,5;240,75;413,46875;303,15625;170,1875;336,28125;170,90625;257,5;287,875;3,875;20,21875;226,71875;136,09375;-46,59375;-21,59375;65,875;-129,0625;-131,5625;109;95,625;-19,21875;-139,5625;-151,1875;-95,25;78,5;-150,84375;-208,9375;128,5;6,21875;-179,625;-176,6875;111,09375;-51,1875;33,78125;-220,78125;10,09375;-140,375;-152,40625;-201,09375;-257,84375;157,03125;103,4375;206,78125;20,21875;-28,78125;36,90625;44,46875;-12,1875;-66,21875;-23,46875;-190,4375;6,65625;55,75;149,84375;-170,0625;42,03125;-136,59375;57,0625;17,5625;9,03125;-208,40625;-33,40625;-42,03125;4,34375;175,0625;113,65625;14,0625;247,46875;15,9375;15,4375;-51,5;77;185,90625;56,4375;28,90625;188,125;96,40625;212,90625;-86,375;-120,375;10,1875;-109,28125;-111,6875;15,59375;-176,34375;11,25;122,25;17,15625;-3,78125;166,15625;-129,25;-64,59375;43,21875;87,25;57,875;-6,5;112,5625;-88,71875;-133,90625;58,09375;-42,3125;-5,03125;59,25;-243,0625;25,4375;-118,71875;-70,6875;125,6875;162,53125;-120,0625;-167,65625;113,78125;-97,5625;33,1875;-49,125;-79,65625;103,46875;-31,9375;55,4375;96,5;-70,9375;-65,625;4,90625;8,125;60,65625;-122,15625;-203,40625;-108,46875;-15,1875;-16,90625;69,0625;64,34375;65,59375;
-229,71875;-175,8125;-4,3125;-227,90625;-168,34375;-36,15625;-158,21875;-26,90625;-34,875;-98,75;-90,4375;-161;-183,21875;-67,1875;-145,53125;-177,4375;-268,0625;-166,03125;-98,5625;-403,03125;6,65625;-450,78125;-211,84375;-140,4375;-175,28125;-221,40625;-270,1875;-225,34375;-264,09375;-448,0625;-288,125;-158,21875;-208,8125;-304,46875;-315,15625;-317,875;-383,71875;-166,46875;-273,90625;-141,0625;-87,84375;-278,46875;-169,71875;-284,15625;-306,9375;-135,34375;-235,875;-409,03125;-329,90625;-176,03125;-502,5;-232,375;-235,09375;-197,15625;-234,28125;-381,1875;-422,46875;-176,8125;-418,03125;-476,90625;-411,125;-172,21875;-76,96875;-256,90625;-292,46875;-290,375;-88,0625;-192,03125;-289,78125;-243,46875;-356,40625;-316,96875;-483,0625;-376,375;-214,3125;-540,71875;-101,1875;-199,5625;-425,8125;-377,96875;-405;-399,65625;-441,6875;-375,15625;-352,8125;-367,21875;-520,0625;-301,5;-234,09375;-215,96875;-383,40625;-420,4375;-467,03125;-227,15625;-250,59375;-442,5625;-530,84375;-375,25;-231,6875;-449,03125;-171,6875;-332,3125;-91,125;-348,6875;-476,625;-348,1875;-225,84375;-393,1875;-467,8125;-79,375;17,0625;-113,84375;84,375;-7,9375;-132,28125;-22,03125;16,3125;-153,625;-199,96875;-272,53125;-249,65625;-151,40625;-109,96875;-159,3125;-156,90625;-122,75;22,78125;51,3125;68,21875;-118,46875;31,21875;70,34375;-37;-124,90625;166,3125;4,78125;-42,15625;-60,71875;-273,59375;-358,5;-260,21875;-453,9375;-203,90625;-213,78125;-16,65625;-243,09375;74,03125;-46,09375;14,28125;174,78125;12,21875;139,8125;190,15625;68,78125;29,03125;45,96875;3,65625;-22,40625;-96,1875;-189,9375;-8,46875;-16,09375;-27,96875;115,59375;48,09375;60,78125;250,46875;159,59375;-19,46875;-72,375;27,90625;0,5;73,0625;77,84375;-119,34375;-62,375;-70,28125;-201,875;-114,5;-11,3125;44,75;-99,40625;3,75;107,1875;-169,46875;101,90625;-26,5625;-189,90625;13,75;200,8125;-58,1875;144,5;157,71875;364,84375;186,25;179,5;93,25;-66,03125;3,5;-151,125;75,65625;-226,90625;-334,53125;-73,625;-144,84375;-281,78125;-14,59375;-8,34375;-171,96875;-179;-181,65625;66,25;-199,84375;-80,34375;-124,1875;-57,4375;-74,375;-120,90625;-40,21875;-51,71875;-131,875;3,34375;-97,3125;-118,40625;-279,375;-115,25;-48,5;-117,25;-121,1875;-245,625;-82,4375;-157,90625;-189,53125;51,96875;-99,53125;-249,53125;-6,90625;10,5625;21,5;-75,125;-122,09375;-82,0625;-22,8125;-75,21875;-53,65625;91,46875;-128,28125;-127,53125;-82,65625;-8;53,1875;66,3125;-146,75;61,59375;15,15625;44;-100,25;70,75;-11,8125;-206,90625;-196,3125;57;-69,5;-68,34375;-85;-91,53125;-228,5625;-3,25;-40,78125;-97,375;-247,96875;48,75;252,3125;-85,59375;-137,21875;-105,96875;-49,5625;4,625;-224,875;-29,15625;-72,375;-8,75;-52,5625;22,5625;-90,46875;-23,8125;-194,71875;-21,0625;-13,96875;12,71875;-215,3125;138,53125;-114,875;-24,34375;-118,28125;3,09375;45,625;-160,96875;-49,96875;-140,71875;-39,5;-137,34375;-28,40625;-8,8125;4;-3,875;45,3125;132,875;-92,625;185,5625;12,6875;59,21875;-18,8125;-27,90625;-1,21875;25,71875;35,75;-166,6875;117,125;-126,34375;
-210,59375;-380,9375;-288,59375;-324,65625;-187,03125;-189,53125;-383,875;-284;-202,78125;-25,3125;-126,75;-85,84375;-195,21875;-157,75;-172,5;-410,3125;-198,8125;-271,6875;-220;-48,5;-217,90625;-222,25;-249,03125;-328,0625;-368,40625;-632,4375;-445,90625;-439,40625;-150,1875;-244,71875;-325,9375;-462,65625;-202,28125;-365,09375;-322,28125;-171,40625;-298,53125;-354,53125;-222,71875;-344,96875;-222,21875;-78,6875;-432,6875;-297,75;-319,96875;-260,78125;-233,3125;-176,5;-296,90625;-392,0625;-328,4375;-212,5;-438,9375;-578,65625;-428,09375;-264,9375;-601,46875;-324,375;-417,21875;-577,78125;-221,53125;-490,5625;-269,9375;-293,5;-308,9375;-333,75;-477,28125;-424,75;-308,28125;-233,90625;-455,4375;-226,90625;-479,25;-357,75;-557,84375;-257,96875;-387,09375;-283,0625;-274,8125;-381,3125;-371,28125;-464,1875;-327,46875;-341,34375;-472,21875;-233,625;-388,34375;-341,125;-447,75;-458,5625;-303,84375;-422,84375;-446,15625;-364,5625;-341,46875;-307,65625;-309,03125;-480,875;-427,375;-409,6875;-229,6875;-343,03125;-433,1875;-350,78125;-334,90625;-485,3125;-445,90625;-524,71875;-294,78125;-379,5;-183,875;-69,09375;2,25;37,15625;43,375;-85,78125;-37,59375;30,21875;-149,53125;-22;-197,90625;-316,9375;-176,1875;23,9375;-280,21875;-123,75;-98,78125;-79,15625;-180,21875;121,0625;251,40625;17,9375;44,15625;-1,59375;90,5;57,25;-56,5625;-229,5625;-304,15625;-219,21875;-257,78125;-72,5;-241,4375;-223,84375;-305,0625;-144,46875;-91,6875;-111,6875;188,28125;9,65625;50,65625;-159,6875;139,03125;115,9375;-14,875;-63,75;-46,96875;-183,03125;-138,90625;-29,25;-43,8125;-75,375;-187,28125;-217;-101,78125;-38,90625;95,5625;261,8125;-30,375;68,03125;112,09375;101,46875;254,46875;41,28125;149,78125;-87,71875;-247,84375;-75,96875;-118,34375;-64,125;-160,875;-169,78125;-55,03125;11,96875;-44,25;-51,15625;-62,53125;-308,90625;138,8125;115,5625;12,78125;21,1875;103,15625;72,0625;98,3125;44,15625;12,28125;-98,53125;-124,5;-138,0625;-222,5625;-247,6875;-345,9375;-247,125;-440;-246,09375;-170,28125;-159,34375;-113,125;-117,6875;-309,9375;-124,34375;-180;-241,375;-131,0625;-206,375;-195,84375;-58,5625;-24,03125;-283,4375;-118,65625;-447,8125;-144,65625;-233,1875;-92,09375;-220,6875;-198,96875;-320,1875;-113,21875;-300,6875;-205,28125;-144,65625;-354,59375;-165,46875;-180,90625;-16,125;55,03125;-161,3125;-122,96875;-274,90625;-215,125;-273,71875;-59,3125;-294,65625;-240,28125;-151,625;-159,5;28,40625;24,875;-228,15625;-81,875;-142,5;-195,59375;-84,25;-121,59375;-192,71875;-193,46875;-85,34375;-273,375;-97,25;-265,15625;1,34375;-362,28125;75,53125;-44,9375;-177,59375;-152,5625;-219,4375;58,5;-197,96875;22,78125;-179,875;-77,78125;-182,28125;-193,34375;-60,65625;-75,71875;-9,46875;-6,0625;-60,75;-270,4375;-123,1875;-172,09375;-171,71875;-348,125;-378,1875;-217,53125;-75,59375;-7,75;-157,09375;-6,375;-0,75;-79,46875;-330,6875;-50,6875;19,53125;-222,5625;-151,25;84,21875;-36,1875;93,15625;-183,0625;-238,6875;-40,3125;217,28125;-152,46875;-185,5625;-36,9375;-75,8125;-178;-179,34375;-43,90625;7,8125;-81,375;23,90625;-118,28125;-310,46875;5,78125;-193,65625;-34,96875;
-256,21875;-281,5;-42,75;-158,6875;-209,65625;-62,46875;-246,96875;-138,28125;-193,34375;10,90625;-134,40625;-164,625;-2,46875;-251,9375;-109,1875;-212,625;-401,8125;-244,625;-148,65625;-335,9375;-62,9375;-169,375;-48,46875;-193,875;-61,65625;-38,625;-256,09375;-339,84375;-393,28125;-265,53125;-350,96875;-257,375;-345,34375;-348,1875;-290,9375;-126,0625;-80,0625;-84,8125;-288,4375;-322,40625;-245,5625;-292,09375;-414,65625;-131,96875;-119,3125;-240,78125;-381,71875;-326,03125;-348,65625;-382,15625;-399,5625;-393,03125;-139,34375;-336,125;-190,71875;-412,1875;-323,375;-357,375;-333,15625;-190,375;-339,96875;-247,09375;-231,5625;-468,96875;-446,71875;-247,71875;-338,25;-270,3125;-413,09375;-346,9375;-302,8125;-340,625;-355,90625;-362,46875;-334,90625;-413,9375;-531,0625;-30,21875;-365,375;-55,3125;-426,25;-326,65625;-395,71875;-460,78125;-298;-390,5625;-278,8125;-220,5;-198,375;-75,03125;-205,25;-163,25;-432,46875;-82,40625;-365,15625;-322,59375;-433,96875;-344,125;-145,875;-162,84375;29,375;-413,59375;-284;-178,5;-239,5;-176,90625;-367,4375;-45,09375;-197,53125;87,1875;30,8125;48,9375;325,46875;-16,1875;269,34375;-3,21875;-43,6875;228,65625;-137,3125;50,40625;-63,15625;-47,9375;-30,28125;-104,4375;73,09375;-53,875;-86,5;321,0625;242,25;289,15625;275,375;347,375;304,96875;259,28125;334,59375;292,71875;239,3125;259,90625;279,65625;12,4375;-225,75;-11,65625;-249,6875;-147,59375;-65,8125;117,34375;78,375;200,09375;356,875;216,5625;289,25;267,125;378,84375;285,84375;69,21875;294,71875;219,90625;274,03125;51,4375;-49,84375;81,21875;-8,28125;66,78125;255,8125;1,40625;27,03125;-89,34375;166,3125;190,4375;144,6875;172,53125;198,34375;222,875;66,0625;124,25;291,75;-19,65625;109,75;237;-46,03125;231,46875;57,40625;171,53125;140,15625;-39,53125;79,59375;8,0625;151,8125;230,6875;188,9375;307,34375;172,0625;457,6875;238,625;183,03125;393,25;32,78125;-114,78125;146,78125;167,78125;219,1875;18,78125;-59,34375;35,59375;-14,8125;136,34375;56,53125;-132,28125;-246,34375;-144,8125;1,5625;-3,96875;-230,5625;-118,71875;3,96875;-158,9375;-56,6875;102,875;142,65625;109,5625;10,34375;56,53125;25,96875;-74,09375;-301,5;-7,375;106,4375;-129,40625;164,5625;-117,125;38,15625;-61,6875;124,375;-118,875;-84,21875;104,625;236,53125;44,15625;2;-19,0625;-71,78125;-17,96875;-86,21875;183,78125;-60;-92,6875;285,65625;-164,21875;37,375;58,25;-57,6875;-12,9375;-29,96875;-229,375;91,84375;-57,5;77,21875;-71,5625;78,84375;126,125;97,4375;7,15625;185,03125;-97,46875;129,6875;-109,59375;-111,65625;1,84375;-311,34375;125,15625;123,6875;66,15625;283,65625;-7,59375;108,15625;187,40625;13,03125;21,90625;121,46875;134,65625;260,34375;-8,71875;33,28125;157,25;116,5625;95,40625;-150,0625;14,15625;13,8125;88,59375;-94,6875;80,15625;21,4375;59,375;222,9375;41,0625;57,21875;-145,65625;183,875;59,375;-29,71875;173,125;122,4375;134,75;160,5625;162,21875;145,40625;-75,46875;7,8125;60,3125;-99,6875;3,28125;148;21,46875;31,9375;257,34375;54,65625;81,8125;128,4375;11,21875;
63,125;38,3125;141,40625;48,875;29,625;-47,6875;-52,40625;95,25;-172,78125;37,375;318,84375;-2,96875;-37,1875;-121,5;-71,15625;-172,1875;15,34375;71,875;118,09375;-69,4375;94,6875;115,53125;110,625;-95,28125;-283,96875;-247,625;-358,21875;7,90625;-18,28125;31,9375;-88,84375;-128,71875;-214,5;-261,875;-5,84375;-254,28125;-128,3125;-117,125;-9,71875;-191,5625;-29,5625;-69,25;-118,96875;-149,875;133,15625;-121,5625;-164,125;-47,84375;-10,0625;-86,28125;31,8125;-163,5;-259,40625;-168,53125;-364,21875;-211,6875;-283,34375;-352,84375;-142,28125;-99,09375;129,1875;-64,15625;-252,0625;-311,9375;-217,40625;-26,40625;-11,4375;-199;-352,8125;-291,8125;-92,8125;-134,09375;-132,6875;29,3125;8,90625;-222,6875;-240,03125;-243,78125;-45,71875;-231,53125;-221,34375;-195,15625;-358,625;-81,59375;-203,21875;-263,125;-151,875;-20,5;-70,96875;-42,34375;-104,59375;-191,71875;-347,90625;-388,40625;-278,4375;-143,03125;-175,375;-134,34375;-216,03125;187,1875;-209,8125;-112,875;-129,4375;-96,9375;-113,65625;-192,6875;-241,625;-337,40625;-165,15625;-81,625;393,53125;238,53125;384,96875;441,21875;247,3125;372,59375;491,28125;11,6875;138,71875;-71,625;112,125;9,28125;166,21875;147,875;180,6875;500,84375;398;225,6875;166,78125;587,28125;589,96875;602,53125;579,875;556,0625;561,3125;349,21875;256,25;345,59375;311,375;92,59375;338,4375;17,65625;43,84375;211,1875;207,8125;290,34375;364,125;402,6875;485,625;427,625;413,65625;373,75;610,84375;557,375;232;532,3125;622;366,0625;212,59375;253,15625;104,15625;132,375;81,84375;327,46875;217,21875;222,21875;399,15625;439,5;370,53125;401,375;324,96875;416,625;478,25;440,15625;365,75;272,75;436,59375;575,5625;129,53125;397,34375;350,96875;184,03125;311,71875;156,3125;197,3125;311,15625;136,90625;102,28125;421,1875;314,46875;252,9375;378,0625;535,8125;337,4375;445,03125;259,71875;319,5;305,0625;208,84375;295,96875;237,40625;138,71875;45,5625;10,5625;-0,5;11,625;21,25;80,71875;-166,75;-41,71875;70;132,875;-39,0625;-48,34375;81,125;-101,3125;-44,71875;0,25;-118,90625;-71,625;-110,96875;-64,25;55,125;-114,09375;266,625;78,53125;29,3125;-55,9375;82,5;155,71875;83,375;128,34375;55,3125;25,65625;115,96875;173,21875;4,28125;70,4375;3;1,1875;191,59375;82,625;-34,25;180,9375;136,03125;44,15625;-23,28125;163,65625;10,4375;230,28125;48,96875;174,4375;207,03125;74,34375;19,8125;1,5625;129,375;93;150,28125;47,84375;-75,46875;17;32,71875;-42,78125;255;-93,78125;86,21875;108,0625;70,78125;256,25;201,375;20,84375;135,625;192,75;17,5;167,0625;10,84375;191,125;163,6875;221,875;35,84375;148,59375;112,9375;166,09375;134,6875;19,34375;11,65625;-62,15625;30,28125;12,65625;-55,34375;137,90625;5,46875;250,625;96,59375;208,34375;-49,1875;208,59375;117,125;52,75;16,1875;10,15625;79,75;0,53125;65,4375;90,90625;101,65625;103,125;135,34375;247,15625;152,15625;22,3125;-95,75;253,65625;81,75;211,4375;254,59375;-27,875;205,28125;155,78125;
-126,5;-206,28125;-283,28125;-97,84375;164,46875;83,78125;-77,9375;-97,28125;-217,3125;7,375;-84,40625;-122,8125;-7,96875;12,75;38,34375;-212,09375;60;-245,0625;-168,03125;-151;-139,46875;-167,71875;-145,65625;-172,9375;-133,34375;-41,03125;118,25;-76;-157,21875;-358,125;-182,53125;-293,5;-118,5625;-167,3125;-182,4375;-242,65625;-132,09375;-59,09375;-214,75;-154,71875;-7,8125;-250,125;-67,625;-267,96875;-176,96875;-264,40625;8,09375;-342,53125;-109,8125;-176,875;-249,5625;136,9375;-112,75;-283,96875;-134,65625;-219,40625;-124,71875;-279,28125;-149,5625;-356,375;-350,3125;-31,1875;-271,53125;-35,25;-165,4375;-237,25;-307,8125;-47,25;-225,75;-191;-275,78125;-298,15625;-344,78125;-120,15625;-150,1875;-276,8125;-324,625;-225,09375;-407,40625;-84,15625;-321,5625;-199,875;-371,8125;-216,875;-226,65625;-91,125;-239,875;-420,8125;-103,34375;-487,25;-206,46875;-393,40625;-375,125;-359,65625;-234;-227,5;-11,09375;-411,40625;-274,375;-244,03125;-168,21875;-237,53125;-233,75;-125,125;-173,4375;-109,09375;-98,4375;-15,71875;76,21875;-150,375;56,78125;246,625;331,59375;125,90625;199,78125;400,15625;204,53125;357,1875;99,1875;174,875;2,53125;-76,1875;-51,15625;190,78125;246,15625;267,625;569,28125;347,96875;495,25;581,75;416,125;810,4375;559,59375;435;534,75;581,375;290,09375;360,34375;175,40625;230,46875;159,5;144,15625;158,46875;190,71875;176,90625;54,3125;430,59375;196,09375;388,21875;380,0625;484,03125;534,5625;490,84375;327,46875;230,5625;328,40625;349,0625;333,84375;352,09375;191;171,96875;280,46875;269,90625;135,53125;391,875;364,25;245,9375;422,34375;411,0625;246,90625;279,96875;432,0625;407,3125;273,96875;356,375;349,28125;281,3125;258,78125;411,65625;185,25;150,21875;187,21875;129,25;177,3125;171,15625;60,75;-16,0625;222,59375;96,90625;112,21875;447,75;247,09375;403,34375;381,65625;343,375;616,34375;324,40625;411,40625;216,15625;294,4375;211,46875;83,625;-48,71875;180,84375;70;201,9375;130,9375;-59,75;76,75;132,09375;-5,875;145,4375;-190,75;69,59375;-107,125;144,34375;138,53125;2;92,0625;-58,21875;-117,5625;-48,5;-86;-97,875;-98,03125;52,5;-206,4375;122,71875;-66,8125;-172,5625;-79,28125;-122,03125;-183,09375;-63,40625;-24,15625;-20;-88,875;-182,4375;-166,09375;-17,03125;-81,96875;-59,53125;-12,75;-124,625;27,28125;120,28125;-33,4375;-113,8125;-164,09375;-48,28125;-78,625;25,03125;123,71875;45,59375;-97,125;-212,4375;2,78125;-63,0625;347,1875;-79,28125;-68,125;-19,9375;-125;86,3125;43,21875;-155,59375;47,03125;88,875;-239,75;2,1875;29,28125;-84,59375;-104,28125;-79,84375;8,375;-205,40625;-91,0625;-46,65625;-286,625;-81,8125;-102,75;51,90625;-77,78125;23,34375;33,5625;-16,71875;-71,25;-39,59375;-53,90625;-174,96875;-62,0625;56,40625;-2,125;20,3125;20,21875;-273,90625;111;-262,59375;100;-137,9375;23,25;-72,25;243,5;-102,03125;-61,6875;-95,03125;142,96875;-63,53125;67,5;-119,34375;162,53125;259,46875;38,21875;232,34375;-139,6875;37,15625;98,8125;8,09375;93,46875;268,46875;
-80,46875;-318,75;-200,4375;-139,25;-52,0625;-133,65625;-6,9375;-88,78125;-247,125;63,25;-285,84375;13,15625;-241,8125;-129,03125;-246,3125;-36,1875;-295,8125;-430,9375;33,125;-183,875;-383,84375;-166,84375;-216,65625;-240,6875;-341,65625;-238,09375;-250,84375;-209,4375;-311,21875;-315,28125;-337,5625;-431,15625;-261,96875;-359,25;-175,09375;-308;-191,0625;-94,1875;-234,15625;-382,1875;-327,65625;-336,03125;-508,4375;-304,4375;-222,21875;-174,53125;-286,65625;-233,65625;-207,0625;-272,8125;-78,5;-183,125;-228,03125;-318,125;-378,9375;-297,1875;-392,0625;-508,03125;-297,5;-220,4375;-170,5625;-235,59375;-265,4375;-184,1875;-458,875;-341,09375;-91,34375;-237,53125;-188,9375;-241,03125;-164,1875;-615,0625;-248,875;-262,75;-397,15625;-149,53125;-390,84375;-456,8125;-384,40625;-369,28125;-414,125;-466,71875;-412,875;-412,96875;-319,9375;-299,21875;-273,46875;-299,5625;-366,375;-531,28125;-250,46875;-387,84375;-285,34375;-205,03125;-507,8125;-252,5;-497,40625;-147,15625;-51,40625;-202,71875;-238,5625;-207,5;-176,5;-534,125;-385,375;-197,125;-157,96875;-240,09375;-172,78125;13,1875;56,0625;287,96875;68,90625;372,65625;303,5;355,03125;97,6875;-102,53125;59,09375;-88,1875;155,90625;-9,9375;156,40625;91,53125;33,46875;212,75;262,9375;245,21875;653,1875;682,875;507,40625;496,9375;852,90625;706,46875;603,65625;492,53125;483,375;388,34375;233,59375;330,09375;222,6875;220,5625;197,375;51,34375;161,15625;313,78125;372,875;581,90625;581,96875;576,5625;342,09375;395,625;443,5;543,375;385,09375;278,8125;381,9375;486,25;302,5625;446,96875;346,34375;187,84375;115,625;331,25;298,6875;234,65625;257,3125;429,8125;428,96875;335,34375;353,09375;334,65625;294,75;314,1875;468,28125;198,1875;296,40625;270,25;311,5625;257,625;122,21875;160,5;78,03125;148,9375;-43,71875;275,40625;235,34375;136,21875;129,75;164,28125;293,625;487,28125;491,8125;454,375;588,75;385,25;419,6875;453,46875;269,4375;76,96875;32,71875;-87,4375;88,1875;72,71875;132,40625;-165,15625;-56,71875;112,9375;-67,1875;-64,1875;-224,125;-172,3125;65,03125;-300,25;-203,84375;31,1875;-156,46875;-239,71875;-187,53125;-68,125;-149,84375;-179,25;-10,75;62,71875;-160;-298;-259,90625;50,375;-203,25;-115,9375;-11,875;-215,21875;-54,8125;-50,0625;110,34375;-79,625;-89,59375;20,59375;-278,0625;5,09375;-199;-102,53125;-133,34375;-157,21875;-160,8125;-29,15625;-259,53125;-49,96875;-120,28125;-61,4375;4,8125;-189,4375;-260,78125;-177,34375;166,71875;-120,65625;-167,125;-143,25;31,75;-87,15625;-170,40625;-153,15625;-291,96875;-170,5625;56,84375;-14,59375;3,1875;50,53125;48,71875;6,75;144,625;-146,8125;-116,125;171,1875;70,3125;-103,78125;51,15625;-113,46875;-74,59375;-27,4375;-147,78125;130,4375;-270,90625;209,96875;-49,71875;-252,15625;-63,71875;-190,28125;-236,1875;25,53125;-100,625;-16,875;-51,59375;-125,21875;111,34375;-185,875;-132,0625;-29,90625;-117,5;-42,03125;55,0625;-80,71875;-284,9375;-260,53125;40,75;-46,46875;30,8125;24,5625;124,5;-97,3125;-50,21875;-29,4375;-138,34375;10,875;187,0625;-95,5;-98,6875;-99,09375;-189,875;-44,1875;
11,78125;-191,875;-118,8125;-82,9375;63,96875;-88,40625;-253,78125;-165,03125;-96,28125;-206,34375;-212,84375;-155,09375;-72,9375;-168,0625;-368,65625;-77,34375;-56,03125;-52,28125;-341,28125;-251,5625;-181,96875;-394,0625;55,09375;-190,8125;-436,53125;-147,625;-141,4375;-226,59375;-308,125;-378,03125;-487,53125;-403,1875;-222,6875;-192,03125;-222,375;-146,3125;-283,65625;-209,6875;-225,71875;-411,09375;-282,8125;-414,125;-309,625;-514,34375;-151,375;-51,78125;-285,34375;-120,125;-455,28125;-328,71875;-150,1875;-312,1875;-340,25;-198,78125;-191,71875;-327,78125;-333,3125;-377,375;-193,46875;-292,75;-276,03125;-463,46875;-137,6875;-260,03125;-468,875;-357,625;-305,3125;-397,25;-379,40625;-246,40625;-427,78125;-447,34375;-427,53125;-258,375;-412,96875;-296,65625;-366,5625;-362,78125;-477,40625;-340,90625;-300,1875;-494,53125;-357,71875;-293,25;-309,1875;-260,59375;-554,4375;-402,75;-340;-176,53125;-220,625;-358,21875;-527,40625;-318,4375;-333,5;-341,75;-269,375;-244,125;-187,125;-177,40625;37,5;-84,375;-283,09375;-401,28125;-345,875;-271,375;-493,25;-187,5;23,15625;-141,71875;-106,46875;15,65625;262,34375;121,15625;327,65625;84,6875;251,4375;-127,28125;-101,59375;105,15625;-70,21875;-81,875;55,625;18,9375;232,1875;190,5;541,90625;397,40625;477,96875;723,6875;573,8125;610,75;735,1875;775,40625;843,1875;484,78125;543,6875;441,375;473,5;227,21875;149,09375;277,09375;369,40625;300,53125;44,3125;334,0625;361,59375;670,09375;598,6875;695,6875;758,875;447,875;610,3125;507,6875;604,125;496,6875;464,90625;346,6875;511,34375;612,71875;379,875;89,46875;191,96875;237,59375;246,125;320,78125;240,09375;463,375;400,75;538,375;392,75;595,59375;640,78125;563,5;638,125;586;365,4375;265,46875;148,40625;148,5;314,90625;448,375;273,4375;209,375;55,03125;32,8125;82,4375;288,8125;137,65625;391,90625;366,46875;651,75;401,46875;605,375;499,375;548,34375;502,53125;305,84375;119,34375;134,46875;269,71875;377,3125;12,875;12,75;10;-65,6875;-223,28125;-81,1875;-39,875;99,3125;-96,46875;-326,0625;-210,65625;-47,53125;-122,6875;-96,46875;-184,46875;-166,6875;-201,34375;-129,28125;-3,875;-88,03125;-64,375;51,15625;-17,78125;-128,96875;-274,84375;-345,90625;-99,8125;-107,3125;-139,75;-262,03125;-38,125;-163,9375;-201,625;-180,65625;-199,3125;-274,6875;-72,28125;-213,84375;-328,09375;-164,15625;-55,78125;-17,71875;-33,5;-122,40625;105,4375;-231,9375;-222,9375;-52,90625;-106,71875;-194,21875;93,59375;-136,25;-109,3125;15,84375;-253,8125;30,6875;18,28125;-111,9375;1,53125;-71,40625;-299,96875;-47,78125;-183,09375;-103,15625;-118,96875;190,875;-82,84375;-58,21875;-199,125;-93,875;-290,1875;39,9375;-175,34375;-118,53125;-132,25;7,9375;68,84375;-182;-41,9375;-235,125;-147,09375;11,46875;-191,28125;34,84375;23,59375;-136,90625;-401,21875;-275,59375;-103,625;-96,65625;-78,65625;-189,1875;-91,71875;-280,875;-213,71875;-236,46875;-6,6875;16,71875;-82,125;-151,96875;-183,9375;-85,21875;14,4375;-178,3125;-147,875;-139,40625;-97,84375;-69,375;-36,28125;-85,65625;-239,25;-151,125;-267,25;-87,53125;177,09375;-87,34375;52,34375;31,125;
-66;41,6875;56,1875;-233,40625;62,625;-187,4375;-100,40625;-54,40625;-13,6875;-49,8125;-192,65625;78,78125;-40,78125;98,53125;-177,21875;-95,625;-147,53125;-225,375;-132,5625;-36,59375;-157,46875;-176,6875;-199,59375;-341,09375;-245,53125;-231,96875;-102,78125;-202,46875;-9,15625;-226,4375;-272,5;-444,5;-325,3125;-223,09375;-328,5625;-296,34375;-43,9375;-203,46875;-165,84375;-60,71875;-276,5;-129,9375;-282,09375;-260,0625;-332,28125;-98,28125;-236,65625;-177,5;-148,65625;-176,8125;11,78125;-347,625;-456,40625;-378,1875;-288,75;-127,875;-153,21875;-336,59375;-135,125;-136,78125;-276,90625;-425,1875;-98,1875;-363,4375;-332,09375;-461,78125;-306,03125;-225,46875;-341,875;-167,90625;-436,4375;-208,96875;-375,625;-344,8125;-285,1875;15,96875;-308,78125;-249,53125;-254,875;-290,4375;-341,65625;-299,90625;-230,9375;-483,53125;-133,125;-263;-561;-351,46875;-282,1875;-328,375;-113,96875;-428,4375;-252,625;-233,6875;-418;-73,4375;42,5;-343,1875;-175,1875;-205,28125;-186,96875;-70,21875;-72,09375;-361,125;-76,90625;-369,03125;-343,53125;-219;-185,9375;19,9375;240,8125;342,21875;514,53125;229,34375;329,1875;210,9375;288,96875;94,40625;206,65625;-31,46875;29,28125;5,8125;326,6875;115,65625;154,8125;352,03125;522,25;611,78125;704,8125;580,96875;786,125;801,875;782,8125;652,78125;745,59375;794,625;580,21875;525,5;494,03125;575,09375;504,96875;229,71875;558,28125;555,6875;273,3125;675,84375;715,3125;764,3125;733,53125;808,28125;941,625;897,375;947;731,90625;788,5625;708,28125;498,3125;870,1875;587,28125;435,4375;580,71875;501,46875;502,5;293,25;394,84375;625,03125;681,28125;632,9375;619,65625;633,375;662,53125;642,125;858,59375;662,5;655,6875;569,71875;687,3125;746,9375;445,25;570,65625;448,75;442,65625;399,59375;146,34375;474,28125;531,0625;318,625;408,125;654,375;530,8125;395,28125;695,8125;650,84375;877,28125;779,34375;1064,6875;871,3125;498,84375;567,6875;452,28125;120,875;187,4375;169,9375;215,65625;67,3125;137,25;62,28125;35,4375;55,78125;32,03125;-127,25;-203,5;1,65625;169,65625;100,03125;-44,03125;-151,5;-87,875;-93,84375;-275,125;-132;174,875;-47,96875;-64,15625;64,875;-63,78125;-75,78125;-19,75;-12,15625;80,8125;-7,5625;-139,125;185,46875;180,75;-148;-28,75;77,5625;107,9375;-82,71875;-12,65625;-75,59375;18,46875;28,09375;-14,34375;-184,25;-229,78125;-123,71875;-44,375;166,90625;81,9375;-138,59375;-1,25;-101,46875;-73,25;98,59375;111,6875;80,25;-32,65625;-20,75;-219,90625;264;-60,625;-51,59375;-51;-61,71875;-199,46875;-11,9375;-60,53125;-8,03125;-56,625;110,34375;-25,6875;-65,25;-95,9375;39,875;-278,15625;-113,84375;-208,59375;30,1875;-29,90625;-4,875;-273,6875;-102,4375;233,40625;-74,8125;0,59375;-68,4375;16,6875;-47,03125;-110,25;112,59375;52,1875;17,5625;-38,375;-122,84375;-131,1875;39,0625;-85,28125;-159,40625;50,1875;43,3125;57,53125;129,78125;-89,75;180,4375;231,46875;176,96875;-124,1875;29,15625;54,75;176,21875;218,125;133,46875;45,84375;-17,59375;-33,375;179,96875;121,5625;105,90625;228,09375;
-20,28125;-182,09375;-48,46875;-232,15625;-126,0625;-100,5;-128,0625;-287,875;97,25;-40,375;-209,59375;-162,0625;-129,03125;18,875;-204,28125;-196,71875;-201,375;-437,875;-137,25;-169,75;-53;-173,84375;-229,4375;-222,84375;38,8125;-292,25;-42,5;-264,21875;-241,65625;-197,84375;-291,6875;-174,125;-222,78125;-141,1875;-12,1875;-448,125;-386,5;-281;-174,125;-71,90625;-258,71875;-290,84375;-86,875;-197,875;-252,1875;-237,625;-83,78125;-153,15625;-149,03125;-187,34375;-138,9375;-254,375;-359,25;-551,8125;-353,3125;-427,28125;-360,1875;-286,71875;-306,625;-117,0625;-239,78125;-459,96875;-206,84375;-124,625;-322,75;-268,25;-280,34375;-259,84375;-225,46875;-240,71875;-311,25;-540,59375;-333,71875;-422,875;-221,09375;-64,34375;-298,78125;-365,625;-278,8125;-415,3125;-277,09375;-314,5;-372,96875;-290,84375;-407,375;-363,96875;-491,71875;-489,21875;-455,90625;-217,5625;-468,28125;-285,5;-399,59375;-484,71875;-290,25;-187,9375;-308;-308,5625;-370,75;-201,78125;-210,75;33,65625;-272,71875;-57,90625;-105,25;-233,8125;-458,4375;-230,40625;-149,125;-4,15625;147,875;137,1875;307,3125;336,46875;259,71875;209,125;255,8125;236,21875;239,90625;110,75;20,15625;90,3125;133,96875;36,53125;215,375;560,125;273;581,40625;584,9375;771,1875;821,6875;1010,96875;721,6875;753,90625;893,3125;965,25;787,375;616,9375;559;447,3125;298,3125;415,9375;217,34375;387,0625;417,3125;432,46875;606,4375;744,21875;733;815,875;871,40625;874,71875;1027,9375;895,0625;908,375;879,96875;881,34375;985,5625;635,34375;457,125;533,21875;490,5;530,03125;451,5;492,9375;541,1875;608,15625;705,03125;680,53125;749,5;788,46875;859,5625;950,8125;738,375;604,03125;697,5;819,46875;473,90625;618,125;436,21875;369,4375;343;368,65625;296,21875;323,1875;319,90625;271,125;389,8125;408,71875;459,8125;552,375;756,5;978,28125;798,8125;970,34375;896,09375;485,375;567,09375;626,21875;690,8125;276,875;345,78125;264,9375;-20,03125;-2,84375;6,4375;-194,65625;59,5625;-160,625;-52,71875;29,0625;-40,46875;-106,65625;-50,09375;-87,1875;-142,21875;55,46875;-62;-134,65625;10,46875;-22,9375;173,8125;2,65625;-80,84375;-242,75;-4,40625;-88;41;-0,1875;-99,6875;-178,65625;-82,34375;-89,4375;-176,25;-217,625;-59,28125;-135;-74,5625;-24,625;87,09375;0,84375;-181,375;-56,0625;-96,28125;19,5625;-229,0625;-179,5625;53,90625;-97,90625;-343,46875;3,875;14,28125;99,6875;2,90625;-34,59375;-0,125;79,3125;48,34375;75,46875;-52,875;-92,34375;124,25;-30,65625;-9,875;66,25;10,96875;-83,78125;41,28125;-127,15625;237,25;75,09375;123,09375;-17,5625;-140,03125;-171,59375;49,90625;-38,09375;-86,8125;36,65625;-74,5625;-94,4375;78,0625;-55,53125;92,59375;-64,34375;-53,09375;61,09375;-32,125;-173;-102,34375;-156,1875;46,8125;35,125;-81,78125;-213,4375;41,375;-2,3125;20,125;-136;-63,96875;-154,09375;-108,71875;-276,59375;-204;-22,375;74,0625;-33,28125;90,9375;-40,84375;66,28125;-8,46875;-190,625;24,84375;-63,96875;-29,6875;-66,875;58,75;184,65625;81,875;-84,84375;
44,25;147,5;168,0625;-173,28125;111,78125;-117,71875;176,75;23,40625;171,84375;-62,875;57;128,03125;58,28125;-194,4375;-18,875;-152;-174,03125;1,5625;-98,96875;156,90625;-9,25;29,78125;-102,4375;-62,5625;-129,0625;-150,46875;-183,34375;7,28125;-105,65625;-38,1875;-37,15625;-248,78125;-75,28125;-12,4375;-192,15625;-172,25;-176,78125;-49,125;-248,0625;-39,53125;-66,53125;-80,59375;-43,75;-62,34375;27;-179,625;-287,03125;-262,53125;-55,28125;-100,84375;-152,25;-92,96875;-172,78125;-277,84375;-244,375;-229,5;-82,15625;-195,96875;-52,125;-382,71875;-332,59375;31,09375;38,84375;-197,5625;-168,34375;-374,375;40,03125;-112,15625;-305,8125;-144,78125;-333,65625;-195,625;-294,28125;-181,75;-55,28125;-92,28125;-138,25;-292,0625;-118,875;-267,875;-329,25;-154,125;-343,03125;-190,1875;-146,84375;-214,21875;-159,25;-182,03125;-278,1875;-257,75;-271,84375;-26,3125;-127,375;-37,875;-214,4375;-292,90625;-129,84375;-35,40625;-110,96875;-115,90625;-85,6875;-52;-222,15625;-214,5625;-194,1875;-103,96875;-164,8125;-46,75;-129,09375;-31,1875;93,9375;273,96875;391,0625;395,96875;348,40625;294,5;317,96875;299,6875;160,125;70,0625;283,875;150,3125;88,6875;164,34375;222,6875;447,09375;455,8125;608,34375;833,75;781,59375;1052,09375;1050,3125;1309,9375;876,28125;780,5;805,90625;1050,34375;528,03125;586,625;736,8125;544,46875;406,8125;555,5625;629,96875;695;562,65625;780,34375;852,40625;780,9375;950,96875;1186,375;997,96875;828,8125;907,5;880,53125;1024,78125;927,3125;688,40625;468,53125;801,4375;700,25;572,625;701,4375;495,28125;734,8125;833;725,875;1041,53125;849,59375;725,0625;683,65625;744,84375;941,8125;826,3125;858,65625;976,09375;969,4375;658,71875;641,4375;766;472,875;585,9375;512,28125;687,875;393,0625;339,03125;390,8125;635,625;669,96875;696;666,90625;831,8125;922,34375;1209,4375;996,90625;1113,25;1029,46875;731,96875;612,09375;499,375;659,625;568,5625;373,65625;191,25;517;123,3125;188,625;158,59375;63,84375;117,84375;42,375;-12,03125;107,21875;18,59375;40,21875;114,53125;50,25;163,78125;238,96875;-12,46875;-12,78125;-13,25;-86,59375;14,71875;-195,9375;125,46875;62,84375;17,96875;-78,625;86;10,4375;-25,28125;-6,75;66,3125;144,3125;60,84375;-57,375;38,84375;13,6875;27,375;14,1875;109,46875;46,1875;-165,28125;150,375;185,65625;-22,125;90,25;-13,34375;49,9375;259;-105,0625;34,40625;325,5;83,59375;191,65625;-88,78125;-96,1875;19,34375;60,9375;-66,03125;64,71875;-8,25;88,625;65,3125;101,375;261,90625;174;34,8125;12,0625;27,3125;-46,78125;140,96875;-17,34375;144,65625;118,125;-22,28125;89,09375;-4,90625;210,78125;103,34375;67,75;-215,6875;-45,53125;186,125;160,65625;38,34375;10,5625;-112,84375;-41,9375;-66,09375;75,28125;-34,8125;128,25;-54,09375;156,59375;114,09375;-57,09375;103,9375;85,3125;204,21875;-14,96875;9,1875;101,5625;209,34375;-125,4375;-139,625;128,53125;128,625;-23,21875;224,8125;182,59375;33,78125;154,65625;-14;228,71875;40,4375;28,125;-19,59375;-101,03125;
-144,6875;166,5;-68,9375;-66,1875;-25,5625;-23,6875;17,0625;21,46875;5,3125;99,03125;-106,0625;11,1875;-150,25;-27,21875;-39,1875;-80,5;-138,3125;63,6875;-155,1875;-298,53125;169,4375;0,53125;-325,75;44,03125;-74,34375;-146,6875;58,53125;-233,625;-198,34375;-93,5625;-178,53125;8,96875;-222,9375;-204,34375;-131,40625;-313,0625;11,3125;-130,40625;12,90625;-75,9375;-104,71875;-125,1875;-238,875;-284,125;-95,625;22,375;-274,40625;-133,96875;-297,96875;-28,1875;-31,09375;-51,4375;5,09375;-311,03125;-121,75;-89,71875;-144,1875;-153,96875;-41,9375;-211,5625;-207,40625;-58,625;-144,25;-50,75;-198,40625;-174,03125;-162,3125;-131,34375;-196,65625;-5,09375;-58,8125;-295,65625;-403,46875;-225,5;-176,75;-391,5;-159,46875;-229;-325;-212,59375;-338,21875;-278,53125;-165,71875;-263,90625;-224,1875;-353,9375;-175,65625;-143,8125;-251,28125;-51,34375;-216,8125;-201,09375;-250,9375;-279,53125;-257,03125;-141,09375;-347,78125;-182,21875;42,40625;8,1875;-90,3125;-194,53125;-124,59375;-187,65625;-223,40625;-333,03125;-177,15625;-150,625;-118,3125;134,125;211,4375;395,59375;454,5;331,0625;495,96875;478,90625;531,4375;394;276,125;406,5625;162,09375;171,625;210,28125;148,15625;171,5625;155,90625;274,25;715,0625;770,21875;957,9375;1206,125;761,1875;1220,4375;1004,96875;593,84375;792,09375;830,71875;593,1875;589,625;548,125;517,9375;459,59375;349,125;453,125;777,40625;619,6875;1006,90625;791,0625;1019,28125;902,125;918,65625;1083,21875;879,4375;835,1875;983,96875;1034,8125;968,4375;996,1875;579,8125;588,125;688,46875;630,1875;630,375;558,03125;653,4375;772,875;813,375;761,96875;1008,3125;843,1875;875,34375;996,875;795,5;965,9375;666,9375;999,625;895,59375;736,84375;947,6875;632,4375;613,03125;630,125;575,375;387,6875;469,03125;599,625;411,59375;670,90625;610,03125;743,5625;916,9375;833,65625;1118,875;1146,53125;1020,125;1044,96875;920,46875;851,78125;688,40625;544,5;474,25;527,96875;465,6875;103,875;136,6875;390,25;114,25;149,25;-31,125;10,96875;91,59375;332,21875;9,6875;127,09375;193,5625;195,65625;71,28125;-124,84375;241;32,34375;-45,40625;-134,3125;46,3125;138,34375;-93,1875;55,21875;-86;222,125;27,9375;91,4375;-127,71875;-184,78125;-141,90625;-70,75;120,625;-42,46875;-52,84375;2,65625;139,40625;106,3125;-103,09375;-56,90625;27,03125;-65,96875;-9,28125;99,65625;-65,875;5,09375;258,53125;-131,46875;163,0625;138,9375;263,65625;-2,25;60,0625;144,1875;86,3125;18,71875;54,75;248,25;-129,875;-214,03125;6,96875;-46;-5,28125;59,03125;65,8125;58,71875;75,65625;-3,25;-27,625;27,5625;-116,75;82,34375;273,75;-151;1,625;35,875;-53,5;75,8125;68,6875;-27,96875;166,375;21,9375;-26,40625;141,90625;52,34375;157,6875;73,53125;-142,65625;-118,5;74,125;10,0625;-65,3125;86,21875;70,84375;-108,59375;123,125;-63,90625;73,84375;-200,15625;43,21875;-141,9375;7,21875;96,5625;129,125;153,0625;76,8125;111,71875;166,28125;-128,03125;100,75;-83,6875;197,1875;39,6875;-71,125;51,625;97,625;28,59375;80,75;
-152,8125;-98,03125;-51,5625;-113,46875;-167,5;-131,65625;66,96875;-115,9375;-17,25;85,78125;38,9375;-179,15625;148;-86,75;-14,0625;-268,96875;62,96875;72,21875;11,75;40,5625;-152,53125;41,625;-187,21875;17,65625;-43,75;-283,21875;56,125;-176,0625;-89,28125;-34,71875;-139,28125;-192,1875;-59,75;-25,4375;-118;5,21875;-111,28125;-287,9375;-218,8125;-113,125;-403,5625;-280,84375;-204,28125;-81,21875;-128,25;-107,09375;-359,53125;-183,71875;-206,34375;-244,84375;-208,25;-73,84375;-188,8125;-478,9375;-76,0625;-358,03125;-517,15625;-319,71875;-263,75;-252,25;-115,28125;-126,46875;-167,71875;-128,46875;-167;-211,5625;-241,28125;-354,625;-151,84375;-187,625;-177,1875;-362,625;-352,375;-144,65625;-372,34375;-288,71875;-389,75;-139,8125;-380,5625;-207,1875;-344,8125;-247,8125;-288,03125;-224,0625;-177,125;-208,78125;-220,0625;-162,5;-507,125;-402,09375;-508,34375;-418,34375;-268,71875;-350,71875;-361,21875;-203,5625;-206,96875;-250,15625;-288,75;-58;58,9375;-23;-284,3125;-298,75;-93,96875;32,4375;-163,5625;-276,28125;-163,46875;112,46875;210,5625;161,25;246,4375;638,53125;270,625;525,59375;470,28125;168,375;171,53125;321,0625;88,8125;26,25;193,5625;148,59375;393,84375;304,375;347,90625;635,8125;743,3125;875,59375;913,78125;935,28125;1060,125;849,34375;763,96875;605,375;483,875;555,28125;391,40625;445,8125;490,90625;516,375;276,6875;444,71875;521,34375;626,625;409,40625;601,15625;800,1875;939,8125;969,90625;924,40625;1155,34375;908,625;932,4375;1028,875;952,5625;953,90625;940,53125;744,53125;679,875;448,75;424,59375;516,84375;537,96875;651;665,90625;832,03125;943,625;869,78125;723,84375;769,9375;909;954,375;817,9375;531,71875;804,15625;751,15625;610,84375;495,75;580,5;632,9375;591,15625;609,375;389,65625;308,84375;391,53125;565,0625;614,40625;714,46875;787,625;757,0625;781,84375;1101,125;987,1875;772,0625;841,78125;664,5;743,03125;578,15625;435,78125;315,09375;292,0625;353,375;184,5;202,28125;97,125;98,84375;69,90625;28,4375;-115,375;92,90625;17,34375;-179,46875;-118,0625;-51;-1,375;17,15625;-157,78125;-102,3125;67,9375;61,53125;-93,09375;-142,34375;-140,09375;-50,25;73,84375;52,125;-115,59375;141,15625;-146,625;54,21875;122,625;-173,75;-206,59375;-143,15625;-10,90625;0,90625;-193,3125;77,9375;-20,03125;186,625;35,21875;-48,59375;14,40625;-245;-230,25;54,625;-7,3125;-95,15625;28,875;77,9375;114,75;106,125;62,0625;235,65625;18,125;-109,21875;-81,90625;-214,4375;25,6875;13,0625;10;55,96875;69,75;39;79,90625;-108,5;-53,59375;56,40625;-34,0625;-157,46875;-170,34375;-93,3125;-119,3125;-120,59375;208,09375;-117,5;83,34375;105,28125;59,65625;87,21875;-103,5625;-0,3125;-96,5625;7,59375;-14,25;93,96875;135,78125;78,03125;116,96875;107,3125;-170,875;-1,5;-44,90625;69,90625;190,65625;28,21875;27,59375;-15,90625;-3,4375;-162,03125;162,6875;94,9375;-186,625;65,46875;61,125;-159,09375;-43,90625;-146,3125;-229,46875;42,625;64,34375;229,40625;-147,28125;-60,28125;-171,5;68,1875;122,625;-32,125;
-102,90625;-77,8125;-92,875;48,53125;-118,625;-142,78125;149,5;39,8125;54,375;-132,34375;-79,15625;-83,3125;-203,46875;-68,21875;-88,375;-74,625;-80,34375;-230,625;-69,21875;38,71875;135,71875;190,125;-66,65625;208,65625;3,1875;-25,9375;-130,65625;-83,71875;-47,96875;198,5;-246,53125;-116,28125;-320,96875;-275,5625;-177,84375;-102,46875;-184,03125;-313,15625;-177,96875;-347,0625;-317,6875;-158,5;-230,65625;-163,125;-40,34375;-236,5625;-46,46875;-209,84375;-270,34375;-147,09375;-124,1875;-74,625;-179,96875;-335,3125;39,625;-141,53125;-191,3125;-265,75;-159,09375;-235,78125;-404,4375;-236;-110,75;-221,65625;-463,5;27,09375;-397,375;-373,5;-180,625;-170,84375;-123,40625;-89,96875;1,8125;-101;-84,78125;-424,3125;-225,03125;-126,5;-272,25;-33,09375;-331,5625;-305,78125;-324,8125;-124,125;-172,6875;-309,40625;-296,25;-141,96875;-274,3125;-64,6875;-228,59375;-96,09375;-135,375;-260,28125;-226,125;-79,1875;-393,0625;-321,34375;-117,1875;-83,40625;-114,625;-127,3125;87,125;-144,875;-184,84375;-332,21875;-72,875;-202,15625;79,5625;175,84375;297,53125;451,5625;507,0625;318,46875;500,90625;494,71875;558,3125;301,03125;446,0625;168,125;138,65625;178,15625;220,40625;288,3125;248,96875;259,3125;248,5;543,9375;914;807,09375;795,90625;785,59375;930,34375;964,4375;956,84375;829,34375;693,15625;557,8125;547,1875;391,875;426,625;266,0625;408,84375;328,25;198,625;509,34375;657,875;873,40625;500,125;800,96875;1010,71875;1010,96875;1185,46875;1044,53125;855;837,84375;812,46875;829,90625;794,21875;727,09375;449,09375;507,875;531,75;481,90625;653,375;551,25;647,4375;678,9375;793,8125;740,0625;585,84375;922,6875;863,5;884,84375;840,875;656,4375;610,96875;596,5625;554,125;795,71875;524,3125;542,78125;535,28125;464,96875;664,78125;506,4375;303,875;571,46875;508,1875;615,4375;754,4375;900,46875;911,90625;958,90625;1193,375;904,53125;899,125;669,25;563,75;383,78125;465,03125;377,84375;371,59375;304,3125;195,25;95,15625;208,75;145,40625;55,15625;3,8125;26,25;143,875;108,375;38,84375;200;72,4375;48,71875;-2,125;31,3125;2,875;54,65625;5;135,4375;62,71875;39;-192,1875;-33,5625;-174,75;39,875;-16,375;37,8125;-15,84375;-185,15625;135,0625;107,34375;209,4375;1,125;23,9375;-127,8125;-160,21875;-10,28125;-35,59375;75,78125;-166,8125;-6,5625;-69,28125;-88,125;4,4375;108,71875;-14,4375;-55,40625;247,1875;103,375;78,46875;79,03125;16,78125;61,59375;-205,875;10,875;105,8125;37,9375;119,84375;-324,1875;111,28125;143,46875;-15,9375;-47;18,5625;48,28125;91,6875;-145,6875;-194,46875;-119,375;28,5;-150,5625;-36,59375;-34,34375;145,96875;87,9375;-97,5625;11,0625;-54,40625;73,28125;62,5625;249,78125;156,65625;69,21875;-161,0625;119,40625;109,5;26,65625;132,1875;112,75;14,3125;203,8125;-31,40625;-9,6875;132,09375;-10,96875;-112,71875;-108,75;-109,125;-220,125;61,78125;125,40625;-186,40625;191,09375;-86,0625;28,15625;126,21875;-105,96875;4,46875;-124,875;-12,75;112,59375;-67,375;43,25;-7,96875;-382,5625;-74,71875;
-75,34375;-95,5625;-88,5;-106,09375;-55,03125;-139,59375;-7,84375;-32,0625;-398,375;-81,78125;-172,9375;-192,4375;-155,53125;-49,21875;-194,5625;-26,375;-186,5;-85,21875;-339,375;-166,125;-114,34375;-243,78125;-358,84375;-172,28125;-426,59375;-168,78125;-180,8125;-454,625;-234,9375;-235,3125;-267,6875;-132;-376,09375;-157,1875;-42,1875;-86,6875;-96,0625;-415,75;-170,90625;-220;-170,25;-151,90625;-218,125;-197,28125;-164,03125;-194,3125;-247,28125;-217,75;-312,9375;-327,375;-221,46875;-216,21875;-268,6875;-267,5;-407,9375;-224,125;-344,75;-154,21875;-254,65625;-410,03125;-416,09375;-557,75;-389,71875;-329,1875;-369,03125;-439,4375;-356,4375;-162,6875;-292,4375;-389,65625;-454,75;-456,34375;-306,78125;-285,78125;-656,875;-555,96875;-367,71875;-206,6875;-500,84375;-302,53125;-258,59375;-403,71875;-207,96875;-399,6875;-445,3125;-232,9375;-445,40625;-151,71875;-317,90625;-232,1875;-387,09375;-141,65625;-425,625;-449,0625;-265,65625;-314,125;-453,40625;-255,53125;-14,71875;-238,25;-278,625;-74,4375;-221,90625;-578,09375;-265,46875;-326,96875;-343,875;-214,28125;-166,53125;-50,25;111,84375;452,25;400,46875;403,90625;428,28125;555,34375;498,625;230,375;582,5625;160,46875;342,125;171,90625;327,125;232,46875;321,65625;298,125;285,4375;562,96875;820,21875;621,3125;638,6875;927,75;950,3125;780,46875;669,0625;774,40625;516,8125;558,5625;439,78125;518,625;304,0625;215,25;352,125;251,125;298,3125;350,75;546,125;778;652,65625;929,125;954,625;867,1875;940,90625;951,21875;552,5;749,875;619,15625;698,9375;661,4375;627,125;644,96875;357,34375;382,40625;366,8125;534,90625;511,40625;699,65625;631,46875;518,53125;806,875;668,84375;654,875;774,59375;714,9375;798,125;753,375;703,53125;574,59375;733,15625;442,28125;573,90625;483,4375;344,25;436,75;206,40625;153,5;323,46875;537,6875;340,40625;619,4375;732,8125;812,0625;925;604,375;1054,375;885,8125;864,75;690,625;402,375;479;133,9375;199,125;107,5625;144,71875;173,65625;-34,34375;278,84375;-10,6875;-110,46875;-92,40625;78,6875;157,65625;-210,125;-107,75;-184,6875;-206,03125;-37,21875;-31,25;-37,90625;-239,1875;-241,125;-50,75;-212,09375;-275,15625;-69,78125;-159,4375;-104,625;27,09375;-94,75;-279,34375;-264,59375;-119,40625;-126,1875;143,25;-46,6875;-81,96875;-131,84375;16,875;-108,3125;23,9375;94,5625;-155,3125;-99,75;36,75;107,71875;-125,71875;-207,5625;104,25;-101,6875;-125,34375;192,71875;-74,90625;-273,09375;-81,90625;-30,59375;-267,6875;-211,6875;-86,90625;-54,65625;-15,0625;-130,21875;25,21875;59,9375;37,59375;-46,71875;-87,34375;-172,84375;-9,90625;-0,8125;-80,21875;-112,78125;45,6875;151,9375;-62,0625;90,03125;11,6875;-85,5;227,21875;-85,71875;-161,625;-140,65625;-269,125;-72,65625;-67;-229,3125;-27,03125;-41,6875;-36,28125;77,1875;77,65625;15,40625;-108,3125;100,71875;-88,875;142,5625;-4,1875;111,59375;-92,4375;-82,1875;161,5;40,6875;-152,46875;-236,4375;-35,28125;-280,375;130,84375;146,03125;-121,46875;-3,40625;-125,15625;-37,625;-233,03125;140,96875;-26;-5,71875;-89,6875;1,25;-133,90625;-31;-84,96875;
-110,8125;186,59375;-160,53125;-5,28125;-64,5625;-156,34375;-58,375;-225,4375;-30,9375;-40,125;-136,03125;-99,21875;-231,15625;-190,125;-63,6875;-169,90625;-196,4375;-300,71875;-177,5;-29,15625;-177,75;-240,15625;-255,59375;-420,3125;-285,4375;-84,15625;-322,65625;-81,90625;-321,875;-219,4375;90,125;-191,34375;64,625;-337,8125;-304,5;-212,71875;-329,03125;-273,5;-322,3125;-186,625;-313,5;-251,5;-321,90625;-121,40625;-144,34375;-321,78125;-169,125;-258,84375;-136,3125;16,78125;-236,6875;-328,875;-77,84375;-272,625;-122,96875;-67,40625;-232,25;-199,8125;-157,46875;-292,3125;-314,84375;-299,6875;-95,25;-279,1875;-231,40625;-308;-160,15625;-291,65625;-208,75;-161,65625;-332,03125;-317,3125;-430,1875;-289,625;-104,3125;-403,375;-423,3125;-380,8125;-257,28125;-172,46875;-261,46875;-185,21875;-175,9375;-298,625;-260,65625;-136,65625;-218,15625;-153,40625;-149,375;-192,875;-306,21875;-190,40625;-125,5;-183,40625;-222,28125;-286,4375;-202,15625;-236,375;-235,78125;75,65625;-195,6875;-59,1875;-86,25;-138,875;-215,78125;-109,5625;-187,65625;-352,65625;-46,15625;-123,59375;67,09375;277,28125;386,90625;518,84375;532,53125;617,0625;478,875;403,6875;387;259,5625;112,3125;218,46875;375,53125;78,09375;330,21875;283,40625;315,3125;690,3125;622,78125;872,8125;930,3125;757,09375;940,6875;917,28125;984,4375;666,9375;746,40625;649,78125;701,875;434,15625;398,40625;236,4375;624,6875;566,5625;425,09375;513,09375;644,46875;733;630,40625;899,25;638,71875;909,09375;897,1875;804,90625;841,6875;883,1875;633,5;774,53125;516,78125;742,75;484,09375;625;415,03125;457,5625;520,84375;399,75;820,25;569,65625;843,625;736,5;731,125;743,84375;987,21875;716,09375;837,5;863,34375;598,9375;727,75;624,9375;575,46875;458,1875;223,875;534,71875;361,25;275,28125;407,15625;485,1875;283,71875;526,65625;698,25;495,125;725,8125;848;1026,4375;877,875;778,71875;830,6875;685,9375;693,4375;327,84375;368,78125;228,4375;91,25;78,4375;60,6875;126,40625;148,96875;23,71875;170,21875;8;66,21875;-214,125;-61,90625;-35,34375;-37,6875;25,53125;-121,4375;-110,40625;14,125;-135,78125;-66,03125;21,09375;74,53125;7,875;-3,90625;-88,21875;-145,03125;-29,96875;-181,09375;-41,5625;32,3125;-21,65625;-99;-101,46875;-230;112,09375;122,09375;-91,96875;58,96875;-51,59375;-205,9375;137,96875;-7,9375;-20,4375;-49,625;-132;-8,84375;-148,0625;-50,875;-128,875;-152,1875;-89,59375;6,0625;25;278,8125;-107,78125;-57,3125;-36,21875;-13,78125;-165,65625;-13,0625;-33,65625;-225;57,1875;-36,28125;117,21875;-41,96875;-146,09375;-29,1875;-43,8125;-180,1875;-59,5625;-73,6875;9,53125;-185,125;-193,03125;-96,6875;90,34375;-21,65625;-75,65625;-83,4375;99,0625;162,78125;-208,40625;57,25;-24,40625;12,75;-75,375;-49,375;-233,125;178,59375;48,15625;-240,28125;19,75;6,09375;3,1875;-85,40625;-225,84375;-121,0625;-121,6875;188,3125;-107,40625;-67,8125;7,25;59,34375;-87,6875;36,0625;-46,6875;-69,15625;-65,65625;120;26,625;-182,53125;98,375;48,75;15,21875;12,53125;57,625;107,8125;-194,5;
111,5625;74,53125;285,90625;149,96875;-35,125;136,96875;50,65625;235,40625;-2,40625;176,0625;119,8125;-83,65625;117,09375;318,71875;-23,4375;122;132,4375;87,03125;-32,84375;4,4375;103,65625;-162,15625;-166,65625;-116,03125;-16,8125;13,1875;28,34375;16,34375;-47,375;46,9375;-124,09375;-119,78125;-111,625;-142,9375;18;-68,84375;22,65625;19,25;-72,96875;95,6875;-70,9375;124,1875;-227,8125;-235,375;-28,3125;-173,8125;-107,71875;-74,21875;8,84375;-50,71875;-121,125;-82,0625;-109,65625;-106,78125;2,8125;92,9375;-135,78125;-23,28125;-53,9375;128,4375;-116,0625;28;-272,3125;-94,625;-205,34375;-226,34375;31,5625;-135,09375;-163,65625;-3,8125;-250,875;-94,09375;-182,34375;-139,1875;-147,4375;-208,53125;-158,09375;-112,09375;-139,75;-182,25;-286,34375;-76,25;-187,25;-185,03125;-8,40625;-104,90625;-89,21875;-190,25;-118;-151,21875;-120,15625;-72,78125;-150,71875;26,53125;32,03125;-281,46875;-104,21875;165,15625;172,59375;156,90625;0,59375;115,1875;78,84375;-137,09375;127,90625;-85,21875;-173,40625;-91,375;34,90625;355,1875;466,65625;659,46875;778,6875;875,28125;846,0625;848,03125;684,71875;486,46875;512,59375;491,46875;514;432,125;470,78125;431,625;442,8125;407,59375;733,09375;711,40625;917,46875;1044,9375;1083,40625;1209,8125;1066,34375;1245,71875;1215,21875;1089,1875;1056;811,78125;774,625;749;897,1875;767,8125;616,4375;415,09375;733,65625;686,3125;659,90625;780,25;1031,65625;1141,21875;1254,625;1027,03125;1108,03125;840,5;895,375;1072,4375;955,25;974,90625;881,84375;749,625;718,96875;552,3125;643,375;591,8125;643,21875;733,84375;673,71875;758,6875;917;734,4375;1060,46875;808;1041,40625;1080,125;866;1044,03125;908;808,96875;623,5;662,5625;700,0625;614,40625;312,40625;344,5;382,71875;564,40625;693,71875;625,84375;627,40625;598,9375;715,21875;653,90625;1069,40625;953,0625;731,46875;934,28125;977,375;775,1875;657,78125;514,875;519,90625;422,0625;269,15625;220,15625;223,71875;260,5;220,03125;153,5;59,78125;59,5625;-53,0625;104;192,96875;-7,5;56,59375;-4,65625;48,65625;166,90625;64,125;-13,6875;295,03125;102,6875;87,15625;-134;150,9375;108,28125;-100,53125;248,09375;205,375;94,8125;42,78125;112,5;80,15625;-49,21875;28,03125;9,40625;137,40625;227,28125;239,15625;220,21875;-21,90625;172,625;185,1875;135,09375;12,84375;27,71875;144,25;60,40625;226,28125;189,65625;-54,1875;-168,96875;155,34375;182,1875;-5,4375;15,75;85,59375;138,6875;196,4375;25,84375;112,90625;64,53125;-11,125;-4,09375;-53,875;-52,375;129,1875;258,15625;47,875;22,625;-167,6875;246,96875;-94,25;75,375;-13,8125;137,34375;97,71875;251,40625;-84,5625;89,65625;293,625;85,5;56,71875;122,21875;96,625;51,46875;-68,9375;1,15625;-12,6875;93,09375;163,9375;71,09375;-141,3125;27,46875;169,78125;63,6875;251,4375;311,21875;76,65625;204,9375;43,96875;47,0625;18,71875;-29,25;121,96875;-19,09375;61,90625;153,59375;260,5625;48,65625;138,28125;83,84375;224,9375;203,71875;141,25;163,03125;2,875;564,1875;58,90625;451,1875;
-202,875;-368,28125;-218,25;-85,4375;-81,71875;-69,375;-99,21875;-185,03125;-55,46875;-167,5;-222,375;-312,5625;-306,4375;-348,4375;-232,375;-274,1875;-67,75;-188,46875;-270,375;-301,625;-239,75;-149,875;-248,65625;-115,375;-447,5;-296;-341,1875;-358,15625;-258,5;-216,15625;-491,875;-536,3125;-328,8125;-252,875;-457,75;-622,0625;-419,53125;-209;-237,0625;-366;-374,03125;-288,3125;-204,5;-231,3125;-293,40625;-424,78125;-333,5;-224,9375;-257,34375;-357,15625;-213,53125;-196,34375;-173,3125;-496,15625;-345;-425,1875;-376,875;-438,5;-471,125;-343,5625;-421,625;-261,6875;-480,3125;-510,875;-258,65625;-706,625;-364,21875;-151,40625;-406,5;-511,90625;-482,875;-339,1875;-377,375;-686;-389,84375;-476,40625;-450,03125;-490,625;-303,25;-284,28125;-264,3125;-235,21875;-349,65625;-321,59375;-391,1875;-266,28125;-491,125;-489,65625;-410,5;-433,9375;-641,84375;-363,78125;-359,6875;-376,84375;-291,875;-370,5625;-503,46875;-381;-475,9375;-341,71875;-110,8125;-84,9375;-210,84375;-111,125;-90;-340;-422,28125;-236,15625;-192,9375;-74,84375;94,84375;253,75;597,75;575,4375;501,46875;572,3125;593,25;277,65625;332,5;450,5;206,6875;220,40625;189,875;273,6875;305,0625;495,3125;537,96875;643,4375;882,90625;1012,21875;1026,5;1185,96875;1262,6875;1210,84375;1005,8125;949,40625;883,78125;677,125;722,09375;634;452,0625;790,28125;595;368,28125;467,75;735,59375;550,875;519,78125;732,1875;859,53125;726,875;702,9375;837,65625;728,40625;888,84375;822,875;791,09375;931,28125;637,34375;636;537,03125;310,9375;361,96875;309,46875;339,4375;430,90625;330,5625;665,875;347,21875;552,875;782,09375;645,21875;493,1875;482,65625;662,21875;565,9375;485,90625;549,65625;257,125;326,3125;243,28125;386,875;260,5625;253,5;88,0625;90,59375;246,9375;110,8125;488,9375;434,03125;431,78125;653,25;547,1875;574,375;628,9375;442,4375;517,875;460,03125;362,03125;355,09375;231,09375;143,5;170,5;-57,1875;58,875;-35;-219,40625;-199,3125;-221,78125;-267,34375;-254,46875;-152,28125;-68,78125;-189,28125;-94,1875;-170,28125;-31,25;-232,5625;-228,40625;-356,6875;42,53125;-119,9375;-202,90625;-182,5;-163,875;-413,625;-143,3125;-134;-72,9375;-140,03125;71,78125;-86,0625;-158,0625;-211,4375;-318,8125;-154,4375;-185,34375;-246,09375;-107,375;-133,8125;-344,375;-132,25;-236,0625;-279,21875;-155,0625;-162,53125;-248,5;-195,25;-104,71875;-164,53125;-159,5625;-18,28125;-389,34375;19;-70,46875;-80,46875;-103,3125;-191,5625;-137,28125;-111,1875;-248,5;-200,875;-179,125;-293,59375;-228;-326,71875;-163,40625;-394,6875;-263,84375;-113,21875;-241,5625;-244,1875;-343,96875;-135,96875;-307,46875;-213,96875;-2;-118,03125;-185,15625;-169,25;-188,28125;-250,1875;-267,65625;-210,40625;34,09375;27,4375;-86,15625;-131,875;-218,125;-175,8125;-245,96875;-217,59375;-338,75;-124,84375;-162,53125;-83,96875;-260,625;-243,34375;-171,9375;-211,5625;-105,5625;-187,40625;-187,71875;-287;-340,78125;29,75;-259,4375;-112,6875;-44,25;33,4375;-348,40625;-221,875;-341,34375;-175,40625;-192,46875;-207,5625;-2,03125;-96,1875;-224,5625;-228,8125;
54,15625;-157,375;-222,875;45,1875;-119,875;-184,4375;-80,4375;-5,1875;-190,15625;-105,90625;-83;-153,8125;-225,40625;-100,15625;-167,15625;-162,59375;-172,28125;-130,75;-110,96875;-98;-315,15625;-239,75;-5,8125;-273,1875;-181,0625;-203,90625;-265,9375;-184,5625;-173,71875;-123,0625;-3,6875;-367,90625;-341,15625;-169,46875;-159,6875;-447,5;-312,53125;-275,3125;-293,25;-359,15625;-288,90625;-331,9375;-331,0625;-190,78125;-143,84375;-323,84375;-156,34375;-315,5;-274,625;-372,40625;-181,8125;-414,03125;-251,125;-305,125;-358,34375;-123,71875;-154,40625;-35,21875;-398,21875;-435,375;-392,90625;-146,1875;-332,15625;-106,09375;-289,625;-362,78125;-344,15625;-461,15625;-201,03125;-246,0625;-504,65625;-326,9375;-380;-458,40625;-674,1875;-132,71875;-214,6875;-316,9375;-497,84375;-252;-272,75;-392,96875;-484,4375;-315,21875;-377,09375;-241,90625;-349,90625;-290,15625;-257,875;-208,125;-303,09375;-256;-189,6875;-224,5;-344,625;-529,8125;-375,59375;-277,9375;-382,65625;-203,1875;-168,34375;-6,65625;-254,78125;-19,65625;-99,8125;-147,5625;-175,5;-223,71875;-182,8125;24,40625;148,375;455,96875;539,96875;676,15625;628,21875;1016,59375;491,5625;842,59375;433,4375;625,53125;379,03125;497,34375;539,625;682,875;453,5625;652,59375;602,1875;978,1875;1155,25;934,1875;1211,40625;1358,75;1340,625;1365,53125;1233;1262,875;1091,53125;1097,65625;1090,53125;833,9375;722,8125;698,96875;707,03125;742,625;613,5625;924,75;985,25;743,8125;672,9375;1071,40625;1191,71875;1020,375;1310,78125;1086,8125;983,84375;1116,15625;1226,875;1010,90625;925,75;752,84375;731,9375;637,0625;679,59375;617,5625;497,96875;620,84375;797,625;625;776,59375;801,6875;972,6875;923,75;1121,8125;897,9375;955,5625;843,59375;690,25;823,75;605,1875;546,90625;309,8125;597,25;343,5;428,1875;347,53125;491,21875;342,65625;234,90625;279,90625;400,03125;830,84375;820,40625;774,78125;847,78125;658,65625;558,59375;695,40625;533,84375;212,375;364,5625;137,6875;167,46875;123,875;254,40625;6,875;115,125;-34,5625;168,625;19,09375;74,5;-85,5;-280,9375;-177,59375;-170,40625;-146,1875;-14,9375;-124,84375;-42,3125;213,5625;-369,9375;-242,375;-301,09375;-208,3125;14,15625;-57,90625;-94,9375;-191,34375;-98,4375;87,34375;-41,59375;-125,4375;-96,3125;-141,5;-73,75;-286,78125;-331,6875;-63,53125;-261,84375;-53,15625;-135,875;-181,96875;-107,40625;-160;-168,21875;-199,90625;-150,1875;-153,25;-173,84375;-45,03125;27,25;-137,40625;-46;-182,84375;-16,40625;10,21875;-112,78125;-85,15625;-92,0625;-133,875;-203,46875;-27,90625;-157,4375;-0,0625;-252,96875;24,46875;-186,5;-196,75;-27;-69,21875;-55,40625;-51,40625;-173,71875;-146,4375;-44,625;-85,21875;-151,53125;-92,4375;40,5;-151,1875;-172,46875;-281,65625;-235,40625;-11,1875;-201,96875;-17,46875;73,0625;-132,5625;-194,96875;-195;112,53125;80,6875;3,90625;-56,15625;-149,78125;-84,15625;-134,5;-36,9375;-93,09375;-178,75;-114,15625;-142,21875;-136,84375;-102,625;179,75;-15,71875;-171,34375;-39,3125;-1,8125;-87,84375;-139,34375;-196,9375;33,21875;-41,5;107,90625;-54,71875;28,1875;-52,46875;-69,375;-69,3125;-110,78125;
117,40625;-108,625;-192,25;-108,6875;-153,5625;-92,625;94,84375;-151,40625;6,40625;-89,9375;-75,65625;-122,5625;-247,75;-55,34375;-103,78125;-159,6875;-273;-205,0625;-230,5;-276,71875;-161,1875;-58,3125;-14,09375;-151,59375;-238,5625;-76,21875;-167,625;-303,65625;-118,375;-214,1875;-129,15625;-81,1875;-333,75;-142,0625;-177,21875;-127,71875;38,8125;-143,46875;-267,8125;-642,5;-130,5;54,90625;-108,75;-199,46875;-293,0625;-100,09375;-215,71875;-298;-336,3125;-366,28125;-206,25;-166,625;-91,65625;-113,5625;-291,15625;-81,28125;-414,34375;-228,15625;-197,8125;-147,96875;-162,34375;-292,84375;-77,90625;-379,6875;-178,875;-339,34375;-269,34375;-255,90625;-361,84375;-141,9375;-275,6875;-377,40625;-276,8125;-313,375;-204,28125;-353,28125;-310,34375;-272,5625;-46,15625;-337,84375;-212,34375;-92,46875;-410,5;-8,4375;-190,34375;-179;-337,53125;-233,1875;-355,1875;-72,34375;-404,625;-141,375;-276,625;-166,875;-24,6875;-20,03125;-85,125;-130,03125;-43,375;-17,46875;83,53125;68,84375;38,5;79,90625;-86,0625;-208,71875;-146,1875;121,40625;65,78125;163,90625;167,53125;502,03125;623,1875;904,5625;1069,28125;948,40625;863,84375;886,15625;889,875;888,4375;693,1875;632,75;624,15625;511,5625;675,46875;881,09375;1015,0625;1290,15625;1321,78125;1309,375;1523,65625;1606,40625;1386,125;1484,34375;1473,4375;1480,5625;1467,5625;1299,09375;1045,40625;1152,78125;958,21875;957,125;903,78125;946,125;963,53125;949,25;749,78125;1072,5625;1123,84375;1108,125;1195,09375;1391,78125;1377,1875;1421,375;1307,34375;1443,40625;1378,0625;1276,46875;1030,65625;897,09375;1079,09375;840,78125;639,8125;856,03125;694,34375;525,1875;757,3125;720,09375;885,71875;1295,0625;1093,75;1146,03125;1150,84375;1197,3125;1078,90625;927,9375;935,125;880,8125;772,21875;498,9375;694,5625;653,40625;653,6875;685,375;638,46875;484,875;607,5625;315,46875;350,15625;747,75;610,53125;686,5;1029,75;834,84375;1064,15625;790;788,75;570,25;467,59375;197,1875;567,375;386,59375;197,4375;131,21875;140,09375;-24,09375;48,78125;120,21875;-85,96875;68,25;176,90625;-52,03125;-149,03125;-140,03125;38,21875;-89,09375;-43,125;-138,90625;-253,46875;-153,90625;-178,5;-122,34375;-52,15625;-29,78125;-17,84375;-62,625;-55,90625;-200,90625;9,65625;13,625;-36;-101,375;-142,96875;2,84375;-57,34375;-29,5625;-172,53125;-72,40625;39,8125;-181,5625;-116,0625;-52,65625;-68,4375;-3,4375;53,125;-200,21875;-156,59375;25;46,625;173,03125;-101,0625;-11,09375;-90,96875;99,96875;-83,40625;-42,40625;-100,46875;1,03125;-162,15625;-103,40625;29,65625;117,90625;-29,3125;56,6875;87,8125;-92,625;-212,40625;79,875;11,15625;39,65625;-7,9375;96,40625;76,40625;-73,75;-8,3125;-58,46875;81,0625;169;27,84375;-48,9375;-88,65625;43,96875;-15,8125;-184,34375;-13,75;-46,09375;-113,1875;49,40625;136,21875;-176,6875;106,53125;105,09375;-176,78125;-59,4375;-115,15625;-51,4375;-138,53125;26,9375;-29,5625;-68,03125;2,3125;-21,53125;-35,0625;-73,375;15,40625;-20,53125;-6,40625;-109,5;101,6875;-185,28125;14,40625;18,5;-71,625;-30,53125;-71,09375;-96,3125;177,25;-77,15625;163,21875;156,78125;
-211,5;-95,40625;-6,125;-111,1875;-135,78125;28,6875;-4,9375;-84,53125;67,75;-106,1875;-35,4375;-151,25;-308,9375;-21,96875;57,4375;-135,75;-79,1875;-98,65625;-31,125;-170,34375;56,0625;-275,125;-139,6875;-296,21875;-397,84375;-74,28125;-27,6875;-273,21875;-141,125;-205;-194,59375;-194,65625;-167,40625;-255,1875;-326,59375;-301,0625;-157,5625;-316,8125;-36,15625;-351,375;-358,84375;-422,34375;-127,65625;-115,28125;-154,34375;-173,25;-67,28125;-188,96875;-102,625;-329,5625;-182,34375;-333,40625;-378,625;-391,6875;-300,96875;-234,375;-289,59375;-316,5;-295,59375;-484,625;-460,625;-118,625;-289,96875;-454,375;-350,4375;-294,4375;-281,75;-57,25;-140,09375;-406,4375;-368,875;-244,40625;-278,5625;-94,84375;-212,09375;-424,3125;-241,46875;-476,8125;-520,5;-361,84375;-352,03125;-575,59375;-246,9375;-400,28125;-384,78125;-151,5625;-216,71875;-244,9375;-262,46875;-101,71875;-185,90625;-277,53125;-187,96875;-280,84375;-367,15625;-292,1875;-286,96875;-189,5;-100,1875;-127,59375;-168,125;-42,78125;-51,375;-144,5625;-11,75;-46,375;-146,375;-91,875;-17,5;164;241,03125;617,53125;731,90625;808,40625;868,96875;856,75;944,625;826,6875;727,90625;671,75;818,59375;638,1875;612,40625;676;667,75;845,375;1118,65625;1109,21875;1222,90625;1607,03125;1657,53125;1800,15625;1602,03125;1732,6875;1614,21875;1580,375;1376,875;1356,03125;1161,40625;1086,8125;983,0625;983,5;1160,875;849,375;743,375;1038,6875;1332,90625;1057,0625;1196,28125;1410,0625;1380,125;1486,5625;1482,65625;1561,78125;1631,15625;1646,25;1548,59375;1380,625;1154,125;1059,4375;1106,5;885,125;905;848,9375;804,03125;762,65625;787,28125;939,3125;1121,53125;1125,9375;1012,03125;1270,90625;1349,53125;1357,78125;1238,40625;1111,4375;1032,65625;943,34375;799,78125;616,3125;536,84375;640,21875;487,21875;653,03125;437,15625;521,9375;665,71875;613,59375;716,96875;734,03125;805,9375;943,0625;975,0625;1009,9375;1006,59375;1012,6875;766,28125;965,9375;615,21875;674,28125;458,625;391,71875;103,375;72,5;52,53125;242,375;208,34375;125,375;6,28125;136,4375;-79,1875;11,96875;-203,28125;-283,96875;-147,34375;-42,0625;-62,625;-134,4375;-232,90625;17,59375;182,71875;10,84375;-127,5;-127,75;-26;-193,28125;-127,375;-267,5;-41,3125;-198,875;-292,9375;-164,40625;-113,71875;-27,46875;-123,71875;-192,3125;75,78125;-159,6875;-12,59375;-178,9375;-78,90625;-129,78125;-164,34375;-356,40625;-282,09375;-252,6875;-149,5;-140,875;-178,0625;-97,625;-41,03125;-79,21875;-141,03125;-102,59375;-138,5625;71,34375;-197,5;-237,8125;-132,21875;48,6875;-0,21875;71,09375;-24,5625;-46,03125;-114,1875;-49,53125;-6,28125;-138,46875;2,46875;-191,96875;-140,65625;79,84375;-0,0625;-136,03125;-73,40625;-178,96875;-253,09375;-202,125;-145,15625;-164,5625;-156,46875;-77,9375;-186,15625;-60,59375;-94,96875;-242,5;-90,4375;-113,21875;-174,53125;-77,0625;-208,34375;-190,46875;-53,5;-261,3125;-279,46875;-187,78125;-171,4375;49,75;-137,71875;26,09375;-220,25;86,84375;-65,4375;-99,1875;-33,9375;-135,21875;-34,875;92,3125;-126,78125;-265,125;5,65625;46,25;63;-104,1875;-29,625;-231,8125;69,1875;-89,59375;-24,96875;-252,375;
-116,25;92,15625;127,28125;59,6875;-64,4375;12,78125;-52,03125;-225,8125;18,90625;-134,4375;-214,46875;-102,625;-136,25;-9,09375;-19,75;-76,3125;87,21875;-164,21875;125,28125;-32,625;-42,15625;-68,71875;-115,9375;-81,96875;-266,75;-300,125;-134,1875;-135,8125;-197,96875;-289,375;-302,125;20,84375;-104,875;-196,96875;-193,21875;-111,65625;-57,46875;-333;-39,40625;12,5;-223,625;-92,71875;-310,53125;-266,71875;-178,59375;24,28125;-189,75;-153,3125;-104,65625;-2,96875;-287,34375;-300,28125;-273,21875;-157,8125;-109,125;-182,21875;-69,03125;-23,4375;-146,40625;-330,5625;-282,6875;-221;-238,53125;-126,46875;-151,03125;-83,96875;-33,0625;-27,125;-319,28125;-279,53125;6,21875;-239,21875;-386,34375;-309,5625;-216,5625;-91,28125;-426,25;-274,6875;-198,9375;-376,40625;-179,46875;-152,28125;-153,1875;-312,96875;-121,1875;-110,875;-342,28125;-191,4375;157,8125;-45,625;-189,1875;-138,0625;-161,625;10,15625;-266,28125;-116,21875;-103,4375;-248,96875;131,34375;77,0625;15;141,1875;82,625;-6;-58,875;39,6875;67,3125;-89,46875;80,5;151,25;332,03125;562,40625;550,28125;1037,78125;1153,125;1008,40625;1072,0625;1142,46875;1030,875;801,6875;851,3125;794,9375;965,34375;840,34375;956,5;895,5625;1283,40625;1419,34375;1536,96875;1773,84375;1684,96875;2080,1875;1898,5625;2015,1875;1784,40625;1721,25;1776,46875;1656,0625;1534,875;1299,375;1145,59375;1251,25;1428,25;1225,09375;1079,4375;1422,21875;1061,40625;1417,0625;1534,15625;1743,59375;1728;1849,90625;1688,625;1945,75;1678,84375;1663,75;1726,5;1499,0625;1405,59375;1259,375;1221,3125;1201,125;753,78125;850,8125;787,03125;909,78125;992,46875;1101,3125;1081,28125;1398,46875;1288,375;1604,9375;1586,96875;1564,28125;1587,9375;1244,90625;1179,125;1176,21875;989,09375;923,5;869,3125;723,75;754,8125;744,75;933,78125;570,84375;661,46875;660,59375;1106,78125;907,4375;1215,25;1132,59375;996,875;1190,53125;1157,9375;931,1875;1038,03125;784,3125;844,71875;553,28125;556,0625;376,53125;194,9375;258,3125;346,25;178,8125;188,125;166,09375;210,09375;210,4375;125,46875;172,65625;32,25;105,09375;-201,4375;-99;111,5625;-318,8125;86,96875;-193,53125;-114,34375;-142,625;-23,46875;31,125;-202,96875;-268,28125;-24,3125;-64,4375;109,15625;101,875;-80;-49,4375;108,75;70,8125;-4,53125;58,25;-210,53125;180,1875;-77,6875;36,15625;-95,71875;15,34375;-156,25;59,71875;-108,65625;-260,03125;-48,09375;87,5625;93,25;-83,5625;-7,1875;58,34375;108,78125;18,59375;29,21875;-241,625;10;135,34375;36,09375;110,53125;-2,9375;101,90625;150,71875;119,4375;-171,71875;14,5625;-6,1875;11,0625;-111,9375;-128,6875;-133,09375;-3,375;-57,1875;-17,03125;-47,4375;43,9375;54,6875;-74,6875;-4,6875;-60,15625;-82,34375;162,0625;42,625;-209,5;41;43,75;54,125;46,03125;133;112,25;-47,21875;103,09375;-116,875;-31,28125;356,65625;22,375;29,46875;-18,46875;-173,375;129,53125;-39,90625;-219,3125;-16,71875;144,78125;-9,25;88,84375;-6,0625;31,9375;-165,625;-2,15625;-141,84375;-116,625;-20,34375;-92;-4,1875;-34,46875;9,46875;152,1875;-89,4375;47,59375;
205,78125;268,875;127,90625;-103,84375;172,46875;240,25;51,59375;65,875;77,78125;165,25;241,78125;151,1875;30,65625;116,28125;10,875;229,3125;-18,40625;-111,28125;255,125;18,75;128,875;102,15625;-49;-130,15625;75,625;-43,78125;211,4375;76;99,75;-25,625;183,65625;193,34375;-157,9375;-164,78125;-69,5;-9,625;65,25;147,625;143,0625;53,96875;28,1875;-0,21875;35,75;7,34375;-56,28125;-93,53125;66,9375;-10,90625;-123,90625;-224,375;28,375;-282,71875;117,125;-289,53125;1,90625;-4,75;-133,1875;-48,21875;-149,40625;-152,375;-302,6875;-57,125;-200,71875;-41,84375;-164,21875;-178,75;-181,15625;-234,46875;-225,40625;-225,28125;-143,09375;-18,6875;-64,1875;-121,96875;37,40625;-242,25;-223,6875;-13,1875;-48,59375;-7,8125;-35,65625;-420,46875;-199,875;-86,78125;-70,5625;-268,03125;-71,1875;-223,15625;-190,21875;-133,8125;-147,25;-148,375;-37,1875;-57,75;-227,4375;-26,25;142,375;-245,15625;85,46875;102,5;112,25;229,09375;223,1875;298,625;198,3125;354,5625;-96,96875;-90;139,125;194,5625;453,5625;749,03125;992,34375;1088,3125;1259,375;1439,34375;1325,84375;1113,59375;817,1875;1044,375;948,1875;774,78125;845,34375;840,0625;949,875;1201,34375;1425,4375;1604,21875;1525,21875;1675,125;1902,90625;2056,78125;2237,71875;2173,21875;2014,40625;1941,6875;1839,09375;2027,09375;1586,71875;1760,3125;1290,5;1373,53125;1513,40625;1128,25;1457,96875;1401,25;1474,34375;1684,78125;1673,0625;1902,8125;1939,53125;1868,125;1799,8125;1962,625;2252,375;2223,25;2087,84375;1944,4375;1698,53125;1550,875;1330,96875;1177,4375;1266,4375;1103,21875;998,9375;981,625;1267,8125;1309,1875;1550,40625;1523,15625;1681,375;1462,8125;1655,5;1484,0625;1603,96875;1537,65625;1413,90625;1205,59375;1093,125;1070,15625;827,90625;809,46875;742,5625;833,78125;813,25;952,46875;983,09375;1061,1875;1260,59375;1264,5;1395,03125;1475,65625;1227,96875;1580,90625;1391,96875;1412,84375;1131,90625;1090,03125;1009,28125;822,15625;577,09375;548,6875;545,6875;536,4375;458,40625;282,4375;271,75;281,28125;336,96875;251,78125;125,8125;-63,40625;-3,96875;160,28125;197,15625;105,40625;40,34375;230,65625;225,75;-99,25;30,6875;-123,90625;-67,59375;50,8125;99,34375;138,9375;23,375;-25,9375;33,78125;-89,625;316,59375;139,84375;151,6875;-113,875;13,0625;-43,5;37,78125;-48,09375;114,34375;52,03125;17,21875;-66,21875;-180,3125;-233,96875;32,28125;148,84375;198,875;129,5625;-44,15625;-62,28125;113,09375;249,3125;-89,96875;184,34375;46,5625;213,0625;-10,71875;268,3125;-240,59375;82,96875;-37,40625;171,59375;-17,9375;48,6875;-121,03125;-67,5;172,8125;-53,625;54,15625;3,125;56,78125;49,09375;-3,71875;67,96875;17,75;14,21875;-112,40625;13,84375;28,28125;-18,75;142,84375;-124,03125;18;-37,6875;79,9375;53,09375;126,8125;30,5;-44,875;-8;-22,21875;-43,53125;-31,15625;-62,25;134,09375;58,6875;237,21875;283,96875;56,875;15,1875;-23,4375;10,0625;135,4375;180,4375;9,40625;74,34375;153,375;132,34375;133;39,125;-57,90625;7,3125;-30,96875;-109,375;2,03125;23,0625;-204,3125;169,34375;54,46875;40,5;
-302,90625;83,09375;-14,40625;-153,1875;-121,625;-96,34375;26,0625;-122,625;39,21875;-22,6875;-139,25;-68;-132,96875;-321,3125;-116,65625;-43,78125;8,5625;-226,09375;-36,9375;-272,8125;-265,15625;6,09375;-170;-189,3125;-109,25;-112,40625;-182,40625;-138,25;-89,4375;-147,96875;-147,53125;31,03125;-178,59375;-62,34375;-142,875;-385,34375;-239,6875;-287,46875;-89,46875;-75,9375;-225,125;92,09375;-93,84375;-133,4375;-336,25;-321,5;-334,9375;-159,3125;-81,4375;-194,53125;-154,09375;-378,9375;-236,40625;-191,3125;-197,8125;-316,75;-273,4375;-150,03125;-163,625;-415,875;-261,53125;-229,46875;-239,84375;-356,3125;-197,15625;-35,15625;-69,75;-180,21875;-150,78125;-89,53125;-315,25;-296,96875;-282,71875;-304,25;-305,40625;-302,75;-223,5625;-261,5625;-288,625;-375,1875;-254,09375;-316,03125;-264,59375;-248;-389,09375;-151,59375;-392,625;-127,53125;-258,90625;-75,84375;-233,03125;-358,0625;-231,65625;-398,0625;-361,21875;-111,4375;-46,75;-178,9375;-25,84375;15,8125;-5;109;-20,9375;46,21875;-149,28125;-161,84375;-139,5;89,40625;-129,96875;62,90625;316,3125;515,125;817,03125;848,875;1130,78125;965,8125;1017,03125;922,9375;984,59375;833,5;489,5625;635,03125;759,3125;791,5625;864,40625;1049,125;1187;1382,21875;1533,125;1773,28125;1936,46875;1979,34375;1996,59375;2072,28125;1874,59375;1960,90625;1698,625;1776,75;1547,03125;1611,90625;1361,03125;1526,625;1318,84375;1206,46875;1397,09375;1167,15625;1265,84375;1586,96875;1585,65625;1578,28125;1816,125;2041,40625;2069,375;1909,84375;2209,78125;1980,125;1987,78125;1867,28125;1523,78125;1405,34375;1441,71875;979,6875;1141,125;971,21875;885,40625;881,0625;1391,625;1319,65625;1368,625;1473,0625;1505,1875;1714,71875;1853,8125;1842,15625;1722,46875;1560,84375;1301,8125;1217,96875;936,84375;1015,375;754,34375;819,75;797,875;729,4375;698,09375;779,375;1032,09375;924,96875;1089,0625;1222,59375;1372,34375;1375,46875;1463,78125;1355,28125;1366,4375;1275,65625;1209,75;836,8125;850,5625;604,75;512,25;342,5;367,4375;312,46875;188,65625;199,65625;52,09375;110,8125;-16,34375;53,46875;46,53125;11,90625;-223,25;-168,71875;-253,46875;-323,34375;-230,90625;-237,625;0,0625;-106,90625;-213,375;-70,375;-183,875;-63,59375;-28,34375;-225,90625;-207,40625;-232,59375;-80;-41,28125;-258,75;-74,5;-209,875;-172,1875;-91,5;-6,375;-284,65625;57,59375;-139,40625;-260,875;-94,1875;-222,875;-89,25;-315,0625;-280,59375;-212,4375;-52,53125;-294,6875;-132,4375;-270,84375;-63,875;49,96875;-14,3125;-239,9375;-232,71875;-128,34375;-152,4375;-267,59375;-165,34375;-60,25;206,625;-79,375;-41,78125;13,5;-258,875;-79,21875;37,21875;-171,46875;-55,5625;-280,28125;-135,21875;-166,09375;-80,9375;-62,53125;-257,46875;-8,53125;-133,21875;-229,5625;-104,8125;-115,8125;-97,8125;-10,25;-133,375;-125,90625;-32,125;-74,84375;-15,625;-100,90625;-205,5;-326;-119,9375;-52,875;-164,8125;40,71875;-115,9375;13,1875;-273,875;-124,5625;-151,5625;59,53125;-106,59375;-272,96875;-27,3125;-252,59375;-255,75;36,34375;74,78125;-229,15625;-209,9375;-12,78125;-20,9375;-293,28125;-126,875;-106,15625;-23,0625;-117,5625;-30,9375;-132,5625;76,28125;-164,15625;
-56,25;160;57,5;-78,40625;33,96875;-126,375;-5,5;-6,4375;-191,96875;-151,875;-53,5;-144,34375;47,5625;86,28125;-2,03125;81,78125;4,40625;-1,75;-67,9375;25,59375;-60,4375;-5,03125;156;7,46875;-156,875;-113,84375;-133,1875;-142,5625;-45,75;-48,375;-123,71875;-139,625;-161,53125;-146,125;-162,84375;-177,6875;-229,21875;-43,8125;-38,3125;-206,875;-232,71875;-248,8125;0,25;-82,09375;-134,5625;-126,0625;-92,78125;-264,1875;-211,09375;-136,6875;-253,46875;-193,5;-241,21875;-145,28125;-13,5625;-304,21875;-142,875;-311,8125;-107,78125;-185,09375;-150,40625;-131,5;-30,78125;-326,875;-91,9375;-302,9375;-155,0625;-294,53125;-142,15625;-44,375;-273,46875;-143,5;-390,5;-307,40625;-154,9375;-88,1875;-292,09375;-245;-98,5625;-193,125;-195,28125;-161;-231,65625;-523,6875;-273,9375;-390,25;-195,96875;-307,0625;-48,5;-141,5;-159,0625;-105,625;-263,28125;-189,84375;-57,09375;-243,09375;-247,6875;-196,15625;34,25;-4,125;82;153,84375;75,875;216,40625;-88,9375;-6,5;-160,6875;-208;-14,96875;241,03125;490,8125;585,375;898,96875;898,28125;1009,78125;1132,09375;1105,59375;1145,1875;976,71875;927,625;837,34375;1053,4375;824,53125;976,03125;889,125;1181,46875;1391,34375;1534,3125;1595,15625;1824,84375;2079,75;1918,6875;2316,28125;2087,96875;2115,625;1820,78125;1789,75;1844,40625;1674,875;1495,4375;1355,4375;1494;1546,6875;1328,84375;1422,71875;1410,96875;1410,1875;1540,4375;1888,75;1957,53125;1997,3125;2045,59375;2239,125;2031;2325,15625;2066;1964,3125;1995,03125;1827,4375;1558,75;1521,125;1173,65625;1136,9375;1078,28125;1032,875;1130,84375;1339,875;1369,125;1468,9375;1659,25;1834,09375;2142,28125;1844,1875;1888,375;1728,90625;1759,34375;1608,90625;1329,09375;1136,96875;1079,3125;932,28125;670,09375;779,28125;904,21875;818,9375;893,0625;977,125;1085,78125;1104,90625;1259,96875;1574,78125;1431,40625;1635,8125;1647,03125;1591,25;1466,5625;1152,21875;1053,1875;1058,28125;964,5625;715,15625;639,09375;522,03125;432,90625;388,75;56,15625;38,3125;256,34375;402,75;85,4375;160,1875;-118,46875;-14;-175,4375;-62,59375;-169,90625;-117,90625;-102,875;-88,4375;-92,3125;-36,46875;-71,71875;-254,71875;86,375;-119,6875;-21,375;-178,4375;-8,09375;14;-148,71875;-72,28125;-96,34375;-163;-98,03125;-190,34375;-333,8125;-96,59375;19,65625;242,6875;-207,46875;6,65625;-10,46875;-117,09375;-183,53125;-41,90625;-216,65625;-238,53125;-34,1875;-111,5625;-220,78125;-81,28125;-36,71875;-239,46875;-214,125;159,125;-72,625;-4,40625;-203,90625;-42,6875;-95,375;-109,15625;-192,03125;24,96875;105,34375;-121,03125;13,03125;-240,46875;-153,65625;-78;-107,0625;-75,78125;-178,15625;-7,90625;-53,5;-48,71875;-122,15625;-100,09375;8,90625;-24,3125;84,9375;-100,3125;-78,4375;42;-231,5;-151,4375;-148,53125;-61,78125;-6,5625;-269,25;-0,1875;-332,71875;-31,5;29,78125;-33,71875;-56,6875;78,15625;-103,65625;-23,25;-144,09375;-184,375;-131,25;-81,40625;-109,21875;74,75;-69,125;-187,96875;25,625;-43,84375;-9,25;61,71875;84,4375;14,5625;-169,375;-99,375;-156,625;-150;-88,71875;-76,59375;-197,90625;39,4375;
30,75;-49,71875;-61;-19,96875;-294,75;-81,3125;-69,78125;65,46875;32;116,53125;-151,5625;-62;6,40625;-84,5625;-84,9375;-239,625;-27,5;-95,65625;32,09375;-167,1875;96,5625;24,34375;107,5625;41,03125;-289,40625;-176,4375;-193,46875;-85,71875;-265,03125;-36,6875;-169,84375;-144,53125;-226,46875;-29,78125;-30,96875;-115,46875;-32,5625;-84,84375;-212;-149,71875;-94,8125;-179,40625;-224,28125;-117,28125;-308,5625;-164,53125;-123,65625;-84,875;-254,875;-264,84375;-39,875;-75,78125;-68,59375;-162,375;-228,90625;-220,21875;0,59375;-252,28125;-83,6875;-119,15625;59,34375;-192,90625;-195,4375;123,21875;-224;39,90625;-153,78125;-74,5625;-113,59375;98,4375;-142,6875;-256,96875;-140,46875;-386,1875;-100,90625;-192,5625;-198,53125;-163,6875;-180,875;-182,1875;-14,46875;-98,1875;-152,84375;-176,90625;-239,15625;-67,8125;-56,4375;-238,65625;-182,25;-159,90625;-89,125;36,6875;-151,09375;-64,28125;-128,75;-204,71875;-224,375;-112,25;104,46875;129;130,5;256,5;458,90625;85,03125;185,84375;-7,71875;-226,65625;-155,1875;163,09375;0,40625;333,3125;723,75;1111,59375;918,75;947,6875;1108,15625;1089,75;1161,34375;1233,5625;879,1875;969,5;1072,5625;846,75;923,84375;1022,40625;1238,75;1411,1875;1479,1875;1802,09375;1736,90625;1936,125;2201,09375;2250,21875;2264,8125;2257,84375;2072,9375;2075,96875;2147,78125;1908,40625;1957,6875;1897,5;1873,9375;1695,40625;1534,125;1685,75;1632,5625;1484,5625;1663,71875;1689,90625;1982,375;2127,8125;2060,28125;2346,53125;2352,71875;2427,9375;2457,8125;2212;2269,9375;1855,5;1870,9375;1578,53125;1432,1875;1323,8125;1151,09375;1101,59375;1305,78125;1405,375;1580,0625;1629,5;1886,90625;1906,875;1873,3125;2220,625;2122,34375;2052,125;1924,65625;1722,25;1333,0625;1459,8125;973,46875;870,5625;937,34375;862,4375;926,65625;925,65625;1061,71875;1214,0625;1301,25;1313,5625;1375,375;1776,28125;1653,03125;1738,59375;1563,375;1724,0625;1490,21875;1214,8125;1220,40625;1190,3125;898,75;758,1875;746,4375;599,1875;431,84375;320,625;341,59375;281,84375;331,03125;266,34375;-26,59375;284,0625;30,59375;-19,9375;9,34375;71,125;179,21875;18,875;-0,125;-295,65625;-41,3125;-141,625;-120,625;-159,6875;57,03125;-202,1875;44,71875;-298,53125;-20,40625;36,46875;-245,6875;-157;-56,78125;66;-6,8125;-35,625;98,53125;159,5;45,0625;-31,875;29,1875;71,4375;-39,34375;-59,625;144,75;17,28125;21,625;25,53125;74,25;126,25;-36,8125;0,5;91,96875;30,34375;96,125;103,0625;76,96875;190,5625;122,8125;-159,25;-87,09375;119,4375;-21,21875;-25,625;1,59375;66,40625;13,3125;-171,875;-121;137,34375;7;18,96875;93,84375;-53,3125;146,8125;-91,875;-0,71875;160,625;180,78125;-5,25;158,40625;-77,34375;67,71875;21,84375;37,28125;-226,40625;60,3125;-27,28125;149,84375;24,03125;-54,96875;-28;60,90625;-2,8125;-33,25;90,90625;83,28125;7,1875;14,375;-147,75;1,875;-61,25;39,875;-141,6875;185,8125;14,75;134,9375;25,90625;21,125;188,34375;0,28125;67,125;83,5;-41,71875;137,5625;-197,90625;90,4375;104,84375;165,875;82,40625;8,46875;
143,875;-110,78125;-51,96875;26,625;-120,28125;32,21875;-151,34375;-174,9375;-0,40625;-294,125;-43,8125;-89,53125;-103,46875;-83,46875;-133,53125;-93,875;38,59375;-49,21875;-143,125;-16,9375;-61,15625;-159,375;-160,65625;-137,375;-31,59375;-291,96875;-176,1875;-272,15625;-62,5;62,90625;-253;-349,21875;-109,5;-272,3125;-136,21875;-133,03125;-106,59375;-80,84375;-207,71875;67,28125;-176,5625;-107,6875;-200,5;-152,25;57,375;-248,6875;-98,59375;-338,375;-452,96875;-301,8125;-109,6875;-119,21875;-45,09375;-242,71875;-142;-99,625;-376;-223,46875;-222,5;-312,65625;-93,90625;-212,6875;-201,5;-219,875;-114,625;-222,9375;-334,28125;-181,0625;-268,3125;-102,1875;-467,15625;-274,4375;-390,34375;-174,8125;-189,8125;-345,84375;-168,0625;-154,6875;-307,875;-88,75;-92,875;-71,15625;-194,28125;-174,34375;-154,40625;-295,8125;-75,53125;-130,15625;-143,5625;-225,375;-66,34375;-130,4375;-222,15625;-149,5;-61,5625;-246,5;-244,375;-63,71875;-127,875;-29,34375;162,21875;246,25;35,1875;271,03125;-70,25;-39,84375;-88,34375;-52,96875;-224,75;107,09375;320,65625;652,8125;887,90625;1057,375;1119,28125;1156,46875;1188,375;954,875;1079,21875;634,75;998,0625;820,5625;887,34375;999,59375;1243,125;1007,15625;1350,25;1366,21875;1593,75;1710,34375;2187,25;1977,25;2044,8125;2113,40625;2209,03125;2102,84375;2226,40625;1858,5625;2008,40625;1850,5;1834,03125;1645,71875;1539,65625;1401,25;1393,5;1332,75;1450,5625;1544,5625;1863,3125;1814,28125;2009,09375;1902,84375;2210,09375;2327,3125;2269,375;2541,03125;2431,125;2176,40625;1782,21875;1951,8125;1509,6875;1321,28125;1309,40625;1149,3125;1167,9375;1189,25;1275,3125;1502,84375;1529,3125;2019,53125;1907,9375;2228,03125;1939,09375;1912,875;1867,375;1893,9375;1497,40625;1559,375;1127,90625;1327,5625;1095,0625;1055,34375;773,40625;657,9375;876,625;792,5;1117,0625;1156,3125;1235,28125;1308,3125;1482,5;1526,125;1693,8125;1727,5;1429,5;1307,8125;1239,34375;1304,71875;1249,90625;931,5;776,71875;742,4375;437,46875;89,40625;216,71875;234,0625;107,25;20,1875;157,09375;49;51,125;-123,59375;-36,8125;-57,40625;-96,5;-259,6875;-348,84375;59,59375;-149,96875;-126,25;-56,53125;97,96875;-167,03125;-54,75;-234,15625;-106,875;-11,78125;-193,125;-114,15625;-27,125;-40,9375;-305,125;-221,09375;27,875;-60,53125;-115,15625;-222,25;137,875;-313,21875;-69,96875;-75,65625;-222,46875;-40,125;-236,28125;-30,21875;-136,09375;109,6875;59,3125;81,21875;-63,53125;96,625;-162,9375;-146,59375;-137,125;-44,65625;-70,53125;75,34375;-143,40625;73,6875;-213,15625;-70,0625;-223,90625;-242,03125;73,3125;-243,25;-18,5;-56,5;-422,65625;-355,4375;-186,4375;-106,84375;35,40625;-60,21875;-3,78125;69,125;-123,5625;76,3125;-114,96875;-21,15625;-296,25;36,15625;-119,84375;-173,96875;-49,8125;28,0625;-81,9375;-46,0625;22,4375;-103,46875;-165,9375;23,09375;53,0625;57,46875;-269,5625;-78,4375;-156,9375;-142,09375;-312,375;-201,21875;72,4375;-194,25;-72,3125;-106,09375;-143,59375;82,84375;-256,0625;-169,40625;-15,03125;-41,1875;-66,6875;-57,90625;-93,3125;-115,1875;-14,0625;-142,75;-68,6875;-10,71875;-82,125;-55,875;-55,71875;
-137,84375;-65,25;84,5;-38,90625;-209,0625;91,09375;109,9375;-5,875;141,59375;92,9375;170,46875;154,40625;147,59375;4,59375;152,40625;70,03125;44,25;-147,65625;109,65625;96,6875;-15,3125;85,15625;-3,78125;45,125;53,71875;59,8125;53,09375;-27,84375;-170,625;-105,78125;85,25;-38,71875;-94,59375;36,1875;-182,15625;11,71875;41,9375;52,84375;76,90625;37,65625;10,71875;-110,8125;-11,15625;-119;-131,34375;-155,15625;-48,46875;-264,21875;-61;-20,3125;10;91,09375;-110,78125;45,21875;138,96875;-264,46875;4,3125;12,8125;-95,5;202,53125;10,59375;-162,0625;20,875;93,96875;265,5625;-30,5625;-25,375;-225,1875;16,6875;-197,4375;-52,625;-107,21875;72,28125;-25,625;-63,53125;-63,375;-59,875;-145,03125;-75,15625;13,34375;92,5625;3,3125;-2,21875;5,8125;-149,15625;-175;-81,71875;-44,5625;-70,03125;160;16,1875;49,59375;-141,5625;43,3125;-139,625;-41,46875;28,15625;-63,375;-103,28125;215,5;310,53125;299,5625;444,78125;257,53125;523,46875;396,34375;299,46875;155,375;153,8125;284,8125;453,28125;745,75;982,625;1246,71875;1412,75;1464,78125;1306,0625;1397,09375;1246,3125;1247;1123,3125;1233,1875;1224,03125;1237,6875;1350,6875;1358,3125;1453,8125;1602,53125;1612,59375;1924,21875;2113,3125;2191,3125;2407,46875;2337,875;2407,125;2343,46875;2390,34375;2231,3125;2115,46875;2042,71875;2017,875;1924,375;1801,84375;1747,46875;1738,84375;1643,15625;1847,96875;1852,78125;1926,28125;2149,28125;2164,4375;2366,0625;2500,96875;2480,21875;2574,53125;2823,03125;2532,09375;2494,40625;2399,59375;1949,71875;1795,75;1384,09375;1528,90625;1423,5625;1263,375;1444,90625;1489,53125;1649,75;1714,1875;1911,1875;2283,09375;2185,9375;2146,28125;2179,4375;2053,15625;2025,40625;1759,375;1619,875;1338,46875;1301,5625;1198,71875;1198,84375;1224,84375;925,1875;1010,75;939,53125;1116,875;1141,15625;1256,40625;1536,3125;1792,6875;1728,59375;1855,09375;1784,65625;1893,0625;1561,3125;1510,6875;1156,53125;1099,09375;1077,3125;863,1875;786,71875;381,3125;571,28125;397,5;305,46875;280;412,34375;437,53125;99,15625;136,34375;-17,6875;141,75;73,8125;151,84375;-1,5625;-43,15625;80,8125;-97,875;-182,1875;8,6875;125,53125;160,59375;-101,9375;29,78125;9,71875;42,8125;101,53125;25,28125;111,96875;-26,3125;-209,59375;50,25;111,53125;98,15625;228,84375;-23,21875;149,875;96,9375;44,75;123,75;145,6875;39,46875;-86,875;58,90625;49,125;93,1875;16,8125;-26,65625;-88,3125;-88,59375;110;1,875;45,03125;102,75;206,5625;80,03125;108,96875;137,59375;145,9375;-10,53125;-153,78125;-49,125;-80,875;93;124,59375;171,875;-25,65625;-133,03125;3,4375;185,5;3,28125;149,75;-143,0625;203,125;10,21875;188,5;38,5;153,59375;-83,6875;2,3125;-139,5;28,90625;50,8125;83,375;97,09375;188,96875;134,78125;46,46875;-82,9375;177,53125;-43;101,21875;73,03125;10,625;152,09375;106,34375;280,21875;323,03125;39,125;131,59375;322,8125;43,0625;78,65625;151,09375;51,90625;71,59375;161,84375;-109,96875;177,71875;4,9375;32,21875;102,15625;279;-44,6875;247,5625;67,28125;162,71875;202,65625;239,71875;
-180,28125;-236,28125;5,59375;-41,6875;283,0625;-61,6875;-282,25;-122,75;-145,5;-315,28125;-232,6875;-174,90625;-275,625;-308,6875;-154,9375;-184,9375;-73,25;106,46875;-252,0625;-252,1875;2,1875;-91,5;-25,875;-166,125;-71,65625;-328,875;-147,3125;-193,1875;-227,09375;-105,1875;-229,71875;-269,75;-281,125;-355,65625;-182,4375;-246,90625;-172,21875;-224,03125;-309,5625;-226,46875;-322,375;-128,40625;-155,375;-478,40625;-444,28125;-256,84375;-282,875;-133,15625;-269,65625;-227,15625;-250,03125;-292,6875;-303,1875;-205,78125;-441,1875;-294,71875;-395,84375;-323,1875;-470;-325,59375;-452,78125;-487,09375;-353,5625;-233,34375;-390,875;-203,1875;-292,40625;-429,1875;-321,65625;-261,8125;-392,625;-323,96875;-378;5,75;-301,1875;-316,90625;-279,25;-205,53125;-107,6875;-227,6875;-318,25;-183,96875;-345,625;-295,78125;-316,21875;-343,71875;-172;-184,3125;-274,375;-261,8125;-176,21875;-242,15625;-275,28125;-399,28125;-224,71875;-211,78125;-27,125;-91,09375;-16,4375;10,9375;221,78125;286,65625;192,6875;361,34375;-81,90625;-128,96875;52,125;-30,15625;-144,3125;70,4375;267,65625;497,5625;924,8125;1048,71875;1233,96875;1309,6875;1411,59375;1146,5625;1188,03125;1094,125;1107,0625;1147,21875;1207,46875;1107,0625;1102,53125;1315,46875;1565,6875;1537,0625;1369,90625;1903,28125;1771,71875;2029,28125;2168,125;2287,75;2383,625;2304,34375;2325,375;2296,03125;1953,15625;2056,25;1821,5;1757,625;1816,4375;1669,1875;1462,625;1541,3125;1689,25;1657,34375;1815,84375;1892,3125;1982,25;2191,53125;2415,34375;2449,53125;2540,5625;2484,25;2532;2562,875;2137,46875;2066,84375;1679,9375;1519,71875;1309,21875;1373,8125;1108,25;1179,21875;1289,125;1282,59375;1437;1822,9375;1890,125;2154,65625;2236,09375;2308,40625;2176,875;1811,03125;1546,8125;1511,0625;1352,125;1132,5;1020,90625;852,03125;919,6875;737,3125;952,375;967,09375;891,21875;1068,1875;1114,90625;1268,8125;1472,71875;1384,6875;1610,4375;1721,90625;1668,53125;1566,09375;1398,15625;1036,96875;1247,53125;952,40625;761,6875;808,625;367,59375;181,6875;249,96875;119,09375;170,71875;125,4375;-202,6875;56,84375;-46,9375;-153,96875;-39,375;-153,71875;-209,625;19,4375;-11,625;-36,03125;1,96875;60,125;-151,15625;17,96875;-92,78125;-306,0625;-137,84375;-27,8125;-90,65625;-101,0625;-174,90625;-112,90625;-189,375;35,25;-98,6875;-141,3125;-233,5625;-56,3125;68,21875;-233,375;-257,4375;-305,78125;-23,125;-119,125;115;-206,09375;-139,09375;-36,75;-67,9375;-21,6875;-6,71875;-14,78125;-187,09375;-135,71875;-145,78125;-236,125;-88,59375;-269,625;-201,21875;-143,21875;-107,3125;-302,71875;-81,90625;-186;-389,75;3,28125;-211,1875;-377,4375;85,90625;1,625;-150,3125;-100,46875;-199,25;-133,90625;-157,9375;-49,46875;-15,5;-102,21875;-303,59375;-92,59375;-96,84375;-238,59375;-147,34375;-191,84375;-82,09375;-335,46875;-73,90625;52,5625;-175,125;-136,84375;-301,3125;-125,34375;-108,25;-148,09375;-37,21875;-51,71875;-278,59375;-266,625;-193,59375;-10;-156,53125;-177,65625;-90,9375;-82,8125;-58,5;-20,96875;-333,53125;-159,9375;-263,1875;-216,0625;-334,71875;-81,4375;-53,28125;-174,375;-84,875;-144,5625;-134,96875;50,5;-146,34375;-246,90625;-174,4375;-190,75;
-72,53125;-55,03125;38,875;9,1875;32,875;65,21875;-208,25;-291;92,25;-118,65625;-171,53125;84,34375;-143,375;36,1875;-27,0625;160,3125;-188,5625;-112,90625;-131,875;-109,09375;-10,3125;-113,78125;-301,28125;-48,09375;-206,25;-181,71875;-120,46875;-117,78125;-129,78125;-158,21875;-29,78125;-119,0625;-250,15625;-150,25;-416,4375;-193,625;21,21875;-254,71875;-139,15625;-160,90625;-258,3125;-181,53125;-110,625;-183,625;-50,75;-97;-180,15625;-147,0625;-417,25;-309,1875;-240,5;-326,1875;-131,71875;-102,6875;-469,53125;-239,8125;-195,625;-172,90625;-70,25;-173,125;-202,9375;-307,875;-156,40625;8,34375;-318,8125;-426,96875;-326,1875;-258,84375;-127,53125;-261,40625;-309,5625;-107,03125;-125,875;-80,5;-50,78125;-252,28125;-355,15625;-246,75;-277,21875;-405,53125;-397,96875;-21,59375;-187,15625;-268,34375;-227,375;-21,90625;-97,09375;22,3125;-66,84375;-196,15625;-161,125;-146,53125;-147,6875;45,53125;-270,25;-139,4375;-80,125;-131,25;57,6875;96,6875;243,96875;268,0625;301,65625;234,5625;373,21875;7,90625;154,4375;69,71875;118,9375;172,875;141,0625;605,71875;877,28125;1074,96875;1291,9375;1131,03125;1288,875;1592,75;1410,125;1417,71875;1373,03125;1277,65625;1240,46875;1389,65625;1409,40625;1439,25;1626,6875;1787,53125;1801,96875;1865,6875;2198,40625;2238,0625;2439,875;2451,59375;2598,6875;2447,28125;2458,53125;2473,25;2336,34375;2229,03125;2046,90625;2121,3125;1847,84375;1868,03125;1725,875;1742,5;1705,65625;1865,96875;2004,375;2127,15625;2175,15625;2328,8125;2481,40625;2579,21875;2808,6875;2716;2857,4375;2585,6875;2460,28125;2278,625;1807,03125;1793,1875;1425,125;1203,1875;1259,625;1104,375;1300,40625;1475,375;1685,71875;1853,3125;2128,4375;2176,75;2198,59375;2368,84375;2444,0625;2111,9375;1883,75;1829,90625;1529,5;1318,40625;1069,34375;1138,96875;931,8125;842,5625;1120,40625;1005,6875;1121,625;1192,8125;1259,46875;1311,53125;1425,15625;1584,46875;1491,25;1500,375;1686,21875;1523,75;1483,9375;1210,28125;1226,5625;872,21875;797,46875;839,03125;579;315,09375;302,46875;77,21875;39,625;118,53125;70,21875;-55,875;-96,28125;69,875;-171,78125;-220,8125;32,9375;-136,4375;-220,71875;-171,09375;-205,4375;-156,28125;-171,25;-145,5;131,8125;-220,65625;-136,84375;-45,34375;-164,3125;-188,59375;-159;108,53125;-126,53125;-208,84375;-11,46875;-197,3125;8,21875;196,84375;20,46875;-198,25;-94,15625;-304,25;0,5;-248,0625;-110,78125;-158,375;-173,75;-17,78125;11,90625;-6,0625;-152,34375;-136,03125;-138,4375;-184,25;-102,96875;-117,875;-275,8125;-195,5;24,375;1,3125;-194,09375;-5,84375;49,15625;-222,0625;-347,5625;-84,3125;-99,53125;-20,375;-46,8125;-13,84375;-61,75;18,875;-120,84375;-17,15625;-104,59375;-157,90625;-253,125;-140;-25,25;-83,96875;47,78125;-193,5625;-142,4375;-77,03125;-154,125;-45,25;236,9375;-96,3125;-142,46875;-174,40625;-217,25;-209,59375;-214,9375;-132,9375;168,4375;-108,5625;-71,71875;-111,09375;-77,65625;-93,53125;-296,8125;-41,375;-57,59375;-146,5625;-281,3125;68,9375;-26,9375;-122,84375;-68,5;135,1875;-66,40625;130,0625;-152,75;-220,8125;77,21875;-94,78125;9,25;-107,84375;-208,75;-12,96875;-114,71875;-56,4375;
-115,40625;-175,1875;-152,75;-80,875;-245,59375;-14,8125;-204,40625;27,90625;-88,25;-113,90625;-45,84375;-246,5625;-128,625;-65,0625;-344,78125;-382,6875;-145,125;-32,34375;114,28125;-116,125;-269,59375;204,15625;-169,15625;-173,6875;-178,875;-227,15625;-233,5625;-225,5;-344,21875;-162,6875;-35;-232,1875;-371,375;-47,96875;-218,3125;-228,90625;-190,8125;-157,46875;-184,375;-121,78125;-169,84375;-190,75;-265,28125;-65,46875;-234,6875;-211,78125;-450,59375;-230,625;-324,4375;-278,5;-216,71875;-359,8125;-223,0625;-210,25;-113,875;-334,09375;-213,5625;-423,625;-211,59375;-183,5625;-192,46875;-140,9375;-406,3125;-212,84375;-246,75;-55,75;-221,65625;-45;-415,8125;-85,875;-229,3125;-113,5625;-225,78125;-402,28125;-239,25;-208,03125;-239,9375;-203,90625;-241,34375;-190,5;-379,90625;-241,84375;-126,875;-131,78125;-357,21875;-248,4375;-321,625;-17,8125;-419,3125;-227,25;-127,8125;-112,03125;-142,9375;-179,78125;-34,03125;-218,75;-253,65625;-213,5;-41,75;-30,9375;238,9375;272,0625;508,0625;85,875;33,71875;46,375;-72,46875;-74,5;198,375;218,28125;465;556,6875;919,0625;1042,6875;1350,03125;1380,9375;1600,6875;1444,03125;1252,75;1300,4375;1486,75;1520,96875;1491,59375;1692,375;1519,40625;1699,71875;1954,21875;1962,90625;1772,625;2084,15625;2226,375;2346,0625;2549,78125;2609,4375;2835,53125;2550,28125;2709,15625;2697,8125;2473,46875;2388,3125;2355,40625;2027,40625;2150,25;2035,59375;1784,53125;1726,40625;2009,1875;1857,6875;2049,09375;1938,15625;2341,53125;2561,21875;2786,6875;2867,875;2957,65625;3166,9375;2906,8125;3030,875;2628,8125;2426,34375;2122,96875;1675,09375;1629,8125;1501,375;1200,34375;1488,59375;1355,6875;1513,34375;1756,5625;1840,71875;2350,09375;2359,5;2488,34375;2470,375;2442,53125;2214,8125;2178,8125;1995,71875;1662,09375;1599,5625;1258,59375;1216,75;1043,125;1130,4375;1227,71875;1042;1210,625;1301,53125;1405,90625;1642,4375;1757;1506,125;1482,15625;1711,9375;1710,6875;1440,09375;1631,5;1495,625;1360,9375;1160,375;904,53125;749,125;490,28125;190,09375;89,03125;77,34375;80,59375;105,53125;131,59375;-29,53125;75,5625;-81,9375;46,8125;-212,59375;-94,34375;0,21875;-196,65625;-200,9375;14,75;-7,625;-79,9375;-178,84375;-146,03125;-30,84375;-187,28125;27,0625;-198,5625;-182,0625;-6;-192,9375;13,59375;-126,625;-187;-36,3125;-151,71875;27,03125;-72,0625;-146,3125;-45,53125;-1,4375;-102,53125;-260,59375;-263,03125;-186,5;-217,65625;-102,1875;-62,6875;-211,15625;-130,5625;-66,875;-130,6875;-47,09375;-168,875;-139,46875;-216,65625;132,5625;-112,90625;-172,96875;-36,71875;83,625;-35,1875;-128,625;-5,25;-171,03125;-128,3125;118,25;-79,90625;-64,8125;28;-102,5;44,5;127;11,78125;-125,25;77,5625;-164,84375;-155,0625;-188,96875;39,09375;-135,5;-30;-118,28125;-8,34375;4,875;-111,46875;-58,375;75,59375;70,28125;-50,96875;-155,1875;-227,90625;-53,65625;-88,4375;0,9375;179,125;-76,5625;-6,75;-64,28125;-76,96875;-15,375;52,84375;107,96875;-3,53125;-13,6875;-89,15625;-322,59375;-78,21875;84,875;99,71875;8,5625;-213,03125;-141,5;24,03125;-92,1875;-146,9375;-239,90625;-60,625;-247,625;119,03125;-122,34375;
-43,5625;15,1875;56,84375;-103,84375;-40,0625;25,34375;-66,15625;78,40625;50,125;-106,09375;72,3125;-189,4375;-1,0625;-155,25;-124,15625;-38,96875;-168,9375;-97,90625;-28,625;-184,03125;-242,78125;-103,59375;43,28125;-142,4375;-54,75;-107,90625;-63,625;-240,125;-39,6875;-205;-176,34375;-156,5;-16,65625;-79,78125;100,28125;-47,875;-176,96875;-313,03125;-141,3125;-95,5625;-212,78125;-306,71875;-61,4375;-201,75;-13,375;-4,4375;-9,78125;-90,25;-217,375;-134,40625;-166,46875;-192,875;18,21875;-13,4375;-173,75;-244,53125;-125,9375;-226,40625;-264,625;-271,8125;-57,875;-183,96875;0,1875;-225,25;-203,78125;-172,46875;-243,78125;-140,09375;-121,96875;-331,03125;-128,625;-345,40625;-235,09375;-258,21875;-278,03125;-151,875;-307,8125;-170,84375;-154,625;-379,0625;-191,46875;-123,96875;-49,6875;-122,03125;29,25;0,875;-82,84375;17,59375;-174,15625;48,6875;-76,8125;55,21875;23,90625;-251,90625;-151;-16,0625;-152,71875;-26,125;-7;240,8125;394,4375;395,65625;414,1875;444,375;291,5625;198,625;257,75;77,375;276,96875;209,03125;460;853,9375;994,78125;1202,03125;1344,34375;1410;1634,28125;1558,5625;1503,90625;1768,53125;1605,90625;1732,1875;1714,21875;1853,5;1814,15625;1811,3125;1823,9375;2061,4375;2160,1875;2457,0625;2371,78125;2823,75;2694,9375;2826,125;2850,09375;2891,9375;2962,21875;2737,15625;2782,34375;2861;2923,3125;2404,1875;2411,65625;2242,3125;2086,375;2074,65625;1980,96875;1995,53125;2020;2304,40625;2804,875;2770,5625;3216,09375;3181,34375;3411,90625;3327,34375;3424,8125;3218,6875;2879,5;2824,96875;2509,75;2008,9375;1776,5;1557,6875;1435,96875;1499,75;1536,09375;1675,9375;2013,21875;2073,59375;2381,8125;2577,03125;2754,1875;2706,8125;2658,125;2597,53125;2337,65625;2098,0625;1846,71875;1658,375;1151,53125;1243,1875;1231,84375;1208,5625;1168,65625;1251,34375;1468,90625;1384,25;1488,5;1485,40625;1565,28125;1995,8125;1901,59375;1854;1964,3125;1792,84375;1504,34375;1447,78125;1256,28125;1181,96875;1246,59375;890,96875;810,125;681,1875;487,125;311,0625;124,84375;194,15625;31,34375;-140,59375;-19,125;16,34375;-28,3125;-184,90625;95,34375;-58,625;-70,28125;-213,65625;-182,84375;-260,8125;47,625;-126,90625;-13,5625;-82,3125;-90,84375;-88,75;-102,25;-192,6875;-263,15625;-127,28125;-65,6875;-31,15625;-43,84375;-99,5;-85,125;-203,21875;-37,375;19,09375;-113,65625;66,9375;-190,9375;-173;51,40625;-63,21875;-131,5;98,53125;160,75;-68,625;-49,15625;-181,625;60,34375;17,375;-164,625;-135,09375;-12,53125;76,21875;-52,34375;-224,8125;-10,625;3,21875;28,40625;-43,0625;79,34375;-94,21875;-167,46875;-44,25;-88,9375;-30,40625;-121,3125;-29,25;-2,1875;82,46875;-21,65625;-177,4375;-347,84375;-14,625;-136,28125;-9,34375;113,875;-114,5;-283,4375;-68,75;-70,65625;-87,40625;-113,125;43,46875;-144,375;-116,875;-163,65625;-59,25;-143,5625;-12,53125;-51,59375;-215,21875;-29,875;-22,75;59,53125;-259,15625;-106,03125;-298,78125;-143,03125;-189,15625;84,59375;94,34375;-36,6875;-3,21875;106,84375;81,40625;34;-131,34375;-26,9375;-22,28125;-143,65625;149,0625;-159,4375;39,40625;72,34375;-30,1875;-121,78125;-93,28125;
-141,96875;-112,46875;113,90625;10,875;-194,65625;-92,8125;158,78125;22,84375;-92,6875;-82,0625;-46,875;43,15625;-27,90625;-133,53125;54,9375;-212;25,28125;128,4375;-29,5;-7,125;-31,5;-113;29,71875;-70,1875;28,90625;-123,21875;-46,5;-32,0625;-8,875;-7,65625;86,28125;-169,125;-135,40625;-186,78125;-165,65625;-233,03125;-38,53125;-47,21875;-196,09375;-108,875;28,75;57,53125;-62,21875;-155,96875;-257,65625;4,09375;-238,84375;-249,25;-11,625;53,375;-113,59375;-76,03125;-235;-128,46875;-194,78125;-79,21875;-365,34375;-221,5;-144,3125;-168,28125;-229;56,90625;-28,25;-121,28125;124,4375;-67,3125;-155,75;-311,09375;-80,25;-123,84375;-169,78125;-256,75;-209,3125;-40,375;-202,90625;-204,75;127,0625;-105,8125;-209,40625;29,9375;-407,125;2,71875;-45,46875;-76,375;-224,375;-96,0625;102,9375;-95,0625;-138,03125;-135,34375;20,75;3,46875;-37,90625;-214,4375;-38,40625;120,0625;-62,125;-290,3125;69,46875;139,90625;264,0625;321,03125;442,71875;236,375;378,65625;393,84375;117,875;165,09375;136,3125;147,03125;502,46875;739,09375;1117,15625;1414,0625;1404,8125;1594,53125;1745,84375;1771,625;1825,71875;1810,0625;1870,375;1735,03125;1899,0625;1839,375;2014,28125;2100,96875;2063,84375;2352,15625;2447,78125;2473,71875;2741,90625;2701,625;2847,53125;2798,40625;3058,3125;2907,625;3352,4375;3298,34375;3262,59375;2964,71875;2857,71875;2704,46875;2555,84375;2407,21875;2324,46875;2274,90625;1970,96875;2326,53125;2410,28125;2639,4375;2935,15625;2999,53125;3190,59375;3475,4375;3441,75;3785,875;3507,5;3544;3385,71875;3081,59375;2839,125;2378,03125;2054,34375;1726,125;1494,84375;1618,5;2011,875;1821,53125;2070,9375;2326,0625;2542,34375;2936,90625;2870,875;2993,375;2772,53125;2694,25;2624,65625;2252,8125;2040,46875;1900,5625;1530,4375;1403,4375;1465,875;1169,21875;1309,03125;1540,6875;1400,25;1754,28125;1771,625;1955,21875;1898,9375;2054,90625;2224,21875;2063,28125;2107,0625;1878,53125;1850,1875;1711,625;1491,125;1355,375;1199,625;912,625;944,9375;493,8125;588,21875;425,90625;148,75;235,34375;316,15625;142,90625;40,4375;178;-308,125;-78,03125;-71,875;62,09375;-186,3125;-9,25;-200,78125;40,5;-60,28125;127,59375;7,75;-211,0625;-128,0625;-48,03125;-123;-76,28125;17,5;0,4375;136,25;-35,84375;-83,6875;-40,4375;51,25;29,84375;-378,875;-70,28125;-111,875;-262,46875;-26,53125;-141,46875;28,5625;-37,6875;-157;112,625;-163,75;237,1875;-37,53125;-168,9375;109,03125;22,625;82,125;67,5625;292,125;49,09375;-100;173,375;35,75;38,59375;-1,03125;-12,53125;-10,9375;-34,59375;-135,0625;-41,375;-213,5625;-126;-136,75;-83,25;-65,3125;-14,9375;-98,59375;-0,21875;-83,84375;-7,34375;-104,09375;-133,1875;11,96875;47,8125;-120,46875;-13,40625;-22,6875;-218,90625;-128,875;-64,03125;-38,5625;-63,59375;12,78125;-32,5;-30,71875;53,46875;96,6875;67,28125;-4,0625;57,90625;21,8125;170,90625;113,71875;-179,0625;0,5;-29,84375;207,75;53,84375;-148,65625;127,625;190,21875;-126,28125;127,15625;117,34375;141,40625;-25,375;78,875;-89,4375;-29,5625;-23,0625;113,0625;143,75;-66,375;-16,4375;
66,875;-115,375;-227,84375;26,53125;158,0625;85,84375;-157,53125;-149,625;-145,21875;8,96875;29,75;21,59375;-47,03125;-90,5;-78,34375;-49,375;26,125;-74,34375;13,21875;20,21875;-51,46875;-47,4375;-190,0625;-114,59375;124,34375;1,53125;-49,71875;55,53125;104,6875;129,34375;68,03125;-81,59375;-45,59375;-154,96875;-247,875;-184,84375;-233,78125;-217,125;34,96875;-190,28125;83,46875;35,90625;-71,0625;-63,65625;24,84375;-250,75;83,4375;-31,1875;-31,53125;-57,03125;107,53125;-81,9375;-146,03125;-216,40625;-176,09375;-66;-84,09375;-36,3125;28,40625;-190,96875;-6,625;36,5;-90,78125;-227,125;-97,5;-134,6875;-299,15625;-41,90625;-174,53125;-160,4375;-78,09375;-9,8125;-179,625;-281,84375;-60,21875;-250,3125;-248,9375;-251;-281,75;-176,46875;-275,65625;-104,15625;-114,3125;-167,34375;-24,1875;-116,28125;-91,34375;-124,1875;-57,84375;-169,71875;-138,53125;-66,78125;-25,25;140,53125;26,6875;-148,46875;79,625;-22,84375;100,3125;259,5625;270,53125;245,59375;381,59375;428,625;419,71875;238,53125;214,65625;193,78125;82,125;403,4375;525,34375;812,84375;1192,4375;1464,96875;1560,125;1783,1875;1898,375;1768,1875;1965,65625;2024,8125;1838,90625;1913,5625;2043,90625;2199,3125;2240,59375;2266,90625;2262,0625;2364,625;2388,8125;2598,21875;2944,28125;2872,75;3174,75;3412,96875;3173,65625;3461,875;3571,09375;3480,90625;3400,53125;3011,28125;3007,875;3069;2863,46875;2605,25;2521,96875;2530,875;2239,90625;2466,40625;2728,875;2739,78125;2996,5625;3284,71875;3626,4375;3638,59375;3841,5;3873,4375;3977,25;3799,5625;3506,625;3131,78125;2857,5625;2398,28125;2263,59375;1892,6875;1876,25;1821,71875;2141,625;2169,125;2324,65625;2718,25;2717,34375;2989,96875;3061;3162,5625;2960,65625;2983,375;2795,53125;2406,21875;2386,03125;1990,9375;1666,875;1485,0625;1615,53125;1458,53125;1357,8125;1541,6875;1696,9375;1652,625;1786,75;1960,40625;2017,90625;2268,59375;2131,59375;2151,9375;2141,5625;1989,78125;1946,96875;1889,28125;1646,65625;1473,6875;1226,09375;1281,4375;804,28125;702,25;504,90625;523,75;316,34375;157,5;133,0625;47,59375;49,625;10,65625;-161,25;11,21875;47,25;-220,96875;-159,8125;-285,75;-247,96875;20,59375;-182,3125;-13,71875;-15,90625;46,59375;91,84375;-369,1875;-69,53125;-14,375;-67,1875;-165,71875;-120,25;-218,8125;-122,375;55,625;-140,625;-75,15625;-171,53125;-241,28125;-190,625;-67,5;-283,59375;29,1875;-197,53125;59,9375;-11,21875;-94,5;112,375;72,4375;-78,96875;-44,875;-147,4375;150,6875;-91,625;31,5625;-78;-95,90625;-96,28125;29,15625;-187,75;-71,625;85,875;5,21875;39,96875;-125,1875;-272,875;-182,25;163,71875;-75,625;-185,15625;-32,75;-26,3125;-45,09375;-30,09375;11,90625;-10,46875;-189,375;-127,25;-70,21875;-29,46875;-113,75;-271,59375;-114,625;18,3125;-194,25;19,34375;-80,6875;-41,96875;-34,34375;-125;-32,09375;-53,0625;-48,5625;-107,78125;-194,65625;104;-97,46875;-42,25;34,90625;67,3125;206,65625;-228,8125;-180,59375;-118,125;-172,625;-260,4375;-66,65625;-41,71875;-51;61,09375;85,15625;-165,65625;-190,59375;69,875;-158,90625;34,84375;-154,40625;-169,09375;75,8125;-156,1875;-166,84375;
154,90625;-20,3125;-24,25;28;52,84375;-189,0625;2,03125;117,59375;105,5;134,84375;66,90625;-21,9375;305,28125;104;82,09375;-86,59375;116,5;43,09375;-193,65625;-15,34375;-15,75;-39;-41,375;-42,1875;-34,59375;-259,53125;-87,9375;-138,5;-36;-168,5625;-151,21875;-114,46875;47,78125;-80,9375;-33,5;-9,4375;-178,4375;22,21875;-107,09375;-131,21875;-76,3125;-64;20,625;-80,59375;-184,84375;-183,21875;64,96875;22,59375;-11,71875;114,5;-133,53125;-44,375;63,5;70;8,5625;16;-4,96875;15,3125;-90,40625;-47,1875;-21,8125;-31,1875;-84,15625;-297,09375;81,96875;26,5625;-79,59375;19,71875;-151,90625;-176,15625;-108,84375;-149,59375;-39,0625;-113,46875;-179,75;-72,28125;14,75;-204,375;-206,21875;-163,65625;-160,21875;148,25;-1,78125;44,90625;-77,375;-260,59375;47,71875;87,28125;-98,1875;38,5;-36,46875;21,21875;174,90625;-66,875;-259,90625;-158,9375;13,15625;-51;-77,28125;259,59375;292,21875;449,09375;685;335,9375;380,1875;365,8125;264,53125;387,34375;315,15625;280,5;283,28125;929,46875;1168,21875;1189,25;1767,5625;1652,78125;1922,71875;1935,53125;1698;2103,1875;2072,9375;2119,96875;2171,46875;2180,40625;2185,71875;2328,25;2200,78125;2361,46875;2666,3125;2843,90625;3099,59375;2936,59375;3157,25;3533,625;3533,75;3422,1875;3478,34375;3439,375;3330,0625;3342,71875;3321,125;3214,34375;2886,84375;2832,125;2669,65625;2626,5;2605;2853,71875;2678,90625;2837,3125;3142,53125;3414,375;3761,625;3790,46875;3923,3125;4172,25;4231,8125;4101,8125;3689,625;3286,375;3164,4375;2717,09375;2297,4375;2173,0625;1918,75;2057,875;1975,71875;2201,53125;2313,59375;2530,65625;2899,53125;3231,71875;3470,65625;3355,25;3198,40625;3211,40625;2972,875;2641,53125;2470,8125;2126;1790,09375;1843,25;1568,71875;1827,6875;1679,28125;1732,46875;1807,6875;1983,21875;2054,3125;2046,28125;2265,375;2441,5625;2362,1875;2360,46875;2345,34375;2396,125;1996,34375;1915,375;1840,25;1735,28125;1282,1875;1202,75;983,71875;643,75;824,5625;575,375;441;467,03125;255,6875;60,875;116,0625;-130,5625;-11,375;-33,875;-75,875;-125,90625;67,71875;-327,71875;-85,78125;-185,46875;-93,96875;-11,15625;-159,75;-25,90625;83,71875;-37,25;-69,46875;-163,5625;-178,6875;-262,28125;-175,15625;-102,03125;-64,8125;183,75;-6,65625;-54,75;-141,25;-143,34375;-169,3125;-144,6875;61,8125;36,6875;-60,375;-21,46875;-54,21875;216,21875;-134,03125;80,78125;94,375;27,3125;155,6875;5,25;-77,375;-89,09375;-42,71875;34,1875;-74,875;-75,09375;-112,875;4,40625;53,4375;-84,90625;79,3125;80,28125;-87,3125;1,09375;-181,46875;10,40625;51,78125;-119,8125;-55,8125;-54,46875;12;26,46875;-114,4375;4,96875;-95,90625;-82,59375;-39,34375;-61,65625;37,96875;-50,9375;109,1875;68,15625;114,6875;300,25;28,6875;228,5625;207,8125;-5,53125;265,21875;137,4375;55,4375;37,375;-4,53125;23,90625;50,625;-180,0625;-25,5;2;103,46875;69,90625;229,03125;56,8125;-51,15625;-113,4375;30,78125;154,1875;1,3125;12,5625;-78,3125;-34,40625;-12,40625;39,875;3,0625;-101,125;78,15625;-11,40625;138,25;-104,5625;
-77,90625;-94,75;12,9375;87,8125;18,90625;-108,6875;117,65625;222,625;-83,40625;-84,03125;124,09375;-286,3125;10,21875;-15,3125;-32,46875;47,9375;239,59375;146,40625;-249,21875;36,96875;14,59375;-158,96875;224,375;88;-136,1875;65,5625;-18,6875;25,40625;-108,90625;21,65625;31,21875;-42,1875;165,53125;-72,71875;-161,78125;-89,875;-108,875;-153,21875;-6,15625;-33,78125;-33,59375;-238,59375;-64,9375;-83,5625;-116,09375;-245,0625;-150,1875;-95,90625;-7,5625;-254,65625;9,84375;13;-137,75;6,625;-288,3125;-52,3125;-222,125;5,34375;-115,96875;-143;-144,90625;-241,75;-76,34375;33,78125;189,625;-145,15625;-188,5625;-48,5625;-182,84375;-115,34375;-212,1875;-103,75;-215,6875;-206,78125;-168,03125;-230,75;-103,5625;-94,09375;-214,28125;-43,46875;99,25;-237,9375;-138,0625;-58,375;-34,53125;-112,21875;-210,09375;-62,875;-10,1875;-128,65625;-10,3125;-15,21875;-60,34375;70,96875;-81,71875;-24,71875;-245,8125;-181,34375;-34,59375;174,9375;294,9375;300,5;399,3125;553,28125;367,3125;468,28125;306,9375;161,875;196,28125;318,5;667;766,125;1131,4375;1614,8125;1668,46875;1923;1740,4375;2012,0625;1841,78125;1934,875;2030,1875;2209,28125;2044,15625;2113,5;2302,8125;2244,21875;2184;2327,3125;2588,8125;2523,71875;2904,375;2919,625;3198,46875;3415,25;3429,375;3426,84375;3485,03125;3440,40625;3465,21875;3345;3611,21875;3097,125;3147,03125;2796,53125;2910,5;2586,4375;2417,5625;2537,03125;2774,5;2918,53125;3029,65625;3360,90625;3506,21875;3815,875;4157,9375;4152,84375;4179,125;3979,625;3999,34375;3676,03125;3184,59375;2803,8125;2290,625;2058,09375;1947;1959,0625;2218,25;1997,75;2560,84375;2711,15625;3273,375;3114,03125;3328,3125;3502,65625;3528,625;3235,75;3028,25;2645,59375;2487,28125;2096,34375;2083,03125;2005,53125;1653,5;1606,53125;1721,6875;1560,15625;1841;1893;1994,875;2024,78125;2336,53125;2349,40625;2435,4375;2592,375;2445,84375;2276,75;2006,78125;1979,40625;1714,0625;1457,78125;1388,0625;1320,40625;912,34375;695,25;485,6875;472,34375;171,5625;176,625;67,34375;65,375;-103,8125;-19,1875;-157,8125;-40,5;-29,34375;-169,5625;-362,34375;-52,1875;-142,3125;-104,6875;16,875;-14,40625;-124,03125;-183,09375;-153,6875;-246,9375;-116,5;28,3125;-231,65625;10;-120,4375;-67,15625;-40,78125;-88,96875;-125,53125;-76,96875;-153,8125;33,9375;55,625;-85,5625;64,40625;6,5625;-214,9375;-248,125;-122,4375;-120,03125;-446,34375;-8,5625;-112,90625;-120,90625;20,03125;-90,3125;-2,15625;-225,5;13,09375;-105,8125;5,84375;34,65625;-105,90625;-39,625;-188,96875;-275,21875;-130,5625;-75,96875;-76;-140,0625;-225,1875;-186,8125;71;-112,03125;-62,46875;-22,0625;-52,28125;-122,125;-6,1875;-82,75;27,09375;-58,9375;-57,40625;-168,125;-45,40625;-108,25;-152,21875;-127,75;-91,8125;-272,71875;-103,90625;-230,34375;4,3125;-92,71875;35,96875;-213,1875;-83,625;26,8125;-73,84375;-71,84375;-12,3125;-49,65625;-90,53125;41,375;-5,6875;-58,75;5,21875;-83,0625;-2,90625;33,84375;-118,78125;44,625;-87,0625;-80,90625;-237,65625;-242,75;-116,9375;-388,8125;-237,15625;-66,15625;-142,71875;-214,5625;47,65625;-175,09375;
-54,65625;90,1875;224,0625;62,71875;-4,34375;23,90625;98,1875;-71,6875;-140,125;-57,09375;67,09375;11,46875;-53;-176,96875;22;-56,9375;-102,4375;-92,09375;-165,125;79,65625;-101,1875;-73,375;-74,03125;47,03125;3,25;-74,28125;-24,40625;-17,1875;-137,625;-106,1875;-229,75;-86,75;113,46875;-83,4375;78,28125;-88,875;32,9375;-175,28125;-58,125;66;-166,96875;-149,6875;-175,3125;168,46875;-111;-217,4375;77,15625;-34,46875;-39,28125;46,5;-128,71875;-100,09375;-108;-102,25;-352,4375;1,65625;-76,75;-80,0625;-182,15625;-256,71875;-205,3125;-56,71875;-245,65625;-78,84375;-193,5625;20,25;-190,96875;-236,625;-141,8125;-244,8125;-60,59375;-99,4375;-19,5;2;-157,78125;-237,21875;-215,90625;-88,5;-40,28125;-11,8125;-212,03125;0,125;-219,4375;-81,71875;-182,78125;-222,15625;-43,5625;-42,75;-33,25;-8,8125;-15;117,0625;-101,125;77,65625;-121,15625;-150,875;-96,78125;-92,0625;-7,09375;122,71875;291,46875;393,875;474,25;619,8125;661,03125;534,40625;329,84375;24,59375;362,15625;187,6875;537;896,25;1160,84375;1430,5625;1481,15625;1905,1875;1980,9375;1923,375;1947,5;2084,6875;2029,8125;2122,8125;2123,59375;2148,875;2234,375;2388,15625;2346,09375;2497,1875;2688,65625;2779,8125;3086,21875;3187,75;3372,625;3280,78125;3649,5625;3618,15625;3679,15625;3845,53125;3676,71875;3705;3556,4375;3282,59375;3062,21875;2698,46875;2691,1875;2815,3125;2819,96875;2895,46875;3197;3271,5625;3280,09375;3526,5;3647,21875;4070,34375;4084,5;4317,03125;4502,40625;4314,5625;4281,34375;3735,15625;3365,34375;2979,09375;2449,84375;2263,125;1974,78125;1860,1875;2070,46875;2322,59375;2371,25;2943,96875;3400,71875;3424,1875;3649,53125;3938,5;3447,71875;3253,75;3004,03125;2789,1875;2306,78125;2242,875;2070,0625;1985,21875;1932,9375;1843,625;1586,125;1829,125;1989,875;2058,96875;2242,40625;2405,875;2640,09375;2450,34375;2443,65625;2534,59375;2596,8125;2507,96875;2464,125;2082;1914,125;1455,40625;1438,0625;1174,40625;1085;682,09375;543,625;354,1875;416,375;203,28125;121,0625;269,96875;87,65625;-10,5;-54,34375;-102,84375;-140,4375;-230,1875;77;-330,09375;-48,78125;-11,4375;-226,96875;-99,09375;-203,28125;-121,59375;-104,15625;-212,59375;-228,09375;-216,46875;-21,375;-303,71875;-182,90625;-71,28125;-216,875;5;148,34375;-73,125;-59,0625;-35,59375;-132,75;-113,1875;-162,5625;130,59375;-290,65625;-229,25;36,5625;35,09375;-104,125;-107,6875;-101,46875;-32,9375;114,34375;-130,625;14,59375;-238,21875;-152,4375;-103,53125;64,0625;-213,125;117,34375;-204,90625;-150,46875;-125,28125;-41,8125;-136,84375;-34,5625;82,375;15,28125;140,0625;-229,875;-240,8125;20,09375;-125,59375;-208,5625;-65,25;-105,875;-184,5625;-35,21875;199,75;-10,28125;-124,0625;-92,96875;50,09375;98,4375;-119,375;-16;38,875;73,3125;207,4375;-46,875;32,5625;100,4375;76,59375;-193,8125;-10,25;-113,09375;34,6875;-196,75;37,6875;-189,59375;-103,125;-134,125;-178,5625;-58,375;-75,875;-221,8125;-115,4375;-106,53125;-87,5;87,4375;-59,65625;-31,71875;-227,25;-31,53125;-256,5625;-0,21875;-84,3125;-68,78125;149,21875;-70,25;-47,65625;
-1,25;98,65625;-127,25;-150,0625;65,125;-3,4375;-7,40625;94,1875;-44,40625;-22,125;47,28125;93,96875;-101,28125;-33,40625;76,4375;-199,1875;-63,625;-82,6875;-46,625;70,625;-42,71875;-61,75;-134,1875;-108,5;-87,5625;-5,75;95,125;-176,84375;-33,09375;-148,375;62,40625;58,65625;-145,40625;1,75;-54,96875;-156,375;-129,90625;98,03125;-66,71875;-196,15625;-5,875;-32,8125;-257,40625;-14,21875;-217,4375;-43,8125;-146,59375;-208,75;-264,3125;64,40625;-168,09375;-87;10,1875;-47,375;78,03125;-30,71875;-33,71875;117,84375;34,53125;21,59375;206,03125;-228,71875;-212;-287,78125;-47,125;54,375;130,03125;-171;-88,4375;-127,09375;-168,5;-26,21875;-232,40625;-135,28125;-30,0625;-123,25;-83,59375;-202,25;-156,78125;-130,96875;-276,46875;-67,1875;-89,53125;36,65625;-116,5;24,71875;-150,4375;-24,6875;-174,59375;-109,34375;-11,4375;132,375;69,46875;73,8125;-54,625;-137,21875;-22,59375;-81,1875;223,71875;246,40625;257,28125;439,15625;559,1875;581,90625;498,5;521,625;375;402,15625;620,1875;515,65625;739,6875;868,9375;1272,75;1554,90625;1576,375;1761,34375;1947,6875;1916,1875;2165,5;2368,625;2251,28125;2239,9375;2172,625;2370,8125;2317,65625;2453,0625;2562,5625;2532,59375;2690,15625;2794,65625;3043,5625;3065,15625;3336,21875;3348,90625;3489,28125;3559,0625;3804,15625;3863,65625;3531,65625;3847,3125;3637,40625;3311,4375;3106,78125;3146,25;2906,21875;2974,625;2566,78125;2724,65625;2982,125;3224,21875;3202,6875;3495,65625;3901,78125;4047,5625;4163,375;4377,09375;4744,28125;4295,25;4140,78125;3897,125;3277,34375;3068,09375;2546,875;2080,625;1801,84375;1922,53125;2110,4375;2340,34375;2887,25;3111,25;3354,0625;3725,21875;3842,96875;3822,78125;3866,75;3631,53125;3169;2902,4375;2694,90625;2307,65625;2110,625;2040,25;1906,3125;1630,78125;1670,25;1905,96875;1894,75;2074,15625;2290,3125;2486,96875;2605,1875;2759,8125;2888,8125;2888,40625;2771,34375;2564,375;2594,96875;2293,9375;2025,25;1821,71875;1760,34375;1195;1172,21875;645,40625;642,03125;532,03125;431,25;128,1875;95,6875;13,8125;112,1875;17,125;-90,875;-165;56,0625;-192,40625;-150,875;-347,75;-145,96875;-261,6875;-272,40625;-51,59375;-22,3125;-77,21875;-36,4375;-129,125;19,875;29,5;-69,09375;-49,78125;-90,84375;-43,84375;4,25;46,25;-97,375;-190,75;46,71875;-195,25;-126,96875;-168,4375;-83,96875;-96,96875;-77,28125;-87,875;101,53125;-78,28125;-3,6875;9,875;-73,8125;23,9375;-147,125;149,0625;205,5625;-26,65625;-231,125;-48,59375;181,9375;-129,90625;-211,75;-58,1875;-151,8125;-120,78125;-164,84375;-8,875;-222,28125;-253,21875;-144,96875;21,59375;-138,90625;-10,8125;-103,875;43,34375;-132,96875;-201,40625;-33,53125;-78,5625;190,09375;-49,25;22,75;14,59375;196,125;85,3125;95,78125;-12,78125;-5,5625;33,40625;42,1875;-25;-99,75;-1,90625;62,21875;89,25;-41,21875;144,375;48,875;-45,03125;52,625;-138,3125;96,96875;-189,1875;-116,625;66,75;260,5625;-150,84375;-195,65625;-55,25;-12,53125;-104,625;64,3125;-38,9375;-256,15625;-41,375;37;-240,8125;-104,0625;-113,46875;20,96875;-85,25;-40,59375;-164,0625;
28;69,28125;298,1875;109,59375;89,40625;352,375;100,78125;44,3125;32,21875;276,0625;71,03125;26,34375;250,15625;120,125;-25,65625;105,53125;293,125;84,75;-31,21875;-282,875;23,34375;93,03125;-15,6875;328,59375;40,84375;126,4375;-19,75;47,15625;92,3125;-149,0625;0,21875;112,375;31,90625;54,96875;-99;-82,75;-12,90625;-20,34375;-113,0625;-77,65625;-59,4375;-101,625;-246,21875;230,875;-122,40625;-82,375;-163,3125;-26,78125;231,96875;155,125;6,15625;-33,8125;97,21875;-21,21875;170,03125;157,6875;38,53125;78,65625;112,53125;13,90625;-43,03125;31,28125;11,25;1,375;107,03125;1,40625;-111,28125;234,84375;-109,25;-21,15625;259;59,21875;217,1875;-92,65625;51,9375;-124,09375;10,25;-23,9375;78,75;41,84375;138,0625;81,75;-43,65625;154,4375;-100,125;15,15625;-103,53125;10,09375;-239,125;30,34375;83,21875;202,96875;166,40625;42,75;9,5625;12,21875;256,34375;10,96875;145,21875;299,09375;393,1875;618,0625;888,75;682,8125;571,96875;408,15625;454,5625;325,8125;699,125;681,96875;830,25;917,1875;1448,84375;1257,5;1847,9375;2150,25;2103,875;2097,8125;2159,84375;2306,3125;2228,9375;2466,15625;2561,46875;2739,3125;2452,59375;2534,3125;2527,4375;2761,5;3006,90625;2962,125;3007,1875;3456,625;3406,9375;3543,65625;3620,40625;3944,96875;4019,8125;4055,46875;4015;3819,21875;3859,75;3609,34375;3374,53125;3151,71875;3081,5;3004,34375;2848,75;2959,21875;3038,9375;3432,0625;3685,6875;3697,4375;4069,1875;4285,28125;4573,96875;4657,78125;4813,1875;4676,0625;4335,9375;3760,71875;3493,34375;3088,71875;2758,28125;2219,21875;2137,5625;2075,71875;2131;2323,40625;2693,59375;3346,46875;3672,0625;3649;3882,28125;4049,90625;4075,1875;3735,96875;3210,84375;3346;2812,25;2388,5;2332,375;1992,09375;2030,03125;1847,21875;1978,03125;1959,9375;2214,09375;2230,875;2432,0625;2680,46875;2832,3125;3000,5625;2859,46875;2801,875;2705,75;2698,25;2434,71875;2350,75;2161,09375;2037,6875;1664,09375;1457,9375;1071,21875;942,875;631,5625;576,03125;419,15625;321,71875;320,8125;47,71875;203,09375;107,84375;47,84375;8,03125;-155,8125;-145,03125;-151,71875;73;275,375;176,40625;146,3125;191,65625;-140,3125;81,71875;-118,1875;77,59375;-62,375;50,15625;14,09375;-223,75;76,25;3,09375;-35,125;-104,46875;202,09375;-7,5625;-34,5625;-5,46875;110,125;-75,90625;28,3125;100,96875;137,21875;-46,09375;28,25;-121,34375;-68,5;140,375;-76,9375;158,8125;48,65625;-35,34375;193,125;-46,375;120,625;34,96875;-86,4375;57,59375;-11,53125;188,5625;126,375;148,90625;11,125;17,6875;37,1875;-5,125;87,03125;-45,46875;-27,5;228,6875;31,0625;-31,65625;258,5;-162,71875;31,3125;22,34375;48,09375;16,375;173,375;70,65625;-13,65625;119,0625;-62,0625;-27,5625;28,96875;22,75;204,4375;111,4375;22,75;85,25;-59,34375;-42,40625;90,8125;132,53125;32,875;178,03125;-83,25;-12,71875;-51,96875;225,25;-146,96875;182,96875;142,03125;-210;171,53125;-66,65625;-2,21875;64,3125;-137,25;9,625;218,75;44,28125;49,65625;83,15625;224,46875;108,90625;97,75;77,90625;104,9375;226,96875;
-142,03125;-50,4375;-116,21875;-192,0625;100,78125;-44,78125;-48,375;-187,96875;-233,53125;-19;217,84375;-10,5;-98,4375;-103,40625;-19,9375;79,59375;28,65625;-157,59375;-217,53125;-58,46875;-109,0625;-187,125;95,46875;-125,21875;-135,71875;-164,03125;-108,71875;-131,0625;-244,90625;-235,21875;-67,9375;-171,125;-179,6875;-263,9375;-38,9375;-37,21875;-110,65625;-250,21875;-256,9375;-143;-163,75;-103,5625;-66,15625;-213,75;49,5;-138,53125;-122,53125;-13,375;-27,75;-213,34375;-166,40625;-189,875;-257,84375;-75,5625;0,875;-167,40625;-228,1875;-167,84375;-83,625;-105,1875;-191,96875;-245,5;-138,625;-301,21875;-67,96875;-106,8125;-81,8125;-284,53125;-94,375;-31,84375;-116,75;-94,3125;-191,71875;-171,65625;71,59375;-129,53125;-98,4375;-467,875;-235,25;-210,03125;-137,1875;-342,03125;-161,03125;-62,25;-248,84375;-277,125;-88,375;-99,3125;-118,0625;-117,21875;23,96875;-49,21875;-186,25;-96,59375;44,71875;-174,53125;-88,09375;-311,28125;200,40625;196,625;434,71875;438;701,15625;648,8125;518,40625;479,25;337,75;301,5625;263,34375;561,46875;418,3125;605;942,125;1201,78125;1530,5625;1691,4375;1783,78125;2078,9375;2283,28125;2163,34375;2308,71875;2417,59375;2471,21875;2520,65625;2775,75;2535,53125;2730,875;2766,25;2733,8125;2966,53125;2920,1875;3241,6875;3507,9375;3853,25;3655,90625;3830,875;4105,75;4310,125;3927,34375;4027,28125;4008;3638,0625;3396,40625;3135,375;2962,3125;2712,4375;2866,34375;2742,75;2984,21875;3101,90625;3449,5625;3701,625;3885,34375;4228,9375;4493,8125;4578,40625;4722,5;4606,125;4281,625;3805,375;3475,28125;2986,84375;2597,75;2244,5625;2180,625;2046,5625;1994,8125;2221,9375;2749,71875;3089,9375;3317,1875;3726,1875;3983,59375;3991,4375;3982,1875;3623,125;3369,1875;3109,5;2628,34375;2459,78125;2171,8125;2028,625;1800;1761,15625;1749;1714,5625;1787,375;2067,75;2273,9375;2507,625;2629,03125;2613,09375;2907,03125;2856,75;2632,125;2652,78125;2441,8125;2154,40625;1926,15625;1756,625;1771,0625;1257,8125;1176,6875;591,1875;437,625;277,1875;388,03125;29,90625;182,5;128,28125;88,59375;-206,21875;-112,1875;-215,6875;-222,65625;-231,03125;-149,78125;-177,15625;-162,90625;-250,6875;-168,625;-93,6875;-102,90625;-99,9375;-184,03125;-211,46875;-267,25;-317,375;-297,1875;-28,75;-35,3125;-154,625;-112,53125;-242,46875;-129,03125;-274,40625;51,90625;43,78125;-236,375;-100,71875;-325,71875;-255,15625;-140,875;-221,9375;-5,6875;-242,28125;-44,4375;-25,125;-16,875;-15,1875;-126,40625;-85,46875;-111,71875;-129,625;-36,375;-219,09375;-278,75;-157,34375;-448,25;-103,75;-137,03125;-243,96875;-97,125;-9,4375;-244,71875;51,4375;-210,53125;-166,4375;1,625;-37,5625;-157,625;-143,1875;-191,78125;-47,90625;-148,125;-185,21875;-190,15625;-172,78125;-91,4375;101,71875;-167,59375;118,125;14,84375;79,875;-307,6875;-199,1875;-226,46875;-44,34375;11,375;45,40625;-41,46875;-226,625;-87,03125;-212,9375;104,25;-6,03125;-199,6875;-42,4375;3,5;-13,96875;-223,0625;-329,65625;-197,125;-107,96875;-145,96875;69;-135,53125;-73,25;30,3125;-186,96875;-81,5;-55,5;-208,8125;16,34375;86,5625;-155,0625;-19,03125;-86,65625;-102,6875;-199,375;
-149,4375;50;143,40625;251,53125;350,65625;196,0625;-94,0625;6,09375;-57,03125;66,21875;-66,3125;195,53125;112,5625;246,78125;85,90625;160;-239,46875;-97,9375;242,4375;332,46875;61,4375;-19,65625;-129,40625;-51,625;118,1875;75,75;-243,8125;7,3125;50,65625;-9,71875;61,9375;-20,8125;136,09375;145,96875;-172,03125;-198,65625;-28,34375;173,21875;-204,15625;-167,46875;-177,71875;35,625;-50,78125;-138,71875;81,6875;-42,5625;10,65625;73,75;66,09375;27,5;46,875;-51,0625;-77,96875;-49,125;79,1875;44;164,75;57,0625;18,8125;93,46875;48,21875;155,6875;26,6875;122,4375;-34,5625;-49,0625;-15,28125;232,84375;84,8125;-114,125;127,28125;29,5625;84,53125;104,75;43,8125;-67,21875;33,5;20,84375;-210,65625;-154,125;-78,78125;122,0625;10,59375;-116,53125;138,375;142,84375;116,5625;111,0625;190,125;76,21875;92,59375;114,25;253,34375;288,6875;95,5;-102,90625;182,125;33,9375;264,1875;265,21875;553,53125;488,3125;535,5625;915,875;931,1875;708,75;620,375;479,53125;329,71875;238,6875;698,09375;978,40625;1231,84375;1741,6875;1889,3125;2161,59375;2306,6875;2366,6875;2618,125;2680,34375;2793,875;2888,53125;2926,78125;2815,28125;3117,84375;3050,5625;3091,53125;3044,625;3221,40625;3291;3336,28125;3672;3748,65625;3904,875;4139,4375;4305,875;4481,78125;4402,375;4515,5625;4680,90625;4265,5;4079,4375;3799,59375;3403,65625;3321,59375;2969,65625;3141,125;3127,25;3228,90625;3374,59375;3834,5;3995,5625;4479,09375;4710,71875;4943,9375;5122,90625;5142,46875;5089,34375;4759,1875;4301,84375;3713,40625;3265,3125;2855,125;2486,0625;2255,59375;2137,3125;2176,53125;2655,5;3013;3263,21875;3579,6875;3855,3125;4195,1875;4005,125;4131,5;3953,125;3672,46875;3285,21875;3071,78125;2873,1875;2197,625;2102,125;2037,6875;1858,4375;1974,34375;2233,0625;2176,1875;2412,59375;2538,34375;2681,125;2915,90625;2820,28125;3132,4375;3146,40625;2986,15625;2754,78125;2845,25;2499,09375;2245,15625;1965,21875;1703,90625;1375,5625;1490,8125;1046,34375;724,28125;714,71875;126,90625;368,6875;186,90625;320,21875;14,21875;-1,53125;-117,25;-80,375;-176,15625;-165,46875;-50;-105,03125;231,03125;-95,1875;253,3125;65,78125;-274,375;53,53125;-19,03125;8,40625;-63,71875;-128,40625;65,8125;-29,1875;-24,3125;303,59375;-249,25;-124,875;-378,78125;70,625;-129;-72,875;227,21875;-98,03125;84,65625;-23,59375;115,0625;-44,25;-25,125;72,78125;-140,0625;73,65625;-64,5;127,0625;-152,71875;-87,25;-18,25;121,9375;65,0625;126,8125;236,65625;19,5;-45,03125;-60,78125;1,09375;151,625;68,5625;-10,65625;35,625;-67,5;-30;-96,09375;67,03125;-131,1875;-90,0625;11,90625;-165,25;22,90625;94,1875;-6,625;32,65625;-104,03125;4,1875;14,59375;119,90625;-144,375;-23,875;-10,40625;14,21875;-20,625;-44,78125;146,09375;28,53125;-121,40625;78,3125;55,6875;112,5625;-149,8125;-116,34375;-34,0625;-207,4375;187,03125;-149,71875;46,28125;-17,03125;-56,65625;78,8125;-18,125;266;-132,84375;15,53125;-64,34375;0,8125;121,375;-16,40625;267,09375;95,625;-12,53125;48,34375;-151,9375;92,28125;-113,84375;126,5;135,65625;
105,65625;-93,125;-255,53125;-106,0625;67;-223,6875;-280,75;41,125;221,96875;-133,71875;-24,5;63,9375;11,4375;-124,28125;-62,28125;-182,15625;-322,8125;-130,4375;-91,0625;-254,0625;-52,8125;-138,6875;-99,53125;51,4375;-111;-171,53125;-193,25;-144,3125;25,28125;-86,09375;-101,90625;-224,90625;-218,46875;-96,875;-237,75;148,40625;-113,96875;-55,53125;-385,6875;-87,53125;-61,5;-75,09375;-82,9375;-153,28125;-229,34375;-176,21875;105,4375;0,65625;-54,71875;-222,15625;2,5;136,75;-59,5;-18,21875;-151,8125;-230,0625;-57,03125;-6,40625;-259,5;-185;-13,5;-71,0625;-162,21875;-113,375;-113,375;-225,625;-235,71875;-62,90625;22,25;-45,09375;-136,03125;-190,71875;110,3125;163,59375;-48,09375;-90,0625;-47,71875;-189,96875;-142,3125;-128,96875;-283,84375;-108,9375;-367,625;-111,65625;-65,34375;-342,34375;-188,1875;-198,5;-161,9375;-112,53125;31,71875;81,71875;38,5625;-38,59375;-54,21875;-296,25;-116,125;34,65625;173,5625;257,09375;239,65625;512,21875;595,6875;764,25;705,65625;651,3125;532,96875;446,25;608,03125;577,59375;858;947,65625;1250,625;1343,5625;1651,71875;1948,625;2156,9375;2341,3125;2302,75;2734,53125;2882,875;2961,28125;2931,09375;3138,5;3231,1875;3145,5625;3330,625;3242,21875;3171;3383,75;3298,03125;3656;3957,65625;4164,59375;4225,4375;4539,65625;4733,0625;4686,40625;4982,625;4792,78125;4674,34375;4276,53125;3844,6875;3767,46875;3475,625;3492,40625;3192,40625;3228,9375;3059,21875;3399,53125;3375,65625;3959,84375;4439,8125;4728,125;4915,5625;5197,96875;5395,21875;5234,46875;4850,625;4515,375;3899,21875;3505,15625;2832,78125;2673,25;2331,96875;1988,65625;2314,5625;2527,125;2768,6875;3333,96875;3768,46875;4152,59375;4151,59375;4285,5625;4308,03125;3970,15625;3701,78125;3472,625;3088,78125;2673,875;2354,5;2431,34375;1999,6875;1988,53125;2053,90625;2099,3125;2064,71875;2278,46875;2591,71875;2526,21875;2881,125;3103,40625;3031,96875;2967,34375;3078,6875;3082,40625;2894,03125;2523,21875;2221,78125;2182,3125;1814,15625;1596,125;1111,25;876,8125;732,9375;277,6875;333,5625;148,53125;265,5625;117,46875;-130;-120,46875;-153,625;76,28125;-229,4375;-179,25;-104,03125;-276,9375;-195,15625;-143,03125;-181,40625;-22,0625;-114,96875;-48,96875;38,34375;-130,78125;-193,75;-140,8125;-236,03125;-185,5625;-143,53125;-221,65625;-295,90625;-67,125;-166,125;-223,0625;-57,09375;-301,40625;-246,625;-126,125;-100,65625;-79,46875;-150,78125;-61,5625;-100,25;-60,8125;-172,6875;26,71875;90,6875;-102,15625;-242,15625;-117,65625;-151,65625;127,40625;16,65625;-133,21875;-172,875;-22,875;-186,5;3,6875;-39,0625;-100,1875;2,4375;15,4375;-67,09375;-288,03125;-48,6875;37,5;-119,53125;-50,5;-161,53125;-114,03125;-25,0625;8,3125;-17,46875;-184,03125;-92,625;-227,09375;-55;-123,375;188,75;-298,28125;58;-31,4375;-80;-25,375;-55,90625;50,75;-79,25;-59,125;31,5625;-362,34375;170,9375;-69,78125;-237,03125;-309,25;-152,3125;-219,40625;-152,125;-153,6875;-11,4375;10,78125;-40,625;106,625;-62,21875;-43,6875;130,375;-10,6875;3,53125;-215,1875;159,84375;-18,75;40,6875;-134,1875;-87,375;161,3125;183,6875;-198,0625;-81,8125;51,21875;
-49,03125;39,15625;-58,28125;98,46875;-59,40625;-52,46875;62,75;65,65625;212,4375;-18,84375;16,15625;16,65625;77,375;-26,75;125,5;-110,59375;118;-39,09375;207,5;-214,15625;32,0625;135,03125;-248;-196,15625;131,65625;-133;94,5;-199,34375;-69,15625;-37;-4,34375;43,6875;253,21875;-141,1875;-13,46875;61,1875;-36,625;-10,6875;71,1875;13,40625;-39,9375;-91,5625;41,6875;205,6875;85,40625;91,96875;-142,65625;139,46875;71,53125;-129,1875;-43,8125;26,21875;189,28125;63,65625;85,75;116,46875;-243,34375;74,8125;-150;166,65625;-185,8125;95,8125;26,59375;19,75;-177,34375;-40,125;-187,84375;11,09375;39,96875;7,125;-80,8125;42,0625;-260,03125;-23,6875;80,6875;-21,75;-64,375;-48,3125;230,96875;-18,46875;-73,78125;186,625;204,8125;-119,40625;240,78125;66,375;-32,90625;25,875;-146,5;-58,9375;73,9375;8;191,5;-9,8125;2,125;-130,09375;33,3125;151,40625;331,875;315,90625;333,25;665,03125;738,03125;946,4375;831,09375;844,40625;735,90625;672,125;772,46875;519,15625;660,3125;896,5625;1111,96875;1571,90625;1948,0625;2168,84375;2195,5625;2542,3125;2797,875;2830;3528,625;3423,90625;3544,71875;3736,25;3629,4375;3657;3592,5625;3773,40625;3526,5625;3792,0625;3718,15625;4094,40625;4453,53125;4467,0625;4846,8125;5078,53125;5317,40625;5247,40625;5305,4375;5429,34375;5119,625;5057,1875;4438,375;4187,21875;3954,6875;3566,34375;3492;3526,96875;3763,875;3834,90625;4099,34375;4533,65625;4761,03125;5155,375;5316,28125;5517,5;5590,28125;5579,53125;5309,5625;4938,59375;4332,96875;3920,09375;3221,0625;2763,3125;2839,4375;2670,96875;2613,34375;2876,84375;3194,5;3469,9375;3959;4215,09375;4577;4557,4375;4688,4375;4515,75;4470,4375;3830,09375;3337,625;3033;2744,96875;2692,40625;2402,21875;2283,71875;2170,28125;2362,59375;2336,4375;2601,25;2703,625;2761,25;3220,5625;3253,8125;3449,15625;3316,375;3349,28125;3009,71875;2961,59375;2772,90625;2514,46875;2183,46875;1771,625;1637,875;1482,71875;906,25;877,59375;499,09375;473,90625;316,75;247,84375;-0,90625;-195,28125;-68,0625;-228,375;-10,125;-119,1875;30,25;-237,8125;-186,3125;-141;-162,875;210,28125;-204,71875;-45,78125;-227,75;-108,875;-28,09375;66,34375;-213,84375;-265,40625;-17,03125;-80,90625;217,5;-45,8125;29,6875;-178,40625;-248,46875;-31,59375;19,8125;5,15625;-220,03125;-52;-71,125;-69,65625;-45,6875;-188,09375;27,25;23,25;-11,75;17,375;166,6875;145,5;41,875;114,15625;54;-90,4375;88,46875;-160,9375;-62,1875;206,78125;-153,46875;-154,8125;132,875;231,375;25,5625;10,375;-117,75;50,34375;0,875;154,09375;202;47,8125;-119,875;-151,125;-146,125;-117,65625;85,0625;-77,0625;-103,3125;-42,625;-38,96875;-54,84375;-71,09375;-28,71875;132,375;11,03125;116;13,625;-25,75;-25,34375;-283,25;-15,5625;-14,8125;298,71875;104,625;129,40625;135,1875;-11,875;66,21875;-201,78125;-214,21875;169,625;-2,46875;140,0625;1,71875;-19,9375;188,8125;139,96875;-148,34375;73,625;-65,90625;-120,53125;71,71875;94,71875;-94,4375;97;82,5625;15,6875;93,96875;-146,875;73,1875;
198,875;201,1875;4,5625;156,15625;169,84375;-18,53125;186,65625;129,03125;80,09375;-62,5;93,6875;122,1875;164,09375;73,46875;144,5625;260,6875;84,9375;-90,625;41,71875;88,53125;110,75;89,15625;18,6875;79,21875;177,4375;6,65625;60,53125;-174,46875;-141,34375;267,75;-38,53125;-64,96875;101,84375;-38,71875;-58,59375;245;-78,375;145,90625;-38,28125;-69;-65,375;201,375;-4,5;65,15625;264,34375;245,125;238,75;13;69,53125;30,28125;173,84375;59;38,375;-49,96875;19,28125;23,0625;125,375;53,09375;162,5;251,21875;-78,65625;9,03125;84,59375;148,5625;-33,53125;188,375;71,8125;-127,875;146,65625;-136,78125;34,3125;114,84375;-2,0625;88,21875;190,84375;5,75;305,3125;88,9375;3,1875;-29,1875;141,4375;86,15625;184,59375;197,84375;9,59375;50,40625;58,09375;219;92,21875;-162,4375;171,125;44,0625;225,5;196,9375;169;67,40625;-17,9375;191,09375;398,5;438,21875;494,71875;767,4375;764,4375;760,625;959,28125;1180,90625;924,90625;850,75;682,375;740,4375;883,8125;892,28125;1221,71875;1532,875;2033,40625;2426,46875;2590,5;2747,53125;3160,15625;3438;3428,21875;3679,1875;3780,8125;3945,0625;4056,4375;3990,21875;4024,46875;4093,125;3926;3984,03125;4281,5;4276,5625;4877,71875;4985,53125;5244,96875;5435,0625;5649,03125;5835,28125;5690,5;5700,40625;5503,46875;5124,625;5042,3125;4722,75;4336,84375;3897,09375;3899,46875;3975,5;3877,59375;3916,53125;4276,3125;4837,375;5153,5;5671,71875;5705,625;6121,8125;6318,4375;6007,25;5902,65625;5458,09375;4855,03125;4173,125;3716,625;3365,3125;2911,5625;2903,6875;2910,4375;3206,59375;3291,46875;3956,8125;4384,09375;4697,21875;4992,0625;5054,3125;5049,9375;4946,71875;4636,84375;4145,59375;3787,1875;3526,625;3094,71875;2909,1875;2642,625;2705,125;2547,21875;2491,5625;2698,90625;2866,59375;3079,8125;3313,5625;3592,125;3484,84375;3629,90625;3565,0625;3329,4375;3249,78125;3168,875;3068,9375;2786,1875;2591,875;2221,21875;2024,25;1481,5625;1330,25;1112,90625;616,65625;514,875;421,71875;299,1875;-63,65625;82,4375;95,75;56,6875;-91,53125;53,875;-50,28125;32,4375;-236,9375;126,90625;37,9375;-171,625;97,0625;60,09375;-42,625;-10;142,46875;236,03125;74,875;25,21875;37,46875;-24,96875;-127,375;11,6875;5,40625;-68,40625;66,46875;-118,65625;-124,3125;47,125;267,1875;77,46875;-124,03125;87,125;-42,75;131,21875;203,125;235,5625;36,09375;147,09375;-62,4375;195,875;119,4375;115,8125;-106,09375;127,875;-4,6875;-82,625;17,1875;42,03125;25,84375;-83,15625;45,09375;69,1875;12,65625;-110,125;217,84375;56,59375;86,90625;-56,90625;-184,5;95;62;-237,625;75,3125;29,71875;-16,875;-21,15625;91,125;-0,21875;134,46875;113,46875;-30,78125;9,3125;100,65625;118,71875;-25,6875;79,125;25,25;-73,96875;-77,15625;-64,3125;271,9375;-3,3125;-173,4375;-135,8125;205,71875;181,375;-59,375;-173,09375;197,84375;89,4375;-95,5625;91,59375;75,625;309,875;111,46875;90,5625;153,375;143,875;201,125;-0,34375;159,53125;-68,21875;120,5;100,21875;89,65625;149,3125;138,5625;48,90625;35,3125;
46,28125;-91,6875;0,5625;-137,03125;-169,78125;-1,25;-99,40625;-98,21875;137,1875;72,15625;97,5;43,4375;-190,5;135,34375;-116,15625;-38,25;-156,71875;-158,8125;-186,59375;-150,90625;-156,53125;-29,75;67,40625;-66,4375;8,5;-262,5;-165,65625;-317,21875;-132,34375;-114,40625;-24,65625;-81,96875;-100,28125;2,78125;141,09375;7,28125;-38,75;-62,25;65,40625;-128,5;-71,1875;-274,28125;54,5;-25,75;-117,75;-101,90625;-66,84375;17,5625;-8,9375;-71,375;-74,25;-76,84375;-27,21875;-115,65625;-31,96875;45,1875;-236,4375;59,15625;-51,40625;10,6875;19,59375;196,21875;17,59375;-101,5625;-168,09375;62,5;-38,25;-23,1875;-15,21875;-9,65625;-71,21875;59,875;-92,40625;-8,09375;-54,125;87,6875;-35,90625;-17,65625;-210,375;47,375;22,46875;-109,21875;-88,25;71,15625;-90,375;75;-12,28125;-22,9375;-194,375;117,0625;1;151,28125;-1,21875;132,375;61,8125;126,09375;12,5625;61,375;260,375;153,6875;361,4375;619,375;851,65625;960,84375;926,84375;921,65625;894;580,1875;756,75;524,5625;445,9375;740,46875;1373,09375;1629,3125;1769,625;2159,1875;2445,625;2895,0625;3064,4375;3329,3125;3812,9375;4073,3125;4127,46875;4231,90625;3991,375;4210,375;4061,0625;3969,65625;4096,46875;4036,0625;4299,53125;4290,0625;4562,78125;5025,5;5361;5659,34375;5992;6285,4375;6355,28125;6153,25;5848,375;5675,125;5276,75;4806,96875;4489,09375;4253,375;3948,90625;3839,5625;4237,6875;4326,28125;4576,15625;4902,0625;5180,34375;5734,0625;6220,28125;6407,03125;6342,15625;6383,09375;6208,84375;5398,25;5091,40625;4469,90625;3999,53125;3326,4375;3203,71875;2894,9375;3435,34375;3451,375;3627,3125;4183,875;4568,53125;5032,625;5212,84375;5574,25;5406,125;5193,6875;4848,03125;4450,3125;4138,28125;3707,5625;3237,40625;3048,75;2884,3125;2455,1875;2762,75;2847,53125;2939,09375;3205,09375;3178,8125;3366,875;3514,34375;3641,40625;3706,53125;3864,21875;3567,59375;3575,34375;3383,5625;3037,375;3034,9375;2575,53125;2197,875;2030,0625;1654,15625;1246,03125;827,6875;737,40625;490,1875;259,6875;-12,53125;92,5;-109,15625;30,75;-41,625;21,28125;-173,25;-139,90625;-216,84375;-11,03125;-37,46875;-115,28125;-227,09375;76,375;9,21875;-158,03125;-70,5625;-377,40625;51,6875;-76,8125;-108,6875;-218,34375;-269,5;-271,125;-204,0625;-79,09375;-59,53125;-150,5;-74,875;-30,4375;-347,65625;-275,53125;-225,25;-24,03125;-124,75;-30,65625;-33,59375;-104,40625;92,84375;-87,21875;-18,25;102,25;-220,40625;11,8125;-139,6875;11,8125;-209,875;-179,75;26,375;-1,03125;84,9375;107,4375;-115,65625;-238,53125;-178,625;-121,96875;-84,59375;-82,03125;-138,1875;-175,84375;13,1875;-104,75;-274,53125;8,34375;85,5625;-139,15625;79,15625;-145,84375;-67,5625;118,71875;-92,75;-34,40625;-24,9375;33,625;-45,75;-27,34375;-134,75;-57,28125;24,71875;-31,28125;52,6875;-43,78125;136,96875;-47,96875;-86,90625;52,625;78,34375;61,6875;-154,65625;-151,53125;-45,34375;-284,8125;-81,4375;-126,40625;-57,125;-18,0625;93,65625;-92,125;-43,125;81,46875;-45,5;-153,25;-72,6875;-28,65625;68,28125;-120,0625;-53,09375;71,625;52,28125;-0,59375;13,9375;-176,625;
-50,1875;-8,375;-71,3125;-135,6875;-33,59375;-29,3125;119,78125;100,75;-17,65625;-98,21875;38,5;-133,4375;-57,21875;-56,9375;-200,78125;56,71875;7,03125;-136,3125;-111,46875;37,1875;14,28125;132,6875;-158,25;36,46875;-27,59375;123,75;105,90625;48,375;-4,125;59,375;83,15625;43,8125;49,46875;-80;-5,0625;-12,65625;-155,34375;-45,78125;-40,15625;70,125;133,84375;-100,28125;-35,40625;266,5625;-58,15625;-33,3125;-37,6875;-85,0625;-80,46875;-53,1875;-39,34375;185,125;116,59375;97,3125;-83,40625;-179,40625;-178,21875;134,125;-69,1875;-21,46875;15,90625;71,625;-142,40625;111,875;-72,78125;101,03125;-212,96875;20,90625;-187,46875;33,75;19,5625;0,96875;105,03125;-70,34375;-70,375;-67,71875;77,59375;18,1875;100,0625;64,84375;135,375;-41;145,65625;-44,9375;28,875;-93,4375;130,9375;-88,125;-229,40625;-123,21875;-10,65625;59,34375;74,5625;59,21875;271,53125;145,03125;151,125;201,09375;165,34375;162,28125;433,15625;780,03125;874,375;929,1875;994,46875;942,96875;723,5;742,3125;503,96875;641,28125;761;870,5;1121,28125;1334,03125;1915,96875;2314,78125;2737;2812,25;3114,40625;3561,8125;3849,375;3932,625;4311,59375;4284,9375;4324,96875;4418,34375;4073;4224,1875;4243,5625;4183,1875;4294,5625;4613,34375;5114,75;5241,40625;5778,75;5881,65625;6304,25;6352,8125;6551,65625;6458,90625;6277,46875;5953,34375;5634,25;5085,03125;4688,03125;4332,65625;4078,28125;3996,375;4134,625;4430,84375;4728,28125;5207,5;5498,3125;6107,5625;6632,6875;6885,71875;7111,375;7036,5625;6380,53125;5913,90625;5446,75;4613,71875;4157,375;3825,65625;3403,40625;3352,75;3230,4375;3272,375;4103,375;4466,8125;4668,46875;5226,09375;5616,9375;5640,90625;5720,75;5595,53125;5375,625;4925,875;4642,53125;4129,0625;3696,75;3607,5;3239,1875;3133,40625;3042,5;2929,65625;3197,78125;3288,15625;3570,65625;3770,71875;3798,875;4226,0625;4143,4375;4047,40625;3868,125;3851;3653,25;3175,40625;3093,0625;2752,3125;2439,34375;2109,75;1936,21875;1529,375;925,5625;575,65625;361,1875;455,71875;69,6875;101,21875;-192,5;-217,75;-31,375;-63,25;-184,5625;-193,3125;-247;-124,75;-47,34375;-260,90625;-155,875;-107,21875;-38,90625;-116,625;-194,75;12,90625;-92,78125;-45,21875;-266;-200,40625;82,78125;-131,21875;-142,125;-327,6875;-115,59375;-104,125;-319,875;-243,03125;-26,125;-96,8125;-176,28125;-153,0625;-99,84375;-76,21875;99,875;-49,8125;10,34375;-225,625;-135,15625;-96,1875;68,90625;27,5;-142,875;-115,59375;48,09375;115,9375;-325,65625;-53,5;-125,25;-255,90625;-263,21875;-28,375;131,15625;-176,875;-270;-200,78125;17,46875;-82,71875;114,25;74,09375;-202;-42,71875;-61,375;-27,78125;-151,4375;-40,5;-69,6875;-7,71875;123,15625;-39,5625;-158;-33,78125;-61,5;-101,03125;33;-63,3125;-1,375;-78,84375;-13,75;24,6875;-14,625;-143,21875;-133,46875;-91,5;0,21875;17,3125;-92,25;-89,15625;24,34375;2,40625;-130,78125;91;-73,28125;101,9375;149,875;-209,78125;16,59375;-58,0625;81,5625;-190;-173,21875;-109,90625;107;46,40625;-170,71875;-1,59375;-0,59375;-90,96875;-44,6875;36,3125;
-103,53125;70,0625;11,25;6,09375;-10,3125;100,1875;100,15625;44,46875;215,25;-46,34375;-97,0625;-113;-170,84375;118,25;-157,53125;28,34375;-24,46875;173,96875;72,0625;-25,0625;-51,1875;155,65625;-6,34375;176,375;85,96875;33,71875;-13,40625;152,1875;144,40625;-3,4375;-144,53125;68,03125;33,21875;116,78125;24,375;130,1875;-4,90625;-127,25;195,71875;79,59375;145,5;-107,75;49,5625;152,6875;-65,125;-15,28125;-52,59375;-6,1875;-30,0625;87,75;-61,5625;59,25;15,375;-32,3125;-158,125;329,28125;-5;3,78125;40,75;-39,375;274,09375;-57,21875;-51,90625;-67,28125;-30,15625;110,5;109,84375;-70,9375;179,96875;-115,84375;-48,28125;49,1875;-12,8125;-106,625;29,46875;215,46875;115,6875;28,84375;73,90625;103,28125;56,125;-73;121,875;39,03125;-12,5;-55;-63,03125;-125,8125;140,59375;241,5625;-9,34375;207,125;262,3125;160,09375;107,15625;235,71875;352,96875;-2,78125;-177,21875;213;293;594,1875;916,625;1077,5;1376,5625;1037,96875;890,75;801,5;775,0625;759,40625;822,46875;1082;1116,5625;1602,25;2022,90625;2279,96875;2662,875;2992;3280,125;3601,03125;3804,6875;4179,34375;4537,125;4386,25;4665,28125;4232,375;4240,875;4364,40625;4204,21875;4266,09375;4311,125;4662,21875;5197,3125;5372,84375;5732;6065,84375;6460,53125;6760,28125;6676,21875;6892,09375;6794,75;6401,96875;5887,6875;5452,65625;5139,9375;4742,34375;4418,75;4227,15625;4500,28125;4697,75;5075,75;5469,4375;5882,9375;6532,03125;6936,1875;7392,25;7533,5;7334,5;6820,53125;6486,25;5816,75;5158,0625;4519,75;3799,625;3774,0625;3607,125;3358,53125;3647,03125;4087,46875;4355,1875;5154,40625;5374,0625;5755,1875;6065,6875;5884,59375;5997,46875;5557,90625;5024,4375;4907,125;4328,40625;3984,4375;3625,71875;3387,9375;3121,96875;3278,5625;3223,5;3337,84375;3567,21875;3764;4068,5;4494;4439,125;4315,03125;4303,03125;4211,0625;4089,28125;3974,75;3603,8125;3416,6875;3117,25;2845,3125;2367,0625;1820,21875;1660,625;1264,15625;693,28125;622,96875;368,6875;-71,125;-85,1875;77,96875;-180,71875;71,125;77,375;-127,625;-430,9375;-245,875;-253,25;-87,46875;-209,625;-105,9375;-222,6875;-26,46875;-173,75;-241,53125;-98,03125;-10,875;-122,4375;-103,375;-92,0625;-189,59375;-64,25;-206,34375;-310,28125;-38,21875;-173,34375;-105,96875;-75,15625;-91,15625;-226,9375;-132,875;-183,8125;21,25;-4,28125;-86,96875;-214,21875;-171,9375;-74,78125;-98;60,6875;-65,28125;-8,21875;-146,8125;-88,4375;12,84375;-116,59375;-82,9375;-249,40625;-440,875;-135,0625;-217,5;-125,59375;-25,15625;2,75;-148,65625;-98,125;-97,71875;98,65625;-176,4375;-49,78125;-147,03125;-155,5625;-164,8125;-99,71875;61,375;-181,8125;-39,8125;-92,78125;-241,0625;15,71875;-72,5625;-158,71875;-256,5625;-134,1875;-163,3125;-144,6875;-144,6875;96,125;16,09375;112,5;-118,84375;77,125;212,65625;9,09375;61;46,53125;-170,6875;3,0625;84,78125;-17,8125;151,6875;-219,84375;19,5;33,5;143,5625;-2,375;-55,9375;88;28,15625;-134,78125;-48,96875;-81,59375;64,3125;84,9375;-96,375;17,28125;-62,75;58,125;49,25;-73,40625;
221,4375;2,6875;10,3125;168,5;75,03125;177,375;238,90625;156,40625;113,9375;24,34375;108,34375;290,40625;-189,34375;-29,96875;-226,0625;-47,875;53,5625;70,03125;39,8125;59,75;117,875;-29,3125;80,5;27,53125;55,71875;-24,53125;54,6875;22,375;-47,96875;-40,5625;105,84375;-32,78125;196,75;270,40625;137,96875;130,28125;-130,96875;-86,96875;307,46875;144,21875;96,71875;112,71875;137,40625;186,46875;-13,125;269,75;22,75;-50,65625;375,59375;-82,0625;-59,0625;30,53125;-59,625;3,15625;6;91,21875;178,625;100,5;141,875;71,0625;43,6875;-103,3125;-35,40625;100,5625;71,375;-71,34375;137,8125;-46,6875;29,9375;147,125;45,8125;267,09375;153,40625;120,59375;35,71875;86,90625;-137,4375;84,65625;127,3125;154,625;151,3125;262,15625;249,34375;118,15625;-93,09375;-48,71875;-32,34375;-88,40625;-176,65625;107,21875;0,53125;174,1875;168,53125;295,75;165,65625;150,09375;228,3125;67,0625;212,0625;292,0625;611,21875;767,78125;911,53125;834,78125;1007,1875;1108,9375;1093,375;812,625;1015,09375;789,5;967,4375;897;1393,125;1701,6875;1871,09375;2677,9375;2569,90625;3037,0625;3413,96875;3616,65625;4084,09375;4196,40625;4416,4375;4619,0625;4634,1875;4368,3125;4504,96875;4598,78125;4324,96875;4311,5625;4436,9375;4726,09375;4938,96875;5570;5862,59375;6350,9375;6753;6909,0625;7029,78125;6966,5625;6990,84375;6603,4375;6125,5;5485,1875;5147,71875;4940,15625;4502,9375;4600,4375;4775,40625;4751,21875;5055,4375;5538,1875;6118,84375;6619,03125;7243,125;7453,0625;7695,25;7486,0625;7181,6875;6490,65625;5948,84375;5366,28125;4558,6875;4106,4375;3817,21875;3681,125;3786,1875;3796,0625;4117,09375;4604,78125;5230,46875;5730,28125;5999,3125;6163,84375;6399;6262,1875;5654,65625;5484,90625;5113,875;4370,6875;4161,25;3787,84375;3363,78125;3526,6875;3361,9375;3301,8125;3589,65625;3698,21875;4028,28125;4345,40625;4462,59375;4754,25;4590,03125;4576,5;4404,5625;4308,75;4271,9375;3695,0625;3494,15625;3083,21875;2630,21875;2365,84375;2095,125;1627,84375;1079,6875;983,5;455,6875;142,1875;102,125;83,9375;-59,09375;258,96875;-152,65625;-225,34375;35,03125;-147,90625;-176,15625;-17,8125;0,0625;-263,65625;-247,46875;53,625;-151,625;-362,28125;-299,15625;-175,1875;-56,0625;-174,59375;-39,1875;13,8125;-141,84375;-129,65625;-35,46875;51,28125;17,46875;-132,59375;19,875;-4,78125;55,3125;-114,4375;-21,46875;31,78125;-155,5;-64,375;57,1875;-8;-41,8125;-81,875;-7,125;37,03125;33,21875;-49,28125;-57,1875;-147,3125;64,5;-49,8125;25,6875;153,84375;-48,875;-120,0625;-175,9375;-4,25;65,90625;-323,84375;48,96875;-106,78125;-184,78125;-232,6875;-22,5625;76,28125;114,78125;-47,71875;-48,71875;-45,96875;-285,25;55,59375;11,625;72,40625;-127,28125;-8,65625;-34,46875;-84,78125;-18,75;-36;-9,875;-91,28125;138,53125;-30,09375;184,78125;85,71875;154;-138,21875;42,96875;3,875;-128,4375;-240,71875;-41,90625;61,0625;-102,40625;14,4375;-123,375;-76,6875;199,5;126,875;-56,65625;30,34375;101,71875;-42,71875;7,71875;186,6875;-63,625;175,84375;88,15625;-40,21875;63,1875;79,40625;-105,78125;-21,375;-20,21875;-57,40625;
-11;14;32,4375;13,9375;-111,625;-230,59375;54,03125;164,59375;110,0625;64,1875;-245,03125;-17,46875;2,34375;12,65625;135,21875;76,40625;-92,71875;-178,09375;-133,0625;-187,3125;-93,5625;-58,78125;106,9375;-199,375;-161,40625;-79,0625;-253,15625;95,34375;-74,28125;-66,59375;111,53125;-133,125;22,40625;-9,09375;-187,125;-55,5;-35,3125;-216,40625;-70;86,34375;-124,59375;-13,53125;81,21875;135,25;-117,75;71,6875;-214,03125;-298,46875;146,65625;111,15625;3,875;43,8125;-148,15625;-43,78125;-265,96875;-2,96875;-131,59375;117,21875;-29,28125;-111,34375;-51,71875;-113,21875;51,15625;-100,53125;22,4375;-191,1875;-7,375;-141,96875;26,15625;-5,15625;-35,875;-96,09375;-12,75;9,125;-113,59375;-83,5;-130,90625;-116,65625;-187,34375;0,96875;-304,46875;4,90625;-79,78125;-80,34375;-213,9375;-88,46875;-101,75;148,15625;-309;-138,53125;160,6875;-41,4375;296,375;181,59375;146,71875;69,75;36,5625;-30,71875;42,09375;280,125;354,40625;551,46875;979,8125;1042,46875;998,6875;1237,1875;975,5;588,9375;728,40625;832,3125;474,1875;930,25;1055,96875;1523,4375;1653,90625;2186,5;2506,375;2678,96875;3255,8125;3518;3889,78125;4065,875;4441,375;4441,15625;4574,5625;4482,78125;4421,75;4228,28125;4177,84375;4353,125;4300;4718,25;4902,96875;5466,8125;5890,75;6110,0625;6636,71875;6843,8125;7029,25;7078,71875;7109,28125;6490,71875;6238,3125;5957,0625;5411,65625;4768,875;4681,0625;4509,96875;4692,25;4832,03125;5144,375;5722,15625;6062,8125;6837,25;7246,75;7579,65625;7751,4375;7463,25;7361,78125;6662,28125;5800,59375;5460,375;4747,46875;4241,1875;3705,46875;3624,65625;3614,1875;3961,53125;4261,875;4726,375;5388,125;5829,875;5945,34375;6437,71875;6352,875;6169,4375;5947,4375;5455,53125;4754,75;4456,9375;3858,71875;3604,5;3310;3329,5625;3089,71875;3500,59375;3598,1875;3588,4375;4120,375;4149,84375;4553,6875;4635,9375;4857;4777,96875;4435,34375;4409;4177,4375;3972,0625;3570,84375;3338,9375;2783,78125;2311,5625;1838,09375;1394,375;999,3125;721,40625;579;263,03125;233,03125;-25,375;-228,15625;-260,90625;-68,46875;-276,15625;-270,90625;-89,59375;-343,03125;-210,375;-265,375;-295,3125;-318,15625;-189,5;-183,34375;-178,5;1,40625;-209,09375;74,5;-260,65625;-133,78125;-187,6875;-206,84375;-94,71875;-167,46875;-204,5625;-213;-479,34375;-333,125;-192,5;-97,4375;-428,78125;-75,875;-302,71875;-244,8125;-296,1875;-22,5625;-288,5625;66,90625;-30,25;-62,84375;-241,3125;-97,96875;-356,6875;-101,53125;-4,4375;-149,875;-109,6875;-192,15625;-14,3125;-99,03125;4,75;-337,28125;-109,15625;-125,90625;-21,6875;-186,28125;-208,09375;-228,71875;-133,9375;94,6875;-300,125;-217,90625;-153,96875;-132,3125;10,21875;-152,28125;-174,625;-52,53125;-78,65625;-324,75;-39,78125;126,53125;-32,75;-16,5;-73,75;69,71875;-248,03125;-152,25;95,03125;-180,1875;-170,5625;-62,90625;-110,09375;-78,53125;-34,09375;-140,59375;-44,8125;19,90625;-116,71875;-1,8125;-168,8125;27,21875;-21,78125;-184,46875;-80,4375;-180,96875;-71,78125;48,4375;217,53125;-124,28125;83;-56,875;-116,46875;124,21875;-123,21875;-53,84375;-221,0625;-271,0625;-195,71875;56,03125;73,875;
186,0625;39,46875;-35,15625;272,34375;-190,6875;104,8125;101,46875;472,09375;55,03125;347,875;188,3125;74,03125;135,5;5,34375;36,375;131,09375;-27,125;134,40625;11,15625;83,40625;3,34375;111,6875;173,8125;162,59375;55,4375;-67,75;41,03125;155,53125;216,4375;106,5;182,78125;100,40625;67,53125;130,96875;94,625;14,40625;139;59,40625;-116,53125;137,9375;45,53125;0,65625;-12,4375;61,3125;270,625;111,28125;353,78125;83,3125;17,9375;286,59375;9,65625;119,53125;86,375;146,6875;178,75;51,5;243,625;-41,40625;91,0625;-10,59375;32,4375;82,84375;113,96875;74,40625;183,1875;-60,0625;241,71875;61,8125;107,03125;74,875;192,84375;154,15625;180,53125;227,46875;161,5;77,75;314,03125;79,15625;84,28125;-32,5625;26,15625;129,03125;232,90625;194,125;208,5;58,4375;138,5625;-43,9375;106;11,21875;254,625;216,6875;471,25;132,34375;262,65625;311,625;368;266;376,03125;277,34375;687,375;921,96875;1174,875;1361,21875;1376,375;1332,875;1240;1131,375;835,46875;1008,625;981,71875;1037,21875;1264,375;1648,4375;1887,09375;2322,65625;2455,375;2843,46875;3306,65625;3700,71875;4136,28125;4565,4375;4838,21875;4766,4375;4892,15625;5017,0625;4741,9375;4664,625;4850,1875;4593,03125;5004,9375;4876,9375;5163,03125;5621,09375;6144,34375;6491,59375;7049,375;7288,59375;7476,4375;7363,3125;7272,59375;7037,65625;6627,4375;6149,46875;5789,0625;5086,46875;4798,84375;4783;4855,28125;4870,125;5360,59375;5897,9375;6518,75;7046,53125;7714,1875;8014,21875;8295,84375;7959,6875;7776,90625;7037,28125;6414,15625;5705,71875;5081,59375;4549,6875;4066,5;3814,9375;4018,34375;4184,5;4600,125;4839,375;5542,9375;6023,71875;6480,15625;6575,15625;6700,84375;6401,875;6019,75;5995,65625;5397,28125;4830,4375;4470;4180,78125;3745,1875;3527,15625;3581,375;3723,28125;3660,59375;4090,46875;4355,1875;4632,1875;4789,0625;5014,15625;5072,53125;5024;4874,71875;4750,1875;4623,75;4328,625;3942,5;3462,15625;3125,75;2633,46875;2234,53125;1750,6875;1315,21875;856,875;708,21875;407,4375;297,84375;150,84375;6,375;206,84375;180,1875;-111,59375;4,65625;-28,5;30,125;-268,15625;-199,15625;86,25;-45,90625;-61,875;62,65625;167,40625;10;-126,25;-78,84375;-208,5625;-196,03125;-105,75;-108,03125;-94,90625;-79,96875;50,40625;-72,71875;137,96875;-28,5625;-49;63,375;-167,5;231,21875;-8,96875;-10,75;-133,46875;-37,375;113,8125;-17,1875;132,28125;-5,78125;89,5625;157,5;121,0625;86,53125;97,5625;80,03125;172,71875;44,96875;45,84375;-46,84375;124,96875;60,46875;136,71875;-78,40625;-175,90625;12,71875;-67,125;194,96875;37,46875;301,84375;172,40625;281,3125;56;173,15625;3;-49,3125;117,28125;68,5;103,84375;251,15625;66,875;49,65625;117,6875;76,5625;196,09375;154,625;75,9375;2,46875;10,9375;69,46875;119,40625;149,4375;172,96875;42,28125;-106,375;27,40625;89,28125;-20,84375;80,5625;-12,84375;-15;-148,0625;193,625;188,21875;45,875;29,53125;131,46875;-104,5;303,8125;197;-157,25;27,78125;102,21875;1,96875;77,28125;238,0625;314,0625;113,4375;104,21875;55,0625;35,84375;
-193,3125;-54,34375;-190,84375;-262,34375;-186,78125;-128,3125;-198,21875;-7,4375;-188,78125;-100,40625;-305,40625;-132,8125;-93,4375;-154,75;-125,375;-230,0625;-199,03125;-210;-116,9375;-69,96875;-46,4375;-202,375;-98,0625;-238,3125;-230,53125;11,59375;33;21,59375;-215,65625;-217,375;-74,125;-276,09375;-41,875;-36,625;-148,53125;-123,875;-263,1875;-209,90625;-47,28125;-457,1875;-368,15625;-289,8125;-82,90625;-103,96875;-113,6875;-45;-64,75;6,40625;10,3125;-36;-138,65625;-292,28125;2,6875;-26,59375;-285,96875;-259,75;-13,4375;-276,8125;-204,96875;-6,6875;204,1875;-138,09375;-139,15625;34,75;42,46875;201,375;59;-17,3125;-63,53125;-44,28125;-71;-156,3125;6,8125;-146,90625;-92,6875;21,4375;-29,71875;-91,5625;-240,875;-282,28125;-42,28125;88,28125;-40,5;181,90625;80,84375;-71,59375;-137,46875;-216,28125;-0,71875;-132,03125;13,90625;13,40625;140,78125;-19,34375;159,75;28,0625;42,25;-89;-56,96875;179,40625;203,3125;522;868,8125;1123,28125;1164,6875;1228,28125;1118,9375;808,8125;866,0625;659,09375;606,34375;825,34375;950,625;1283,1875;1564,1875;1889,75;2252,21875;2872,875;3200,8125;3562,09375;4308,78125;4291,125;4643,90625;4780,90625;4981,71875;4883,5625;4830,90625;4707,59375;4323,625;4315,125;4638,875;4688,21875;4978,78125;5531,125;6007,53125;6324,65625;6892,71875;7107,40625;7343,28125;7521;7421,5625;6971,96875;6594,125;5949,15625;5671,46875;5125,25;5034,6875;4941,875;4930,90625;4919,9375;5405,6875;5922,75;6582,40625;7184,71875;7569,8125;7814,59375;8047,375;7956,9375;7646,21875;7107,4375;6426,53125;5566,8125;5167,03125;4257,0625;4159;3984,40625;3993,125;3978,71875;4340,59375;4797,59375;5607,53125;5749,9375;6391,78125;6531,25;6690,1875;6652,59375;6296,8125;5927,09375;5081,59375;4855,125;4349,71875;3909,875;3528,90625;3496,28125;3391,25;3501,71875;3591,40625;3920;4221,4375;4371,4375;4668,3125;4744,4375;4870,625;4866,34375;4640,8125;4580,59375;4353,8125;3863,03125;3628,03125;3328;3088,59375;2603,9375;1917,21875;1493,28125;1151,53125;665,9375;152,0625;183,875;-81,09375;-47,78125;-64,59375;-160,65625;-253,46875;-268,34375;-67,5;-398,625;-289,3125;-389,5;-176,8125;-169,6875;-449,125;-328,5;-311,625;-321,40625;-326,1875;-219,40625;-216,125;-168,59375;-424,65625;-364,15625;-227,78125;-171;-263,46875;-285,25;-109,78125;-359,0625;-130,84375;-217,375;-247,875;-308,53125;-326,3125;-277,125;-319,125;-315,65625;-170,25;-170,90625;-125,96875;-194,28125;31,53125;-201,9375;-257,125;-133,59375;-377,625;-271,9375;-165,875;-167,75;-174,4375;-278,90625;-365,40625;-351,03125;-152,53125;-208,28125;-270,28125;-437,21875;-299,125;-376,8125;-354,46875;-135,84375;-283,53125;-375,8125;-285,71875;-319,75;-218,78125;-26,78125;-117,9375;-259,5625;-268,875;-518,6875;29,28125;-23,75;-234,875;-343,9375;-278,5625;-180,75;-111,34375;-111,03125;-135,59375;-239,25;47,3125;-311,5625;-205;-118,5;-142,375;-159,46875;-114,84375;-106,9375;-38,5625;-266,78125;-82,65625;-230,75;-63,75;-105;-202,75;59,125;-55;-253,0625;-118,90625;-253,1875;-148,46875;-4,40625;-223,5625;-82,21875;-215,40625;-51,4375;-290,8125;-124,71875;-273,09375;-195,71875;-216,3125;-317,6875;
306,34375;92,65625;255,125;166,71875;118,25;106,59375;118,59375;201,78125;179,90625;117,125;182,6875;102,59375;-30,34375;186,46875;119,40625;-38,84375;-44,75;171,71875;199,75;107,53125;199,9375;162,84375;66,15625;7,8125;153,53125;148,71875;-24,3125;-48,625;29,96875;183,03125;23,0625;135,1875;143,25;-43;-30,625;109,9375;139,34375;17,75;204,03125;227,0625;28,4375;202,71875;98,84375;29,09375;-21;159,625;211,03125;117,3125;169,46875;272,96875;-25,96875;121,1875;277,8125;63,78125;314,28125;162,5625;210,78125;185,46875;141,625;190,6875;68,3125;98,5;118,84375;146,96875;230,375;-16,84375;101,125;235,59375;250,8125;78;76,84375;212,375;193,625;-5,5625;137,15625;258,03125;229,78125;51,53125;159,1875;-11,25;158,78125;376,75;129,3125;71,875;116,5625;39,15625;82,90625;395,34375;259,59375;266,78125;475,09375;508,125;770,21875;556,65625;551,09375;476,4375;251,1875;296,875;196,4375;673,125;534,75;879,125;1148,125;1606,09375;1399,96875;1572,5;1592,375;1239,71875;1057,5;998,40625;981,34375;1108,5;1484,625;1624,90625;2010,75;2261,65625;2663,78125;3201,46875;3561,4375;4013,09375;4309,25;4935,1875;5338,53125;5279,1875;5417,15625;5534,5;5315,5625;5121,25;4980,65625;4954,4375;5034,46875;5465,09375;5589,75;6003,78125;6331,71875;6750,125;7339,34375;7827,65625;7911,28125;8167,09375;7988;7711,21875;7366,34375;6697,46875;6156,1875;5803,625;5325,90625;5110,40625;5310,8125;5431,09375;5853,03125;6478,0625;6843,25;7709,28125;8108,96875;8558,75;8866,96875;8364,03125;7948,625;7573,125;7047,53125;6140,5625;5507,34375;4804,46875;4462,53125;4291,375;4316,15625;4530,9375;4830,53125;5256,9375;5760,5;6417,40625;6880,03125;7104,78125;7222,875;6960,65625;6836,46875;6171,46875;5935,5625;5234,0625;5049,9375;4450,15625;4040,4375;3921,15625;3880,96875;3948,96875;3966;4361,375;4438,25;4686,75;5079,4375;5122,4375;5363,96875;5240,28125;5151,78125;4978,03125;4622,84375;4183,3125;4400,15625;3694,53125;3331,34375;2889,46875;2441,03125;1845;1434,375;956,21875;661,875;124,46875;288,84375;176,21875;124,8125;56,15625;-1,9375;71,96875;-5,78125;-72,875;71,96875;63,15625;118,8125;92,96875;-25,28125;51,75;-90,5625;-42,125;-10,625;-183,625;-141,46875;-48,46875;97,96875;-73,5625;-80,9375;0,84375;132,5625;-248,125;102,8125;192,78125;-132,25;45,40625;201,9375;154,25;127,46875;27,53125;-3,1875;98,8125;-32,65625;276,25;83,125;22,03125;-113,46875;38,1875;121,40625;20,84375;115,625;182,03125;-74,4375;84,125;140,96875;-83,96875;136,25;-173,28125;1,0625;-11,375;-116,21875;102;-30,46875;-46,96875;369,5625;32,40625;75,9375;144,875;78,09375;77,65625;-121,875;165,5;30,65625;238;301,71875;303,6875;93,28125;45,0625;-122,9375;231,40625;192,34375;58,625;223,375;43,03125;239,375;181,8125;153,53125;192,53125;129,21875;52,125;182,96875;85,90625;-15,0625;129,1875;20,5625;156,625;149,28125;292,71875;85,96875;145,15625;162,09375;217,46875;31,125;59;203,625;205,40625;104,28125;240,375;148;203,03125;203,34375;-192,28125;2,5625;102,90625;107,21875;168,96875;86,78125;339,125;
70,21875;-207,90625;160,28125;94,6875;1,21875;159,5625;-37,59375;-128,625;127;-141,125;-174,1875;-116,96875;52,375;65,96875;174,28125;-130;31,90625;-249,65625;30,0625;-146,28125;-139,34375;-172,09375;-140,375;183,75;102,75;-68,84375;-134,6875;-148,0625;136,375;-2,9375;5,3125;-107,5625;-220,0625;-136,21875;-50,5;-55,46875;71,9375;60,34375;-80,5625;-201,5625;81,78125;192,78125;-25,71875;-86,03125;12,125;82,125;-44,625;172,3125;162,03125;-54,34375;-119,53125;65,875;103,15625;-5,15625;-12,84375;116,90625;30,625;64,46875;-18,3125;147,78125;-58,09375;-57,71875;1,15625;245,59375;57,46875;-23,5625;-110,15625;-140,15625;-150;-16,59375;132,625;14,8125;-60,28125;192,03125;411,125;126,875;-136,1875;-117,5;-2,90625;-125,28125;87,375;-49,9375;42,5625;31;37,53125;203,9375;38,78125;174,59375;51,21875;136,5;-89,65625;256,90625;217,15625;291,46875;259,28125;133,03125;34,25;97,09375;161,5;152,65625;596,375;616,125;1083,21875;1280,96875;1458,625;1447,15625;1426,09375;1343,625;1138,40625;974,15625;801,03125;973,625;1395,5625;1572,03125;1854,71875;2337,28125;2645,4375;3153,1875;3454,5625;4102,65625;4542,03125;4879,84375;5514,625;5556,96875;5561,125;5600,40625;5555,78125;5373,28125;5204,90625;5276,75;5008,15625;5451,6875;5797,71875;6036,875;6495,15625;7127,71875;7656,71875;8039,4375;8237,21875;8353,4375;8181,5;8228,40625;7395,0625;6885,8125;6354,4375;5856,375;5302,125;5196,25;5557,9375;5564,625;5995,375;6605,3125;7245,96875;7859,65625;8387,90625;8701,40625;8893,34375;8851,25;8277,59375;7788,03125;7056,03125;6343,21875;5630,125;5216,5625;4623,25;4401,84375;4382,5;4489,28125;4915,09375;5307,28125;6091,0625;6517,03125;7101,46875;7125,875;7373,1875;7375,59375;6818,09375;6571,5625;6060,625;5688,90625;4957,59375;4709,34375;4408,125;4044,3125;3993,84375;3966,21875;3931,21875;4049,90625;4387,71875;4804,375;4944,5;5213,34375;4984,875;5054;5005,0625;4856,78125;4857,40625;4407,375;4194,5625;3675,84375;3413,375;2710,34375;2254,53125;1853,5;1122,84375;626,375;720,3125;201,625;-19,5;28;163,3125;-63,5;-111,59375;-270,34375;-145,5625;-143,5625;-259,46875;-104,34375;-61,25;-254,8125;-171,75;-77,6875;-143,90625;165,1875;-68;-37,15625;-369,25;-143,28125;50,65625;31,375;-160,75;-31,1875;15,375;-190,40625;-160,3125;-369,40625;-229,71875;-101,3125;-256,4375;-94,25;-113,09375;-46,625;16,34375;-62,28125;-111,375;61,75;-30,59375;-47,25;28,53125;-263,90625;-125,21875;-50,625;-9,40625;-85,125;65,34375;-179,28125;-15,09375;53,25;-51,59375;126;128;-52,71875;-61,1875;-70,78125;17,09375;-28,84375;-199,0625;-33,4375;-58,09375;-188,375;86,59375;24,4375;78,78125;-44,15625;-149,75;7,78125;189,0625;85,96875;-100,375;-115,78125;228,125;-125,84375;5,0625;17,21875;-89;-128,65625;79,8125;-83,28125;134,78125;-295,65625;-129,40625;-45,75;97,5;-89,90625;-48,9375;-82,1875;-87,53125;-37,375;203,84375;32;-145,59375;41,4375;84,03125;61,28125;57,21875;377,8125;137,5625;56,40625;-195,5;-25,4375;7,0625;-8,8125;214,46875;6,0625;-17,4375;232,40625;-229,84375;-125,84375;-145,59375;-140,28125;
-137,59375;79,5625;97,59375;-118,96875;5,9375;174,4375;90,90625;72,375;-155;108,71875;-69,375;-117,375;8,96875;-84,875;-23,59375;85,6875;94,15625;-54,15625;152,875;125,53125;89,9375;-66,96875;68,6875;-167,375;-19,96875;-208,59375;146,40625;71,78125;-99,4375;-48;85,6875;-11,90625;-11,46875;209,21875;55,15625;77,46875;-107,0625;-8,96875;60,90625;219,4375;74,8125;-111,75;29,25;129,9375;156,15625;27,75;-73,59375;101,34375;-36,71875;-27,75;251,46875;164,96875;-118,1875;-63,34375;17,8125;-7,53125;140,125;15,125;-33,78125;176,375;92,6875;57,75;30,03125;-69,3125;60,34375;-21,65625;194,5;-118,4375;-116,125;-14,53125;18,75;-91,46875;22,40625;116,25;123,96875;141,4375;213,09375;10,53125;-72,5;-35,8125;251,5;47,84375;288,8125;-23,625;61,6875;42,96875;266;136,875;38,40625;172,90625;8,25;212,0625;197,03125;325,78125;255,125;272,3125;262,875;520,5625;280,625;409,875;459,9375;688,96875;990,4375;1464,03125;1547,96875;1411,46875;1403,03125;1670,4375;1331,65625;1188,8125;1014,46875;1034,9375;1183,25;1540,59375;1929,84375;2212;2738,90625;3011,53125;3681,4375;4198,65625;4834,0625;5302,03125;5571,5;5802,71875;6148,90625;5944,15625;5656,75;5790,53125;5562,84375;5450,09375;5416,125;5416;5742,75;6407,84375;6818,90625;7261,59375;8096,4375;8229,6875;8711,03125;8909,90625;8651,5;8356,96875;7596,1875;7354,71875;6737,53125;6214,59375;5854,28125;5586,28125;5516,71875;5828,59375;6376,53125;7006,46875;7543,6875;8268,875;8902,71875;8967,53125;9410,28125;9215,53125;8633,75;8221,03125;7705,71875;6670,8125;6072,40625;5299,46875;5160,375;4727,375;4674,65625;4629,53125;4959,71875;5709,25;6270,4375;6614,28125;7252,09375;7577,34375;7925,0625;7428,90625;7345,375;7027,8125;6427,75;5828,09375;5322,125;5009,59375;4525,96875;4176,75;3903,40625;4101,375;4166,21875;4351,1875;4727,3125;4992,46875;5049,5;5224,96875;5326,6875;5365,0625;5123,65625;5011,5;5137,09375;4922,125;4438,84375;3960,8125;3501,09375;2816;2381,1875;1626,8125;1253,21875;1014,09375;487,0625;203,6875;64,1875;-95;-37,53125;-75,625;-105,46875;-13,375;-174,75;-105,28125;-365,6875;-91,84375;-59,6875;10,53125;-35,15625;-115,21875;-56,4375;-256,40625;-190,46875;-187,59375;43,90625;50;-210,96875;-28,125;-65,4375;-75,84375;-5,53125;-214,53125;-100,59375;-202,40625;-171,03125;-73,40625;-185,875;-151,34375;-233,53125;-74,96875;-167,28125;-11,21875;73,875;-240,5625;-42,59375;7,125;-13,8125;-98,84375;45,1875;-46,4375;-21,1875;-95,3125;55,6875;35,5625;-121,75;-96,5625;-135,28125;2;60,6875;-101,3125;-57,125;-97,0625;84;-195,1875;90,1875;125,75;-18,96875;-39,78125;-34,40625;134,9375;4,46875;-75,375;52,25;-115,90625;6,71875;80,6875;-98,46875;-256,59375;-40,46875;-40,0625;97,28125;39,84375;-201,25;193,34375;-239,59375;-193,25;55,75;-6,46875;-51,34375;-357,9375;-153,90625;-110,875;104,78125;16,46875;208,1875;155,1875;19,125;-72,0625;101,28125;-162,25;-1,28125;138,46875;-2,625;60,3125;-55,8125;-140,8125;107,71875;70,03125;-51,5;24,15625;-67,78125;-65,1875;90,96875;-108;5,65625;34,71875;-144,40625;39,90625;
-240,40625;-92,6875;2,78125;-115,1875;-68,4375;49,0625;-146,28125;-68,5;-76,875;71,5625;35,8125;-243,25;-27,03125;-145,28125;-82,78125;-73;-73,5;89,03125;119,21875;17,34375;-228,125;-148,4375;-86,9375;-215,1875;-102,75;-135,65625;157,15625;-236,28125;-118,125;16,53125;-31,75;-49,46875;-127,5625;110,625;-196,875;-48,9375;-0,625;-129,78125;-147,3125;-101,5;-166,46875;-36,125;-23,28125;126,1875;-95,84375;39,09375;135,65625;4,1875;91,90625;60,125;-14,5;-76,90625;112,59375;152,3125;221,21875;-4,78125;74,3125;113,65625;197;-18,90625;-77,25;-96,625;-91,0625;149,8125;-136,78125;-194,59375;-114,6875;-73,96875;1,21875;6,28125;44,9375;-56,71875;-93,46875;-33,4375;-125,875;43,84375;73,90625;231,53125;-49,1875;-39,21875;38,53125;216,40625;5,40625;118,40625;162,75;73,65625;118,75;-27,84375;-30,46875;132,1875;21,1875;182,0625;307,25;386,0625;120,75;204,6875;179,15625;87,6875;197,9375;441,75;625,4375;768,96875;1010,90625;1320,84375;1576,9375;1530,1875;1355,59375;1094,46875;1033,3125;890,15625;1017,46875;1116,21875;1230,75;1542,6875;1879,90625;2334,3125;2984,78125;3357;3804,09375;4378,75;4885,96875;5295,875;5891,9375;6157,03125;6351,53125;6348,75;6117,65625;5891,90625;5727,5;5755,09375;5613,5;5813,4375;6137,53125;6460,84375;6947,6875;7644,6875;8417,4375;8832,03125;9185,8125;9196,09375;9281,75;8742,09375;8282,9375;7718,96875;7047,4375;6382;5847,84375;6080,53125;5949,9375;6153,46875;6474,46875;7118,0625;7992,375;8726,25;9187,46875;9567,96875;9683,34375;9523,5;9015,6875;8520;7971,75;7240,875;6512,625;5799,125;5070,75;4940,8125;4916,5;4778,75;5420,65625;5957,625;6488,96875;7185,375;7703,25;7942,4375;7874,5;7691,90625;7517,96875;7317;6800,71875;6177,9375;5785,21875;5187,6875;4703,59375;4359,15625;4282,90625;4395,6875;4300,03125;4438,4375;4969,53125;5160,09375;5170,59375;5346,9375;5671,8125;5592,75;5553,6875;5371,6875;5170,03125;4818,3125;4738,8125;4077,15625;3671,875;2932,6875;2427,5;1854,03125;1239,9375;694,59375;628,09375;187,0625;52,71875;-228,09375;-38,625;-203,59375;-264;-70,625;-232,625;-80,1875;-145,15625;-84,53125;-119,75;-191,21875;-143,21875;-296,375;-167,875;-194,1875;-214,34375;-83,84375;-324,3125;9,59375;-180,59375;-206,53125;-338,875;-195,5;72,34375;4,96875;-121,53125;-230,46875;-93,84375;-251,8125;-291,90625;-21,84375;-221,25;-150,28125;-190,65625;-70,40625;-103,40625;-259,625;-74,8125;-78,0625;183,3125;-171,75;8,21875;-232,59375;-18,875;-86,25;-60,46875;-115,6875;49,03125;-73,25;87,53125;-89,09375;-141,8125;-86,25;-203;-231,34375;-204,53125;-306,78125;-80,59375;-118,46875;-282,5;-79,15625;-75,03125;-258,3125;-148,84375;127,0625;-30,4375;69,78125;11,75;78,6875;-147,59375;-149,125;68,09375;-76,46875;2,84375;-147,25;-99,15625;-70,6875;-324,25;-31,59375;162,9375;-49,59375;55,0625;-46,8125;-98,8125;-115,75;42,40625;-238,96875;-30,03125;-126,03125;44,90625;-166,5;-95,59375;-30,46875;88,46875;4,90625;-3,125;-47,75;-37,15625;-50,84375;-83,6875;-96,0625;69,15625;180,46875;-160,6875;-207,5625;156,59375;230,03125;8,8125;-2;-139,46875;-94,875;
-72,84375;71,71875;164,125;-86,90625;192,28125;2,5625;95,1875;34,4375;-2,5;208,4375;-61,15625;90,6875;-30,28125;-10,75;-84,375;35,53125;-85,46875;-74,46875;-148,375;-14,03125;-224,375;-270,21875;-51,34375;151,625;66,40625;-119,125;28,4375;-38,78125;-26,5625;-51;-6,5;183,71875;-31,34375;-187,65625;13,9375;-59,875;-104,8125;71,65625;138,9375;48,65625;227,03125;164,375;140,71875;-178,1875;59,40625;125,625;339,71875;89,8125;-64,25;24,6875;222,375;116,09375;-132,78125;-184,84375;128,03125;62,53125;-8,1875;-60,4375;198,25;137,625;53,84375;-72,75;118,875;72,9375;229,65625;-0,6875;188,96875;-73,4375;29,15625;169,71875;5,71875;198,8125;202,96875;167,375;-32,375;-12,4375;56,15625;-1,6875;34,59375;46,90625;72,84375;142,25;-178,5625;283,6875;199,0625;-85,09375;-114,53125;-129,71875;6,875;-61,28125;213,65625;237,65625;296,21875;235,15625;336,4375;134,3125;285,3125;52,15625;182,53125;288,03125;339,125;702,15625;1305,625;1385,96875;1771,6875;1764,78125;1605,4375;1603,1875;1404,96875;992,65625;1007,90625;1042,28125;1351,875;1648,65625;1741,65625;2497,84375;2949,8125;3555,78125;4058,59375;4896,84375;5276,75;5695,40625;6206,3125;6559,34375;6832,1875;6745,71875;6453,09375;6256,34375;6107,84375;5804,78125;5861,875;6063,03125;6348,46875;6655,78125;7322,21875;8043,8125;8804,9375;9324,9375;9744,625;9625,09375;9677,15625;9202,75;8822,21875;8071,125;7362,5;6900,15625;6460,6875;6104,96875;6222,0625;6548,28125;6712,84375;7171,28125;8221,59375;9022,46875;9421,96875;9860,5625;10308,25;9995;9541,78125;9176,34375;8352,125;7575;6804,84375;6127,40625;5400,28125;5352;5193,9375;5392,4375;5500,28125;6224,3125;6870,3125;7484,25;7936,875;8282,40625;8445,6875;8366,84375;8082,03125;7674,71875;7267,34375;6509,84375;6012,65625;5473,375;5019,125;4641,84375;4485,96875;4479,84375;4799,84375;5004,3125;5101,21875;5241,125;5562,28125;5671,5;5873,28125;5979,84375;5847,46875;5428,4375;5639,75;5231,34375;4613,84375;4095,25;3841,53125;3243,28125;2765,25;1882,03125;1102,40625;837,8125;146,40625;69,875;-117,46875;-193,5625;-119,59375;-221,15625;-197,1875;-180,28125;-171,1875;-204,4375;-244,46875;-269,625;8,21875;-222,6875;-76,03125;-197,625;-277,625;-80,59375;-156,25;-421,65625;-69,21875;-25,34375;-197,40625;-78,28125;-277,8125;-238,75;-95,75;-109,0625;-142,09375;-132,5625;-54,46875;-228,46875;-7,46875;-88,5;-300,5;-286,375;-239,09375;-386,28125;-114,46875;-61,21875;-222,625;-11,46875;-126,59375;-220,78125;-12,9375;-77,46875;-21,34375;-29,53125;54,21875;-162,625;-86,65625;-69,375;2;-151,15625;96,875;-252,46875;-107,90625;-256,25;-152,84375;-217,71875;-174,5625;-462,5;-186,1875;83,40625;-187,8125;-98,59375;-128,34375;105,8125;-177,28125;-271,375;-122,9375;-160,75;-145,9375;-230,5625;-66,21875;85,625;-289,875;2,625;108,125;-37,0625;-180,90625;-51,0625;17,71875;32,6875;82,3125;-155,25;-29,4375;-191;-57,5;-150,375;50,21875;-94,125;-37,28125;-9,875;-113,8125;-104,6875;-294;-139,46875;-103,71875;-65,84375;-119,71875;30,84375;-63,375;-63,28125;-150,09375;-213,125;-142,65625;-43,53125;-66,90625;-164,40625;-125;-147,65625;-35,8125;50,375;
44,96875;91,03125;262,1875;-50,59375;313,75;-305,625;41,25;103,4375;201,9375;-15,1875;25,34375;-80,5;96,96875;54,75;-123,21875;-199,84375;-32,78125;-104,625;-1,65625;-83,59375;-63,28125;144,6875;47,9375;-42,78125;-147,5;133,09375;135,96875;139,25;-28,625;26,65625;-39,28125;99,96875;120,5;330,90625;53,375;80,875;-25,9375;162,3125;-15,3125;8,21875;28,84375;315,21875;-5,125;25,0625;-85,5;167,59375;167,4375;58,25;329,65625;118,09375;38,53125;59,3125;188,78125;205,125;300,8125;63,9375;203,46875;150,3125;160,09375;-26,5625;27,21875;141,15625;97,84375;268,375;-1,65625;181,03125;218,28125;51,34375;246,96875;202,28125;134,625;191,53125;231,96875;95,375;215,59375;149,53125;40,09375;162,40625;255,125;188,625;351,5625;256,46875;35,875;125,75;215,28125;78,40625;201,375;162,40625;-35,15625;81,53125;157,375;241,125;330,40625;355,8125;305,46875;429,53125;63,21875;134;325,40625;357,25;502,59375;918,71875;1441,1875;1605,46875;1733,5;1755,71875;1840,78125;1467,28125;1408,03125;1001;1149,125;1214,03125;1355,59375;1593,84375;2382,09375;2774,34375;3061,71875;3608,8125;4233,1875;4914,3125;5569,90625;5933,15625;6562;6862,5625;7126,375;7074,21875;6721,90625;6592,75;6363,09375;6133,0625;6055,6875;6168,0625;6579,5625;7069,46875;7646,28125;8679,90625;9241,8125;9881,28125;10222,1875;10307,5625;10149,8125;9740,375;9169,71875;8605;7822,4375;7045,875;6714,46875;6666;6364,71875;6884,75;6912,4375;7716,875;8577,75;9420,25;9835,09375;10388;10586,375;10373,4375;10081,65625;9436,3125;8806;7967,25;7154,96875;6567,65625;5929,5625;5476,40625;5334,09375;5632,0625;6100,1875;6521,5625;7064,5;7537,0625;8341,96875;8700,90625;8919,375;8782,90625;8454,4375;8083,25;7696,65625;6898,125;6662,78125;5815,25;5322,75;4843,5625;4948,53125;4915,8125;5018,15625;5164,875;5659,78125;5546,25;5764,9375;6009,21875;6139,15625;6307,59375;6031,46875;6133,53125;5931,3125;5594,09375;5093,71875;4751,1875;4095,375;3389,53125;2491,96875;1888,21875;1297,75;913,125;543,4375;274,9375;169,09375;-7,6875;-79,375;-58,46875;-211,3125;39,25;-235,8125;-296,40625;-166,15625;-172,3125;-341,1875;-69,0625;14,53125;-141,59375;-135,8125;-161,9375;-71,0625;-114,375;44;-188,25;-156,96875;-130,625;-264,125;-56,90625;-248,03125;-108,875;-37,6875;-131,6875;-111,1875;64,40625;-57,5625;-99,875;-46,875;-121,5625;96,6875;-82,4375;6,0625;-200,71875;162,5;20,25;-85,65625;-17,875;183,28125;42,0625;-216,6875;-159,75;-2,6875;5,3125;-64,40625;-191,125;-165,78125;25,53125;-180,84375;-99,71875;-155,53125;-38,21875;-164,875;-102,28125;223,875;29,78125;-54,1875;-28,1875;-38,125;-22,53125;-21,5625;-14,96875;-149,84375;-38,34375;-10,4375;94,90625;-133,8125;71,78125;-55,03125;-112,65625;186,5;-125,90625;236,5;11,125;-3,46875;4,21875;9,875;12,40625;-37,21875;263,125;23,40625;-77,96875;42,84375;13,78125;-82,1875;80,34375;-144,625;-122,4375;78,625;-152,96875;47,3125;-29,375;104,09375;-5,125;67,09375;36,625;-22,90625;18,125;46,15625;124,5625;-39,1875;96,90625;58,4375;33,6875;114,03125;125,4375;30,375;-131,375;
102,28125;30,4375;86,5;57,9375;-24,65625;-1,40625;-12,09375;7,96875;85,0625;-66,875;-76,78125;-201,65625;-15,25;-208,71875;-138,5;-69,15625;100,9375;93,125;-159,90625;143,125;-51,75;-159,15625;41,3125;-73,03125;-178,21875;-170,21875;-232,6875;-98,46875;-82,28125;-193,5625;-4,65625;108,09375;23,40625;-98,78125;-245,78125;205,78125;-55,46875;-105,21875;-74,4375;-45,125;-66,90625;137,375;-20,5;281,375;-66,9375;70,96875;67,25;155,3125;52,25;111,21875;285,3125;92,5;18,5;0,53125;-78,6875;-115,5625;226,1875;46,0625;-26,90625;91,90625;-23,40625;79,78125;-109,8125;21,34375;49,875;183,46875;141,71875;-58,9375;-60,53125;47,28125;182,9375;78,8125;-18,3125;-94,1875;21,28125;-57,09375;99,625;70,59375;-6,53125;107,0625;16,875;149,8125;-23,78125;116,53125;151,40625;4,21875;40,75;148,90625;31,875;-82,625;58,28125;111,28125;182;240,5;364,3125;229,21875;319,03125;120,0625;128,4375;345,4375;435,4375;824,46875;1108,625;1372,6875;1750,1875;1681,9375;1636,625;1775,15625;1468,21875;1227,625;1059,03125;1008,875;1456;1600,125;1889,03125;2442,6875;2977,9375;3672,8125;4256,84375;4783,40625;5628,21875;6302,34375;6729,25;6966,09375;7163,9375;7215,875;7028,46875;6734,25;6368,40625;6130,0625;6035,90625;6135,71875;6573,96875;7092,46875;7869,71875;8552,34375;9413,21875;9756,84375;10504,4375;10408,125;10524,25;10134,21875;9677,5;8723,65625;7942,71875;7413,9375;6954,84375;6715,40625;6772,8125;6771,4375;7279,96875;7831,9375;8678,34375;9520,0625;9925,8125;10587,78125;10831,125;10582,71875;10314,125;9711,53125;9033,71875;8253,4375;7423,65625;6605,96875;6047,5625;5757,46875;5551,9375;5697;5969,1875;6815,40625;7228,09375;7938,6875;8469,4375;8910,03125;8998,28125;8864,125;8678,4375;8451,90625;8016,875;7163,6875;6756,375;6162,21875;5430,8125;5008,53125;5028,375;4981,96875;4935,46875;5397,75;5494,65625;5728,1875;6102,09375;6433,78125;6404,8125;6453,6875;6391,5;6245,21875;5963,5625;5602,125;5142;4824;4411,21875;3370,625;2885,875;2004,9375;1370,4375;912,875;603,46875;232,71875;-12,59375;-162,4375;-70,84375;-115,125;-236,53125;-315,25;-377,5;-428,90625;-537,6875;-381,34375;-116,125;-157,9375;-210,46875;-34,84375;-137,78125;-71,03125;-289,25;-104,125;-196,875;-41,59375;-386,84375;-90,03125;-126,5625;-485,90625;-262,5;-258,78125;-31,15625;-138,3125;-241,03125;-135,28125;-99,375;-198,875;-65,65625;-165,09375;-334,96875;-118,28125;-148,65625;-164;-65,65625;-59,03125;49,3125;-49,25;-3,53125;39,125;-147,96875;-114,1875;-117,1875;-259,5;-189,6875;-149,59375;-73,125;-214,96875;-121,09375;-4,78125;-51,625;-327,9375;-237,40625;-97,90625;-191,40625;-24,6875;-2,84375;-94,125;-158,40625;3,03125;-209,90625;-231,875;-130,71875;-160,78125;10,03125;-165,34375;-85,0625;-65,125;-184,78125;-98,25;-156,75;-52,5625;-16,625;-95,71875;-117,09375;91,03125;8,0625;-6,84375;26,625;-153,53125;-258,8125;170,40625;-76,375;-7,71875;9,8125;-33;-8,53125;-83,125;-200,65625;32,125;-198,65625;-70,125;-226,84375;-114,9375;121,4375;-14,96875;214,5625;-17,3125;27,71875;-62,90625;-50,71875;-60,6875;-144,21875;-9;42,75;102,3125;-105,09375;-288,53125;
117,15625;134,15625;131,90625;238,4375;-7,5;140,71875;-50,40625;115,4375;268,84375;-119,84375;274,78125;27,1875;20,4375;-20,40625;118,59375;51,46875;63,84375;-25,9375;-20,0625;19,40625;-62,5625;-19,625;195,3125;187,84375;-29,53125;-85,96875;147,9375;76,65625;211,3125;150,375;18,625;150,8125;348,09375;243,4375;-33,46875;168,21875;-149,1875;240,28125;-14,8125;52,25;62,90625;45,03125;84,78125;126,28125;286,28125;24,625;157,8125;430,53125;31,8125;-17,71875;142,6875;146,5625;15,53125;139,15625;54,03125;110,53125;169,78125;214,15625;-2,53125;206,8125;-4,09375;-52,0625;-16,125;274,84375;229,65625;180,125;121,15625;271,0625;219,5;175,15625;-15,40625;-88,03125;198,875;173,25;-143,15625;327,53125;233,5;200,90625;85,40625;-77,125;217,375;110,5;-75,65625;205,40625;206,375;176,84375;55,90625;128,8125;220,875;189,3125;210,65625;352;387,5625;427,1875;382,96875;362,0625;266,09375;400,21875;301,28125;320,4375;421,625;773,21875;1246,375;1744,5625;2218,1875;2003,40625;1991,9375;1830,75;1588,96875;1326,84375;1232,25;1160,84375;1233,75;1857,8125;1911,5625;2510,71875;3050,90625;3681,8125;4216,6875;4910,25;5717,21875;6503,90625;7083,5;7564,40625;7479,25;7574,90625;7361,375;7165,34375;6845,125;6646,28125;6304,03125;6501,6875;6654,59375;7370,0625;8069,78125;8997,09375;9496,0625;10240,34375;10726,75;10909,78125;11163,5;10585,25;9826,03125;9159,3125;8502;7807,8125;7308,96875;6960,59375;6964,0625;7232,15625;7638,03125;8296,96875;9112,34375;9809;10456,3125;11064,53125;11081,8125;10799,4375;10774,28125;10226,71875;9147,71875;8552,6875;7776,46875;6830,3125;6523,59375;6016,40625;5865,0625;5971;6147,25;7035,375;7695,3125;8212,53125;8724,15625;8999,34375;9399,125;9236,5;9374,71875;8736,46875;8117,3125;7480,90625;6840,625;6335,09375;5897,09375;5374,21875;5285,625;5099,8125;5298,96875;5569,96875;5981,15625;6074,25;6488,625;6501,65625;6886,28125;6836,03125;6833,75;6697,15625;6514,25;6138,65625;5542,03125;5134,75;4704,4375;3706,875;3063,21875;2357,03125;1542,65625;1146,03125;707,53125;179,25;31,78125;116,75;-0,0625;-112,34375;-35,625;28,78125;-110,09375;-210,28125;-192,75;-101,71875;59,71875;-102,53125;194,34375;20,5;19,40625;42,1875;-254,1875;-113,03125;-62,6875;21,34375;-139,59375;106,28125;-220,09375;74,71875;-56,25;-31,71875;105,3125;44,4375;13,09375;-0,625;-75,71875;-72,21875;-159,5625;-36,6875;27,71875;69,25;99,59375;119,1875;100,125;118,25;98;11,5625;197,25;40,59375;-101,21875;10,3125;21,6875;41,53125;-90,65625;148,875;223,5;10,25;-29,28125;191,3125;4,03125;-114,71875;79,84375;-181,6875;-164,125;-42,625;-5,59375;-47,71875;-50,25;-65,46875;123,375;-193,09375;167,21875;127,375;-3,0625;150,0625;114,1875;65,75;301,3125;15,1875;127,8125;176,75;59,34375;12,03125;187,9375;29,65625;147,09375;-14,875;-30;66,28125;-13,6875;239,78125;199,21875;155,96875;118,9375;-55,71875;43,5;-40,65625;-4,0625;-46,0625;167,46875;153,1875;117,6875;175,15625;157,03125;189,5;-9,5625;46,53125;-42,46875;207;117,28125;-117,875;-118,875;-32,28125;111,90625;188,4375;144,90625;141,5;
-94,625;-78,5625;1;-50,6875;-33,03125;15,78125;14,84375;-76,40625;110,78125;36,34375;59,53125;-0,65625;109;33,65625;-227,5;-142,125;-284,15625;10,75;-142,78125;-29,90625;-181,34375;-134,34375;-90,09375;96,90625;211,1875;7,96875;61,9375;10,46875;-36,75;-86,53125;-37,46875;-133,46875;3,625;-135,78125;-43,53125;-28,4375;42,75;232,78125;64,40625;150,9375;-1,65625;44,3125;220,8125;194,90625;-57,5;-21,625;48,25;53,59375;6,5625;-14,40625;33,0625;-122;-18,4375;188,59375;3,53125;169,21875;119,90625;-37,3125;101,03125;67,53125;-116,5625;216,96875;160,875;48,875;205;-116,375;42,21875;-54,625;65,375;119,09375;92,96875;-143,46875;77,5;-184,15625;142,4375;149,28125;-16,71875;114,96875;-7,46875;250,0625;49,5;118,4375;-66,375;-32,9375;161,75;257,0625;-189,71875;27,5;11,5625;40,1875;105,28125;205,0625;129,1875;351,90625;271,375;321,875;93,9375;202,84375;193,0625;486,1875;491,21875;787,5625;1179,28125;1546,46875;1660,6875;2084,84375;2211,84375;1864,9375;1459,34375;1364,59375;1219,625;1089,90625;1340,21875;1450,21875;2039,5625;2354,25;3016,0625;3462,96875;4193,09375;5030,15625;5711;6439,6875;7205,625;7614,21875;7855,34375;7718;7459,0625;7215;6794,46875;6736,65625;6417,78125;6673,875;6876,53125;7411,71875;8107,625;8874,53125;9612,78125;10225,125;10633,53125;11216,78125;11046,78125;10846,0625;10176,0625;9251,46875;8757,28125;7716,65625;7395,5;7049,28125;7146,375;7228,34375;7490,71875;8244,78125;9101,3125;9946,9375;10497,78125;10830,90625;11276,625;11116,25;10828,40625;10151,40625;9480,28125;8451,09375;7752,75;7123,15625;6585,34375;6084,15625;5994,15625;5934,5;6387,6875;6977,59375;7600,3125;8063,78125;8698,9375;9274,375;9348,5625;9371,375;9363,5;8962;8442,6875;7605,78125;6940;6090,625;5841,65625;5300,5625;5266,8125;5059,34375;5174,1875;5225,375;5884,0625;6132,78125;6172,34375;6457,78125;6744;6944,90625;6982,40625;6935,65625;6641,21875;6265,46875;5863,71875;5396,65625;4572,4375;3622,09375;3026,125;2006,34375;1380,21875;912,71875;608,96875;144,71875;-104,9375;-375,46875;-169,65625;-131,96875;-249,75;-460,53125;-282,28125;-112,15625;-155,28125;-285,8125;-153,3125;-251;-339,78125;-249,125;-43,625;-157,46875;-304,125;-331,1875;-134,75;-410,375;-69,125;-244,875;-149,375;-123,125;-130,5625;-125,65625;-219,21875;-49,53125;-243,09375;-266,03125;-2,28125;-181,9375;-57,71875;-17,5625;74,25;-36,15625;-130,875;-242,8125;-4,75;-13,21875;-165,3125;26,96875;38,8125;-12,375;-73,375;-275,5;-94,96875;-286;-176,53125;-320,09375;-28,8125;-153,125;-242,3125;-98,875;-135,125;-107,21875;-215,25;-207,40625;-91,34375;-160,8125;-61,71875;-27,75;-70,375;-0,59375;-127,6875;-77,46875;-73,28125;-184,53125;9,3125;46,21875;-81,1875;-216,09375;-18,15625;-40,65625;-205,09375;-73,21875;37,15625;-75,3125;-4,34375;-71;-70,6875;-120,625;-140,625;-288,78125;-154,71875;-103,3125;-176,21875;-203,6875;-2,6875;-46,4375;-122,59375;-96,625;14,65625;-34,40625;87,28125;-81,65625;46,96875;-68,8125;145,03125;-91,375;-50,3125;-23,375;-66,03125;16,78125;53,375;-48,875;59,5;-40,0625;-29,65625;69,84375;-115,4375;-100,21875;
190,4375;26,40625;291,375;181,75;425,4375;148,6875;147,25;63,71875;85,6875;50,09375;159,6875;153,34375;-121,03125;9,8125;-12,875;276,4375;19,9375;110,25;-66,15625;71,4375;122,625;106,5;-37;95,875;171,25;261,40625;74,78125;227,71875;70,40625;215,34375;175,625;93,78125;123,28125;228,90625;43,46875;121,96875;243,46875;185,09375;128,21875;136,34375;89,53125;327,4375;324,28125;219,84375;189,59375;235,90625;395,21875;310,6875;332,03125;47,34375;186,25;490,40625;65,5;17,4375;268,03125;193,96875;180,4375;229,03125;258,21875;111,21875;196,1875;237,25;238,3125;299,3125;433,59375;503,9375;353,84375;403,46875;229,4375;194,9375;268,03125;77,75;385;224,21875;188,15625;202,75;387,09375;308,03125;442,9375;45,78125;496,34375;432,65625;207,34375;307,21875;364,84375;172,65625;158,4375;295,90625;54,03125;269,25;254,03125;473,6875;498,90625;448,1875;674,15625;575,65625;520,3125;650,75;153,78125;345,90625;701,65625;899,9375;1338,9375;1937,25;1987,40625;2216,625;2298,5;2224,25;1935,28125;1487,28125;1340,625;1423,625;1217,3125;1676,25;2037,84375;2524,71875;3055,9375;3695,5;4370,0625;5259,28125;5961,40625;6881,53125;7654,75;7986,34375;8414,5625;8357,84375;8044,75;7727,25;7401,6875;6792,40625;6886,15625;6795,5;7238,3125;7776,34375;8727,9375;9305,25;10339,4375;10970,84375;11448,1875;11848,25;11737,6875;11382,90625;10662,09375;9833,375;9207,75;8464,15625;7900,15625;7433,21875;7527,1875;7750,125;8081,6875;8594,1875;9572,1875;10280,90625;11123,53125;11508,5;11707,9375;11596;11232,6875;10592,53125;10189,28125;8897,34375;8468;7582,375;6986,96875;6645,40625;6254,625;6300,625;6902,625;7161,5;7888,6875;8492,28125;8935,21875;9594,8125;9841,09375;9993,71875;9809,8125;9497,84375;8639,15625;8096,96875;7533,21875;6878,375;6162,09375;5639,1875;5662,0625;5431,25;5523,15625;5662,40625;6093,65625;6342;6554,5625;6982,15625;7242,59375;7377,65625;7257,46875;7165;6896,40625;6672,4375;6160,875;5517,78125;4864,09375;3966,65625;3091,03125;2479,4375;1824,40625;1220,78125;678,21875;326,78125;283,71875;74,53125;-273,6875;-26,40625;-24,03125;235,40625;-45,6875;-83,21875;180,75;-38,5625;-55;-256,125;-62,125;130,90625;37,5;103,15625;-48,1875;-110,46875;-43,125;-8,8125;-56,625;-77,4375;-15,25;33,78125;-22,84375;-58,40625;115,125;41,5;27,3125;139,78125;102,34375;-63,5625;208,46875;87,75;252,25;41,03125;90,03125;106,4375;8,09375;203,84375;158,40625;228,96875;270,71875;332,625;209,625;69,71875;-49,4375;191,46875;116,1875;163,28125;277,125;10,46875;110,9375;64,65625;330,59375;-118,03125;33,75;149,65625;89,5;130,09375;133,5;197,78125;119,875;-109,84375;188,125;-29,25;238,9375;120,28125;162,5;76,90625;144,75;-60,53125;54,09375;157,96875;90,4375;166,3125;185,03125;77,9375;261,15625;312,9375;123,1875;-117,4375;111,71875;321,28125;56,8125;174,84375;203,875;197,59375;166,90625;290,8125;42,8125;98,5625;110,75;341,9375;166,6875;208,59375;158,0625;182,5625;106,9375;187,90625;314,875;350,09375;239,53125;149;148,21875;234,1875;116,03125;157,75;190;217,375;115;60,8125;
77,1875;-104,5;-83,1875;-1,90625;-248;78,21875;57,71875;-145,15625;-95,40625;-121,03125;-258,90625;-134,53125;-71,53125;27,1875;3,0625;-199,53125;0,65625;90,75;-121,90625;-64,90625;-59,875;-223,71875;-29,375;-132,25;-136,03125;-192;-9,0625;67,09375;-187,34375;-15,375;-53,1875;90,375;-288,9375;-255,46875;-13,40625;98,5625;23,65625;-10,34375;-52,28125;113,46875;22,09375;-47,15625;25,59375;83,59375;-26,1875;-48,65625;92,6875;115,6875;-102,5625;217,53125;132,90625;-66,5625;-40,3125;-64,5625;-19,78125;167,03125;184,75;125,75;55,09375;-66,71875;47,9375;117,53125;114,75;-57,6875;91,03125;51,4375;85,53125;168,6875;98,28125;-61,875;190,5;144,625;123;121,78125;75,75;215,90625;5,96875;163,5;232,03125;77,34375;110,65625;19,21875;183,53125;258,8125;62,84375;180,5;-44,21875;-10,65625;-21,21875;28,59375;7,25;366,46875;143,375;359,0625;430,25;426,53125;445,65625;251,46875;173,15625;404,375;480,90625;745;1049,03125;1613,0625;2085,3125;2369,3125;2254,53125;1864,6875;1876,5625;1469,71875;1082,6875;1292,875;1248,84375;1638,34375;1847,71875;2255,53125;2860,5625;3438,5;4279,40625;5144,28125;5995,40625;6744,96875;7509,59375;8114,90625;8345,84375;8325,96875;8356,3125;7729,25;7547,125;7196,03125;6853,9375;7190,5625;7347,84375;7850,40625;8611,46875;9485,9375;10610,375;11041,21875;11680,15625;12015,25;12162,03125;11717;10835,78125;9908,4375;9428,375;8575,875;8021,03125;7772,15625;7799,65625;7733,15625;8097,21875;8917,34375;9722,03125;10568,59375;11294;11631,3125;11941,90625;11645,40625;11281;10704,3125;10041,0625;9104,5625;8200;7716,4375;6945,625;6602,1875;6344,9375;6449,90625;6880,71875;7167,75;7946,28125;8566,53125;9394,84375;9727,15625;9713,59375;10117,75;9999,25;9597,0625;9097,5;8158,78125;7456,71875;6906,5625;5977,71875;5618,3125;5304,21875;5363,84375;5406,9375;5608,1875;6063,46875;6191,375;6668,65625;6919,46875;7157,125;7403,53125;7318;7216,9375;7146;6687,3125;5927,28125;5557,96875;4914,59375;3788,59375;3073,84375;2208,1875;1419,1875;695,0625;316,65625;239,90625;-94,40625;-156,0625;-288,125;-135,40625;-261,3125;-303,25;-203,375;-114,21875;-22,96875;-197,125;-15,1875;-354,21875;-290,03125;-131,53125;-98,0625;-249,03125;-297,34375;-235,28125;-278,59375;-104,46875;-404,3125;-250,90625;-167,875;-180,21875;-201,1875;-63,6875;-201,40625;-127,78125;-171,40625;-65,03125;-127,21875;-85,1875;-199,8125;103,21875;-4,65625;131,84375;-166,59375;-127,84375;-93,4375;29,875;-16,125;-141,6875;-140,84375;-128,5625;-157,8125;-149,65625;-231,96875;-305,375;-183,3125;-134,84375;-177,5625;-96,21875;-110,21875;-60,84375;-27,09375;40,4375;-80,1875;29,90625;-14,625;-95,96875;-54,03125;100,78125;-174,8125;-194,71875;86,1875;-127,6875;-66,09375;-124,25;68,71875;45,71875;-171,875;-101,375;48,34375;-78,46875;138,625;-166,25;-155,3125;-176,46875;-226,5625;-91,28125;-147,5;-143,71875;-155,15625;-9,9375;138,75;32,28125;-37,125;-223,1875;25,96875;215,15625;-92,21875;-146,75;95;55,53125;85,5;5;-58,03125;65,125;-207,5;-2,59375;-159,1875;-1,75;-146,6875;-209,03125;82,65625;-71,125;-190,21875;171,9375;-52,25;-75,09375;8,4375;-199,03125;
217,59375;347,46875;-55,4375;43,65625;103,375;152,59375;0,9375;118,3125;185,40625;-21,9375;78,84375;71,4375;213,09375;134,3125;20,90625;167,96875;-14,3125;117,46875;199,71875;168,375;220,9375;21,8125;246,5625;177,78125;128,28125;67,34375;289,1875;249,09375;-3,53125;188,375;273,875;102,46875;114,6875;94,625;368,5625;293,1875;330,1875;428,375;13,34375;245,65625;209,71875;309,625;195,84375;299,625;349,03125;361,4375;111,8125;184,15625;315,21875;139,03125;-82,5625;181,6875;189,90625;291,5;412,84375;267,03125;296,875;143,6875;209,65625;352,9375;443,21875;206,90625;301,28125;310,9375;405,3125;308,40625;365,90625;479,9375;319,5625;179,03125;190,65625;308,75;360,28125;382,3125;480,9375;251,84375;423,34375;297,21875;126,40625;294,53125;387,5;227,5;262,65625;154,71875;287,21875;208,6875;371,46875;324,34375;192,5625;266,71875;496,15625;632,40625;678,09375;625,15625;679,75;672,6875;588,84375;501,96875;378,3125;647,0625;496,5625;979,9375;1609,34375;1982,4375;2308,25;2547;2571,65625;2439,6875;2206,5625;1767,8125;1554,15625;1339,09375;1519;1629,5625;1905,34375;2353,0625;3073,03125;3805,09375;4731,03125;5547,40625;6572,25;7356,90625;7955,90625;8634,15625;9025,5;9009,875;8880,8125;8664,21875;7973,65625;7631,6875;7398,375;7356,90625;7989,4375;8497,21875;9120,6875;9945,875;11075,71875;11733,5625;12346,40625;12781,03125;12851,0625;12462,875;11671,9375;10869,71875;10197,75;9282,1875;8365,875;8030,84375;8291,40625;8514,1875;8721,5625;9501,625;10266,3125;11029,625;11670,4375;12226,78125;12445,8125;12230,65625;11993,40625;11297,5625;10419,875;9647,5625;8861,1875;8186,84375;7790,96875;7166,46875;7005,28125;7057,53125;7309,34375;7758,9375;8553,875;9293,15625;9900,3125;10222,21875;10629,8125;10613,4375;10477,15625;10316,09375;9558,75;8839,03125;8192,28125;7604,40625;6936,09375;6155,375;5934,09375;5642,53125;5801,59375;6071,28125;6298,3125;6723,40625;6963,34375;7159,375;7615,53125;7882,4375;7835,8125;7530,28125;7529,9375;7062,9375;6491;5818,21875;5204,25;4213,21875;3412,4375;2496;1786,90625;1119,40625;604,625;227,0625;121,625;77,40625;40,96875;-97,9375;-203,40625;-117,3125;92,34375;82,1875;14,59375;-56,53125;130,15625;37,59375;146,78125;262,5625;8,40625;-233,03125;-109,90625;-40,21875;-112,0625;47,84375;-75,5625;-26,84375;51,9375;169,40625;-10,0625;-92,625;137,5;80,15625;141,75;24,59375;-22,15625;74,34375;39,1875;-32,53125;-59,90625;-28,25;192,0625;135,34375;151,375;73,28125;211,875;224,0625;166,1875;71,375;210,65625;187,125;266,40625;256,625;141,03125;62,1875;132,59375;58,25;120,15625;113,125;233,59375;144,0625;245,8125;133,03125;-26,46875;144,0625;2,0625;-23,375;-49,09375;236,71875;186,6875;93,34375;117,25;-7,34375;114,4375;29,65625;208,90625;205,96875;288,28125;101,59375;150,90625;114,3125;76,875;-49,4375;130,1875;-26,21875;-44,25;33,40625;284,71875;144,625;73,1875;81,71875;249,53125;75,46875;160,5;-44,28125;29,3125;159,8125;179,25;259,90625;41,9375;251,40625;-44,46875;307,375;268,5625;148,40625;-18,6875;274,34375;181,65625;145,5625;296,8125;294,5625;382,625;281,15625;188,625;91,71875;69,71875;144,4375;
58,6875;32;-31,34375;242,28125;-35,9375;-44,71875;-176,40625;-135,625;-47,46875;19,375;-38,59375;25,3125;98,0625;-128,28125;-77,96875;-84,8125;-134,90625;-345,09375;-70,90625;-130,9375;-184,59375;-15,0625;-67,8125;-193,3125;-65,3125;-44,625;-91,25;-93,53125;-128,59375;-124,75;-298,375;-71,375;12,875;15,90625;-235,0625;-27,40625;-224,375;-104,78125;-266,28125;-94,15625;65,15625;75,6875;74,6875;123,65625;-67,46875;95,84375;271,84375;21,09375;239,1875;-139,1875;-73,09375;-100,09375;-18,875;-52,375;260,6875;133,28125;71,5625;-69,9375;-20,4375;66,5625;-57,71875;54,84375;76,1875;45,875;312,90625;92,15625;-9,3125;156,9375;31,5;97,875;-21,3125;96,0625;125,0625;196,875;-78,5625;213,5;-104,90625;-100,09375;238,9375;239,25;42,5625;84,65625;52,8125;79,90625;79,59375;19,34375;94,96875;148,6875;-0,90625;154,4375;408,15625;146,28125;261,21875;308,53125;342,5;522,28125;397;330,3125;271,5625;482,34375;527,875;828,875;1230,9375;1854,3125;2144,3125;2191,125;2480,71875;2269,46875;2042,78125;1846,9375;1248,6875;1503,25;1463,40625;1569,46875;1865,59375;2263,6875;2769,875;3540,28125;4224,53125;5324,65625;6524,59375;7145,75;8030,40625;8861,15625;9396,8125;9247,625;9325,71875;8878,59375;8289,71875;7973,9375;7792,625;7716,1875;7938,5625;8706,375;9349,84375;10215,78125;11319,5;12144,625;12980,46875;12980,625;13128,78125;12884,15625;12097,9375;11086,09375;10378,1875;9516,5;8856,21875;8551,5;8365,6875;8602,125;9019,6875;9640,78125;10428,28125;11082,25;12049;12482,15625;12763,6875;12611,8125;12172,625;11802,09375;10824,625;10020,625;8991,09375;8530,0625;7840,75;7205,5625;7158,96875;7165,75;7489,53125;8001;8669,5;9316,625;10042,5625;10539,03125;10654,125;10950,1875;10775,84375;10757,625;9983,78125;9335,15625;8427,96875;7664,21875;6965,71875;6352,875;5866,5625;5748,59375;5967,125;5894,53125;6302,15625;6578,65625;6827,875;7393;7568,8125;7970,03125;7927,0625;7761,40625;7646,09375;6927,5;6527,53125;5875,21875;5203,25;4221,5;3397,46875;2320,9375;1513,625;852,8125;99,4375;-4,875;34,5625;-178,5625;-203,875;-128;-251,65625;-461,75;3,84375;-218,15625;-368,78125;-324,1875;-240,375;-153,6875;-124,25;-242,75;-286,71875;-290,34375;-255,9375;-119,3125;-238,875;-276,1875;-205,5;-212,21875;-117,4375;-151;-87,90625;-271,71875;-158,8125;-134,6875;-61,90625;-68,15625;-211,0625;20,84375;-129;-284,15625;104,1875;-152,03125;-88,71875;-52,65625;-285,90625;-145,09375;-161,0625;-13,8125;-95,09375;-63,5625;-99,8125;63,28125;-304,90625;-144,3125;-113;11,71875;-93;-160;-216,5;-73,1875;-215,4375;-271,1875;-224,21875;-95,5625;-108;-49,3125;-189,4375;-143,9375;12,25;-140,25;-128,46875;-187,4375;-62,4375;-231,90625;-36,78125;-243,65625;-129,375;219,375;-69,71875;-127,34375;-49,15625;0,5;-42,84375;66,25;-135,5625;-68,90625;-154,78125;-47,625;125,0625;-150,09375;-131,71875;-5,90625;5,125;-17,40625;-46,8125;-36,40625;-70,0625;-22,28125;-0,1875;-33,84375;61,78125;-77,5;-65,96875;-274,71875;22;-123,59375;-28,03125;46,3125;39,125;25,09375;-48,0625;-109,8125;-109,375;-105,0625;-143,59375;-9,65625;-52,65625;-116,4375;
32,09375;128,875;234,6875;51,9375;139,0625;188,125;339,4375;410,28125;134,59375;90,21875;-93,15625;39,6875;216,71875;119,875;89,5;-36,84375;-65,90625;118,40625;-20,0625;151,21875;105,8125;96,1875;155,65625;307,96875;-93,1875;0,84375;150,875;-26,875;89,625;146,34375;107,6875;148,8125;-123,53125;76,8125;30,1875;399,53125;159,21875;190,96875;69,84375;122,21875;45,6875;254,40625;364,84375;319,09375;169,375;153,78125;255,71875;60,4375;352;169,28125;231,71875;289,59375;132,65625;402,65625;227,65625;319,71875;210,9375;304,53125;116,03125;329,90625;192,03125;203;178,375;390,53125;197;63,96875;399,46875;163,3125;235,53125;275,28125;220,3125;332,78125;246;245,71875;87,78125;396,1875;350,875;469,5625;214,125;-1,09375;14,65625;325,46875;424,625;226,34375;178,125;242,28125;245,0625;233,6875;-39,75;155,5;299,53125;389,1875;547,3125;570,1875;773,53125;706,25;647,5;495,71875;558,65625;601,28125;690,5625;1120,375;1403;2028,34375;2212,1875;2559,3125;2458,28125;2406,46875;2463,5;1947,15625;1764,40625;1555,125;1601,8125;1672,84375;1981,8125;2328,96875;3083,46875;3689,5625;4611,625;5690,71875;6817,625;7642,09375;8425,78125;9403,34375;10011,15625;9868,6875;9665,03125;9402,40625;8932,71875;8709,125;8376,59375;8097,875;8566,34375;9099,0625;9927,15625;10726,125;11928,5625;12980,375;13477,90625;13973;13867,15625;13498,4375;12770,875;11947,875;11243,25;10291,28125;9569,0625;8963;9074,65625;9140,375;9580,8125;10299,90625;11047,375;11721,78125;12616,21875;13230,84375;13388,34375;13186,28125;12773,9375;12255,8125;11725,9375;10709,21875;9753,5625;9244,875;8551,09375;7968,375;7891,125;7951,28125;8087,8125;8562,59375;9278,84375;9982,53125;10567,40625;11065,1875;11523,4375;11680,75;11646,75;11354,34375;10627,96875;9776,46875;9291,96875;8307,21875;7436;6928;6532,78125;6141,8125;6227,375;6279,5;6652,65625;6961,96875;7391,8125;7812,59375;8254,40625;8248,90625;8415,75;8602,65625;8034,375;7841,34375;6833,6875;6270,75;5381,5;4440,8125;3443,25;2689,40625;1770,09375;990,40625;514,6875;218,90625;8,71875;-8,3125;-13,46875;-206,90625;-316,625;-194;122,9375;-258,15625;-158,5625;-59,59375;-97,21875;-133,96875;-105,0625;17,375;70,875;-79,28125;-150,125;-214,59375;-64,40625;64,28125;111,6875;-167,03125;-22,5;-18,28125;-159,125;-101,65625;-224,3125;-176,625;60;-86;-136,875;-247,5;-197,34375;115,28125;31,3125;-3,78125;16,40625;-61,09375;150,0625;-106,96875;198,0625;69,96875;-118,125;-123,84375;-46,3125;-114,375;-28,75;-143;-114,9375;31,65625;66,09375;-101,34375;-59,90625;6,84375;1,9375;-29,0625;3,96875;-115,125;1,21875;106,5625;76,0625;-14,03125;-22,375;-81,875;21,3125;108,125;86,6875;-79,96875;-63,75;9,125;-205,1875;-1,09375;-6,4375;35;42,40625;75,6875;77,03125;-65,5;-107,9375;18,15625;30,34375;147,875;-157,71875;36,75;125,53125;-30,78125;-32,34375;-59,28125;180,65625;6,25;16,375;133,625;89,21875;199,75;-26,8125;149,3125;227,15625;134,5625;139,40625;-123,4375;0,15625;203,375;49,96875;93,53125;47,9375;12,4375;69,875;-3,875;172,09375;42,40625;89,59375;198,28125;
118,28125;107,03125;249,375;274,4375;205,625;59,65625;166,46875;326,34375;130,375;21,90625;98,46875;151,4375;193,59375;-69,09375;-35,0625;44,53125;153,59375;-88,65625;184,65625;147,1875;-0,5;-107,78125;315;58,3125;116,3125;-102,53125;-177,375;184,65625;153,8125;-58,96875;109,96875;123,9375;-77,46875;255;102,9375;204,09375;250,375;141,3125;84,96875;81,6875;214,125;133,1875;60,71875;87,65625;205,28125;203,875;279,46875;146,46875;341,625;66,25;196,1875;39,53125;50,96875;119,8125;377,375;91,3125;28,84375;184,5625;269,90625;295,0625;390,625;129,9375;431,09375;161,65625;204,375;187,625;134,9375;185,59375;145,0625;422,78125;380,65625;270,0625;407,25;279,09375;450,5625;275,21875;204,6875;401,5;128,125;223,3125;124,75;251,5;402,3125;264,625;204;294,65625;265,46875;324,84375;391,375;339,0625;267,0625;458,90625;577,40625;561,65625;664;689,6875;565;368,21875;608,1875;475,0625;745,34375;1134,59375;1424,59375;1842,9375;2475,84375;2729,25;2796;2462,65625;2632,21875;1989,53125;1631,625;1641,53125;1735,6875;1863,625;1822,5625;2447,9375;2930,09375;3904,65625;4802,0625;5775,84375;6987,09375;7998,90625;8954,03125;9695,125;9917,71875;10111,75;10280,3125;9721,46875;9414,875;9068,34375;8719,21875;8531,0625;8831,09375;9522,15625;10106,4375;10940,125;12447,125;13327,6875;13914,90625;14402,96875;14667,0625;14157,59375;13055,0625;12504,46875;11369,03125;10760,21875;9940,3125;9403,6875;9297,6875;9599,21875;9933,5;10624,46875;11321,34375;12184,0625;13078,90625;13539,375;13737,90625;13789,8125;13433,96875;12520,84375;12080,46875;11288,09375;10354,53125;9592,34375;8997,59375;8306,46875;8209,125;8210,9375;8446,5625;8912,6875;9730,96875;10191,4375;11128,15625;11509,09375;12087,53125;12199,34375;12282,1875;12025,0625;11370,84375;10634,28125;9868,96875;8909,0625;8092,71875;7288,40625;6985,90625;6344,5;6741,5625;6593,75;7000,28125;7627,5;7907,5625;8301,75;8564,78125;8539,03125;8792,375;8805,25;8519,15625;8027,65625;7523,5625;6635,65625;5921,1875;4809,21875;3444,0625;2365,5625;1828,125;1064,59375;743,53125;359,0625;33,21875;11,3125;-306,34375;-81,09375;-371,53125;-341,5;-109,84375;-124,34375;-24,9375;-131,25;-6,4375;-48,0625;149,34375;-21,03125;-305,90625;-87,15625;-39,5625;-112,875;-292,59375;-40,78125;137,90625;69,25;-232,0625;-160,4375;-111,96875;54,65625;-54,84375;-71,15625;-34,125;-22,3125;-228,375;-66,8125;-206,28125;-37,46875;-6,65625;63,78125;-140,6875;-35,8125;80,03125;4,4375;156,0625;10,03125;-35,5;-41,53125;-103,28125;-50,125;-18,65625;22,34375;231,0625;98,84375;96,09375;99,0625;5,59375;3,34375;51,21875;-28,8125;39,375;-28,4375;-92,78125;-113,625;100,09375;-191,65625;58,53125;-24,59375;70,96875;154,78125;87,71875;-10,65625;-34,90625;79,21875;169,75;-154,03125;-64,25;174,03125;-58,9375;-29,5;24,875;20,09375;-56,84375;-80,75;158,5625;-78,8125;74,4375;-152,3125;1,9375;-183,71875;157,21875;170,46875;-41,84375;102,1875;54,96875;192,40625;-95,46875;118,125;-100,9375;-86,03125;93;277,5;19,1875;-29,25;-63;191,5;40,375;81,875;-29,3125;-0,5;66,03125;57,9375;46,5;-205,125;22,46875;47,9375;
20,375;-378,8125;43,71875;121,625;226,1875;128,40625;-43,0625;-105,03125;52,21875;-137,21875;-25,4375;-19,375;-0,84375;130,5625;-14,625;-70,375;-133,96875;9,78125;-240,8125;42,75;44,34375;157,28125;-29,875;179,96875;13,34375;129,1875;-2,71875;177,84375;67,6875;149,28125;293,1875;-57,59375;-77,5;-122,3125;23,84375;-5,375;56,375;105,875;83,46875;273,65625;117,0625;21,4375;12,625;348,15625;246,40625;229,78125;211,46875;344,28125;327,875;182,25;155,375;7,78125;140,125;-32,03125;315,53125;110,375;197,9375;294,6875;63,15625;82,03125;283,59375;-29,4375;144,59375;220,15625;151,09375;137,15625;168,65625;182,09375;124,4375;203,40625;416,78125;71,53125;63,65625;323,40625;306,09375;401,125;60,84375;134,375;373,78125;294,65625;176,375;312,96875;213,0625;351,84375;168,875;384,46875;295,4375;247,40625;368,09375;225,03125;187,625;395,625;399,34375;441,59375;690,0625;506;709,0625;643,75;691,0625;555,875;739,375;1203,46875;1572,65625;1915,28125;2392,15625;2504,875;2684,90625;2501,78125;2513,90625;2101,3125;1663,65625;1405,59375;1394,1875;1811,59375;1814,96875;2523,40625;2919,25;3612,59375;4811,40625;5835,71875;7151,4375;8230,59375;9227,6875;10072,1875;10468,59375;10677,4375;10451,59375;10036,03125;9544,125;8920,875;8753,21875;8596,15625;9035,4375;9799,75;10430,03125;11607,03125;12587,28125;13648,09375;14216,8125;14773,875;14880,34375;14592,125;13705,03125;12875,4375;11950,46875;11135,0625;10220,96875;9791;9921,5625;10002,34375;10546,84375;11186,96875;11836,8125;12572,65625;13634,28125;14124,96875;14190,5625;14311,5625;13889,15625;13433,28125;12510,625;11646,53125;10734,9375;10036,6875;9223,03125;8606,0625;8617,84375;8543,59375;8758,9375;9254,375;9947,53125;10906,65625;11500,5;12055,375;12718,875;12741,40625;12788,03125;12493,78125;11709,28125;11207,28125;10224,65625;9312,375;8445,09375;7841,3125;7178,34375;6787,96875;6947,6875;7132,375;7353,9375;7753,5625;8229,71875;8438,84375;8912,90625;9318,03125;9401,15625;9004,125;8970,5;8541,6875;7696,21875;6949,5625;6023,78125;4811,40625;3873;2803,25;1826,125;964,78125;605,96875;306,625;180,6875;-104,53125;-222,28125;-410,09375;-366,5625;-169,46875;-160,46875;-32,4375;-107,1875;-150,59375;-15,03125;-152,6875;-168,1875;26,625;-73,875;-294,5;-336,65625;-302,875;-73,40625;-88,4375;-115,0625;-184,28125;-279,09375;-249,875;-106,90625;-53,75;109,75;-91,8125;-72,9375;-106,5625;-64;-207,09375;-125,65625;25,625;-253,5;-87,6875;94,375;-171,40625;73,4375;94,46875;47,5625;-113,75;-69,375;173,71875;42,3125;-89,59375;-208,3125;25,625;-168,40625;-68,96875;59;5,8125;-81,28125;-81,75;-147,71875;-93,0625;-48,5625;-55,21875;-89,625;-123,53125;-18,8125;-62,34375;-83,75;47,59375;94,75;-62,96875;-98,09375;24,15625;191,59375;15,15625;68,15625;-35,65625;83,6875;75,8125;-42,125;-65,875;-199,3125;0,875;-163,75;11,9375;-26,1875;14,71875;93,90625;70,375;121,625;-29,25;9,59375;24,3125;132,78125;-42,0625;35,90625;-36,03125;-122;88,03125;81,53125;-1,15625;-1,5625;40,75;118,65625;112,96875;-108,375;-32,15625;32,84375;-111,90625;-109,5;-123,4375;192,25;-108,34375;102,625;-57,25;72,09375;-142,34375;
18,1875;92,75;-21,3125;276,09375;-54,25;-29,4375;62,25;31,1875;-92,15625;228,25;13,125;159,4375;32,03125;44,21875;-102,53125;-59,46875;134,40625;122,90625;71,3125;-20,5;15,09375;-81,90625;-18,25;-11,03125;156,46875;-28,96875;13,5;116,0625;11,59375;-35,84375;-37,6875;83,40625;-34,90625;-20,90625;-81,25;143,625;257,9375;28,125;68,875;106,71875;147,375;139,8125;-70,53125;110,71875;87;-81,21875;306,75;151,875;119,15625;204,6875;118,40625;111,25;199,65625;134,90625;117,65625;194,875;22,46875;11,34375;98,34375;102,34375;129,03125;201,65625;292,71875;374,125;181,53125;253,84375;124,8125;244,03125;384,1875;212,34375;238,4375;61,5625;126,84375;219,6875;268,25;161,96875;327,3125;109,96875;222,1875;42,78125;200,5625;166,4375;237,0625;131,28125;298,4375;127,4375;118,96875;92,1875;209,21875;113,90625;137,34375;229,8125;270,625;597,6875;528,96875;481,46875;557,6875;602,875;611,625;549,59375;753,71875;993,59375;1487,3125;1915,09375;2433,34375;2484,96875;2794,6875;2649,46875;2473,375;2171,375;2018,25;1727,5;1322,09375;1561,84375;2015,875;2389,96875;2918,15625;3547,59375;4807,875;5981,9375;7276,8125;8297,5;9549,90625;10239,40625;10858,21875;10973,59375;10788,875;10400,1875;9738,5625;9157,0625;9000,5;8876,6875;9229,75;9816,78125;10522,09375;11776,9375;12912,53125;13926,4375;14733,15625;15157,5625;15254,65625;14888,75;14219,5625;13126,15625;12232,90625;11485,59375;10769,875;10203,03125;10389,25;10324,625;10844,71875;11501,0625;12367,875;13322,46875;13984,5625;14511,28125;14933,75;14797,75;14273,3125;13615,21875;13107,625;12173,3125;11278,46875;10424,96875;9725,28125;9394,53125;8821,40625;8820,75;9135,78125;9427,71875;10196,0625;10855,78125;11683,96875;12379,03125;12952,625;13202,34375;13123,78125;12972,4375;12413,4375;11836,34375;10935;9789,96875;9247,6875;8169,09375;7523,59375;7210,09375;7135,625;7114;7809,59375;7988,25;8464,28125;8908,21875;9423,15625;9558,8125;9875,40625;9580,875;9442,8125;8818;8094,0625;7123,53125;6144,75;5024,75;3830,09375;2833,0625;1904,9375;999,40625;417,09375;208,71875;89,3125;-24,875;140,625;-176,46875;-393,71875;-336,28125;-224,78125;-283,875;-211,28125;1,03125;-125,78125;-49;22,71875;-237,9375;87,84375;-181,4375;-93,96875;-281,84375;-112,71875;-67,40625;-170,90625;3,28125;-119,1875;-156;-73,9375;-212,09375;-167,53125;3,59375;-10,25;-39,84375;-307,90625;-180,21875;-106,625;-76,1875;61,75;15,90625;-82,625;14,84375;256,75;1,75;180,21875;81,375;14,28125;14,875;42,9375;125,125;75,25;-11,15625;-179,5;-16,8125;-151,875;-163,375;-164,8125;-27,53125;37,625;-5,09375;66,90625;-63,34375;-6,4375;10,375;107,75;-54,5;-49,34375;53,25;-98,1875;-156,6875;21,65625;-72,84375;-103,84375;21,0625;124,09375;38,40625;196,90625;223,09375;42,25;6,8125;-32,21875;-95,5625;-22,15625;-34,96875;-48,875;-44,125;66,59375;-22,59375;8,3125;230,28125;-112,46875;-84;-0,75;-143,78125;146,09375;4,0625;79,3125;95,78125;-29,5625;109,6875;86,53125;89,625;41,78125;122,5;-23,65625;2,59375;-102,28125;-141,46875;-83,78125;30,71875;18,1875;-33,21875;-73,0625;-144,34375;40,4375;-30,0625;
-40;-142,71875;-110,59375;-36,6875;-283,8125;-23,71875;12,21875;-76,9375;-112,6875;-76,15625;-56,1875;-155,4375;16,84375;87,4375;9,25;13,6875;-100,5;-263,34375;-270,28125;-216,3125;-42,8125;184,09375;-109,875;-192,5625;70;-173,59375;-128,1875;-15,40625;91,125;-185,78125;115,4375;66,65625;105,59375;-106,5;1,375;-150,75;-262,1875;-58,09375;-104,25;-22,4375;122,71875;-17,03125;-152,75;-41,71875;-157,8125;22,59375;-45,4375;27,34375;209,84375;95,8125;-12,6875;154,34375;46,96875;-169,1875;-6,28125;-68,125;78,90625;-115,78125;-143,28125;10,65625;0,5;-53,5;221,46875;76,5;356,1875;197,25;21,6875;-60,71875;-26,75;-1,3125;52,59375;61,28125;353,46875;132,3125;71,15625;186,65625;-26,8125;208,75;202,125;167,78125;200,75;33,46875;-54,65625;109,65625;187,9375;289,375;222,21875;42,40625;-68,5;184,40625;207,84375;269,3125;396,15625;579,71875;659,78125;650,09375;532,34375;490,96875;523,78125;515,8125;587,1875;964,28125;1294,46875;1799,90625;2155,84375;2593,15625;2773,3125;2466;2268,96875;2109,03125;1795,09375;1453,34375;1330,46875;1442,5625;1778,25;2139,15625;2806,75;3607,6875;4648,84375;5709,0625;7177,0625;8339,8125;9437,25;10379,84375;10931,0625;10920,875;10721,8125;10391,03125;10002,875;9160,6875;9052,71875;8702,21875;9222,875;9771,875;10769,78125;11865,625;13079,0625;13938,46875;14935,3125;15280,9375;15528,46875;15066,84375;14494,15625;13495,03125;12623,5;11645,71875;10916,3125;10680;10533,3125;10465,5625;10953,15625;11873,75;12555,40625;13535,53125;14131,90625;14733;15237,46875;15064,96875;14304,0625;14197,96875;13486,8125;12714,84375;11501,65625;10743,375;10067,5;9587,5625;9158;8909,09375;9221,34375;9637,25;10310,40625;11283,0625;11955,3125;12756,9375;13339;13453,3125;13536,75;13425,21875;12758,34375;11932,84375;11313,90625;9987,3125;9174,34375;8328,96875;7676,78125;7309,96875;7164,4375;7514,40625;7728,46875;8212,4375;8707,09375;9092,28125;9784,625;10041,5625;10088,78125;9997,9375;9685,53125;8971,59375;8243,84375;7061,28125;6126,21875;4956,65625;3715,75;2885,09375;2123,375;1176,875;479,46875;-47,15625;-317,0625;-99,40625;-361,46875;-340,5;-371,78125;-212,53125;-381,65625;-153,78125;-240,6875;-303,84375;-340,5;-18,78125;-297,21875;-204,8125;-253,0625;-367,84375;-373,03125;-109,6875;-78,6875;-196,59375;-229,25;-141,46875;-173;-177,8125;-311,125;-260,46875;-66,71875;-282,21875;-156,59375;-184,3125;-197,9375;-298,375;-41,59375;-255,9375;-73,71875;-40,34375;-27,15625;-151,15625;-70,9375;49,53125;-71,15625;-82,4375;-114,90625;-112,53125;-91,0625;-147,4375;6,84375;-197,4375;-142,78125;-224,40625;-18,46875;-24,3125;-192,84375;-171,5625;-247,4375;-279,3125;-3,46875;-117,8125;-215,15625;-86,71875;-207,84375;-11,84375;59,90625;-22,25;28,46875;-389,78125;-55,875;-55,4375;-130,84375;-49,90625;-61,4375;-59,78125;-217,15625;-175,78125;-149,9375;-219,875;29,96875;-288,9375;34,71875;-71,5;188,75;-120,34375;-121,375;-222,65625;40,28125;-175,59375;68,375;-111,53125;-44,9375;-108,59375;-190,8125;-67,65625;77,90625;-220,4375;-19;3,03125;137,75;-146,0625;-91,53125;93,34375;33,34375;26,9375;64,9375;7,125;232,75;-211,375;8,125;-302,8125;-182,96875;-109,53125;-184,09375;-22,71875;
-104,15625;311,59375;163,46875;-18,84375;-18,375;124,53125;99,15625;39,8125;187,59375;-6,96875;-25,0625;174,71875;6,71875;-19,15625;143,5625;47,0625;-119,0625;-23,65625;77,78125;116,1875;177,15625;49,96875;127,875;107,375;79,625;141,28125;114,625;279,59375;93,5;-27,625;-19,96875;-47,15625;240,625;118,25;79,34375;309,53125;174,5;171,28125;129,84375;-126,59375;135,5625;205,875;135,84375;153,0625;59,4375;306,125;240,21875;176,875;70,1875;255;293,40625;121;287,78125;294,21875;351,65625;197,875;424,75;280,71875;327,03125;189,1875;205,65625;465,90625;181;395,625;425,28125;439,65625;275,46875;269,0625;258,03125;209,125;247,21875;288,25;114,6875;252;339,03125;246,15625;317,53125;410,46875;168,1875;322,71875;107,4375;220,9375;266,65625;186,71875;287,28125;427,46875;339,5625;261,9375;407,03125;282,375;252,65625;456,25;521,8125;575,0625;723,84375;678,21875;1004,8125;706,4375;799,1875;657,5625;924,71875;988,40625;1697,71875;2064,0625;2611,65625;2900,78125;3040,21875;2971,78125;2862,6875;2334,34375;1932,6875;1600,46875;1508,9375;1689,75;1925,0625;2299,125;3007,8125;3652,125;4950,5;5902;7291,46875;8616,21875;9828,21875;10664,0625;11296,21875;11185,1875;11081,25;10477,78125;9904,875;9517,90625;9269,15625;9151,6875;9540,09375;10201,78125;11079,75;12170,59375;13441,75;14467,625;15539,96875;15807,84375;15906,21875;15669,75;14786,59375;13836,65625;13510,90625;12158,625;11650,03125;11039,3125;11005,9375;11229,9375;11435,6875;12151,28125;13195,53125;13924,03125;14797,46875;15460,375;15790,3125;15774,9375;15417,125;14574,5625;13983,8125;13518,96875;12192,09375;11443,4375;10518,34375;10060,71875;9608;9340,34375;9491,96875;10261,78125;10663,3125;11386,4375;12299,34375;13127,21875;13787,28125;14186,15625;14173,96875;13719,03125;13359,9375;12556,65625;11798,8125;10655,34375;9893,21875;8768,625;7985,90625;7360,65625;7686,125;7779,40625;8084,875;8480,25;9229,1875;9917,3125;9994,0625;10359,25;10596,40625;10262,0625;10150,625;9581,46875;8515,4375;7552,28125;6645,5;5255,125;4186,71875;2879,28125;2028,25;1023,90625;747,09375;320,65625;-92,375;-171,40625;-74,1875;-149,4375;20,46875;-149,4375;1,96875;21,6875;-8,21875;45,4375;51,90625;-5,5625;39,21875;-78,28125;-28,5625;1,78125;56,28125;58,21875;-16,28125;-41,6875;-10,375;-92,5;60,0625;23,125;87;81,28125;95,375;265,96875;-77,21875;142,6875;38;129,1875;51,5625;-18,78125;127,59375;151,90625;137,78125;92,90625;-71,6875;80,53125;51,6875;308,5;109,15625;84,75;165,59375;267,75;154,34375;141,8125;128,375;124,96875;-38,6875;124,1875;227,59375;29,34375;82;-52,90625;-32,6875;68,4375;192,78125;128,5625;31,125;-120,5;-27,03125;211,75;162,65625;57,1875;-39,3125;216,375;196,5625;117,75;111,34375;252,09375;196,1875;211,78125;156,8125;-76,5625;203,90625;234,53125;-3,6875;93,375;98,1875;29,6875;108,0625;229,0625;144,9375;170,9375;83,4375;161,3125;60,5625;29,96875;85,21875;389,40625;272,125;49,875;94,3125;120,5625;326,21875;289,46875;252,6875;90,46875;128,40625;152,46875;132,09375;109,90625;117,0625;266,4375;161,125;92,6875;201;262,59375;264,90625;-4,21875;
-11;-136,5625;-189,21875;-115,71875;-209,15625;-51,28125;-66,3125;39,875;61,65625;28,25;-79,6875;64,125;-4,46875;-84,65625;-218,28125;-131,25;111,59375;-122,59375;-41,25;-239,3125;2,1875;-74,59375;-130,78125;-258,4375;-123,6875;-28,71875;-92,0625;-59,25;-41,28125;-175;-274,40625;-222,0625;-16,21875;-236,6875;68,8125;-148,1875;-10,4375;-21,3125;-77,21875;19,21875;57,8125;23,53125;296,65625;241,125;-152,1875;-11,15625;-61,125;-254,28125;193,65625;55,9375;56,6875;17,5625;122,75;32,5625;80,25;-76,28125;-29,5;180,4375;101,15625;87,78125;56,34375;6,34375;-23,3125;218,75;119,5625;24,59375;-46,09375;-57,84375;23,5;239,3125;222,75;137,96875;103,46875;215;365,53125;61,0625;238,3125;106,5625;52,125;203,5625;274,09375;4;85,25;139,09375;239;62,25;139;16,1875;144,53125;122,0625;-40,03125;128,25;309,34375;292,25;589,59375;708,09375;764,5;555,96875;439,96875;444;649,1875;924,625;1475,375;1818,1875;2367,75;2833,90625;2800,75;2796,28125;2558,75;2293,875;1750,375;1447,34375;1502,0625;1657,9375;1644,5;2112,34375;2768,3125;3393,78125;4640,25;6021,6875;7223,4375;8388,375;9688,8125;10831,4375;11147,3125;11314,4375;10977,53125;10439,71875;9854,09375;9556,28125;9155,9375;9174,59375;9393,78125;10136,625;11176,78125;12344,65625;13544,5;14415,28125;15452,71875;15852,46875;16179,34375;15816,40625;14793,875;14211,375;13227,59375;12264,375;11495,46875;11096,84375;10916,6875;10979,65625;11631,1875;12411,6875;13349,28125;13893,6875;14793,78125;15324,46875;15658,40625;15817,15625;15362,96875;14683,125;14034,21875;13294,03125;12287,78125;11471,59375;10664;10252,40625;9603,53125;9457,15625;9674,125;9886,375;10665,90625;11557,34375;12508,71875;13175,28125;13707,21875;14198,3125;14356,09375;13940,875;13500,5625;12804,96875;11757,5;10610,71875;9522,875;8626,5;8039,03125;7596,71875;7447,0625;7675,40625;7979,71875;8352,90625;8962,5625;9637,375;10130,9375;10407,84375;10538,4375;10451,40625;10252,90625;9492,875;8722,375;7650,34375;6464,40625;5180;4020,5625;2731,90625;1578,25;707,75;563,75;11,59375;-126,21875;-336,6875;-163,5;-392;-359,625;-66,4375;-414,75;-401,0625;-462,21875;-284,375;-211,375;-115,375;-170,625;-251,875;-391,6875;-376,53125;-214,625;-96,96875;-30,21875;-110,09375;-270,78125;-258,8125;-105,78125;-384,1875;-248,5625;-176,8125;-183,46875;-126,03125;-269,125;-280,03125;-272,4375;71,53125;-123,21875;-145,46875;-210,40625;5,25;4;45,59375;-236,75;28,53125;-95,46875;55,5625;95,625;-105,15625;-16,71875;-134,875;-157,6875;-127,71875;-184,5;-8,125;14,15625;54,03125;-180,21875;-273,53125;-221,0625;-55,875;-120,53125;-269,53125;-169,5625;-114,0625;-283,875;-271,09375;-186;-50,9375;-98,21875;-111;-50;-100,96875;-190,625;-61,125;-153,375;1,84375;-306,53125;-12,90625;205,8125;-235,1875;-82,71875;-29,28125;-271,53125;45,78125;-292,4375;-294,25;-40,1875;39,03125;-152,5;104,28125;-176,3125;-174,34375;-87,625;97,15625;100,3125;-42,625;-115;-149,0625;45;-27,0625;3,09375;-41,59375;-73,5625;-201,5;-12,71875;111,8125;-59,0625;-14,875;-223,5625;-81,90625;43,65625;50,03125;-195,3125;-120,71875;-39,09375;-18,34375;
20,34375;203,28125;33,53125;173,4375;143,40625;2;39,75;38,8125;71,28125;236,5;-25,875;175,71875;243,96875;33,5;235,4375;226,6875;-2,84375;205,28125;-29,28125;19,0625;-25,6875;217,25;63,5;153,75;-22,25;-11,65625;165,96875;107,0625;-76,875;-50,8125;402,09375;136,3125;174,28125;114,71875;196,34375;203,21875;144,78125;366,65625;266,40625;79,71875;56,21875;103,65625;190,6875;365,75;32,1875;271,125;140,5;125,21875;259,4375;290,625;231,3125;323,71875;79,0625;383,53125;219,09375;497,34375;177,875;380,03125;424,53125;385,6875;201,90625;130,78125;259,375;339,59375;276,5;236,625;169,78125;98,8125;227,4375;161,90625;39,15625;261,9375;231,09375;345,28125;226,59375;79,96875;249,03125;329,25;393,5625;276;224,40625;323,8125;271,375;273,75;372,875;229,25;389,71875;263,34375;238,21875;269,5;192,375;293,5625;649,71875;699,78125;786,21875;877,15625;951,84375;733,4375;716,75;740,34375;969,1875;1282,53125;1608,9375;2028,5;2664,59375;2979,21875;3205,90625;3083,34375;3007,03125;2541,46875;2119,71875;1816,28125;1645,4375;1458,09375;1795,8125;2024,03125;2749,6875;3668,3125;4786,75;6159,875;7272,34375;8701,875;10055,40625;11055,46875;11558,28125;11762,8125;11390,90625;10844,5;10254,96875;9844,4375;9597,78125;9538,1875;9726,46875;10339,78125;11258,5;12687,65625;13875;14956,78125;15966,8125;16685,1875;16836,125;16619,21875;15610;14730,03125;13653,65625;12596,90625;12048,5;11344,65625;11559,5625;11620;11998,53125;12573,5625;13637,75;14348,34375;15114,0625;15878,6875;15963,28125;16007,46875;15399,0625;15271,40625;14619,53125;13789,15625;12633,75;11785,90625;10968;10543,5625;9987,1875;9764,3125;10042,46875;10504,8125;10793,5625;11553,90625;12412,03125;13479,59375;14265,5625;14574,03125;14798,3125;14617,03125;14399,90625;13223,625;12255,875;11025;10164,75;9028,9375;8177,9375;7741,34375;7768;7937,59375;8171,71875;8731,90625;9329,15625;10159,71875;10397,3125;10900,34375;11099,34375;10923,125;10404,78125;9848;8974,59375;7775,53125;6646,59375;5307,71875;4278,875;2949,78125;1953,21875;1061,1875;615,75;324,53125;91,3125;-68,15625;-218,28125;-75,09375;-90,71875;-76,53125;-29,15625;-86,53125;172,3125;-247,8125;-301,21875;-27,65625;3,59375;-44,65625;-86,1875;142,96875;-18,15625;-18,875;-85,125;-109,15625;-76,1875;-17,40625;138,9375;26,59375;-124;200,3125;-119,40625;169,3125;75,8125;115,46875;99,78125;-22,28125;-173,9375;115,53125;111,15625;183,875;132,84375;-17,0625;54,625;15,9375;185,40625;170,1875;41,53125;165,375;-42,53125;-110;231,125;-13,75;-106,46875;87,6875;138,28125;149,5;79,75;56,6875;1,0625;39,28125;233,46875;-8,65625;222,5;178,90625;234,90625;140,40625;31,46875;95,6875;117,03125;105;105,9375;-106,5;186,59375;296,96875;183,59375;213,15625;298,6875;78,53125;181,25;54,90625;118,15625;166,625;6,875;166,84375;-37,9375;63,71875;118,0625;87,78125;-9,3125;-61,09375;26,0625;69,46875;-54,78125;63,875;105,5;-0,6875;100,21875;215,625;184,21875;126,5;146,6875;91,71875;35,6875;79,75;89,125;317,90625;228,0625;190,78125;236,53125;141,21875;39;42,65625;-37,5;132,8125;-52,21875;-7,90625;
-58;-66;37,125;-80,90625;-143,1875;-41,21875;53,71875;112,0625;168,59375;101,90625;70,75;-15,9375;47,03125;-73,15625;-79,125;64,375;-114,09375;20,59375;-152,5625;-101,09375;-35,59375;-46,53125;70,875;-86,15625;-130,84375;127,375;-63,6875;-107,28125;-111,71875;-54,625;46,71875;71,1875;-49,25;37,34375;58,5625;-166,25;-70,40625;-104,21875;-24,03125;10,6875;-88,78125;-5,625;47,0625;-56,6875;-85,09375;-105,4375;-122,84375;146,1875;168,75;-54,40625;168,53125;280,3125;-50,78125;-41,46875;106,34375;21,59375;-16,40625;190,96875;269,96875;156,5625;-31,9375;154,5625;353,15625;173,5625;204,25;199,84375;115,25;156,21875;132,71875;335,65625;227,75;163,40625;82,09375;117,71875;130,625;206;221,40625;205,5625;129,375;166,28125;198,78125;156,71875;297,6875;309,875;353,96875;373,65625;78,15625;249,5625;-22,03125;243,4375;388,0625;97,15625;382,46875;562;711,0625;893,3125;735,875;963,875;750,46875;659,875;823,40625;1047;1569,46875;2132,90625;2685,0625;2939,9375;3004,5625;3192,9375;2914,1875;2526,15625;2127,6875;1656,1875;1559,75;1501,0625;1679,46875;1910,25;2636,1875;3590,875;4463,78125;5736,78125;7378,5;8648,21875;10018,59375;11133,53125;11801,90625;12008,59375;11696,375;10968,75;10568,0625;9958,8125;9397,3125;9528,625;9923,46875;10402,4375;11689,8125;12670,46875;14207,8125;15301,25;16306,28125;16848,09375;17019,3125;16852,15625;16018,9375;14894,6875;14022,71875;12720;11996,875;11773,40625;11624,78125;11643,25;12165,875;12888,15625;13706,9375;14688,125;15166,71875;16036,28125;16144,3125;16108,4375;16055,25;15326,15625;14852,1875;13873,5;12810,46875;11972,375;11405,90625;10638,5625;10286,625;9935,25;10031,4375;10165,46875;10817,375;11651,9375;12633,875;13597,03125;14224,65625;14827,09375;15016,34375;15031,375;14180,90625;13513,125;12916,25;11432,53125;10262,84375;9242,4375;8246,71875;7732,15625;7770,375;7803,15625;8201,28125;8661,0625;9074,0625;9948,0625;10495,40625;10744,03125;10821,96875;10471,59375;10267,1875;9691,28125;8848,78125;7785,25;6490,65625;5348,03125;3889,5;2677,84375;1738,15625;834,46875;358,375;-187,34375;-419,8125;-449;-324,46875;-86,09375;-429,34375;-375,59375;-102,6875;-248;-483,84375;-230,625;-204,875;-162,84375;-29,6875;-123,15625;-135,125;-270,59375;-134,5;-306,65625;-423,84375;-357,65625;-42,46875;-219,40625;-199,8125;-48,0625;-72,46875;-194,09375;-160,6875;-200,15625;-288,78125;-176,71875;-91,40625;-74,90625;-126,34375;-364,78125;-106,0625;57,25;101,09375;-52,09375;-76,21875;-150,0625;-169,625;12,15625;-198,59375;-114,75;-143,25;-133,3125;-9,75;-130,875;32,0625;0,28125;4,71875;-56,6875;-184;-125,0625;-43,21875;-236,0625;-159,09375;32,96875;-38,9375;-121,3125;105,09375;-50,6875;-79,15625;-166,25;-84,59375;24,09375;50,34375;113,625;-58,28125;-80,6875;-32,96875;120,78125;63,5;212,71875;29,3125;-157;-107,8125;228,21875;-110,09375;-5,21875;-160,59375;-185,65625;-51,78125;-137,40625;-60,15625;86,5;93,65625;103,53125;-124,28125;-116,875;-167,09375;-194,21875;-36,46875;118,625;-75,375;-59,84375;-73,875;-43,53125;-214,125;45;-73,96875;50,15625;-88,5625;-101,40625;-100,59375;-69,125;-129,40625;3,125;106,75;-220,6875;-2,09375;156,4375;
192,4375;118,71875;254,375;123,40625;133,59375;349,09375;301,3125;247,96875;256,46875;357,75;182,65625;109,46875;195,40625;114,34375;181,21875;139,5;310,625;246,625;175,71875;179,3125;51,34375;172,40625;108,1875;253,4375;223,5625;156,3125;148,40625;97,5;293,28125;199,09375;251,65625;351,09375;109,40625;-18;197,96875;220,90625;221,4375;300,34375;331,25;133,75;234,03125;118,34375;342,5;374,375;257,65625;444,71875;201,34375;346,625;260,09375;387,4375;329,5625;420,78125;356,5625;349,28125;215,5625;394,125;568,4375;387,0625;369,28125;255,34375;346,65625;314;482,875;402,59375;418,40625;540,0625;329,15625;191,1875;493,78125;379,84375;369,9375;398,09375;357,71875;410,53125;482,5625;339,8125;299,75;506,59375;382,59375;474,5625;459,625;487,9375;464,96875;482,90625;588,0625;346,3125;210,8125;270,15625;227,75;344,03125;360,875;457,375;621,25;917,84375;1019,84375;1016,3125;932,84375;871,5625;957,1875;811,46875;898,09375;1367,59375;1724,71875;2298,625;2811,8125;3311,28125;3561,78125;3434,5625;3272,21875;2531,125;2378,5625;2064,625;1831,75;1721,21875;1748,03125;2149,59375;2931,15625;3823,28125;4595,625;6280,25;7552,25;9352,8125;10460,65625;11631,59375;12392,90625;12463,96875;12209,125;11651,53125;11032,28125;10599,1875;10161,34375;10208,4375;10473,21875;11236,5;12297,0625;13399,40625;14874,25;15906,46875;16858,09375;17277,96875;17582,125;17517,875;16519,75;15654,375;14407,375;13558,28125;12778,875;12554,71875;11945;12121,5625;12861,125;13373,09375;14459,40625;15157,5;15722,84375;16199,71875;16820,125;16549,46875;16537,6875;15880,28125;15224,375;14214,125;13222,21875;12671,96875;12001,09375;11341,03125;10647,6875;10270,8125;10610,8125;10793,3125;11214,4375;12018,59375;13130,40625;14086,78125;14720,46875;15199,90625;15698,78125;15629,6875;14895,40625;14021,375;13404,15625;11946,28125;10631,96875;9619,84375;8852,25;8285,40625;8176,0625;8124,53125;8526,125;9010,71875;9705,34375;10386;11049,75;11251,21875;11298;11175,03125;10963,5;10126,625;9272,8125;8075,6875;6629,46875;5483,8125;4374,3125;3064,0625;1695,84375;1365,625;559,6875;-7,1875;72,59375;-46,53125;-190,4375;-41,71875;-164,875;-228,375;141,3125;34,09375;37,3125;136,0625;20,15625;-6,5;-11,03125;-85,1875;-118,34375;-158,09375;120,71875;23,40625;-39,34375;-128,65625;124,375;-41,5625;97,75;34,53125;68,5;271,53125;102,0625;-20,1875;-299,125;68,46875;-26,15625;41,71875;80,15625;65,4375;167,21875;352,28125;295,03125;-17,46875;-4,34375;95,375;7,125;-210,84375;150,90625;95,53125;295,6875;175,78125;160,59375;259,6875;72,4375;186,65625;-104,625;96,875;173,3125;-17,125;11,75;-45,40625;120,5;69,53125;147,4375;25,40625;113,4375;316,9375;195,03125;200,375;140,53125;166,5625;147,90625;86,96875;310,84375;69,1875;73,40625;176,90625;-5,65625;194,3125;154,34375;47,75;127,65625;74,03125;101,75;203,75;-52,0625;33,53125;-170,1875;-7,21875;291,84375;356,03125;130;114,90625;59,90625;87;81,9375;109,96875;282,59375;334,03125;123,375;326,53125;159,9375;340,8125;43,65625;149,9375;262,5;202,5;311,03125;195,3125;414,4375;182,125;141,65625;132,625;-68,65625;289,84375;153,46875;213,0625;
39,03125;170,0625;113,71875;43;195,75;15,28125;-47,40625;24,03125;106,46875;66,6875;203,6875;190,0625;147,0625;156,8125;174,28125;25,15625;127,90625;98,5625;-131,40625;-69,375;-173,375;82,40625;17,875;27,53125;-88,125;262,6875;120,78125;-33,125;-131,6875;-23,125;221,75;4,9375;-112,65625;21,71875;41,9375;108,9375;55,9375;219,65625;137,40625;220,3125;35,53125;144,65625;123,6875;152,59375;196,6875;162,28125;158,125;315,8125;207,21875;218,125;200,09375;259,46875;345,0625;335,15625;181,84375;281,0625;271,3125;85,34375;350,125;49,71875;284,65625;41,71875;324,03125;379,96875;208,0625;290,59375;250,75;225,5;142,875;267,09375;367,34375;207,25;292,21875;500,59375;141,03125;233,625;266,15625;307,5625;280,625;210,3125;187,375;189,53125;299,09375;318,25;431,28125;349,9375;361,28125;218,0625;215,3125;281,625;214,1875;421,4375;669,75;829,96875;741,34375;1043,71875;1242,375;923,625;931,65625;612,5625;949,71875;1444,625;1805,03125;2184,09375;2714,90625;3114,65625;3543,3125;3410,21875;3195,96875;2843,875;2263,65625;1972,0625;1622,3125;1631,09375;1547,65625;2197,46875;2967,03125;3560,46875;4900,46875;6359,625;7757,5;9639,46875;10846,34375;12031,3125;12820,1875;13168,3125;12583,90625;12167,28125;11507,28125;10820,0625;10305,8125;10430,09375;10848,40625;11588,25;12432,6875;13494,625;15057,3125;16332,40625;17361,40625;17725,59375;17910,9375;17908,15625;17094,375;16064,3125;15092,71875;14040,65625;13245,71875;12622,625;12643,125;12605,15625;13126,75;13775,78125;14333,15625;15162,375;15768,25;16552,84375;16847,59375;16818,5625;16564,96875;16217,96875;15693,21875;14893,375;13598,34375;13028,0625;12300,125;11471,46875;10809,5;10471,90625;10823,8125;10963,375;11470,03125;12239,75;13249,5625;14244,59375;15169,28125;15524,90625;16041,5;15886,375;15203,34375;14497,5625;13591,375;12121,8125;10821,65625;9851,9375;8857,125;8275,96875;8067,96875;8224,34375;8534,75;9310,96875;9863,625;10452,59375;11234,21875;11519,625;11609;11397,28125;10959,5;10347,6875;9353,09375;8077,84375;6668,84375;5229,1875;4224,71875;2725,65625;1948,5;980,65625;577,09375;201,96875;-257,09375;-193,65625;-146,6875;-59,96875;-34,21875;-45,53125;-128,9375;-40,125;30,28125;-182,125;-98,84375;58,875;-44,46875;31,28125;21,8125;32,15625;-69,25;34,71875;12,84375;-152,40625;-190,84375;77,71875;-232,4375;-115,65625;-15,53125;-103,8125;230,09375;1,9375;9,9375;-87,5;94,25;116,5;-202,96875;69,875;-39,65625;-34,25;154,15625;-29,34375;-25,34375;143,1875;-10,125;11,0625;-71,3125;-61,875;-166,4375;10,0625;79,9375;287,03125;113,25;-45,03125;211,53125;-67,90625;-14,90625;-190,21875;-24,84375;31,40625;2,3125;-42,34375;-65,59375;192,5;4,96875;94,84375;115,4375;156,71875;167,4375;155,875;66,125;-21,1875;136,125;26,21875;293,84375;214,4375;79,4375;-195,25;-96,03125;218,9375;235,3125;115;-52,59375;147,59375;195,46875;27,71875;96,625;-60,15625;-160,53125;123,625;126,3125;-88,875;67,3125;-176,875;67,3125;194,40625;129,0625;110,65625;242,21875;308;148,1875;238,5625;203,21875;225,0625;123,96875;-76,53125;265,75;42,03125;47,6875;3,21875;13,59375;159,03125;19,5625;216,375;279,1875;340,09375;
344,34375;334,78125;130,875;156,28125;327,5;237,25;205,1875;227,9375;306,1875;-0,8125;221,34375;203,375;224,5625;197,625;254,625;372,53125;209,90625;456,625;282,96875;80,25;40,25;370,5625;47,59375;270,03125;292,3125;184;358,3125;215,5625;201,25;417,65625;186,3125;411,0625;347,71875;198;155,8125;210,125;286,34375;306,46875;259,59375;241,53125;108,96875;165,34375;341,25;337,96875;313,65625;293,6875;221,65625;396,25;124,5;63,71875;221,78125;323;349,875;376,65625;458,40625;418,875;184,6875;328,53125;434,125;555,21875;324,71875;358,3125;431,5625;723,84375;445,78125;417,15625;422,09375;459,65625;382,71875;436,5;401,75;631,875;438,125;688,90625;327,40625;500,21875;503;556,28125;388,96875;333,59375;418,28125;567,875;704,96875;504,9375;502,875;424,1875;469,25;294,21875;463,46875;268,71875;539,375;557,625;770,875;904,75;1092,15625;1163,8125;1162,1875;1297,90625;1045,34375;973,1875;1195,84375;1499,65625;2026,90625;2766,125;3195,34375;3478,5;3645,75;3752,34375;3637,0625;3005,59375;2501,0625;2100,65625;1921,28125;1935,625;2125,65625;2400,96875;3098,03125;3934,1875;5017,75;6766,15625;8494,6875;10053,75;11476,71875;12818,0625;13421,25;13508,625;12922,96875;12868,65625;12235,09375;11497,84375;11007,25;10740,6875;11329,0625;12190,65625;12934,15625;14263,09375;15739,53125;16930,875;18015,8125;18635,46875;18796,0625;18450,5625;17640,71875;16539,71875;15907,71875;14622,6875;13813,90625;13610,03125;13323,5625;13298,28125;13771;14288,5;14978,78125;15805,375;16297,1875;17320,5;17548,8125;17509,53125;17081,34375;16680,40625;16071,15625;15504,25;14405,8125;13630,71875;13033,53125;12110,78125;11468,90625;10988,4375;10898,78125;11364,78125;11921,21875;12938,8125;13732,5;14662,65625;15610,0625;16047,71875;16615,09375;16629,125;15988,8125;15289,1875;14141,0625;12742,90625;11473,78125;10348,6875;9281,78125;8627,65625;8561;8395,3125;9138,875;9760,59375;10210,65625;10935,4375;11707,3125;12014,40625;12063,3125;11952,6875;11516,125;10857,3125;9740,09375;8412,84375;7035,3125;5741,40625;4265,15625;2994,90625;1915,03125;1051,625;492,6875;330,90625;-40,78125;-35,40625;34,3125;-33,9375;42,8125;237,90625;-163,125;-30,96875;-63,875;241,1875;-29,34375;150,40625;211,71875;112,375;5;-62,03125;1,75;-17,53125;33,125;280,65625;-65,25;-85;104,3125;192,09375;27,90625;-192,5625;62,96875;124,90625;-23,1875;279,875;72,09375;-64,9375;46,40625;-8,6875;3,40625;194,71875;123,9375;255,71875;193,90625;503,21875;197,65625;324,5625;240,40625;137,96875;206,15625;233;21,5625;314,90625;-69,84375;62,34375;79,5625;214,09375;0,5;38,375;126,25;147,75;185,625;140,96875;188,5;185,09375;123,375;130,75;329,1875;166,9375;233,375;72,65625;61,125;207,8125;425,75;237,78125;156,1875;63,71875;114,9375;137,25;345,90625;50,40625;94,25;157,78125;59,96875;88,6875;266,15625;-52,53125;358,90625;220,84375;49,0625;123,90625;211,75;99,40625;-84,53125;239,9375;265,71875;186,75;304,4375;49,875;450,90625;249,5625;254,4375;362,71875;297,59375;102,78125;258,5;59;360,6875;82,15625;-98,65625;263,28125;138,59375;181,1875;31,9375;287,28125;217,5625;193,28125;
139,5;155,53125;65,34375;128,875;71,03125;26,8125;201,5;409,15625;234,4375;-25,59375;125,6875;115,5625;284,25;361,9375;26,3125;38,6875;19,78125;119,6875;240;116,15625;12,75;8,875;-119,8125;12,59375;158,84375;-40,40625;139,53125;22,5;120,84375;86,5625;47,03125;66,0625;156,875;156,6875;52;105,0625;1,4375;194,46875;157,25;85,0625;135,3125;206,28125;179,5625;145,78125;213,65625;130,15625;265,46875;196,03125;107,03125;245,09375;242,65625;377,15625;176,375;228,59375;215,71875;240,625;273,34375;50,8125;283,125;280,0625;224,46875;192,8125;232,71875;214,78125;453,875;329,3125;232;382,15625;276,3125;446,125;385,5;395,5625;219,125;453,5;336,84375;542,84375;337,25;371,53125;455,25;341,625;204,34375;426,21875;348,125;255,28125;439,875;273,28125;449,125;354,625;385,6875;396,25;402,625;487,09375;653,5;812,3125;913,96875;1063,59375;1148,71875;1162,15625;1067,125;959,1875;1244,9375;1436,71875;1598,4375;2401,3125;3149,28125;3574,28125;3722,46875;3991,34375;3663,34375;3259,65625;2646,875;2362,40625;2130,78125;2095,1875;2079,625;2409,4375;3259,09375;3948,15625;5153,3125;6941,34375;8433,65625;10083,4375;11956;13257,71875;13893,3125;14291,03125;13315,5625;13028,34375;12533,34375;11987,53125;11689,125;11613,65625;11795,78125;12244,15625;13422,9375;14924,1875;16306,1875;17544,53125;18471,71875;18974,78125;19450,65625;18977,375;18138,28125;17036,96875;16356,09375;15276,375;14448,90625;14062,15625;13898,0625;13963,46875;14221,25;14931,90625;15565,4375;16162,28125;17078,5;17434,9375;17895,875;17734,375;17690,5625;17282,125;16690,3125;16147,90625;15011,46875;14249,3125;13450,1875;12527,03125;12073,875;11600,90625;11414,625;11610,40625;12193,125;13088,25;14106,40625;15046,59375;16142,28125;16428,5625;16956,09375;17053,71875;16407,59375;15638,8125;14659,9375;13201,40625;11807,0625;10601,25;9623,4375;9133,46875;8795,65625;8891;9148,53125;9778,75;10847,6875;11495,8125;12110,71875;12417,90625;12491,71875;12286,25;11999,125;11087,09375;9984,125;8681,625;7092,28125;5689,625;4418,1875;3135,78125;2015,3125;1179,71875;535,15625;236,125;115,3125;-235,40625;-115,53125;-55,21875;101,5625;-38,28125;-110,0625;-125,09375;116,34375;134,40625;224,5625;282,21875;-18,21875;25,5625;101,875;-81,25;20,1875;64,96875;123,5625;210,1875;144,34375;166,78125;9,21875;81,59375;-56,78125;203,15625;92,46875;-42,65625;102,34375;212,71875;-52,5;163,71875;102,09375;241,125;205,5;213,9375;134,53125;331,25;172,78125;320,25;132,78125;128,375;254,40625;202,90625;92,0625;62,25;126,8125;132,59375;202,6875;200,375;-101,8125;187,28125;123,28125;69,15625;186,84375;111;85,3125;24,0625;173,4375;277,375;87,96875;87,1875;204,6875;137,09375;181,0625;178,1875;257,25;252,03125;273,25;255,75;341,96875;154,1875;166,6875;56,40625;153,71875;370,71875;75,75;140,4375;97,5;89,1875;268,5;247,15625;201,90625;114,4375;346,46875;126,1875;123,78125;82,65625;155,90625;30,03125;99,8125;226,25;252,375;196,3125;208,1875;240,25;163,34375;190,53125;64,0625;311,75;206,53125;271,71875;157,21875;259;223,71875;160,59375;22,78125;113,0625;199,5625;341,28125;166,09375;214,40625;
660,59375;247,78125;265,0625;175,40625;118,65625;247,25;243,15625;339,65625;308,78125;206,40625;378,5625;263,71875;152,75;439,34375;164,65625;269,65625;221,375;481;328,5625;337,21875;129,84375;371,21875;486,21875;468,59375;218,5625;317,21875;332,375;172,125;389,75;149,625;392,84375;417,03125;402,6875;482,59375;379,4375;173,40625;450,09375;444,34375;180,28125;327,125;328;409,21875;454,46875;208,25;491,40625;378,75;238,75;346,65625;384,28125;503,28125;509,9375;435,03125;479,375;551,75;390,53125;396,0625;683,9375;411,25;592,59375;567,40625;536,96875;523;512,5;665,9375;477,25;621,3125;629,46875;540,03125;678,5625;557,5625;414,84375;646;450,09375;521,25;556,46875;559,84375;638,9375;470,46875;451,25;701,21875;460,03125;648,25;363,90625;511,03125;563,96875;551,65625;484,25;481,375;328,09375;369,25;467,4375;677,09375;743,03125;951,125;1351,5625;1290,28125;1587,25;1612,59375;1549,5;1386,09375;1291,3125;1530,75;1839,6875;2462;3219,125;3708,71875;4041,59375;4063,9375;3846,375;3619,84375;3115,96875;2513,15625;2074,625;2137,21875;2104,65625;2595,53125;3243,5;4235,46875;5525,9375;7056,65625;9080,1875;10751,3125;12349,59375;13541,125;14512,5625;14407,59375;14287,875;14022,5625;13186,84375;12702,34375;12268,65625;12080,65625;12265,34375;12937,71875;14035,34375;15367,90625;17023,375;18194,40625;19199,125;19991,90625;20241,25;19645,84375;18768,84375;18177,78125;17147,8125;15896,9375;15248,84375;14845,5;14553,5625;14594,78125;14878,3125;15712,71875;16407,71875;17285,78125;17839,59375;18389,65625;18401,78125;18404,59375;18301,1875;17959,53125;17452,875;16672,59375;15721,375;14835,75;13938,46875;13262,09375;12628,46875;12186,8125;11940,15625;12208,9375;13030,125;13668,46875;14621,1875;15623,625;16693,03125;17150,09375;17911,4375;17720,8125;17205,96875;16291,125;15165,9375;13839;12336,59375;11045,25;10060,65625;9315,71875;9172,84375;9328,65625;9745,125;10290,34375;11355,15625;12000,875;12816,59375;13225,0625;13271,28125;12969,25;12421,375;11420,84375;10677,375;9036,65625;7433,21875;6084,5625;4569,75;3298,90625;2237,90625;1301,53125;623,5;316,96875;67,0625;-113,71875;177,1875;58,875;177,65625;30,84375;128,71875;131,375;112,59375;244,875;449,25;152,125;-5,34375;296,875;142,9375;355,59375;142,21875;49,21875;106,03125;41,59375;182,6875;254,9375;288,1875;4,78125;115,59375;231,75;120,15625;235,1875;219,4375;192,125;77,09375;302,46875;376,03125;149,0625;232,875;374,09375;272,65625;475,46875;418,59375;318,46875;410,71875;285,71875;289,40625;286,34375;444,78125;403,90625;249,6875;80,53125;377,34375;241,40625;187,625;250,03125;15;411,96875;367,6875;202,625;379,78125;457,75;306,40625;419,5;525,0625;383,65625;240,25;450,90625;277,78125;296,40625;490,90625;350,71875;197,15625;390,5;179,90625;256,40625;395,0625;438,71875;195,875;428,28125;416,84375;489,8125;373,875;289,84375;400,6875;75,21875;378,375;403,65625;358,8125;572,8125;366,5625;353,96875;289,28125;429,40625;485,09375;224,03125;324,84375;215,96875;275,5625;438,75;561,03125;431,9375;273,25;606,3125;491,28125;274,75;672,8125;328,4375;363,125;477,46875;452,5;336,75;341,90625;412,21875;357,71875;256,90625;
143,875;123,28125;249,21875;256,6875;218,21875;183,65625;340,75;286,625;216,6875;189,09375;202,21875;322,65625;321,5625;44,75;116,1875;209,34375;267,59375;157,75;304,71875;125,53125;135,25;340,625;148,65625;192,65625;206,1875;208,125;311,3125;129,8125;68,40625;29,9375;161,21875;125,03125;194,4375;38,34375;-36,75;-27,125;291,96875;241,625;151,71875;253,4375;336,90625;142,3125;123,09375;195,46875;220,15625;240,65625;244,71875;319,84375;76,125;442,875;184,375;166,46875;144,375;288,375;-38,96875;251,21875;297,46875;258,625;231,84375;294,0625;203,21875;235,34375;216,34375;344,21875;385,75;311,71875;413,125;43,53125;328,09375;411,65625;207,6875;490,5;582,71875;360,0625;478,125;547,90625;475,59375;131,59375;149,28125;391,90625;363,5;360,90625;604,4375;490,71875;447,53125;375;291,4375;466,21875;613,21875;402,09375;489,1875;529,25;598,65625;980,5625;1126,65625;1304,40625;1702,1875;1339,03125;1181,28125;1290,03125;1304,375;1519,25;1898,375;2424;3121,90625;3734,09375;3938,34375;4201,96875;4062,5625;3386,3125;3023,78125;2390,15625;2064,09375;2013,65625;2246,09375;2360,03125;3056,59375;4174,90625;5333,03125;7164;8971,25;10912,09375;12748,46875;13872,15625;14721,90625;14886;14489,5625;14172,84375;13477;12630,6875;12438,84375;12503,8125;12308,8125;13374,90625;14578,34375;15654,90625;17588;18647,46875;19833,1875;20421,84375;20359,03125;20229,6875;19284,4375;18312,03125;17453,71875;16504,8125;15840,625;15157,78125;14869,65625;14899,4375;15363,84375;16131,5;16835,53125;17612,34375;18232,9375;18756,1875;18822,03125;18789,71875;18671,125;18240,15625;18208,5;17315,3125;16328;15330,75;14449,1875;13491,28125;12627,71875;12408,0625;12406,65625;12635,25;13058,125;14100,96875;15079,40625;16073,28125;16914,46875;17588,0625;18293,3125;17885;17403,53125;16598,875;15610,875;14031,625;12720,5625;11296,5;10224,3125;9575;9253,59375;9323,125;9848,875;10386,5;11577,96875;12285,125;13111,09375;13475,15625;13524,25;13291,1875;12774,53125;11938,75;10626,5625;9208,46875;7620,65625;6162,71875;4619;3317,75;2146,96875;1150,1875;589,15625;378,625;4,34375;-281,25;-186,78125;-224,1875;34;-13,3125;56,96875;-68,34375;26,5;277,15625;57,21875;40,9375;146,6875;80,4375;-17,5625;162,90625;-126,875;-70,5;188,0625;72,84375;105,5625;13,34375;141,21875;61,4375;71,53125;99,09375;6,09375;127,4375;-146,53125;25,53125;99,65625;171,65625;78,40625;158,59375;153,28125;106,75;236,25;264,78125;313,71875;237,25;97,9375;285,09375;138,15625;185,125;188,90625;161,375;274,5;281,96875;359,28125;154,25;104,15625;188,65625;143;330,5;330,78125;144;152,09375;266,53125;175,84375;93,03125;2,65625;411,1875;466,5;116,0625;179,90625;346,875;209,4375;333,03125;59,71875;168,84375;239,75;380,625;112,25;311,65625;43,0625;524,5;228,21875;76,46875;174;324,53125;-34,5;218,09375;246,53125;187,53125;239,875;297,65625;66,125;342,75;314,6875;196,4375;195,46875;365,9375;109,15625;93,34375;273,09375;196,0625;167,3125;290,3125;201,53125;25,0625;276,71875;191,59375;110,8125;169,71875;312;384,3125;433,3125;231,96875;327,9375;311,6875;206,375;414,78125;
213,75;286,46875;169,53125;272,125;373,15625;226,8125;414,46875;404,46875;246,75;250,03125;247;189,75;296,71875;275,21875;116,3125;117,5;170,0625;319,75;211,125;500,28125;403,6875;171,84375;223,625;202;266,09375;77,25;211,03125;512,3125;395,65625;224,5625;436,5625;438,21875;224,4375;274,96875;405,3125;218,53125;244,78125;325,375;536,8125;23,96875;289,71875;363,09375;369,34375;184;526,3125;165,78125;228,40625;162,3125;495,4375;263,34375;212,375;339,8125;124,03125;230,71875;232,28125;453,8125;194,9375;314,5;371,875;407,15625;283,25;231,375;584,53125;301,34375;283,15625;427,59375;393,53125;557,25;311,03125;478,09375;345,71875;390,53125;467,0625;385,125;443,5;494,78125;462,34375;292,65625;495,53125;425,46875;504,59375;616,21875;269,84375;537,59375;531,96875;366,65625;464,625;661,875;535,375;551,4375;279,875;523,875;629,59375;1101,59375;1275,34375;1154,1875;1571,6875;1464,875;1165,15625;1422,53125;1397,25;1417,8125;1893,125;2526,6875;3300,03125;3950,65625;4326,75;4388,78125;4127,1875;3556,25;3028,25;2493,65625;2434,28125;2052,3125;1992,90625;2428,46875;3144,375;4334,5;5616,96875;7462,09375;9069,40625;10958,1875;12949,0625;14137,8125;14762,375;15259,125;14912,3125;14269,71875;13599,03125;13025,90625;12830,59375;12843,40625;13014,4375;13798,78125;15076,1875;16513,25;18359,1875;19347,15625;20337,53125;20914,84375;21152,75;20962,96875;20025,53125;19036,0625;18172,65625;17034,40625;16295,75;15706,53125;15517,46875;15603,40625;15815,15625;16624,46875;17257,5625;17975,125;18542,9375;19032,625;19266,75;19374,65625;19286,3125;18970,6875;18560,8125;17839,0625;16823,96875;15973,75;15203,46875;13972,78125;13391,8125;12836;12921,5625;12954,125;13449,53125;14500,65625;15454,1875;16392,125;17334,25;17919,3125;18567,625;18692,84375;18082,84375;17267,03125;16054,28125;14676,71875;12967,875;11627,96875;10543,34375;10044,40625;9631,71875;9714,3125;10142,5;10999,03125;11713,40625;12844,875;13568,4375;13881,59375;14121,9375;13971,34375;13305,65625;12287,59375;11207,09375;9458,75;7964,40625;6474,3125;4571,0625;3575,4375;2234,59375;1407,53125;676,75;181;68,71875;52,90625;-125;83,46875;44,875;-177,59375;-15,15625;45,6875;101,28125;163,875;312,34375;95,34375;328,8125;83,46875;-26,1875;226,0625;189,65625;161,65625;245,4375;216,34375;358,59375;-41,375;249,8125;186,9375;58,59375;82,53125;206,4375;285,625;389,125;208,375;224,65625;299,71875;322;344,5625;207,125;481,0625;458,65625;551,09375;292,4375;241,65625;205,34375;174,34375;134,9375;71,25;164,1875;300,09375;430,8125;258,90625;338,8125;341,375;243,90625;346,875;10,46875;84,6875;427,8125;95,71875;303,875;321,34375;212,4375;357,75;375,875;270,09375;359,375;318,21875;203;222,96875;320,59375;202,15625;455,0625;172,78125;311,46875;428,28125;410,375;430,625;214,78125;300,4375;267,40625;367,65625;338,625;232,6875;292,78125;362,0625;218,96875;437,09375;522,625;237,28125;320,90625;-10,84375;191,46875;375,96875;427,6875;200,71875;397,53125;328,125;251;500,34375;86,1875;231,15625;299;264,9375;491,25;358,28125;321,375;639,15625;247,1875;159,4375;283,15625;208,25;423,53125;360,875;371,96875;398,34375;
277,65625;153,40625;579,875;216,15625;245,53125;454,03125;256,0625;224,40625;198,53125;97,5625;414,78125;61,125;307,28125;146,65625;445,875;388,4375;308,5;256,78125;282,65625;207,84375;271,75;340,46875;146,1875;185,375;410,90625;302,84375;329,53125;365,46875;323,53125;207,3125;331,28125;224,53125;389,28125;324,09375;187,71875;487,90625;359,1875;290,53125;378,40625;185,28125;132,65625;241;491,375;381,4375;222,78125;325,25;430,6875;241,71875;171,125;209,125;140,03125;428,5;196,59375;399,3125;396,9375;365,34375;208,84375;342,09375;346,8125;469,53125;432,09375;427,03125;438,15625;378,71875;551,46875;404,6875;487,25;355,375;543,40625;293,15625;565,96875;548,5;487,65625;558,6875;411,5625;502,59375;512,1875;405;427,625;335,3125;361,09375;439,375;465,71875;735,6875;546,71875;515,90625;626,875;464,65625;289,96875;437,65625;464,5625;676,3125;670,15625;1286,90625;1368,6875;1228,5625;1408,9375;1593,0625;1284,21875;1293,0625;1470,40625;1680,21875;2140,28125;2982,8125;3285,71875;3974,15625;4304,9375;4482,46875;4211,40625;3828,46875;3267,875;2561,6875;2485,40625;2124,875;2287,90625;2728,53125;3546,5;4228,96875;5580,03125;7343,125;9263,90625;11040,21875;12910,03125;14461,28125;15190;15428,15625;15206,71875;14688,71875;14312,15625;13393,34375;13355,25;13186,53125;13529,09375;14530,3125;15755,21875;16738,71875;18574,09375;19725,0625;20922,15625;21625,03125;21690;21372,9375;20549,03125;19649,0625;18932,75;17722,8125;16969,1875;16456,125;15911,46875;16135,3125;16489;16976,0625;17636,84375;18230,5;18969,375;19408,84375;19729,09375;19633;19654,625;19783,40625;19130,28125;18189,75;17383,9375;16402,84375;15638,53125;14584,8125;13806,625;13354,03125;13266,46875;13292,46875;13817,6875;14669,5625;15949;16774,09375;17787,75;18528,5625;19240,75;19106,21875;18608,4375;17791,28125;16673,03125;14867;13323,9375;12108,25;10943,375;10236,21875;9929,125;10095,0625;10714;11490,3125;12320,78125;13255,84375;13996,5625;14372,1875;14440,25;14252,5;13688,3125;12632,71875;11368,3125;9967,15625;8142,28125;6640,6875;4919,4375;3449,625;2287,75;1193,25;794,4375;367,75;279;-74,34375;23,6875;-98,125;260,40625;-83,375;28,90625;153;-16,59375;154,4375;287,46875;346,8125;-55,40625;106,03125;208,59375;270,0625;375,625;324,25;234,65625;246,46875;173,59375;174;11,28125;361;100,0625;145,5;173,625;326,8125;246,65625;306,0625;399,375;303,0625;94;221,75;259,34375;353,625;366,4375;348,53125;341,375;285,34375;335,5;404,96875;288,8125;577,8125;374,375;256,40625;280,78125;525,375;93,21875;41,40625;292,03125;313,84375;196,90625;238,5;315,84375;262,875;216,9375;398,75;536,875;205,40625;321,0625;538,59375;458,59375;365,78125;394,8125;509,28125;399,15625;315,5625;394,75;-20,09375;300,03125;573,3125;384,40625;165,5625;269,71875;269,09375;383,09375;545;295,0625;261,875;386,75;414,28125;357,4375;346,90625;395,84375;398;449,5;391,4375;205,53125;252,15625;362,5625;335,15625;327,40625;309,5625;392,09375;425,46875;326,3125;388,03125;403,09375;484,21875;423,46875;307,59375;240;396;368,03125;425,875;324,75;321,53125;37,875;383,90625;416,09375;236,75;
-87,875;94,34375;7,1875;-53;55,25;256,6875;80,40625;185,5;-50,21875;61,25;93;-39,96875;227,1875;155,46875;154,875;56,375;70,09375;-25,34375;5,46875;196,0625;259,1875;130,90625;362,09375;98,375;190,5;61,03125;24,25;372,1875;1,4375;180,96875;75,3125;112,5625;117,28125;271,6875;231,625;-125,3125;204,65625;101,25;63,75;70,5625;179,625;266,59375;346,0625;363,1875;54,09375;328,28125;164,1875;-69,90625;213,84375;144,25;399,6875;126,84375;211,375;149,71875;354,65625;284,96875;116,9375;147,625;236,40625;262,6875;236,78125;41,84375;390,40625;338,09375;294,03125;333,59375;216,96875;346,75;317,0625;238,875;328,25;481,25;425,15625;281,28125;186,3125;291,09375;218,40625;77,0625;177,3125;286,4375;310,34375;214,875;575,4375;559,40625;484,1875;505,40625;431,875;215,84375;597,6875;438,84375;488,9375;375,34375;611,90625;926,3125;838,8125;1237,125;1421,53125;1487,53125;1294,90625;1273,71875;1367,15625;1538,53125;1862,15625;2314,15625;3355,34375;3810,46875;4229,96875;4132,15625;4175,09375;3651,28125;3234,09375;2614,125;2037,84375;1794,21875;2097,1875;2272,84375;2943,625;4077,96875;5464,5625;7225,125;9259,875;11057,75;12750,25;14069,53125;15047,9375;15392,4375;15068,25;14525,34375;14176,90625;13385,75;13384,84375;13174,75;13480,75;14415,21875;15811,75;17259,65625;18706,03125;19964,59375;21061,4375;22024,09375;21980,4375;21479,28125;20994,90625;19942,25;18918,8125;18096,0625;17118,03125;16572,875;16532,3125;16277,875;16494,59375;17158,15625;17773;18215,6875;18853,375;19481,75;20298,34375;19973,875;20095,96875;19864,03125;19338,03125;18626,90625;17708,84375;16619,21875;15943,46875;14909,90625;14020,125;13542,1875;13437,75;13310,90625;14024,59375;14748,9375;15813,5625;16913,1875;17990,0625;18758,34375;19279,65625;19590,84375;18828,1875;17984,5;16735,90625;15074,28125;13467,0625;12180,875;10966,96875;10154,40625;9872,96875;9886,5;10569,09375;11433,34375;12294,34375;13192,71875;14097,34375;14509,5625;14721,8125;14398,5;13744,59375;12618,71875;11141,03125;9985,1875;8270,25;6473,65625;4596,4375;3348,875;1981,875;1051,8125;607,90625;-41,28125;-57,25;-194,375;-225,28125;-216,3125;-44,59375;16,21875;-74,3125;-54,125;43,375;-67,96875;-18,53125;-7,125;-147,15625;-161,71875;-124,40625;-93,34375;-64,125;48,28125;-30,3125;48,09375;18,8125;-2,78125;-86,5625;12,8125;144,71875;-35,53125;178,8125;-46,375;201,5;135,46875;126,125;58,0625;198,6875;130,09375;184,1875;104,71875;-19,59375;91,9375;337,0625;187,875;-135,5625;56,25;30,34375;62,4375;82,84375;69,875;128,125;219,125;36,25;144,9375;231,3125;15,96875;-117,84375;127,28125;-21,8125;174,8125;167,21875;148,09375;208,90625;-107,90625;134,09375;64,90625;88,8125;48,9375;-76,78125;165,21875;35,28125;204,5625;-8,90625;159,5;64,28125;257,46875;-50,34375;122,25;116,375;184,84375;75,71875;144;155,71875;137,625;-0,90625;158,96875;228,9375;-77,625;-88,1875;128,71875;126,625;191,5625;111,65625;172,15625;74,5625;289,90625;191,75;226,09375;121,125;166,3125;76,28125;47,96875;5,25;10,96875;110,5625;114,5625;296,90625;89,1875;216,46875;272,4375;153,9375;-41,40625;110,65625;217,34375;36,78125;194,375;
361,21875;140,625;359,125;165;463,28125;316,15625;475,125;179,46875;265,53125;597,40625;430,9375;380,5625;358,09375;344,8125;369,34375;546,28125;392,3125;291,375;337,84375;554,625;573,96875;388,9375;460,53125;309,21875;458,125;458,65625;501,15625;656,8125;365,59375;360,125;455,25;359,625;603,84375;491;380,5;673,625;466,875;581,3125;422,3125;384,8125;313,9375;479,09375;664,90625;403,90625;474,5;498,8125;422,53125;512,34375;535,96875;528,5625;577,3125;563,4375;493,625;413,75;422,9375;281;578,1875;636,90625;694,625;577,34375;445;425,28125;598,9375;520,9375;669,09375;755,03125;665,375;539,03125;596,84375;644,4375;727,09375;661,9375;746,15625;718,46875;483,375;613,5625;703,1875;509,15625;615,3125;424,5;832,9375;643,34375;711,5625;478,3125;850,875;582,09375;773,9375;821,84375;723,03125;711,21875;639,09375;827,3125;1111,875;1267,46875;1304,84375;1690,125;1872,1875;1682,15625;1631,84375;1519,15625;1806,71875;1871,75;2358,21875;3007,03125;3545,59375;4102,96875;4458,34375;4366,90625;4565,53125;4113,65625;3510,96875;3096,65625;2644,25;2252,90625;2478,09375;2653,9375;3198,34375;4189,84375;5657,4375;7268,46875;9157,03125;11171,1875;12958,375;14498,84375;15470,84375;15902,375;15594,75;15400,59375;14715,1875;14033,9375;13784,65625;13767,15625;14201,59375;15010,4375;16197,53125;17463,71875;19297,90625;20622;21767,875;22523;22746,34375;22472,78125;21552,09375;20739;19707,875;18653,4375;17822,90625;17435,09375;17161;17024,875;17176,09375;17666,78125;18164,46875;18850,125;19405,34375;20135,65625;20477;20784,96875;20817,28125;20599,78125;20153;19467,46875;18570,25;17829,40625;16709,96875;15646,90625;14629,125;14108,53125;13976,3125;14053,625;14396,25;15304,625;16417,40625;17500,75;18800,71875;19389,21875;20318,09375;20236,4375;19460,46875;18620,6875;17526,21875;15500,28125;14253,78125;12602;11510,09375;10780,75;10253,1875;10706,84375;11197,90625;11796,84375;12706,78125;13739,59375;14531,1875;15386,46875;15446,25;15153,84375;14560,375;13325,0625;12028,5625;10298,40625;8429,34375;6683,625;4839,46875;3425,375;2498,8125;1352,375;792,75;287,9375;123,28125;233,34375;274,78125;297,84375;280,5625;308,0625;74,375;178,625;163,9375;173,65625;315,4375;249,3125;270,5625;415,4375;386,375;197,03125;180,40625;260,3125;199,5625;291,8125;163,59375;492,125;30,28125;364,03125;105,6875;417,53125;381,09375;241,90625;174,71875;310,28125;488,34375;362,96875;392,3125;324,03125;337,84375;294,15625;395,34375;486,03125;254,28125;395,15625;411,78125;394,03125;521,34375;361,71875;177,65625;328,71875;552,71875;342,875;290,84375;102,3125;117,6875;242,625;233,0625;330,75;339,125;442,875;333,09375;398,75;256,75;351,65625;339,46875;470,34375;437,28125;379,71875;500,59375;394,78125;547,28125;459,40625;433,34375;562,21875;576,125;501,15625;519,65625;223,09375;437,3125;387,90625;387,78125;563,375;467,375;455,9375;436,6875;400,21875;451,15625;351,75;253,03125;519,875;519;426,46875;551,125;306,375;390,125;338,21875;494,96875;513,375;400,59375;611,9375;414,40625;349,65625;304,8125;464,75;391,03125;409,34375;320,59375;427,90625;424,78125;475,78125;556,3125;430,4375;493,875;319,03125;333,25;444,21875;
82,625;-63,34375;6;162,8125;-49,5;205,5;279,8125;70,40625;74,125;136;-100,96875;41,21875;-37,4375;-12,625;106,03125;272;-149;158,59375;187,28125;147,65625;-65,625;32,15625;22,3125;51,28125;162,25;139,40625;179,90625;1,96875;298,46875;-3,6875;163,71875;152,28125;167,78125;208,9375;144,15625;-52,25;-70,53125;-218,65625;77,5;101,1875;34,59375;220,34375;61;194,5625;124,09375;88,0625;324,3125;66,84375;202,8125;94,46875;243,84375;105,5625;220,96875;104,9375;208,65625;-9,90625;179,90625;307,53125;211,25;316,15625;205,15625;306,5;70,03125;347,84375;339,78125;188,03125;125,125;379,40625;1,75;124,6875;115,5625;235,09375;262,625;212,9375;287,03125;193,28125;203,75;215,375;233,25;323,75;220,9375;233;424,3125;262,09375;200,15625;220,28125;513,59375;417,8125;163,75;370,34375;417,90625;380,1875;714,21875;745,875;1063,40625;1356,46875;1632,59375;1513,625;1338,09375;1188,46875;1494,34375;1572,09375;2101,78125;2380,15625;3229,5625;4018,75;4201,09375;4267,40625;4200,5625;3905,625;3272,34375;2589,03125;2331,84375;1828,71875;1953,09375;2245,625;2959,40625;3861,21875;5185,53125;7002,375;8924,3125;11042,53125;12720,3125;14142,3125;15470,125;15754,34375;15536,0625;15120,25;14371,75;13785,59375;13736,75;13385,90625;13981,53125;14903;16108,0625;17517,53125;19392,1875;20533,21875;21665,25;22414,90625;22723,8125;22289,625;21435,90625;20607,3125;19896,34375;18790,75;17942,875;17441,71875;17124,5;17000,34375;17314,875;17342,3125;18056,25;18427,5;19180,5625;19969,5;20479,90625;20701,71875;20689,28125;20649,5;20477,9375;19946,3125;18688,125;17769,875;16668,8125;15643,78125;14783,59375;14100,90625;14019,5;13894,21875;14541,21875;15140,84375;16436;17598,28125;18744,59375;19672,125;20443,75;20411,25;19942,90625;18734,6875;17655,6875;15807,75;14098,4375;12577,5625;11168,28125;10554,53125;10262,125;10185,28125;10663,375;11518,53125;12660,5625;13479,1875;14587,9375;14909,53125;15173,9375;14956,375;14417,875;13339,125;11500,28125;9842,25;8099,375;6403,59375;4491,65625;3195,6875;1946,0625;1026,5;435,90625;23,5625;32,4375;-206,1875;-251;-271,75;-281,375;-97,5;-178,75;-96,96875;-209,1875;41,3125;-1,1875;-119,28125;-52,28125;-251;85,5;-115,59375;12,6875;-2,28125;-39,3125;118,46875;-97,21875;-54;14,5;-297,75;-105,375;231,84375;-109,375;-54,9375;103,53125;-119,71875;4,21875;-89,71875;-205,65625;59,8125;219,375;15,6875;1,8125;75,3125;206,28125;155;23,65625;101,21875;96,46875;29,625;253,09375;203,09375;99,21875;76,46875;-69,4375;240,5;47,25;141,34375;-14,6875;77,6875;105,5;-143,71875;-17,3125;-66,375;52,59375;-57;-205,625;52,9375;70,96875;53,46875;201,375;225,25;51,5;89,90625;-60,8125;26,8125;86,6875;-49,9375;-110,03125;65,59375;147,375;92,28125;-20,15625;53,9375;37,96875;31,90625;171,71875;120,8125;112,28125;58,03125;45,53125;69,71875;36,28125;138,46875;25,3125;13,03125;109,3125;181,5;256,25;208,78125;206,65625;175,8125;-22,46875;-115,0625;150,5625;178,125;352,84375;148,84375;171,78125;6,0625;174,0625;160,40625;134,28125;41,6875;275,84375;192,59375;77,125;67,46875;
247,5;271,1875;268,59375;300,03125;348,65625;337,53125;355,34375;209,9375;243;320,8125;520,65625;253,15625;267,75;164,5625;287,4375;224,09375;255,6875;356,21875;425,875;228,375;169,71875;240,875;220,0625;385,0625;195,6875;511,1875;122,28125;234;527,09375;277,375;277,6875;289,375;-1,3125;274,6875;380;141,1875;327,03125;379;397,125;366,65625;278,34375;402,375;643,28125;170,15625;268,375;436,0625;393,53125;357,96875;621,03125;380,40625;585,9375;423,4375;436,40625;412,4375;377,96875;502,6875;472,9375;366,46875;296,78125;372,71875;566,78125;447,9375;325,40625;481,9375;276,5;369,875;613,375;80,8125;508,96875;472,875;528,5625;482,0625;422,03125;558,21875;560,75;306,65625;541,90625;485,5;264,65625;394,25;283,53125;421,375;502,65625;646,96875;355,28125;590;498,03125;588,71875;378,71875;391,21875;404,3125;712,09375;966,9375;1084,34375;1481,4375;1433,0625;1671,28125;1887,09375;1618,15625;1284,875;1606,0625;1889,0625;2375,59375;2875,15625;3477,90625;4228,96875;4389,40625;4493,75;4513,125;4130,03125;3435,25;2928,21875;2515,0625;2275,90625;2089,5625;2467,625;3242,96875;4154,15625;5527,46875;7212,625;9234,125;11226,90625;13154,4375;14664,0625;15869,5;16095,9375;16349,53125;15605,1875;14844,34375;14394,03125;13982,9375;14102,34375;14462;15244;16700,6875;17901,65625;19520,09375;20897,96875;21704,59375;22558,125;22810,71875;22810,5;22148,96875;21442,09375;20553,90625;19456,21875;18737,875;18369,6875;18159,28125;17907,03125;17944,15625;17868,46875;18688,71875;19085,5;19625,1875;20320,875;20788,625;21182,25;21401,1875;21329,75;21396,96875;20788,96875;19953,875;18629;17716,78125;16645,03125;15455,46875;14918,46875;14366,40625;14490,625;15047,375;15898,8125;17224,5625;18273,71875;19540,6875;20416,25;21231,5;20935,5;20663,3125;19487,625;18242,03125;16501,53125;14711,28125;13261,34375;11900,0625;11004,34375;10709,625;10667,46875;10967,25;12059,78125;12883,65625;13990,09375;15014,21875;15598;15934,65625;15476,5625;14530;13630,875;12183,53125;10124,3125;8272,25;6737,875;5157,03125;3372,09375;2229,71875;1195,0625;551,0625;186,9375;170,0625;-57,25;75,9375;-37,65625;-145,6875;118,96875;-27,03125;-39,96875;62;269,8125;173,25;9,75;-17,8125;162,6875;-60,15625;-16,59375;186,3125;178,4375;82,71875;326,125;302,15625;212,78125;257,09375;121,84375;214,125;72,875;234,84375;213,84375;136,09375;215,875;164,125;182,90625;254,09375;251,40625;135,84375;447,5;272,75;163,5625;265,96875;299,65625;357,78125;448,3125;202,5;312,59375;353,9375;173,6875;183,75;213,53125;175,59375;204,125;188,4375;214,1875;554,8125;308,28125;130,375;42;354,0625;335,96875;311,03125;179,34375;199,03125;354,03125;353,6875;659,53125;266,96875;496,03125;592,5;403,46875;355,6875;320,03125;394,375;361,21875;417,90625;190,125;220,1875;117,4375;347,03125;310,21875;349,65625;268,625;413,375;425,21875;67,9375;268,875;329,90625;300,46875;82,25;298,5;463,21875;307,9375;130,6875;342,15625;198,4375;167,8125;226,09375;507,90625;214,40625;354,03125;416,53125;282,15625;171,125;339,90625;232,375;134,96875;374,5;304,46875;257,21875;338,5;240,1875;209,78125;254,0625;227,96875;
174,40625;238,78125;22,65625;153,6875;297,9375;266,46875;284;355,96875;33,625;95,5;278,90625;83,3125;251,59375;200,53125;155,5625;30;90,21875;144,21875;-17,09375;477,1875;43,03125;63,96875;338,15625;157,0625;18,5625;198,15625;306,3125;384,4375;277,625;215;99,53125;102,09375;229,15625;409,5625;86,34375;221,625;251,25;178,59375;214,59375;191,90625;301,34375;435,875;223,84375;391,90625;254,03125;329,78125;461,34375;271,40625;327,84375;291,03125;419,71875;301,90625;541,59375;252,84375;315;229,75;406,1875;568,0625;420;224,5;492,96875;205,125;586;187,96875;466,6875;259,375;294,46875;383,1875;297,90625;529,5625;423,9375;509,34375;135,96875;317,8125;414,53125;548,1875;424,28125;518,8125;638,15625;528,1875;321,28125;425,8125;669,15625;424,4375;543,21875;613,21875;440,25;539,25;588,125;550,46875;432,875;634,09375;678,90625;1010,09375;1180,3125;1501,9375;1923,53125;1971,3125;1736,40625;1616,125;1790,9375;1789,84375;2280,0625;2742,84375;3484,28125;4135,53125;4665;4727,84375;4617,875;4063,15625;3486,84375;3002,53125;2680,96875;2358,28125;2197,3125;2545,5;3305,09375;4102,46875;5456,5;7295,09375;9270,6875;11303,46875;13090,8125;14769,5;16069,25;16451,1875;16415,53125;15895,15625;15218,9375;14638,78125;14222,28125;14178,9375;14817,25;15667,375;16796,9375;18396,25;19920,9375;21190,78125;22324,46875;22974,25;23292,15625;23233,21875;22575,84375;21847,15625;21166,3125;20135,78125;19599,90625;18992,71875;18535,375;18356,375;18522,03125;18778,375;18869,125;19294,9375;20089,53125;20728,15625;21424,46875;21653,65625;21753,71875;21868,34375;22038,03125;21337,34375;20305,78125;19377,375;18121,5;17242,1875;15996,125;15211,03125;14852,15625;14869,53125;15141,40625;16098,625;17548,28125;18461,46875;20254,78125;21184,25;21675,875;21791,75;21369,84375;20223,90625;18884,5;16790,75;14880,6875;13342,28125;12071,1875;11185,21875;10870,125;10755,1875;11336,59375;12263,875;13004,0625;14228,5625;15250,03125;15891,5625;16111,46875;15786,1875;14946,9375;13596,78125;12212,375;10497,125;8422,0625;6537,28125;4724,03125;3413,65625;2112,90625;1226,3125;447,03125;217,5;56,4375;125,75;25,90625;-52,28125;55,96875;16,75;27,15625;-53,65625;169,4375;202,59375;172,9375;39,8125;149,5625;-16,34375;190,5;280,34375;42,28125;201;266,84375;52,3125;81,46875;24,03125;74,1875;214,84375;158,1875;54,65625;141,3125;168,34375;181,28125;-1,46875;136,15625;126,5625;272,4375;206,96875;353,03125;221,46875;380,28125;293,1875;309,5;226,0625;354,25;266,0625;333,03125;339,625;312,59375;299,28125;204,78125;166,34375;258,3125;491,4375;206,28125;184,96875;289,0625;164,25;208,84375;49,53125;313,96875;187,71875;118,25;321,9375;327,1875;337,40625;164,59375;108,21875;189,40625;344,5;411;367,59375;419,8125;271,0625;546,34375;285,53125;105,6875;209,65625;138,15625;203,90625;243,875;277,625;240,8125;235,53125;503,15625;236,78125;211,34375;257,5625;150,84375;299,03125;211,5625;386,40625;309,21875;358,15625;215,78125;266,625;324,625;317,5625;241,4375;481,40625;328,40625;272,96875;580,6875;346,625;344,6875;283,25;353,875;188,78125;290,8125;487,96875;301,40625;547,1875;392,21875;288,21875;202,5625;226,875;
30,03125;314,75;297,34375;182,625;111,15625;211,84375;230,5625;206,21875;186,84375;297,5;10,34375;259,46875;163,9375;392,09375;113,875;321,0625;200,59375;288,4375;156,5625;218,78125;93,5;234,96875;270,8125;-10,4375;94,59375;246,65625;163,71875;119,3125;376,8125;295,34375;283,875;481,25;115,65625;247,375;346,90625;299,3125;125,625;309;341,65625;446,5;282,25;351,375;129,96875;400,65625;451,25;203,34375;503,25;420,625;312,1875;168,0625;220,84375;553;436,875;225,6875;503,6875;472,96875;335,75;278,21875;488,28125;399,84375;393,90625;295,3125;287,03125;385,125;417,9375;275,15625;541,78125;355,125;502,90625;284,34375;141,75;412,28125;468,625;422,71875;342,1875;428,6875;458,375;357,03125;401,4375;273,40625;149,40625;495,59375;448,1875;622,28125;694,96875;620,90625;483,0625;335,09375;260,375;474,46875;275,75;432,375;770,96875;1059,5;1393,65625;1560,90625;1570,09375;1766,9375;1741,375;1751,25;1689,09375;1962,9375;2114,96875;2961,40625;3720,09375;4367,53125;4714,53125;4908,53125;4609,34375;4354,375;3652,46875;3150,90625;2723,96875;2262,375;2410,625;2748,78125;3178,09375;4308,3125;5406,5625;7312,25;9549,28125;11562,09375;13743,53125;15219,65625;16021,5;16661,71875;16704,46875;15998;15547,125;14980,4375;14497,0625;14802,84375;15094,5625;16008,375;17147,9375;18611,875;20471,28125;21788,1875;23051,125;23704,84375;23952,5625;23757,15625;23067,15625;22597,59375;21629,84375;20815,125;20081,375;19786,9375;19418,1875;19004,8125;19116,75;18893,0625;19428,96875;19875,1875;20442,1875;21138,15625;21668,0625;22002,21875;22406,96875;22366,6875;22378,625;21851,1875;21086,6875;20122,78125;18929,53125;17603,0625;16360,75;15434,03125;15053,34375;15356,96875;15814,03125;16645,03125;18208,125;19177,1875;20569,96875;21619;22259,96875;22393,28125;22027,40625;20711,65625;19129,71875;17106,34375;15436,375;13906,125;12618,84375;11402,53125;11054,0625;11033,96875;11715,4375;12407;13505,375;14730,71875;15658,96875;16392;16222,09375;15956,75;15212,40625;13838,65625;12118,75;10365,75;8608,625;6583,03125;4841,78125;3217;1988;1370,5625;403,625;81,59375;112,34375;-72,96875;-177,65625;-170,6875;-158,09375;-114,6875;170,34375;-53,03125;-196,5625;287,25;29,78125;212,65625;-80,28125;215,03125;151,96875;288,5625;178,90625;96,28125;-10,375;108,03125;365,9375;39,0625;63,09375;29,65625;67,59375;183,78125;244,6875;221,625;392,0625;208,75;50,3125;28,53125;59,125;93,1875;113,34375;111,15625;290,53125;183,1875;267,28125;384,90625;391,75;228,625;258,3125;226,96875;352,03125;243,5;437,96875;208,53125;138,09375;474,09375;302,6875;142,53125;225;78,65625;400,5625;105,75;203,03125;230,375;101,6875;202,9375;217,90625;31,25;235,40625;184,34375;254,5625;131,28125;302,75;128,4375;315,3125;249,78125;107,625;208,125;109,5;351,46875;54,71875;221,90625;272,75;275,9375;373,28125;353,625;343,34375;279,5625;218,125;252,75;499,40625;212,5;211,3125;425,96875;265,28125;449,90625;327,125;26,96875;105,625;244;134,9375;216,28125;331,59375;293,59375;265,125;156,875;431,65625;392,78125;223,21875;392,78125;261;393,75;444,21875;175,65625;170,6875;152,40625;306,53125;265,96875;
268,84375;315,78125;25,9375;216,71875;273,4375;247,28125;162,03125;148,71875;106,84375;240,8125;222,1875;205,375;198,34375;374,3125;379,96875;91,5;368,9375;220,59375;258,28125;220,40625;189,71875;303,84375;213,59375;323,25;38,625;237,90625;213,5;280,8125;250,96875;388,5;243,09375;436,1875;251,25;318,25;378,4375;394,46875;211,96875;355,125;376,34375;96,96875;358,03125;330,78125;265,4375;343,5625;242,78125;567,25;403,78125;266,28125;294,1875;252,90625;417,125;192,09375;468,125;471,5;490,5625;266,90625;325,5625;167,0625;287,4375;439,84375;396,21875;414,875;488,71875;330,8125;308,34375;277,4375;437,0625;393,9375;414,1875;328,53125;440,71875;510,875;324,65625;309,9375;404,53125;365,15625;400,75;574,3125;364,75;275,6875;-11,3125;540,46875;242,4375;187,71875;235,9375;553,84375;256,4375;615,46875;584,375;472,1875;448,5;469,625;750,78125;702,34375;1215,28125;1529;1554,59375;1898,09375;1586,8125;1599,8125;1610,8125;1734,59375;2399,59375;2950,0625;3702,5;4237,875;4703,0625;4913,40625;4712,28125;4313,375;3998,3125;3150,59375;2703,125;2393,4375;2523,375;2840,09375;3412,6875;4347,40625;5573;7359,65625;9752,4375;11711,71875;13659,875;15302,21875;16544,1875;17113,59375;16964,21875;16603,75;16167,46875;15588,375;15208,125;15039,375;15591,28125;16329,84375;17657,46875;18989;20786,6875;22123,1875;23416,78125;24006,71875;24374,6875;24357,28125;23704,90625;23016,34375;22315,375;21440,8125;20710,8125;20366,625;20075,875;19663,75;19614;19929,46875;19988,21875;20662,5625;20934,59375;21323,46875;22165,21875;22383,65625;22947,0625;23168,53125;23118,1875;22596,1875;21481,21875;20655,125;19346,78125;17933,125;16747,21875;16001,1875;15844,625;15789,5625;16109,40625;16992,84375;18313,15625;19567,25;20768,0625;22031,25;22890,21875;22922,46875;22291,125;21139,875;19717,125;17869,875;15860,0625;13925,1875;12629,71875;11439,9375;11223,75;11343,28125;12114,25;12820,5625;13835,625;15021,3125;16317,84375;16540,375;16804,03125;16414,5625;15560,8125;14076,6875;12055,875;10729,125;8500,34375;6634,03125;4968,6875;3522,84375;1967,34375;1225,84375;723,1875;218,21875;-39,3125;-49,5;-79,875;45,1875;184,5625;53,65625;-44,84375;213,15625;92,59375;-6,0625;75,15625;340,96875;178,5;329,6875;-70,6875;126,75;85,09375;42,9375;266,71875;250,4375;156,15625;123,1875;141,9375;90,0625;254,15625;166,15625;282,8125;82,125;137,8125;253,28125;116,1875;48,125;90,90625;162,375;497,15625;319,09375;301,25;360,28125;439,5;329,53125;329,65625;343,625;355,6875;183;256,0625;112,375;395,3125;212,90625;230,40625;497,125;215,09375;382,71875;264,125;144;350,96875;237,78125;394,75;264,9375;358,71875;323,46875;115,8125;249,125;288,09375;239,78125;270,875;373,34375;425,90625;409,84375;224,90625;461,84375;203,5625;402,125;427,8125;175,59375;221,5625;86,125;184,03125;242,25;225,0625;188,28125;54,125;214,0625;103,96875;135,78125;373,125;485,53125;472,8125;326,21875;259,78125;279,59375;418,4375;449,5625;294,25;268,46875;257,53125;373,75;478,84375;337,625;316,65625;358,03125;465,15625;371;193,8125;423,09375;432,875;504,8125;423;285,65625;233,09375;516,96875;369,375;184,28125;
28,4375;137,34375;119,3125;266,0625;-0,5625;56,1875;180,9375;146,84375;-56,75;194,84375;164,4375;256,90625;166,34375;216,40625;144,75;59,28125;136,53125;191,0625;109,3125;102,34375;-89,34375;188,71875;278,125;142,125;280,21875;171,125;234;265,8125;-44;26,3125;168,1875;224,90625;269,8125;151,625;71,53125;440,8125;177,96875;333,65625;-45,90625;482,71875;322,25;326,46875;442,25;209,4375;66,28125;230,09375;111,15625;283,3125;455,96875;247,59375;572,25;357,1875;243,53125;59,25;103,125;459,5625;266,3125;138,75;223,84375;269,40625;216,125;127,40625;180,09375;385,5625;272,96875;145,90625;166,15625;354,5;323,28125;223,125;233,125;188,75;355,53125;185,6875;471,34375;427,59375;285,03125;319,1875;182,03125;341,4375;148,78125;188,9375;380,90625;395,59375;321,8125;519,625;315,25;290,28125;365,375;314,34375;216,34375;342,96875;654,5625;982,75;1213,875;1390,9375;1576,40625;1659,5625;1675,78125;1505,9375;1557,5;1686,78125;2162,65625;2824,1875;3778,53125;4151,5;4471,5;4871,1875;4656,40625;4409,90625;3706,15625;3277,21875;2850,125;2560,625;2577,46875;2600,125;3100,1875;4423,78125;5737,71875;7283,4375;9631,03125;11804,125;13890,75;15616,65625;17030,21875;17468,46875;17285,28125;17111,59375;16241,21875;15502,3125;15260,90625;15381,9375;15610,65625;16647,21875;17686,5625;19383,8125;21288,21875;22271,3125;23599,4375;24583,09375;24900,21875;24683,03125;24322,28125;23588,59375;23136,21875;21989,125;21104,03125;20676,59375;20376,5;20118,28125;20134,53125;20532,8125;20517,5;20992,34375;21558,375;21774,78125;22423,15625;22803,6875;23179,25;23374,53125;23408,96875;22903,625;22051,46875;21061,3125;19947,03125;18429,125;17274,78125;16305,28125;15950,71875;15982,21875;16359,5;17539,875;18686,90625;19853,5;21075,59375;22469,25;23180,625;23453,28125;22928;21690,9375;19994,53125;18036,0625;16182,875;14247,84375;12745,125;11770,09375;11460,53125;11517,90625;12018,96875;13079,46875;14091,71875;15250,71875;16302,78125;16889,25;17295,8125;16684,15625;15692,625;14156,3125;12429,96875;10579,25;8461,96875;6536,625;4788,21875;3372,875;1938,03125;1146,3125;422,1875;41,15625;-55,71875;-205,59375;-179,21875;-126,9375;-61,78125;-79,0625;-91,625;-38,09375;-108,5625;129,25;-86,25;173,875;211,375;79,6875;229,28125;64,8125;26,0625;67,875;295;-56,09375;50,96875;156,09375;-54,25;56,8125;51,34375;255,03125;-25,375;66,71875;177,28125;72,09375;284,96875;138,75;278,28125;121,375;424;15,28125;71;71,25;42,9375;494,3125;251,96875;274,6875;306,6875;146,375;177,90625;112,3125;48,0625;70,21875;177,4375;203,375;112,15625;96,03125;125,5;295,875;227,25;357,125;29,875;8,5625;19,90625;241,15625;122;220,1875;78,46875;154,4375;401,8125;291,4375;374,65625;255,125;254,40625;219,28125;307,28125;89,40625;357,5;241,65625;238,53125;143,5625;345,125;187,9375;-106,625;288,375;159,25;151,21875;220,96875;196,5;187,4375;292,40625;98,8125;275,78125;310,0625;225,28125;135,25;142,59375;196,125;409,90625;204,8125;186,21875;275,1875;305,6875;369,65625;371,75;154,125;319,125;377,625;328,15625;338,75;267,3125;272,9375;352,34375;339,8125;438,4375;88,375;337,875;
149,875;79,71875;261,34375;49,125;256,03125;15,15625;189,25;24,03125;60,9375;113,375;196,25;465,46875;212,5;69,78125;123,46875;276,1875;117,90625;287,1875;180,96875;101,625;196,15625;180,5625;-8,1875;245,78125;117,9375;54,1875;268,8125;289,34375;173,34375;228,96875;374,9375;240,65625;219,875;448,84375;276,84375;265,375;286,34375;344,9375;255,15625;128,03125;370,03125;395,125;202,65625;466,71875;200,15625;473,28125;420,5;391,96875;265,71875;398,71875;355,40625;172,6875;341,15625;387,125;259,96875;233,375;198,78125;177,75;228,46875;324,40625;312,65625;277,5625;229,4375;341,78125;248,71875;247;372,6875;116,53125;453,1875;247,90625;259,09375;280,875;414,21875;273,46875;423,875;506,125;369,6875;371,1875;402,8125;366,4375;265;266,96875;512,03125;553,0625;445,1875;289,4375;403,34375;750,4375;264,8125;241,15625;327,5625;573,125;554,9375;989,125;1363,59375;1730,90625;1858,875;1831,71875;1823,28125;1843,875;1754,0625;1885,96875;2241,46875;2711,1875;3426,96875;4132,4375;4807,375;5051,5625;5024,1875;4458,78125;3770,84375;3382,90625;2888,28125;2522,4375;2501,34375;2845,125;3516,53125;4409,5;5835,15625;7510,34375;9539,21875;11954,4375;13998,40625;15965,625;17110,03125;18055,1875;17779,28125;17253,75;16787,21875;16071,5;15785,09375;15877,75;16183,28125;16918,40625;18177,25;19843,5625;21592,8125;23054,78125;23968,375;24890,875;25365,15625;25584;25018,65625;24372,75;23646,90625;22485,25;21898,84375;20922,90625;20769,25;20640,09375;20860,46875;20852,84375;21208,9375;21463,6875;21760,1875;22326,84375;22838,75;23404,78125;23474;23859,6875;23892,25;23570,84375;22685,5625;21496,78125;20434,28125;18969,9375;17477,1875;16823,34375;16440,8125;16333,46875;16630,375;17610,9375;19106,5625;20332,84375;21689,5;22981,09375;24195,65625;23963,125;23401,875;22069,625;20721,4375;18644,3125;16500,5625;14641,6875;13170,40625;12061,03125;11497,6875;11616,84375;12478,125;13244,375;14649,9375;15709,96875;16822,96875;17271,84375;17423,65625;17085,8125;16138,125;14792,8125;12813,59375;10556,75;8800,59375;6651,46875;4843,65625;3154,78125;2242,625;1198,8125;532,71875;34,0625;-159,53125;-222,0625;84,96875;0,96875;210,03125;108,6875;-84,1875;-3,5;-65,03125;210,5;-31,4375;171,46875;79,90625;-136,0625;252,25;129,9375;174,34375;347,9375;136,46875;44,625;87,75;151,46875;80,84375;45,46875;-81,03125;-51,125;327,4375;228,9375;123,625;102,09375;91,03125;276,75;203,78125;305,375;109,59375;254,34375;180,09375;223,8125;246,5625;234,34375;190,53125;210,0625;277,125;261,53125;170,03125;33,3125;285,71875;217,5;76,71875;238,71875;189,6875;65,15625;188,0625;261,875;161,40625;105,1875;251,15625;294,65625;163,4375;-24,25;306,15625;337,3125;336,15625;317,5;410,90625;476,78125;273,65625;308,125;151,5625;367,53125;124,09375;110,53125;266,21875;273,78125;340,96875;154,75;168,53125;327,59375;261,625;293,1875;407,96875;259,625;205,75;373,84375;384,1875;231,5625;340,875;342,84375;442,5;247;217,8125;146,65625;301,84375;521,5625;42,5625;295,65625;421,21875;303,53125;316;207,3125;443,25;294,3125;326,90625;454,875;277,75;621,09375;97;292,6875;307,375;263,46875;338,0625;403;
194,84375;20,71875;245,625;296,40625;105,9375;361,40625;178,1875;155,5;169,34375;81,15625;333,5625;12,625;194,25;146,90625;191,125;163,65625;124,34375;106,65625;265,40625;430,3125;39,15625;168,6875;274,59375;265,1875;186,65625;248,75;206,25;237,28125;406,96875;250,5;381,71875;220,71875;242,65625;318,09375;516,40625;147,34375;286,28125;260,78125;351,59375;474;189,5625;156;221,09375;303,1875;360,59375;429,96875;275,15625;325,375;214,78125;266,125;435,5;389,71875;332,84375;251,59375;161,8125;413,96875;366,59375;130,59375;230,8125;328,6875;296,59375;415,28125;182,8125;320,28125;140,28125;324,03125;618,9375;379,71875;407,3125;325,75;296,3125;252;347,96875;166,90625;231,71875;262,59375;343,53125;387,34375;303,5625;362,6875;312,25;326,71875;334,84375;618,40625;445,09375;427,71875;395,96875;445,5;505,125;408,59375;216,65625;555,5;657,65625;877,34375;1114,6875;1666,40625;1712,625;1839,625;1900,96875;1630,46875;1862,59375;1972,34375;2257,78125;3022,125;3612,65625;4267,625;4649,40625;5094,875;5018,03125;4594,0625;4059,46875;3589,03125;3066,8125;2847,40625;2538,28125;2767,78125;3244,875;4453,75;5768,71875;7706,125;9798,21875;12077,21875;14343,28125;16048,15625;17322,65625;17837,46875;17973,90625;17558,21875;17021,03125;16443,625;15958,09375;16046,21875;16710,375;17148,125;18668,15625;20282,8125;21902,75;23238,65625;24630,90625;25591,5625;25995,59375;25595,4375;25282,96875;24750,875;23914,28125;23300,21875;22459,375;21752,875;21314,21875;21066,75;21054,9375;21150,375;21525,875;21737;21947,75;22434,84375;23235,96875;23660,125;24002,3125;24377,5;24452,6875;23702,21875;23015,5;22015,5625;20696,1875;19394,28125;18139,3125;17260,0625;16925,78125;16904;17184,40625;17864,5;19280,4375;20932,375;22339,84375;23555,78125;24831,75;24918,03125;23870,34375;22143,90625;20981,53125;18830,71875;16720,84375;14874,125;13218,9375;12288,25;11761,4375;11881,75;12509;13341,96875;14647,59375;15946,78125;17014,4375;17833,375;17783,78125;17369,46875;16463,875;14653,84375;12632,625;10533,8125;8988,875;6845,8125;4676,5;3596,8125;2112,71875;1262,21875;502,3125;212,03125;-40,46875;-237,3125;-165,9375;-170,28125;102,3125;92,53125;41,09375;-157,1875;94,21875;-27,6875;190,5;-45,5;222,9375;113,90625;3,5;119,34375;28,9375;104,84375;161,96875;-2,46875;9,375;144,0625;224,03125;70,40625;122,3125;234,375;127,65625;275,34375;190,71875;72,71875;194,5625;199,0625;43,65625;213,15625;305,46875;70,5;196,71875;233,65625;372,25;404,125;377,46875;322;204,0625;302,34375;245,90625;103,96875;152,34375;210,53125;217,0625;11,625;74,21875;321,125;256,90625;-0,46875;172,03125;346,3125;279,84375;287,03125;204,375;110,8125;19,71875;188,8125;391,25;287,25;154,53125;146,21875;401,09375;378,5;241,59375;367,6875;291,4375;331,09375;288,84375;230,28125;151,25;102,53125;209,0625;136,875;381,65625;114,65625;317;312,75;179,125;420,28125;222,28125;236,5625;152,28125;316,375;65,5625;281,09375;277,375;183,875;226,09375;53,03125;313,78125;92,71875;294,59375;349,5625;238,28125;128,28125;399,40625;148,1875;394,28125;151,71875;261,9375;119,9375;271,34375;262,3125;342,3125;97,3125;365,4375;337,0625;
320,875;137,15625;366,40625;171,375;255,28125;248,28125;220,75;373,09375;310,71875;289,09375;182,28125;321,0625;197,96875;346,03125;261;276,5;374,75;331,90625;307,46875;331,1875;316,71875;405;428,90625;320,75;474,90625;430,21875;291,84375;354,59375;508,5625;435,96875;441,53125;411,25;371,78125;460,3125;414,25;409,84375;375,5625;415,125;497,78125;485,34375;665,53125;430;448,6875;354,65625;224,8125;580,46875;458,9375;564,625;351,5;320,25;395,78125;360,25;493,125;385,1875;523,6875;465,78125;415,8125;315,8125;405,21875;470,84375;205,28125;312,65625;476,21875;443,75;467;164,09375;456,5625;640,53125;603,0625;452,6875;541,09375;373,5;642,375;423,15625;491,5;682;461,21875;673,75;502,28125;304,625;372,3125;452,90625;498,875;537,71875;710,1875;544,75;664,5;339,5625;458,34375;568,875;494,90625;718,09375;821,15625;1144,59375;1349,4375;1694,125;2059,75;1914,34375;2057,4375;1897,5;1965,90625;2161,96875;2394,03125;2996,125;3854,90625;4533,28125;4886,5;5252,875;5123,5;4906,28125;4326,34375;3572,09375;3175,40625;2911,40625;2736,25;2869,65625;3625,53125;4487;5856,4375;7950,28125;10012,1875;12341,28125;14592;16365,8125;17531,875;18277,5625;18643;18222,4375;17422,78125;16699,75;16532,3125;16522,15625;17049,59375;17804,78125;19136,5;20620,125;22310,53125;23589,8125;24888,0625;25768,46875;26132,46875;26126,75;25493,96875;25194,65625;24545,9375;23608,8125;23030;22350,21875;21929,4375;21473,1875;21568,125;21407,03125;21630,25;21843,9375;22328,5;22995,21875;23881,125;24014,96875;24649,5;24879,625;24628,65625;24361,25;23306,375;22392,1875;21237,375;19789,65625;18449,71875;17333,59375;17170,5;16940,65625;17381,375;18266,46875;19949,875;21370,375;22840,03125;24249,25;25119,09375;25000,8125;24235,125;22721,21875;21426,40625;19259,84375;17237,875;15199,28125;13731,84375;12581,15625;12048,40625;11978,34375;12677,40625;13974,625;15027,5625;16384,375;17436,03125;17856,75;18078,9375;17629,34375;16794;14830,90625;12862,34375;10896,40625;8865,625;6610,8125;4883,59375;3278,125;2188,375;1273,5;795,15625;357,4375;53,1875;-31,65625;48,5;360,53125;227,40625;130,15625;150,46875;47,0625;180,375;235,25;210,8125;126,3125;133,9375;178,25;140,125;71,59375;208,1875;91,8125;224,21875;106,28125;316,75;183,28125;401,125;262,15625;299,1875;334,6875;309,25;134,15625;358,90625;359,25;236,6875;336,84375;409,125;322,46875;-10,8125;309,5625;283,46875;354,25;491,53125;454,25;363,21875;254,96875;487,125;368,875;315,40625;206,875;416,75;328,25;461,28125;351,375;347,25;346,96875;451,3125;556,90625;176,53125;247,15625;303,96875;284,75;410,8125;435;551,84375;213,40625;444,3125;393,1875;272,96875;323,125;429,71875;401,3125;406,71875;455,125;264,875;334,40625;445,40625;415,15625;389,15625;280,125;257,21875;443,75;373,9375;177,15625;598,5625;508,9375;171,25;258,3125;286,75;448,40625;190,84375;442;294,09375;360,8125;442,59375;467,9375;336,90625;223,90625;229,53125;613,125;599,15625;454,8125;495,40625;403,34375;339,3125;483,5;541,03125;415,375;366,0625;293,15625;491,34375;587,09375;294,15625;466,34375;323,09375;422,09375;
99,4375;27,53125;51,71875;-105,84375;-16,21875;157,25;-43,0625;2,1875;1,21875;-94,875;70,375;-99,375;99,34375;73,90625;202,90625;74,1875;45,03125;-101,3125;-157,90625;37,34375;190,90625;138,96875;129,4375;326,3125;215,34375;321,21875;316,28125;103,09375;320,0625;168,375;67,28125;296,65625;264,375;284,96875;198,09375;178,75;218,34375;96,96875;156,75;253,375;136,5625;268,0625;282,90625;-134,34375;271,25;338,90625;336,03125;218,59375;187,28125;219,34375;297,71875;132,65625;43,3125;355,65625;257,71875;249,1875;250,65625;148,5;-1,28125;89,0625;188,0625;355,53125;222,25;150,375;303,875;13,21875;58,15625;284,5625;302,1875;212,90625;229,25;113,75;389,21875;334,28125;68,96875;166,71875;167,3125;271,96875;55,0625;114,53125;63,65625;42,9375;360,1875;346,59375;429,875;434,4375;460,1875;419,0625;561,65625;270,5625;188,75;447,3125;597,875;652,09375;1164,875;1666,53125;1553,09375;1885,25;1941,59375;1614,40625;1523,09375;1990,8125;2305,5625;2890,5;3634,40625;4264,4375;4900,3125;4891,40625;4973,875;4771,875;3963;3544,84375;3091,53125;2415,5;2366,0625;2809,3125;3270,3125;4279,5625;5794,34375;7716,625;10202,1875;12237,15625;14508,53125;16383,09375;17580,53125;18367,53125;18506,25;18245,3125;17487,40625;17119,21875;16398,78125;16641,25;17008,8125;17830,46875;19238;20660,5625;22383,03125;23774,84375;24956,84375;25931;26208;26459,28125;26011,5625;25229,21875;24848,96875;23901,25;23081,0625;22500,53125;22033,875;21464,96875;21553,46875;21396,9375;21744,25;21819,09375;22528,1875;23028,25;23696,46875;23901,3125;24454,84375;24828,65625;24676,46875;24488,5;23779,375;22631,53125;21186,75;19835,59375;18589,90625;17628,375;16957,34375;16825,5625;17232,375;18449;20114,40625;21842,5625;23554,4375;24397,4375;24995,25;24899,0625;24164,28125;22823,46875;21297,09375;19052,59375;16905,625;15018,75;13504;12289,65625;11972,84375;12150,9375;12724,75;13639,4375;14749,25;16037,59375;17331,09375;17910,65625;18070,1875;17642,34375;16430,625;14689,28125;12866,28125;10596,875;8327,03125;6485,875;4711,375;2998,375;1908,25;910,25;214,21875;90,78125;-220,71875;-346,5625;-199,5625;-296,59375;-58,90625;-122,09375;-25,75;-227,71875;-328,75;24,875;-116,5;-9,375;-192,15625;42,53125;-93,5625;-67,75;-220,125;-70,375;-50,53125;208,09375;-16,1875;-46,9375;-102,3125;16,6875;-50,4375;27,28125;12,03125;104,46875;114,3125;-42,875;-9,03125;44,71875;-229,5;107,78125;25,96875;287,125;17,0625;230;198,90625;22,96875;151,375;23,375;111,75;230,34375;55,5;61,53125;67,9375;116,40625;54,1875;144,46875;108,28125;55,53125;-86,5;158,4375;158,0625;76,28125;74,09375;91,75;-5,65625;185,875;40,4375;58,3125;29,21875;82,625;89,65625;-29,625;158,84375;398,15625;219,90625;57,46875;78,40625;123,34375;-54,34375;227,03125;109,15625;-34,59375;136,21875;-32,8125;33,21875;-0,65625;74,90625;52,34375;-201;168,90625;-50,84375;1,5625;-19,78125;46,3125;137,15625;207,46875;1,21875;114,15625;108,75;224,84375;173,78125;-57,625;55,84375;220,25;-84,5;262,875;90,25;156,96875;166,59375;208,34375;-85,96875;92,03125;136,3125;252,0625;196,875;147,0625;60;94,125;
243,6875;-67,375;192,90625;83,65625;111;10,5625;205,0625;112,5;142,34375;187,46875;37,8125;111,78125;212,4375;212,59375;150,4375;118,96875;-24,84375;98,09375;103,03125;-2,5;229,25;118,75;273,03125;328,03125;317,875;290,40625;195,15625;340,8125;529,6875;163,90625;251,09375;216,125;281,5625;365,71875;391,125;237,46875;108,28125;339,28125;329,84375;385,09375;398,0625;476,28125;260,53125;190,03125;309,625;213,09375;563,03125;327,375;243,28125;102,65625;178,65625;299,90625;232;395,0625;396,15625;378,71875;177,21875;191,9375;347,71875;198,53125;162,09375;73,09375;370,84375;409,46875;424,125;324,96875;306,28125;332,75;410,6875;407,21875;354,625;227,03125;325,4375;317,4375;286,71875;145,90625;349,375;200,5625;218,3125;434,59375;50,90625;126,46875;276,71875;413,78125;380,46875;615,6875;393,40625;270,84375;588,09375;278,75;412,09375;526,65625;541,40625;1027,125;1492,34375;1898,28125;1864,03125;2239,90625;1813,0625;1620,15625;1912,15625;1828,78125;2240,40625;3064,0625;3759,40625;4596,625;5034,6875;5302,59375;5203,34375;4839,03125;4445,78125;3584,96875;2974,8125;2851,875;2693,8125;2837,96875;3336,9375;4521,8125;6124,03125;7894,875;9953,84375;12451,5;14798,75;16375,84375;17950,15625;18606,78125;19028,90625;18706,40625;17816,875;17143,03125;16866,25;16911,90625;17620,125;18494,75;19709,59375;21384,875;22950,0625;24032,125;25228,71875;26304,78125;26850,75;26765,90625;26334,3125;25680,46875;25446,34375;24472,59375;23710,75;23125,09375;22614,1875;22194,9375;21892,75;21923,28125;21973,03125;22385,34375;22677,8125;23580,6875;23909,53125;24662,53125;24827,03125;25331,4375;25408,125;24975,96875;24256,96875;23101,40625;21827,21875;20515,3125;18940,84375;17859,1875;17278,53125;17258,28125;17742;18703,03125;20503;22455,5;24364,625;24859;25666,75;25341,4375;24353,5;23344,6875;21740,4375;19440,125;17255;15163,0625;13673,46875;12329,46875;12062,4375;12194,46875;12874,90625;13744,125;15190,53125;16546,28125;17773,1875;18310,90625;18500,46875;17711,28125;16659,25;15105,90625;12946,8125;10699,0625;8699,125;6295,34375;4690,625;3159,4375;1963,5625;996,96875;467,34375;-48,3125;-143,53125;1,90625;28,40625;34,53125;44,4375;79,9375;-36,03125;-109,78125;192,625;235,1875;-192,65625;-65,6875;105,53125;103,78125;39,21875;82,6875;29,875;220,34375;37,5;77,21875;-85,40625;-52,46875;-109,5;-85,59375;176,84375;254,40625;268,3125;189,4375;22,71875;349,96875;124,15625;175,34375;180,34375;-37,8125;253,34375;148,25;155,34375;170,46875;374,125;99,96875;94,09375;274,03125;270,40625;274,3125;279,34375;315,1875;73,9375;198,625;199,1875;169,34375;280,59375;143,75;200,15625;88,78125;32,625;283,15625;298,53125;37,0625;47;233,5;280,375;296,28125;185,21875;172;393,90625;548,875;359,40625;267,09375;319;197,5625;216;267,34375;102,75;288,75;225,0625;269,34375;241,9375;279,8125;298,5;315,78125;107,78125;73,125;210,6875;-29;122,03125;292,53125;529,75;354,625;168,34375;295,59375;374,71875;327,625;152,84375;315,4375;382,4375;146,28125;319,0625;-8,71875;277,28125;267,25;255,28125;240,78125;104,1875;284,875;146,96875;214,5;39,8125;262,25;257,78125;336,03125;263,875;216,5625;
287,34375;70,96875;59,5;118,75;114;155,71875;-23,15625;145,28125;95,09375;207,84375;34,46875;127,25;333,4375;184,9375;128,84375;228,3125;386,03125;159,65625;217,84375;92,40625;-34,625;371,6875;103,75;24,8125;376,78125;229,28125;168,59375;466,9375;285,40625;367,5625;271,90625;281,46875;204,5625;455,03125;168,03125;192,125;-8,5;79;311,625;170,9375;248,09375;296,375;292,25;306,78125;275,9375;159,34375;163;162,09375;243,4375;540,09375;375,65625;323,15625;331,1875;217,4375;239,3125;288,125;210,5625;75,15625;290,46875;297,34375;371,90625;325,40625;394;515,78125;356,78125;341,625;374,4375;282,84375;376,75;217,4375;289,71875;50,71875;604,46875;100,09375;294,875;279,09375;304,84375;159,625;76,90625;223,3125;170,15625;91,125;335,875;319,375;425,8125;570,53125;559,21875;607,28125;298,75;484,875;215,53125;489,375;543,8125;852,1875;1240,8125;1738,0625;1916,5625;1984,40625;2103,25;1967;2018,5625;2294,34375;2640,09375;3010,34375;3938,03125;4686,4375;5004,53125;5230,90625;5166,75;4898,96875;4280,28125;3606;3048;2879,875;2850,90625;3049,90625;3352,28125;4429,28125;6157;7933,5;10232,71875;12658,71875;14681,03125;16530,40625;17990,25;18907,21875;18974,375;18624,90625;18168,75;17483,53125;17216,34375;17684,1875;18132,125;18757,9375;20324,15625;21789,65625;23423,90625;24850,4375;25857,90625;26907,90625;27275,59375;27153;27048,9375;26426,40625;25874,6875;25067,4375;24386,0625;23705,84375;23169,84375;22535,59375;22422,4375;22198,1875;22425,46875;22572,71875;22962,15625;23988,09375;24318,96875;24780,46875;25309,21875;25504,75;25755,625;25414,5625;24551,125;23697,65625;22287,46875;20670,53125;19181,03125;18088,28125;17576,3125;17488,6875;17991,875;19241,03125;20830,53125;22954,0625;24974,65625;25141,1875;25744,375;25566,03125;24731,1875;23556,6875;21772,65625;19574,8125;17045,09375;15439,625;13780,84375;12526,5;12279,84375;12379,8125;12967,84375;14096,59375;15406,375;16712,09375;17663,0625;18425,625;18525,5625;17975,8125;16670,21875;15096,84375;12996,21875;10783,875;8622,53125;6451,875;4863,96875;3223,78125;1895,6875;914,3125;449,75;110,4375;-221,78125;47,90625;-239,84375;88,78125;-45,59375;78,5625;194,03125;131,21875;24,6875;173,1875;113,5;112,0625;-13,09375;46,375;75,6875;-16,96875;187,03125;95,59375;184,9375;83,59375;79,75;350,3125;-18,65625;86,4375;257,46875;118,1875;181,5625;134,625;212,15625;284,25;222,625;-62,5625;176,90625;442,78125;424,4375;274,34375;441,53125;229,25;514,375;318,40625;371,90625;188,4375;233,78125;92,9375;151;399,90625;-53,125;103,15625;71,53125;50,8125;259,4375;341,40625;177,34375;316,5;204,46875;390,78125;237,40625;319,6875;166,59375;218,4375;136,34375;276,875;268,90625;212,0625;207,96875;243,03125;275;297,21875;342,28125;245,09375;301,5;244,0625;107,96875;272,75;113,46875;339,03125;94,03125;-20,84375;160,71875;232,03125;140,0625;152,40625;226,6875;312,21875;250,53125;256,375;519,96875;86,5625;145,8125;267,1875;198,28125;400;190,875;142,625;236,15625;196,625;447,4375;341,15625;455,59375;377,15625;310,78125;224,375;141,8125;540,71875;326,75;341,78125;328,125;353,46875;279,59375;397,46875;338,34375;133,09375;
143,21875;141,4375;239,53125;380,125;290,9375;224,375;278,96875;333,15625;350;166,71875;234,9375;356,09375;296,5625;249,9375;331,125;262,78125;115,15625;220,25;253,09375;128,71875;308,8125;372,03125;328,59375;280,9375;181,375;344,5625;194,5;513,34375;461,875;472,96875;386,0625;396,21875;360,34375;477,03125;467,375;278,15625;487,1875;262,3125;134,78125;344,25;394,25;356,0625;369,21875;365,5625;453,40625;580,6875;391,5;376,5625;550,84375;429,46875;549,6875;280,71875;467,15625;477,25;376;277,0625;376,75;405,1875;386,875;408,75;291,96875;470,03125;391,375;321,34375;429,4375;305,625;324,4375;550,875;398,09375;322,34375;452,53125;554,78125;487,5;376;309,65625;420,9375;417,75;472,28125;418,40625;242,1875;347,6875;412,21875;351,28125;468,25;551,71875;408,5;691,46875;680,125;525,875;527,46875;485,8125;459,15625;646,84375;926,25;1490,4375;1781,1875;2289,34375;2288,5625;2279,71875;2105,03125;2267,6875;2144,15625;2735,75;3171,59375;3858,25;4679,28125;5260,34375;5257,46875;5291,03125;4909,71875;4631,90625;3872,15625;3287,96875;2710,71875;2675,5;3083,75;3679,875;4730,46875;6014,15625;7856,46875;10198,3125;12545,03125;14980,75;16846,0625;18286,46875;19200,59375;19101,25;19160,25;18786,34375;18141,1875;17913,28125;18412,09375;18970,9375;19587,71875;20545,09375;21965,875;24068,21875;25283,375;26395,90625;27340,875;27740,9375;28042,09375;27508,125;26914,875;26466,9375;25603,8125;25031,71875;24200,65625;23781,84375;23421,78125;23232,5;22825,8125;22991,6875;23161,125;23493,0625;24266,46875;24936,6875;25557,21875;25804,75;26325,75;26356,09375;25875,875;25224,25;24259,96875;22511,65625;20936,4375;19648,28125;18707,15625;18114,25;17986,5;18311,6875;19497,125;20924,21875;22904,8125;24423,625;25570,28125;26193;26087,71875;25216,75;23850,0625;22317,28125;19910,78125;17595,96875;15719,3125;13789,9375;12698,21875;12474,59375;12607,125;13323,96875;14455,03125;15858,75;17410,84375;18206,53125;18789,25;18874,375;18133,21875;16896,0625;15306;13266,71875;10867,8125;8846,03125;6446,71875;4682,3125;3363,65625;1852,21875;1019,90625;373,875;184,75;8,75;-31,84375;-77,1875;142,8125;17,71875;71,34375;172,71875;90,21875;126,375;194,84375;224,09375;182,625;233,21875;200,6875;49;361,46875;375,21875;85,8125;84,875;339,625;184,71875;131,96875;212,9375;357,875;159,03125;174,0625;168,0625;209,84375;240,6875;286,4375;239,375;248,625;178,78125;192,90625;498,75;424,28125;325,34375;416,5625;519,53125;501,09375;277,28125;315,6875;264;246,3125;282,3125;298,46875;448,0625;363,5;405,375;453,5;122,1875;383,875;411,0625;245,8125;520,1875;489,46875;618,21875;247,40625;231,625;410,8125;106,625;296,21875;543,46875;323,28125;400,5625;376,75;530,65625;92,75;432,46875;331,21875;153,1875;459,125;240,34375;290,375;288;434,59375;324,84375;243,65625;381,65625;466,40625;285,78125;530,40625;204,3125;288,3125;314,625;310,125;428,96875;395,84375;355,625;196,75;446,375;225,75;471,625;321,375;226,65625;262;357,28125;183,3125;284,40625;475;375,65625;212,96875;210,90625;529,46875;426,96875;214,90625;422,65625;246,6875;325,28125;317;407,90625;401,1875;
282,40625;286,71875;81,375;136,1875;41,65625;241,625;142,65625;-6,28125;151,46875;250,21875;223,46875;190,9375;17,15625;399,3125;158,125;220,84375;3,8125;248,0625;69,65625;310,78125;156,59375;119,59375;154,25;281,9375;328,09375;323,3125;179,5625;39,9375;138,5;268,6875;181,4375;442,34375;134,78125;542,15625;539,65625;227,6875;362,125;424,125;280,90625;236,625;432,21875;272,4375;265,84375;281,15625;400,53125;224,65625;467,5;285,21875;370,1875;260,75;520,6875;334,53125;273;461,875;289,40625;251,59375;278,5625;167,78125;188,75;309,53125;265,6875;399,25;309,875;208,90625;350,53125;482,59375;226,71875;353;252,40625;313,25;402,8125;343,34375;483,90625;321,40625;388,125;235,21875;304,1875;309,21875;360,59375;238,34375;44,75;94,0625;371,28125;188,375;421,40625;431,40625;468,90625;474,8125;453,875;565,625;298,625;502,375;815,8125;1158,375;1472,65625;1730,5625;2213,28125;2145,15625;2144,78125;2053,96875;2318,03125;2327,0625;2552,25;2981,40625;3790,78125;4552,8125;5183,625;5649,125;5503;5050,40625;4515,46875;3943,90625;3242,96875;2969,59375;2763,125;3310,59375;3598,59375;4446,40625;6107,1875;8134,25;10301,28125;12529;14925,1875;16730,65625;18685,28125;19206,21875;19494,71875;19569,65625;19179,34375;18694,15625;18365,59375;18549,875;19232;20015,90625;21012,34375;22548,5;24435,625;25550,28125;27028,40625;27977,6875;28299,4375;28493,84375;28109,53125;27562,53125;26863,125;26141,25;25675,1875;25018,25;24513,375;23902,25;23652,6875;23235,03125;23581,25;23492,25;23770,15625;24639,0625;25374,03125;25635,78125;26116,4375;26347,21875;26781,125;26734,5625;25808,5;24398,59375;23301,09375;21648,9375;20002,625;19129,59375;18346,5;18174,53125;18651;19942,125;21298,40625;23136,40625;24426,21875;25881,03125;26630,65625;26592,65625;25799,78125;24273,78125;22570,4375;20326,28125;17959,0625;15916,375;14281,78125;13165,53125;12339,78125;12594,46875;13661,21875;14463,6875;16068,03125;17403,1875;18652,28125;19186,90625;19288,53125;18652,875;17430,90625;15781,78125;13469,65625;11114,0625;8867,53125;6749,53125;4679,09375;3015,875;1689,6875;898,90625;416,65625;193,75;-77,40625;-132,6875;-12,5;-71,28125;49,09375;79,03125;223,71875;221,15625;164,28125;-93,34375;166,0625;89,5;75,75;-20,9375;165,8125;-52,9375;165,40625;86,40625;255,3125;273,125;221,9375;245,90625;179,6875;4;272,28125;187,03125;196,6875;-52,15625;203,59375;256,6875;484,15625;352,03125;289,03125;433,53125;402,53125;444,5625;375,96875;313,75;379,375;397;308,03125;273,34375;388,90625;221,46875;353,125;243,34375;238,6875;398,34375;211,8125;72;331,5;206,75;220,3125;434,4375;273,34375;334,71875;200,96875;252,34375;324,625;341,3125;294,78125;473,96875;303,28125;307,40625;378,75;371,28125;314,90625;131,0625;389,125;186,4375;346,09375;337,0625;228,96875;147,8125;295,15625;179,4375;345,46875;284,96875;484,71875;279,71875;339,75;374,96875;328,21875;285,375;215,1875;178,40625;209,4375;312,90625;441,5;241,125;246,5625;336,34375;510,34375;303,9375;364,65625;361,4375;371,125;368,75;222,46875;242,3125;553,0625;351,90625;119,71875;463,46875;450,90625;356,625;398,03125;343,25;304,46875;382,875;416,78125;390,21875;
87,75;112,21875;96,0625;148,90625;199,65625;316,0625;177,375;232,5;236,8125;154;231,3125;124,09375;198,8125;175,59375;59,9375;114,125;130,3125;148,40625;306,5625;255,875;309,6875;338,75;142,09375;329,375;419,84375;86,78125;363,09375;227,375;212,25;222,40625;279,625;399,40625;232,5;358;383,9375;185,28125;299,0625;395,46875;374,65625;412,6875;307,75;263,78125;301,8125;199,28125;335,40625;385,1875;376,8125;297,03125;239,375;234,03125;560,5625;501,5625;330,5;223,34375;199;299,0625;329,21875;267,9375;399,75;370,5;236,3125;268,25;262,15625;332,96875;394,59375;301,5;177,1875;306,59375;325,96875;379,4375;497,28125;209,28125;165,9375;350,65625;477,625;225,5;233,03125;443,0625;297,25;186,9375;112,15625;500,3125;358,875;457,125;512;524,59375;659,40625;573,8125;483,78125;500,46875;333,625;442,25;753,1875;1044,0625;1242,65625;1862,96875;2178,40625;2383,78125;2285,53125;2191,78125;2035,625;2143,25;2847,40625;3304,78125;3754,34375;4664,4375;5276,1875;5507,5;5692,34375;5268;4721,03125;4054,46875;3542,8125;3143,875;2965,625;2946,90625;3592,90625;4364,65625;5980,125;8217,125;10228,5625;12714,15625;14962;17334,375;18735,03125;19652,21875;19807,5625;19945,25;19542,0625;19068,875;18924,53125;19397,53125;19643,375;20607,71875;21577,3125;23152,4375;24703,53125;26011,03125;27406,5625;28570,25;28888,4375;28836,5;28522,5625;28092,46875;27832,46875;27075,84375;26282,78125;25720;25199,125;24612,65625;24172,84375;23924,1875;24254,53125;24200,90625;24502,34375;25177,96875;25910,59375;26203,34375;26661,28125;27342,9375;27330,28125;27097,625;26532,53125;25355,84375;24034,21875;22200,875;20794,84375;19617,1875;18752,78125;18897,03125;19325,875;20578,84375;21805,375;23465,9375;24955,46875;26221,53125;27353,71875;27299,75;26604,4375;24836,71875;22929,53125;20733,75;18508,71875;16548,8125;14704,84375;13526,21875;13058,96875;12969,03125;13887,1875;15128,34375;16527,15625;17954,78125;19202,625;19626,375;19618,46875;18951,46875;17789,65625;15732,15625;13667,90625;11214,5625;8607,75;6788,8125;4761,5625;3038,40625;1900,5625;1064,78125;300,59375;-14,40625;-177,78125;1,03125;-110;-53,25;-52,71875;-115;-135,09375;-17,59375;7,8125;117,15625;131,0625;69,5;118,125;288,34375;101,25;137,9375;-39,1875;224;147,15625;161,8125;26,75;291,6875;220,625;157,65625;11,15625;-48,46875;256,625;326,1875;340,125;272,53125;-32,40625;32,1875;258,09375;211,78125;319,4375;187,90625;421,34375;239,71875;131;128,6875;394,21875;278,84375;108,9375;371,15625;371,875;324,1875;285,90625;251,875;92,75;388,96875;324,84375;231,78125;283,125;202,875;419,5;169,65625;391,53125;250,90625;207,375;133,84375;171,65625;180,4375;536,75;356,875;245,625;264,25;567,75;443,75;243,46875;195,125;412,75;47,15625;163,46875;320,40625;94,8125;398,40625;163,46875;305,8125;131,875;273,59375;139,5;387,8125;163;254,21875;162,34375;423,875;348,78125;269,96875;239,84375;406,75;39,3125;277,1875;247,53125;202,75;196,59375;408,8125;283,875;399,03125;244,9375;331,59375;264,71875;218,5625;377,5;301,59375;442,625;283,5625;420,4375;302,4375;255,375;271,59375;415,9375;357,8125;
25,1875;48,125;-156,21875;-71,625;59,40625;71,6875;36,78125;-32,1875;-170,875;80,9375;-98,0625;52,75;183,03125;166;-10,09375;133,34375;51,3125;91,84375;-24,03125;64,9375;48,40625;53,0625;228,625;198,53125;159,90625;146,3125;235,59375;126,09375;72,0625;275,46875;82;246,78125;540,8125;101,09375;231;226,8125;163,96875;57,6875;345,4375;357,34375;198,15625;73,78125;238,34375;284,4375;332,0625;191,40625;394,96875;334;203,21875;189,46875;295,09375;105,78125;154,03125;213,0625;79,34375;-9,875;190,875;230,1875;207,875;160,53125;253,0625;354,1875;46,9375;245,96875;104,5;119,84375;374,46875;155,8125;41,53125;192,65625;127,5;432,09375;36,34375;61,78125;154,21875;135,0625;304,8125;292,0625;286,3125;132,53125;71,375;41,3125;270,21875;451,03125;471,84375;292,34375;444,625;564,0625;374,4375;110,1875;336,25;589;595,34375;958,78125;1387,4375;1661,71875;1818,15625;2196,09375;2375,84375;2176,40625;2145,1875;2349,15625;2708,5625;2981,28125;3627,15625;4636,65625;5085,96875;5374,4375;5549,625;5170,46875;4600,28125;3986,3125;3383,1875;2995,5625;2673,09375;2808,5;3522,875;4603,5625;6095,625;8123,125;10490,5;12793,28125;15327,25;17043,75;18771,4375;19899,375;20309,0625;20349;19873,0625;19617,96875;19385,1875;19345,1875;20180,875;20819,71875;22015,21875;23523,6875;25251,40625;26662,15625;28049,09375;28826,125;29209,15625;29384,1875;29001,625;28756,6875;28621,40625;27868,53125;27029,40625;26173,9375;26250;25341,0625;24866,59375;24451,90625;24469,71875;24821,3125;25090,59375;25638,78125;26173,5625;26651,1875;27162,71875;27847,96875;28313,90625;27800,84375;27175,625;26180,125;24598,84375;22689,03125;21154;20093,875;19292,90625;19244,8125;20017,53125;20910,0625;22288,53125;24140,65625;25656,75;27103,625;27989,53125;28117,5;27088,34375;25273,46875;23784,03125;21294,09375;18826,625;16597,6875;14995;13637,4375;13107,65625;13450,40625;14125,25;15371,65625;16791,40625;18373,15625;19738,65625;19900,4375;19978,53125;19256,6875;17909,9375;15753,5;13794,6875;11207,625;9038,71875;6642,625;4639,46875;3060,5;1800,8125;952,1875;136,34375;-49,75;-118,09375;-113,78125;-225,84375;-209,4375;-195,0625;-71,59375;50,03125;-77,84375;-78,875;128,59375;87,28125;-110,21875;12,875;45,1875;-141,28125;117,0625;-183,875;54,03125;79,4375;129,375;63,875;105;242,34375;70,5625;-157,6875;66,8125;150,875;197,96875;-62,59375;20,03125;212,59375;-57,25;-7,03125;-88,78125;165,3125;140;267,71875;209,375;268,09375;265,3125;34,4375;90,375;58,46875;-36,6875;277,375;31,9375;62,0625;220,09375;242,3125;163,21875;-4,65625;122,71875;171,84375;2,25;252,4375;462,90625;-56,09375;24,4375;35,1875;266,53125;266,25;205,40625;144,4375;104,75;271,25;221,25;213,40625;213,9375;-9,65625;279,90625;57,125;310,28125;254,78125;116,875;222,1875;44,6875;119;203,65625;287,59375;70,3125;-12,28125;-5,90625;140,53125;-43,84375;187,625;133,59375;274,46875;315,09375;181,84375;213,40625;180,96875;89,90625;111,1875;356,09375;168,6875;185;250,21875;171,78125;322,15625;405;320,6875;234,6875;285,6875;166,625;69,5;248,59375;-113,4375;158,90625;129,59375;187,875;312,53125;152,25;
-164,375;139,8125;131,15625;132,40625;-173,5625;136,59375;36,65625;62,875;48,84375;216,75;211,28125;97,84375;-83,09375;162,34375;92,25;130,09375;73,96875;119,65625;75,1875;141,875;145,53125;151,34375;62,34375;236,25;167,875;195,09375;119,65625;453,75;319,75;296,28125;145,40625;213,75;230,125;192,25;290,78125;222,65625;356;357,78125;175,15625;-106,15625;301,8125;190,46875;154,1875;312,75;-4,46875;230,84375;104,1875;294,78125;217;183,34375;146,625;294,21875;147,4375;53,3125;340,40625;148,0625;177,28125;354,96875;260,96875;286,40625;298,25;161,75;148,125;472,5;78,40625;77,40625;308,75;96,875;370,53125;167,3125;204;214,59375;140,21875;153,78125;179,59375;164,375;243,03125;375,53125;248,59375;255,21875;136,6875;-19,1875;229,78125;348,71875;442,75;319,65625;643,8125;153,09375;415,15625;159,0625;318,59375;265,09375;538,0625;994,59375;1332,40625;1823,96875;2334,8125;2252,875;2145,4375;2145,375;2071,71875;2622,0625;2367,375;3150,375;3790,75;4537,4375;5205,59375;5690,28125;5736,65625;5053,96875;4686,1875;4043,96875;3615,75;3219,75;2826,4375;3335,8125;3574,09375;4820,84375;6219,40625;8129,375;10448,25;13193,34375;15375,5;17520,65625;19092,6875;20062,0625;20206,5;20416,8125;20411,46875;19857,6875;19924,34375;19984,3125;20191,875;21266,84375;22147,5625;23818,375;25791,03125;27079,0625;28571,40625;29192,5;29637,4375;29859,90625;29692,25;29406,71875;29392,46875;28598,90625;27823,65625;26992,0625;26790,46875;25827,53125;25384,15625;24915,75;24849,5;24879,65625;25493,28125;26098,65625;26645,5625;26978,25;27890,875;28160,5625;28610,3125;28272,78125;27653,125;26407,03125;25147,375;23182,625;21651,21875;20539,9375;19793,90625;19794;20344,28125;21339,25;22792,78125;24450,875;26471,96875;27749,03125;28562;28624,5625;27899,375;26111,96875;24285,8125;21785,59375;19131,65625;17053;15332,71875;14209,875;13629,1875;13836,9375;14650,375;16114,4375;17289;18877,59375;20019,84375;20613,71875;20625,3125;19686,625;18394,34375;16277,78125;13985,1875;11325;8891,125;6709,1875;4775,78125;3191,5;1851,3125;766,40625;310,59375;157,65625;-263,25;-187,25;-188,59375;-49,46875;-30,53125;117,59375;-59,125;5,0625;-34,21875;-6,9375;16,28125;-149,1875;74,03125;51,5625;-139;-91,15625;-111,8125;13,34375;161,75;356,03125;116,46875;8,5625;164,40625;-40;92,0625;-106,625;-124,09375;-6,0625;166,1875;97;-102,125;-29,1875;109,0625;305,21875;277,09375;198,1875;270,25;184,875;243,3125;306,5;251,28125;138,875;58,375;151,5;221,6875;96,625;157,34375;159,0625;57,625;131,15625;130,28125;57,28125;125,0625;71,9375;421,6875;128,875;145,0625;35,71875;147,21875;156,5625;38,59375;94,09375;192,1875;210,71875;239,5;378,5625;214,5;370,375;205,125;285,25;71,0625;104,21875;-73,09375;-15,78125;59,1875;31,78125;283,3125;20,21875;136,84375;128,875;129,90625;287,40625;12,4375;211,875;274,6875;197,21875;234,0625;182,75;367,9375;168,96875;185,84375;315,1875;22,75;225,9375;281,53125;112,15625;76,0625;150,71875;189,40625;119,59375;381,15625;315,3125;203,25;91,78125;402,03125;538,5;132,59375;325,15625;174,65625;288,8125;330,71875;392;
-205,375;40,4375;-75,46875;52,1875;160,28125;8,46875;223,6875;205,28125;69,8125;-188,375;170,4375;35;57,40625;22,40625;149,875;-14,125;112,46875;-18,34375;-46,6875;71,1875;2,8125;99,375;53,40625;151,40625;156,65625;185,0625;155,875;128,9375;60,90625;169,875;323,78125;199,84375;182,4375;44,59375;198,75;310,78125;118,875;263,3125;333,28125;376,25;242,5;188,46875;162,90625;326,9375;296,9375;-22,75;398,03125;410,6875;211,59375;275,8125;293,71875;324,5625;255,8125;146,90625;189,46875;88,71875;201,75;277,75;197,71875;226,75;61,03125;248,1875;133,625;252,90625;382,3125;93,53125;269,875;323,15625;135,71875;197,15625;217,59375;171,75;261,125;324,125;148,65625;304,375;156;260,375;157,46875;184,53125;-43,78125;92,8125;40,71875;230,40625;495,34375;433,21875;457,5;403,71875;347,03125;402,8125;361,6875;441,5;723,53125;939;1239,75;1769,9375;2245,1875;2415,5625;2592,6875;2305,34375;1947,5;2300,65625;2462;3184,4375;3908,5625;4446,21875;5216,3125;5738,25;5609,125;5227,34375;4740,40625;3996,34375;3566;2931,8125;2886,25;3025,21875;3722,40625;4520,46875;6109,90625;8222,34375;10538,90625;13176,6875;15480,875;17458,46875;19134,78125;20355,375;20678,78125;20774,46875;20471,375;19923,4375;20042,9375;19978,8125;20618,9375;21676,25;22700,90625;24234,125;25993,15625;27417,90625;28681,1875;29592,875;30216,875;30396,9375;30123,625;30226,125;29958,65625;29311,71875;28596,28125;27975,03125;27095,28125;26528,625;25887,5625;25436,5;25326,5;25183,9375;25325,0625;26257,53125;26986,84375;27621,90625;28300,96875;28628,84375;29058,375;28887,34375;28103,65625;26905,53125;25318,875;23462,375;21765,875;20727,125;20486,21875;20223,4375;20761;21915,84375;23413,8125;25329,21875;27107,4375;28184,34375;29228;29265;28520,53125;26912,03125;24787,09375;22202,09375;19853,78125;17520,28125;15698,90625;14616,3125;13831,46875;14110,4375;15139,65625;16164;17580,84375;18948,6875;20224,15625;20687,90625;20796,46875;20006,46875;18888,75;16257,3125;14001,90625;11463,90625;9124,875;6893,5;4855,6875;3092,375;1836,53125;935,59375;202,15625;45,15625;-129,46875;-47,9375;-104,3125;-80,25;-48,5625;-1,75;84,9375;38,0625;5,6875;3,71875;-16,25;28,84375;-215,46875;-259;-60,40625;-19,03125;45,28125;153;44,28125;-130,75;125,875;245,0625;-4,875;89,59375;118,625;-160,46875;16,875;-0,09375;1,75;217,21875;122,21875;170,09375;-38,15625;113,75;184,6875;152,78125;200,53125;153,96875;378,53125;241,28125;320,59375;326,875;-1;238,8125;-10,40625;141,59375;-29,9375;232,6875;182,25;235,96875;-0,71875;65,625;248,09375;183,875;106,4375;247,96875;109,5;141,0625;2,03125;24,90625;65,9375;245,46875;253,96875;349,28125;292,84375;194,5625;204,8125;166,75;254,75;283,78125;259,125;234,28125;133,78125;-178,90625;316,65625;357,34375;410,75;254,75;177,625;326,21875;272,75;-78,6875;-3,40625;108,71875;-43,5;152,21875;51,71875;365,9375;209,15625;188,78125;191,5;23,40625;203,09375;342,09375;252,65625;240,625;148,5;152,28125;193,5;147;-21;218,6875;179,4375;227,1875;209,34375;326,4375;360,28125;202,15625;67,21875;225,96875;161,15625;356,71875;
126,90625;-183,53125;-117,78125;-42,3125;27,625;-168,28125;-27,5;99,15625;209,9375;100,3125;-37,3125;-129,09375;6,28125;-104,53125;-35,09375;10,375;-7,09375;137,1875;154,28125;132,28125;116,5;-5,34375;49,4375;18,6875;220,59375;52,15625;423,03125;62,6875;154,3125;143,25;171,1875;-51,8125;124,5;312,71875;371,8125;310,34375;226,53125;344,9375;228,84375;118,09375;247,96875;136,90625;339,46875;136,9375;85,25;264,0625;-28,65625;85,40625;330,125;211,6875;200,65625;-58,21875;204,375;112,21875;-67,34375;100,28125;132,90625;13,75;-77,03125;-12,15625;-44,875;267,53125;283,0625;25,28125;213,34375;277,09375;104,15625;-46,90625;78,625;207,0625;422,09375;45,75;133,09375;294,9375;329,125;154,96875;156,03125;193,625;117,75;195,1875;164,34375;127,21875;197,3125;400,03125;328,28125;346,5625;377,09375;315,5625;318,90625;295,90625;184,8125;364,6875;525,09375;973,46875;1442,21875;1875,875;2218,34375;2201,53125;2317,75;2343,5;2065,71875;2270,46875;2502,25;3082,15625;3545,53125;4251,21875;5128,71875;5798,5625;5603,71875;5108,59375;4898,59375;4078,625;3578,28125;3022,40625;2924,0625;3113,78125;3553,71875;4631,84375;6184,46875;8442,5;10608,90625;13298,375;15481,75;17472,71875;19471,71875;20153,25;20485,84375;20777;20699,9375;19997,34375;19779,03125;20070,28125;20999,3125;21826,0625;23201,5;24332,9375;26039,71875;27466,78125;28906,8125;29964,15625;30605,09375;30545,0625;30533,3125;30294,09375;30274,8125;29647,125;28865,28125;28200,59375;27342,75;26708,125;26227,03125;25424,1875;25392,75;25133,40625;25639,0625;26240,0625;27274,34375;27691,5625;28616,6875;29101,25;29378,71875;29094,03125;28313,96875;27032,8125;25674,53125;23992,9375;22231,625;21060,75;20605,34375;20326,03125;21092,96875;22175,375;23819,90625;25277,65625;27266,53125;28983,59375;29517,28125;29905,40625;28593,5;27288,96875;25178,8125;22517,5;19993,84375;17822,15625;15985,0625;14746,9375;14134,21875;14436,8125;15041,8125;16483,8125;17848,71875;19285;20427,09375;21007,5625;20749,46875;19744,9375;18490,1875;16315,53125;13933,53125;11580,71875;9094,09375;6533,28125;4715,0625;3086,59375;1727;835,90625;198,46875;-195,03125;-254,6875;-199,4375;-129;-53,125;-108,09375;-86,875;-297,96875;-49,28125;-115,625;56,0625;-34,15625;-147,78125;-115,8125;-219,15625;-66,28125;97,8125;-18,96875;-230,25;158,65625;-51,78125;226,625;95,15625;14,03125;-61,6875;-52,5;-114,15625;108,21875;-148,09375;157,46875;60,53125;14,53125;131,46875;131;-10,875;185,1875;284;181,875;82,28125;-73,21875;-6,4375;112,125;143,96875;58,03125;84,28125;75,5625;22,625;-73,03125;48,3125;-66,5;205,78125;53,53125;58,5;122,375;-121,0625;-23,0625;298,90625;77,71875;214,59375;-17,5625;186,1875;-64,65625;22,5;-43,75;23;27,5625;176,3125;62,40625;278,21875;82,9375;46,09375;87,03125;148,5625;-39,09375;111,1875;15,34375;4,46875;-52,15625;37,46875;105,875;-45,84375;145,65625;77,8125;-1,3125;22,96875;74,6875;-53,96875;46,96875;-98,78125;156,28125;185,84375;157,40625;30,3125;97,59375;-49,84375;119,5;-50,8125;-16,1875;261,09375;281,125;128,71875;109,71875;140,21875;204,09375;130,0625;-162,84375;225,34375;319,28125;89,125;61,1875;280;139,1875;164,15625;
-243,125;-114,5625;-204,71875;-199,3125;-1,46875;-262,9375;-253,53125;-209,40625;-300;-80,1875;-77,09375;-110,65625;-232,25;-441,78125;-81,9375;-126,9375;-258,90625;-192,28125;-71,40625;-51,96875;-157,8125;-35,65625;-0,625;129,625;-106,09375;-57,1875;-86,875;158,9375;-234,84375;103,1875;-32,40625;-196,96875;-164,375;-22,75;-29,125;-42,09375;24,09375;-104,3125;-37,34375;87,09375;-8,625;-180,15625;-106,0625;87,9375;64,53125;143,90625;142,53125;-117,40625;-129,5625;-23,75;-158,03125;-122,40625;122,125;50,40625;-78,71875;-0,71875;272,375;2,09375;53,8125;-23,8125;42,625;-70,125;154,625;75,1875;-19,71875;22,34375;-58,28125;-105,09375;-132,5625;187,09375;-98,625;11,8125;129,78125;42,625;-47,5625;-89,90625;-105,96875;33,71875;-62,46875;-13,6875;-92,34375;110,5;21,84375;88;98,46875;312,4375;130,09375;363,96875;176,53125;49,4375;42,34375;294,0625;414,40625;852,8125;1036,09375;1525,8125;1832,84375;2176,34375;2220;2190,03125;1851,53125;1966,84375;2147,53125;2872,375;3579,78125;4300,90625;4925,5625;5438,625;5542,75;5082,5625;4721,9375;3913,03125;3522,03125;2865,28125;2689,375;2915,40625;3484,125;4401,0625;6021,6875;8000,84375;10526,5;13119,625;15254,5625;17458,5625;19110,4375;20321,5625;20507,21875;20540,25;20289,71875;19894,375;19870,15625;20031,28125;20887,34375;21820,15625;23048,3125;24331,96875;26204,1875;27481,375;28742,34375;29819,59375;30430,84375;30796,84375;30318,96875;30441,09375;30357,96875;29780,875;29189,1875;28218,6875;27595,96875;26626,25;26215,875;25730,28125;25391,28125;25354,28125;26095,96875;26318,25;27405,5;27919,53125;28817,71875;29390,4375;29732,875;29401,4375;28519,71875;27255,0625;25676,5625;24032,875;22515,5625;21313,59375;20723,78125;20625,34375;21447,5;22410,3125;23923,71875;25672,40625;27652,28125;28843,46875;30023,75;30151,1875;29045,4375;27230,65625;25383,59375;22407,1875;20018,09375;17947,4375;16197,21875;14850;14177,96875;14207,65625;15208,71875;16479,40625;18193,90625;19558,90625;20628,03125;21303,0625;21201,1875;20011,4375;18599,4375;16100,09375;13818,15625;11200,90625;8609,71875;6472,28125;4460,0625;2859,21875;1504,78125;581,5;67,75;-345,71875;-532,34375;-338,5625;-280,4375;-220,125;-49,3125;-237,90625;-82,09375;-176,90625;-408,78125;-306,53125;-156,125;-219,75;-412,90625;-166,5625;-207,78125;-222,5;-191,4375;-334,75;-262,75;-83,09375;-103,5625;-36,875;-171,875;-151,21875;-89,84375;-204,96875;-248,46875;-253,28125;-60,8125;-128,3125;10,03125;-115,8125;23,78125;-167,34375;-21,5;-92,125;163,25;2,40625;-253,53125;22,15625;2,9375;5,5;-70,59375;-44,8125;-69,875;-45,3125;5,0625;-137,84375;-157,78125;-116,46875;-91,15625;-135;-81,875;168,21875;-85,75;-80,03125;88,34375;-115,21875;11,5;-134,34375;15,6875;-97,625;104,53125;105,59375;19,25;191,3125;55,9375;-207,21875;-9,6875;-158,5;44,75;13,9375;-148,71875;-84,5625;84,9375;-144,59375;-113,5625;-125,53125;-150,34375;11,53125;-150,15625;-105;-223,4375;148,71875;-10,65625;-129,5;-96,09375;32,8125;-205,46875;-188,84375;154,09375;-81,21875;-32,90625;-84,21875;214;-9,46875;-189,4375;-67,25;-110,84375;-172,96875;-270,125;212,875;44,28125;-40,5625;-38,15625;-87,40625;167,09375;1,34375;141;114,25;-56,78125;64,0625;
-206,21875;-180,75;-185,59375;-229,59375;62,875;-199,5;-237,25;-232,5;-260,40625;-78,34375;-23,0625;-159,09375;62,59375;-36,9375;14,09375;-30,78125;-167,71875;-115,59375;33,6875;-104,8125;-244,625;53,3125;19,5;-137,4375;100,96875;101;-58,40625;-152,6875;-60,65625;14,65625;27,09375;-85,59375;26,625;69,6875;5,3125;120,46875;88,375;89,875;-6,53125;36,65625;-117,1875;64,09375;198,28125;187,28125;-34,1875;-74,0625;125,875;-4,0625;-192,34375;88,09375;157,375;-69,15625;17,90625;-172,84375;170,375;11,75;108,5;146,28125;-44,375;299,375;42,96875;38,40625;57,1875;-39,6875;56,125;102,125;85;59,90625;47,03125;159,96875;-68,78125;92,21875;25,1875;231,21875;132,59375;275,84375;267,78125;34,1875;-70,71875;49,375;-130,8125;-46,78125;126,1875;67,21875;283,03125;59,9375;365,21875;330,09375;287,84375;-74,90625;83,28125;88,03125;331,3125;658,1875;1116,9375;1697,875;2167,5;2269,71875;2450,09375;2046,25;2144,59375;2004,5625;2182,03125;2847,625;3378;4211,46875;5038,125;5468,5;5292,875;5236,90625;4673,71875;4434,46875;3615,875;3329,125;2883,625;2879,21875;3497,0625;4534,03125;5891,5;8025,28125;10322,8125;12974,21875;15530,71875;17614,09375;19318,03125;20054,84375;20451,625;20262,90625;20183,375;20056,5625;19875,875;20480;20855,375;21963,21875;22897,21875;24326,53125;26082,53125;27470,6875;28698,875;29759,25;30524,3125;30723,625;30427,875;30717,25;30685,3125;30092,65625;29544,90625;28646,46875;28019,4375;26888,03125;26371,46875;25654,5;25515,875;25546,625;25939,625;26461,09375;27557,9375;28089,75;28828,4375;29750,84375;30188,375;29872,875;28796,53125;27451,5;26083,1875;23966,65625;22421,46875;21327,34375;21025,25;20877,84375;21283,6875;22476,59375;24069,875;25959,96875;27933,15625;29349,6875;30092,46875;30000,0625;29352,6875;27393,5;25571,6875;22672,46875;20183,5625;17988,15625;16056,15625;14873,96875;14285,09375;14539,3125;15398,71875;16758,15625;18146,9375;19636,8125;20979,3125;21173,4375;21156,8125;20080,96875;18380,21875;15930,375;13602,4375;11166,46875;8796,0625;6296,25;4431,53125;2659,5625;1503,46875;572,78125;85,46875;-285,96875;-396,03125;-415,53125;-243,71875;-457,25;-131,5;-344;-196,34375;-330,84375;-10,84375;-459,9375;-178,34375;-333,1875;-111,90625;-47,21875;-108,96875;-144,625;-40,375;-192,46875;-10,21875;-135,90625;-72,3125;-39,875;-144,28125;-176,71875;-63,9375;-58,8125;-53,4375;0,71875;-129,8125;63,78125;24,71875;-144,90625;18,125;-156;158,5;60,125;-49,625;88,625;121,0625;15,125;-52,9375;-72,8125;238,375;52,34375;-90,65625;-340,375;-23,6875;-36,03125;-37,3125;-124;-218,09375;-105,375;182,34375;-30,5;170,5625;-80,90625;146,8125;-60,28125;-200,5625;-101,09375;138,53125;93,65625;43,375;54,6875;225,71875;42,1875;102,6875;79,125;-108,59375;-48,4375;-57,0625;-22,25;181,90625;-36,65625;-30,46875;49,0625;-52,25;81,5;-37,375;89,03125;40,65625;19;-57,15625;-6,875;-21;-246,125;60,5625;-20,90625;79,1875;169,21875;123,4375;-94,78125;170,28125;-118,78125;5,375;9,875;135,5625;-50,4375;-172,5625;-0,25;-11,5625;-46,40625;-140,96875;-64,5;59,4375;267,125;52,5625;-43,84375;64,40625;88,15625;-97,5;37,6875;
67,46875;152,3125;30,46875;-250,09375;-232,25;-5,78125;-52,71875;-83,34375;97;-79,6875;-277,84375;-96,875;-21,4375;-230,8125;24,75;-71,875;-37;-35,75;-106,25;-74,9375;71,875;-203,9375;126,5;-53,1875;-94,625;85,125;-20,53125;69,34375;22,40625;38,9375;131,71875;-53,25;-76,09375;109,875;82,8125;41,125;-261,96875;-41,90625;218;120,875;55,25;29,15625;43,6875;176,0625;-46,5;8,34375;-47,5625;82,5;-99,75;256,21875;-28,3125;150,71875;1,5;45,28125;126,65625;-5,03125;-47,84375;-63,625;-22,03125;-30,34375;89,5625;111,875;100,21875;223,03125;13,96875;66,90625;52,59375;46;210,5;176,84375;241,90625;-96,5625;22,8125;312,90625;256,84375;129,875;128,03125;-17,8125;46,375;71,53125;65,5625;121,03125;251,09375;388,5;309,34375;278,3125;231,59375;252,125;97,53125;36,125;152,5;256,375;321,78125;605,59375;1324,8125;1555,125;2101,3125;2203,03125;2283,6875;2223,4375;2129,09375;2007,90625;2259,9375;2805,96875;3588;4124,15625;4782,0625;5394,625;5541,90625;5404;4738,71875;4120,46875;3568,90625;3087,375;2816,625;2977,25;3511,5625;4235,65625;6079,75;8135,28125;10623,40625;12732,0625;15339,5;17207,125;19150,1875;20102,125;20549,65625;20515,40625;20196,71875;20100,21875;20019,9375;20371,25;21138;21954,40625;22801,5;24211,28125;26056,5;27209,875;28678,25;29450,59375;30556;30832,84375;30532,0625;30554,6875;30912,09375;30275,8125;29917,96875;28766,96875;27921;27059,15625;26396,78125;25721,9375;25615,78125;25768,96875;25774,5;26748,0625;27638,75;28138,40625;29112,53125;30036,6875;30391,34375;30065,9375;29044,53125;27808,1875;26098,21875;24234,59375;22584,28125;21367,125;20711,15625;20537,375;21030,34375;22476,6875;24236,34375;25940,96875;27902,9375;29314,59375;30323,21875;30370,9375;29317,375;27716,125;25572,15625;22668,53125;20496,96875;18112,8125;16192,1875;14926,25;14691,09375;14870,53125;15670,25;16902,75;18515,25;20108,9375;21344,6875;21537,53125;21432,84375;20133,3125;18572,875;16197,09375;13648,25;11040,8125;8520,625;6059,4375;4188,6875;2632,59375;1359,90625;567,4375;64,46875;-161,71875;-411,5;-216,5;-253,625;-282,1875;-152,53125;-131,25;-11,21875;-199,28125;-183,96875;-392,28125;-118,15625;-50,28125;-190;-286,53125;-11,21875;-105,71875;-251,03125;-99,09375;-184,4375;-9,71875;-197,625;-378,03125;-150,125;-246,125;-303,46875;-142,15625;-115,4375;-114,78125;-16,625;78,15625;-46,6875;31,6875;-182,6875;-215,5625;121,46875;-30,53125;206,78125;-192,21875;81,40625;-85,40625;-22,125;134,1875;22,03125;1,03125;82,34375;-1,5;-141,5625;-12,84375;-78,4375;-210,4375;-151,9375;-94,75;133,03125;-79,1875;16;-118,53125;-29,71875;193,25;124,5625;-104,3125;-52,6875;-4,6875;70,71875;33,21875;-160,53125;-79,03125;151,875;9,8125;30,59375;-64,5;-88,75;-85,5;-0,25;-42,53125;38,375;-91,71875;16,09375;-103,09375;95,8125;-196,25;-99,5;43,3125;2,71875;-102;-43,75;-250,84375;28,03125;48,28125;131,125;94,09375;258,0625;175,8125;152,84375;219,65625;-77,3125;-27,78125;-6,5625;-22,125;128,0625;31,5625;-86,21875;-61,21875;-23,9375;64,0625;-119,8125;-135,875;265,84375;-49,6875;-1,78125;185,875;212,59375;73,71875;
-246,15625;-300,46875;-509,71875;-419,53125;-401,03125;-386,625;-386,34375;-387;-306,4375;-92,71875;-351,9375;-308,46875;-301,84375;-349,03125;-401,53125;-292,375;-306,8125;-287,6875;-277,34375;-303,875;-332,625;-341,78125;-426,59375;-291,6875;-136,1875;-392,15625;-214,9375;-113,65625;-184,9375;-190,53125;-196,5625;-220,9375;-184,4375;-248,03125;-220,875;-141,5625;12,3125;-308,96875;-280,03125;-199,25;-179,75;-167,53125;-116,15625;-166,28125;-331,65625;-240,40625;-262,78125;-202,15625;-202,1875;-150;-105,625;-141,28125;-161,03125;-315,4375;-146,875;-231,0625;-157,8125;-279,875;-440,40625;-198;-250,03125;-103,71875;-401,25;-310,78125;-99,0625;42,84375;-130,625;-87,34375;-54,65625;-207,3125;-234,3125;-38,65625;-98,96875;-132,65625;-181,625;94,75;-91,1875;-81,9375;-210,09375;-476,03125;-281,3125;-160,96875;-69,375;-77,375;-83,53125;-27,9375;-32,125;186,40625;282,0625;-62,03125;-71,125;150,65625;274,28125;532,3125;1016,21875;1382,6875;1963,3125;2022,34375;2074,71875;2146,03125;1871,75;1863,34375;2178,5625;2728;3235,0625;4206,8125;4669,5625;5103,0625;5346,4375;5055,875;4521,15625;4045,75;3386,5625;2992,5625;2747,5;2651,75;3393,03125;4461,65625;5977,6875;7780,875;10199,375;12583,8125;15016,90625;16870,75;18702,5;19878,46875;20304,9375;20064,5;20082,78125;19698,25;20026,1875;20384,125;21208,21875;21951,59375;23122,15625;24311,4375;25860,5;27076,375;28696,34375;29547,5625;30481,40625;30911,28125;30699,5625;30622,3125;30676,34375;30211,09375;29874,9375;28938,21875;28126,71875;26821,3125;26008,5;25437,65625;25353,5625;25456,1875;25907,15625;26653,625;27634,25;28208,75;29199,40625;30210,5;30342,375;29831,25;28713,03125;27609,78125;26210;24513,8125;22626,09375;21325,53125;20383,5625;20356,375;21045,40625;22425,90625;24056,59375;25759,40625;27440,78125;28937,1875;29955,75;29869,5;29137;27352,09375;25473,3125;22685,03125;19984,0625;17756,65625;15794,28125;14908,625;14301,34375;14943,34375;15922,0625;16811,0625;18672,15625;20400,9375;21128,46875;21410,21875;21045,4375;19838,75;18248,09375;15726,84375;13254,28125;10622,53125;8229,84375;5852,125;3991,625;2298,90625;1232,34375;241,5;-176,15625;-406,3125;-390,0625;-599,59375;-657,90625;-480,90625;-307,8125;-421,34375;-348,3125;-535,71875;-472,0625;-354,15625;-443,25;-360;-285;-302,03125;-253,65625;-311,5625;-192,59375;-403,65625;-287,5625;-356,34375;-260,875;-135,25;-138,71875;-277,875;-235,03125;-220,96875;-435;-327,40625;-258,21875;-226,09375;-216,53125;-135,875;-348,3125;-290,4375;-258,53125;-143,15625;-280,5625;-312;-141,03125;94,90625;-355,75;-252,71875;-283,5;-103,65625;-366,25;-138,03125;-257,40625;-474,625;-337,875;-301,9375;-335,9375;-252,09375;-173,28125;-224,40625;-194,1875;-203,78125;-174,5625;-115,65625;-235,28125;-273,78125;-100,1875;-184,03125;-205,4375;-34,53125;-312,75;-176;-102,53125;-261,5625;-297,34375;-311,15625;-55;-122,46875;-171,1875;-237,28125;-229;-86,78125;-87,4375;-338,90625;-233,75;-68,96875;-298,46875;-233,84375;-125,03125;-40,3125;-99,71875;-215;-228,9375;-145,6875;-97,15625;-207,75;-48,1875;-163,28125;-204,59375;-94,59375;-8,125;-68,5;-328,625;-52,375;-120,5;-210,15625;-283,75;-86,34375;60,25;-167,90625;63,125;-225,71875;-292,75;19,65625;-13,34375;-14,4375;-163,0625;-20,25;
-262,03125;-386,09375;-325,9375;-364,8125;-379,65625;-330,0625;-163,375;-269,75;-84,8125;-304,5625;-596,40625;-413,9375;-383,21875;-204,03125;-277,875;-402,5;-391,21875;-192,65625;-323,90625;-283,96875;-304;-516,03125;-35,03125;-500,625;-310,6875;-304,1875;-353,0625;-176,28125;-347,8125;-188,5;-262,40625;-271,09375;-96,125;-326,90625;-217,6875;-200,25;-250,5625;-323,53125;71,21875;-122;-252,5625;-234,09375;-89,09375;-81,28125;-84,34375;-114,25;-364,0625;-204,34375;-151,625;-461,65625;-163,25;-197,71875;-408,34375;-414,9375;-178,5625;-425,4375;-361,59375;-333,34375;-306,125;-123,53125;-210,1875;-328,59375;-280,5625;-348,46875;-173,8125;-217,5;-127,84375;-398,96875;-242,71875;-182,84375;-248,09375;-239,65625;-158,625;169,40625;-209,1875;-226,84375;-99,625;-97,375;-27,96875;-166,625;-304,71875;-318,3125;-233,75;-250,75;178,65625;96,375;160,65625;81,0625;67,09375;-106,71875;49,0625;-11,15625;152,875;572,90625;989,3125;1528,15625;1858,5;1797,46875;2261,15625;1876,375;2018,75;1899,875;2173,90625;2729,71875;3333,40625;4270,4375;4875,0625;5153,6875;5268,125;5152,28125;4610,59375;4062,0625;3380,25;3124,21875;2997,5625;3065,4375;3479,625;4397,71875;5865,71875;7811,65625;10241,40625;12885,84375;15058,875;16972,6875;18736,09375;19872,875;20148,90625;20381,1875;20384,6875;20192,3125;20126,09375;20715,5;21671,09375;22309,34375;23216,59375;24661,25;26419,875;27669,4375;29064,21875;30132,21875;30681,78125;31400,09375;31289,78125;31101,09375;31538,03125;30981,46875;30123,4375;29376,25;28289,71875;27151,96875;26611,9375;25984,96875;25562,75;25627,03125;25931,21875;26802,15625;27751,25;28534,46875;29740;30341,09375;30829,0625;30077,46875;29465,65625;28141,125;26671,90625;24585,28125;22793,59375;21610,09375;20876,03125;20626,5625;21435,1875;22504,125;24253,03125;26110,625;28180,25;29373,96875;30420,28125;30361,03125;29446,125;27725,84375;25752,3125;22593,40625;20092,9375;17912;16002,03125;14804,34375;14525,96875;15311,40625;15924;16841,34375;18584,65625;20227,4375;20952,375;21461,4375;21297,8125;19906,625;18287,09375;15702,65625;13184,53125;10715,65625;8079,53125;5821,90625;3872;2301,3125;984,96875;74,96875;-170,84375;-620,5;-551,53125;-550,6875;-517,375;-535,09375;-519,71875;-371,0625;-341,4375;-412,90625;-370,21875;-391,71875;-88,03125;-247,03125;-351,25;-301,65625;-536,125;-579,6875;-400,03125;-667,34375;-236,625;-375,96875;-170,09375;-561,46875;-283,25;-153,71875;-272,4375;-114,03125;-382,84375;-395,78125;-318,90625;-295,59375;-226,84375;-333,5;-223,875;-208,84375;-109,9375;42,09375;-135,90625;-186,03125;-147;-277,65625;-34,21875;-300,5;-145;-253,6875;-217,5625;-461,6875;-55,25;-371,25;-242,71875;-385,15625;-172;-153,28125;-73,84375;-115,875;-106,90625;-233,65625;-116,0625;-127,09375;-111,09375;-217,40625;-371,0625;-249,6875;-158,125;23,8125;-180,71875;-176,125;-67,625;-1,59375;-9,5;-248,6875;-390,625;-386,40625;-282,5625;-220,21875;-21,34375;-288,21875;-87,46875;-60,09375;-417,3125;-365,875;-232,65625;-241,46875;-206,21875;-297,875;-352,40625;-178,46875;-333,40625;-114,375;-435,59375;-313,125;-229,5;-254,03125;-253,90625;-498,8125;-157,46875;-132,3125;-0,71875;-214,78125;40,40625;-107,4375;-258,375;-439,09375;-176,78125;-339,21875;-216,84375;-30,59375;-31,65625;-267,34375;-267,9375;-233,59375;-48,375;-200,21875;
-536,09375;-354,90625;-225,0625;-209,34375;-203,90625;-271,3125;-115,5;-213,96875;-322,15625;-271,4375;-156,96875;-369,65625;-259,40625;-264,125;-159,5625;-63,1875;-49,8125;-318,59375;-254,9375;-190,46875;-263,625;-192,03125;-67,65625;-166,9375;87,9375;-130,6875;-246,125;-206,96875;-243,75;-265,25;-0,4375;167,59375;-36,1875;-157;-161,28125;37,21875;-181,5;-127,625;-111,875;123,09375;-6,125;-223,09375;111;-281,6875;-270,8125;-345,53125;-21,03125;-121,875;-195,375;-209,78125;-268,875;-123,28125;-145,75;-302,15625;-58,5;32,3125;-36,4375;-9,1875;-200,625;-33,75;-204,3125;-70,34375;-117,125;-117,8125;45,75;-105,375;-173,03125;-17,6875;-13,40625;103,3125;-132,09375;-10,5625;-133,03125;-137,34375;59,65625;-64,78125;-29,4375;-127,75;2,9375;-294,40625;-425;-205,46875;-177,21875;17,6875;91,65625;155,09375;292,78125;16,9375;154,8125;81,28125;80,75;70,25;209,1875;580,625;1063,625;1400,3125;2012,59375;2149,6875;2195,0625;2261,125;2020,90625;2120,21875;2450,5;2932,46875;3614,90625;4323,625;4930,34375;5515,8125;5601,125;5204,46875;5000,4375;4167,71875;3992,6875;3481,96875;3079,96875;3184,4375;3609,84375;4577,03125;6096,34375;7747,1875;10338;12868,96875;15327,53125;17407,9375;19330,21875;20081,3125;20311,5;20698,375;20954,125;20897,9375;20829,21875;21430,28125;22207,25;22938,78125;23862,6875;25154,625;26963,375;28068,90625;29456,0625;30747,28125;31336,78125;31798,875;31722,34375;31779,9375;32063,84375;31411,78125;30511,09375;29751,78125;28641,6875;27578;26900,9375;26403;26015,8125;26041,34375;26623,53125;27252,65625;28422,46875;29396,09375;30162;30755,03125;31197,6875;30692,34375;29769,46875;28541,71875;26803,4375;24949,40625;23292,65625;21799;21155,59375;20969,53125;21601,5625;22915,46875;24546,71875;26464,875;27998,28125;29563,125;30349,34375;30426,5625;29732,1875;28044,90625;25971,65625;23017,5625;20367,34375;18146,6875;16169,46875;15093,9375;14799,59375;14990,5;16047,28125;17069,625;18802,75;20495,71875;21311,46875;21442,875;21457,09375;20298,5625;18408,0625;15784,8125;13230,96875;10639,5625;7957,75;5821,71875;3798,125;2345,75;1185,6875;463,375;-207,21875;-445,125;-335,375;-550,59375;-345,09375;-525,5625;-85,78125;-260,90625;-185,65625;-246,375;-373,21875;-405,84375;-76,5625;-231,625;-305,34375;-198,21875;-115,3125;-320,0625;-124,28125;-191,0625;-217,28125;-218,59375;-242,78125;-189,5;-353,625;-6,625;-188,90625;-171,9375;-244,84375;-249;-275,21875;-239,75;-274,71875;-65,03125;-167,78125;-12,5625;-86,1875;-127,3125;-41,96875;8,90625;-286,21875;-6,625;5,9375;-71,78125;-106,40625;-71;36,625;-7,78125;-126,75;-303,21875;-80,84375;-148,53125;-32,40625;41,5625;-145,03125;-4,0625;35,375;40,1875;-41,21875;-118,71875;-153,1875;-20,28125;-192,5625;-162,59375;65,21875;-45,96875;-86,875;-179,625;96,9375;-184,09375;93,09375;22,90625;53,6875;-190,65625;-152,1875;-291,375;47,15625;-81,25;-95,375;-161,90625;-119,5;-261,15625;-2,375;-10,90625;-127,65625;-143,84375;-309,96875;-214,59375;-154,90625;-201,59375;56,625;-235,1875;-17,40625;-99,15625;-143,78125;-192,375;173,75;56;56,25;-19,875;20,0625;55,28125;-10,71875;21,28125;102,78125;-112,71875;-16,375;-165,09375;-13,875;-51,375;-1,96875;92,15625;71,1875;-128,875;
-585,28125;-303,78125;-308;-453,90625;-345,53125;-498,03125;-396,625;-337,40625;-356,1875;-446,21875;-503,875;-410,75;-557,9375;-556,375;-537,34375;-408,9375;-253,21875;-341,90625;-345,53125;-467,0625;-253,46875;-365,6875;-201,71875;-474,59375;-388,84375;-437,46875;-469,5625;-439,15625;-294,09375;-352;-143,09375;-83,875;-311,34375;-312,78125;-308,59375;-468,59375;-171,4375;-396,40625;-376,59375;-241,90625;-184,125;-157,0625;-344,0625;-185,03125;-398,15625;-217,84375;-393,65625;-26,40625;-278,5;-273,8125;-316,03125;-258,5;-230;-342,1875;-414,375;-371,875;-336;-338,46875;5,53125;-339,09375;-274,3125;-326,8125;-332,4375;-283,28125;-246,5;-93,53125;-273,375;-169,1875;-223,09375;-201,03125;-186,40625;-145,96875;-355,0625;-292,96875;-134,125;-451,03125;-317,4375;-431,46875;-224,125;-147,84375;-282,84375;-323,125;-325,625;-213,90625;251,03125;71,375;33,5;55,96875;-81,28125;-153,1875;-150,96875;-202,84375;147,3125;461,6875;895,8125;1523,71875;1920,96875;1949,75;2125,6875;2042,5;1867,53125;1942,34375;2289;2413,53125;3476,125;4093,03125;4699,15625;5446,6875;5301,875;5216,375;4829,96875;4081,875;3744,75;3200,3125;3004,6875;3099,4375;3454,28125;4343,9375;5768,78125;7870,9375;10201,84375;12756,8125;15167,25;17489,78125;19291,75;20166,46875;20659,875;20809,375;20670,96875;21006,71875;20994,65625;21740;22375,96875;23215,71875;24189,875;25431,0625;27166,875;28631;30033,25;30992,625;31843,21875;32092,5625;32096,1875;32151,8125;32378,84375;31678;31107,5;30092,34375;28934;27829;27339,34375;26678,9375;26250,8125;26273,9375;26852,71875;27421,375;28679,25;29879,59375;30530,125;31339,4375;31843,5625;31137,3125;30299,875;28779,1875;27122,96875;25468,65625;23316,84375;21912,5;21358,625;20929,65625;21566,5;22877,5625;24593,8125;26491,34375;28449,21875;29946,625;30719,46875;30683,6875;29903,65625;27938,71875;25729,34375;22961,0625;20333,4375;18122,15625;16377,09375;15312,8125;14664,625;15135,6875;15962;17209,65625;18643,90625;20359,625;21352,5625;21618,9375;21128,59375;19982,09375;18380,84375;15630,21875;12823,625;10228,59375;7847,125;5296,5625;3632,3125;2116,5;919,84375;113,40625;-347,78125;-643,40625;-667,40625;-490,3125;-576,6875;-770,65625;-668,03125;-431,28125;-402;-527,875;-436,78125;-507,125;-612,875;-443,125;-391,1875;-498,84375;-451,1875;-499,25;-323,65625;-370,8125;-336,875;-598,5;-668,375;-544,40625;-336,125;-327,5625;-427,59375;-490,84375;-566;-567,90625;-516,71875;-64,375;-283,90625;-449,25;-483,90625;-510,125;-362,875;-238,28125;-109,125;-322,28125;-238,96875;-338,1875;-270,4375;-297,46875;-161,90625;-89,375;-523,4375;-386,25;-250;-226,375;-312,6875;-144,53125;-291,25;-530,8125;-326,6875;-105,28125;-121,8125;-365,71875;-343,28125;-297,375;-373,59375;-273,5625;-284,25;-387,28125;-283,1875;-412,84375;-104,1875;-384,75;-341,25;-262,96875;-236,34375;-326,71875;-374,375;-297,5625;-394,90625;-270,625;-291,03125;-350,1875;-410,875;-332,375;-375,9375;-388;-490,1875;-357,84375;-352,09375;-382,5;-343,65625;-295,4375;-186,03125;-519,6875;-321;-254,125;-371,75;-341,5625;-353;-337,25;-113,09375;-354,1875;-352;-182,34375;-350,875;-406,09375;-251,28125;-128,3125;-367,21875;-239,9375;-289,34375;-248,40625;-256,78125;-517,125;-449,28125;-401,53125;-133,6875;-258,65625;
-261,0625;-375,625;-328;-134,46875;-227,4375;-176,5625;-108,34375;-112,96875;-274,28125;-61,6875;-84,3125;-75,3125;-154,5625;-130,40625;-111,03125;-233,6875;-193,8125;-335,03125;-153,125;-257,84375;-105,5;-198,96875;-176,09375;15,25;-210,34375;-181,75;-107,5625;-25,0625;-7,4375;98,03125;-114,9375;98,75;-67,03125;-137,96875;18,78125;176,5625;108,25;49,09375;-62,8125;-93,9375;-117,59375;16,40625;40,1875;-98,28125;-69,09375;-15;-163,25;-61,25;-4,59375;-206,125;-133,125;-165,84375;28,46875;-167,28125;-220,59375;-42,15625;-273,625;-105;-47;-52,875;-331,25;57,125;-27,90625;-43;-25,0625;-273,21875;-65,34375;-120,03125;-165,78125;66,78125;-91,625;-60,75;41,21875;49,8125;-44,125;39,03125;45,875;-105;-135,90625;-171,90625;-81,875;-204,5625;-285,875;84,84375;278,75;426,375;153,5625;301,09375;294,25;248,53125;180,21875;-83,75;303,5625;738,53125;1202,09375;1728,625;1939,9375;2259,875;2522,21875;2462,96875;2270,6875;2060,8125;2509;2965,625;3476,9375;4568,09375;4976,21875;5514,5;5702,125;5633,90625;5096,09375;4580,09375;3954,3125;3248,78125;3265,34375;3227,375;3982,65625;4572,59375;6110,96875;8099,875;10634,4375;13085,28125;15644,65625;17758,40625;19374,25;20798,125;21186,84375;21424,78125;21541,875;21470,9375;21773,96875;22475,5625;23133,03125;24119,25;25066,875;26045,53125;27697,4375;28863,90625;30130,21875;31478,34375;32152,5;32465,59375;32640,40625;32767;32767;32529,59375;31852,15625;30609,5;29874,9375;28781,625;27878,21875;27088,75;27131,25;27225,9375;27532,71875;28266,59375;29257,90625;30527,375;31606,1875;32227,21875;32565,21875;32284,21875;31196,25;29536,71875;27758,84375;25827,15625;23947,5;22631,53125;21864,0625;21529,34375;22152,875;23661,34375;25461,78125;27334,53125;29096,5;30497,09375;31546,125;31435,9375;30370,5;28492,3125;26467,15625;23624,3125;21139,34375;18979,15625;16920,90625;15524,34375;15319,96875;15560,875;16401,125;17714,84375;19163,125;20988,8125;21766,9375;21992,40625;21859,875;20454,15625;18709;15923,4375;13289,40625;10736,90625;8152,1875;5574,15625;3719,6875;2272,03125;1344,4375;172,75;207,9375;-345,9375;-588,28125;-576,375;-287,9375;-454,34375;-346,59375;-7,96875;-247,21875;-73,84375;-263,5625;-279,625;-139,125;-219,59375;-272,03125;-245,15625;-235,1875;-281,96875;-356,3125;-203,28125;-270,34375;-121;-403,375;-412,5625;-161,5;-182,3125;-271,59375;-66,5;-284,25;-57,25;-225,3125;1,21875;-153,65625;-90,90625;-148,65625;-172,9375;-133,78125;-129,0625;-64,78125;-99,75;-30,90625;-132;73,4375;45,03125;-176,9375;-228,875;-151;-55,03125;-90,125;-252;14,625;-268,25;-11,84375;41,75;-13;95,5;-64,65625;-54,0625;-218,75;-9,75;3,875;-2,3125;-210,3125;-132,3125;-103,0625;-122,03125;99,53125;35,59375;-91,625;110,15625;-113;-218,625;-208,84375;-50,75;-216,5625;-140,25;-290,75;-84,40625;-81,71875;-148,84375;-56,625;-94,78125;-99;44,5625;-29,03125;-229,90625;-59,78125;-220,21875;-20,65625;-169,5;128,9375;75,90625;-142,6875;-13,625;30,9375;-76,5;-220,9375;-120,09375;10,71875;257,28125;11,71875;78,84375;-62,84375;24;-52,40625;21,78125;-42,4375;-60,21875;-30,375;-17,0625;-10,125;-121,90625;17,8125;-46,8125;
-551,3125;-517,28125;-438,9375;-464,9375;-657;-470,4375;-499,9375;-451,1875;-495,90625;-491,65625;-532,375;-562,0625;-587;-430,375;-316,875;-643,875;-730,90625;-340,75;-502,5625;-550,40625;-663,5;-351,21875;-512,1875;-549,34375;-376,5;-327,21875;-270,34375;-519,15625;-395,09375;-455,90625;-363,1875;-289,15625;-435,78125;-493,5;-577,53125;-503,34375;-478,53125;-248,03125;-402,625;-154,0625;-32,5625;-501,875;-389,0625;-407,90625;-248,5625;-461,6875;-194;-567,53125;-420,03125;-402,3125;-563,25;-458,0625;-213,75;-356,84375;-165,03125;-222,375;-271,75;-261,8125;-268,625;-456,1875;-375,75;-435,03125;-346,28125;-306,1875;-412,1875;-366,21875;-371,34375;-393,1875;-388,21875;-247,65625;-408,5;-283,34375;-384,90625;-188,46875;-445,125;-453,28125;-174,71875;-312,21875;-219,3125;-473,3125;-532,40625;-476,4375;-409,125;-327,125;-109,15625;-131,5;20,46875;39,90625;-44,78125;-278,53125;-220,34375;-393,4375;27,1875;632,625;925,28125;1427,84375;1721;2078,96875;2203,59375;2095,9375;1916,875;2014,46875;2044,625;2520,09375;3103,5;4188,78125;4671,59375;5188,53125;5313,25;5277,53125;4693;4132,4375;3797,75;3365,25;3056,15625;3112,375;3890,5;4712,5625;6035,8125;7753,28125;10358,71875;12866,40625;15430,3125;17579,875;19622,8125;20949,96875;21176,96875;21513;21699,46875;21637,1875;21787,40625;22329,8125;23243,875;24162,21875;25455,0625;26625,46875;28072,4375;29293,09375;30764,03125;31690,5625;32656,6875;32767;32767;32767;32767;32767;32055,8125;31051,125;30001,71875;28888,9375;28260,1875;27415,625;27159,125;27072,25;27526,84375;28099,3125;29417,8125;30233,1875;31605,1875;32434,21875;32767;32767;31618,21875;30118,1875;28262,78125;26176,5625;24304,125;22880,90625;22039,15625;21901,9375;22439,96875;23734,65625;25601,1875;27662,46875;29519,8125;30840,28125;31377,25;31574,59375;30502;28609,40625;26722,125;23693,125;21196,09375;18881,8125;17194,90625;15847,1875;15357,9375;15818,625;16540,40625;18010;19500,5;21057,75;22112;22620,96875;22178,15625;20711,8125;18786,4375;15861,5625;13151,5;10193,84375;7730,5;5408,09375;3326,8125;1923,59375;673,3125;40,1875;-375;-484,1875;-841;-557,96875;-756,15625;-693,5;-386,9375;-462,71875;-426,78125;-509,59375;-562,5625;-532,875;-443,28125;-548,875;-472,78125;-559,03125;-573,6875;-646;-130,21875;-518,625;-437,75;-472,28125;-455,875;-559,0625;-429,84375;-446,71875;-507,53125;-545,34375;-458,1875;-325,53125;-561,1875;-544,15625;-434,71875;-208,15625;-359,75;-393,09375;-266,75;-487,4375;-384,1875;-344,1875;-373,03125;-379,6875;-506,25;-416,25;-392,75;-503,4375;-361,8125;-175,59375;-394,4375;-626,40625;-524,34375;-437,625;-484,46875;-236,03125;-420,8125;-301,5625;-241,625;-426,0625;-415,84375;-297,625;-498,0625;-511,3125;-300,1875;-575,09375;-351,40625;-317,21875;-348,5625;-183,96875;-570,25;-330,3125;-356,375;-279,90625;-437,71875;-330,40625;-459,375;-383,3125;-424,65625;-472,9375;-332,96875;-395,4375;-401,875;-257,6875;-611,375;-264,6875;-446,46875;-750,71875;-561,75;-535;-384,21875;-552,75;-382,84375;-385,84375;-312,9375;-483,59375;-405,34375;-242,15625;-341,6875;-417,1875;-195,125;-289,6875;-352,875;-380,9375;-389,40625;-300,84375;-353,53125;-323,9375;-292,3125;-292,25;-469,4375;-161;-258,5;-522,3125;-325,875;-258,28125;
-49,28125;-357,40625;-279,5625;-271;-355,96875;-44,9375;-124,4375;-260,875;-187,5625;-217,5625;-84,03125;-160,6875;-185,375;-179,90625;-194,71875;-303,40625;-185,3125;-215,78125;-152,28125;-171,59375;-311,15625;-69,8125;-116,3125;-191,15625;42,4375;-59,84375;-1,90625;-22,5;-162;185,84375;-28,90625;-178,0625;-61,3125;-161,03125;-217,9375;-148,625;-201;-64,875;126,625;-61,71875;-65,875;-22,03125;-74,6875;0,9375;-170,46875;-77,78125;-194,8125;-102;55,21875;-127,28125;-123,71875;-196,96875;-148,3125;-125,21875;102,59375;-61,0625;-23,34375;-154,46875;26,875;-73,25;-154,40625;16,03125;-149,375;-111,46875;-213,46875;-181,65625;-158,46875;5,5;-39,09375;-129,1875;-106,5;-52,65625;-198,09375;-272,90625;-12,21875;-46,03125;204,03125;-54,125;-54,375;-84,8125;-237,1875;58,40625;6,90625;118,71875;149,8125;402,53125;253,3125;13,375;18;-54,09375;-32,75;127,46875;256,65625;643,875;1139,0625;1661,875;2101,75;2357,125;2414,78125;2426,875;2315;2320,59375;2498,15625;2772,90625;3577,59375;4206,875;4992,5625;5336,75;5793,46875;5610,375;5150,65625;4481,09375;4001,3125;3719,4375;3426,875;3645,21875;3980,84375;4817,5625;6416,4375;8191,75;10729,5;13336,125;15670,5;17756,71875;19824,25;21149,53125;21810,5625;21748,84375;22176,4375;22251,96875;22128,0625;22763,28125;23985,28125;24928,6875;25577,5625;27061,96875;28821,96875;29844,28125;30873,71875;32155,125;32767;32767;32767;32767;32767;32767;32767;31792,9375;30932,625;29766,75;28795,9375;28026,375;27666,75;27812,5;27933,84375;28815,78125;30235,53125;31281,71875;32468,46875;32767;32767;32767;32546,84375;30789,25;29109,5625;27034,96875;24887,0625;23572,75;22746,25;22420,03125;22698,59375;24396,4375;26406,6875;28122,0625;30194,03125;31685,40625;32464,15625;32300,65625;31178,8125;29062,90625;27340,21875;24540,71875;21873,375;19430,28125;17686,84375;16478,5;15997,78125;16483,40625;17305,71875;18763,0625;20238,71875;21659,5625;22864,65625;23118,875;22478,28125;20889,15625;19238,34375;16279,03125;13296,53125;10838,65625;7990,09375;5603,3125;3562,53125;2234,9375;962,6875;209,875;-135,40625;-473,625;-340,65625;-355;-248,84375;-105,9375;-255,78125;-46,84375;-3,78125;-242,5625;-104,28125;-277,71875;-312,75;-364,09375;-247,625;-127,15625;-302,4375;-114,1875;-278,53125;-55,1875;-6,8125;-4,875;-217,90625;-97,8125;-176,1875;-182,125;-206,84375;-279,84375;-127,625;-426,625;-178,625;-78,78125;63,46875;18,28125;-34,8125;-20,8125;102,4375;-9,875;-98,9375;-65,78125;-93,875;52,53125;-58,96875;-65,3125;62,78125;-124,9375;-149,28125;-92,5;-126,875;-79,9375;-97,03125;-292,53125;-194,625;30,46875;-231,28125;-14,3125;81,1875;20,71875;-219,34375;95,09375;-228,5;-104,96875;-132,59375;8,09375;-173,15625;-88,03125;-78,375;22,59375;-172,46875;98,875;-134;-165,75;-19,84375;-82,34375;-136,53125;-101,71875;-276,96875;-137,5625;-156,53125;-177,46875;-231,875;31,75;-305,375;-151,34375;37,3125;-149,40625;-20,65625;-15,125;-224,8125;-27;-321,84375;82,28125;40,90625;-183,71875;-34,84375;-139,96875;277,75;-132,9375;-135,75;-16,40625;-41,15625;13,4375;51,5;-221,25;-213,0625;-5,875;-69,15625;-73,96875;39,78125;22,875;-87,65625;157,5;93,5625;-104,6875;
-195,625;-432,09375;-419,03125;-279,46875;-71,0625;-369,59375;-188,15625;-343,6875;-197;-248,59375;-170,1875;-401,78125;-359,65625;-295,4375;-366,9375;-162,46875;-208,25;-336,75;-174,5;-415,625;-411,84375;-117;-76,59375;-270,8125;-173,40625;-319,03125;-403,8125;-296,3125;-195,5;-287,5625;-81,21875;-257,125;-151,03125;-124,90625;-69,375;-264,09375;-205,71875;-208,625;0,25;-112,03125;-180,28125;-150,8125;-91,0625;-279,125;-273,15625;-216,71875;-222,59375;-173,34375;-270,8125;-354,28125;-154,34375;-228,75;-57,09375;-307,03125;-54,25;-95,15625;-216,375;80,6875;-71,28125;-216,15625;-164;-259,53125;-184,96875;-147,3125;-192;51,21875;-177,84375;15,6875;-242,65625;-127,46875;-225,75;-14,65625;-308,375;-238,53125;-264,34375;-130,28125;-12,3125;-55,125;-80,15625;-86,5625;-255,25;-163,9375;-326,9375;-79,78125;-134,03125;99,0625;129,0625;219,9375;58,4375;-41,9375;-265,3125;-99,96875;131,03125;437,78125;1027,28125;1634,40625;1927,09375;2087,6875;2246,875;2132,21875;2280,15625;2077,71875;2343,03125;2859,5625;3398,21875;4030,53125;4799,875;5239,5;5521,53125;5585,875;5001,125;4374,96875;3939,9375;3530,375;3378,59375;3438,09375;3847;4720,71875;6070,96875;8000,34375;10522,28125;12955,21875;15501,15625;17793,78125;20044,8125;20828,71875;21597,59375;21726,1875;22242,03125;22135,34375;22086,8125;22865,4375;23736,75;24650,09375;25717,34375;26678,96875;28353,71875;29738,65625;31201,78125;32226,96875;32767;32767;32767;32767;32767;32767;32767;32277,0625;31454,375;30013,3125;29125,625;28380,59375;28114,75;27818,1875;28117,75;29191,71875;30372,90625;31532,6875;32735,375;32767;32767;32767;32767;31325,28125;29280,125;27528,9375;25309,84375;23910,34375;23095,84375;22617,40625;23079,4375;24740,6875;26517,75;28451,5;30290,78125;31770,0625;32629,5625;32562,875;31293,25;29132,15625;27159,21875;24259,96875;21905,90625;19538,75;18058,9375;16486,5;16172,625;16230,15625;17615,4375;18959,59375;20468,21875;22264,8125;23206,84375;23343,1875;22673,75;20923,125;19250,9375;16487,3125;13597,1875;10696,46875;7881,96875;5726,53125;3415,34375;2030,21875;912,90625;-78,5625;-282,84375;-564,75;-583,875;-824,0625;-466,1875;-223,46875;-454,53125;-551,28125;-479,75;-416,96875;-486,03125;-506,6875;-547,125;-523,96875;-488,6875;-486,46875;-493,40625;-300;-302,8125;-273,875;-200;-357,71875;-224,625;-363,40625;-385,46875;-446,5625;-276,59375;-192,4375;-281;-329,9375;-161,4375;-314,46875;-289,5;-331,71875;-219,78125;-482,96875;-269,625;-124,90625;-257,21875;114,65625;-163,59375;-66,125;-134,625;-302,46875;-217,0625;-256,34375;-156,75;72,46875;-149,3125;-184,875;-115,03125;-439,96875;-223;-115,125;-71,6875;-211,9375;-83,46875;-182,125;-214,75;-171,125;-134,28125;-97,59375;-419;-235,3125;-347,0625;-127,53125;-240,03125;-247,09375;-207,9375;124,5625;-108,875;-19,6875;-303,90625;-308,59375;3,5625;-351,65625;-440,96875;-294,21875;-194,53125;-237,71875;-223,25;-341,34375;-220,59375;-283,34375;-254,4375;-331,3125;-363,15625;-291,09375;-188,71875;-23,65625;-18,78125;147,375;-71;47,25;-289,90625;-239,34375;-312,90625;-57,09375;22,25;-185,0625;-167,9375;-260,1875;-101,59375;-240,8125;-199,03125;-232,34375;-226,34375;-268,1875;-315,5;-216,96875;-249,65625;-316,125;-278,5625;-137,84375;
-445,9375;-234,125;-298,09375;-117,84375;-284,90625;-654,4375;-106,625;-193,59375;-450,15625;-316,1875;-383,84375;-460,09375;-164,46875;-337,6875;-326,1875;-157,125;-458,03125;-465,09375;-270,125;-335,625;-291,28125;-342,90625;-396,34375;-166,5;-363,53125;-397,6875;-432,15625;-163,90625;-358;-310,625;-328,65625;-343,21875;-146,5;-509,75;-223,25;-261,9375;-171,9375;-179,34375;-182;62,53125;-413,59375;-294,78125;-222,9375;-172;-183,78125;-239,40625;-459,46875;-517,71875;-82,0625;-233,90625;-335,40625;-206,125;-151,28125;-117,59375;-303,4375;-302,03125;-480,84375;-315,21875;-374,03125;-119,125;-55,875;-266,03125;-268,8125;-173,34375;-89,96875;-69,28125;-250,71875;-80,78125;-145,3125;-254,90625;-412,03125;-217,78125;-138,84375;-4,71875;-96,03125;-126,09375;-146,375;-268,78125;-56,1875;-185,03125;-54,78125;-149,71875;-23,40625;220,21875;74,90625;32,6875;69,78125;236,09375;168,9375;-109;-59,09375;-282,34375;125,40625;526,75;895,875;1649,4375;1831,59375;2161,125;2303,21875;2373,3125;2152,8125;2098,96875;2421,3125;2549,4375;3126,03125;3913,5;4570,84375;5003,0625;5453,28125;5198,0625;4756,9375;4380,4375;3869,59375;3413,59375;3197,53125;3165,75;3784;4700,96875;5821,25;8058,34375;10361,28125;12738,59375;15101,71875;17514,96875;19497,71875;20760,3125;21326,34375;21795,71875;21769,5;21953,25;22182,25;22641,65625;23645,625;24375,34375;25455,59375;26579;27967,53125;29270,5625;30746,3125;31802,59375;32752,4375;32767;32767;32767;32767;32767;32767;32543,71875;31610,3125;30103,96875;29264,40625;28192,59375;28110,1875;27910,28125;28473,03125;29211,625;30648,59375;31704,65625;32739,40625;32767;32767;32767;32767;31770,46875;29912,0625;27377,46875;25539,25;23774,0625;22982,59375;22590,40625;23151,8125;24529,90625;26737,28125;28655,59375;30412,1875;32019,1875;32767;32550,5625;31285,375;28971,6875;27055,65625;24302,46875;21970,0625;19684,84375;17934,84375;16730,03125;16385,59375;16757,5625;17822,96875;19264,65625;20765,1875;22495,96875;23390,96875;23250,75;22682,75;21408,0625;19027,25;16482,4375;13400,1875;10401,78125;7541,40625;5332,0625;3603,3125;1874,03125;762,40625;137,5625;-227,53125;-627,28125;-534,28125;-645,4375;-337,875;-507,28125;-500,875;-507,0625;-334,125;-255,5625;-494,125;-482,21875;-358,21875;-451,53125;-477,5;-246,71875;-323,40625;-283,46875;-392;-565,84375;-275,40625;-260,0625;-358,96875;-148,09375;-357,28125;-364,0625;-394,28125;-458,125;-444,53125;-379,5;-373,65625;-353,375;-337,1875;-103,4375;-142,46875;-310,21875;-360;-279,84375;-222,6875;-276,65625;-262,84375;-392,3125;-314,53125;-45,21875;-82,5625;-107,90625;-304,96875;-281,34375;-41,65625;-309,03125;-318,84375;-133,0625;-135,71875;-268,03125;-100,90625;-318,3125;-214,21875;-266,4375;-397,96875;-382,1875;-384,46875;-195,96875;-338,625;-119,875;-51,65625;-236,0625;-277,21875;-76,875;-119,25;-227,15625;-236,625;-346,28125;-242,6875;-393,84375;-165,5;-206,375;-362,34375;-293,21875;-154;-234,34375;-422,1875;-394,375;-271,34375;-416,71875;-366,4375;-395,0625;-277,46875;-301;-208,78125;-261,59375;-156,21875;-288,25;-247,875;-240,125;-138,875;-154;-244,5;-298,15625;-349,4375;-261,4375;-259,46875;-251,53125;-401,5;-146,75;-244,90625;-328,46875;-214,96875;-262,03125;-164,90625;-259,59375;-212,9375;-343,125;-312,0625;-179,90625;
-502,21875;-477,125;-313,625;-506,75;-517,46875;-530,0625;-472,375;-330,75;-224,25;-427,78125;-451,25;-222,21875;-171,09375;-462,9375;-166,25;-288,75;-352,375;-421,3125;-205,71875;-335,875;-316,03125;-431,5;-587,3125;-153,34375;-239,625;-358,40625;-343,875;-486,78125;-366,25;-301,40625;-370,59375;-350,9375;-257,75;-275,1875;-205,375;-461,25;-533;-256,1875;-393,28125;-260,8125;-179,625;-369,40625;-410,1875;-469,5;-446,25;-437,96875;-127,75;-342;-458,4375;-556,09375;-476,34375;-165,5625;-416,09375;-245,34375;-504,84375;-265,5625;-360,71875;-234,15625;-315,625;-183,5625;-348,53125;-378,875;-410,65625;-427,84375;-124,59375;-333;-312,0625;-138,03125;-260,4375;-428,25;-257,28125;-197,75;-156,25;-243,5;-190,46875;-324,71875;-235,09375;-235,375;-71,28125;-403,6875;-385,90625;-441,9375;-384,4375;-123,90625;-258,84375;178,9375;199;7,28125;-138,15625;-160,25;-148,34375;-407,3125;208,25;322,78125;967,0625;1303,90625;1868,28125;2263,5;2267,125;2198,625;2041,71875;2049,9375;2027,71875;2254,375;3015,46875;3558,53125;4323,84375;4894,625;5227,21875;4925,75;4652,5;4185,09375;3741,34375;2982,34375;2854,34375;3035,1875;3564,1875;4437,78125;5820,5625;7539,34375;9847,90625;12375,78125;14744,65625;17005,03125;19037,96875;20048,59375;20890,4375;21328,71875;21404,1875;21499,34375;21498,78125;22321,28125;23127,4375;24155,9375;24964,46875;26036,75;27614,1875;29030,46875;30318,53125;31448,0625;32464,5625;32767;32767;32767;32767;32767;32767;32731,15625;32379,1875;30641,5;29279,0625;28358,9375;28043,15625;27900,53125;28483,09375;29214,25;30329,5625;31667,59375;32767;32767;32767;32767;32767;31972,59375;29996,78125;27763,125;25754,03125;24202,46875;23177,78125;22624,5;23204,34375;24609,28125;26659,5625;28500,1875;30474,1875;32103,59375;32767;32743,65625;31155,1875;29239,59375;27263,125;24595,5;21927,125;19781,96875;18236,03125;16688,34375;16519,03125;16741,71875;18079,84375;19199,03125;20980;22534,84375;23350,03125;23212,0625;22358,3125;20669,5625;18819,09375;16123,375;13450,71875;10410;7496,28125;5141,90625;3338,90625;1874,03125;708,5;-184,46875;-292,625;-656,75;-553,0625;-605,375;-405,5;-384,5625;-325,28125;-352,59375;-501,6875;-436,8125;-511,21875;-400,84375;-350,75;-265,15625;-630,4375;-449,53125;-432,8125;-248,4375;-508,09375;-373,5;-239,28125;-554,71875;-220,34375;-408,46875;-465;-452,75;-508,9375;-240,21875;-434,15625;-194,90625;-400,9375;-200,21875;-324,0625;-445,0625;-354,09375;-258,96875;-376,375;-396,40625;-274;-199,90625;-97,5;-191,5625;-436,0625;-200,5625;-88,3125;-364,03125;-72,28125;-226,71875;-177,0625;-301,375;-81,3125;-217,6875;-350,0625;-126,15625;-372,28125;-187,1875;-348,53125;-385,875;-288,125;-289,625;-261,96875;-399,84375;-371,125;-550,21875;-382,78125;-287,5625;-111,75;-146,8125;-100,6875;-180,6875;-413,4375;-108,03125;-281,40625;-332,46875;-466,84375;-350,625;-284,0625;-278,71875;-389,40625;-384,28125;-254,09375;-291,9375;-374,625;-325,96875;-296,125;-369,5;-112,15625;-255,03125;-152,25;-445,34375;-445;-407,78125;-262,03125;-286,78125;-369,34375;-380,09375;-320,875;-428,71875;-186,9375;-324,4375;-285,15625;-281,46875;-287,15625;-231,34375;-462,25;-262,46875;-351,65625;-54,96875;-438,84375;-179,65625;-239,9375;-164,75;-104,5;-200,84375;
-297,09375;-306,78125;-376,71875;-319,1875;-323,65625;-285,03125;-276,15625;-118,53125;-396,875;73,625;-401,96875;-192,15625;-400,21875;-336,96875;-228,4375;-251,28125;-282,75;-258,15625;-204,28125;-263,71875;-536,6875;-371,09375;-494,5;-232,90625;-379,125;-299,375;-121,21875;-261,5625;-476,90625;-123,5625;-216,6875;-277,46875;-147,8125;-243,53125;-147,96875;-140,3125;-291,84375;-323,71875;-81,0625;-162,25;-300,40625;-281,59375;-298,25;-453,40625;-505,15625;-202,75;-325,8125;-289,6875;-287,90625;-186,90625;-392,15625;-208,65625;-239,4375;-275,78125;-324,375;-197,0625;-275,21875;-283,46875;-280,46875;-131,65625;-196,9375;-252,96875;-306,71875;-322,3125;-111,6875;-154,34375;-214,90625;-249,5625;-147,46875;-189,5625;-148,28125;-184,53125;-248,25;-192,09375;-140;-228,8125;-237,96875;-232,9375;-335,21875;-116,375;8,46875;-309,96875;-169,15625;-71,4375;-47,40625;114,75;96,8125;-74;-99,5;-233,375;-158,3125;-260,84375;218,3125;439,65625;1123,40625;1608,375;2002,40625;2284,5;2443,84375;2221,84375;2154,3125;1953,875;1984,21875;2339,125;2991,53125;3485,28125;4131,5625;4629,3125;5067;5234,71875;4483,6875;4029,46875;3539;3220,59375;3154,9375;3276,09375;3566,15625;4202,34375;5610,0625;7578;9632,125;11914,53125;14432,0625;16745,15625;18362,1875;19753,8125;20357,90625;20485,96875;21107,6875;21055,25;21469,90625;22124,34375;22812,03125;23783,78125;24705;25804,78125;27425,8125;28426,96875;29704,28125;30818,09375;32198,78125;32767;32767;32767;32767;32767;32767;32767;32234,875;30587,375;29531,96875;28574,28125;28321,375;27943,5;28282,375;29116,96875;30369,78125;31863,375;32767;32767;32767;32767;32767;32046,40625;30278,59375;28164,625;25875,8125;24042,8125;23154,5625;22917,40625;23450,3125;24782,25;26865,65625;28581,4375;30484,125;31711,90625;32767;32683,625;31456,90625;29400,71875;27612,15625;24706;22038,0625;19814,375;18311,90625;16929,8125;16598,21875;16819;18085;19514,40625;20860,6875;22485,375;23207,03125;23017;22406,40625;20606,375;18637,09375;15825,65625;12991,65625;10139,1875;7640,84375;5031,6875;3151,84375;1723,65625;783,4375;-53,0625;-354,1875;-725,59375;-438,75;-289,96875;-513,75;-444,1875;-395,1875;-225,21875;-479,40625;-382,28125;-362,1875;-591,9375;-650,09375;-501,28125;-504,625;-403,6875;-565,90625;-181,15625;-472,96875;-420,40625;-235,9375;-160;-302,25;-233,21875;-221,53125;-388,625;-280,46875;-278,9375;-364,6875;-383,5;-226,03125;-346,53125;-305,96875;-109,78125;-404,15625;-215,40625;-369,90625;-369,96875;-195,40625;-418,25;-230,28125;-26,625;-262,15625;-147,4375;-162,75;-289,9375;-173,46875;-299,8125;-197,59375;-279,71875;-198,96875;-391,1875;-200,03125;-98;-202,1875;-139,90625;-67,6875;-330,28125;-119,0625;-278,90625;-202,5;-158,71875;-216,75;-239,9375;-114,5;-153,65625;-239,46875;-224,15625;-199,375;36,875;-111,15625;-336,71875;-368,75;-392,125;-557,21875;-252,375;-363,53125;-123,59375;-274,375;-242,875;-344,875;-418,125;-489,6875;-268,34375;-324,78125;-421,75;-413,4375;-129,09375;-355;-344,71875;-232,4375;-192;-294,84375;-199,53125;-309,875;-310,03125;-185,875;-204,21875;-248,28125;-211,84375;-308,0625;-159,40625;-207,625;-153,59375;-124,28125;-425,6875;-238,59375;26,90625;-207,3125;-345,9375;-190,875;-40,78125;-316,53125;-171,53125;
-341,65625;-321,21875;-268,9375;-393,03125;-375,25;-392,4375;-384,0625;-345,40625;-425,5;-617,03125;-248,9375;-536,40625;-248,90625;-589,65625;-150,9375;-386,46875;-340,84375;-361,9375;-566,46875;-325,15625;-427,40625;-456,25;-489,15625;-664,125;-397,875;-217,09375;-418,8125;-256,46875;-560,8125;-379,90625;-244,25;-300,03125;-523,5;-317,75;-226,34375;-298,40625;-179,625;-265,3125;-264,125;-404,46875;-487,4375;-224,125;-623,5;-397,21875;-477,6875;-297,5625;-407,3125;-499,75;-459,90625;-473,84375;-165,375;-437,21875;-229,125;-441,375;-403,78125;-348,78125;-452,25;-470,53125;-304,125;-403,84375;-261,03125;-267,34375;-349,3125;-394,625;-227,5625;-495,5;-209,90625;-132,1875;-402,5625;-213,625;-379,21875;-244,9375;-292,34375;-377,34375;-247,53125;-240,9375;-315,65625;4,78125;-262,625;-311,625;-512,90625;-359,5;-369,53125;-229,9375;-133,3125;-4,8125;100,65625;-197,96875;19,09375;-132,90625;-135,78125;-111,90625;127,09375;513,40625;898,28125;1486,6875;1749,21875;2151,375;2350,5625;2256,65625;2137,28125;1838,03125;1926,21875;2156,71875;2889,40625;3483,03125;3967,40625;4481,5;4859,8125;4981,71875;4480,5625;4077,8125;3482,625;2819,625;2878,6875;2883,59375;3393,125;4130,15625;5521,59375;7117,4375;9237,71875;11783,9375;13804,71875;16019,40625;17851,5;19078,625;19733,8125;20158;20517,53125;20719,0625;21104,28125;21766,6875;22386,8125;23325,1875;24428;25456,8125;26855,75;27868,375;29243,5625;30338,5625;31647,28125;32767;32767;32767;32767;32767;32767;32576,59375;31726,125;30179,65625;29098,8125;28089,625;28008,09375;27504,875;27876,34375;28807,46875;29997,125;31375,84375;32767;32767;32767;32767;32767;32193,875;30153,25;27769,625;25827,625;24027,40625;23378,625;23052,90625;23739,15625;24800,21875;26790,15625;28604,78125;30486,25;31904,65625;32604,59375;32735,84375;31376,65625;29508,96875;27585,6875;24755,1875;21956,53125;19959,375;18085,25;17196,375;16592,90625;17160,75;17888;19565,21875;20898,8125;22311,59375;22968,25;22844,625;22324,59375;20515,1875;18439,09375;15492,5;12817,46875;9881,84375;7201,40625;4568,46875;2933,46875;1392,09375;435,03125;-227,03125;-789,5625;-739,75;-677,6875;-452,34375;-531,96875;-431,28125;-659,65625;-540,75;-362,125;-605,90625;-566,375;-622,8125;-518,46875;-557,9375;-427,84375;-517,875;-307,1875;-327,28125;-364,28125;-394,125;-338,0625;-368,0625;-302,75;-537,5625;-419,6875;-410,46875;-531,90625;-506,4375;-338,84375;-348,46875;-166,5625;-362,8125;-343,75;-426,125;-495,8125;-319,125;-311,96875;-352,65625;-333,34375;-241,5625;-81,78125;-291,90625;-603;-264,9375;-125,34375;-124,59375;-222,3125;-243,84375;-459,875;-326,15625;-569,0625;-506,90625;-397,21875;-345,625;-315;-168,40625;-143,1875;-399,46875;-508,625;-375,96875;-347,375;-364,65625;-372,21875;-261,28125;-282,15625;-183,96875;-290,875;-49,96875;-198,75;-86,6875;-380,90625;-327,71875;-411,125;-382,6875;-315,34375;-476,15625;-173,375;-287,21875;-674,8125;-255,15625;-144,75;-336,96875;-309,3125;-281,625;-374,03125;-378,28125;-380,8125;-371,96875;-297,84375;-166,3125;-392,5;-311,40625;-84;-336,1875;-256,25;-424,59375;-247,34375;-355,0625;-418,6875;-402,9375;-231,4375;-277,6875;-485,53125;-105,09375;-228,78125;-396,15625;-504,25;-301,96875;-290,9375;-269,75;-237,15625;46,71875;-123,21875;-122,28125;
-416,5625;-442,6875;-355,71875;-307,40625;-309,03125;-404,625;-202,78125;-116,75;-282,1875;-492,1875;-262,46875;-482,0625;-369,78125;-216,15625;-304,53125;-321,625;-186,46875;-294,59375;-286,875;-172,78125;-368,8125;-255,875;-64,875;-317,875;-254,8125;-469,1875;-257,9375;-211,8125;-163,5625;-143,53125;-228,09375;-183,03125;-327,625;-123,78125;-211,875;-108,46875;-177,625;-433;-376,5;-363,15625;-562,90625;-220,15625;-422,90625;-251,90625;-228,15625;-239,25;-406,46875;-158,6875;-631,3125;-337,46875;-308,84375;-299,96875;-315,90625;-355,15625;-478,9375;-192,90625;-202,0625;-413,65625;-84,8125;-154,40625;-60,03125;-227,71875;-246,3125;-229,15625;-563,40625;-152,625;-334,9375;-223,96875;-210;-40,5625;3,6875;-79,625;-293,5;-242,1875;-364,46875;-283,15625;-217,84375;-207,6875;-264,46875;-323;-348,21875;-286,8125;-125,15625;-90,0625;-121,5625;149,78125;152,78125;85,34375;-13,34375;148,1875;-206,84375;-134,21875;41,5625;381,34375;951,25;1660,09375;1927,3125;2359,5;2257,125;2338,03125;1970,78125;1781,78125;1889,34375;2321,21875;2729,875;3539,1875;4160,125;4655,625;4639,21875;4801,875;4277,90625;3622,71875;3363,40625;3032,875;2754,25;2857,90625;3343,84375;4079,875;5449,8125;7002,65625;9122,78125;11396,25;13569,65625;15785,28125;17700,78125;18843,1875;19463,0625;19962,34375;20409,4375;20943,65625;21121,4375;21650,875;22738,65625;23319,25;24262,1875;25469,96875;26722,28125;27999,53125;28999,21875;30266,96875;31657,4375;32690,6875;32767;32767;32767;32767;32767;32384,71875;31595;30111,65625;29082,34375;27988,75;27533,21875;27344,5625;27584,625;28428,65625;29961,90625;31538,1875;32767;32767;32767;32767;32767;32238,65625;30242,375;28001,90625;26052,875;24442,53125;23615,96875;23216,53125;23904,5625;25195,3125;26921,90625;28795,1875;30651,03125;32047,125;32767;32767;31560,34375;29766,9375;27522,28125;24774,375;22485,625;19993,84375;18238,6875;17035,6875;16780,75;17175,71875;18260,3125;19509,125;21044,15625;22041,375;22883;23076,5;22239,65625;20350,21875;18378,21875;15393,53125;12652,75;9577,96875;7130,78125;4795,875;2897,53125;1376,0625;611,5;-153,4375;-579,40625;-763,0625;-644,65625;-389,03125;-559;-205,4375;-263,84375;-493,84375;-492,59375;-364,96875;-557,09375;-345,3125;-367,1875;-437,53125;-341,46875;-446,34375;-369,84375;-41,28125;-365,53125;-190,53125;-312,59375;-206,5;-370,25;-424,3125;-194,375;-338,53125;-302,84375;-292,84375;-225,46875;-295,5;-176,6875;-415,28125;-179,375;-356,21875;-242,59375;-252,96875;-212,78125;-268,125;-181;-212,875;-78,84375;-121,5625;-120,9375;-262;-139,9375;-350,3125;-212,4375;-85,25;-193,71875;-382,8125;-355,625;-278,03125;-119,125;-38,0625;3,28125;-245,0625;-61,875;-176,09375;-172,4375;-332,84375;-376,1875;-85,5625;-210,96875;-78,375;-243,28125;-137,0625;86,90625;-157,6875;-95,40625;-64,875;-176,28125;-304,65625;-299,28125;-172,34375;-502,6875;-437,625;-320,4375;-391,0625;-341,03125;-406,75;-171,53125;-298,53125;-245,4375;-277,09375;-153,9375;-337,46875;-263,96875;-309,90625;-477,9375;-252,09375;-232,5;-298,34375;-342,03125;-197,875;-275,75;-403,34375;-184,65625;-177,21875;-61,21875;-230,40625;-281,9375;-203,90625;-354,84375;-163,71875;-93,90625;-130,4375;-227,625;-144,15625;-241,09375;-149,125;-144,25;-103,28125;-200,3125;-105,25;
95,75;-41,875;-75;196,625;-265,5625;-164,15625;-109,90625;-116,90625;2;179,5625;-131,3125;-183,875;118,75;-67,78125;-246,3125;-258,875;-157,65625;41,40625;-78,625;-140,625;-292,59375;-260,09375;-285,3125;-128,1875;-21,125;-37,90625;-180,53125;-250,1875;-90,875;-42,53125;-100,375;-156,5625;26,9375;208,46875;16,8125;87,46875;-115,78125;80,90625;-204,875;78,40625;-308,65625;-192,9375;20,4375;-1,15625;-75;-88,625;-1,75;-328,75;11,53125;-37,875;96,65625;28,28125;61,90625;-56,34375;-94,0625;-5,25;254,75;-77,1875;-27,40625;-4,625;-152,15625;-104,78125;-225,4375;-24,5625;-129,78125;10,09375;64;-26,21875;-91,40625;36,21875;68,28125;85,5;8,09375;-22,78125;32;-68,6875;56,8125;-251,96875;200,5625;-42,65625;-21,625;-174,34375;77,53125;278,96875;43,15625;382,59375;268,75;280,03125;267,71875;128,46875;55,21875;254,03125;437,375;553,84375;1061,71875;1797,84375;2411,4375;2551;2705,8125;2683,6875;2380,21875;2114,25;2268,28125;2431,875;3188,4375;3404,40625;4337,21875;4721,5;4981,59375;4876,15625;4508,46875;4131,96875;3563,25;3160,03125;2994,875;3138,5;3527,3125;4196,78125;5377,84375;7169,15625;9296,46875;11455,1875;13767,4375;15869,1875;17449,125;18638,625;19516,40625;19912,4375;20641,40625;20967,375;21456,53125;22052,625;22832,875;23548,65625;24300,375;25469,03125;26742,21875;27826,28125;29079,5;30715,15625;31828,5;32456,65625;32767;32767;32767;32767;32767;32700,625;31457,375;29874,8125;28872,15625;27974,1875;27450,40625;27069;27675,03125;28571,65625;30034,40625;31554,75;32767;32767;32767;32767;32767;32767;30750,09375;28575,65625;26503,03125;24617,625;24044,6875;23545,78125;24238,90625;25425,15625;27058,53125;29185,0625;31143,375;32317;32767;32767;32149,59375;30077,21875;27903,375;25181,875;22742,09375;20355,125;18647,46875;17340,875;17020,21875;17464,5625;18367,25;19679,65625;20918,125;22581,75;23433,375;23125,46875;22235,875;20599,5;18450,84375;15490,96875;12750,5625;9701,25;7090,0625;5041,8125;3109,25;1617,375;708,1875;10,28125;-353,53125;-328,46875;-361,0625;-201,25;-83,8125;-149,125;-32,4375;-13;-203,5625;89,03125;-209,3125;-208,15625;-285,75;-288,78125;-145,25;-290,90625;-160,84375;-85,875;141,375;-216,5;-79,40625;96,1875;-180,15625;58,25;-80,125;-33,15625;-238,53125;-100,6875;-61,15625;-129,5;122,5625;41,6875;-65,90625;115;43,90625;6,59375;6,375;50,625;26,9375;10,15625;-120,4375;-53,03125;108,65625;-50,03125;76,9375;69,84375;-41,34375;-23,28125;-37,59375;2,34375;86,25;61,375;112,09375;-127,625;-138,96875;9,8125;-17,125;164,25;117,21875;-66,375;-170,96875;35,78125;220,25;105,21875;151,9375;142,375;50,59375;45,21875;66,78125;94,21875;73,3125;-109,1875;-288,59375;55,3125;56,28125;-78,9375;25,96875;157,1875;-169,34375;163,9375;116,6875;-2,125;5,28125;35,96875;145,96875;90,0625;-120,71875;102,03125;0,9375;-119,46875;68,71875;2,1875;-56,6875;51,21875;282,28125;-126,75;118,5;94,4375;146,71875;305,28125;-223,03125;84,625;73,75;43,125;-71,96875;61,34375;90,125;224,15625;119,59375;106,65625;66,25;-59,40625;312,6875;3,5;
-304,21875;-262,75;-453,125;-137,21875;-224,34375;-250,90625;-127,125;-202,3125;-357,3125;-308,5;-160,3125;-433,75;-186,28125;-536,5;-314,65625;-213,59375;-332;-416,5;-381,6875;-175,375;-379,21875;-265,1875;-154,9375;-369,3125;-438,09375;-498,15625;-407,21875;-256,9375;-336,375;-210,4375;-367,59375;-90,125;-310,9375;-107,75;-248,15625;-385,625;-345,78125;-346,46875;-123,84375;-391,4375;-285,09375;-490,71875;-226,21875;-243,84375;-193,875;-321,09375;-302,4375;-404,5625;-208,875;-197,1875;-242,84375;-198,0625;-256,21875;-371,71875;-215,40625;-121,28125;-463,75;-392,40625;-198,53125;-397,84375;-230,65625;-231,6875;-260,0625;45,40625;-232,59375;-143,25;-351,09375;-274,71875;-432,5;-217,6875;-70,34375;-280,59375;-357,78125;-190;-420;-284,3125;-154,28125;-190,0625;-166,90625;-93,84375;-434,75;-416,625;-182,90625;-115,21875;-13,59375;303,8125;171,53125;114,84375;40,9375;-9,875;-59,96875;56,125;124,9375;365,8125;737,15625;1447,03125;1730,71875;2151,78125;2165,65625;2038,15625;2135,125;2052,1875;1704,1875;2120,3125;2775,21875;3437,625;3779,28125;4424,5625;4767,65625;4706,0625;4522,59375;3808,53125;3435,875;2964,9375;2760,1875;2845,46875;3321,125;4068,875;5316,28125;6602,5625;8766,75;11167,9375;13326,4375;15170,3125;16949,1875;18122,4375;19283,71875;19624,5625;20290,15625;20576,0625;20888,3125;21588,875;22393,46875;23023,46875;23940,09375;24948,125;26509,9375;27525,21875;28831,21875;29998,5625;31201,28125;31983,875;32594,4375;32767;32767;32767;32767;32439,75;31267,53125;29463,03125;28130,03125;27309,09375;26703,0625;26660,71875;27113,21875;28334,4375;29989,96875;31239,5;32767;32767;32767;32767;32767;32668,625;30714,90625;28256,625;26404,90625;24593,40625;23548,78125;23100,0625;23865,71875;25336,21875;27151,21875;28881,40625;30643,5625;32027,59375;32707,6875;32460,53125;31489,03125;29603,6875;27595,3125;24900,6875;22323,90625;19886,40625;18153,15625;17082,15625;16689,28125;17063,46875;18205,53125;19597,1875;20955,09375;22400,625;22974,90625;23073,21875;22066,28125;20386,5;17808,90625;14989,96875;12106,5625;9117,3125;6922,5625;4591,28125;2453,46875;1291,4375;305,4375;-250,25;-394,40625;-597,40625;-476;-227,65625;-250,03125;-371,65625;-274,625;-443,46875;-442,8125;-541;-484,65625;-513,34375;-534,25;-563,28125;-378,75;-523;-537,71875;-410;-485,5625;-262,84375;-428,90625;-484,65625;-476,09375;-395,875;-380,03125;-354,8125;-333;-374,65625;-483,46875;-440,96875;-368,5625;-467,375;-212,375;-355,8125;-302,375;-309,1875;-374,21875;-99,375;-166,71875;-278,25;-282,3125;-381,59375;-169,03125;-269,6875;-213,46875;-245,4375;-276,8125;-76,40625;-227,71875;-206,625;-437,875;-249;-403,6875;-170,90625;-107,03125;-114,71875;-140,0625;-332,0625;-283,71875;-220,78125;-182,65625;-246,15625;-74,1875;15,3125;-22,15625;-211,125;-204,03125;-359,46875;-297,21875;-175,59375;-315,75;-304,6875;-421,71875;-243,3125;-236,25;-178,6875;-387;-364,78125;-535,28125;-121,15625;-280,4375;-411,6875;-356,09375;-242,46875;-412;-410,03125;-208,96875;-75,625;-237,375;-77,9375;-379,625;-306,4375;-176,0625;-60,3125;-361,46875;-44,5625;-208,03125;-309,46875;-229;-437,28125;-322,8125;-306,28125;-244,71875;-209,28125;-170,34375;-284,53125;-359,09375;-336,75;-89,1875;-258,5;-213,53125;-379,625;-126,34375;-353,875;
-356,71875;-475,46875;1234,625;-324,40625;-210,34375;-315,875;-299,25;-333,34375;-325,34375;-318,6875;-113,96875;-128,875;-108,5;-224,46875;-166,3125;-328,875;-386,59375;-196,75;-290,25;-246,3125;-148,4375;-448,09375;-146,3125;-441,875;-127,6875;-400,03125;-223,625;-308,625;-251,09375;-256,59375;-119,5625;-368,75;-297,125;-333,46875;-55,03125;-296,28125;-162,71875;-185,5625;-514,3125;-264,53125;-169,59375;-292,625;-289,1875;-117,65625;-511,28125;-340,1875;-250,78125;-394,3125;-377,4375;-120,125;-131,1875;-260,53125;-215,15625;-181,75;-451,15625;-41,6875;-257;-182,375;-370,6875;-389,59375;-322,84375;-141,03125;-202,71875;-196,96875;-260,09375;-108,65625;-139,90625;11,34375;-262,0625;-315,375;-109,28125;-261,5625;-345,1875;-138,09375;-73,4375;-86,84375;-74,3125;-212,375;-217,09375;-179,96875;-363;-374,78125;-347,90625;-210,375;-182,6875;151,09375;110,90625;150,375;232,125;-38,375;153;-120,03125;279,84375;90,875;868,84375;1441,125;1978,25;2106,46875;2256,5625;2336,59375;2011,8125;1823,6875;2110,03125;2137,65625;2596,25;3366,9375;4055,9375;4454,3125;4840,65625;4530;4567,21875;3875,75;3485,78125;3335,1875;2811,78125;2997,03125;3356,71875;4071,28125;5130,21875;6715,09375;8891,0625;11111,625;13256,5;15282,09375;16794,4375;18113,21875;19161,625;19725,59375;20196,5;20739,09375;21018,375;21796,78125;22683,96875;23379,28125;24202,8125;25043,125;26358;27172,75;28753,375;30179,125;31387,25;32028,4375;32684,8125;32767;32767;32767;32767;32087,625;30821;29498,78125;28766,5625;27548,5;26739,5625;26638,84375;27008,75;28309,3125;29920,8125;31371,53125;32767;32767;32767;32767;32767;32767;31091,125;28719,71875;26342,59375;24836,4375;23869,40625;23461,1875;23924,8125;25374,90625;27251,8125;29108,78125;30915,71875;32401,09375;32767;32588,84375;31924,71875;29826,25;27607,25;25127,125;22424,78125;20114,375;18468,5;17394,34375;17104,21875;17269,09375;18527,1875;19914,875;21275,0625;22514,46875;23095,5;22934,4375;22122,4375;20271,28125;17779,9375;14922,84375;12146,34375;9070,46875;6715,1875;4555,96875;2582,09375;1382,59375;358,46875;-149,96875;-749,6875;-304,03125;-510;-400,25;-398,875;-300,3125;-375,28125;-465,09375;-382,28125;-307,125;-436,40625;-368,40625;-570,40625;-302,03125;-347,4375;-443,71875;-281,71875;-476,46875;-315,8125;-329,96875;-467,1875;-344,4375;-422;-352,5625;-348,5625;-450,09375;-106,53125;-286,3125;-258,625;-227,96875;-144;-310,21875;-338,59375;-225,3125;-236,40625;-231,5625;-223,09375;-281,8125;-132,78125;-209,28125;-202,28125;-289,34375;-257,875;-161,53125;-80,15625;-185,53125;-105,96875;-230,125;-338,75;-355,625;-360,5;-320,34375;-378,46875;-61,34375;-232,90625;-124,78125;-1,28125;-224,0625;-262,65625;-100,90625;-198,78125;-322,4375;-330,15625;-151,9375;-141,25;-37,6875;-42;-117,75;-246,75;-156,59375;-282,46875;-359,125;-158,46875;-231,59375;-188,28125;-332,21875;-102,65625;-306,15625;-418,28125;-317,78125;-72,03125;-211;-255,5625;-327,78125;-350,5625;-1,09375;-339,5;-175,40625;-92,25;-478,25;-319,34375;-195,28125;-280,0625;-222,25;-210,1875;-243,3125;-141,25;-12,1875;-160,53125;-267,65625;-275,71875;-133,46875;-115,5625;-341,9375;-240,0625;-181,875;-115,75;-106,46875;51,78125;-153,96875;-31,875;-374,65625;-202,5625;-95,125;
-335,84375;-160,65625;-92,0625;-167,8125;-132;-164,9375;-139,4375;-93,8125;-370,75;-239,8125;-142,21875;-198,03125;-67,25;-260,09375;-242,09375;-182,6875;-88,53125;-142,09375;-251,03125;-408,34375;-378,15625;-557,15625;-144,84375;-397,03125;-250,53125;-326,625;-308,40625;-247,78125;-415,90625;-193,65625;-260;-407,09375;-187,6875;-237,40625;-335,71875;-340,28125;-388,0625;-394,5;-387,75;-48,3125;-276,375;-233,5;-327,34375;20,9375;-562,5625;-320,1875;-490,75;-48,75;-280,9375;-274,5;-246,71875;-375,34375;-255,3125;-162,78125;-267,40625;-378,28125;-267,4375;-336,96875;-98,03125;-262,25;-511,6875;-289,6875;-259,6875;-244,03125;-413,15625;-436,5625;-179,65625;-196,96875;-92,84375;-262,53125;-205,0625;-393,0625;-212,21875;-331,375;-445,28125;-144,75;-61,28125;-204,03125;-217;-244,75;-345;-434,53125;-215,40625;-226;-116,84375;251,125;227,75;197,78125;121,46875;-58,5625;-142,59375;90,96875;132,5;474,09375;877,625;1163,09375;1931,1875;2019,4375;2106,15625;2116;1919,5625;2113,78125;1865,40625;2192,09375;2778,90625;3284,90625;3951,75;4409,53125;4509,71875;4699,90625;4354,3125;3848,625;3508,75;2998,96875;3039,375;3169,71875;3579,90625;4237,53125;5305,25;6993,15625;8810,6875;11160,3125;13116,375;15215,65625;16961,46875;18217,90625;19196,1875;19478,9375;20257,25;20647,5;21249,78125;21842,59375;22658,84375;23232,375;24053,84375;24734,875;26063,125;26927,3125;28355,15625;29768,5625;31177,5;31896,65625;32404,5625;32767;32767;32767;32767;32138,125;30760;29184,34375;28198,0625;27079,4375;26637,375;26533,625;27142,75;28202,78125;29965,71875;31596,03125;32767;32767;32767;32767;32767;32767;31450,25;28795,65625;26254,90625;24707,59375;23822,40625;23446,5;24188,71875;25556,5;27309,46875;29264,53125;31247,03125;32285,875;32767;32767;31693,25;29845,90625;27711,21875;25000,3125;22495,25;20420,78125;18522,4375;17435,8125;17160,5625;17665,09375;18873,28125;20285,53125;22005,03125;22915,5625;23217,9375;23024,8125;21731,25;19912,8125;17631,25;14709,25;12064,34375;9191,65625;6608,125;4510,8125;2607,5;1253,25;525,625;-214,1875;-564,625;-621,6875;-616,3125;-412,8125;-274,03125;-230,65625;-292,375;-402;-347,28125;-492,09375;-502,5;-374,75;-277,4375;-261,5;-394,6875;-272,15625;-391,8125;-261;-366;-440,84375;-352,90625;-464,21875;-355,9375;-200,21875;-314,25;-284,28125;-178,25;-242,875;-405,75;-297,5;-417,875;-178,875;-286,34375;-233,96875;-525,625;-307,75;-347;-327,125;-246,375;-304,9375;-185,15625;-159,28125;-366,90625;-253,53125;-446,84375;-106,96875;-257,09375;-287,09375;-150,40625;-199,375;-210,4375;-59,6875;-181,9375;3,46875;-249,75;-267,9375;-121,8125;-157,09375;-265,59375;-392,875;-143,8125;-30,875;-5,34375;-295,84375;-11,0625;-133,21875;-268,5;-69,0625;80,8125;-70,34375;-198,90625;-191,84375;-246;-313,96875;-396,9375;-309,34375;-174,875;-240,34375;-74,875;-217,65625;-122,6875;-297,375;-336,21875;-380,25;-146;-112,46875;-424,90625;-256;-179,875;-316,1875;-215,25;-201,75;-498,0625;-108,125;-187,90625;-344,53125;-160,34375;-331,875;-296,625;-200,625;-65,875;-231,53125;-21,40625;-147,53125;-226,3125;-162,65625;72,15625;-362,9375;-304,65625;43,96875;-57,96875;-50,53125;-121,03125;51,03125;
-201,71875;-105,0625;-256,1875;-162,875;-229,6875;-275,65625;-138,15625;-268,3125;-145,1875;-169,28125;-269,8125;-176,5625;-414,75;-346,59375;-311,5625;-302;-374,65625;-347,125;-416,0625;-272,03125;-563,125;-551,75;-143,21875;-225,4375;-264,09375;-377,0625;-272,875;-238,9375;-209,71875;-199,125;-268,78125;-15,875;-179,15625;-315,40625;-349,96875;-230,3125;-190,5;-274,1875;-318,09375;-279,3125;-513,1875;-143;-244,84375;-141,25;-262,78125;-122,5;-513,5;-367,59375;-329,34375;-373,96875;-286,40625;-228,6875;-388,6875;-174,4375;-397,96875;-365,34375;-303,4375;-243,34375;-399;-205,15625;-88,53125;-188,40625;-193,5;-174,15625;-424,46875;-297,4375;-230,34375;-295,90625;-162,75;-232,78125;-241,5625;-381,21875;-30,375;-118,71875;-305,09375;-40,5625;-111,21875;-89,5625;-421,09375;-284,46875;-315,8125;-202,65625;-208,625;-209,5625;189,75;32,96875;393,375;83,34375;261,25;-163,0625;69,375;-80,15625;41,5;358,125;818,53125;1221,96875;1703,625;2226,78125;2264,34375;2038,375;1690,28125;1784,1875;2042,5;1992,34375;2565,59375;3181,9375;3932,3125;4268,40625;4679,5;4453,90625;4348,875;3726,53125;3828,625;3317,21875;2863,28125;3068,875;3534,21875;3964,09375;5420;6891,90625;8809,59375;11056,65625;13240,375;15230,5;16728,84375;18265,1875;18703,375;19480,5625;20130,03125;20646,21875;20970;21466,0625;22411,9375;23219,3125;23988,90625;24571,1875;25829,15625;26925,34375;28194,125;29506,46875;30677,0625;31853,65625;32749,53125;32767;32767;32767;32767;31868,1875;30716,03125;29479,75;28141,21875;27134,625;26601,625;26618,71875;27454,34375;28604,9375;29905,625;31880,75;32767;32767;32767;32767;32767;32767;31252,6875;28906,75;26522,59375;24839,21875;23809,25;23685,875;24056,03125;25745,96875;27573;29313,8125;31123,71875;32356,84375;32767;32767;31853,03125;29923,6875;27781,0625;24920,125;22407,21875;20423,34375;18791,6875;17525,71875;17581,9375;17690,71875;18969,09375;20286,34375;21902,3125;22914,3125;23346,46875;22887,53125;21870,1875;20112,6875;17719,53125;14663,78125;11717,8125;9099,96875;6359,125;4384,6875;2528,09375;1283,75;412,5625;-316,78125;-536,40625;-548,90625;-432,0625;-529,09375;-379,9375;-450,6875;-331,53125;-174,6875;-618,21875;-429,03125;-718,15625;-220,9375;-569,625;-589,40625;-511,03125;-539,59375;-452,875;-698,4375;-461,8125;-417,71875;-317,5625;-468,71875;-439,875;-264,75;-354,875;-449,625;-324,34375;-435,5;-232,25;-343,6875;-275,59375;-463,0625;-156,71875;-203,71875;-316,625;-332,03125;-287,40625;-184,90625;-291,84375;-233,53125;-301,15625;-310,6875;-156,15625;-295,5;-302,71875;-140,59375;-498,9375;-375,78125;-224,1875;-274,03125;-344,21875;-96,375;-162,9375;-219,03125;-263,53125;-118,90625;139,625;-128,9375;-288,9375;-276,25;-105,46875;-313,96875;-88,125;21,3125;-84,6875;-458,1875;-139,40625;-334;-320,84375;-202,53125;-414,78125;-239,15625;-330,09375;-350,15625;-300,4375;-190,09375;-364,90625;-147,25;-190,1875;-443,59375;-175,75;-444,03125;-291,21875;-379,03125;-358,78125;-371,59375;-284,5625;-201,03125;-545,40625;-446,28125;-312,4375;-198,15625;-185,21875;-265,71875;-257,125;-213,09375;-163,9375;-355,15625;-400,375;-179,84375;-257,84375;-361,75;-372,03125;-128,5625;-243,78125;-150,5625;-216,21875;-397,03125;36,25;-243,21875;-316,84375;-439,53125;-424,84375;-223,59375;
-278,96875;-146,34375;-304,40625;-60,96875;-26,1875;-157,96875;-231,71875;-104,625;-413,875;-130,25;-398,25;-356,21875;-216,90625;-232,8125;-371,34375;-324,65625;-220,96875;-311,75;-255,53125;-286,9375;-329,28125;-192,21875;-251,875;-208,8125;-516,125;-311,5625;-315,34375;-307,34375;-318,96875;-253,78125;-207,34375;-201,78125;-386,5625;-296,46875;-373,5;-343,90625;-463,625;-370,1875;-152,4375;-209,40625;-530,0625;-319;-424,78125;-485,96875;-519,6875;-364,3125;-488;-739,875;-289,375;-199,625;-472,40625;-168,875;-216,8125;-445,65625;-554,40625;-372,0625;-436,59375;-285,28125;-281,71875;-339,65625;-287,46875;-197,75;-279,8125;-305,25;-234,3125;-305,5625;-131,03125;-182,375;-129,59375;-33,09375;-367,03125;-26,125;-188,5625;-41,875;-182,9375;-332,53125;-315,3125;-243,0625;-255,8125;-344,5625;-351,5625;-310,4375;-317,8125;-245,8125;7;284,5;113,78125;107,34375;96;-28,34375;-191,375;-200,59375;130,9375;259,5625;774,1875;1417,4375;1827,3125;2101;2053,71875;2135,84375;2048,96875;1942,34375;1941,96875;2232,6875;2590,5625;3194,25;3934,5625;4427,625;4574,21875;4644,1875;4258,21875;4053,75;3604,65625;3136,625;3083,5625;3384,3125;3538,9375;4143,65625;5451,3125;6847,34375;8811,78125;10987,53125;13098,65625;15125,15625;16746,1875;17943,3125;18636,78125;19356,90625;20257,3125;20330,25;20890,59375;21826,46875;22403,1875;23018,71875;23869,5;24533,78125;25927,8125;26800,0625;28012,625;29454,15625;30549,25;31540,625;32264,28125;32767;32767;32767;32767;31646,875;31032,46875;29421,5;28149,25;26758,71875;26789,9375;26626,1875;27370,25;28356,34375;30496,90625;31909,78125;32767;32767;32767;32767;32767;32767;31083,84375;28656,875;26653,3125;24821,96875;24040,8125;23758,21875;24481,1875;25905,6875;27728,65625;29409,65625;31061,75;32591,5625;32767;32767;31882,84375;29827,75;27669,46875;25096,46875;22681,03125;20477,90625;18730,125;17652,84375;17381,46875;17918,6875;18880,375;20434,8125;21902,28125;23100,4375;23621,3125;23057,40625;21928,34375;19919,53125;17882,8125;14540,375;11841,71875;8961,28125;6432,71875;4197,71875;2376,1875;1006,84375;275,375;-101,75;-622,40625;-574,625;-632,53125;-482,21875;-237,78125;-331,8125;-362,21875;-266,84375;-341,3125;-551,15625;-452,53125;-423,65625;-425,75;-494,21875;-427,90625;-472,6875;-527,90625;-320,03125;-410,96875;-340,28125;-387,1875;-384,59375;-262,0625;-236,78125;-397,90625;-272,875;-225,78125;-273,125;-409;-278;-365,875;-261,25;5,53125;-490,5;-137,15625;-80,375;-154,0625;-314,03125;-275,84375;-147,5;-217,65625;-18,90625;-242,6875;-227,3125;-261,6875;-172,09375;-232,78125;-232,03125;-70,125;-351,125;-353,875;-164,28125;-316,28125;-126,28125;-170,5;-389,1875;-121,90625;-19,1875;-142,9375;-204,6875;-337,6875;-365,125;39,25;-362,75;-252,0625;-237,875;-114,15625;-425,34375;-290;-206,03125;-375,75;-311,125;-247,78125;-327,0625;-379,5;-320,1875;-301,6875;-544,625;-283,21875;-361,4375;-309,34375;-275,96875;-262,46875;-304,71875;-218,71875;-148,1875;-98,25;-312,53125;-315,625;-273,03125;-281,15625;-231,125;-290,65625;-135;-146,375;-193,46875;-225,125;-224,40625;-143,875;-208,3125;-203,75;-201,8125;-258,40625;-232,90625;-233,875;-266,375;-386,09375;-219,3125;-206,625;-293,40625;-181,375;-304;-141,6875;-166,21875;
-22,03125;-286,8125;-318,96875;-297,84375;-236,3125;-246,78125;-161,375;-57,90625;-306,65625;-429,4375;-204,34375;-124,125;-397,15625;-150,125;-302,5625;-255,8125;-260,3125;-213,4375;-125,71875;-228,0625;-133,25;-261,96875;-343,90625;-332,28125;-172,6875;-415,34375;-188,71875;-234,40625;-240,625;-313,15625;-515,96875;-353,0625;-453,21875;-359,6875;-444,28125;-232,59375;-526,03125;-409,75;-382,15625;-397,5625;-394,5625;-349,09375;-200,375;-499,0625;-368,90625;-427,84375;-464,75;-452,21875;-343,125;-374,71875;-396,03125;-520,75;-293,28125;-510,125;-290,34375;-462;-643,375;-377,5625;-438,46875;-248,09375;-312,125;-275,8125;-266,90625;-105,25;-244,4375;-214,125;-463,21875;-376,5625;-213,5;-338,75;-291,34375;-233,625;-235,71875;-373,90625;-352,21875;-212,96875;-209,65625;-450,78125;-374,9375;-262,09375;-488,25;-486,96875;-461,59375;-52,4375;-31,25;218,59375;-14,96875;10,8125;-14,75;135,625;-352,1875;-272,5;-171,8125;285,71875;732,25;1245,0625;1562,9375;1736,125;2275,46875;2204,0625;1913,375;1684,34375;1918,15625;2077,34375;2497,03125;3236,53125;4018,21875;4297,28125;4782,53125;4605,09375;4332,71875;4110,59375;3648,9375;3294,5;3222,53125;3186,9375;3282,125;4304,375;5247,09375;6868,46875;8783,09375;11113,96875;13188,75;14999,0625;16590,15625;17621,28125;18665,1875;19429,5625;19899,125;20208,6875;20851,71875;22176,21875;23128,78125;22954,71875;23753,4375;24570,25;25520,3125;26809,59375;28253,8125;28773,03125;30051,25;31365,96875;32149,03125;32767;32767;32767;32767;32071,46875;30725,8125;29172,875;27956,53125;26936,59375;26661,03125;26543,9375;27378,90625;28499,53125;30453,0625;32077,25;32767;32767;32767;32767;32767;32767;31049,5;28689,59375;26570,28125;25016,25;24346,03125;23994,78125;24374;25771,8125;27746,0625;29502,90625;31264,90625;32554,21875;32767;32767;31588,09375;29887,53125;27798,3125;24977,84375;22355,09375;20506,25;18772,9375;17632,3125;17361,03125;17826,15625;19175,53125;20614,46875;21839,875;23261,0625;23671,71875;23166,03125;22166,21875;19715,34375;17482,25;14596,5;11705,65625;8890,875;6405,625;4370,78125;2412,21875;1315,09375;339,75;-285,0625;-574,53125;-795,03125;-547,34375;-475,21875;-349;-353,5;-288,4375;-266,875;-439,375;-488;-422,09375;-484,78125;-427,21875;-241,40625;-386,3125;-597,9375;-501,125;-441,40625;-328,46875;-399,15625;-467,96875;-366,0625;-301,125;-326,6875;-497,4375;-459,625;-230,8125;-369,9375;-398,625;-494,125;-228,96875;-393,75;-307,03125;-392,375;-199,09375;-333;-268,125;-254,28125;-268,75;-261,5625;-117,53125;-367,59375;-381,8125;-281,15625;-357,5;-95,0625;-356,03125;-296,8125;-209,96875;-224,875;-340,21875;-291,59375;-290;-211,5;-206,40625;-188,65625;-307,8125;-30,65625;-84,90625;-160;-188,65625;-304,8125;-63,15625;-407,8125;-76,21875;-66,125;-148,59375;-407,21875;-194,40625;-193,59375;-182,875;-31,0625;-159,40625;-212,3125;-286,59375;-214,40625;-204,625;-194,15625;-303,78125;-371,15625;-425,28125;-210,65625;-216,28125;-353,375;-446,96875;-267,1875;-107,53125;-153,25;-240,96875;-429,125;-265,875;-273,71875;-345,09375;-364,53125;-360,6875;-110,375;-272,375;-182,15625;-286;-300,84375;-356,1875;-259;-321,09375;-265,5;-126,8125;-311,65625;-372,625;-377,46875;-39,3125;-288,875;-310,84375;-333,3125;-216,25;-405,71875;
88,375;-331,6875;-204,375;-461,53125;-238,3125;-284,78125;-572,25;-273,65625;-152;-267,34375;-82,0625;-421,625;-299,71875;-327,6875;-287,75;-272,125;-467,375;-571,3125;-319,625;-176;-374,21875;-359,15625;-350,9375;-318,25;-384,15625;-452,28125;-451,96875;-136,5;-399,40625;-281,8125;-342,90625;-393,875;-412,78125;-405,46875;-375,65625;-507,8125;-437,9375;-312;-521,3125;-371,46875;-461,625;-564,125;-431,25;-456,9375;-281,375;-607,96875;-477,84375;-365,53125;-534,03125;-455,90625;-415,03125;-400,03125;-533,4375;-385,65625;-300,34375;-466,625;-386,59375;-314,71875;-431,40625;-574,53125;-467,125;-409,03125;-538,5;-442,75;-293,0625;-466,8125;-312;-261,625;-384,46875;-162,125;-483,96875;-718,84375;-348,71875;-428,21875;-316,75;-205,65625;-538,375;-254,0625;-455,09375;-445;-412,25;-484,5625;-381,375;-269,71875;-128,75;-171,96875;13;62,15625;47,3125;-55,0625;-102,28125;-462,71875;44,6875;41,875;644,125;1226,0625;1606,0625;1876,28125;2036,78125;1985,8125;1719,375;1608,3125;1703,0625;2031,9375;2415,34375;3108,3125;3578,1875;4227,71875;4610,9375;4529,53125;4221,875;3837,6875;3476,28125;3140,4375;2879,53125;3000,84375;3414,28125;3760,96875;4974,25;6422,46875;8542,78125;10530,65625;12396,40625;14636,28125;16316,5625;17305,875;18246,84375;19058,34375;19634,875;19878,71875;20702,75;21723,96875;22604,09375;23177,71875;23481,375;24273,09375;25503,09375;26091,53125;27610,96875;28471,75;29689,71875;31083,78125;32150,21875;32767;32767;32767;32662,75;31671,1875;30593,65625;28619,59375;27588,0625;26871,21875;26106,21875;26334,5625;27146,65625;28301,875;30137,96875;31588,34375;32767;32767;32767;32767;32767;32767;30785,75;28611,71875;26469,125;24928,4375;23930,78125;23784,28125;24391,09375;25752,8125;27496,71875;29275,21875;30879,84375;32082,625;32641,84375;32623,71875;31236,4375;29491,5625;27351,90625;24655,78125;22226,5625;19966,03125;18741,78125;17480,5;17189,75;17815,59375;19245,09375;20572,5;21964,21875;23220,125;23628,9375;23117,25;22013,625;19871,0625;17307,625;14474,4375;11683,84375;9182,4375;6456,90625;4247,6875;2512,875;967,96875;82,03125;-392,3125;-797,21875;-735,40625;-750,0625;-422,46875;-564,25;-701,9375;-583;-566,09375;-559,65625;-575,6875;-790,625;-655,59375;-733,5625;-919;-576,90625;-475,21875;-588,65625;-501,53125;-640,125;-379,65625;-308,25;-548,03125;-488,5625;-376,78125;-646,53125;-549,3125;-548,15625;-419,375;-510,875;-345,90625;-633,65625;-385,0625;-433,21875;-334,46875;-397,3125;-418,375;-214,78125;-160,90625;-496,4375;-381,1875;-93,875;-267,6875;-369,21875;-295,125;-354,21875;-299,5625;-245,53125;-372,4375;-443,09375;-485,28125;-635,53125;-374,59375;-460,375;-337,59375;-243,34375;-131,84375;-61,9375;-390;-469,53125;-255,8125;-397,1875;-502,0625;-404;-400,875;-201,875;-328,1875;-163,90625;-286,90625;-499,96875;-342,375;-549,71875;-260,75;-413,90625;-362,0625;-195,65625;-269,59375;-517,9375;-312,15625;-470,5;-487,25;-384,78125;-291,1875;-428,75;-454,46875;-397,84375;-275,84375;-437,6875;-399,4375;-365;-435,90625;-244,9375;-245,25;-346,125;-299,03125;-533,125;-386,75;-353,5625;-363,71875;-427,125;-575,0625;-307,0625;-228,375;-330,84375;-310,84375;-448,875;-413,3125;-497,59375;-359,4375;-314,65625;-309;-295,78125;-264,5625;-309,46875;-298,03125;
-107,84375;-147,5;-192,53125;-101,71875;-256,5625;-445,5;-214,5625;-103,28125;-74;-138,9375;-349,96875;-81,9375;-168,59375;-69,59375;-245,46875;-193,6875;-69,71875;-328,5;-219,3125;-245,25;-162,375;-304,53125;-333,1875;-290,53125;-363,25;-395,46875;-449;-406,0625;-246,8125;-5,0625;-257,34375;-159,03125;-340,21875;-338,09375;-118,1875;-212,96875;-305,46875;-153,0625;-303,1875;-383;-289,5625;-429,96875;-490,40625;-317;-359,625;-297,125;-382,625;-337,03125;-274,71875;-179,875;-310,96875;-246,84375;-473,1875;-157,09375;-299,40625;-173,9375;-273,0625;-329,78125;-208,9375;-510,84375;-465,625;-269,71875;-303,96875;-461,78125;-51,40625;-361,28125;-169,46875;-251,3125;-380,0625;-313,6875;-204,75;-216,75;-198,03125;-295,8125;-338,4375;-110,3125;-525,4375;-235,15625;-267,25;-462,25;-321,15625;-255,75;-232,6875;-68,1875;-34,75;-17,03125;67,71875;55,78125;11,75;-78,75;-198,1875;-346,625;62,28125;400,5;872,1875;1396,1875;1671,78125;1986,59375;2351,59375;2264,09375;2116,21875;1897,0625;1839,75;2060,09375;2641,25;3109,09375;3652,9375;4300,5625;4650,96875;4540,3125;4142,3125;4021,34375;3340,4375;3149,28125;3109,4375;3201,375;3247,40625;3774,6875;5223,25;6502,9375;8449,78125;10514,65625;12607,15625;14368,59375;16142,40625;17475,46875;18276,4375;18634,09375;19574,75;20078,25;20271;21295,71875;22224,4375;22706,5;23490,78125;24382,875;25298,4375;25997,71875;27727,875;28434,21875;29847,21875;31058,84375;31798,15625;32767;32767;32767;32767;31720,03125;30456,21875;29136;27481,625;26756,09375;26425,09375;26473,1875;27327,53125;28638,5625;30185,15625;32078,53125;32767;32767;32767;32767;32767;32767;30983,5625;28786,1875;26620,90625;24998,6875;24018,0625;23773,65625;24490,15625;25901,625;27538,15625;29281,125;31007,96875;32128,03125;32555,1875;32523,34375;31317,46875;29570,0625;27419,0625;24553,6875;22207,96875;20173,03125;18731,40625;17674,59375;17426,5;18005,6875;19266,90625;20741,5625;22042;23430,5625;23825,5;23226,125;22138,84375;20088,9375;17601,15625;14430,8125;11590,1875;9058,375;6631,125;4111,59375;2449,15625;1118,09375;78,96875;-357,09375;-618,8125;-838,40625;-597,53125;-354,78125;-576,9375;-315,5625;-306;-243,1875;-550,96875;-462,53125;-484,84375;-587,3125;-412;-551,09375;-508,0625;-405,3125;-414,40625;-263,4375;-346,6875;-509,96875;-199,9375;-215,65625;-134;-254,65625;-284,34375;-205,5;-236,4375;-413,34375;-391,46875;-331,375;-153,84375;-343,4375;-197,34375;-417,40625;-273,875;-272,1875;-105,5;-427,25;-170,84375;-253,34375;-273;-228,21875;-251,21875;-334,09375;-294,8125;-109,5625;-119,96875;-106,5625;-263,84375;-331,8125;-367,375;-171,3125;-121,21875;-105,8125;-113,375;-259,25;-214,75;-156,6875;-220,9375;-342,65625;-182,71875;-173,6875;-178,9375;-283,375;-93,5625;-162,125;-38,78125;-445,125;-378,15625;-147,03125;-232,375;-146,6875;-113,21875;-262,46875;-308,8125;-432,625;-400,25;-294,21875;-229,6875;-241,65625;-326,46875;-307,34375;-226,375;-274,71875;-146,96875;-295,5625;-75,5625;-163,03125;-247,53125;-476,53125;-385,59375;-371,84375;-187,375;-365,59375;-353,25;-341,09375;-273,78125;-210,5625;-274,875;-209,90625;-338,15625;-378,25;-156,21875;-400,21875;-270,21875;-280,28125;-79,3125;-211,4375;-118,1875;-220,9375;-384,625;-191,84375;-157,875;-77,1875;
-262,9375;-189,71875;-214,90625;-213,0625;-322,40625;-44,1875;-60,59375;-300,3125;-264,375;-216,15625;-324,75;-511,25;-83,96875;-259,875;-401,25;-350,90625;-272,375;-429,34375;-526,0625;-192,0625;-518;-248,75;-503,78125;-297,375;-448,34375;-361,96875;-265,21875;-516,4375;-255,6875;-370,28125;-410,34375;-305,40625;-390,5625;-454,40625;-285,34375;-279,21875;-406,59375;-390,6875;-439,34375;-372,5625;-263,3125;-526,03125;-384,1875;-530,90625;-455,9375;-252,21875;-364,96875;-371,75;-476,03125;-367,03125;-366,15625;-476,46875;-327,90625;-325,53125;-415,96875;-183,625;-414,125;-508,34375;-395,5625;-455,84375;-473,46875;-550,90625;-638,46875;-463,6875;-564,09375;-511,40625;-477,09375;-401,1875;-380,40625;-352,28125;-371,5625;-337,75;-451,375;-472,90625;-407,15625;-179,375;-451,53125;-239,96875;-487,59375;-513,03125;-495,875;-431,125;-471,71875;-256,875;-341,65625;-18,21875;-162,15625;-99,3125;49,21875;-344,75;-134;-241,46875;187,71875;394;807,5;1218,96875;1752,625;2144,84375;2137,53125;1940,03125;1717,25;1574,25;1574,3125;2053;2600,8125;3108,875;3673,34375;3903,59375;4468,65625;4264,8125;4160,375;3667,84375;3208,4375;3074,75;2791,6875;2607,40625;3043,875;3544,5;4811,71875;6083,75;7924,3125;9906,125;12177,875;14007,25;15561,71875;16769,5625;17590,53125;18229,375;18997,71875;19355,40625;20122,25;20833,6875;21680,03125;22451,9375;23025,5;24009,375;25218,53125;25838,78125;26970,25;28239;29395,8125;30477,5;31406,84375;32402,84375;32767;32767;31890,21875;31122,71875;30071,125;28574,09375;27089,125;26255,6875;26185,59375;26363,625;26901,125;28168,65625;29792,59375;31955,21875;32767;32767;32767;32767;32767;32670,3125;30869,5625;28549,46875;26637,40625;24525,59375;24002,0625;23561,375;24152;25475,96875;27302,9375;28923,78125;30835,09375;31908,65625;32569,03125;32206,59375;30961,75;29099,5625;26958,5625;24421,9375;22186;19957,28125;18255;17382,1875;17354,09375;17841,6875;19290,21875;20334,71875;21928,90625;23020,90625;23553,53125;23038,625;21749,5;19832,375;17130,78125;14074,96875;11165,15625;8358,3125;5984,34375;3751,59375;2105,5;804,5;-192,125;-556,1875;-790,25;-759,09375;-636,09375;-486,21875;-338,59375;-535,5625;-453,5625;-530,1875;-641,90625;-342,46875;-549,90625;-579,90625;-715,5625;-636,90625;-515,25;-645,6875;-331,8125;-445,5;-423,875;-458,78125;-553,59375;-579,53125;-412,6875;-483,3125;-413,34375;-407,53125;-518,0625;-257,9375;-461,96875;-317,8125;-307,25;-345,25;-437,625;-354,125;-306,71875;-485,78125;-258,5625;-199,84375;-515,65625;-402,40625;-431,40625;-396,09375;-475,0625;-259;-396,53125;-235,71875;-361,375;-475,125;-226,28125;-448,5;-428,46875;-288,03125;-393,28125;-329,09375;-294,9375;-166,625;-207,3125;-271,625;-145,53125;-331,9375;-288,4375;-400,78125;-235,84375;-190,78125;-375,8125;-187,3125;-34,1875;-297,3125;-337,875;-288,5625;-489,875;-315,5;-292,53125;-302,3125;-405,8125;-252,8125;-538,5625;-375;-119,5;-324,03125;-494,625;-321,4375;-334,40625;-592,53125;-243,46875;-453,125;-400,9375;-340,78125;-302,34375;-337,40625;-269,65625;-498,15625;-290,0625;-358,53125;-257,21875;-443,3125;-266,46875;-225,125;-262,625;-317;-360,46875;-262,09375;-385,25;-369,96875;-287,125;-473,75;-495,15625;-377,03125;-193;-267,78125;-333,75;-247,9375;-235,9375;-330,875;
71,5625;-60,71875;181,03125;-88,65625;-47,34375;-4,53125;-52,375;-87,53125;-86,15625;-167,90625;19,65625;-30,90625;-187,71875;-28,9375;-16,0625;65,09375;-16,6875;-4,84375;-33,5625;-77,1875;-43,3125;-398,125;-283,375;-34,03125;-33,875;-327,75;-262,09375;-70,1875;28,53125;-43,625;-98,5625;-122,1875;-70,5625;-390,3125;-197,96875;-33,28125;-147,25;-313,96875;-206,125;-100,71875;-313,96875;-294,03125;-349,8125;-258,65625;-199,84375;-99,78125;-136,25;-446,6875;-138,6875;-325,78125;-179,25;-566,59375;-222,65625;-143,1875;-164,28125;-79,84375;-174,4375;-275,15625;-94,5625;-131,90625;-123,34375;-346,8125;-130,6875;-52,65625;-286,4375;-103,84375;-324,8125;-49,75;-104,5625;-155,40625;-132,25;-186,40625;-100,34375;-23,40625;-341,875;116,875;172,34375;-173,96875;-283,59375;-460,3125;-232,125;-481,0625;-368,21875;42,84375;-44,96875;355,25;307,21875;174,375;9,40625;-28,21875;59,53125;-14,15625;421,6875;551,5625;877,03125;1683,625;1968,40625;2286;2272,09375;2313,15625;2174,28125;2124,59375;2006,15625;2254,0625;2636,0625;3010,6875;3773,8125;4143,4375;4435,625;4534,78125;3931,40625;3799,28125;3671,46875;3129,75;3157,96875;2927,78125;3326,59375;3959,03125;4734,40625;6416,09375;8071,6875;10011,65625;12006,5625;13773,5625;15382,84375;16434,09375;17484,09375;18155,53125;19012,5;19315,53125;20089,6875;20630,5625;21480,3125;22203,75;22898,4375;24133,65625;25047,625;25859,375;27155,25;28250,0625;29480,9375;30609,53125;31391,125;32499,96875;32767;32724,75;32308,65625;31220,9375;29949,78125;28535,875;27235,6875;26268,125;26098,5625;26344,125;27050,5625;28118,75;30185;31620,59375;32767;32767;32767;32767;32767;32767;30972,75;28632,46875;26386,71875;24916,78125;24158;23890,625;24589,5625;25815,25;27449,28125;29288,40625;30920,0625;31822,96875;32586,46875;32358,5;31125,46875;29291,03125;27116,125;24510;22072,90625;20332,5625;18721,3125;17590,25;17674,34375;18101,34375;19466,6875;20584,40625;21977,96875;23175,875;23532,6875;23255,65625;21973,3125;19664,71875;17209,90625;13816,53125;11070,1875;8317,5625;5979,375;3885,1875;2354,375;1045,5625;274,71875;-290,125;-444,84375;-618,8125;-425,5;-279,28125;104,8125;-27,21875;-70,90625;-71,46875;-302,90625;-438,65625;-361,78125;-499,625;-190,90625;-399,1875;-520,4375;-508,4375;-286;-343,1875;-128,125;-135,5625;-385;-217,625;-186,9375;-313,96875;-133,0625;-293,375;-108,9375;-259,21875;28,375;-136,59375;-180,75;-318,34375;-150,3125;15,96875;-246,09375;-154,71875;-41,28125;-236,03125;-179;9,28125;81,34375;-265,78125;-197,5;-157,09375;-128,78125;87,71875;-161,84375;25,1875;-326,21875;-97,28125;-4,28125;-119,625;-59,40625;-238,4375;41,09375;-250,53125;-114,625;-214,15625;-128,28125;-36,84375;-123,09375;-92,3125;16,375;144,09375;225,6875;-103,65625;-187,5625;-123,03125;-126,5;-206,03125;-56,09375;19,1875;71,40625;-44,46875;-87,5625;-8,875;-61,15625;-39,0625;-220,625;-61,78125;-68,03125;139,375;-56,40625;-19,71875;-105,875;-225,6875;-229,09375;-157,9375;-16,03125;-27,96875;-184,375;-179,46875;-5,375;-82,46875;-252,6875;70,03125;-137,90625;-137,71875;122,25;17,375;-36,6875;-119,5625;69,71875;109,9375;-166,5625;-109,25;-32,5;-106,5;-135,90625;-129,34375;78,53125;125,15625;-110,71875;0,15625;
249,3125;138,5625;-2,09375;72,03125;282,75;108,59375;190,78125;24,4375;265,46875;64,0625;-8,9375;206,25;141,1875;112,59375;200,34375;126;1,3125;252,25;130,5;47,8125;-52,625;-1,75;191,09375;8,21875;53,0625;71,875;-37,3125;131,78125;-105,5;-98,3125;-9,25;95,21875;-153,5625;-64,40625;-54,3125;-47,46875;35,03125;-0,375;-70,625;48,09375;-53,0625;52,40625;41;182,46875;-103,40625;-60,84375;23,71875;-242,15625;-35,40625;23,84375;-32,21875;-71,28125;43,5625;190,875;140,09375;100,21875;-11,5625;-12,59375;25,9375;137,5625;253,1875;-121;-23,8125;35,84375;-67,03125;-72,4375;114,5;-25,78125;-113,75;49,0625;14,53125;34,125;-150,46875;17,3125;66,28125;-98,125;-21,71875;-169,9375;-182,46875;-24,78125;-131,28125;-146,03125;15,375;226,09375;277,1875;539,90625;430,65625;256,34375;333,03125;142,46875;196,84375;234,90625;425,1875;684,21875;1050,5625;1755,53125;2186,5625;2420,84375;2504,65625;2379,46875;2212,40625;2152,46875;2048,90625;2415,0625;2780,5625;3163,4375;3731,40625;4326,59375;4555,0625;4332,125;4117,4375;3804,28125;3646,46875;3051,1875;3044,65625;3017,96875;3409,40625;3900,84375;4683,375;6112,5625;7917;9807,15625;11830,78125;13787,96875;15288,625;16484,65625;17222,96875;17833,96875;18596,3125;19182,8125;19846,75;20605,84375;21171,375;22066,28125;22640,71875;23580,96875;24782,375;25673,875;26902,3125;28297,5625;29526,28125;30355,71875;31229,21875;32320;32767;32767;32160,4375;30746,15625;29798,125;28380,75;27131,78125;25974,1875;26007,59375;26272,75;27060,1875;28125,84375;29865,78125;31725,15625;32767;32767;32767;32767;32767;32767;30832,15625;28568,125;26584,8125;24897,53125;24232,21875;23971,46875;24410,96875;25944,875;27497,65625;29212,9375;30789,15625;31970,09375;32374,4375;31960,78125;30811,1875;28936,46875;26993,09375;24296,71875;22244,8125;20225,84375;18813;17835,28125;17652,78125;18157;19435,5625;20686,84375;21995,34375;23219,71875;23463,15625;22987,3125;21751,15625;19615,1875;16946;13777,28125;10844,84375;8224;5710,96875;3733,875;2302,5625;1113;191,1875;-244,21875;-297,46875;-345,8125;-247,25;-179,25;116,0625;60,46875;6,53125;-108,6875;-45,1875;-259,3125;42,875;-119,78125;-80,3125;8,625;-159,03125;-201,375;-267,65625;-63,34375;-136,15625;-68,03125;19,6875;61,0625;-271,4375;11,125;-35,28125;-110,46875;-193,4375;-168,21875;-291,25;159,75;-19,75;24,03125;-107,5625;59,6875;44,46875;210,78125;200,59375;-22,375;-124,40625;-86,21875;205,15625;14,875;-46,28125;181,375;43,1875;-43,71875;64,6875;192,15625;-130,1875;76,46875;25,9375;-32,78125;140,0625;432,59375;-46,125;122,125;63,75;157,78125;17,71875;-86,71875;-94,59375;110,375;-3,8125;135,78125;314,6875;267,5625;161,875;27,03125;-25,125;-107,5;-43,34375;70,40625;255,4375;32,40625;152,21875;7,4375;-22,8125;92,6875;131,3125;74,8125;-39,875;39,25;-16,59375;20,09375;237,4375;14,9375;25,71875;-105,375;84,78125;126,28125;157,625;155;169,28125;55,375;22,25;182,9375;-146,15625;33,625;-31,46875;16,78125;135,34375;-55,53125;142,96875;-38,15625;141,78125;-29,1875;-92,625;4,03125;166,34375;54,84375;156,59375;102,9375;350,21875;64;
118,53125;52,21875;41,25;47,28125;35,9375;130,90625;-106,625;95,25;185,875;108,46875;-67,46875;52,125;160,03125;62,25;49,4375;-42,40625;-171,90625;18,25;-108,6875;-101,1875;47,9375;-93,6875;-57,96875;54,59375;108,96875;28,375;99,53125;-195,03125;2,4375;109,75;-25,375;-46,96875;-121,53125;-166,15625;-182,875;-187,25;-49,21875;-189,09375;16,5625;-183,65625;-302,75;-155;-50,5;3,5;-316,375;-112,9375;82,125;-227,375;-165,34375;-135,875;-35,4375;-55,34375;-130,21875;-70,65625;54,375;-3,4375;-55,875;-224,0625;-301,53125;-180,71875;-177,59375;-225,125;-102,71875;-213,34375;-132,3125;-95,90625;62,21875;-67,71875;-317,875;-116,84375;31,96875;-147,5;-214,875;-109,625;155,625;-130,9375;116,625;-183,15625;-114,84375;-164,78125;-13,28125;-13,78125;76,25;-101,5625;48,3125;358,71875;218,75;381,84375;387,4375;172,875;185,9375;67,375;292,125;609;887,53125;1567,09375;1863,28125;2295,875;2389,5625;2490,375;2144,9375;1884,9375;1813,5625;2353,28125;2406,6875;3189,46875;3594,3125;3900,5625;4279,21875;4297,59375;3921,125;3676,5;3128,875;3048,6875;2619,25;2618,6875;2975,3125;3817,5;4503,28125;5850,84375;7563,21875;9529,65625;11565,3125;13266,6875;15060,375;16105,6875;16946,03125;17537,3125;18335;18929;19541;20045,9375;20953,5;21422,34375;22438,1875;23154;24395,59375;25262,25;26533;27465,0625;28752,84375;29789,125;31126,3125;31659,25;32561,96875;32539,5;31946,3125;30773,0625;29642,46875;28013,1875;26926,84375;25791,25;25676,21875;26119,0625;26827,90625;28017,71875;29791,625;31637,71875;32767;32767;32767;32767;32767;32766,8125;30808,46875;28473,03125;26312,96875;24650,625;24090,375;23541,09375;24154,71875;25685,90625;27568,625;29084;30630,71875;31798,46875;32123,6875;31496,46875;30579,5625;28943,96875;27187,96875;24356,78125;22195,1875;20371,9375;18732,40625;17674,125;17831,03125;18090,53125;19411,59375;20401,75;22086,9375;22789,8125;23544,4375;22677,125;21151,3125;18900,75;16427,40625;13392,375;10481,1875;7827,34375;5672,90625;3488,8125;2369,21875;1066,875;477,21875;-426,3125;-411,75;-336,6875;-183,75;-173,4375;137,59375;-162,78125;17,59375;-168,375;-343,53125;-220,71875;-145,25;-203,15625;-338,96875;-333,5;-408,4375;-317,78125;-295,78125;-442,25;-510,53125;-343,375;-81,875;-100,9375;-195,875;-275,28125;-312,5625;-284,78125;-60,0625;-22,5;-165,34375;-352,65625;-81,375;-97,96875;-155,1875;-88,03125;75,65625;-22,6875;-71,34375;-19,375;-210,96875;-4,71875;-35,03125;-122,5;-86,78125;21,875;3,15625;-125,3125;-86,3125;67,8125;58,125;-117,78125;-265,75;-223,1875;-54,21875;28,5625;127,9375;23,09375;155,28125;-298,125;-69,96875;-94,03125;-88,09375;145,28125;181,6875;-26,9375;103,96875;28,03125;111,875;-116,1875;16;-60,21875;210,46875;-102,625;-1,84375;42,96875;-190,125;-128,8125;-83,21875;-87,5625;8,46875;55,96875;-117,34375;131,65625;-156,15625;-199,34375;-226,875;-100,5625;-61,84375;-84,65625;78,53125;49,5;-84,28125;-66,375;-108,25;-76,84375;-76;-133,625;-195,53125;-145,875;1,125;-20,6875;-107,09375;215,9375;-48,3125;219,4375;-104,125;122,34375;-219,1875;-31,875;134,875;94,3125;-126,4375;-247,5625;-107,34375;-219,71875;
382,625;337,9375;286,125;56,90625;143,90625;-78,5625;287,84375;70,34375;6,78125;96;438,1875;282,65625;200;286,0625;188,40625;184,375;262,78125;403,34375;110,5;19,5;227,875;249,875;42,0625;-19,4375;96,21875;72,15625;119,84375;84,625;162,46875;-107,625;-44,15625;-63,46875;93,96875;115,90625;45,125;-20,21875;-80,03125;-2,9375;-91,9375;-17,65625;20,75;88,90625;-8,90625;-52,125;189,71875;-134,25;98,375;-88,1875;-80,1875;-216,4375;-124,75;30,34375;-56,84375;73,59375;31,15625;65,03125;-20,21875;-57,78125;-185,125;-211,90625;57,59375;162,1875;111,09375;-72,09375;-190,40625;-50,4375;130,5625;-35,4375;100,59375;-159,6875;-274,59375;266,03125;148;-9,15625;45,8125;165,28125;121,0625;-93,9375;83,75;107,78125;96,71875;101,125;-43,65625;213,03125;271,125;476,625;536,875;366,71875;138,28125;294;145,09375;1,65625;270,59375;636,09375;1232,53125;1593,59375;2060,3125;2539,03125;2540,9375;2621,4375;2336,15625;2041,25;1787,15625;2067,84375;2361,5;3115,46875;3481;4005,78125;4031,9375;3993,21875;4180,15625;3778,53125;3419,5625;3000,625;2867,90625;2945,6875;3076,46875;3682,25;4568,40625;5955,59375;7663,375;9518,15625;11480,4375;13203,5625;14773,375;15964,9375;16597,78125;17454,21875;18220,375;18840,0625;19181,96875;19883,84375;20557,71875;21526,96875;22167,1875;22995,59375;23983,15625;25022,84375;26153,84375;27221,6875;28551,625;29416,375;30746,53125;31464,28125;32278,21875;31816,9375;31486,5;30527,6875;29392,65625;27806,09375;26565,6875;25754;25514,71875;25863,4375;26313,8125;27901,21875;29662,90625;31370,40625;32767;32767;32767;32767;32767;32271,5625;30336,75;28302,65625;26182,21875;24667,71875;23660,4375;23569,75;24231,46875;25595,40625;27467,15625;29118,1875;30556;31652,125;32213,9375;31714,5;30640,53125;28658,46875;26608,6875;24188,40625;22058,90625;20346,65625;18605,03125;17796,5;17671,65625;18232,65625;19387,3125;20441,6875;21744,21875;22755,71875;23127,375;22384,90625;21031,09375;18867,90625;16182,53125;13117,78125;10302,875;7661,71875;5468,53125;3564,71875;2080,71875;1072,6875;429,71875;-30,34375;-187,53125;-87,3125;81,03125;80,53125;168,09375;60,8125;109,25;14,96875;-307,25;-159,5;-78,1875;-178,75;-343,53125;-229,46875;-283,40625;-273,90625;-52,0625;48,25;-248,875;-106,90625;-33,125;64,03125;-69,28125;-20,34375;-32,78125;-122,125;2,75;-142,21875;-21,71875;-35,75;-28,4375;-42,59375;51,5;-118,28125;-96,96875;-179,1875;-77,78125;-119,15625;-25,21875;126,53125;124,59375;54,5;-30,6875;-94,71875;-88,28125;-118,25;-23,59375;-45,90625;128,8125;92,84375;79,125;41,875;-80,78125;107,375;235,8125;205,65625;215,125;-53,9375;-84,65625;-44,46875;75,375;148,84375;14,90625;-75,9375;187,3125;142,625;43,3125;177,21875;-45,6875;-81,46875;190,75;147,09375;206,46875;-129,0625;-51,15625;31,375;109,21875;118,90625;37,21875;-25,125;-183,75;-70,25;110;98,71875;159,65625;-59,15625;135,875;102,1875;141,40625;108,40625;225,40625;-22,3125;140,4375;219,84375;284,40625;22,875;-7,09375;-33,4375;30,78125;-166,59375;129,71875;0,28125;75,125;280,28125;176,40625;181,84375;167,9375;33;132,5625;110,96875;140,03125;154,875;-84,53125;160,03125;
100,5;221,9375;55,90625;88,59375;14,25;139,15625;-62,40625;40,3125;256,9375;2,1875;260,625;15,1875;236,25;203,46875;83,0625;-22,96875;-135,40625;-130,875;-4,59375;-147,59375;-49,90625;-65,78125;-154,09375;-23,78125;-109,5625;127,53125;-78,375;-28,90625;-146,21875;-126,8125;-71,3125;-77,65625;-165,875;-79,1875;-156,71875;-97,65625;-328,65625;-42,53125;-123,09375;-182,84375;-234,09375;9,03125;-201,5;-130,65625;-74,90625;-206,0625;-203,5625;-47,1875;-7,625;-202,59375;-269,375;-262,90625;-242,0625;11,1875;-307,3125;-305,03125;-69,6875;-10;68,09375;-203,5625;-239,90625;79,46875;-36,46875;-210,5;-123,71875;-171,9375;-19,84375;43,96875;-111,59375;-193,71875;-97,40625;-137,8125;188,84375;28;-149,9375;-119,4375;-199,71875;-241,65625;-105,65625;39,625;-30,40625;-224,375;-154,21875;-113,84375;262,71875;83,4375;266,09375;226,3125;98,8125;93,34375;49;-51,1875;193,84375;406,15625;975,6875;1393,875;1827,21875;2254,75;2339,375;2223,375;2090,75;1753,59375;1767,40625;1848,34375;2315,875;3079,90625;3304,65625;3804,5;4038,125;4120,46875;3837,84375;3400,8125;3207,40625;2775,28125;2745,59375;2746,5;2854,75;3416,8125;4516,40625;5733,28125;7286,8125;9197,9375;11129,0625;13006,4375;14430,5;15509,90625;16005,28125;16824,875;17532,75;18407,28125;18946,28125;19178,125;20341,28125;20832,125;21565,09375;22554,53125;23438,75;24360,34375;25453;26567,34375;28163,53125;29058,09375;30154,25;31018,96875;31587,09375;31356,46875;30989,03125;29910,28125;28539,4375;27133,21875;25943,375;25270,375;25085,34375;25527,40625;26118,0625;27157,21875;29071,5625;30948,0625;32669,125;32767;32767;32767;32767;31994,3125;29964;27787;25786,125;24188,46875;23632,59375;23452,03125;24226,875;25282,125;27010,1875;28619,875;30010,46875;31327,9375;31642,59375;31342;30021,5625;28413,5625;26315,34375;23863,59375;21819,03125;20095,75;18539,15625;17698,125;17407,15625;17862,0625;19212,53125;20270,65625;21633,0625;22482,09375;22575,1875;22097,59375;20452,34375;18405,4375;15845,09375;12665,1875;9958,90625;7391,53125;5292,6875;3325,46875;1726,75;840,40625;147,6875;-62,40625;-109,65625;-238,4375;-105,4375;-31,8125;-240,03125;-70,46875;-107,71875;-423,8125;-182,15625;-453,15625;-366,34375;-317,875;-296,15625;-289,8125;-277,40625;-344,4375;-123,65625;-375,15625;-324,84375;-301,84375;-84,8125;11,75;-209,40625;-238,28125;-261,5625;-149,90625;-254,15625;-216,8125;-20,65625;-151,21875;-122,15625;-172,125;-94,59375;-85,40625;-99,6875;-87,21875;-22,71875;-168,5625;-100,4375;-80,375;44,46875;61,125;-46,875;-355,3125;-66,46875;-109,40625;7,53125;59,0625;-146;-117,09375;-124,875;-131,34375;-89,3125;116,375;-20,53125;134,90625;225,375;162,0625;-215,4375;-6,75;82,84375;66,09375;31,25;-111,90625;-154,59375;13,625;-48,9375;-385,53125;-58,84375;101,46875;-223,5;-58,40625;-125,59375;-67,625;44,75;-144,5625;-183,78125;-215,5625;6,875;-265,46875;-12,875;65,46875;4,71875;-37,03125;91,5;-286,5625;67,46875;-326,0625;-26,84375;-341,03125;-15,4375;198,3125;-184,4375;21,3125;-9,03125;-56,625;-129,03125;-81,03125;19,8125;-104,625;-68,125;51,625;79,5;202,75;319;78,875;-258,125;33,40625;-133,78125;93,5;-111,625;-152,4375;61,625;-99,625;
312,78125;292,90625;133,71875;269,34375;239,625;234,25;35,03125;235,8125;215,0625;99,65625;153,75;-25,34375;122,25;122,0625;79,78125;97,84375;69;163,15625;230;-17,6875;-89,0625;80,59375;-124,1875;49,78125;124,71875;-77,21875;64,65625;45,15625;-39,84375;94,90625;102,6875;-20,96875;-2,34375;40,6875;32,8125;99,59375;118,34375;9,6875;-93,21875;110,96875;-142,03125;150,40625;-99,90625;119,78125;-164,96875;-89,8125;-176,21875;67,40625;-128,28125;-193,375;-63,90625;-47,28125;-87,90625;197,0625;60,8125;106,9375;-12,15625;-63,28125;81,625;-74,5625;-76,0625;-123,28125;-45;95,875;167,6875;-296,46875;64,65625;39,15625;132,0625;1,1875;-120,875;156,84375;50,09375;58,3125;103,8125;-19;-51,59375;222,6875;81,625;41,15625;-30;-22,28125;32,375;92,21875;158,15625;302,5;488,15625;558,90625;232,625;387,4375;102,5;141,875;328,65625;443,375;1153,9375;1712,6875;1936,90625;2368,5625;2244,9375;2016,375;2061,84375;1859,875;1788,5;2142,9375;2347,15625;2734,0625;3395,75;3884,84375;4117,1875;4070;3994,21875;3531,875;3429,875;3123,5;2730,375;2835,25;2878,25;3600,5;4578,375;5835,6875;7475,78125;9336,6875;11123;12999,59375;14413,6875;15541,78125;16284,84375;16637,25;17481,25;18175,375;18702,75;19474,46875;19972,5625;20863,78125;21438,75;22288,0625;23295,1875;24237,34375;25137,40625;26605,65625;27933,96875;28881,875;29959,03125;30792,6875;31245,40625;30990,65625;30338,4375;29579,1875;28369,375;26992,9375;25833,28125;25023,5;24984,875;25021,625;25774,96875;27100,71875;28756,75;30722,40625;32319,125;32767;32767;32767;32767;31753;29798,78125;27483,3125;25615,28125;24134,375;23435,34375;23312,28125;24097,875;25316,21875;26849,25;28499,53125;30183,3125;31081,125;31687,8125;31031,96875;29947,46875;28014,1875;26183,96875;23735;21862,40625;19898,75;18270,625;17580,875;17423,0625;18129,90625;19204,84375;20460,59375;21597,875;22618,90625;22839,8125;22267,5;20464,4375;18164,15625;15686,625;12791,96875;10034,28125;7417,5;5261,75;3330,59375;2184,59375;966,4375;416,71875;64,25;-324,90625;-51,34375;37,03125;80,65625;208,0625;141,875;104,90625;213,96875;77;-59,875;-378,875;-219,90625;-95,59375;-137,09375;-77,6875;16,25;-74,40625;-129,5625;-102,6875;-78,4375;-273,0625;-61,75;93,8125;-125,09375;-83,03125;37,03125;18,5;-59,0625;162,65625;57;-65,21875;42,8125;156,625;159,90625;68,78125;-62,4375;184,625;107,03125;206,78125;152,6875;55,09375;-135,28125;27,53125;91,5625;199,65625;100,03125;13,25;-76,84375;16,5625;113,3125;292,71875;31,21875;291,46875;217,1875;44,75;93,5625;279,25;69,03125;-83,59375;-31,09375;-6,6875;67,90625;125,21875;432,8125;204,71875;67;59;154,78125;36,75;35,28125;65;191,59375;-61,46875;19,4375;147,6875;66,4375;-71,46875;45,8125;282,53125;-19,59375;129,3125;85,03125;100,21875;172,75;122,9375;38,40625;38,6875;82,90625;34,21875;70,5;339,625;105,9375;115,0625;199,625;142,75;140,65625;207,9375;143,03125;211,03125;59,03125;59,34375;-3,59375;317,78125;-35,75;-119,78125;85,6875;217,125;93,09375;-97;-13,96875;162,3125;123;58,125;169,4375;
76,09375;-23,4375;189,34375;134,28125;145,5625;54,40625;24,21875;51,6875;227,84375;13,5;120,9375;185,65625;231,8125;17,09375;-37,875;216,0625;-140,5625;-0,625;7,46875;75,5;-77,5625;-5,28125;98,75;-49,59375;61,90625;-70,03125;-111,3125;-246,15625;-27,53125;-367,09375;-158,625;-96,5;-195,71875;-90,40625;129,40625;6,4375;-97,5625;-166,375;-219,03125;-9,5625;42,03125;-22,78125;-166,75;8,3125;-186,53125;-245,40625;-113,78125;-194,625;37,125;-77,28125;153,0625;97,09375;-177,09375;-106,5625;-94,65625;41,5;-219,125;-157,96875;-132,9375;101,9375;-44,9375;-166,34375;-16,125;-239,75;-234,25;77,4375;-43,84375;-260,34375;-46,25;-25,65625;-128,28125;-114,0625;-240,9375;-121,40625;-54,46875;60,125;-58,5;-287,03125;-50,6875;-4,71875;-76,09375;-196;58,59375;8,90625;10,1875;305,0625;410,21875;292,03125;169,03125;-11,40625;25,5625;115,34375;-33,03125;560,5625;986,96875;1388,09375;1708,0625;2227,53125;2148,3125;2095,65625;1886,59375;1671,625;1614,625;1830,15625;2434,53125;2825,375;3330,6875;3818;4057,0625;4127,71875;3883,59375;3629,40625;3099,71875;2966,25;2704,75;2670,8125;2914,5;3600,21875;4342,5625;5685,4375;7430,9375;9478,03125;10980,75;12679,6875;14091,40625;15323,75;16042,5;16451;17213,15625;17760,53125;18562,875;19408,34375;19982,75;20330,3125;21249,1875;21774,25;22828,5;23662,8125;24818,40625;25897,15625;27349,6875;28438,96875;29550,28125;30225,03125;30974,28125;30820,53125;30130,15625;29031,28125;28298,0625;26569,5;25434,40625;24380,5625;24459,25;24741,53125;25200,53125;26659,28125;28343,4375;30079,96875;31920,71875;32767;32767;32767;32767;31211,09375;29468,375;27075,46875;25219,84375;23584,78125;23114,65625;22839,96875;23534,0625;24955,84375;26773,0625;28353,90625;29816,40625;30629,9375;31436,1875;30767,90625;29773,46875;27871,875;25873,21875;23205,3125;21508,6875;19633,375;18244,03125;17375,9375;17283,78125;18029,03125;19125,4375;20295,6875;21571,90625;22499,09375;22569,15625;21775;20255,6875;18024,6875;15386,96875;12295,34375;9688,84375;7500,6875;5176,4375;3157,03125;1731,375;648,21875;463,8125;-88,90625;-289,875;-161,09375;-152,96875;48,875;114,40625;-51,90625;-154,4375;-38,53125;-21,375;-298,5;-229,71875;-319,625;-357,90625;-214,59375;-1,59375;-294,75;-58,75;-247,40625;-281,90625;-229,375;-204,84375;52,78125;-129,65625;-150,3125;-262,53125;-186,28125;-206,03125;-29,5625;-176,53125;45,9375;-204,625;21,15625;-6,96875;-75,8125;-179,53125;-281,5625;-182,03125;-260,1875;-133,5;-60;3,125;-143,59375;43,25;74,75;-166,5625;60,65625;-167,84375;-29,5625;179;16,15625;27,28125;-106,46875;-36,0625;180,4375;-69;-25;32,28125;182,09375;130,1875;-36,4375;80,0625;204,5;243,09375;-137,15625;145;-62,09375;-33,8125;60,75;-88,09375;-111,71875;-59,15625;94,03125;66,53125;197,90625;14,28125;-128,78125;119,125;170,3125;240,6875;28,46875;-48,5625;-52,84375;169,09375;119,125;-94,625;-195,9375;95,5625;75,53125;24,15625;175,3125;-169,84375;66,40625;-167,78125;56,53125;-63,5625;257,625;318,90625;156,78125;-117,40625;45,96875;98,0625;-1,84375;-31,1875;-91,65625;163,5625;-75,75;5,03125;-22,71875;58,125;-95,5;61,21875;51,125;46,09375;134,9375;
288,59375;162,75;141,875;211,1875;151,1875;171,71875;162,53125;43,59375;7,75;36,25;66,09375;161,40625;178,25;27,3125;133,3125;94,78125;-111,15625;145,15625;120,40625;73,625;-65,375;-102,78125;6,0625;-24,0625;153,21875;39,9375;-7,3125;-88,875;20,59375;149,90625;-38,25;-43,8125;-91,65625;-4,75;-96,90625;-238,71875;-130,6875;105,0625;13,59375;23,5;-67,84375;-194,40625;-47,65625;-28,25;-195,625;87,03125;-106,34375;-172,21875;-36,84375;-115,375;-138,75;-82,75;-250,0625;-149,15625;-72,1875;-89,90625;-203,59375;-50,9375;-83,84375;-194,875;10;0,5625;88,1875;-101,6875;-26,96875;-4,5625;28,4375;-108,25;-66,375;-135,75;-51,90625;-232,3125;-142,03125;84,4375;66,1875;-6;63,5;-112,03125;39,53125;18,09375;113,53125;176,34375;-72,1875;-27,09375;189,25;39,21875;337,3125;330,3125;407,3125;35,78125;11,1875;0,5;323,5625;557,6875;807,71875;1277,15625;1593,03125;2199,21875;2231,40625;2248,78125;1668,0625;1852,96875;1696,28125;2119,5;2257,6875;2877,875;3223,09375;3768,46875;3861,5625;3917,25;3862,03125;3732,53125;3299,375;2867,90625;2726,90625;2943,5625;2968,625;3466,40625;4549,09375;5911,65625;7332,96875;9108,53125;11192,71875;12663,25;14077,0625;14884,8125;15678,0625;16122,0625;16856,53125;17568;18210,875;19104,9375;19614,90625;20226,40625;20679,1875;21599,4375;22622,375;23537,625;24326,5;25445,34375;26809,3125;28035,78125;28879,25;29662,9375;30462,125;30010,5625;29816,21875;28695,53125;27771,5;26672,0625;25228,15625;24190,6875;24143,90625;24227;24975,25;26031,59375;28041,125;29820,25;31357,71875;32767;32767;32767;32342,09375;30775,90625;28847,59375;26656,3125;24673,84375;23194,40625;22709,25;22346,84375;23517,46875;24562,5;26300,1875;28197,5625;29529,03125;30441,84375;30939,1875;30350,90625;29464,65625;27510,3125;25273,09375;23080,125;21191,9375;19296,5;17775,71875;17017,4375;17249,65625;17601,03125;19047,6875;19941,71875;21421,0625;22239,75;22666,71875;21774,625;20143,78125;17665,53125;15024,78125;12403,15625;9619,0625;7151,25;4906,90625;2977,71875;1530,9375;554,71875;329,1875;-42,8125;-27,40625;-47,03125;-227,6875;-256,71875;36,9375;-21,15625;0,21875;282,84375;64,25;-212,8125;-98,125;-183,75;3,3125;-217;-57,40625;-358,8125;-267,21875;-292,28125;85,6875;-70,90625;-198,65625;-67,125;-110,875;-57,6875;-137,4375;-85,125;-174,5;-300,03125;-328,5;16,03125;-171;-123,5;-219,9375;-334,40625;49,15625;-164,71875;-52,8125;-1,03125;-149,625;1,03125;232,6875;-25,1875;-17,34375;-103,5625;236,25;-125,15625;260,875;-75,78125;9,34375;52,0625;-150,125;-120,84375;52;145,09375;187,3125;60,125;33,84375;210,125;29,21875;61,625;-97;98,34375;93,9375;77,5;184,71875;213,09375;122,8125;154,53125;-52,96875;79,0625;96,65625;-53,6875;222,875;190,78125;94,34375;11,96875;144,9375;61,1875;87,8125;41,3125;40,4375;-130,9375;-16,53125;-52,125;-180,25;-194,0625;-17;30,96875;258,6875;114,125;-105,21875;-23;223,09375;-28,65625;-82,03125;201,5625;83,375;50,40625;-147,9375;-40,3125;-8,875;15,0625;204,8125;88,71875;-78,71875;-6,84375;57,625;111,375;2,21875;29,4375;-60,15625;50,15625;-47,125;-35,90625;
-9,40625;53,25;-242,65625;-71,125;54,65625;128,40625;4;156,125;-86,75;234,625;-35,96875;1,34375;241,96875;-91,65625;61,84375;39,5625;-19,84375;-243,0625;-176,71875;14,9375;-177,53125;-25,90625;152,34375;-140,8125;-120,75;-38,6875;-65,34375;-376,78125;-152,46875;-11,0625;-39,625;-287,375;-123,6875;-92,75;-187,21875;-109,53125;-241,65625;-97,03125;-129,84375;-149,375;-38,3125;-297,9375;-29,78125;12,84375;-162,09375;-239,875;-175,21875;-139,4375;-280,8125;-305,625;-101,03125;-96,53125;-118,21875;-175,375;-165,6875;-251,5625;-271,15625;-289,0625;-162,6875;-151,875;-205,3125;-166,21875;-79,28125;-331,40625;5,875;-166,9375;-84,78125;117,90625;-91,65625;-207,875;-143,75;-38,5625;-178,90625;-167,5625;-249,09375;-247,625;-288,28125;1,40625;-106,625;-391,125;-296,75;-156,96875;-180,8125;7,71875;123,9375;455,875;386,21875;114,5;256,96875;110,09375;-216,75;2,90625;374,65625;261,46875;630,59375;1256,75;1614,84375;1874,0625;2067,28125;1947,1875;1791,34375;1610,5625;1517,34375;1717,8125;1906,78125;2494,46875;3200,625;3739,8125;3957,9375;3809,8125;3652,09375;3556,625;3274,03125;2788,0625;2650;2721,9375;2781,28125;3355,625;4391,625;5632,375;7135,4375;9149,75;10904,71875;12479,6875;13917,40625;14791,96875;15297,9375;15754,1875;16396,0625;17070,71875;17875,34375;18451,65625;19245,65625;19900,84375;20754,03125;21243,71875;22281,5625;22981,625;24232,8125;25080,21875;26430,125;27521,5;28599,40625;29408,0625;29901;29642;29152,71875;28287,75;27156,15625;25950,125;24874,53125;23929,6875;23739,4375;23654,90625;24636,8125;25968,96875;27717,46875;29630,5;31011,28125;32270,96875;32767;32767;31855,5625;30242,84375;28347,5625;25880,15625;24045,0625;22462,6875;22263,4375;22001,59375;23111,90625;24097,09375;25975,6875;27576,15625;29077,1875;30138,25;30520,40625;30094,3125;28858,46875;26988,53125;25179,53125;22896,125;20644,1875;18846,09375;17602;16823,75;16957,96875;17320,75;18735,875;19925,6875;21154,5625;21903,4375;22154,875;20871,46875;19664,625;17148,46875;14828;11803,71875;9195,625;6817;4621;2886,375;1349;507,09375;-85,09375;-421,15625;-246,40625;-125,9375;-222,25;-61,8125;-70,9375;-139,21875;-120,96875;-235,9375;-180,4375;-320,28125;-468,625;-450,34375;-569,90625;18,09375;-218,375;-150,3125;-245,75;-320,84375;-162,78125;-383,375;-205,96875;-246,5;-150,8125;-372,0625;-148,3125;-146,125;-210,46875;21,5;-216,09375;-47,40625;-121,1875;-190,125;4,8125;-80,8125;-95,59375;-301,28125;-230,90625;-52,78125;-2,8125;56,53125;-226,34375;-110;-187,375;-262,34375;-188,8125;-219,3125;-125,09375;-122,375;-151,46875;-190,53125;-156,5625;-123,90625;-68,46875;-44,53125;-49,15625;-123,78125;45,40625;-58,15625;-67,875;-171,25;38,3125;-95,15625;-41,5;97,4375;78,34375;142,6875;6,75;22,34375;36,28125;-116,5625;-141,90625;-30,4375;-141,15625;-113;69,1875;-311,78125;-207,46875;-194,875;-137,34375;21,09375;-74,84375;-175,34375;179,1875;-122,4375;34,34375;-109,34375;130,71875;-250,75;-26,5;16,6875;-13,59375;-75,1875;-2,6875;-169,03125;-109,75;107;76,75;-58,96875;15,65625;-95,59375;9,53125;-194,78125;-4,5;27,625;56,21875;-52,6875;-180,375;-2,53125;-68,0625;2,3125;-16,15625;-19,03125;-42,46875;34;
38,90625;-18,375;18,84375;30,15625;-11,8125;-47,59375;143,03125;191,6875;86,09375;143,875;223,25;-20,15625;22,90625;67,84375;-9,78125;191,4375;189,8125;-126,4375;-134,875;-80,15625;-53,9375;-29,0625;-160,75;-72,46875;-42,0625;-50,78125;-121,53125;76,25;116,4375;167,15625;-131,40625;-142,03125;217,0625;-110,5;-56,84375;-225,46875;10,46875;-127,5;-129,90625;-41,8125;-213,125;-160,78125;-212,71875;-63,59375;-44,71875;203,15625;-6,3125;-156,4375;-83,21875;-158,15625;-110,25;-108,28125;-12,84375;-120,9375;-56,9375;-210,875;-279,8125;48;-229,0625;-392,21875;-65,1875;-184,375;-478,25;-220,9375;-25,0625;-96,875;51,34375;-88,03125;-267,34375;-203,71875;-67,0625;-141,46875;108,6875;-55,125;-19,78125;14,28125;-119,5;-124,90625;-228,15625;-262,25;-143,46875;-291,875;-167,09375;74,90625;114,90625;161;262,875;197,28125;270,90625;85,90625;74,125;-61,5625;49,375;431,21875;797,65625;1453,0625;1832,21875;2199,03125;2170;2045,8125;1795,3125;1483,40625;1407,34375;1844,5;2269,65625;2779,1875;3258,65625;3718,3125;3503,53125;3830,5;3528,90625;3213,5;3217,0625;2796,0625;2535,1875;2380,3125;2739,03125;3182,03125;4461,9375;5681,875;7064,1875;8906,125;10547,84375;12269,53125;13625,625;14519,375;15199,71875;15778,5;16386,28125;16917,15625;17556,96875;18346,53125;19010,4375;19649,8125;20141,6875;20840,09375;22077,78125;22704,5625;23930,46875;24546,15625;25190,875;26994,9375;28172,4375;28989,78125;29231,25;29219,6875;28769,6875;27927,40625;26973,875;25555,84375;24802,0625;23757,34375;23496,3125;23699,125;24482,25;25705,59375;27283,5;29018,75;30479,125;31867,78125;32677,59375;32334,1875;31048,1875;29743,53125;27878,96875;25665,90625;23678,875;22281,03125;21882,78125;21980,34375;22597,875;23918,25;25633,9375;27083,4375;28618,25;29733,53125;30207,03125;29458,34375;28431,1875;26659,15625;24689,53125;22611,46875;20634,71875;18679;17469,90625;16721,3125;16783,65625;17301,125;18519,375;19868,71875;21098;21725,21875;21594,09375;20902,9375;19188,5;17181,15625;14425,28125;11742,71875;9019,625;6625,34375;4574,875;2654,84375;1615,90625;470,6875;134,34375;-35,0625;-122,21875;-203,0625;-101,03125;57,78125;-52,78125;42,0625;-139,5625;-83,59375;-130,03125;-146,96875;-234,5;-305,625;-286,125;-458,03125;-95;-19,28125;-92,125;-188,8125;-396,4375;-124,8125;-386,21875;-274,5;-38,5;-297,78125;-337,375;-244,71875;-240,0625;-67,8125;-79,65625;-224,5;-170,8125;-31,90625;-99,15625;-167,375;-23,84375;-150,90625;-58,8125;-80,78125;-227,1875;-129,3125;79,5;-167,28125;10,25;-39,9375;-106,15625;-116,90625;-63,3125;-174,375;-11,84375;-413,375;-190,65625;143,03125;-131,09375;64,25;79,5;-8,21875;-59,34375;33,96875;270,25;-73,875;-77,53125;-0,59375;33,34375;224,75;123,21875;-208,59375;-85,4375;-54,1875;-77,34375;50,90625;110,5625;45,1875;-36,625;-110,46875;-80,15625;-79,1875;-14,5;-38,03125;99,78125;-49,4375;-17,96875;7,4375;-181,5;55,75;50,625;-169,90625;114,84375;58,125;137,21875;39,1875;64,5;144,5;33,3125;-224,21875;127;-232,71875;-89,0625;-69,53125;-13,28125;66,84375;-70,15625;-8,4375;-183,84375;-149,4375;-252,625;108;-116,03125;104,0625;-43,59375;1,25;-64,09375;30,3125;-34,875;-86,6875;
-12,375;111,90625;232,84375;80,5;55,28125;339,1875;178,0625;-62,0625;43,5625;101,46875;80,71875;213,625;228,78125;-6,6875;-209,1875;173,5625;106,09375;-89,78125;53,46875;35,09375;26,34375;69,8125;194,59375;-57,28125;142,84375;-45,3125;49,15625;134,84375;24,5;-109,25;-77,3125;82,125;259,28125;136,46875;-8,15625;-177,34375;-161,375;-146,625;-21,125;-196,625;-134,4375;-45,25;-10,78125;-145,8125;-20,34375;-156,5625;-299,875;-226,28125;98,53125;-30,59375;-25,875;-29,53125;-33,34375;-128,5;39,8125;0,3125;-268,625;20,34375;148,0625;135,3125;45,78125;-111,46875;-4,59375;139,3125;-74,46875;-60,25;15,09375;161,75;-19,28125;-87,6875;-124,9375;52,96875;-14,34375;133,21875;22,875;34,71875;206,09375;68,53125;30,0625;61,125;-102,71875;-39,46875;119,03125;-100;298,65625;488,40625;123,78125;500,09375;203,40625;183;206,28125;349,90625;225,9375;421,125;997,625;1256,1875;1827,1875;2051,28125;1977,0625;1877,4375;1614,03125;1657;1809,5625;1767,15625;2352,90625;2763;3287,71875;3825,03125;3782,6875;3844,46875;3674,78125;3557,78125;3130,0625;2813,09375;2654,625;2567,53125;2885,84375;3499,5;4451,90625;5406,90625;7222,75;8883,875;10561,375;12188,28125;13503,3125;14476,75;15066,03125;15536,0625;16379,5;17035,15625;17331,4375;18134,8125;18825,09375;19635,34375;20261,4375;20906,53125;21819,21875;22709,40625;23646,4375;24714,125;25277,0625;26932,625;27718,5625;28710,59375;29039,59375;29051,65625;28306,375;27688,65625;26745,625;25234,3125;24224,71875;23325,1875;23023,5625;23560,03125;24353,53125;25602,375;27150;28806,28125;30222,3125;31532,125;32050,5625;32074,1875;31004,625;29564,21875;27672,78125;25538,59375;23335,25;22252,65625;21683,28125;21627,3125;22460,6875;23750,4375;25537,59375;27064,34375;28515,21875;29432,625;29818,03125;29131,84375;28040,40625;26415,84375;24273,25;21953,65625;20039,625;18202,53125;17069,03125;16464,09375;16654,46875;17310,90625;18630,71875;19843,96875;20776,9375;21477,78125;21461,375;20651,90625;19134,8125;16602,3125;14393,03125;11609,6875;8994,96875;6555,25;4392,5;2593,96875;1366,9375;655,03125;74,34375;-189,71875;-195,65625;-138,34375;-97,78125;236,78125;256,0625;344,96875;95,34375;-6,375;39;-273,25;-47,375;-130,84375;-198,15625;-116,53125;-231,09375;-201,96875;-148,3125;-182,0625;-282,75;-162,15625;-65,75;4,71875;-184,0625;-235,59375;-176,15625;81,625;-5,21875;26;58,09375;-36,1875;-4,03125;-86,25;-199,8125;-254,53125;-21,34375;-13,90625;120,625;204,65625;-79,8125;-73,5625;23,53125;8,40625;57,15625;179,25;157,9375;15,53125;-103,46875;-69,0625;-16,03125;-35,6875;86,375;-3;132,375;44,96875;100,28125;60,8125;-49,59375;14,90625;91,78125;221,0625;277,625;57,71875;-0,8125;42,375;-71,625;-26,4375;21,90625;28,9375;-75,5625;120,6875;-42;299;55,375;48,46875;111,09375;38,5;-41,28125;-27;2,21875;71,03125;80,875;154,4375;-18,46875;80,40625;-200,34375;-27,34375;-73,84375;110,65625;-80,375;67,34375;9;-9,90625;266,3125;195,3125;67,875;-243,53125;105,875;217,6875;71,5;61,71875;222,15625;48,4375;28,125;-71,09375;-6,09375;-121,375;131,96875;-222,03125;43,75;-37,6875;131,40625;-78,53125;141,6875;154,96875;
158,65625;44,34375;111,40625;267,59375;287,9375;226;126,8125;433,90625;-35,65625;23,625;265,5625;128,90625;40,09375;23,78125;87,21875;-60,03125;63,46875;19,125;140,4375;116,90625;-16,21875;151,90625;-39,03125;85,5625;-26,09375;37,71875;96,25;104,375;86,71875;-109,53125;72,4375;-76,71875;-41,59375;46,65625;-147,71875;10,4375;100,28125;32,25;-63,9375;-80,625;26,59375;-99,78125;-235,28125;-100,59375;-119,4375;-79,3125;51,0625;6,875;-6,71875;42,21875;146,6875;-122,375;-72,125;-130,6875;57,78125;53,53125;19,21875;120,3125;93,21875;-212,40625;28,3125;-3,21875;-77,4375;-14,40625;-43,53125;-180,4375;-109,4375;-61,875;-83,21875;-148,4375;-218,40625;-191,3125;-33,65625;-15,65625;-122,8125;124,84375;-56,96875;-24,0625;-144,90625;79,03125;-115,90625;-6,90625;-276,40625;-149,15625;194,375;54,65625;196,5;224,125;346,34375;85,8125;215,96875;124,9375;-38,21875;491,6875;933,90625;1350,40625;1729,59375;1916,59375;2053,46875;1946,5;1939,40625;1663,59375;1587,84375;1811,0625;2044,34375;2598,21875;3267,5;3663,65625;3590,46875;3733,4375;3707,875;3130,375;3049,65625;2599,15625;2523,625;2626;2860,09375;3453,6875;4080,3125;5304,46875;7111,3125;8642,78125;10247,09375;11893,875;13226,90625;13852,4375;14609,125;15378,8125;16099,21875;16473,90625;17171,84375;17977,53125;18637,375;19252,09375;19958,78125;20667,84375;21576,5;22569,125;23168,96875;24568;25812,21875;26796,9375;27467;28342,625;28528,3125;28388,34375;27880,5625;27046,5;26191;24745,15625;23691,34375;22747,25;22809,53125;23172,375;24002,09375;25286,8125;27020,1875;28309,625;29733,625;31124,375;31729,875;31639,375;30323,1875;28995,90625;27137,84375;24935,15625;23130,5;21668,71875;21098,53125;21265,28125;22349,75;23624,3125;25124,65625;26556,71875;27979,34375;29013,375;29444,875;28698,96875;27457,71875;25826,375;23852,65625;21729,96875;19623,46875;18109,59375;17049,84375;16619,5625;16448;17185,1875;18465,65625;19635,375;20600,5625;21221,5625;21107,125;20143,9375;18779,28125;16482,1875;13940,40625;11286,78125;8608,09375;6202,28125;4473,75;2675,125;1213,34375;563,71875;-124,53125;-25,6875;-124,59375;34,1875;-18,4375;178,5;189,71875;-89,75;-13,65625;-90,65625;-212,90625;-141,6875;-410,375;-178,75;-107,1875;-142,9375;114,9375;-350,40625;-137,75;-167,84375;-202,65625;-268,46875;-302,21875;-105,96875;-154,1875;13,21875;-62,96875;-113;33,09375;-227,40625;21,34375;-185,8125;5,25;-129,21875;-23,1875;-97,96875;68,4375;-16,78125;-134,875;-163,40625;-36,875;-42,75;116,3125;27,375;-114,15625;-163,21875;160,75;93,125;-57,78125;-164,71875;-162,875;185,34375;13,46875;3,8125;123,53125;31,71875;-12,1875;124,53125;68,84375;151,53125;175,5;156,125;-10,9375;223,5;82,78125;0,78125;6,59375;25,625;91,6875;-99,1875;105,40625;-106,21875;-4,875;73,125;-114,78125;27,59375;151,9375;-23,9375;-23,375;40,75;-123,8125;-167,15625;41,78125;212,84375;-236,375;90,4375;-107,34375;-118,71875;57,3125;66,71875;155,875;78,84375;77,1875;191,5;-81,1875;-162,78125;-32,0625;0,53125;6,4375;18,8125;115;144,71875;-26,21875;-43,96875;68,4375;-165,28125;-113,875;50,90625;59,375;57,53125;73,25;-39,125;34;4,3125;-54,8125;204,625;
1063,15625;64,375;53,84375;-34,40625;144,5625;-12,875;364,25;-110,90625;276;25,75;163,65625;119,75;93,96875;122,5;157;171,40625;296,96875;-33,25;105,53125;119,03125;86,53125;-1,28125;-98,53125;-193,84375;40,90625;-60,53125;117,4375;10,625;68,71875;-4,8125;-97,875;-206,8125;-19,53125;-71,9375;46,53125;-59,78125;-63,21875;-60,28125;-85,53125;2,5625;146,25;-3,03125;250,78125;33,90625;-49,28125;-23,28125;157,78125;66,53125;175,5;-65;3,53125;0,8125;-63,71875;7,96875;-65,875;-17,5625;120,25;-20,59375;-20,625;-186,03125;1,03125;117,84375;-108,96875;-34,3125;-110,1875;-61,9375;-71,96875;89,65625;-60,78125;-31,46875;-70,1875;141,59375;43,46875;-233,40625;-38,25;42,6875;18,71875;26,09375;-60,15625;-160,59375;-93,3125;-28,34375;5,5625;188,21875;154,8125;443,6875;298,1875;292,15625;173,65625;11,71875;-8,21875;-16,4375;217,0625;581,03125;801,9375;1380,9375;1923,75;2237,6875;2123,6875;1730,34375;1759,65625;1851,65625;1664,5625;1756,0625;2112,34375;2746,96875;3300,09375;3441,90625;3270,15625;3620;3326,375;3153,34375;2934,84375;2511,0625;2509,15625;2526,8125;2784,5;3383,25;4141,34375;5136,78125;6973,53125;8548,34375;10147,25;11607,8125;12976,84375;13726,03125;14604,78125;15063,1875;16134,5625;16431,90625;16897,3125;17676,75;18559,75;19135,9375;19979,625;20412,34375;21696,40625;22608,03125;23456,1875;24596,9375;25714,34375;26765,84375;27564,3125;28074,6875;28086,75;28178,125;27789,625;26818,875;25963,71875;24614,78125;23332,96875;22513,15625;22491,0625;22969,5;23589,28125;24947,34375;26564,40625;28145,8125;29440,96875;30824,4375;31527,84375;30969,375;30327,4375;28429,09375;26850,53125;24905;23110,25;21708,03125;21010,53125;21285,71875;22144,875;23584;25235,8125;26749,125;28228,78125;28788,78125;29073,5;28432,9375;27079,28125;25419,4375;23650,1875;21639,40625;19611,96875;17929,9375;17175,15625;16404,46875;16350,5;17047,59375;18152,96875;19244,8125;20454,34375;20957,15625;20724;19940,09375;18456,09375;16032,625;13865,875;10902,09375;8314,9375;6051,875;4015,59375;2507,875;1395,34375;439,34375;7,75;-334,8125;-160,1875;-115,875;43,53125;10,5;250,8125;31,90625;159,0625;-22,9375;-241,4375;-330,3125;-42;-287,21875;-162,46875;-143,6875;-251,28125;-109,3125;-304,90625;-137,03125;-1,40625;-118,03125;-255,78125;62,46875;33,9375;-48,8125;-126,28125;-211,84375;-82,40625;-134,625;-172,9375;-78,875;-31,53125;105,53125;96,25;172,65625;32,03125;143,65625;-84,46875;8,8125;-219,78125;173,5;129,71875;-15,125;50,78125;31,125;-10,0625;79,09375;156,15625;-78,78125;264,09375;-105,53125;-30,25;-24,4375;200;-0,59375;98,46875;14,71875;-33,21875;53,0625;194,53125;117,28125;-34,71875;119,09375;138,3125;255,75;125,5625;71,875;57,5;51,34375;-29,25;-38,5;-2,03125;-151,78125;154,5;-49,1875;154,1875;195,6875;155,75;52,75;20,1875;77,96875;82,4375;4,1875;35,25;101,125;111,4375;-63,0625;27,53125;80,25;-22,0625;223,40625;-7,46875;-68,96875;124,59375;94,78125;186,6875;158,375;187,40625;66,8125;55,40625;159,625;-61,8125;170,625;35,375;191,0625;313,5;164,1875;85,875;181;31,125;171,125;118,5;249,75;44,71875;141,84375;
-57,5625;151,15625;185,3125;72,96875;-58,625;242,125;66,71875;54,1875;-36,09375;84,96875;-87,9375;146,28125;166,875;-70,96875;-42,34375;292,40625;50,6875;189,1875;42,15625;-317,46875;78,125;-49,78125;-11,25;-55,09375;45,5625;-76,84375;-59,6875;-0,21875;26,28125;10,09375;-139,40625;-60,75;118,15625;27,53125;-125,9375;-84,46875;52,375;178,03125;19,25;45,375;-48,21875;-171,84375;22,9375;-92,875;-312,3125;54,375;-273,96875;-93,90625;60,8125;-118,4375;66,8125;81,78125;-64,8125;153,03125;-126,8125;-67,40625;108,90625;-9,28125;-62,28125;237,8125;-200;-104,09375;-92,4375;107,375;-105,90625;15,5;38,40625;153,5;1,6875;-52,59375;-48,4375;51,09375;2,46875;-29,53125;-91,78125;140,59375;209,625;-40,875;-0,625;-149,46875;-149,59375;-150,25;83,46875;101,0625;134,3125;430,625;382,03125;304,75;215,65625;149,96875;-197,6875;100,90625;224,84375;410,5625;975,5625;1446;1758,4375;2118,21875;2079,0625;1766,09375;1664,78125;1567,96875;1515,6875;1487,59375;1871,53125;2328,40625;2796,4375;3251;3403,9375;3450,875;3241,75;2968,53125;2922,46875;2418,65625;2317,875;2255,625;2507,84375;2952,15625;3995,6875;5022;6620,625;8128,75;9853,84375;11067;12718,0625;13280,28125;14001,875;14751,9375;15216,625;16079,1875;16657,6875;17360,25;17919,03125;18754,09375;19618,40625;20426,28125;21452,71875;22259,1875;23219,40625;24432,3125;25251,78125;26353,875;27081,875;27416,9375;28075,1875;27666,21875;27194,4375;26463,6875;25207,4375;24046,84375;23279,875;22246,59375;22095,8125;22339,28125;23119,375;24446,1875;26084,71875;27735,53125;28982;30297,15625;31018,1875;30748,90625;29917,84375;28150,03125;26049,78125;24197,09375;22434,5625;21074,8125;20799,65625;20856,625;21915,78125;23200,46875;24897,875;26331,4375;27891,6875;28483;28676,40625;27795,75;26522,5;24937;23401,5;21022,40625;19229,4375;17737,15625;16722,21875;15868,40625;16120,3125;16594,5;17889,0625;18899;19799,5625;20473,4375;20725,84375;19277,375;17798,09375;15624,96875;13371,5;10513,46875;7935,375;5742,59375;3716,71875;2367,40625;1160,0625;434,96875;65,15625;-295;35;-83,375;66;55,5;182,03125;29,65625;186,96875;70,6875;-30,15625;-21,625;-217;-271,90625;-146,25;-84,5;-254,40625;-137,90625;-354,9375;-270,40625;-142,78125;-45,5;-109,9375;-158,15625;-207,8125;-175,15625;-113,78125;-79,875;-221,53125;-110,4375;-316,53125;-159,5625;-282,125;-165,75;55,71875;-19;-196,375;-73,15625;-152,5625;-126,4375;71,75;45,71875;-150,65625;-116,15625;-240,21875;-131,40625;4,40625;-17,75;39,53125;57,96875;-202,40625;-69,875;-84,84375;-226;-174,65625;43,5625;35,1875;170,53125;73,59375;-61,8125;-176,28125;-288,5625;4,3125;-87,875;-49,6875;106,34375;-66,34375;-39;38,59375;-95,46875;7,46875;-104,3125;-260,25;-5,78125;-64,40625;83,09375;126,28125;-12,3125;-20,9375;35,03125;26,78125;-22,15625;-138,9375;-51,1875;52,625;-122,90625;-71,21875;5,28125;64,25;-156,375;-22;-25,34375;105,96875;82,34375;-75,875;-222,3125;164,46875;-135,46875;-37,59375;-46;-131,46875;76;23,3125;130,15625;3,84375;111,34375;19,3125;-43,28125;48,5625;-36,09375;9,78125;226,8125;-3,6875;21,3125;-3,03125;-206;
263,5;199,5625;216,3125;260,46875;-58,96875;248,78125;-38,625;295,34375;173,4375;-21,8125;220,03125;128,53125;32,125;175,8125;73,03125;-49,875;-9,28125;140,21875;61,8125;-16,59375;135,96875;63,90625;91,71875;16,46875;43,28125;-52,1875;-35,8125;-21,1875;188,875;-15,4375;128,59375;-11,90625;90,53125;-30,28125;106,375;71,09375;-182,875;-177,46875;64,96875;-40,125;-30,9375;5,1875;24,5625;-131,40625;3,90625;53,53125;114,8125;-86,21875;225,84375;-9,03125;-187,09375;-15,71875;1,78125;70,8125;-35,71875;-78,0625;-22,5625;64,40625;-87,46875;-33,09375;47,03125;-162,375;-52,53125;-299,9375;88,40625;-97,09375;29,71875;-106,71875;227,96875;-19,6875;-102,40625;-113,59375;-129,125;124,40625;66,28125;-18,1875;98,40625;-280,0625;-127,375;-172,375;34,625;-35,03125;-2,875;78,09375;161,46875;85,6875;311,6875;416;179,125;355,8125;-19,96875;310,125;276,21875;445,9375;916,1875;1426,1875;1814,09375;2068,625;2113,5;1812,71875;1567,9375;1392,75;1383,375;1578,375;1888,28125;2312,65625;2807,46875;3158,53125;3267,15625;3354,25;2965,5625;2801,5625;2506,03125;2224,375;2380,625;2409,4375;2516,78125;2970,21875;3750,4375;4997,34375;6369,625;8071,75;9593,5625;11137,71875;12300,65625;13236,625;13933,375;14670,15625;15321,40625;15671,65625;16285,5;16950,375;17754,75;18424,6875;19094,21875;20163,53125;21112,34375;22027,03125;22893,1875;24180,6875;25006,40625;25887,625;26669,4375;27107,03125;27574,4375;27479,6875;26797,46875;26176,84375;24988,53125;23857,59375;22611,78125;21908,90625;21773,71875;22205,78125;22715,71875;24153,8125;25631,8125;27385,46875;28839,78125;30041,4375;30907,15625;30481,8125;29570,3125;27764,9375;25929,59375;23782,65625;22015,65625;21050,09375;20540,125;20716,09375;21326,34375;22866,4375;24975,125;26332,21875;27295,625;28026,4375;28179,1875;27513;26428,6875;24574,375;23004,875;20792,40625;19107,90625;17464,84375;16508,3125;15810,96875;16133,5625;16635,84375;17883,90625;18623,8125;19802,9375;20277,53125;20152,90625;19267,40625;17440,125;15382,46875;12968,125;10507,6875;7832,125;5568,5;3712,40625;2251,40625;1298;465,375;24,5625;-223,25;-59,46875;11,21875;7,5;220,875;107,34375;125,25;58,03125;40,71875;-149,28125;-185,59375;-95,5;-107,5625;-155,375;-173,625;-86,78125;-299,0625;-217,625;-100,09375;-46,0625;-106,3125;77,46875;-35,125;-215,96875;-97,90625;112,625;-140,34375;-13,34375;-295,4375;168,5625;-28,34375;-20,5625;-20;-2,9375;-20,15625;-46,1875;46,8125;48,5625;-17,84375;-40,65625;-197;-176,34375;223,375;-21,46875;-132,625;-93,75;90,90625;92,0625;98,5625;195,75;121;-16,34375;20;213,90625;-63,5625;194,21875;24,90625;46,65625;150,125;15,9375;55,03125;23,5625;149,8125;35;-141,75;29,0625;124,65625;65,1875;22,125;90,625;-47,71875;-50,125;45,71875;12,21875;14;-40,0625;-19,5;69;-228,78125;-11,96875;-71,875;-85,0625;152,25;-96,4375;89,09375;236,59375;157,40625;168,90625;30,21875;261,21875;164,90625;202,25;57,6875;-99,5;17,5625;253,09375;-92,90625;44,625;-45,8125;96,84375;-40,5;85,34375;97,71875;111,96875;262,3125;77,78125;-84,15625;-142,4375;101;154,78125;66,59375;-96,6875;5,03125;-9,5625;-67,15625;
123,40625;357,8125;49,375;-147,40625;241,90625;68,6875;6,84375;-13,3125;-10,59375;87,375;-240,46875;184,65625;136,96875;40,84375;-136,40625;-31,1875;119,59375;-1;2,34375;-134,0625;-180,03125;-140;16,8125;26,09375;69,59375;-45,8125;122,8125;-136,46875;-152,03125;73,1875;-54,8125;-119,875;113,625;-198,78125;4,46875;-313,21875;-85,15625;-111,875;19,46875;-76,40625;-30,625;0,9375;-95,15625;8,3125;0,5625;30,03125;37,5;-90,0625;-72,4375;-91,65625;-135,75;-119,375;-173,09375;-162,125;202,5;-23,6875;182,15625;-102,78125;-154,78125;142,5625;1,75;34,46875;-2,84375;133,6875;-110,40625;-59,5;-70,6875;49,8125;-85,28125;-35,15625;-1,65625;-140,5;-79,375;6,28125;168,1875;-51,5;96,09375;-83,21875;-278,375;-263,3125;-227,375;-265,96875;-62,1875;-224,65625;105,34375;178,59375;73,3125;80,0625;245,375;-25,34375;-3,59375;73,34375;-29,96875;487,15625;803,5;1226,84375;1583,0625;1755,34375;1913,34375;1566,84375;1570,5625;1466,625;1273,0625;1472,625;1637,625;2330,4375;2525,5625;2953,3125;3192,625;3239,84375;3200,0625;2710,71875;2465,15625;2246,6875;2109,8125;2111,8125;2390,125;2734,125;3653,84375;4930,625;6388,125;7976,84375;9253,71875;10800,8125;12089,875;12970,3125;13340,46875;14120,0625;14967,375;15499,625;16116,53125;16369,40625;17108,5;18084,5625;18693,375;19687,8125;20817,78125;21542,6875;22402,875;23507,28125;24751,6875;25644,8125;26257,25;27046,4375;27260,5625;26816,125;26190,25;25638,0625;24241,5625;23162,65625;21866;21256,625;21343,03125;21588,21875;22150,65625;23669,28125;25555,1875;26871,1875;28328,59375;29550,3125;30217,25;29745,09375;28823,28125;27190,65625;25267,84375;23470,8125;21690,40625;20568,90625;20363,125;20515,25;21492,25;22974,5625;24341,34375;25400,21875;26611,25;27273,4375;27458,4375;27049,09375;26176,03125;24386,625;22492,3125;20424,375;18628,375;17002,4375;16100,375;15329,8125;15536,25;16211,9375;17349,9375;18374,125;19468,625;19742,125;19485,84375;18774,34375;17361,96875;15160,78125;12694,4375;10061,5625;7697,59375;5460,5625;3665,71875;2142,15625;1086,90625;313,78125;-94,875;-2,3125;-143,1875;-29,5625;252,9375;52,84375;238,84375;110,625;20,4375;78,5;-40,875;-119,4375;-186,1875;-205,375;-297;-266;-295,84375;-25,375;2,25;-136,875;-73,0625;-150,34375;-111,71875;-152,90625;-110,78125;-82,6875;63,21875;-168,34375;-45,03125;-150,15625;-68,84375;-363,15625;-67,6875;-83,71875;-60,09375;-100,5625;-143,84375;158,0625;-191,3125;31,375;66,71875;68,53125;-135,4375;-150,9375;-58;-81,625;-89,28125;113,40625;-115,3125;-68,0625;-219,09375;-60,84375;-109,25;123,21875;-54,21875;82,84375;-140,375;111,4375;-136,9375;16,5625;-131,84375;-156,28125;35,6875;125,875;93,21875;-39,40625;-23,71875;-46,03125;-30,84375;-63,125;-20,5625;104,28125;88,1875;66;48,09375;21,78125;44,15625;-25,8125;-84,75;-12,78125;218,90625;166,125;24,59375;96,25;242,78125;95,28125;89,25;329,6875;-187,09375;-55,15625;74,75;119,65625;0,40625;85,21875;87,84375;-216,1875;-103,59375;15,15625;70,46875;119,90625;124,78125;-29,9375;122,40625;-23;146,40625;-209,65625;74,5625;-60,25;-130;64,34375;-331,78125;-19,34375;98,5;179,53125;126,875;48,34375;
-59,03125;185,25;-132,75;66,96875;77,6875;83,84375;27,75;91,15625;189,71875;241,25;223,625;216,0625;63,25;77,25;-1,375;47,875;-64,4375;-25;41,90625;221,03125;-119,90625;92,21875;101,375;70,3125;75,3125;-152,125;-46,96875;-46,65625;89,375;20,84375;77,4375;0,46875;-164,65625;-131,21875;-41,6875;89,875;-111;28,65625;-77,21875;-135,21875;-41,125;-105;191,4375;-96,34375;-78,28125;33,90625;-53,125;-22,375;25,5;-223,21875;-205,03125;40,5;35,625;25,4375;-52,8125;44,84375;-83,25;-205,15625;99;160,0625;44,53125;-204,71875;-129,21875;26,40625;-129,03125;-24,90625;-262,65625;-58,59375;-190,59375;112,4375;-95,21875;186,84375;-7,6875;-158,53125;132,125;31,4375;94,375;-131,75;-176,03125;-12,40625;-139,40625;27,28125;-60,53125;109,78125;406,8125;210,09375;265,71875;92,8125;340,21875;-17,53125;-62,1875;-102,875;73,625;494,03125;687,625;1188,4375;1517,9375;1995,9375;1856,625;1714,75;1708,0625;1538,125;1312,34375;1553,96875;1909,25;2264,71875;2633,0625;3173,28125;3273,84375;3203,625;2888,90625;2530,375;2523,4375;2304,65625;1998,9375;2001,9375;2302,4375;2943,65625;3640,375;4785,3125;6558,5625;7805,90625;9212,53125;10647,9375;11873,25;12539,5625;13302,71875;13959,34375;14720,5;15106,875;15464,4375;16194,4375;16911,28125;17506,375;18245,09375;19266,53125;20499,84375;21119,9375;22459,4375;23377,71875;24392,40625;25373,9375;25889,5;26332,59375;26958,71875;26600,53125;25957,1875;25048,90625;23875,84375;22598,25;21914,1875;21241,5;20848,46875;21142,46875;21974,25;23305,625;25261,15625;26900,625;28309,71875;29236,71875;29640,28125;29159,34375;28274,1875;26757,375;24912,53125;23002,4375;21185,6875;20191,4375;19880;20115,03125;21131,8125;22170,375;23905,90625;25074,125;26284,6875;26835,3125;27118,09375;26408,71875;25379,3125;23709,0625;21995,75;20102,0625;18393,40625;16676,53125;15779,78125;15091,9375;15398,03125;15914,96875;17231,84375;17956,375;19024;19578,21875;19534,6875;18295,375;17087,84375;14879,21875;12401,0625;9823,03125;7597,9375;5335,15625;3353,65625;2295,09375;1085,3125;509,09375;44,5;-136,5;4,8125;77,65625;320,15625;462,375;408,96875;26,4375;185,5625;171,59375;7,96875;-291,8125;-31,59375;-15,28125;-93,21875;-75,90625;-68,46875;-99;-379,625;-174,09375;-228,5;-14,625;-76,90625;-144,3125;-126,5625;-50,0625;-76,625;-64,5;64,40625;-32,96875;-275,84375;-231,375;16,03125;-215,03125;39,78125;-31,40625;-62,6875;-128,5;-26,1875;96,15625;-4,375;40,875;-65,03125;140,75;-31,84375;220,96875;-71,71875;22,09375;-19,1875;-11,3125;64,90625;-268,8125;-78,25;97,03125;-30,875;67,125;-99,78125;161,4375;-51,875;-49,96875;78,90625;-85,6875;182;-64,46875;265,0625;83,71875;216,875;487,09375;71,3125;47,125;121,1875;47,28125;222,5;-18,21875;157,15625;132,59375;55,59375;-78,3125;164,21875;49,59375;240,4375;225,59375;131,53125;-24,9375;-90,6875;114,25;139,1875;37,90625;171,90625;110,59375;89,34375;-33;145,71875;177,75;185,375;-47,5625;69,9375;69,625;125,34375;229,5;1,46875;-32,375;-180,34375;37,4375;249,21875;-40,59375;145,125;-26,96875;147,71875;324,6875;211,59375;98,1875;31,3125;-321,40625;-3,15625;227,84375;
41,96875;-147,03125;204,8125;-20,5625;-107,9375;186,4375;-24,53125;-180;20,0625;-180,09375;-50,96875;-62,03125;-42,75;-80,21875;-22,34375;-250;-186,59375;-108,9375;-104,78125;-120,53125;44,4375;16,78125;-135,1875;-70,21875;13,46875;21,625;-67,1875;45,65625;-109,25;-73,8125;-94,9375;-180,84375;-165,21875;-101,625;106,125;58,625;-14,5625;-19,59375;-49;-82,84375;-128,96875;-100,1875;-49,84375;-279,46875;51,34375;-29,9375;-150,09375;-13,96875;-231,8125;-99,1875;-153,75;-140,5625;-77,8125;-59,5625;6,9375;-246,46875;-98,875;-248,8125;-48,6875;-113,6875;-226,625;-274,1875;-41,09375;-149,65625;1,46875;-75,96875;-73,71875;-227;-83,5;-76,59375;38,0625;-97,96875;-148,96875;-46,875;-34,75;73,5625;-34,59375;-126,0625;-68,125;-268,59375;-339,90625;-115,59375;-40,125;-64,9375;-21,84375;0,71875;20,25;156,3125;161,8125;54,34375;-15,59375;7,125;128,96875;547,375;721,03125;1122,6875;1500,53125;1564,8125;1763,40625;1410,125;1414,4375;1300,21875;1275,0625;1521,125;1707,46875;2193,5;2666,03125;2998,9375;3146,46875;3166,6875;2812,875;2588,25;2370,3125;2000,1875;1969,59375;2048,21875;2377,5625;2726,46875;3701,34375;4549,59375;6219,65625;7502,125;9023,3125;10218,09375;11537,3125;12415,375;13054,9375;13466,75;14200,8125;14703,40625;14961;16045,03125;16588,71875;17178,625;17788,59375;18656,40625;19681,59375;20821,1875;21652,28125;22728,28125;23520,21875;24601,28125;25163,84375;25769,6875;25671,1875;25706,03125;25376,90625;24265,96875;23320,5;22162,21875;21348;20754,96875;20379,28125;20882,40625;21583,96875;23022,625;24683,125;26359,34375;27553,9375;28444,1875;29260;28630,125;27631,90625;25892,21875;23979,28125;22306,4375;20917,0625;19708,03125;19431,65625;19784,34375;20520,6875;22035,96875;23260,84375;24556,375;25667,34375;26327,65625;27014,84375;25944,0625;25064,0625;23272,34375;21536,65625;19630,90625;17625,53125;16260,71875;15138,5;14573,96875;15033,125;15754,8125;16676,15625;17868,25;18560,6875;19193,375;19198,375;18152,5;16513,375;14273,5625;12079,1875;9576,90625;7039,25;5220,90625;3268,4375;1802,1875;858,34375;384,25;98,6875;-192,875;-250,15625;77,875;-3,15625;127,9375;166,125;77,59375;186,1875;-48,03125;-45,6875;39,625;-207,90625;106,375;22,90625;-201,6875;-168,15625;-21,375;-242,0625;-29,96875;-97,1875;-303,625;-217,5625;-272,15625;-249,96875;-283,34375;-246,71875;-211,28125;-94,21875;-167,625;-390,9375;-133,40625;-60,84375;-81,6875;-357,5625;-172,3125;-20,875;-84,9375;-318,59375;-180,75;-49,46875;10,75;2,21875;-11,96875;11,1875;-192,03125;-172,03125;159,625;7,34375;25,25;85,40625;-58,09375;-91,90625;-86,03125;-82,59375;55,0625;110,53125;62,625;2,6875;-4,90625;-91,59375;-223,40625;-10,1875;84,03125;-24,65625;175,9375;-41,6875;102,03125;21,3125;111,8125;20,25;35,375;1,59375;42,90625;80,96875;-134,25;3,46875;166,75;-147,0625;187,125;117,59375;-27,375;93,59375;123,28125;101,5;29,09375;37,03125;42;171,84375;78,375;9,34375;120,78125;271,71875;22,375;92;-43,21875;-64,71875;-102,15625;-26,875;201,6875;148,9375;-52,8125;-72,8125;174,5625;4,5625;-76,21875;189,46875;149,25;113,15625;241,03125;82,6875;224,3125;13,1875;152,15625;13,25;-18,15625;
-50;11,5;111,40625;131,96875;21,34375;52,78125;182,21875;94,59375;-57,1875;270,5625;-86,71875;-147,0625;-48,25;62,03125;47,34375;-215,6875;-220,59375;-22,4375;37,375;-56,1875;-43,78125;-60,3125;-190,125;-11,28125;-179,6875;74,53125;-48,09375;-127,625;67,21875;-19,65625;20,875;-159,15625;-25,28125;-60,3125;-81,65625;-44,65625;-128,5625;-166,875;-26,875;149,28125;-191,8125;33,15625;-72,28125;64,65625;17,1875;-173,125;12,125;-114,09375;-2,4375;54,9375;8,875;4,5625;211,625;-3,65625;42,71875;33,5625;-193,0625;69,8125;-132,21875;-67,03125;51,78125;-38,21875;12,84375;-99,8125;-144,34375;-297,5;37,25;75,3125;47,09375;-19,4375;-79;-257,5625;-285,125;-130,84375;-190,9375;24,875;-147,84375;-91,59375;-57;-180,125;-15,46875;-360,46875;-158,125;-52,875;50,6875;218,75;125,21875;305,5;-9,4375;-63,09375;23,8125;184,09375;40,875;384,84375;608,03125;1144,75;1585;1714,96875;1751,0625;1680,5625;1470,53125;1278,3125;1398,8125;1567,53125;1857,625;2225,53125;2707,40625;2975,09375;3199,9375;3293,75;2931,1875;2797,28125;2416,125;2332,5625;1989,03125;2044,40625;2363,46875;2805,4375;3595,1875;4711,40625;6173,15625;7648,90625;8989,96875;10332,90625;11574,71875;12350,40625;13014,28125;13214,28125;14026,03125;14467,28125;14968,875;15411,03125;16501,3125;16794,375;17511,75;18291,625;19390,8125;20305,875;21250,9375;21929,78125;23264,5;23893,46875;24350,25;25064,65625;25387,65625;25274,9375;24648,71875;23759,90625;22823,53125;21626,90625;20656,90625;20175,78125;19921,71875;20350,75;21029,6875;22630,28125;24258,78125;25905,8125;27170,71875;28109,3125;28507,40625;27957,4375;26873,75;25342,40625;23270,09375;21348,375;20420,75;19340,65625;18996,125;19259;19950,46875;21544,9375;23092,5;24048,71875;25357,46875;25853,59375;26207,78125;25618,46875;24398,90625;22803,71875;20974,71875;18919,34375;17416,90625;15739,25;14820,71875;14160,375;14567,53125;15371,21875;16571,53125;17580;18499,8125;18785,09375;18595,03125;17708,90625;16027,625;13919,96875;11688,46875;9164,84375;6995,96875;4837,5;3262,96875;1870,4375;1290,25;541,875;-80,5625;65,375;-269,53125;-47,75;1,09375;281,625;349,3125;191,15625;78,9375;198,25;97,90625;-85,03125;-33,21875;-131,375;77,9375;-200,96875;14,4375;-218,9375;-17,0625;-49,21875;-179,28125;-139,96875;-197,71875;-332,5;-108,65625;-279,84375;-251,59375;-215,75;-345,625;-45,90625;-178,3125;-142,9375;-136,375;-196,34375;-95,65625;-206,21875;-340,0625;-178,28125;-89,5;-174,96875;-140,15625;35,03125;-94,84375;-31,78125;-118,71875;-59,3125;56,96875;-44,96875;84,34375;-247,5625;34,3125;-251,40625;-172,78125;-54,65625;-14,71875;-81,625;126,6875;-6,5;-21,75;-5,71875;13,84375;-69,75;36,84375;22,78125;49,46875;24,6875;-75,75;111,40625;3,5625;-51,21875;20,96875;47,1875;91,5;123,96875;-99,46875;136,46875;-40,21875;-15,75;70,40625;-135;56,96875;-29,0625;-32,9375;-11,84375;-49,4375;-320,09375;164,125;19,03125;36,1875;-190,375;112,4375;-38,625;-64,34375;137,1875;47,4375;-280,625;26,40625;-102,03125;72,5;6,0625;65,5625;87,5;100,71875;-76,03125;168,96875;-3,4375;-25,4375;45,15625;165,28125;-244;-66,9375;44,625;164,8125;-15,8125;-72,4375;54,34375;
209,78125;166,03125;273,3125;77,59375;-10,15625;108,5;93,75;-162,0625;-25,03125;36,46875;254,125;-182,96875;47,46875;29,28125;7;-107,46875;31,84375;-224,21875;-54,28125;-118,8125;18,4375;60,28125;-83,53125;41,03125;10,15625;171,90625;168,90625;-78,75;-112,3125;75,09375;29,90625;-137,875;45,6875;-11,40625;-95,3125;-72,875;140,375;-3,4375;-23,0625;-297,28125;-117,125;-128,6875;-72,21875;-52,78125;-80,28125;14,96875;-66,1875;138,78125;-90,8125;-231,1875;61,6875;-30,84375;78,375;-38,46875;-92,3125;-165,3125;-84,25;98,75;44,625;174,5;-16,71875;38,90625;-62,0625;203,46875;218,90625;97,46875;-68,09375;145,4375;-223,5;-30,125;-67,46875;68;-35,125;-177,375;176,09375;57,5;-91,5625;-84,4375;34,96875;-208,5;14,59375;-11,53125;-114,78125;83,34375;215,625;157,46875;207,71875;253,28125;213,09375;-15,84375;100,25;-76,21875;94,78125;595,3125;794,4375;1118,8125;1510,53125;1666,1875;1745,3125;1692,40625;1469,25;1559,625;1351,375;1582,25;1912,15625;2197,46875;2759,46875;2958,8125;3376,90625;3213,9375;3233,90625;2676,375;2593,1875;2194,59375;2032,96875;2377,8125;2485,21875;2854,4375;3695,0625;4829,125;6104,5625;7763,15625;9064,5625;10399,71875;11431,0625;12045,59375;12785;13145,90625;13817,90625;14297,375;14549,96875;15329,15625;16088,8125;16403,5;17318,5;18207,1875;19139,46875;19771,875;20742,28125;21551,6875;22543,53125;23412,21875;23914,65625;24685,65625;24858,125;24742,90625;23999,34375;23248,125;22173,53125;21145,53125;20360,3125;19910,03125;19480;19930,53125;20673,65625;22050,40625;23773,125;25056,84375;26647,4375;27140,40625;27848,53125;27239,40625;26314,5625;24669,25;23083,46875;21104,34375;19665,1875;18456,65625;18441,3125;18729,40625;19714;20955,25;22209,53125;23581,5625;24766,03125;25314,53125;25417,34375;24840,84375;23558,25;22134,0625;20394,34375;18244,0625;16821,3125;15290,625;14676,96875;13957,0625;14178,53125;15062,875;16306,25;17134,59375;18128,28125;18896,78125;18432,84375;17484,21875;15580,09375;13339,1875;11364,125;8955,59375;6813,5;4597,9375;3250,4375;1981,78125;967,09375;528,65625;-5,90625;145,71875;165,875;9,15625;329,90625;80,5625;456,84375;156,90625;212,125;233,625;206,125;65,125;8,40625;-292,28125;-55,34375;-176,6875;-36,71875;71,46875;94;-160,53125;-18,53125;89,125;52,5;-88,34375;-391;-298,21875;-78,125;29,9375;-267,3125;-200,78125;-133,65625;-207,90625;-29,625;-169,75;-114,96875;148,3125;28,84375;-26,875;53,53125;53,0625;-74,09375;-81,4375;-10,6875;17,625;25,90625;81,15625;110,53125;-8;-83,40625;-97,75;-55,6875;47,5;-103,96875;-6,1875;-173,84375;-30,1875;234,46875;140,5625;129,75;130,15625;-169,5;-237,78125;4,25;35,03125;10,75;140,78125;-58,78125;153,25;-131,3125;-104,75;-118,40625;175,71875;84,5;73,03125;135,5;137,15625;-74,8125;-46,71875;176,25;70,15625;370,5625;198,25;182,3125;67,03125;42,78125;-101,5;22,78125;64,4375;-53,0625;-10,71875;45,8125;68,59375;100,46875;-34,3125;47,46875;-146,21875;27,03125;155,15625;180,28125;24,875;25,09375;172,03125;296,03125;-124,8125;-136,625;11,46875;-82,03125;-16,40625;-31,6875;-72,875;47,5625;178,03125;147,5;0,71875;192,25;276,34375;
73,65625;344,53125;92,15625;102,5;12,78125;30,15625;151,84375;126,59375;145,90625;-28,8125;84,9375;193,46875;-44,3125;71,40625;269,875;-4;-54,28125;26,90625;175,6875;163,15625;-7,65625;-29,9375;195,84375;30,5625;22,78125;-34,90625;111;168,15625;-177,09375;109,09375;-22,40625;-261;107,09375;-121,1875;-26,375;81,59375;-95,4375;14,21875;-43,25;103,78125;108,5;78,15625;160,9375;-36,9375;-93,03125;53,28125;232,59375;181,3125;-30,59375;-117,5625;-116,59375;0,90625;-5,5;-7,625;-4,5;97,375;112,28125;8,34375;-114,90625;82,65625;139,6875;213,78125;28,03125;-180;157,9375;-145,53125;6,53125;-0,875;-18,21875;136,46875;33,71875;195,34375;149,6875;-64,53125;-123,53125;173,21875;31,34375;4,40625;10,65625;-22,8125;-47,53125;74,84375;-120;122,1875;228,40625;306,4375;526,875;356,84375;266,53125;41,9375;120,125;191,8125;192,5;450,75;833,53125;1443,5625;1469,71875;1775;1596,25;1766,125;1435,5625;1311,875;1249,28125;1685,28125;2014,46875;2539,46875;2623,40625;3235,21875;3187,25;3201,5625;3071,71875;2816,9375;2748,84375;2379,5625;2374,90625;2374,65625;2647,21875;3095,90625;3837,96875;5050,6875;6228,3125;7758,09375;9404,3125;10231,125;11398,71875;12346,84375;12695,5625;13309,6875;13888,96875;14224,875;14341,125;15251,28125;15714,96875;16300,875;17094,84375;17859,90625;18587,40625;19434,6875;20385,6875;21016,34375;22391,9375;23120,46875;23611,6875;24034,6875;24461,90625;23958,5;23606,53125;22624,15625;21847,125;20839,875;20025,65625;19416,34375;19291,875;19614,9375;20408;21542,5;23285,375;24682,71875;25950,09375;26910,46875;27384,6875;26614,75;25516,5625;23789,3125;22239,75;20527,53125;19261,65625;18076,3125;17672,65625;18365;19165,28125;20366,6875;21752,90625;22926,46875;23964,75;24971,5625;24760;24368,6875;23150,03125;21827,625;19958,5;18183,40625;16692,84375;15059,46875;14036,875;13862,625;13982,90625;14741,78125;15975,25;16965,28125;18008,5625;18347,21875;18185,15625;17142,625;15239,125;13370,8125;10990,65625;8518,46875;6450,84375;4706,09375;2872,34375;1772,1875;979,9375;394,8125;76,9375;5,3125;215;82,03125;179,78125;161,15625;486,71875;498,75;457,25;183,3125;62,375;140,40625;189;29,125;-67,03125;136,0625;160,03125;-42,75;-4,75;13,40625;-59,625;88,46875;97,53125;-83,9375;-2,03125;1,71875;-199,90625;-71,59375;-97,5;-213,1875;-176,375;-89,875;10,40625;-230,25;-48,375;35,8125;-52,875;56,125;-48,8125;26,6875;-4,78125;114,6875;62,9375;-12,75;159,875;135,40625;-13,15625;38;169,15625;-17,75;182,15625;-156,375;-72,0625;-39,375;167,71875;138,8125;209,96875;-17,15625;-31,3125;-134,25;45,375;-40,875;42,03125;195,59375;69,8125;15,625;48,78125;151,0625;68,96875;158,78125;209,9375;8,84375;356,34375;122,15625;-110,09375;102,6875;58,5;142,5;141,46875;158,9375;71,90625;105;74,625;-61,15625;-1,375;-82,96875;29,84375;-9,15625;40,53125;-85,90625;84,5;215,5;22,25;250,03125;144,625;204,21875;-183,34375;226,9375;246,6875;5,125;106,9375;-62,21875;204,46875;27,75;144,03125;14,59375;311,28125;202,78125;213,6875;286,5625;68,1875;120;138,15625;-5,03125;-28,71875;-23,8125;
53,25;-97,40625;95;-171,5625;171,875;-20,90625;61,5;-75,875;-162,1875;17,4375;-194,21875;-106,46875;-56,6875;-87,375;-16,46875;-123,28125;-103,28125;27,21875;-80,15625;-62,90625;-154,25;-175,75;-56,9375;-152,1875;-175,9375;-231,28125;-60,6875;-243,40625;-162,5625;37,53125;-115,09375;-313,6875;-92,34375;-155,625;-194,375;-120,25;15,34375;-69,1875;-59,3125;-21,5625;-202,3125;-115,15625;-384,6875;-150,6875;-65;-197,8125;-63,53125;100,90625;39,34375;-179,375;-202,84375;5;-7,875;-95,875;-74,125;-201;-96,15625;-13,125;5,78125;-31,3125;-26,28125;-330,15625;-0,0625;-22,28125;27,125;-34,25;6,4375;-21,65625;-58,625;-0,4375;-348,15625;-133,3125;-16,3125;-48,71875;-58,75;176,75;-24,28125;41,375;-77,09375;-376,15625;71,40625;-185,8125;-152,3125;211,53125;132,5;227,21875;141,375;123,03125;108,8125;-16,4375;-16,5625;-22,3125;238,28125;359,75;658,125;1154,5625;1355,375;1552,21875;1670,0625;1452,5625;1417,9375;1079,5625;1183,625;1358,5;2043,03125;2140,125;2698,59375;3117,6875;3228,53125;3035;2878,71875;2559,9375;2677,15625;2476,75;1962,46875;2085;2378,25;2656,96875;3798,59375;4856,1875;6078,5;7488,75;9022,34375;10199,75;11403,34375;11967,5;12516,1875;12890,03125;13326,75;13800,34375;14081,34375;14929,0625;15402,84375;16003,59375;16704,96875;17625,8125;18450,15625;19160;19819,0625;20842,75;21557,125;22469,84375;22920,3125;23288,96875;23454,71875;23472,15625;23218,375;21899,03125;21382,71875;20150,8125;19420,96875;18701,46875;18506,46875;19274,375;19872,84375;21132,59375;22458,53125;23905,46875;25364,15625;26171,6875;26388,0625;25673,75;24672,9375;23496,625;21534,5;19838,03125;18420,78125;17723,90625;17215;17520,1875;18381,625;19854,375;21124;22541,59375;23468,46875;24035,84375;24254,125;23701,59375;22459,28125;20811,53125;19227,5;17451,6875;15804;14291,5625;13650,6875;13231,46875;13433,5;14412,28125;15316,21875;16485;17488;17780,21875;17477;16299,59375;14663,53125;12717,9375;10592,4375;8202,46875;6090,96875;4236,40625;2656,25;1645,9375;589,84375;166,875;-169,53125;-223,53125;-144,6875;-90,71875;176,6875;258,34375;207,84375;181,5625;262,90625;79,21875;-18,09375;-112,15625;146,46875;46,03125;33,8125;58,84375;-189,84375;-26,34375;-134,65625;65,3125;181,4375;8,34375;-134,0625;-221,8125;-274,71875;-300,3125;-202,875;-50,03125;-176,1875;-219,4375;-76,625;59,78125;-188,40625;-142,875;-185,875;-280,28125;-335,84375;-1,1875;-224,5;-44,3125;25,21875;-216,3125;-97,03125;-21,46875;-95,59375;-105,84375;-95,40625;-20,375;61,75;80,25;38,71875;-169,6875;38,8125;-198,5;-34,375;191,4375;-221,78125;-232,4375;-68,125;-83,84375;-104,5;51,65625;5,5;128,25;1,15625;-46,25;169,3125;-11,15625;-121,5625;8,9375;-8,6875;-5,1875;117,875;34,8125;58,59375;-263,5;-79,09375;-1,34375;-118,15625;-229,1875;-98,8125;-233,65625;57,375;12,6875;-151,0625;-52;-69,1875;-18,9375;21,375;-23,5;-247,125;6,21875;-45,75;15,40625;-94,375;-70,03125;2,78125;48,375;39,15625;26,96875;285,21875;-164,5;-66,375;48,75;-12,4375;-82,03125;-144,40625;106,28125;94,65625;-25,78125;-186,25;-106,90625;13,5;62,3125;25,5625;173,21875;
-70,46875;24,875;-31,90625;1034,375;14,71875;34,5;63,96875;122,375;196,28125;-5,28125;105,8125;119,21875;-6,40625;131,34375;144,75;-17,59375;-23,78125;-50,59375;80,78125;-68,375;-52,5;-60,34375;89,71875;22,78125;-36,3125;-100,78125;-79,40625;-39,875;15,125;-33,875;46,8125;167,71875;-80,875;-82,0625;-13,0625;-291,03125;-64,59375;18,34375;-175,375;221,5625;4,5;9,65625;-56,90625;-71,90625;193,9375;182,90625;86,125;47,3125;-74,5625;-47,8125;73,09375;62,34375;-135,78125;96,90625;52,40625;-10,5;203,96875;-19,5625;-3,6875;12,75;-49,09375;-171,75;-123,25;-23,25;149,4375;-14,65625;-4,34375;26,4375;210,21875;85,4375;-4,03125;172,15625;-4,28125;-69;47,21875;155,59375;168,46875;33,25;68,59375;-120,875;-104,40625;-151;-73,40625;-18,0625;101,9375;316,375;84,875;208,46875;307,875;234,84375;-53,96875;43,59375;132,15625;570,1875;663,28125;932,71875;1435,125;1885,96875;1617,5;1458,1875;1342,75;1282,75;1349,1875;1571,3125;1975,34375;2184,5625;2994,125;3290,65625;3245,8125;3257,65625;2917,53125;2753,90625;2412,5;2369,0625;2182,5;2231,75;2261,03125;2933,6875;3576,65625;4742,6875;6211,21875;7630,71875;8896,9375;10209,78125;11283,875;12100,21875;12627;12974,0625;13397,9375;13766,9375;14044,8125;14640,1875;15262,25;16028,6875;16436,625;17307,25;18245,1875;18738,75;19786,15625;20446,125;21155,65625;21938,1875;22534,40625;22705,4375;23144,09375;22938,40625;22557,46875;21661,625;20847,96875;19722,125;18798,15625;18489,90625;18529,875;18862,5625;19597,6875;20832,15625;22424,375;23520,71875;24716,4375;25593,5;25902,375;25375,3125;23973,625;22524,1875;20968,625;19403,1875;17610,53125;17130,75;16926,4375;17233,53125;18351,9375;19510,1875;20909,6875;21962,59375;22911,875;23425,1875;23714,0625;23247,15625;21793,03125;20218,875;18644,21875;17143,96875;15332,125;14149,5625;13442,8125;12811,25;13166,96875;14015,375;15162;16260,3125;16911,0625;17479,5;17249,75;15976,78125;14377,28125;12498,25;10158,5625;7859,65625;5950,0625;4244,5;2628,09375;1524,09375;612,5625;155,9375;-90,9375;-222,875;76,78125;225,90625;118,125;288;324,625;-24,59375;185,6875;-52,5625;115,09375;181,78125;157,5625;-25,4375;52,28125;21,96875;164,0625;128,875;137,65625;8,1875;-11,4375;-32,21875;50,90625;-9,5;77,25;25,5625;-200,25;-217,4375;35,625;14,15625;-252,5625;-186,78125;-124,65625;-54,125;-196,875;-112,625;-73,6875;-293,5625;-7,5;-86,84375;-12,03125;154,21875;139,40625;-121,625;-177,125;5,46875;-151,6875;-125,78125;21,5;35,4375;-161,53125;-172,21875;67,15625;-57,15625;-65,875;-44,625;142,6875;205,8125;48,8125;117,4375;-149,90625;43,3125;-107,65625;-62,59375;-32,09375;113,40625;-44,3125;43,4375;-60,46875;-31,40625;20,84375;-167,71875;85,46875;124,03125;70,09375;-9,6875;-131,34375;0,625;67,09375;-73,21875;-90,40625;-80,03125;-71,46875;-91,40625;-221,65625;-25,6875;-15,84375;-103,125;-119,21875;-173,28125;32,90625;9,875;32,1875;-122,1875;-205,71875;-128,34375;-99,25;-73,9375;24,03125;-106,6875;-75;151,34375;-17,0625;263,40625;16,90625;94,9375;136,25;21,46875;45,40625;64,21875;-88,71875;-30,9375;76,90625;59,8125;36,34375;129,4375;
63,09375;72,28125;-43,28125;-54,59375;145,5625;50,96875;15,3125;119,96875;80,8125;138,09375;156,90625;5,53125;140,15625;-107,96875;26,96875;-37,1875;-16,3125;48,5;30,6875;7,25;-124,21875;183,84375;-28,5;2,28125;-85,6875;-1,5625;53,75;-53,78125;-68,96875;241,625;173,40625;-30,625;-8,375;2,84375;215,03125;-0,5625;-129,375;57;-12,25;-97;60,59375;-6,75;-112,40625;0,46875;-279,90625;193,8125;265,09375;-102,75;422,5625;33,15625;68,875;-128,78125;181,40625;-4,53125;163,78125;82;49,03125;-28;-66,28125;-78,21875;145,90625;221,59375;-74;218,875;38,21875;81,78125;386,9375;1,0625;159,25;48,625;172,71875;4,0625;162,6875;87,34375;-24,09375;188,1875;-127,5625;231;-34,65625;-116,375;-62,28125;50,25;22,40625;160,0625;301,6875;482,90625;373,65625;168,53125;343,21875;-111,96875;93,65625;272,5625;464,4375;399,09375;860,03125;1253,3125;1340,40625;1681,78125;1566,75;1622,5;1451,71875;1419,53125;1260,28125;1640,59375;2089,03125;2346,375;2922,15625;3092,0625;3338,21875;3286,1875;2947,03125;2672,53125;2647;2330,53125;2127,96875;2267,96875;2517,625;2921,9375;3799,96875;4691,0625;6353;7317,625;8841,71875;10198,78125;11168,34375;11675,3125;12461,15625;12651,90625;13230,875;13619,59375;13844,34375;14629,53125;15192,1875;15864,40625;16534,9375;17074,6875;18129,9375;18555,03125;19354,625;20057,8125;20926;21586,8125;22000,875;22534,625;22629,1875;22352,5625;22199,40625;21246,21875;20239,875;19434,625;18703,40625;18197,0625;18250,90625;18556,9375;19266,90625;20514,75;22115,53125;23327;24253,8125;25046,25;25369,34375;24644,90625;23564,96875;22152,0625;20472,90625;18970,71875;17683,8125;16738,5;16599,125;16938,125;17703,125;18882,9375;20449,9375;21352,8125;22317,03125;22974,40625;23096,53125;22476;21515,15625;19980,21875;18501,53125;16473,4375;15019,28125;13800,53125;13164,5625;12798,875;13133,8125;13830,4375;15001,28125;15960,25;16781,84375;17225,40625;16878,96875;15924,40625;14205,25;12237,78125;10073,71875;7666,0625;5898,5625;3835,71875;2541,84375;1411,59375;790,9375;421,78125;56,21875;-196,03125;285,65625;233,90625;335,625;352,4375;526,46875;502,5625;332,84375;303;242,75;338,8125;115,90625;290,125;173,375;364,6875;277,03125;-17,25;104,03125;146,65625;131,1875;240,96875;32,8125;-41,15625;167,59375;102,65625;88,25;162,21875;-138,03125;-95,84375;-178,09375;-81,75;-47,46875;-127,5625;-43,25;-78,5625;-153,1875;-11,96875;82,34375;16,25;67,6875;136,25;197,34375;56,5625;-57,28125;7,03125;84,15625;231,1875;4,1875;109,96875;-101,96875;20,46875;-25,1875;-59,71875;48,65625;244,34375;307,34375;61,0625;20,625;-78,6875;73,1875;39,28125;-197,21875;-26,96875;231,03125;163,75;95,3125;-13,65625;120,9375;63,5;74,125;108,875;145,6875;9,90625;143,03125;161,90625;-73,78125;23,4375;42,75;-62,8125;104,5;41,4375;9,71875;152,8125;265,28125;4,1875;128,6875;-1,4375;-75,9375;-62,1875;186,875;129,15625;46,5625;87;78,8125;53,53125;141,0625;127,375;-58,3125;90,84375;88;134,28125;154,0625;186,375;50,1875;-13,625;240,5625;136,6875;-228,75;169,375;246,96875;86,25;190,875;191,53125;193,8125;163,3125;
-175,5625;-2,53125;-42,5625;130,65625;13,90625;-3,09375;184,1875;-93,4375;-84,9375;205,09375;-242,28125;21,53125;-190,09375;-113;-100,9375;-23,28125;51,21875;-234,9375;-20,90625;-233,96875;-114,0625;-174,40625;43,3125;-7,625;-79,8125;17,15625;-111,75;-127,78125;-218,65625;-180,4375;-51,1875;-29,625;-61,1875;-40,59375;42,9375;112,53125;203,125;94,09375;-34,84375;-179,125;42,71875;-2,71875;-22,09375;-80,59375;-11,9375;123,5625;58,1875;60,28125;-44,28125;-137,0625;-66,46875;-29,53125;-174,90625;-152,1875;-145,03125;-101,875;-104,375;-104,9375;74,28125;31,1875;5,71875;-3,09375;-31,1875;111,375;193,5625;43,78125;-68,5625;182,125;-110,03125;91,8125;346,71875;101,3125;-47,875;78,09375;73,71875;179,6875;-81,21875;60,875;65,40625;-206,5625;24,34375;-144,375;66,40625;146,0625;-70,46875;210,78125;205,46875;149,65625;288,25;91,8125;308,5;8,25;250,28125;602,375;834,75;1223,03125;1483,625;1671;1598,9375;1410,375;1314,5625;1361,15625;1355,8125;1360,28125;1854,71875;2225,8125;2555,125;2963,78125;3191,09375;3238,34375;2958,90625;2548,34375;2258,1875;2009,75;2078,375;2023,34375;2261,3125;2774,125;3464,03125;4548,53125;5881,59375;7229,875;8522,09375;9976,09375;10918,78125;11696,84375;12015,3125;12415,71875;12664,375;13247,96875;13542,40625;14134,8125;14840,34375;15448,21875;16228,46875;16856,28125;17703,59375;18292,0625;19040,875;19782,625;20621,46875;21178,34375;21434,25;21815,9375;22134,15625;21853,40625;21488,90625;20681,40625;19727,96875;18891,59375;18178,46875;17415,15625;17636,90625;18099,3125;18889,9375;19869,53125;21291;22736,8125;23779,96875;24657,0625;24857,78125;24244,375;22988,25;21693,4375;20259,6875;18498,09375;17121,71875;16308,5625;16230,28125;16424,375;17248,34375;18256,40625;19785,25;20894,28125;21815,125;22589,71875;22595;22294,1875;20886;19254,78125;17909,09375;15911,28125;14474,28125;13408,21875;12753,34375;12272,65625;12688,78125;13394,71875;14536,09375;15445,75;16371,78125;16582,875;16472,875;15444,4375;13699,3125;11661,8125;9622,90625;7288,0625;5230,15625;3589,0625;2294,4375;1206,5625;599,90625;104,9375;-75,90625;-131,9375;187,25;224,75;67,3125;194,3125;211,09375;235,5;91,96875;119,6875;153,125;104,0625;182,34375;41,9375;153,46875;-67,875;295,59375;112,96875;281,53125;367,09375;180,8125;419,3125;270,875;121,0625;159,09375;180,40625;-52,5;45,90625;-16,875;-68,75;-229,8125;-140,78125;-57,75;-70,9375;-137,34375;-267,53125;38,78125;63,4375;33,03125;-135,71875;-160,46875;-186,40625;-95,15625;-196,4375;6,3125;-114,0625;-20;-51,59375;139,5;-41,78125;-26,9375;-36,1875;175,5625;-11,125;-127,25;-188,03125;6,53125;205,53125;-72,65625;15,1875;30,375;-152,0625;53,8125;25;55,21875;-51,84375;-47,53125;74,84375;-274,65625;174,46875;-109,625;11,6875;-133,375;-67,6875;36,21875;94,5625;-177,21875;196,03125;223,8125;-40,78125;31,875;-115,75;16,71875;-53,5625;44,34375;-68,65625;4,0625;66,90625;-10,125;68,25;-34,5625;73,375;0,34375;12,125;170,375;-6,125;59,5625;22,125;94,0625;108,6875;-20,375;47,875;3,6875;134,375;-147,71875;95,9375;18,78125;179;46,0625;-64,9375;107,71875;-57,15625;-183,34375;-48,0625;169,625;-61,46875;
282,4375;9,28125;719,09375;150,9375;-107,8125;-136,71875;42,875;-23,59375;108,59375;167,8125;30,53125;33,34375;93,6875;-120,75;17,375;-58,28125;110,53125;-1,71875;-39,375;-16,3125;-139,21875;-2,4375;88,0625;-116,75;-33,625;119,21875;-139,6875;-45,71875;52,34375;0,0625;-140,53125;-87,4375;137,71875;72,84375;-119,125;-1,34375;-149,25;-8,0625;96,34375;-237,8125;-31,09375;-84,375;31,15625;172,875;-81,125;48,625;32,6875;341,53125;13,09375;-12,25;24,375;151,59375;145,25;164,1875;-194,53125;-128,1875;-59,4375;145,4375;-36,03125;-58,15625;24,21875;132,375;73,78125;-35,375;34,65625;70,1875;103,5625;50,40625;123,78125;-38,84375;81,34375;96,40625;123,46875;61,875;255,40625;312;140,71875;228,15625;121,6875;-38;-47,5625;90,78125;126,8125;193,03125;238,5625;397,1875;212,40625;66,5625;89,09375;138,5;62,3125;174,5;494,5625;618,15625;917,1875;1375,15625;1514,1875;1414,96875;1552,25;1413,90625;1386,5;1180,5625;1369,1875;1391,5625;1852,4375;2287,84375;2694,375;2961,96875;3085,375;3059,125;2874,65625;2565,03125;2041,9375;2020,8125;1977,625;2133,96875;2150,59375;2713,78125;3449,6875;4258,71875;5916,09375;6954,71875;8574,5;9851,1875;10783,4375;11314,375;11743,71875;12322,71875;12776,5;13158,84375;13242,375;13960,84375;14599,8125;15037;15908,53125;16693,6875;17408,59375;18069,90625;18833,21875;19546,21875;20308,71875;20680,65625;20995,34375;21580,875;21858,15625;21482,59375;20941,875;20148,15625;19453,71875;18357,03125;17902,5625;17140,0625;17422,125;17357,71875;18327,875;19417,71875;21020,125;22213,21875;23308,78125;24064,875;24149,75;23800,5;22436,28125;21224,1875;19722,6875;18210,1875;16696,90625;16027,875;15834,25;16194,75;16963,8125;18178,4375;19418,875;20494,59375;21620,25;22089,8125;22263,78125;21470;20638,875;18749,4375;17366,125;15635,15625;14356,28125;13022,03125;12451,28125;12153,78125;12479,3125;13217,375;14153,15625;15019,9375;15965,53125;16488,53125;16233,53125;15049,1875;13541,625;11548,65625;9618,34375;7251,5;5080,65625;3544,875;2260,375;1422,1875;458,625;185,78125;62,9375;46,9375;160,34375;295,78125;251;306,9375;319,78125;312,5625;423,25;193,71875;82,4375;52,125;264,3125;196,375;324,78125;414,78125;271,34375;412,0625;259,40625;199,46875;130,96875;108,34375;434,5625;204,46875;273,9375;267,5625;224,6875;82,1875;55,28125;102,40625;238,21875;141,65625;64,6875;-50;-99,03125;-80,875;-12,0625;-0,15625;162,28125;-50,9375;126,75;45,90625;93,78125;149,5;36,90625;168,21875;110,03125;-31,4375;1,28125;80,34375;-58,53125;92,1875;-19,46875;26,0625;82,875;60,28125;107,84375;-4,0625;212,25;136,8125;284,21875;126,875;244,71875;198,25;110,71875;39,125;95,34375;28,375;87,78125;76,46875;9,0625;-29,9375;53;-30,125;320,75;259,71875;191,28125;97,71875;-61,34375;126,1875;72,28125;252,28125;227,46875;94,40625;68,1875;112,75;-15,46875;-17,4375;173,0625;278,59375;46,15625;2,4375;66,78125;204,8125;198,6875;75,5;-33,1875;218,8125;-33,90625;8,5;288,71875;314,5;1,25;-11,6875;213,375;108,6875;249;75,03125;39,65625;34,71875;71,46875;197,5625;-44,3125;225,625;-6,28125;44,875;
4,4375;148,40625;43;141,46875;311,4375;95,21875;-172,90625;112,59375;-175,25;32,625;26,0625;10,90625;-186,1875;78,28125;24,46875;-76,96875;236,125;-221,21875;-89,8125;-177,34375;-89,71875;-129,1875;47,0625;-121,59375;-68,09375;-96,375;-26,5625;-100,84375;-131,125;34,5625;-246,78125;-113,6875;1,0625;-20,21875;-199,53125;11,5625;-137,78125;-224,75;-237,8125;-4,3125;-45,34375;-86,65625;-7,90625;-133,375;236,6875;-74,90625;75,1875;-202,71875;8,9375;-118,28125;-74,5625;-64,40625;-131,3125;68,25;-80,21875;125,03125;-65,3125;140,9375;23,9375;32,96875;-27,46875;-157,75;198,40625;120,84375;-26,65625;70,625;21,78125;15,90625;35,125;-15,21875;-202,1875;143,25;35,53125;317,03125;63,03125;154,6875;1,03125;-114,09375;25,3125;-215,875;56,125;-258,96875;-34,0625;128,71875;202,4375;396,1875;-106,53125;130,25;128,03125;79,96875;-30,375;132,4375;344,40625;571,78125;881,625;1388,84375;1431,4375;1292;1589,09375;1351,59375;1187,3125;1020,3125;1106,375;1364,03125;1601,34375;2314,53125;2463,28125;2732,0625;2840,71875;2760,375;2604,3125;2465,84375;2210,28125;1945,0625;1727,40625;1929,3125;2197,125;2459,9375;3118,65625;4212,03125;5329,78125;6497,4375;8074,625;9376;10320,5625;10925,84375;11441,71875;11788;12020,9375;12437,09375;12972,6875;13393,5625;13998,625;14960,03125;15266,34375;15944,03125;16887,3125;17621,65625;18617,375;19040,8125;19594,875;20212,4375;20680,125;20933,96875;21138,8125;21029,53125;20324,625;19535,34375;18886,59375;17920,71875;17231,0625;16816,15625;16841,6875;17099;17970,65625;19147,25;20417,5625;21494,28125;22987,21875;23245,4375;23734,59375;23060,75;21831,65625;20571,4375;19183,03125;17644;16159,09375;15563,21875;15417,15625;15620,875;16697,90625;17696,96875;18865,46875;20209,75;21223,3125;21940,15625;21730,03125;21166,25;20060,0625;18671,34375;16920,625;15285,875;13904,5625;12593,6875;11952,5;11714,09375;12120,5;12895,46875;13938,21875;14733,78125;15571,75;15885,375;15614,375;14428,0625;12874,5625;11033,3125;9069,90625;6826,8125;5201,3125;3230,1875;2170,0625;1013,125;506,90625;-164,875;-6,46875;96,09375;3,09375;53,40625;245,84375;328,90625;331,78125;293,75;172,59375;14,0625;283,96875;107,21875;63,75;162,6875;68,40625;103,15625;13,84375;52,28125;235,78125;135,96875;241,5625;273,09375;143,78125;162,03125;29,0625;128,71875;149,0625;67,59375;48,8125;91,65625;-285,5;-97,90625;96,34375;-52,125;28,84375;-57,375;42,84375;-133,625;92,75;135,40625;-209,0625;-298,6875;-57,28125;-20,9375;196,125;-98,4375;-80,8125;-42,46875;44,6875;-84,0625;-183,875;118,3125;-84,90625;-87,40625;-121,9375;70,6875;0,375;52,90625;153,5;168,15625;77,40625;-45,53125;-195,46875;18,625;126,6875;143,75;7,96875;-159,21875;94,5;-46;-139,84375;-130,5625;-118,0625;107,03125;-153,84375;49,40625;-53,78125;120,90625;187,5625;45,78125;-13,71875;149;171,46875;63,65625;161,34375;36,53125;-31,84375;-34,90625;-130,0625;219,3125;6,96875;95,96875;-138,03125;4,0625;22,5625;115,28125;60,84375;105,9375;-127,375;89,84375;18,9375;-12,90625;82,4375;158,625;153;44,25;195,90625;33,78125;-42,875;-282,4375;-68,71875;113,4375;48,75;-50,375;147,21875;126,5625;
19,03125;48,6875;61,125;19,96875;82,75;-16,6875;-6,03125;-91,25;-12,1875;145,875;193,375;49,59375;-153,03125;-74,03125;-118,40625;-58;-181,53125;-29,5625;90,0625;-1,25;67,28125;-130,75;93,0625;-138,9375;-154,125;-34,625;-113,78125;-116,21875;-35,4375;251,75;5,3125;-113,125;4,28125;23,71875;-21,9375;-219,59375;-154,75;-146,25;140,1875;104,53125;-183,78125;15,09375;-141,125;81,53125;-30,59375;-239,375;-242,125;-89,4375;222,21875;-91,46875;204,5625;-9,625;-25,34375;29,03125;42,1875;-58,125;81,5;14;100,21875;-50,9375;-23,5;143,53125;60,15625;-25,84375;-97,34375;-108,15625;184,125;66,71875;1,96875;105,0625;-44,375;-102,8125;100,03125;120,75;-92,03125;125,5625;145,28125;-8,65625;-80,125;3,125;30,71875;-141,625;-32,125;-27,53125;265,21875;320,5;185,5;376,21875;208,25;198,75;123,4375;-43,875;161,21875;421,09375;756,75;1188,0625;1445,6875;1513,09375;1475,53125;1264,3125;1288;986,59375;1001,59375;1440,375;1488,125;1924,3125;2429,65625;2588,75;2669,09375;2670,90625;2720,53125;2353,1875;2150,65625;1797,3125;1643,84375;1667,78125;1858,40625;2598,65625;3000,5;4113,5;5276,40625;6630,9375;7914,34375;9329,03125;9965,25;10515,875;11020,40625;11171,3125;11908,34375;12195,75;12534,46875;13155,28125;13617,8125;14145,53125;14668,4375;15614,6875;16501,3125;17371,3125;17912,28125;18364,3125;19226,28125;19709,96875;19923,78125;20499,3125;20637,75;20134,84375;19800,78125;19232,96875;18241,53125;17330,75;16692,46875;16427,65625;16380,3125;16757,75;17613,15625;18799,0625;19972,34375;21228,21875;22322,6875;22646,6875;23210,1875;22780,59375;21536,53125;20006,09375;18586,75;17062,4375;15843,46875;15240,34375;15218,84375;15439,125;16356,4375;17291,21875;18461,96875;19612,6875;20884,46875;21296,78125;21174,46875;20631;19473,96875;17957,0625;16617,8125;14696,84375;13235,9375;12340,8125;11689,0625;11171,65625;11812,125;12476,375;13575,6875;14514,375;15448,84375;15569,90625;15090,34375;14009,4375;12507,1875;10537,71875;8606,03125;6547,71875;4947,46875;3382,15625;2090,5625;914,03125;550,3125;173,84375;50,4375;-11,65625;-244,09375;50,78125;123,25;96,6875;375,65625;245,78125;68,53125;178,875;179,09375;-43,84375;123,1875;273,0625;337,78125;144,0625;117,0625;46,5625;120,9375;234,4375;271,375;222,4375;368,3125;319,40625;315,375;185,75;216,03125;240,15625;98,71875;259,71875;148,65625;32,3125;-108,625;-292,0625;-78,15625;-35,5625;-89,21875;-164,46875;68,03125;-46,40625;-0,25;126,34375;-106,1875;123,84375;144,71875;-149,75;-24,78125;414,59375;176,9375;-29,96875;-61,9375;80,96875;28,15625;-43,125;139,875;38,96875;180,84375;235,59375;235,71875;-15;202,28125;72,59375;71,53125;275,90625;190,59375;106,03125;-113,78125;327,1875;193,3125;225,59375;15,28125;-111,875;-57,5625;-16,9375;30,28125;172,78125;192,40625;262,375;-87,15625;70,65625;151,6875;140,75;155,375;116,9375;-6,6875;-182,78125;-0,75;73,875;-45,90625;163,125;211,9375;267,53125;130,625;140,09375;90,09375;-48,1875;178,75;297,75;194,8125;111,65625;222,5625;129,0625;300;172,875;107,21875;160,59375;-22,78125;-39,125;157,84375;-17,46875;153,625;65,4375;57,125;-64,0625;-22,96875;153,40625;
222,9375;-168,4375;-227,59375;-55,90625;-49,59375;52,53125;-21,25;44,09375;-184;-135,78125;-214,59375;-248,96875;-119,21875;-252,78125;-50,1875;-167,28125;79,59375;-204,375;-383,4375;-382,8125;-20,03125;42,125;-300,5;-394,9375;-318,96875;-237,5625;-33,53125;-315,34375;-130,8125;-123,90625;-60,375;-356,03125;-218,0625;-336,28125;-112,1875;-187,71875;-112,21875;-304,5625;-177,875;-96,53125;-170,625;-125,5;-71,40625;-71,1875;-221,15625;-127,78125;-205,3125;-163,65625;68,0625;-155,71875;48,25;-16,46875;-220,03125;-194,09375;-257,03125;-256,125;-124,8125;-231,84375;-302,6875;-175,28125;-19,40625;-139;-362,6875;-89,15625;-83,03125;83,96875;71,53125;-98;-17,65625;-167,90625;-33,5;-178,0625;-167,5625;-135,125;-24,15625;104,15625;-138,90625;-29,15625;-331,75;-159,6875;-107,34375;-141,875;282,5;57,6875;201,90625;59,21875;-6,9375;166,5625;-6,09375;135,75;-29,90625;-110,84375;101,15625;489,375;829,96875;1125,375;1126,34375;1459,21875;1486,34375;1195,375;1120,28125;894,0625;844,46875;1182,5625;1370,8125;1801,375;2166,28125;2569,65625;2477,875;2457,21875;2236,9375;2153,3125;1705,15625;1706,59375;1626,875;1408,21875;1680,25;1884,375;2668,21875;3902;4836,21875;6284,4375;7700,90625;8822,78125;9675,28125;10221,21875;10673,9375;11006,59375;11218,6875;11494,84375;11899,5625;12294,75;13170,71875;13515,96875;14264,46875;15151,53125;15963,5625;16748,65625;17158,1875;17786,875;18493,5625;18846,9375;19473,15625;19991,5625;20166,0625;19477,78125;18939,40625;18282,03125;17672,71875;16430,96875;16133,78125;15783,75;15796,25;16106,15625;16729,0625;18007,625;19390,5;20664;21508,78125;22081,71875;22616,1875;21965,1875;20926,40625;19303,3125;17918,125;16569,6875;15606,5625;14528,46875;14678,40625;14763,09375;15596,40625;16964,3125;18374,96875;19337,21875;20216,90625;20609,25;20754,125;20266,5;18597,8125;17287,5625;15881,625;14073,78125;12643,0625;11686,40625;11164,59375;11161,21875;11459,71875;12129,78125;12939,53125;14015,9375;14754,34375;14789;14520,5625;13463,5;11994,8125;9971;7987,90625;6321,28125;4519,84375;3141,59375;1841,4375;814,5625;439,25;-60,8125;-244,3125;-182,03125;-136,1875;-68,96875;75,59375;-200,46875;-135,3125;366,46875;-79,875;-55;-93,53125;126,5;112,4375;-37,78125;156,875;-13,75;95,25;253,1875;118,125;194,9375;202,09375;145,46875;258,28125;421,5;383,9375;88,03125;82,375;45,84375;72,375;113,15625;40,375;-125,28125;-163,3125;-123,21875;-37,21875;-48,09375;-290,625;-251,5625;-17,90625;-142,8125;-14,125;-175,125;168,53125;125,96875;-262,15625;-147,84375;-124,40625;-150,6875;151,75;-51,25;-111,03125;-179,8125;-142,90625;47,96875;-141,40625;-120,6875;-25,46875;-184,0625;-55,90625;-80,84375;-104,5;82,15625;-89,53125;-100,625;-190,125;-138,28125;-15,6875;72,03125;-77,5;-30,84375;-46,59375;-94,40625;-71,84375;-67,625;-283,96875;-26,25;32,65625;-68,625;43,25;-101,5625;-71,375;-44,4375;196,25;85,1875;34,84375;123,40625;-125,5;-227,78125;76,09375;130,75;-92,375;14,8125;-46,09375;81,59375;-82,3125;35,09375;71,96875;218,9375;50;17,78125;-41,59375;188,3125;169,6875;11,0625;-75,65625;-95,4375;-27,5;3,25;-98,71875;-149,84375;-199,21875;41,6875;19,75;237,0625;129,15625;-137,65625;
186,71875;-44,9375;64,9375;241,09375;14,71875;121,28125;-42,46875;115,625;253,65625;207,71875;204,65625;-96,875;-1,78125;-111,65625;-9,15625;94,09375;205,96875;48,1875;-0,75;7,25;-105,28125;38,34375;-20,15625;223,59375;11,90625;-22,375;16,34375;70,84375;-3,375;5,9375;-170,625;-62,25;-100,5625;44,875;141,34375;-77,5;12,5;36,34375;123,21875;-28,78125;-59,59375;-79,96875;56,9375;73,875;39,8125;-28,71875;158,8125;85;113,4375;122,65625;-82,5625;52,375;-66,4375;-57,21875;173,96875;163,3125;175,46875;95,84375;186,21875;88,3125;44,3125;61,875;137,625;161,03125;89,90625;243,28125;185,625;131,59375;157,71875;112,03125;281,5;222,40625;161,71875;246;91,84375;168,28125;63,1875;153,40625;154,75;-30,15625;107,1875;-173,4375;180,71875;371,375;424,53125;421,46875;607,375;296,625;242,59375;270,09375;359,75;193,78125;386,3125;551,125;913,1875;1221,34375;1601,03125;1501,34375;1463,6875;1434,5;1205,53125;1232,75;1412,84375;1383,6875;1575,625;1922,5;2316,78125;2603,9375;2420,1875;2758,125;2391,0625;2208,25;2062,28125;1739,0625;1637,21875;1681,5;1721,90625;2299,8125;3105,90625;4120,5625;5264,25;6411,28125;7543,34375;8650,125;9569,9375;10128,21875;10552,1875;10852,90625;11070,59375;11273,875;11815,28125;12163,03125;12705,8125;13293,15625;14188,84375;14937,21875;15782;16335,78125;16924,5;17439,5;18051,09375;18620,53125;19110,4375;19389,4375;19320,78125;19195,09375;18508,8125;17750,3125;17119;16006,125;15606,125;15536,65625;15435,78125;15640,65625;16677,21875;17441,6875;18824,34375;20006,4375;21054,71875;21830,15625;22000,125;21487,25;20568,90625;18950,125;17552,1875;16058,25;15247,09375;14377,375;14327,28125;14630,34375;15483,9375;16713,625;18076,875;19282,625;20028,34375;20303,1875;20251,9375;19573,125;18278,59375;16649,25;15530,0625;13818,0625;12689,5;11455;10811,40625;10761,4375;11035,8125;11957,46875;13032,5625;13623,625;14351,90625;14705,34375;14591,5;13411,09375;11594,15625;9881,4375;8155,78125;6009,46875;4405,21875;2912,03125;1870,78125;1196,9375;446,3125;28,84375;-189,21875;46,8125;-58,78125;150,5625;62,21875;160;68,09375;221,34375;134,84375;14,6875;224,34375;81,15625;203,25;198,34375;197,90625;376,78125;323,21875;319,1875;317,09375;269,3125;215,90625;267,1875;246,25;382,21875;252,5625;177,09375;387,46875;260,0625;190,3125;360,65625;221,03125;357,28125;403,40625;189,625;262,8125;354,90625;96,25;3,65625;37,8125;108,21875;20,03125;-51,4375;284,125;-44,375;241;111,71875;131,0625;96,5625;112,375;229,5625;70,8125;129,28125;142,625;-17,53125;-83,78125;4,0625;213,46875;161,09375;338,71875;-28;20,65625;0,15625;77,8125;224,0625;93,0625;-30,6875;-4,1875;97,46875;-32,15625;326,28125;199,03125;181,84375;129,875;272,96875;-11,3125;29,8125;26,3125;180,5;101,96875;57,625;73,34375;23,21875;120,53125;189,84375;244,40625;14,28125;68,4375;-40,75;102,21875;-59,65625;128;58,90625;128,28125;101,6875;136,5625;67,90625;60,625;-40,28125;269,6875;98,8125;136;123,5;13,71875;-35,96875;208,53125;-131,90625;-0,125;65,375;50,59375;208;-17,125;13,71875;-47,4375;81,1875;160,4375;219,3125;
114,90625;-17,125;-113;-142,625;-31,15625;-108,53125;-83,40625;-323,46875;-14,53125;0,34375;-138,34375;16,78125;-230,8125;-13;-149,84375;-43,125;-242,8125;-303,9375;-442;-282,9375;-294,875;-50,09375;-87,28125;-412,9375;-74,71875;-135,84375;-247;-147,5625;-189,96875;-187,625;-7,09375;-146,96875;-69,78125;-164,875;-223,15625;-171,25;-100,0625;-270,65625;-289,5;13,4375;-76,09375;-155,09375;-84,59375;-292,0625;-299,46875;-45,375;45,0625;-251,03125;-231,5625;-223,4375;-198,46875;10,53125;-176,96875;-139,03125;-16,1875;-326,8125;-83,34375;-138,28125;-42,5625;-88,53125;-22,375;-57,375;-82,9375;57,59375;-177,625;-37,59375;-65,9375;80,40625;16,5625;-306,5625;-161,96875;42,3125;83,3125;90,59375;82,96875;120,9375;136,8125;-113,21875;6,96875;-122,28125;-68,8125;-81,75;-134,71875;64,34375;69,21875;154,375;249,65625;209,5625;-31,5625;71,9375;-359,625;116,875;17,0625;423,1875;645,40625;944,34375;926,75;1372,03125;1342,3125;968;1152,75;1054,4375;1004,03125;1092,6875;1680,0625;1846,15625;2292,15625;2331,375;2324,0625;2476,65625;2094,1875;2124,96875;1555;1549,71875;1306,34375;1324,53125;1569,40625;1863,375;2732,0625;3757,34375;4887,84375;6225,71875;7313,46875;8543,6875;9190,96875;9909;10040,1875;10311,25;10657,8125;10840,78125;11162,375;11762,5;12148,3125;12735,625;13722,875;14275,71875;15251,78125;15731,875;16385,59375;16877,53125;17692,84375;17934,78125;18513,9375;18697,5625;18783,8125;18440,09375;17594,03125;17045,59375;16414,8125;15492,375;14935,53125;14667,4375;15022,375;15425,46875;16081,4375;16913,03125;18395,9375;19443,59375;20335,53125;20966,28125;21112,6875;20518,125;19633,6875;18029,65625;16789,21875;15378,1875;14331,875;13534,53125;13637,125;14199,28125;15052,65625;15996,125;17224,375;18555,5;19025,75;19613,875;19586,65625;18718,9375;17439,875;16106,28125;14753,28125;13230,96875;11942,3125;11050,21875;10424,8125;10403,875;10806,90625;11521,125;12352,15625;13267,53125;13826,71875;14103,65625;13704,625;12542,5625;11046,53125;9400,5;7591,59375;5694,46875;4208,3125;2661,625;1805,4375;727,875;217,28125;-36,75;-90,90625;-278,3125;-130,96875;-18,90625;-18,09375;-155,3125;-148,125;-50,53125;-270,09375;-90,0625;25,15625;-258,125;18,78125;20,65625;-84,96875;-41,59375;41,4375;-2,21875;214,375;184,4375;116,875;199,0625;147,34375;180,8125;298,125;350,40625;158,90625;166,125;120,8125;114,0625;117,75;54,78125;78,5625;-37,6875;-123,46875;-142,75;-82,03125;-98,4375;-55,75;81,53125;-128,71875;76;-283,625;-81,71875;-150,625;-65,875;-19,78125;-56,5;107,875;-66,09375;42,8125;-39,875;-218,21875;232,21875;-135,5625;-76,84375;-164,375;-86,125;-65,5625;-85,25;-122,65625;17,96875;-121,15625;-239,71875;112,9375;58,65625;2,4375;-137,3125;86,28125;65,71875;10,34375;8,6875;-112,3125;-17,34375;-4,375;124,90625;-8,90625;-83,15625;-32,5625;18,84375;-263,03125;-53,625;38,34375;42,1875;-16,84375;16,6875;127,28125;0,5625;1,9375;124,90625;10,71875;-148,59375;-20,78125;-52,71875;41,78125;-132,4375;-271,34375;-112,75;-5,96875;216,84375;24;48,5625;-59,875;-77,84375;-119,03125;-38,09375;-21,84375;-27,625;-97;118,34375;-221,34375;-204,40625;-237,34375;-146,1875;-162,75;-21,15625;
130,65625;-18,6875;218,90625;68,84375;351,875;-44,625;68,65625;62,71875;244,1875;55,5625;120,46875;107,125;14,78125;-29,46875;61,15625;-99,4375;-125,03125;107,03125;-43,1875;-37,125;-77,84375;181,53125;84,375;-168,40625;110,6875;31,46875;143,875;-56,84375;24,59375;-160,625;70,28125;31,09375;-38,46875;-50,875;175,5;-85,03125;-45,25;128,78125;44,0625;200,375;-100,0625;52,40625;36,15625;-55,40625;-53,96875;173,375;-3,1875;105,25;123,90625;-147,46875;67,8125;1,5625;63,5;74,5;210,28125;59,3125;-125;116;-34,125;159,75;135,03125;109,40625;48,28125;170,21875;130,8125;255,65625;441,375;282,6875;83,9375;-6,8125;121,3125;195,46875;85,6875;262,78125;250,90625;263,625;312,09375;127,3125;165,21875;202,03125;27,625;84,09375;170,09375;261,65625;225,28125;605,8125;511,90625;427,84375;299,40625;305,125;7,6875;124,4375;533,5;661,03125;945,75;1283,15625;1348,09375;1400,28125;1335,5625;1316,5625;1063,5625;1053,625;1307,9375;1326,0625;1867,84375;1945,15625;2293,6875;2513,5625;2538,5;2666,0625;2184,46875;2126,65625;2022,9375;1499;1518,8125;1439,5;1881,15625;2186,9375;2865,40625;4032,5625;5081,375;6215,875;7469,625;8350,25;9227;9895,46875;10096,625;9999,5625;10661,875;10699,71875;10986,75;11284,09375;12161,8125;12695,875;13218,65625;14092,90625;15044,125;15492,625;15970,3125;16552,53125;16987,65625;17481,4375;18002,96875;18230,71875;18342,25;17860,65625;17226,78125;16554,4375;15655,75;15264,65625;14872,71875;14390,90625;14765,90625;15150,78125;15982,625;16837,40625;17537,375;18834,40625;19858,5625;20168,8125;20310,40625;19994,875;19157,40625;17615,15625;16157,375;15120,5625;14007,5625;13314,125;13295,03125;13828,875;14496,03125;15504,3125;17158,90625;18143,78125;18784,65625;18967,40625;19258,4375;18426,40625;17175,1875;15620;14449,46875;12916,5625;11814,28125;10775,9375;10263,96875;10223,375;10601,5625;11275,25;12410,1875;13014,375;13367,25;13706,71875;13307,15625;12469,21875;10804,4375;9269,90625;7392,0625;5681,96875;3916,53125;2624,96875;1786,90625;725,34375;546,46875;-59,25;-262,34375;-101,1875;149,21875;-81,625;62,625;168,09375;223,21875;75,90625;-62,84375;147;86,71875;107,15625;-42,09375;-5,875;22,34375;161,5625;-73,3125;98,9375;142,125;183,96875;283,1875;456,90625;203,96875;306,21875;418,8125;457,09375;345,125;538,375;423,34375;301,6875;377,9375;453,15625;368,625;311,65625;319,8125;52,96875;139,15625;141,4375;108;117,375;66,59375;245,78125;64,78125;114,71875;318,84375;117,34375;100,375;82,90625;149,96875;196,90625;166,875;15,46875;-91,4375;99,34375;43,6875;28,375;-47,59375;69,71875;-37,90625;117,03125;139,375;-83;158,625;95,15625;96,21875;248,46875;34,15625;350,03125;217,78125;0,4375;6;34,59375;188,9375;282,375;75,78125;169,40625;53,84375;153,25;198,125;88,46875;88,96875;53,9375;78,21875;27,5625;187,0625;109,5625;162,59375;284,40625;276,875;294,03125;61,1875;28,03125;-61,75;3,21875;187,96875;86,625;106,9375;219,25;127,40625;11,375;153,28125;143,4375;40,53125;112,625;215,71875;94,15625;238,96875;42,375;96,75;79,65625;72,0625;-100,28125;157,96875;-26,9375;75,40625;147,28125;
-206,84375;18,4375;-54,28125;-66,625;7,84375;-222,9375;6,75;-94,28125;-209,78125;-133,0625;-165,71875;-145,46875;-186,40625;-235,09375;-366,40625;-358,90625;-171,5625;-161,84375;-270,3125;-189,71875;-377,65625;-252,0625;-208,46875;-197,75;-129,8125;-240,96875;-269,6875;-256,46875;-182,125;-275,65625;-277,875;-463;-146,84375;-322,34375;-104,4375;-217,78125;-135,5625;-187,84375;-445,59375;-78,8125;-355,84375;-399,875;-429,78125;-53,90625;-226,875;-300,1875;57,3125;84,21875;-137,25;-104,84375;-137,25;-163,90625;-130,125;-127,40625;-243,3125;-241,5;-79,21875;-165,4375;-28,03125;-154,15625;-107,75;-58,71875;-194,03125;46,4375;-100,4375;-168,75;-275,28125;-36,28125;8,46875;-167,96875;-43,5;-170,1875;-19,375;116,40625;-51,84375;-115,40625;-101,15625;-93,6875;-163,4375;-56,15625;-196,125;-274,4375;-120,09375;-303,53125;-97,875;212,59375;118,59375;128,09375;-86,4375;-170,09375;-403,75;-173,09375;188,46875;230,03125;782,84375;912,15625;1214,15625;1196,34375;1099,8125;1018,46875;812,8125;906,78125;939,46875;1223,375;1435,25;1717,90625;2041,1875;2358,34375;2343,1875;2139,9375;2007,5;1773,9375;1626,8125;1392,78125;1330,84375;1225,28125;1472,875;1776,40625;2624,8125;3548,375;5024,03125;6163,65625;6924,5;8161,09375;8893,90625;9356,25;9409,125;9325,09375;9753,90625;10117,84375;10548,5;10746,09375;11532,71875;12096,40625;12693;13305,125;14086,125;14763,75;15428,84375;15735,25;16486,75;16558,8125;17105,375;17393,25;17331,375;17106,78125;16532,65625;15793,03125;15146,0625;14393,1875;13998,09375;13855,03125;13981,90625;14603,78125;15204,75;15805,53125;17030,625;18221,9375;18868,71875;19312,9375;19338,90625;18959,84375;17722,5;16818,90625;15479,25;14016,78125;13397,71875;12576,28125;12616,5;13046,40625;14012,21875;15081,96875;16191,625;17209,625;17837,625;18217,8125;18157,71875;17440,75;16263,6875;14700,625;13413,1875;12001,21875;11170,8125;10123,40625;9692,9375;9736,6875;10011,15625;10755,65625;11666,75;12335,875;12958,84375;13165,625;12519,75;11732,78125;10232,59375;8596,28125;6806,96875;5053,03125;3397,375;2198,46875;1320,5625;387,03125;-16,90625;-109,375;-310,34375;-278,8125;-319,59375;-183,375;-293;-160;-267,21875;-125,84375;-102,78125;-175,46875;-95,28125;-151;-343,25;-227,03125;3,71875;-138,1875;-137,46875;74,40625;150,1875;59,375;14,46875;337,09375;235,3125;133,3125;41,78125;223,03125;-15,25;281,59375;98,84375;196,28125;1,53125;259,21875;80,40625;158,96875;112,78125;84,28125;-91,3125;100,65625;-11,03125;-167,65625;-176,3125;-178,46875;-88,90625;-117,90625;-224;-50,1875;12,4375;41,34375;-70,71875;-67,65625;-427,09375;-95,4375;-127,28125;46,375;-56,84375;32,03125;-179;-244,8125;-124,25;-189,21875;-216,40625;-174,8125;-56,71875;-188,5;25,84375;-1,6875;-214,40625;-128,8125;-42,5;-166,3125;-51,03125;-16,5625;-250,875;-270,21875;-81,5;108,9375;91,84375;-147,71875;4,5;-159,40625;-156,5;-187,03125;-141,125;-45,875;-33,625;-156,0625;-250,9375;-111,375;-240,625;-111,875;-220,1875;-201,3125;-65,75;-229,6875;-69,21875;-21,46875;-155,03125;-102,65625;-112,53125;-189,4375;-179,1875;19,625;-191,9375;-45,46875;-68,5625;-155,25;-10,34375;-100,625;36;-76,4375;0,21875;-133,84375;-153,8125;-186,75;-211,75;-58,78125;
137,75;277,125;146,65625;50,375;27,3125;40,125;73,75;-212,5625;27,15625;46,625;94,0625;123,6875;91,59375;101,8125;-129,5625;73,125;-33,5;-70,1875;6,65625;-43,34375;82,5;105,28125;-51,6875;-71,4375;-198,34375;-90,4375;-175,90625;-198,15625;80,8125;-43,90625;-99,59375;-99,90625;-274,625;-285,25;-159,71875;-200,1875;-92,03125;42,84375;-9,5;1,3125;-310,25;-298,90625;-93,5;-25,6875;265,65625;116,3125;-0,65625;80,5625;63,71875;144,28125;53;-57,1875;8,34375;-105,90625;-7,40625;183,5;-21,3125;65,21875;179,65625;93,9375;-105,46875;144,8125;198,71875;73,71875;70,46875;56,3125;85,90625;33,09375;-40,5;72,375;87,90625;10,21875;74,3125;100,96875;80,8125;165,25;187,46875;89,375;17,65625;171,3125;-9,625;170,53125;104,96875;232,1875;221,75;399,5;234,6875;331,21875;66,25;76,84375;151,25;-31,28125;177,125;483,5625;785,65625;1254,40625;1241,21875;1221,0625;1094,78125;1139,4375;969,4375;834,0625;829,28125;1329,9375;1627,9375;1811,53125;2198,78125;2277,59375;2422,8125;2208,3125;2162,46875;1787,5;1565,15625;1413,15625;1546,21875;1438,8125;1625,96875;1949,09375;2744,46875;4019,0625;4917,9375;6195,53125;7374,65625;8300,90625;8842,15625;9140,03125;9467,125;9698,0625;9905,0625;10058,3125;10365,4375;10828,1875;11483,53125;12019,9375;12497,3125;13121,28125;13901,3125;14385,125;15104,71875;15706,65625;16430,65625;16814,28125;16910,84375;16865,96875;16840,5625;16630,21875;16028,875;15348,84375;14876,34375;14216,71875;13774,5625;13584,71875;13716,84375;14175,34375;14783,75;15760,6875;16685,25;17450,28125;18267,125;18825;19072,96875;18656,59375;17591,40625;16366,46875;15061,09375;13845,34375;13031,90625;12357,15625;12391,78125;12649,21875;13355,5625;14697,03125;15930,375;16801,65625;17660;17728,75;17731,78125;16828,09375;15818,59375;14140,96875;13074,9375;11648;10443,8125;9794,28125;9490,3125;9404;9877;10538,84375;11437,34375;12251,5625;12845,34375;12801,53125;12488,8125;11283,21875;10103,03125;8489,125;6727,1875;5047,71875;3435,40625;2130,3125;1435,34375;731,59375;337;-117,03125;-233,375;-129,5;-306,03125;-77,28125;56,125;-36,375;145,5625;-166,5625;-13,0625;-112,75;-66;-233,78125;-186,3125;-48,875;-37,5625;-138,125;-117,25;106,34375;113,59375;-24,71875;147,8125;255,53125;357,46875;158,21875;293;337,875;332,46875;498,625;474,5625;360,40625;482,125;411,59375;239,9375;249,21875;413,65625;497,375;255,125;231,65625;95,25;237,125;191;7,03125;-137,5;32,59375;-129,21875;74,75;213,78125;266,375;36,84375;14;45,84375;166,125;71,90625;146,3125;175,1875;-103,5;102,0625;273,5;97,6875;237,71875;10;292,1875;124,65625;48,71875;116,34375;-23,6875;161,53125;130,96875;-20,6875;-27,75;-65,65625;252,6875;12,25;17,1875;-4,96875;79,25;124,25;-15,375;160,65625;107,71875;53,25;-18,28125;80,75;-25,65625;168,09375;73,4375;76;124,28125;-16,0625;64,09375;-18,09375;-109,0625;87,09375;109;-3,875;26,125;44,8125;-55,84375;-115,71875;-101;58,5625;121,84375;-63,3125;-32,4375;183,40625;-247,90625;94,28125;-28,40625;16,34375;89,875;-67,4375;51,65625;-215,625;-49,28125;62,875;-148,03125;
-19,59375;-263,34375;86,46875;90,5;-106,84375;-72,5;74,75;947,375;-137,34375;192,375;57,4375;-28,125;94,03125;-111,21875;123,625;-296;-153,6875;-128,71875;-25,71875;-129,96875;-122,5625;-153,875;-113,09375;21,84375;-236;60,40625;70,90625;-146,84375;-138,5625;-69,4375;-168,90625;-96,4375;26,09375;-73,125;142,875;98,8125;170,625;58,875;-56,71875;140,15625;-87,90625;207,8125;-171,09375;132,375;-128,21875;33,40625;-150;90,375;-94,875;191,28125;-105,5625;27,4375;-88,21875;24,3125;171,875;45,40625;169,53125;65,59375;87;24,375;-52,6875;-172,90625;149,59375;-61,875;81,5;-128,84375;124,1875;175,0625;60,09375;187,46875;117,40625;191,46875;-3,84375;203;269,59375;-67,40625;83,65625;130,03125;144,53125;-70,375;169,625;9,625;227,40625;342,0625;346,46875;475,9375;320,5625;363,71875;259,53125;84,28125;14,125;145,46875;497,4375;408,875;719,90625;996,53125;1248,8125;1332,4375;1173,4375;1081,5;891,875;878,21875;946,8125;1087,5;1686,5;1941,8125;2407,125;2351,75;2311,9375;2458,53125;2328,25;1828,53125;1630,125;1511,71875;1226,5625;1353,21875;1526,4375;2106,46875;2834,84375;3700,4375;4963,375;6119,3125;7324,875;8298,21875;8927,15625;9259,59375;9145,625;9444,78125;9683,0625;9956,3125;10173,65625;10663,59375;11196,3125;11789,03125;12212,75;13218,53125;13733;14385,1875;14830,625;15418,1875;15909,78125;16241,09375;16480,03125;16596,28125;16420,75;16085,9375;15373,84375;14964,21875;14401,96875;13713,5625;13665,15625;13233,3125;13378,28125;13792,375;14303,4375;15444,1875;16266,875;17234,96875;17546,4375;18280,65625;18216,3125;17935,0625;17068,15625;15797,75;14426,875;13394,96875;12468,09375;12143,5625;11807,25;12495,40625;13206,375;14483,84375;15447,96875;16367,71875;16908,125;17183,78125;17086,0625;16390,5;15053,34375;13629,59375;12708,3125;11009,625;10212,625;9679,6875;9357,90625;9062,875;9556,3125;10301,78125;11250,875;11812,03125;12396,75;12347,75;11863,46875;10918,4375;9826,3125;8121,71875;6336,65625;4851,53125;3478,125;2246,78125;1599,53125;591,65625;251,1875;-21,78125;-343;-96,34375;1,1875;-216,78125;8,09375;104,15625;27,8125;120,8125;-165,53125;87,53125;-143,40625;-216,71875;-104,6875;-124,78125;-204,71875;-50,3125;-118,5;60,15625;31,625;-89,0625;133,0625;54,03125;189,1875;217,375;523,65625;366,09375;100,8125;508,5625;242,5;360,78125;465,625;385,5625;174,0625;191,09375;441,03125;516,96875;194,90625;302,25;368,03125;293,34375;328,875;170,1875;174,90625;135,75;56,90625;209,5625;69,96875;-12,8125;-30,28125;240,8125;-5,5625;273,59375;196,6875;86,1875;71;38,8125;49,75;99,90625;56,125;27,59375;29,96875;214,59375;104,40625;66;233,71875;149,375;129,625;71,3125;-176,875;183,65625;117,21875;255,0625;-46,15625;27,28125;83,25;195,6875;48,375;56,71875;168,09375;97,8125;32,21875;103,8125;141,5;85,53125;158,375;68,375;37,5;150,0625;-111,78125;103,25;236,1875;37,0625;90,28125;144,0625;154,0625;-17,4375;242,875;50,96875;33,09375;182,28125;63,71875;65,53125;59,28125;252,21875;157,625;200,25;129,25;-21,40625;89,96875;89,03125;-27,65625;219,21875;47;88;-9,03125;91,25;
-265,5625;-65,9375;-195,125;9,21875;-181,25;-70,5;-168,5625;-101,875;116,75;-169,625;-156,34375;-478,59375;-212,625;-228,875;-147,1875;-109,09375;-7,65625;-222,21875;-59;-330,625;99,84375;-251,0625;-145,4375;-98,125;-299,03125;-165,03125;-42,78125;-203,75;-162,28125;48,09375;-173,03125;-304,0625;-85,03125;-236,5;-143,71875;-156,21875;-24,9375;-372;-54,28125;-93,6875;-240,375;-64,34375;-30,75;-121,03125;-171,125;61,15625;-135,59375;-165,28125;-158,90625;-349,59375;-119,375;-4,53125;110,125;-57,15625;43,03125;17,5625;21,34375;21,375;-134,875;169,8125;128,125;-1;119,59375;227,34375;22,96875;8,125;-35,625;-17,75;22;59,53125;-92,9375;-250,71875;-95,0625;-118;74,46875;122,59375;12;-22,5625;13,03125;-136,65625;-63,5625;28,65625;-155,9375;253,71875;349,90625;149,3125;293;198,1875;11,75;-269,90625;29,21875;369,96875;261,1875;604,0625;702,46875;917,5625;1042,25;1120,6875;1067,5625;772,3125;848,1875;883;807,5625;1077,59375;1393,71875;1716,40625;1970,9375;2289,34375;2364,375;2400,96875;2000,40625;1530,375;1336,53125;1397,625;1468,90625;1064,3125;1533,46875;2053,03125;2750,0625;3660,9375;4822,28125;5869,71875;7075,28125;7922,4375;8636,375;8907,6875;8838,46875;9211,34375;9291,71875;9558,84375;9817,28125;10263,84375;10689,03125;11440,6875;12188,46875;12695,46875;13514,90625;14102,40625;14364,8125;14967,5625;15435,875;15477,21875;15751,46875;15980,78125;15862;15313,0625;15184,5625;14431,78125;13815,875;13124,96875;12708,46875;12665,3125;12742,625;13320,21875;13954,75;14789,0625;15759,375;16645,15625;17213,84375;17667,25;17725,5;17140,5625;16283,5;15329,75;13960,09375;12726,90625;12021,28125;11557,9375;11638,90625;11900,8125;12818,09375;13641,0625;14948,40625;15553,53125;16311,65625;16565,5;16497,65625;15653,21875;14597,34375;13060,25;11831,8125;10568,96875;9663,03125;9040,96875;8662,96875;8836,84375;9376,34375;10115,53125;10718,90625;11476,59375;11936,84375;11872,8125;11304,90625;10563,96875;9051,28125;7666,03125;6258,6875;4614,5;3143,71875;1983,25;1229,125;361,125;175,28125;-289,0625;-209,84375;-217,03125;-281,5;-226,5;-363,28125;-89,375;-115,84375;-236,59375;-195,78125;-118,09375;-265,1875;-274,8125;-420,65625;-383,84375;-25,96875;-295,21875;-34,03125;-62,78125;-81,71875;-98,125;-24,03125;-60,59375;60,3125;136,71875;218,03125;-36,875;-18,40625;180,3125;264,34375;242,28125;338,90625;85,875;175,625;281,1875;115,125;417,125;207;190,1875;15,59375;338;147,125;139,34375;156,5625;-10,0625;-21,9375;85,84375;188,84375;210,65625;228,34375;-43,75;-84,90625;79,96875;-86,375;21,0625;99,65625;-68,625;341,375;13,28125;-5,03125;-93,625;120;19,5;-129,84375;9,75;10,6875;196,75;34,6875;-127,3125;-102,8125;-106,4375;-135,5625;-129,96875;-166,78125;-3,15625;111,3125;-138,03125;-8,5;15,9375;-147,875;-141,09375;-143,9375;-7,96875;-105,8125;57,3125;-171,65625;12,59375;-64;-238,21875;74,09375;38,78125;4,3125;-81,0625;34,1875;166,4375;-63,59375;-180,71875;-199,71875;110,21875;-19,0625;79,8125;-254,90625;-152,3125;4,59375;-206,75;134,53125;-110,375;50,15625;72;-127,1875;36,875;113,8125;-15,34375;99,59375;-70,96875;66,90625;1,65625;
176,5;91,59375;162,625;70,84375;101,15625;108,65625;109,3125;14,21875;-12,59375;-21,46875;103,25;197,28125;314,3125;-47,53125;72,875;-70,53125;89,375;45,96875;-107,40625;-202,8125;61,5;231,6875;-113,375;-44,90625;-30,71875;-48,3125;-120,1875;-129,5;-49,125;-4,1875;173,375;33,75;66,28125;203,0625;77,46875;-122,21875;-40,8125;73,6875;53,53125;8,15625;214,21875;55,59375;15,71875;63,375;103,46875;124,28125;134,90625;159,46875;255,96875;117,21875;10,6875;201,9375;-2,71875;98,125;-16,3125;181,6875;97,03125;-33,9375;131,4375;320,4375;151,65625;259,9375;100,90625;381,8125;96,6875;229,125;123,25;246,3125;282,65625;396,84375;287,1875;359,0625;401,15625;82,15625;196,6875;208,625;245,3125;238,46875;116,3125;75,71875;11,5;219,75;355,5625;364,5625;403,75;411,28125;555,46875;276,59375;183,4375;202,3125;18,4375;168,125;428,71875;718,375;826,4375;1054,28125;1192,28125;1325,75;1211,28125;1144,09375;998,71875;947,625;812,5625;1457,875;1524,5625;1896,34375;2282,53125;2455,46875;2226,125;2466,40625;1916,1875;1910,3125;1442,09375;1508,34375;1557,375;1409,5625;1764,90625;2058,3125;2923,03125;3648,53125;5125,4375;6052,53125;7290,4375;8131,1875;8875,9375;8985,1875;8872,125;9091,8125;9254,96875;9308,40625;9614,84375;10131,5;10586,71875;11224,4375;12035,75;12642,84375;13216,1875;13773,4375;14424,3125;14960,15625;15513,28125;15571,125;15411,375;15553,5625;15559,8125;15167,78125;15481,34375;14605,625;13783,375;13006,59375;12474,0625;12668,90625;12602,46875;13353,0625;13882,90625;14612,25;15847,6875;16223,6875;17143,46875;17027,71875;17233,125;16941,65625;15925,90625;14923,125;13514,9375;12393,34375;11651,96875;11097,59375;11258,875;11403,4375;12776,5625;13362,875;14322,75;15458,71875;16109,40625;16517,9375;16103,375;15326,28125;14213,21875;12977,9375;11647,84375;10587,34375;9638,1875;8858,5625;8827,40625;8786,90625;9369,40625;9917,75;10698,125;11471,25;11774,375;11991,4375;11285,46875;10344,75;8974,5;7562;6043,3125;4619,4375;3200,8125;2006,34375;1336,0625;590,375;203,40625;174;-88,59375;-134,71875;201,9375;238,5625;166,28125;0,5;77,5625;232,59375;176,15625;98,4375;-1,15625;-208,1875;-7,9375;28,6875;16,6875;7,84375;89,46875;220,75;132,125;174,40625;214,6875;244,46875;329,90625;282,875;196,5;200,65625;252,03125;481,96875;308,8125;179,875;431,3125;391,0625;421,71875;380,34375;401,09375;444;436,09375;570,75;455,09375;523,65625;395,75;422,96875;394,84375;462,625;394,03125;398,1875;285,84375;202,8125;304,40625;359,5625;263,28125;244,03125;126,71875;275,40625;233,75;47,625;326,1875;4,78125;111,4375;191,1875;215,6875;285,65625;458,84375;296,4375;157,25;184;364,90625;277,46875;139,4375;126,6875;341,53125;225,5625;318,15625;129,625;231,5;403,4375;439,03125;137,90625;195,46875;279,15625;50;-346,5;56,34375;279,84375;121,90625;161,875;148,25;194,125;477,65625;148,59375;398,125;116,84375;164,96875;154,375;38,71875;198,125;231,5;44,0625;110,15625;202,90625;114,53125;217,125;459,1875;153,5;-125,46875;163,40625;8,65625;184,0625;225;44,875;172,8125;177,125;210,8125;274,1875;76,625;196,3125;
-196,875;-16,90625;-170,34375;-211,75;-271,34375;-134,34375;-479,96875;-39,21875;-204,40625;-304,125;-305,125;-159,28125;23,84375;-260,1875;-121,96875;-306,78125;-360,28125;-225,09375;-66,125;-128,75;-121,03125;-210,65625;-207,625;-255,1875;-137,3125;-179,625;-310,1875;-237,9375;-134,75;-207,75;-211,5625;-181,59375;-134,21875;-128,46875;-83,4375;-366,9375;-332,3125;-276,75;-360,03125;-143,3125;-297,34375;-26;-239,21875;-57,4375;-428,8125;-59,25;-146,53125;-175,28125;-5,125;-202,28125;-230,53125;-229,53125;-149,09375;-213,8125;4,5;27,6875;-149,34375;-170,53125;-157,34375;60,9375;75,03125;-197,25;-118,75;-33,3125;-160,59375;-175,84375;23,875;-46,28125;-137,09375;93,59375;19,78125;-48,1875;-14,15625;72,25;334,875;-7,625;115,6875;-227,78125;75,53125;-92,65625;-188,59375;-61,125;287,90625;352,34375;140,46875;233,84375;289,625;227,4375;277,90625;-55,375;-209,28125;72,53125;150,96875;506,40625;784,46875;834,875;1053,3125;951,875;978,875;649,46875;586,90625;769,78125;772,78125;988,28125;1390,84375;1571,0625;2016,15625;2068,90625;1922,71875;1902,96875;1820,78125;1266,28125;1377;1240,5;1113,75;1145,90625;1234,28125;1894,8125;2520,1875;3356,53125;4550,375;5830,0625;6682,78125;7326,75;7939,875;8170,90625;8418;8360,84375;8557,90625;8744,25;9175,96875;9709,34375;10327,9375;10893,375;11297,6875;12056,6875;12701,75;13416,78125;13709,78125;14448,875;14492,09375;14764,78125;14754,09375;14827,3125;14564,46875;14224,375;14321,625;13434,25;12631,90625;12141,78125;11901,71875;11924,3125;12048,84375;12479,03125;13285,65625;14026,46875;14801,3125;15649,84375;16309,75;16495,6875;16399,90625;16383,4375;15463,96875;14163,71875;12947,90625;11927,71875;11046,09375;10665,4375;10543,40625;10996,9375;11703,03125;13026,28125;13686,0625;14739,71875;15526,03125;15357,75;15140,59375;14300,65625;13328,53125;12197,21875;10907,40625;9580;8855,15625;8367,75;8124,8125;8402,375;8825,71875;9439,03125;10176,40625;10781,1875;11345,78125;11179,09375;10692,96875;9507,34375;8494,8125;6924,625;5786,5625;3978,59375;2828,5;1865,0625;1137,0625;408,84375;-8,75;-276,65625;-219,75;-299,875;-223,71875;-98,71875;-221,9375;-210,34375;-313,5;-250,875;-129,9375;-374,5;-355,84375;-490,3125;-319,875;-150,625;74,34375;-281,84375;-289,9375;-197,0625;-132,34375;67,78125;-133,0625;85,71875;-58,9375;161,0625;83,5;-12,28125;2,96875;54,59375;-126,78125;40,21875;-110,9375;-155,625;83,0625;114,3125;2,3125;284,625;207,6875;180,59375;76,625;396,46875;217,53125;272,53125;102,09375;252,8125;216,125;175,96875;87,59375;-182,1875;144,90625;-20,28125;100,34375;-115,125;119,96875;49,65625;-63,6875;126,78125;76,625;-120,4375;-98,125;-40,15625;-88,09375;-179,65625;-115,78125;-64,5;-144,34375;8,59375;4,8125;149,53125;76,3125;-112,46875;-102,40625;-242,84375;-20,21875;-18,9375;-96,03125;-248,5;-74,0625;2,90625;-316,3125;85,90625;-79,34375;-38,96875;-0,6875;-143,09375;-153,1875;-110,0625;-144,21875;-40,25;-23,25;-110,34375;-57,4375;-12,375;-57,25;-102,5625;64,9375;-230,3125;-132,71875;108,4375;20,5625;97,84375;-116,8125;-93,625;31,90625;-52,8125;-158,5625;160,125;-53,1875;-292,125;-143,46875;-77,25;-54,71875;-100,96875;-35;-110,96875;-99,125;-94,6875;
247,78125;22,875;73,25;-7,21875;167,8125;106,875;187,53125;0,09375;86,5625;58,9375;61,71875;205,90625;211,875;107,3125;-30,5;49,71875;14;-71,6875;-163,21875;-174,9375;-224,09375;139,4375;0,53125;-89,125;-164,3125;-56,375;-94,8125;-84,21875;113,40625;-33,0625;-12,84375;227,9375;39,65625;-91,625;-304,28125;32,1875;91,34375;-131,46875;116,40625;85,71875;-100,25;106,28125;22,5625;0,40625;-68,53125;123,09375;2,28125;10,59375;-15,34375;-281,0625;132;14,84375;209,625;167,71875;46,28125;111,5625;108,25;86,21875;241,28125;242,875;180;48,09375;83,96875;285,21875;276,34375;237,25;-57,6875;159,96875;64,5;-88,375;301,6875;157,875;171,53125;308,9375;229,21875;257,53125;279,84375;269,78125;144,1875;144,09375;225,90625;151,46875;381,09375;522,5;271,28125;509,4375;503,78125;408,59375;335,65625;259,4375;319,21875;161,21875;351;722,8125;741,21875;1058,09375;1141,65625;1292,28125;1111,0625;963,40625;854,53125;693,375;933,125;1268,375;1415,96875;1900,59375;2129,09375;2288,375;1824,3125;2202,3125;1971,34375;1503,5625;1498,09375;1319,5;1325,4375;1287,84375;1603,78125;1955,84375;2611,34375;3501,625;4530,125;5641,25;6663,75;7302,3125;7862,65625;7951,0625;8047;8311,3125;8326,375;8740,6875;9001,53125;9095,59375;9944,03125;10549,8125;11187,75;11895,28125;12548,3125;12946,875;13745,5625;14117,15625;14474,65625;14728,46875;14534,125;14542,15625;14534,8125;14066,78125;13459,96875;12749,78125;12481,21875;12106,03125;11571,46875;11673,53125;12074,875;12488,875;13036,6875;13897,0625;14722,78125;15517,9375;15948,3125;16174,53125;16209,15625;15481,09375;14766,53125;13792,90625;12590,8125;11631,71875;10870,21875;10439,4375;10578,4375;10947,6875;11950,625;12872,625;13375,78125;14515,78125;15035,125;15167,125;14727,34375;14148,90625;13077,15625;11951,6875;10839,15625;9676,75;8966,375;8146,53125;7883,875;8345,0625;8877,25;9471,34375;10120,25;10817,375;10908,84375;11097,46875;10299,1875;9612,375;8298,28125;6733,40625;5567,15625;4204,78125;3313,21875;2048,03125;1280,90625;234,25;211,0625;-87,5;-199,28125;-152,46875;-244,0625;-82,75;-162,6875;260,21875;123,28125;9,15625;127,1875;-43,53125;2,625;100,375;-96,84375;-93,8125;48,4375;-121,15625;-28,53125;-158,59375;-20,90625;86,625;-29,6875;22,46875;195,15625;285,875;-84,34375;97,75;240,1875;298,875;-7,625;149,40625;323,15625;146,96875;105,4375;64,03125;296,59375;373,25;578,65625;162,9375;300;441,28125;414,28125;260,21875;155,875;309,90625;142,25;199,46875;416,0625;351,46875;270,375;157,03125;176,90625;314;298,125;195,46875;356,75;217,1875;246,03125;96;27,84375;90,5;261;133,8125;172,34375;79,9375;140,21875;114,78125;92,875;44;9,15625;219,15625;117,5;61;117,21875;165,21875;146,40625;17,5625;124,78125;36,21875;-27,15625;38,125;128,65625;-106,75;200,96875;147,625;149,375;247,96875;320,96875;184,875;128,1875;113,71875;3,625;9,75;109,8125;158,40625;73,125;426,90625;312,5625;230,9375;27,40625;175,875;210;111,28125;107,21875;123,03125;182,03125;36,03125;210,28125;204,53125;78,0625;217,40625;61,15625;19,15625;198,875;168;227;-19,15625;
-298,5;-183,375;-318,5;-276,46875;-114,875;-47,375;-363,875;36,3125;-180,59375;-281,875;-183,40625;-292,53125;27,0625;-372,1875;-395,59375;-430,8125;-337,96875;-249,28125;-266,78125;-510,03125;-531,6875;-351,75;-315,6875;-298,5625;-469,875;-176,5625;-265,03125;-336,03125;-309,5;-212,46875;-98,625;-245,34375;-335,34375;-358,90625;-374,3125;-436,09375;-285,46875;-284,75;-329,46875;-285,8125;-173,75;-270,40625;-184,84375;-317,28125;-258,65625;-133,09375;-316,78125;-47,96875;-219,78125;97,53125;-211,71875;-166,71875;-221,46875;44,71875;-217,4375;-84,125;-17,28125;-116,65625;-39,625;-77,8125;-148,53125;26,0625;-247,75;-150,1875;1,96875;-131,90625;171,03125;-169,84375;-230,40625;25,84375;45,90625;-63,125;-113,78125;-105,78125;-104,375;84,875;-189,09375;-60,3125;37,96875;-246,875;-48,25;-119,71875;70,0625;-7,40625;102,15625;58,125;20,34375;13,25;-173,125;7,71875;-182,5625;-103,84375;92,75;371,03125;426,25;950,21875;1029,21875;885,53125;828,40625;681,625;603,90625;514,875;708,53125;767,8125;1249,71875;1318,875;1745,6875;2014,15625;1948,53125;1916,8125;1532,875;1319,75;1146,5;915,46875;750,53125;1066,3125;1237,71875;1731,75;2438,59375;3104,8125;4129,09375;5112,625;6131,09375;6755,1875;7106,71875;7360;7363,25;7472,59375;7745;7985,875;8325,15625;8850,5625;9078,78125;9823,03125;10438,875;10896,71875;11914,09375;12500,84375;13106,5625;13414,5625;13586,71875;14021,34375;13847,65625;13521,125;13478,4375;13253,96875;12442,8125;12067,28125;11419,8125;11159,96875;11215,03125;11217,625;11522,71875;11607;12278,25;13070,59375;13940,25;14627,84375;15320,40625;15303,875;15500,21875;14648,65625;13847,28125;12893,6875;11864,34375;10939,09375;10010,90625;9841,40625;10020,6875;10481,1875;11080,65625;12201,9375;12892,03125;13790,625;14234,84375;14335,8125;14223,59375;13485,21875;12401,875;10945,59375;9882,0625;8831,6875;8104,90625;7707,84375;7618,6875;7834,78125;8215,4375;8754,40625;9697,59375;10100,6875;10584,375;10432,09375;9775,125;8886,9375;7787,8125;6249,65625;5064,78125;3637,6875;2617,03125;1564,5625;768,6875;250,71875;-193,78125;-220,6875;-347,3125;-272,71875;-322,375;-215,0625;-278,375;-274,4375;-96,8125;-246,78125;-279,34375;-364,75;-375;-336,375;-189,4375;-294,125;-423,5;-174,625;-175,90625;-146,28125;24,125;-399,53125;-268,5625;-143,1875;54,625;-183,25;-89,75;-388,59375;-307,71875;-54,96875;65,78125;14,28125;-216,34375;-110,46875;115,09375;-94,625;-3,28125;-37;-90,3125;69,53125;88,15625;15,90625;35,65625;69,375;66,78125;-35,4375;19,34375;200,0625;138,71875;179,84375;100,1875;-77,625;74,90625;-52,625;-344,96875;-182,5625;-73,9375;86,375;-139,25;-198,8125;-246,9375;-204,21875;-202,75;-86,96875;-107,21875;-84,46875;-30,90625;14,09375;12,21875;-80,75;-53,84375;-124,5625;83,03125;-216,15625;-88,96875;-182,96875;-72,71875;-93,375;-152;-3,03125;-63,9375;57,71875;-64,34375;91,84375;-253,3125;71,03125;-270,09375;-116,65625;-64,6875;-111,875;-81,71875;-201,875;-170,53125;-114,34375;-162,0625;-106,53125;-76,3125;-50,09375;-218,40625;-164,0625;-185,71875;-218,71875;-46,59375;-126,90625;-169,9375;-133,15625;-146,5;-157,875;-206,125;-69,375;-181,78125;-272,375;-36,3125;107,3125;-32,90625;-170,125;36,9375;-160,6875;
202,84375;47,125;169,90625;-4,53125;-11,4375;-136,3125;24,125;-112,5625;-201,03125;-166,59375;-252,40625;88,125;-109,21875;-292,0625;-135,03125;-157;267,4375;-116,59375;-61,65625;-233,03125;-373,78125;-447,40625;-172,5625;-103,3125;-391,625;60,0625;-119,625;95,625;8,15625;-219,6875;-142,09375;-144,40625;-112,34375;49,46875;15,25;-80,40625;44,3125;-109,65625;-190,59375;-154,78125;-31,03125;-158,03125;-138,40625;-58,375;-96,25;-147,46875;-70,875;-198,34375;-66,71875;24,21875;154,84375;-107,6875;-117,0625;-26,84375;-134,71875;-269,1875;19,34375;65,84375;303;-151,71875;-71,6875;76,09375;147,53125;44,21875;-109,75;-102,90625;119,09375;268,15625;-54,75;46,40625;75,4375;-21,09375;58,3125;138,9375;293,40625;-130,4375;471,46875;22,375;40,25;-18,59375;53,625;242,34375;343,875;84,78125;212,28125;337,0625;199,84375;249,90625;372,90625;241,875;31,4375;-14,59375;306,09375;800,34375;682,4375;1094,53125;999,9375;994,53125;1008,3125;1028,5625;672,46875;768,21875;872,09375;1092,34375;1360,15625;1573,25;1963;2153,53125;1988,46875;1849,8125;1535,0625;1521,84375;1295,6875;1273,65625;1189,53125;1125,03125;1466,90625;1904,09375;2556,71875;3470,84375;4175;5112,09375;5919,6875;6624,1875;6936,6875;7101,625;7550,875;7382,21875;7599,9375;7827,78125;7947,78125;8247,3125;8919,34375;9538,28125;10372,8125;10918,875;11591,78125;11858,96875;12525,875;12976,9375;13396,125;13352,3125;13450,65625;13355,25;13220,96875;12675,21875;12009,875;11693;11240,15625;10929,8125;11066,5;10711,09375;11186,4375;11464,375;12015,96875;12821,46875;13662,4375;14106,84375;14838;15033,21875;15098,9375;14438,90625;13448,375;12379,78125;11651,03125;10563,625;9699,21875;9820,3125;9709,40625;10128,03125;10842,5625;11883,90625;12842,75;13707,5;13932;14323,78125;13973,03125;13197,875;12112,96875;10936,96875;9802,5625;8661,5;7836,5;7640,8125;7577,4375;7868,75;8119,84375;8780,6875;9598,3125;10046,4375;10397,59375;10214,1875;9815,34375;8766,46875;7505,40625;6127,84375;4922,90625;3860,6875;2673,0625;1719,3125;984,25;471,5;122,59375;0,28125;58,34375;-339,75;-68,75;19,0625;-150,21875;-98,53125;-130,59375;-168,71875;32,3125;65,90625;-159,96875;-181,25;-90,5625;-250,65625;-162,6875;-105,4375;-5,96875;-33,6875;-277,78125;-252,875;-107,0625;-209,75;-99,09375;-13,90625;148,46875;-39,5;16,875;-130,96875;172,09375;-62,90625;37,375;144,875;230,3125;319,34375;92,8125;43,15625;142,40625;335,1875;270,28125;303,8125;366,8125;270,90625;208,65625;330,84375;530,46875;366,53125;64,5;238,71875;142,40625;103,78125;97,09375;315,5;58,5625;33,46875;25,5625;145,15625;68,65625;92,59375;26,3125;134,09375;92,125;-155,5625;-147,9375;199,625;7,96875;-12,8125;0,875;30,125;57,4375;188,0625;-109,15625;81,84375;90,5;18,78125;212,5;22,9375;131,75;-9,1875;135,5625;-38,8125;185,75;-91,5625;-2,09375;165,90625;175,96875;272,875;193,96875;87,15625;-11,75;51,1875;115,28125;-97,3125;-93,40625;-105,84375;36,59375;220,53125;243,5625;155,90625;-18,21875;-76,4375;58,8125;-54,4375;-104,96875;126,4375;-239,03125;129,34375;-115,21875;27,78125;13,59375;-37,71875;-134;141,96875;-160,5;-112,1875;-125,28125;-59,03125;
-189,59375;-166,9375;-65,53125;-96,65625;-103,78125;-189,46875;-248,8125;-243,46875;-212,3125;-258,25;-125,4375;-173,1875;-294,28125;-310,78125;-379,625;-148,78125;-297,28125;-272,09375;-281,5625;-214,9375;-231,3125;-317,1875;-284,84375;-57,25;-336,8125;-194,5;-217,4375;-289,59375;-18,40625;33;-263,1875;-336,34375;-244,8125;-267,5;-308,125;-184,09375;-401,59375;-132,5625;-320,6875;-173,78125;-24,40625;-104,625;-195,84375;-40,53125;-377,15625;-160,8125;49,78125;-141,71875;-118,96875;-251,6875;-108,78125;-51,34375;-413,46875;-113,0625;-64,96875;-378,03125;40,71875;-95,3125;-170,6875;-35,59375;-19,90625;-246,15625;-206,875;-162,28125;-183,03125;25,96875;-64,75;7,875;-28,09375;134,0625;-53,4375;-172,375;33,75;60,75;101,90625;118,15625;-66,75;-161,40625;-95,09375;-9,4375;-98;52,34375;98,875;222,375;189,9375;269,28125;145,125;63,6875;30,375;-6,75;80,46875;20,5;293,84375;341,34375;734,6875;820,875;980,75;1083,90625;767,71875;597,21875;584,21875;674,5;667;938,28125;1189,59375;1469,9375;1762,40625;1903,71875;1919,90625;1716,78125;1522,9375;1318,875;991,25;872,125;1034,84375;912,71875;1257,1875;1436,5625;2206,96875;2905,78125;4056,59375;4757,71875;5678,71875;6353,1875;6615,0625;6787,53125;6961,1875;6940,46875;7142,59375;7374,5625;7368,96875;7898,1875;8404,34375;9048,875;9622,65625;10442,53125;10980,4375;11320,3125;12181,40625;12428,15625;12883,4375;12607,96875;12618,375;12692,15625;12245,4375;11723,21875;11547,28125;11365,59375;10745,15625;10441,21875;10325,28125;10409;10416,25;10919;11409,21875;12143,1875;12964,15625;13822,375;14067,09375;14447,0625;14344,28125;13661,84375;12959,71875;11935,46875;10973,65625;10004,3125;9601,28125;9282,03125;9324,71875;9822,90625;10596,875;11433,90625;12083,71875;13093,25;13519,125;13767,5625;13275,78125;12496,8125;11241,4375;10190,90625;9080,375;8273,65625;7579,9375;7031,65625;6999,625;7268,125;7810,65625;8345,6875;8887,125;9433,96875;9709,90625;9824,375;9336,9375;8146,90625;7210,09375;5972,375;4427,46875;3370,21875;2444,84375;1457,65625;1016,34375;485,96875;-145,4375;-33,4375;-389,25;-315;-255,90625;-82,1875;-127,875;-108,84375;-308,15625;-199,4375;-149,8125;-95,8125;-102,1875;-208,5;-153,09375;-317,875;41,65625;-101,78125;-287,5625;-345,96875;-184,625;-300,9375;-102,28125;-257,8125;14,625;-170,9375;58,03125;-134,125;12,75;-255,0625;-174,28125;-211,40625;-38,90625;74,3125;-146,5625;-61,96875;159,5625;69,78125;-220,9375;157,03125;52,34375;256,65625;121,46875;-141,9375;243;163,125;83,8125;244,125;201,3125;-145,40625;-70,8125;113,78125;131,5;8,03125;-161,09375;211,4375;138,625;121,875;117,53125;114,96875;72,03125;-147,46875;-136,03125;4,90625;-87,1875;89,875;-139,59375;-74,71875;73,28125;39,21875;53,0625;56,34375;-102,15625;-97,71875;28,65625;24,65625;-110,78125;-68,46875;148,34375;-55,34375;77,59375;-6,5;13,03125;-103;2,09375;-108,53125;24,71875;1,40625;-80,78125;247,34375;-66,71875;-127,15625;142,5;72,9375;34;-191,4375;-272,15625;-144,78125;-182,53125;-145,28125;-17,84375;-0,40625;67,46875;-315,125;-234,15625;-15,21875;-227,8125;9,8125;-162,59375;69,4375;10,5625;-64,09375;-155,21875;-148,0625;147,375;-163,84375;-0,0625;189,9375;
375,0625;139,1875;87,0625;31,34375;184,15625;6,375;-144,875;67,09375;234,8125;223,0625;-59,8125;231,65625;86,90625;103,75;-220,09375;173,75;-13,75;103,46875;-57,6875;153,9375;-81,1875;62,96875;125,03125;-66,9375;92,59375;167,0625;329,09375;201,96875;-4,28125;34,90625;117;176,0625;51,84375;20,0625;268,90625;93,03125;76,0625;126,125;207,59375;92,65625;103,6875;26,21875;145,5;-50,34375;78,78125;58,21875;233,1875;171;95,40625;146,8125;222,46875;162,53125;12,34375;178,09375;173,78125;164,46875;267,28125;146,84375;371,8125;303,15625;44,5625;154,03125;89,28125;257,5625;375,125;136,59375;318,375;371,21875;225,09375;108,40625;424,75;197,09375;253,53125;-45,8125;245,125;351,96875;290,125;195,5;137,5;178,15625;235,9375;104,75;315,09375;441,40625;300,75;261,65625;269,6875;381,625;302,03125;404,65625;127,90625;195;612,125;865,84375;1063,4375;1168,9375;1222,4375;1511,1875;1225,5625;910,90625;895,65625;855,15625;1015,46875;1300,875;1642,125;1861,375;2106,125;2370,59375;2162,125;2016,96875;1853,71875;1440,40625;1280,78125;1200,75;1036,8125;1277,03125;1214,5625;1928,90625;2434,71875;3315,28125;4227,1875;4949,25;5775,40625;6420,03125;6765;7031,3125;6774,84375;6862,5;7051,25;7238,75;7537,3125;7722;8408,90625;9096,9375;9459,40625;10136,09375;10845,84375;11401,6875;11688,1875;12100,8125;12386,40625;12516,875;12396,8125;12132,125;11997,25;11599,5;11199,15625;10940,59375;10581,09375;10478,78125;10364,9375;10197,59375;10378,90625;10736,9375;11235,90625;12200,90625;12776,34375;13374,59375;13911,21875;14073,375;14176,28125;13387,84375;12577,875;11759,46875;10789,40625;10156,4375;9404,53125;9034,53125;9204,625;9594,8125;10284,21875;11206,09375;12173,78125;12826,03125;13340,09375;13495,96875;12772,1875;12112,6875;11310,25;10352,28125;9182,5625;8041,34375;7425,25;7172,03125;6982,09375;7334,5625;7708,03125;8376,65625;8989,4375;9308,65625;9604,5625;9521,34375;9139,875;8142,1875;7122,375;5815,59375;4616,3125;3464,6875;2609,21875;1605,25;845,53125;602,125;176,0625;118,53125;150,1875;-50,1875;120,625;199,8125;354,84375;175,78125;89,3125;40,40625;203,15625;-2,0625;-57,21875;4,34375;3,625;152,75;-159,03125;112,78125;168,375;82,03125;198,40625;135,875;-88,5625;196,4375;261,875;125,4375;140,4375;30,3125;106,0625;168,0625;69,84375;197,09375;245,03125;194,40625;80,84375;426,40625;184,03125;288,03125;251,78125;374;290,0625;241,5625;373,0625;472,125;209,8125;347,375;404,25;457,625;427,8125;361,28125;569,46875;120,875;470,21875;359,28125;265,34375;405,125;351,96875;197,09375;215,0625;323,78125;365,53125;288,15625;339,1875;332,0625;238,84375;370,3125;354,65625;243,09375;302;248,3125;161,78125;497,34375;214,875;214,34375;330,46875;177,8125;333,34375;119,59375;271,34375;157,03125;187,90625;56,34375;85,375;335,65625;55,3125;210,21875;177,96875;330,3125;319,03125;144,75;38,15625;162,96875;186,875;67,96875;205,59375;140,40625;233,53125;309;308,71875;299,71875;46,53125;105,875;233,28125;229,3125;312,96875;321,6875;35,21875;146,125;179,96875;55,625;122,1875;166,25;266,96875;140,53125;144,125;262,40625;-125,9375;248,21875;
-910,71875;-156,53125;-269,15625;-325,78125;2,4375;-184,28125;-447,28125;-82,6875;-220,9375;-324,28125;-267,90625;-247,8125;-258,5625;-371,65625;-313,71875;-415,46875;-167,03125;-64,25;31,875;-251,96875;-206,59375;-212,875;-365,5;-487;-434,71875;-92,1875;-116,1875;-53,53125;-443,625;-196,5;-154,84375;-285,03125;-187,84375;-248,125;-355,0625;-245,96875;-301,8125;-11,28125;-184,3125;-341,125;-223,59375;-303,1875;-61,25;-169,9375;-331,5625;-251,28125;-215,15625;-95,40625;-201,46875;-129,375;-233,78125;-46,53125;-45,1875;-88,15625;6,375;-58,5625;-105,875;-83;130,34375;-64,75;-107;12,65625;-20,40625;-166,0625;-122,25;36,46875;58,03125;-181,21875;-251,15625;-251,5625;-177,0625;-24,5625;-213,125;-32,4375;104,75;-162,8125;55,03125;-24,03125;-90;-41,46875;-71,3125;-258,75;29,34375;-50,125;160,28125;117,3125;56,8125;142,0625;-74,90625;11,65625;-2,71875;-43,09375;389,21875;624,15625;438,53125;936,96875;765,625;858,5;857,90625;658,0625;512,125;819,40625;896;1054,71875;1219,5625;1683,125;1788,5625;1982,4375;1891,40625;1674,3125;1547,0625;1014,8125;951,90625;860,8125;816,09375;837,09375;1181,84375;1532,125;2207,71875;2920,96875;3741,59375;4744,5;5449;5780,21875;6453,84375;6611,84375;6514,65625;6466,15625;6486,78125;6783,25;6763,09375;7428,78125;7776,375;8293,8125;9133,25;9612,65625;10160,1875;10712,875;11210,09375;11417,0625;11758,21875;11720,375;11543,4375;11411,09375;11132,375;11068,375;10329,5625;10172,625;9812,6875;9569,78125;9850,625;9760,3125;10043,3125;10225,5625;10816,34375;11491,625;12306,8125;12785,4375;13032,78125;13292,4375;13366,03125;12758,5;11906,5;10932,8125;10265,90625;9477,03125;8823,5;8422,5;8902,0625;9240,84375;9837,875;10728,96875;11524,03125;11995,03125;12215,78125;12522,65625;12314,34375;11424,5;10412,0625;9507,625;8589,78125;7625,59375;6947,6875;6567,78125;6413,5625;6729,78125;7237,125;7667,96875;8358,34375;8596,65625;8888,4375;8885,6875;8673,125;7663,28125;6377,28125;5514,875;4237,34375;3019,71875;2118,5;1255;448,125;205,65625;-9,65625;-189,125;-224,5625;-210,9375;-221,15625;-248,4375;-151,78125;-241,59375;-45,625;-53,1875;-148,1875;-180,34375;-262,21875;-187,21875;-62,25;-95,71875;-289,25;-167,5625;-275,96875;-71,09375;-45,9375;-190,25;-134,15625;-162,4375;138,46875;-208;-169,4375;-155,875;182,84375;48,84375;-192,40625;-16,9375;75,78125;8,46875;-22,90625;-266,0625;53,59375;98,34375;69,09375;-55;41,3125;131,15625;175,5;-63,3125;242,6875;135,625;73,5625;219,3125;198,25;323,4375;152,5;88,8125;6;6,875;69,4375;-6,59375;-98,34375;-8,46875;14,1875;-109,46875;-9,46875;-23,65625;14,375;-59,1875;-5,4375;30,6875;-79,5;23,9375;105,9375;139,78125;-34,875;89,75;71,1875;234,90625;66,71875;-341,46875;63,46875;76,6875;-66,40625;-143,40625;132,96875;-51,28125;78,15625;-61,59375;-93,75;-93,1875;-83,03125;-180,90625;-150,1875;-116,90625;-109,875;-58,03125;-76,71875;146,0625;-50,84375;19,09375;72,59375;-22,59375;-107,21875;-181,78125;8,3125;-69,90625;-57,75;-15,4375;1,90625;-164,71875;-37,34375;67,65625;-109,03125;-94,375;130,71875;-109,53125;-6,09375;85,09375;-23,875;-78,71875;-102,34375;-9,5625;
305,0625;-92,96875;-146,78125;166,25;-202,09375;-136,90625;0,46875;-4;-289;-188,03125;-97,125;-122,125;-130,1875;-23,59375;-89,78125;-215,71875;83;-128,1875;-1163,5625;-40,0625;-257,625;-94,125;-125,5;-5,03125;70,59375;-156,65625;-84,65625;-237,21875;-80,46875;-57,28125;-42,875;-154,75;-131,8125;-93,71875;-119,4375;106,71875;7,96875;-8,5625;-12,5625;-202,3125;18,96875;-163,53125;46,375;-73,4375;-38,5625;83,75;-188,25;-44,46875;-140,0625;217,8125;99,875;-11,0625;33,25;-46,625;-24,3125;148,90625;7,96875;182,21875;11,1875;226;-3,21875;156,46875;161,3125;-241,9375;102,6875;-77,375;-58,34375;157,125;135,125;75,09375;27;-147,625;131,59375;88,46875;367,59375;80,53125;214,5;116,125;95,875;208,3125;127,15625;98,9375;185,75;294,0625;201,5;222,125;308;289,84375;66,90625;-28,9375;61,21875;131,28125;385,28125;521,875;712,8125;1015,3125;1025,1875;1008,4375;938,46875;827,15625;583,46875;836,4375;868,6875;1280,125;1464,25;1637,90625;1888,375;2020,5625;1890,1875;1626,96875;1691,625;1362,5;1049,5;1131,0625;970,25;1012,15625;1306,6875;1561,25;2369;3102,5625;3870,375;4893,03125;5656,8125;5957,375;6461,65625;6420,46875;6378,8125;6436,53125;6363,6875;6597,21875;6729,4375;6906,75;7924,9375;8248,46875;8895,53125;9676,1875;10176,46875;10604,78125;11039,9375;11308,9375;11453,5625;11465,1875;11138,96875;10987,03125;11153,59375;10783,09375;10268,78125;9708,59375;9592,375;9452,4375;9555,03125;9355,5;9881,8125;10351,25;10779,21875;11313,34375;12114,625;12388,875;12785,59375;12869,65625;12638,125;12183,15625;11351,6875;10749,65625;10005,28125;9027,28125;8359,6875;8220,9375;8605,375;8871;9744,34375;10464,34375;11277,4375;11832,375;11927,15625;12093,65625;11726,75;11034,0625;10265,75;9108,3125;8181,53125;7366,90625;6620,53125;6263,65625;6308,0625;6490,34375;7014,0625;7362,46875;8006,34375;8370,0625;8691,21875;8739,1875;8009,75;7361,25;6263,46875;5117,21875;3925,46875;3037,84375;1900,6875;1160,3125;827,40625;291,53125;129,96875;87,3125;-206,78125;-246,875;-136,46875;6,15625;-91,40625;-110,53125;-49,875;119,78125;-0,90625;101,40625;8,375;-195,09375;138,65625;-162,71875;-201,5625;-237,1875;38,59375;168,6875;-67,90625;-10,25;-107,78125;-53,96875;84,59375;103,375;189,5625;184,59375;93,25;-17,375;-49,8125;13,4375;70;4,90625;-45,4375;172,375;150,5625;254;151,15625;-39,6875;365;73,71875;242,84375;186,4375;87,46875;46,75;61,6875;274,875;128,21875;256,40625;151,78125;156,375;129,53125;195,4375;237,25;86,4375;119,15625;51,84375;213,40625;125,3125;227,75;175,34375;236,65625;155,1875;-7,625;111;8,5;224,0625;165,9375;138,5625;106,21875;10,28125;32,84375;-57,625;126,59375;92,34375;144,28125;54,125;-19,90625;-22,15625;-16,4375;206,21875;119,9375;31,46875;214,625;78,4375;-79,09375;-119,25;-27,625;-207,375;-11,5;51,46875;-151,53125;-113,125;260,09375;236,28125;31,0625;-136,5;98,875;235,65625;87;240,09375;-5,875;53,65625;289,53125;-15,75;139,75;206;-34,125;57,3125;56,84375;238,875;-74,15625;209,28125;9,1875;-30,65625;39,09375;65,875;
-11,25;-37,75;4,375;-176,34375;-3,78125;-352,875;-143,375;-231,0625;-147,5;-164,28125;-165,9375;-75,71875;-172,90625;-166,78125;-159,78125;65,625;-174,25;-166,5625;59,90625;-122,34375;221,5;-135,9375;-394,8125;10,65625;2,21875;-105,25;-177,375;80,90625;-157,28125;-350,0625;-346,03125;-130,03125;-96,84375;-168,375;-35,4375;-54,34375;-138,34375;-216,125;-151,40625;23,46875;14,375;234,1875;-146,59375;-47,75;-4,28125;22,96875;-63,21875;17,65625;-154,75;-215,59375;-165,71875;-164,59375;45,28125;-8,75;224,84375;65,375;-65,75;225,71875;-325,6875;3,71875;-44,53125;69,1875;161,78125;143,875;38,8125;58,46875;138,78125;-110,6875;-43,15625;-8,875;80,78125;76,5;79,25;44,9375;101,03125;35,03125;89,59375;-65,59375;-214,21875;-5,34375;62,6875;44,03125;194,59375;108,15625;38;129,53125;321,84375;249,96875;22,625;-12,90625;298,34375;0,28125;343,84375;529,84375;639,40625;984,9375;921,4375;774,25;760,53125;662,875;660;598,46875;507,3125;1125,34375;1424,90625;1734,1875;2239,21875;2030,15625;1905,9375;1888,5;1354,40625;1143,21875;927,15625;581;938,09375;1054,15625;1289,1875;1481,21875;2185,09375;3114,25;3729,4375;4747,4375;5298,21875;6062,09375;6277,5;6402,96875;6394,8125;6264,84375;6443,03125;6402,71875;6517,28125;7050,25;7627,3125;8070,0625;8578,59375;9435,46875;9982,5625;10404,25;10742,09375;10937,21875;11110,625;11070,9375;10549,4375;10753,09375;10657,96875;10149,40625;9597,34375;9358,71875;9205,34375;9047,96875;9154,96875;9584,59375;9710,90625;9778,5;10331,71875;11191,84375;11363,125;11988,3125;12183,09375;12179,5;12170,53125;11569,53125;11052,28125;10039,15625;9154,25;8484,03125;7957,78125;7893,90625;8221,875;8765,78125;9258,40625;10162,53125;10817,8125;11414,625;11547,625;11676,125;11349,84375;10500,78125;9558,53125;8527,40625;7795,34375;6761,3125;6198,875;6021,0625;6247,5;6168,25;6748,78125;7280,59375;7891,09375;8041,34375;8473,3125;8277,5625;7843,875;7048,46875;5828,28125;5107,78125;3856,875;2919,15625;1860,65625;1166,15625;619,125;165,25;78,0625;-153,875;-139,5625;-78,125;-230,6875;-61,9375;-53;27,59375;-41,71875;20,875;-134,03125;-151,875;-113,59375;17,78125;-143,8125;-56,46875;29;-11,4375;-50,09375;53,6875;-124,59375;134,40625;-170,5625;269,5;-42,40625;41,4375;8,96875;285,53125;-49,875;32,15625;-9,625;-13,375;54,03125;-3,96875;-174,1875;48,125;-134,0625;104,75;186,96875;139,90625;284,96875;129,5625;164,5;214,46875;-35,125;299,40625;260,65625;216,40625;78,59375;272,875;114,6875;-14,5;123,71875;150,125;161,5625;239,3125;159,375;76,5625;89,71875;164,28125;46,65625;-80,4375;151,3125;238,96875;-78,3125;322,5625;28,21875;213,3125;7,21875;250,28125;56,125;132,84375;44,53125;-20,8125;205,8125;-30,84375;213,125;-27,46875;409,5;217,28125;-78,25;176,75;44,59375;129,125;2,40625;-33,46875;-93,59375;1,625;136,59375;101,75;-5,625;184,125;-32,53125;65,8125;194,40625;-85,40625;125,875;136,21875;303,71875;-101,03125;62,75;48,5;-33,3125;36,40625;69,625;7,875;-21,15625;-101,96875;166,5625;-44,5625;-61,1875;-98,40625;27,625;90,625;12,3125;-0,78125;-156,59375;27,96875;
-180,15625;-300;-187,25;-260,75;-315,59375;-24,8125;-140,09375;-134,5625;-229,40625;-229,78125;-237,96875;-355,25;-171,90625;-263,78125;-167,1875;-160,875;-9,3125;-100,3125;-201,6875;-280,9375;-134,625;-425,46875;-133,5625;-223,46875;-260,28125;-367,1875;-172,65625;-146,5;-283,375;-100,65625;-369,21875;-99,21875;-128,28125;-373,78125;-262,625;-153,75;-282,625;-230,34375;-90,03125;119,78125;-77,46875;-298,0625;-173,21875;93,375;20;22,25;-242,09375;103,0625;-191,0625;-2,8125;24,5;-66;4,15625;-89,75;-141,75;-244,53125;-24,0625;-36,59375;-239,09375;-96,75;23,09375;-6,5625;-47,59375;-121,28125;32,4375;-58,0625;-7,15625;-125,65625;-51,84375;-39,5;-10,5;-136,125;-50,09375;-79,53125;12,03125;-20,59375;-97,4375;-229,03125;-13,0625;-180,59375;-36,625;102,96875;98,9375;154,375;134,84375;217,75;139,5625;189,375;35,90625;33,59375;-15,875;81,6875;308;660,71875;661,875;671,84375;738,71875;779,03125;573,125;641,875;439,28125;555,40625;900,34375;1181,3125;1296,1875;1585,9375;1904,65625;1914,8125;1859,15625;1668,1875;1240,46875;1121,8125;1128,90625;1056,4375;1071,28125;1086,59375;1117,03125;1585,8125;2139,53125;2902;3867,375;4656,09375;5197,65625;5878,90625;6219,96875;6315,09375;6358,28125;6289,75;6074,375;6152,96875;6474,75;6684,25;7219,21875;7991,5;8477,09375;8940,34375;9896,15625;10168,59375;10333;10654,03125;10532,1875;10612,09375;10209,25;10037,1875;10056,375;9746,5625;9470,15625;9046,90625;8720,6875;8573,6875;8725,15625;9061,46875;9370,53125;9714,03125;10117,53125;10693,5;11183,28125;11788,5625;11566,34375;11890,46875;11510,46875;10791,5625;10353,65625;9663,96875;8731,8125;8227,28125;8017,34375;7741,03125;7968,3125;8341,5625;8978,90625;9509,5;10440,78125;10826,25;11115,90625;10922,4375;10915,46875;9937,875;9166,125;8173,25;7284,5625;6254,9375;5955,625;5557,78125;5867,96875;6004,53125;6327,5;6891,6875;7431,03125;7887,9375;8149,125;7774,71875;7514,4375;6582,90625;5900,53125;4501,28125;3461,59375;2628,28125;1645;1001,03125;609,28125;29,15625;-223,8125;-135,125;-429,65625;-346,3125;-54,9375;-173,84375;-164,875;-69,84375;-115,71875;-110,53125;-154,21875;-11,6875;-68,375;-34;-194,375;0,21875;-393,4375;-263,3125;-146,84375;14,65625;-407,625;-141,96875;25,4375;91,375;-71,71875;-77,09375;-156,53125;-217,625;-220,09375;-88,40625;-164;-31,3125;-75,125;55,0625;-4,59375;-5,21875;5,71875;67,09375;-55,6875;106,4375;-33,3125;173,375;-15,53125;56,65625;49,46875;264,1875;73,59375;13,3125;152,03125;139,5;-46,78125;20,96875;123,8125;-42,90625;102,875;78,875;132,78125;37,15625;62,46875;153,03125;127,03125;155,71875;78,4375;-13,1875;236,9375;-44,21875;22,6875;104,90625;-55,5625;-67,65625;106,625;13,0625;-79;283,5625;-170;39,375;-4,375;-131,125;-97,90625;174,84375;-256,8125;-226,5;-230,5;12,1875;-74,21875;57;14,75;-51,8125;146,4375;11,375;32,1875;-51,8125;-52,34375;-127,09375;-121,375;-132,1875;10,34375;39,8125;-17,3125;-47,09375;-23,375;-16,28125;-104,21875;46,90625;30,3125;-50,375;-26,78125;-235,3125;-21,25;-241,5;19,59375;15,125;-42,9375;-13,4375;-240,21875;108,40625;-78,75;-157,21875;
222,28125;-247,90625;-103,9375;-189,4375;99,8125;-120,65625;-77,34375;-340;-356,65625;-273,53125;76,90625;-193,40625;-111,875;-162,28125;-83,96875;-76,6875;-1361,21875;-62,84375;-63,71875;-107,65625;-131,4375;7,46875;51,3125;-69,40625;-218,375;15,53125;-51,1875;41,15625;-68,9375;-135,46875;-214,96875;-141,28125;-155,4375;-147,375;-93,53125;-56,96875;-135,0625;23;-159,96875;31,09375;6,75;41,40625;3;-51,09375;102,09375;133,3125;215,46875;39,5625;87,75;-38,96875;133,6875;6,59375;-57,8125;131,875;-92,0625;139,375;239,28125;-188,03125;58,4375;28,5625;45,3125;142,78125;-15,9375;42,75;160,6875;-61,15625;94,59375;24,46875;67,71875;-50,5625;59,875;-96,6875;137,625;21,625;-35,15625;190,25;68,3125;-40,0625;119,46875;-3,78125;91,9375;146;108,4375;385,8125;162,0625;166,96875;194,9375;152,3125;268,875;89,6875;379,90625;258,375;351,53125;615,625;633,46875;964,09375;849,5;596,5625;912,90625;671,84375;825,96875;564,65625;910,71875;1207,25;1327,28125;1655,125;1960,875;1879,75;1751,9375;1625;1383,59375;1136,71875;1085,21875;944,5625;853,25;941,21875;1288,09375;1757,71875;2342,09375;3200,3125;4067,53125;4673,875;5567,1875;5998;6099,4375;6192,1875;6250,125;6051,40625;6065,53125;6139,75;6309,25;6784,3125;7320,3125;8050,28125;8355,03125;9128,1875;9551,9375;10053,9375;10134,5625;10614;10380,34375;10335,375;9816,90625;9897;9782,34375;9342,8125;9007,8125;8969,5625;8492,1875;8589,6875;8618,5625;8877,8125;8860,96875;9507,875;9680,25;10456,09375;10996,125;11267,375;11668,875;11653,59375;11398,59375;10737,34375;9973,09375;9122,46875;8539,96875;7905,65625;7493,28125;7433,90625;7734,34375;8236,3125;8931,40625;9502,90625;10112,1875;10573,5625;10719,59375;10755,21875;10242,9375;9568,1875;8903,59375;8067,375;7077,65625;6181,65625;5970,375;5515,46875;5592,625;5692,59375;6200,90625;6766,84375;7308,53125;7952,90625;7879,25;7824,8125;7445,6875;6671,90625;5447,125;4471,65625;3559,0625;2439,8125;1704,5625;943,71875;509,9375;264,65625;-41,90625;-216,46875;-207,125;-161,84375;-94;5,5625;60,5;-9,625;-58,28125;-30,46875;213,625;-145,25;-71,84375;106,5625;-186,3125;-66,9375;88,6875;-82,9375;-198,625;104,75;124,21875;-135,8125;30,3125;117,53125;64;151,96875;126,78125;86,1875;-19,15625;-50,125;48,8125;144;-77,4375;42,40625;-249,09375;13,375;84,46875;28,15625;74,375;143,125;44,53125;-43,8125;116,375;-37,28125;69,40625;137,84375;229,5;296,5;209,3125;282,125;267,5625;98,84375;225,21875;115,65625;215,9375;58,75;130,71875;240,1875;135,6875;101,59375;-16,5;235,84375;-27,875;133,25;174,4375;332,59375;117,40625;254,625;37,75;57,8125;191,53125;3,5625;14,125;126,4375;185,5625;354,8125;295,78125;74,375;-28,4375;142,5625;-109,125;21,78125;170,5625;240,40625;-12,3125;4,96875;-55,15625;53,875;173,3125;11,4375;-106,625;165,125;-204,625;88,6875;126,09375;144,875;82,9375;-187,53125;58,125;-63,0625;-1,65625;199,96875;-104,125;-0,125;177,25;91;70,0625;87,8125;130,96875;256,0625;130,625;96,4375;16,90625;34,59375;144,0625;6,53125;116,625;96,9375;
-264,59375;-330,125;-3,4375;-504,875;-105,59375;-389,15625;-274,65625;-222,96875;-172,3125;-362,0625;-105,40625;-184;-283,15625;-155,46875;-193,65625;-149,5625;-261,0625;-225,65625;-1,125;-141,5;-230,3125;-209,84375;-301,8125;-186,3125;-387,40625;-244,34375;-66,75;-64,15625;-43;-144,53125;-260,40625;-180,6875;-119,875;-137,875;19,28125;-296,3125;-192,78125;-183,03125;-73,6875;-171,625;-1,90625;-0,40625;-62,5625;-369,65625;-50,25;-160,5;-79,6875;106,4375;7,15625;-10,46875;-63,4375;-3,28125;-1,03125;-189,53125;-159,03125;-85,28125;-59;71,59375;-36,40625;42,71875;-253,21875;-39,0625;-79,40625;0,40625;-21,6875;-77;-293,53125;34,6875;18;58,28125;-191,84375;-46,78125;-42,78125;-152,09375;58,09375;-49,375;-69;-186;-31,9375;97,15625;-82,9375;88,03125;16,34375;138,75;91,125;13,9375;205,8125;-24,84375;7,875;91,15625;233,96875;228,75;273,34375;564,6875;615,78125;721,5;885,3125;660,1875;563,3125;595,03125;747,75;335,71875;759,65625;903,59375;1309,25;1549,90625;1854,75;1843,90625;1871,96875;1604,25;1237,28125;1048,25;904,46875;755,46875;1061,28125;697,75;1146,46875;1573,5;2249,3125;2958,46875;3740,0625;4802,875;5124,21875;5797,6875;6075,8125;6096,46875;6011,84375;5888,03125;5694,625;5671,71875;6032,46875;6404,4375;6768,28125;7613,3125;8147,21875;8860,09375;9530,15625;9610,40625;9963,46875;9982,40625;9797,78125;9417,25;9354,59375;9293,5;9294,375;8886,875;8698,6875;8277,96875;8180,65625;8101,75;8285,125;8316,875;8684,375;9221,125;9574,21875;9899,15625;10285,96875;10662,75;11010,0625;11135,4375;10877,53125;10313,90625;9603,40625;8625,71875;8055,625;7464,09375;7169,875;7180,1875;7491,59375;7771,125;8245,46875;8877,46875;9738,34375;10078,40625;10269,5625;10062,375;9874,28125;9103,28125;8253,15625;7379,03125;6566,46875;5917,90625;5380,96875;5177,84375;5182,28125;5425,6875;5852,46875;6255,625;6944,5;7367,8125;7443,46875;7416,53125;6936,09375;6303,34375;5257,34375;4254,03125;3242,34375;2528,0625;1493,21875;846,3125;719,3125;58,9375;10,75;-81,4375;-310,8125;-100,0625;98,09375;-41,84375;19;-76,40625;-186,25;-96,59375;44,15625;-33,3125;-159,875;-184;-54,875;-241,34375;5,96875;-235,59375;-44,5625;-131,21875;-218,4375;-207,28125;70,4375;-171,15625;-108,53125;17,9375;43,96875;35,65625;-274,625;-118,375;-48,375;-172,03125;-88,90625;-256,96875;50,15625;-83,34375;-104,625;-130,96875;-202,59375;-1,96875;-215,75;168,09375;164,4375;-184,03125;126;199,8125;116,03125;-13,125;34,375;70,5625;-25,1875;162,125;167,25;53,6875;-172,28125;-54,6875;65,375;151,71875;12,21875;99,6875;13,03125;131,96875;-118,84375;-59,6875;197,53125;102,5;-84,625;5,96875;245,625;158,90625;4,84375;84,59375;66,34375;-174,1875;-145,84375;-69,5;75,5625;148,96875;-83,96875;108,40625;-38,625;52,78125;178,28125;87,59375;-2,75;-54,5;-57,15625;-63,28125;-24,65625;-152,15625;-108,0625;-24,4375;10,34375;-122,40625;-186,0625;5,71875;-124,90625;108,34375;92,5;-65,3125;122,59375;0,625;-92,96875;80,5625;90,78125;21,78125;86,84375;16,90625;-109,34375;131,96875;-97,3125;-50,59375;56,375;99,8125;122,46875;13,65625;-60,40625;-174,3125;
-194,71875;-109,9375;-278,59375;-182,03125;-188,8125;-178,875;-129,40625;-185,3125;-154,59375;-162,4375;-52,8125;-2,84375;-258,125;-44,71875;-158;-184,5625;-245,9375;-117,625;-131,25;-21,375;-203,09375;-38,15625;-136,28125;-202,5625;-144;56,28125;-80,625;-20,375;-74,84375;112,21875;-132,3125;-124,125;-303,09375;1,34375;-121,03125;55,84375;-133,625;-87,1875;-25,28125;19,96875;-181,3125;-44,71875;-123,90625;-248,28125;75,5625;28,9375;-98,1875;13,625;-100,28125;-164,53125;-95,28125;-7,875;-53,84375;22,9375;-230,78125;82,84375;-78,1875;212,46875;69,75;-25,625;93,375;-17,3125;79,9375;103,34375;94,21875;55,46875;193,46875;10;188,0625;3,84375;79,15625;29,125;5,0625;93,125;86,5;81,25;-37,09375;141,25;230,0625;137,875;76,375;-26,28125;283,4375;193,125;302,8125;143,53125;253,03125;-60,5;4,09375;83,1875;-59,6875;344,59375;482,75;605,46875;669,1875;742,25;714,53125;712,71875;479,09375;634,4375;669,75;628,5;835,25;1007,375;1469,40625;1644,84375;1848,65625;1772,59375;1878,03125;1484,28125;1148,1875;1160,75;1060,46875;792,5;796,53125;805,09375;1328,125;1642,5;2114,8125;2802,40625;3650,3125;4375,90625;4851,3125;5541,0625;5775,0625;5815,5625;5831,96875;5659,46875;5677,84375;5811,65625;5965,0625;6217,28125;6871,71875;7436,5625;8136,1875;8559,34375;8957,6875;9545,78125;9561;9900,46875;9756,5;9480,84375;9370,875;9077,75;8818,8125;8647,65625;8436,25;8336,0625;8203,125;7986,375;8049,28125;8200,25;8453,75;8923,53125;9500,125;9865,75;10227,1875;10664,4375;10588,75;10743,75;10522,6875;9694,5;9271,28125;8363,875;7849,53125;7309,96875;6961,34375;7116,03125;7437,125;7854,5;8360,59375;8833,9375;9341,1875;9855,65625;10005,90625;9711,3125;9483,6875;8760,09375;8206,09375;7265,46875;6458,875;6052,125;5126,6875;5203,90625;5282,0625;5416,875;5919,59375;6176,96875;6885,65625;7282,875;7661,4375;7027,90625;6804,6875;5955,03125;5162,5625;4244,625;3260,28125;2377,28125;1632,8125;1046,15625;546,53125;186,125;-13,34375;-149,21875;2,53125;-257,96875;-85,84375;121,3125;-254,75;-25,21875;-111,03125;-173,1875;126,15625;-4,59375;-26,5625;57,1875;-161,4375;-49,625;92,8125;-60,15625;-19,1875;-29,15625;-65,125;-181,65625;65,34375;132;154,78125;207,15625;87,21875;7,90625;135,75;-163,375;24,78125;57,46875;28,1875;-3,53125;70,5;25,71875;41,375;116,9375;243,59375;-11,03125;128,25;54,8125;174,65625;236,5625;109,21875;143,625;255,21875;161,1875;278,28125;203,6875;126,9375;193,125;208,96875;286,46875;190,53125;155,84375;104,84375;218,90625;107,84375;128,59375;93,59375;33,71875;105,3125;25,1875;53,90625;-8,5625;246,9375;252,46875;252,15625;120,5;44,375;147,96875;180,96875;70,03125;-21,8125;100;64,90625;111,46875;-51,1875;51,96875;66,6875;145,6875;88,0625;153,25;169,3125;350,875;-14,15625;18,5;-3,5;2,03125;66,09375;97,34375;100,78125;164,15625;252,125;38,875;105,28125;8,5;-46,8125;79,96875;132,90625;91,375;-108,03125;41,6875;47,1875;-84,65625;33,875;88,78125;68,90625;-138,9375;31,71875;60,1875;88,4375;-19,59375;-2,96875;103,09375;-31,65625;127,875;
-227,34375;-278,71875;-263;-154,09375;-245,9375;-31,46875;-176,96875;-55,75;-99,625;-125,25;-213,0625;-136,46875;-247,71875;-162,5;-347,375;-304,5625;-329,03125;-410,5;-178,84375;-369,3125;-236,21875;-231,65625;-177,65625;-229,5625;-276,75;-272,28125;-77,25;-360,34375;-165,46875;-156,125;-175,625;-227,09375;10,53125;-176,09375;-284;7,1875;26,1875;-96,1875;-31;-219,15625;-145,71875;-199,34375;-216,0625;-310,4375;55,9375;-287,59375;-66,46875;-71,96875;-533,75;-78,59375;-29,125;-101,5;34,78125;-404,78125;-245,96875;-80,25;-111,8125;-48,21875;-155,25;63,78125;22,78125;-103,96875;149,4375;-131,40625;107,5625;-185,15625;293,625;-59,46875;112,71875;-67,75;7,625;-78,1875;28,6875;-173,21875;-274,9375;5,25;141,90625;-105,90625;-113,65625;-110,65625;11;140,5;-114,125;117,15625;-102,34375;-25,78125;-117,5;-15,6875;45,40625;21,71875;-92,875;39,875;338,40625;423,75;559,0625;628,4375;748,15625;713,875;612,375;434,15625;423,125;347,34375;706,5;948,96875;1176,5625;1344,5625;1610,875;1425,84375;1792,40625;1291,90625;1197,59375;878,53125;735,78125;460,3125;657,375;866,875;1018,3125;1490,625;2073;2650,25;3480,3125;4116,15625;4631,53125;4967,78125;5496,84375;5337,15625;5464,71875;5172,15625;5227,625;5317,25;5163,375;5837,4375;6275,65625;6793,09375;7409,21875;7882,875;8576,34375;8954,5;9138,34375;9358,34375;9157,46875;8899,03125;8800,46875;8399,5625;8423,375;8000,46875;8070,5625;7769,15625;7754,25;7950,84375;7841,75;7994,625;7921,5625;8249,15625;8955,78125;9422,65625;9715,125;10139,375;10221,9375;10136,8125;9835,875;9317,28125;8371,40625;7890,65625;7460,25;6896,625;6633,75;6711,03125;6786,15625;7194,6875;7676,53125;8140,65625;8764,5625;9226,875;9358,8125;9401,21875;8948,5625;8347,34375;7894,65625;6835,46875;6202,5;5566,65625;4793,0625;4778,96875;4814,53125;5205,71875;5531,25;5830,21875;6499,15625;6876,34375;6787,96875;6835,46875;6234,25;5884,84375;5024,75;3897,46875;2921,90625;2058,25;1387,0625;710,4375;342,96875;97;-140,125;-266;-187,78125;-199,5625;-353,84375;-46,5625;-38,375;-185,40625;-229,1875;-143,34375;-300,1875;-153,6875;-123,15625;-195,59375;-280,65625;-175,15625;-17,03125;-146,5;-273,375;-255,34375;-172,5;-122,75;-129,96875;-207,34375;-135,4375;-141,78125;-41,71875;-59,3125;-70,125;-152,375;-282,5625;-263,0625;-18,5;-15,40625;87,625;16,4375;21,21875;-140,96875;-127,03125;126,875;-54,09375;-68,9375;11,96875;-14,25;-233,3125;165,71875;-45,40625;120,25;130,59375;63,0625;213,3125;139,8125;40,0625;85,09375;0,84375;104,125;142,5;40,4375;41,3125;220,6875;25,0625;39,9375;191,25;-80,59375;-51,40625;5,625;-27,25;-96,375;-93,15625;42,5625;37,59375;-51,5625;-41,65625;-44,15625;-115,625;23,125;-18,40625;-3,15625;68,84375;199,28125;168,375;-11,28125;-4,5625;-3,53125;23,96875;119,03125;9,78125;-24,84375;-201,15625;-195,0625;59,3125;30;25,375;-191,59375;-220,21875;-120,90625;-221,09375;4;65,59375;38,4375;-107,1875;-186,875;-17,09375;-88,1875;-141,1875;-92,71875;-101,25;-314,96875;152,03125;-51,5;-121,5;-5,3125;-223,5625;-69,65625;-135,1875;-85,25;22,3125;-53,96875;
-82,46875;-201,4375;-257,34375;-137,6875;-94,28125;-323,125;-194;-348,96875;-284,25;-371,4375;-225,5625;-296,875;-346,59375;-55,65625;-277,34375;-266;-353,59375;-265,59375;-115,375;-145,75;-395,90625;-228;-275,59375;-219,3125;-170,875;-78,0625;5,28125;-147,625;-326,9375;14,25;-227,84375;-39,25;-106,25;-163,125;-58;-16,71875;-178,46875;-62,625;9,25;129,90625;-18,25;-109;-219,3125;60,125;-38,15625;11,40625;35,75;-25,40625;-249,3125;-206,0625;80,8125;-20,25;-15,90625;60,125;1,9375;-124,375;-41,125;-134,84375;-19,40625;-18,6875;-44,90625;-65,53125;199,28125;121,84375;16,25;110,65625;1,75;3,28125;18,40625;-35,78125;-66,625;110,09375;24,28125;184,0625;92,625;136,71875;230,34375;-102,25;55,125;61,96875;46,34375;-8,09375;237,0625;159,40625;121,90625;35,71875;202,40625;183,53125;-7,21875;-78,1875;252,625;37,03125;295,40625;506,46875;775,625;507,90625;937;682,375;538;209,46875;480,09375;623,53125;796,1875;876,1875;1452,46875;1541,4375;1555,5;1507,6875;1664,21875;1458,5625;1119,34375;794,96875;658,625;564,46875;737,03125;565,9375;1062,90625;1392,46875;2049,8125;2588,78125;3356,03125;3867,25;4346,25;4788,1875;5039,71875;5166,84375;5098,625;5099,0625;4796,84375;5053,28125;5173,1875;5702,875;5790,875;6666,21875;7447,34375;7789,34375;8281,65625;8712,6875;8913,03125;8896,40625;8810,84375;8690,0625;8303;8085,09375;8098,09375;7811,6875;7726,375;7510,59375;7693,46875;7473,84375;7759,0625;7735,25;7783,34375;8066,5;8552,65625;8962,15625;9454,65625;9604,59375;9792,3125;9836,03125;9467,46875;8583,375;8112,96875;7361,09375;7089,96875;6459,40625;6226,875;6479,9375;6623,3125;7133,09375;7605,96875;8242,625;8887,875;9079,8125;9167,46875;9245,09375;8652,5625;8037,375;7340,625;6513,59375;5711,5625;5116,75;4623,71875;4840,5625;4436;4840,375;5591,40625;5797,4375;6251,21875;6571,90625;6795,375;6525,3125;6364,1875;5493,09375;4677,40625;3813,28125;2894,5;2230,0625;1510,96875;656,09375;590,75;55,90625;-19,1875;-10,15625;-75,21875;-28,3125;-148,75;-207,4375;-117,625;-106,25;-61,34375;-23,5;-53,84375;13,6875;-166,5625;82,75;-60,34375;180,125;98,6875;166,53125;12,8125;-145,75;-125,4375;-358,53125;12,09375;-51,8125;141,15625;-34,875;164,09375;-33,21875;34,125;-7,78125;-58,90625;-108,5;83,8125;190,1875;307,65625;164,65625;-1,90625;-23,40625;32,5;-11,40625;69,96875;46,125;333,46875;37,6875;96,59375;34,28125;-56,71875;-28,03125;222,90625;213,5;-53,5;219,375;112,375;161,84375;175,25;121,40625;19,78125;205,8125;81,5;210;93,71875;-14,78125;95,4375;-95,6875;173;-58,3125;56,8125;92,125;147,9375;-36,34375;-133,53125;175,5;70;84;126,4375;-11,78125;173,125;116,15625;250,9375;45,25;-254,75;76,90625;111,03125;52,53125;-85,375;-345,125;-114,46875;19,375;70,09375;-39,5625;68,71875;73,0625;108,71875;27,53125;-31,8125;22,0625;122,6875;132,15625;265,21875;59,34375;-71,6875;21,625;68,21875;-39,875;-119,09375;-177,40625;4,09375;-26,34375;-145,625;-112,78125;52,75;0,25;97,96875;-195,125;222,75;185,9375;238,9375;32,9375;
-409,78125;-499,375;-260,96875;-411,5;-470,71875;-269,4375;-115,375;-349,65625;-130,25;-359,71875;-144,75;-148,125;-1,71875;-327,25;-168,03125;-231,09375;-180,3125;-222,0625;-398,96875;-137,28125;-349,5625;-195,90625;-421,96875;-158,6875;-422,96875;-339,5625;-277,9375;-234,40625;-274,4375;-163,25;-48,03125;-334,25;-347,4375;-442,84375;-222,28125;-312,375;-225,78125;-196,1875;-267,21875;-289,0625;-59,5;-146,90625;199,28125;-342,03125;-122,53125;-236,40625;-240,59375;36,75;-237,53125;-257,5625;-402,09375;-331,65625;-138,65625;22,84375;123,5;10,40625;222,84375;-5,8125;21,78125;66,03125;-76,21875;-23,78125;-136,6875;-36,59375;-217,15625;-217,75;111,53125;-74,21875;-57,59375;41,53125;133,125;-47,375;-67,3125;-117,1875;96,8125;-3,15625;-177,8125;70,5;3,5;176,84375;-192;33,6875;-30,8125;-93,1875;134,71875;116,4375;-115,0625;40,5625;104,8125;-67,15625;-4,8125;-131,875;128,34375;336,125;507;727,15625;780;443,90625;456,84375;286,96875;283,15625;528,375;643,78125;852,1875;1137,46875;1373,5;1412,03125;1416,5625;1255,375;1182,40625;842,96875;751,71875;572,1875;415,9375;591,15625;597,625;734,3125;1350,34375;1604,15625;2255,75;3049,59375;3710,59375;4058,40625;4464,4375;4581,46875;4587,375;4771,4375;4355,46875;4439,375;4337,40625;4748,1875;5026;5608,875;6220,8125;6640;7043,875;7684,09375;7772,6875;8447,78125;8449,4375;8055,125;8026,46875;7927,15625;7548;7792,46875;7293,5625;7172,875;7206,875;7070,6875;6741,21875;6988,3125;7030,78125;7443,1875;7736,34375;8013,8125;8464,8125;8812,875;8971,8125;8929,0625;8890,96875;9006,5;8303,96875;7740,25;7030,71875;6568,53125;6164,1875;5796;6048,625;6187,3125;6685,78125;7210,78125;7808,46875;8245,125;8645,03125;8634,375;8583,59375;8063,40625;7738,53125;6714,96875;6060,28125;5256,59375;5122,6875;4519,65625;4229,125;4241,96875;4516,53125;4945,875;5551,46875;5875,625;6157,78125;6327,0625;6164,40625;5788,15625;5142,875;4208,59375;3617,65625;2653,15625;1936,96875;1186,375;863,09375;225,96875;-6,5;-248,65625;-168,0625;-180,53125;-241,03125;-149,9375;-169,0625;-128,71875;-327,78125;-126,25;-138,53125;-132,59375;48,15625;-87,8125;-180,84375;-120,40625;-284,875;-242,59375;-164,46875;-285,09375;-32,84375;-262,96875;-172,59375;-1,53125;-346,1875;-273;-70,375;1,46875;-51,90625;-127,9375;-5,125;-36,96875;-72,40625;-186,90625;-178,09375;-41,125;142,5625;33,09375;-0,0625;158,25;5,4375;148,5625;182,28125;-11,5;-36,6875;58,34375;270,65625;39,40625;-26,15625;55,21875;100,3125;-13,6875;76,03125;-139,375;-253,5625;73,25;56,03125;-57,1875;-86,34375;58,375;-51,28125;158,09375;2;90,875;-112,59375;-147,09375;-74,53125;-10,96875;71,0625;-207,5;-40,15625;11,71875;-42,25;-164,46875;-30,71875;-61,21875;-224,90625;44,21875;-67,53125;89,125;-48,8125;35,03125;-141,40625;-17,59375;-75,5625;92,6875;-248,4375;-304,90625;-148,875;-98,9375;-15,375;-110,15625;-201,15625;-135,40625;32,96875;-98,1875;75,15625;-246,1875;32,96875;-97,9375;-55,875;-333,3125;-65,375;-123,25;-269,46875;-132,6875;-69,3125;-263,84375;-83,59375;-235,3125;-177,09375;-15,4375;-81,625;-245,0625;-150,59375;9,9375;-51,5625;-260,5625;-83,4375;
-79,53125;-343,75;-86,75;-158,59375;-240,1875;-281,4375;-184,1875;-15,0625;-50,625;-183,3125;-308,96875;-69,46875;-202,40625;-149,125;-260,6875;-259,71875;-79,40625;-74,3125;-289,6875;24,03125;62,5;-209,40625;-118,4375;-194,34375;-181,78125;-5,46875;-26,34375;-58,25;-89,53125;-20,1875;-28,125;-23,90625;-88,8125;-295,84375;-56,15625;-157,40625;-147,40625;-6,28125;-32,21875;17,75;-71,4375;-16,15625;2,15625;29,21875;-45,53125;-34,1875;105,25;-84,5;-41;176,21875;107,875;156,4375;106,875;246,65625;-22,75;48,3125;-241,1875;102,9375;115,78125;119,5625;31,53125;34,3125;95,5625;158,25;40,875;279,65625;154,9375;-60,78125;0,3125;56,8125;222,65625;-91,59375;134,84375;124,125;-24,25;164;257,125;-0,96875;265,21875;-177,71875;299,46875;48,0625;122,1875;423,78125;-1,96875;352,875;81,1875;88,1875;39,6875;118,65625;-24,34375;222,90625;334,40625;463,53125;649,09375;623,65625;828,84375;786,15625;615,375;543,4375;370,375;471,28125;660,375;1009,65625;1316,3125;1482,03125;1701,46875;1565,65625;1443,6875;1141,25;1008,40625;643,375;601,28125;606,03125;473,96875;486,90625;890,25;1147,34375;1608,875;2324,84375;2914,53125;3575,78125;3963,625;4179,125;4425,5;4535,125;4420,09375;4237,03125;4363,5625;4332,21875;4279,25;4777,03125;5342,21875;5790,03125;6518,25;7195,21875;7662,8125;7947,375;8073,75;7735,46875;8029,34375;7632,21875;7534,6875;7297,5625;7474,6875;7053,34375;6821,5;6675,0625;6793,15625;6917,84375;6828,65625;6894,78125;7273,15625;7287,25;7701,9375;8116,78125;8274,59375;8420,84375;8805,46875;8480,09375;8489,5625;7881,375;7548,25;6820,625;6555,59375;5822,65625;5813,21875;5825,21875;6200,4375;6550,25;7075,4375;7172,25;7970,8125;8282;8412,03125;8153,59375;7688,8125;7284,09375;6483,09375;5960,84375;5264,0625;4740,71875;4315,53125;4153,28125;4173,59375;4478,8125;4841,28125;5187,875;5708,5;5775,4375;5911,9375;5889,8125;5580,71875;4977,375;4332,5625;3502,1875;2608,21875;1892,59375;1420,28125;769,90625;409,1875;58,59375;13,1875;-33,75;-219,5625;-75,1875;-253,34375;-8,09375;33,9375;-53,71875;-162,75;341,0625;-200,46875;-23,96875;-8,34375;-7,09375;-177,0625;-155,8125;-141,75;-103,75;-48,03125;198,4375;109,96875;41,0625;171,125;254,15625;67,75;165,5;36,90625;-145,5;47,59375;-131;207,8125;169,78125;-22,21875;-72,5625;55,75;-6,25;210,4375;173,375;34,375;36,4375;206,4375;198,40625;106,5;114,03125;-112,53125;98;108,1875;-55,375;47,0625;39,125;320,25;66,59375;80,21875;155,40625;245,875;177,90625;121,625;73,1875;212,4375;-52,3125;-75,65625;79,78125;271,4375;106,34375;-83,46875;214,5625;90,96875;222,65625;247,4375;88,53125;70,0625;87,28125;-44,40625;110,71875;323,59375;130,625;-46,28125;76,8125;125,6875;46,03125;236,84375;-160,96875;210,78125;157,40625;-74,40625;-1,71875;46,34375;5,375;-36,71875;-132,84375;-74,875;84,65625;194,5625;124,09375;120,03125;163,40625;126,0625;46,1875;-54,625;112,09375;27,34375;1,875;-29,34375;212,15625;-251,46875;151,28125;-160,1875;-38,21875;59,46875;12,125;16,625;-167,90625;-8,21875;-64,5625;-93,53125;116,6875;79,34375;81,78125;
-251,90625;-425,8125;-234,71875;-346,625;-302,40625;-360,75;-479,5625;-408,46875;-406,625;-372,15625;-341,75;-377,46875;-336,5625;-440,4375;-228,65625;-504;-401,65625;-289,09375;-314,9375;-256,75;-467,28125;-147,28125;-409,4375;-442,1875;-499,125;-445,84375;-489,25;-307,71875;-221,28125;-514,71875;-280,90625;-487,25;-356,625;-380,84375;-111,9375;-197,875;-431,40625;-142,53125;-26,59375;-199,25;-393,71875;-201,4375;-353,5625;-408,5625;-214,6875;-114,46875;-233,5625;-266,46875;-125,46875;-253,40625;-171,5;-126,375;-95,4375;-100,34375;-321;-307,0625;-9,34375;-85,09375;-168,78125;-197,03125;-138,84375;64,25;-169,40625;-253,5;-140,71875;-202;-207,9375;-2,75;-197,6875;-11,71875;-191,3125;-104,75;-25,8125;-12,03125;-146,6875;-104,59375;-282,71875;-89,53125;-22;-37,125;26,75;-279,40625;-331,34375;-126,46875;-44,0625;104,90625;-60,375;-304,40625;-238,28125;-243,71875;-118,65625;133,5;132,09375;78,78125;435,375;460,90625;650;578,03125;417,28125;242,3125;315,75;281,78125;634,21875;581,25;1094,28125;1197,03125;1196,03125;1336,25;1095,59375;1223,71875;536,21875;457,75;501,6875;269,15625;175,53125;233,21875;647,71875;921,78125;1456,75;2127,84375;2743,40625;3266,03125;3684,21875;3772,15625;3858,3125;3911,03125;3643,84375;3669,4375;3811,4375;3844,6875;3934,96875;4391,46875;4754,5;5305,5625;5970,28125;6635,78125;6864,5625;7482,15625;7523,40625;7423,78125;7450,875;7319,375;6980,75;6659,5625;6422,3125;6316,75;6153,53125;5983,3125;6017,5625;6172,15625;6181,78125;6503,90625;6738,375;6753,03125;7114,28125;7259,125;7759,21875;7934,25;8009,25;7864,40625;7830,71875;7181,0625;6639,78125;6449,875;5732,09375;5407,84375;5521,125;5543,15625;5595,1875;5921,3125;6382,4375;6918,46875;7367,09375;7548,875;7657,96875;7557,75;7261,5;6798;5962,3125;5463,90625;4702,46875;4151;4088,28125;3694,96875;3530,53125;3917,75;4270,0625;4718,625;4949,71875;5287,875;5435,8125;5554;5075,9375;4514,78125;3881,5625;2831,21875;2258,75;1557,9375;783,15625;495,03125;242,53125;-179,6875;-117,75;-304,28125;-235,25;-306,03125;-307,09375;-292,03125;-393,65625;-134,59375;-186,84375;-189,5625;-138;-347,125;-170,03125;-344,71875;-120,375;-59,59375;-360,3125;-32,6875;-247,96875;-214,1875;-57,4375;-148,8125;-222,53125;-316,84375;-91,15625;-311,75;1,21875;-375,25;-274,625;-101,78125;-121,09375;-193,71875;-120,46875;-324,28125;-124,34375;-105,46875;-134,71875;54,34375;-152,78125;-277,84375;-132,71875;33,15625;-214,125;39,6875;-140,875;-31,90625;-105,03125;-83;-83,4375;70,59375;-108,71875;-136,34375;93,3125;-229,71875;-9,59375;-185,15625;-11,21875;-141,09375;-113,03125;2,25;-206,65625;40,375;-36,1875;-238,5625;-119,84375;-60,4375;-88,71875;-57,3125;94,3125;-92,78125;-177,0625;-109,03125;130,84375;-70,9375;-22,40625;-275,4375;72,71875;-199,09375;-20,21875;-169,40625;-22,125;-58;-168,09375;-203,8125;-171,96875;30,15625;-159,53125;-247,6875;-219,09375;-206,65625;-96,75;-27,46875;-284,71875;-89,5625;-186,90625;-173,21875;-79,8125;-198,875;-48,375;-80,625;-219,25;-10,5625;-307,40625;-379,09375;-166,5;-164,59375;138,53125;39,15625;-300,96875;-210,53125;-282,28125;-148,875;-135,125;-309,625;-353,40625;57,9375;-113,6875;-210,15625;
-61,5;-42,0625;-302,25;16,46875;-133,78125;-114,90625;-161,21875;-115,78125;-192,71875;-140,46875;-269,21875;-71,78125;-84,5625;-63,09375;-240,125;-173,84375;-160,5625;-338,0625;-166,96875;-126,625;-174,3125;-226,625;-92,59375;-197,0625;-100;-221,09375;-175,8125;39,625;-143,15625;-56,375;-117,96875;-17,125;-46,84375;-9,34375;-100,40625;-345,59375;-103,15625;-107;-60,59375;114,75;36,53125;24,75;18,9375;56,75;29,0625;-12,84375;-41,9375;51,15625;138,34375;-63,53125;-64,96875;114,3125;173,25;178,3125;125,46875;-61,75;87,8125;-38,71875;-137,28125;28,90625;47,625;9,1875;179,78125;111,5625;319,8125;171,21875;32;-114,34375;250,71875;-121;41,625;211,15625;78,34375;159,34375;0,8125;198,8125;24,21875;28,34375;153,84375;290,75;102,0625;22,3125;74,4375;-126,1875;62,59375;139,15625;245,4375;233,6875;74,125;308,6875;226,75;146,03125;451,90625;330,03125;754,9375;643,1875;635,1875;770,65625;533,9375;546,9375;555,6875;640,4375;680,3125;907,46875;1191,375;1395,28125;1351,21875;1434,78125;1219,21875;922,84375;1035,4375;450,625;464,5625;526,0625;630,6875;496,25;767,28125;1204,71875;1679,0625;2347,40625;2788,46875;3321,3125;3786,34375;4030,21875;4081,78125;3969,15625;3830;3904,375;4017,09375;4023,1875;4120,9375;4450,53125;4914,90625;5508,875;5751,3125;6463,9375;6936,71875;7253,8125;7355,1875;7532,0625;7254;7084,875;6594,78125;6464,03125;6387,96875;6156,84375;6055,90625;5828,5;5716,28125;5854;5912,53125;6053,40625;6464,875;6735,90625;6968,125;7307,71875;7430,21875;7733,21875;8008,46875;7764;7318,40625;7105,65625;6466,25;6175,375;5678,3125;5411,5625;5333,34375;5320,8125;5618,84375;5794,9375;6178,3125;7025,0625;7197,03125;7419,90625;7459;7388,125;6907,375;6627,5625;5828,59375;5253,625;4731,03125;4019,96875;3528,0625;3693,875;3769,09375;3872,5625;4357,96875;4714,1875;5207,78125;5272,375;5371,71875;5562,375;5007,625;4405,09375;3593,09375;2936,71875;2626,78125;1695,90625;1102,625;427,25;80,75;368,9375;152,125;48,5625;-21,90625;246,21875;-106,46875;15,125;269,84375;253,3125;-124,875;100,875;-159,53125;-39,40625;-195,46875;131,875;-8,03125;-72,9375;55,9375;247,40625;99,625;41,90625;3,03125;67,3125;100,34375;15,6875;28,59375;101,5625;-5,875;-36,46875;41,34375;107,71875;-93,84375;203,1875;118,8125;95,78125;74,8125;-193,4375;174,0625;-22,09375;30,53125;-30,96875;7;51,25;168,6875;133,59375;25,3125;21,6875;285,1875;211,625;253,4375;94,78125;297,625;20,90625;341,03125;215,4375;155,875;238,4375;137,46875;-44,21875;147,8125;78,34375;17,59375;75,59375;82,25;100,75;51;306,21875;77,6875;64,09375;94,8125;271,125;15,78125;160,25;61,1875;-31,875;220,90625;34,25;321,03125;281,0625;208,59375;34,375;176,65625;-104,53125;75,03125;82,59375;79,1875;227,375;180,65625;-17,09375;57,28125;316,625;90,78125;15,5625;53,3125;58,5;206,8125;78,875;101,59375;2,78125;-76,90625;45,40625;174,28125;-22,53125;-11,8125;190,71875;240,75;49,4375;14,84375;-48,875;-87,46875;308,03125;71,84375;24,65625;-85,4375;121,0625;51,75;94,6875;8,9375;18,9375;
-65,125;-22,65625;-107,21875;-68,5;-146,5625;-201,25;8,84375;-148;-116,59375;-112;-169,40625;-359,21875;16,59375;-4,8125;-53,90625;-351,59375;-53,78125;-103,84375;-142,84375;-244,5625;-263,15625;-73,1875;-119;-126,78125;-68,75;-125,5625;-109,625;-47,53125;-151,09375;-255,59375;-279,3125;102,875;-42,5625;-75,59375;-15,1875;-308,09375;-125,1875;-291,5625;170,15625;-202,78125;-107,8125;96,59375;47,59375;6,75;14,5;-70,75;60,96875;-10,125;-7,8125;-174,15625;-155,59375;88;128,875;284,75;-32,59375;22,59375;70,4375;194,03125;138,9375;151,46875;149,1875;80,71875;235,25;163,28125;115,96875;18,5625;215,28125;152,90625;7,84375;127,8125;86,09375;53,9375;181,875;-0,0625;140,1875;-60,5;214,84375;119,09375;-70,1875;11,40625;257,5625;387,6875;150;163,375;163,34375;196,59375;63,59375;-49,25;281,96875;-33,5;139,6875;378,75;380,5;674,78125;663,3125;648,15625;504,5;638,9375;359,96875;670,90625;427,84375;644;664,34375;1018,09375;1003,125;1336,875;1274,90625;1388,125;1474,625;1101,21875;1117,875;682,78125;395,65625;367,71875;679,71875;545,0625;688,1875;1064,5625;1577,3125;2159,625;2841,84375;3154,5625;3605,5625;3878,8125;4166,125;3861,90625;3803,03125;3810,53125;4002,6875;3692,3125;3942,71875;4285,84375;4599,1875;5203,84375;5575,5;6052,6875;6802,03125;7105,15625;7165,84375;7123,3125;7043,78125;6486,96875;6463,59375;6417,875;6062,65625;5819,4375;5811,84375;5563,75;5559,1875;5699,09375;5948,125;6088,25;6353,875;6459,03125;6590,96875;7076,375;7223,71875;7192,21875;7398,4375;7417,34375;7412,5625;6721,28125;6184,78125;5795,0625;5319,03125;5150,25;4981,6875;5060,1875;5200,625;5516,125;6045,78125;6456,53125;6735,3125;6959,59375;6997,28125;6913,75;6734,3125;6107,0625;5601,40625;4807,75;4424,0625;3949,21875;3699,8125;3458,53125;3584,28125;3623,65625;4121,28125;4526,6875;4917,3125;5060,96875;5171,03125;5029,78125;4598,53125;4162,09375;3531,125;3070,0625;2311,84375;1546,6875;928,4375;406,84375;332,125;211,25;186,03125;-117;14,34375;-123,875;-111,25;-20,875;113,21875;164,34375;-35,1875;209,90625;101,0625;-146,90625;203,875;103,125;-85,78125;62,1875;90,5;10,34375;-65,75;-211,21875;160,625;-34,96875;-78,21875;58,375;138,625;-57,71875;20,09375;219,65625;77,3125;90,875;18,5;-150,9375;51,9375;-200,34375;-123,15625;257,96875;66,96875;152,15625;-126,3125;128,28125;89,3125;-11,5;125,3125;-126,28125;206,78125;-6,65625;279,03125;256,84375;85,1875;400,25;215,09375;110,84375;54,5625;119,09375;177,75;217,75;48,28125;110,03125;151,75;183,1875;23,5625;85,9375;338,21875;-117,71875;400,125;277,09375;225,8125;278,96875;235,15625;292,375;76,15625;47,21875;68,5625;106,96875;55,21875;164,1875;349,15625;69,5;-9,9375;186,8125;222,59375;-74,75;38,1875;-22,375;139,125;-32,28125;255,46875;68,40625;-49,6875;11,875;215,65625;-214,625;58,71875;-79,78125;2,5;46,15625;-150,28125;184,21875;54,5625;217,09375;132,71875;-95,25;-19,3125;251,25;277,4375;110,46875;-34,75;166,4375;181,8125;230,9375;155,3125;-120,21875;114,75;125,5625;179,84375;28,46875;-173,96875;71,75;
-243,25;-321,375;-366,40625;-155,71875;-224,46875;-276,8125;-254;-233,34375;-265,46875;-313,71875;-421,84375;-144,46875;-508,40625;-487,3125;-353,25;-295,3125;-261,9375;-164,375;-260,75;-344,78125;-479,75;-304,40625;-95,25;-292,6875;-409,125;-382,75;-217,9375;-288,84375;-360,65625;-379,75;-251,8125;-189,90625;-280,09375;-177,53125;-33,03125;-321,0625;-297,03125;-374,75;-149,15625;-108,71875;-310,90625;-50,46875;-182,1875;-180,1875;-54,8125;-35,3125;-181,96875;-19,3125;-375,96875;-458,15625;-182,3125;48;-227,375;-125;-121,21875;-88,09375;10,84375;-144,28125;-148,25;-55,46875;-117,59375;-84,75;-342,8125;-132,96875;-77,25;2,0625;-2,5625;45,46875;-244,65625;73,15625;-122,34375;-33,90625;34,125;-169,09375;111,21875;-47,4375;-197,125;-49,875;-37,5625;-153,96875;91,21875;0,6875;186,34375;45,5;-85,53125;-16,8125;21,875;-178,59375;-90,40625;-134;-28,09375;-108,875;295,21875;183,21875;329,96875;489,65625;521,3125;431,09375;437,625;183,96875;201,6875;363,90625;503,125;880,21875;994,71875;1054,03125;1098,21875;1153,6875;1162,53125;1031,71875;692,65625;594,1875;340,5625;366,875;35,25;390;607,875;867,34375;1484,125;1946,9375;2583,40625;3210,6875;3547,53125;3773,28125;3982,90625;3823,09375;3743,5;3444,25;3603,59375;3491,71875;3889,0625;4085,15625;4440,8125;5081,25;5238,25;5997,125;6297,53125;6596,34375;6683,03125;6701,71875;6518,59375;6194,53125;6219,5;5972,96875;5757,71875;5259,96875;5213,3125;5169,125;5253,5625;5270,71875;5560,40625;5721,71875;5932,28125;6471,09375;6304,46875;6798,78125;6865,8125;6958,84375;6801,25;7019,5625;6661,96875;6374,59375;5728,375;5270,03125;4751,0625;4680,28125;4639,65625;4500,3125;4953,25;5061,9375;5630,71875;5890,1875;6433,375;6552,78125;6532,28125;6581,75;6224,75;5768,21875;5149,34375;4574,875;3952,0625;3461,0625;3106,6875;3108,84375;3380,03125;3525,1875;3809,375;3875;4564,15625;4870,84375;5003,5625;4771,1875;4337,21875;3937,15625;3108,5625;2472,84375;2026,03125;1228,8125;722,1875;346,375;270,28125;-33,375;-92,5;-98,875;-276,5625;-218,34375;-203;-34,5625;82,4375;-119,125;-23,65625;-62,375;-160,53125;-161,8125;-339,53125;-74;-227;-39,9375;58,21875;-126,90625;-114,875;-87,375;-86,875;-60,71875;-162,46875;-121,59375;-80,59375;-126,65625;-118,9375;-107,25;-265,34375;-50;-132,34375;133,46875;-60,03125;-203,96875;-17;-108,21875;-79,65625;39,5625;-116,8125;-62,6875;-136,8125;-127,46875;37,34375;18;-66,40625;-18,3125;-113,875;-20,4375;209,1875;176,0625;-40,90625;25,8125;-53,03125;-32,03125;-80,4375;-37,3125;49,90625;125,9375;265,03125;136,84375;66,71875;-166,375;31,5;-64,03125;-122,375;163,71875;69,21875;66,40625;-57,09375;10,78125;53,71875;40,59375;-125,78125;30,96875;-115,6875;-40;-220,46875;-50,375;-23,75;-40,625;48,78125;74,21875;108,5;-109,09375;-146,8125;-185;-107,25;-96,09375;-12,375;76,6875;-18,78125;-8,5;-66,25;-22,65625;-77,15625;75,96875;-42,21875;-11,9375;-94,71875;7,75;-97,75;-191,53125;-108,84375;-152,65625;12,46875;-14,40625;-93,46875;-36,75;144,71875;-49,53125;-217,09375;-93,40625;-171,03125;-134,03125;-166,9375;-287,0625;90,15625;-90,1875;
-130,28125;-212,21875;-289,28125;-155,375;-328;-171,34375;-86,40625;-114,25;-69,34375;-466,6875;42,375;-252,9375;-304,09375;-398,625;-289,625;-182,125;-296,5;-133,625;-353,65625;-199,1875;-90,03125;-165,1875;-157,71875;-201,3125;-246,34375;-189,59375;-146,25;7,53125;-209,4375;-253,40625;-124,5;-199,84375;-94,15625;-136,4375;-76,34375;117,4375;-189,3125;30,8125;-143,71875;81,78125;23,40625;-130,625;-129,15625;7,03125;-259,03125;-74,1875;-202,71875;-176,625;-4,4375;10,25;-104,09375;35,5;-79,875;134,46875;46,71875;67,4375;160,84375;-94,03125;-60,71875;3,625;110,375;104,0625;143,1875;86,625;84,59375;-177,375;52,46875;320,46875;-97;21,5625;73,9375;275,78125;23,59375;180,90625;121,53125;38,875;200,375;108,25;42,96875;19,5;134,03125;76,59375;255,78125;231,46875;8,96875;-113,9375;142,9375;48,625;141,90625;69,59375;32,375;59,6875;443,9375;277,0625;629;610,03125;621,65625;572,21875;389;422,28125;291,03125;538,28125;633,65625;656,375;1240,8125;1297,8125;1497,5625;1398,65625;1351,875;1023,1875;757,78125;947,71875;590,59375;577,53125;465,03125;407,625;790,46875;1162,75;1573,1875;2094,46875;2497,125;3337,09375;3876,59375;3912,28125;3969,0625;3918,21875;3789,0625;3605,0625;3609,75;3587,65625;3734,25;4075,28125;4630,875;5017,375;5416,53125;5905,3125;6477,90625;6288,84375;6647,15625;6544,71875;6519,625;6295,75;5886,5;5693,9375;5443,4375;5287,21875;5258,09375;5229,625;5073,40625;5286,3125;5355,96875;5628,65625;5867,84375;6077,625;6444;6562,5;6559,5625;6898,4375;6809,40625;6693,59375;6468,03125;6095,125;5752,90625;5100,78125;4857,5625;4520;4465,21875;4621,40625;4738,78125;5059,34375;5439,46875;5774,3125;6202,15625;6312,40625;6327,8125;6336,5;6043,4375;5452,65625;5138,90625;4268,3125;3719,40625;3469,59375;3173,34375;3155,875;3220,0625;3494,6875;3753,375;4095,90625;4572,59375;4604,4375;4430,25;4385,0625;4123,6875;3784,375;3246,75;2390,125;1947,3125;1289,3125;870,625;451,28125;298,375;170,28125;-39,125;-128,625;-47,09375;-165;87,15625;-102,5625;158,5;185,40625;-227,15625;60,3125;-73,6875;28,03125;102,96875;-151,53125;-87,65625;106,0625;164,125;61,53125;74,875;-77,6875;-51,375;60,125;-37,625;73,03125;-73,46875;100,46875;-13,59375;-25,03125;-33,5625;271,375;28,71875;35,5625;-73,875;39,59375;-104,34375;182,09375;97,34375;117,84375;153,53125;26,1875;73,53125;16,0625;37,875;19,46875;-90,53125;82,34375;359,15625;105,96875;256,0625;233,5;120,75;130,0625;311,09375;290,40625;149,0625;144,5;-22,03125;109,90625;179,34375;112,15625;135,3125;72,46875;181,4375;145,78125;267,875;52,25;396,875;121,09375;270,5;-39,40625;63,09375;37,375;54,625;-112,5625;67,4375;155,78125;-73,40625;75,84375;121,9375;47,3125;87,03125;57,96875;9,90625;143,59375;216,21875;192,15625;-32,75;136;102,5;210,125;214,84375;151,9375;-2,3125;-10,5625;-42,625;76,40625;26,8125;261,78125;186,21875;-27,25;263,5;113;116,21875;215,59375;-2,8125;25,90625;-94,40625;-46,8125;-0,96875;83,71875;56,8125;2,1875;10,65625;-27,59375;-26,375;103,03125;-2,0625;-106,5;
18,0625;-293,96875;-227,5625;-278,8125;-184,59375;-218,75;-198,6875;-375,625;-334,71875;-424,4375;-183,75;-175,46875;-125,09375;-77,625;-180,21875;-168,375;25,40625;-144,03125;-127,65625;-87,0625;-452,8125;-204,0625;-283,6875;-352,71875;-294,71875;-199,03125;-260,71875;-382,28125;-212,65625;-281,09375;18,46875;-93,90625;-187,375;-78,09375;-118,78125;-213,34375;-271,09375;-115,4375;-61,78125;-105;-104,0625;-59,03125;-105,71875;4,5625;-10,8125;-21,5;-6,1875;-55,625;-149,9375;-38,71875;-191,96875;-17,5625;-35,65625;170,78125;94,125;-292,65625;-32,21875;142,78125;84,5;86,21875;210,4375;113,3125;-117,9375;-0,40625;54,875;191,5625;-211,25;-10,34375;32,84375;-36,875;12,25;-80,125;119,6875;11,59375;201,21875;17,21875;43,25;-209,28125;199,65625;199,25;-29,4375;160,15625;-136,28125;-29,5625;202,1875;252,53125;68,375;-78,90625;-172,46875;10,4375;-42,6875;76,8125;293,125;225,78125;371,90625;629,34375;461,59375;612,15625;501,53125;205,125;382,5;593,71875;710,625;609,25;1200,75;1296,09375;1229,6875;1155,96875;1098,46875;1041,03125;775,53125;317,625;188,9375;302,59375;542,09375;556,15625;640,3125;1048,28125;1581,0625;2055,3125;2829,28125;3351,1875;3560,65625;3866;3880,65625;3734,96875;3632,78125;3640,5625;3637,1875;3488,84375;3927,28125;4160,0625;4602,71875;4945,03125;5402,5625;5684,375;6054,59375;6198,5625;6377,15625;6547,15625;6098,5625;6016,15625;5754,71875;5657,40625;5202,5625;5149,40625;5066,875;4971,21875;4922,21875;5234,125;5386,625;5310,0625;5765,3125;5953,28125;6170,96875;6296,875;6470,375;6643,65625;6528,6875;6398,1875;6170,71875;5857,125;5510,75;5097,15625;4535,78125;4490,5;4358,0625;4469,1875;4656,0625;5036,03125;5310,625;5627,9375;5930,0625;5882,5;6113,09375;6016,84375;5874,78125;5279,78125;4696,3125;4067,78125;3683,65625;3152,03125;3021,84375;2986,65625;2993,59375;3361,34375;3679,21875;4051,09375;4379,75;4531,53125;4285,0625;4570,21875;4196,8125;3533,59375;2900,21875;2351,09375;1690,5;1293,75;887,6875;347,6875;283,46875;192,78125;9,8125;-129,59375;-90,03125;-105,9375;91,4375;-116,6875;-122,9375;89,84375;145,90625;87,28125;-13,25;63,375;97,0625;-63,3125;-176,90625;3,5625;-103,34375;-100,28125;-150,3125;78,40625;-32,84375;77,6875;-50,875;61,5625;-60,4375;3,78125;49,1875;28,4375;-112,625;-32,96875;77,5625;140,15625;72,78125;-92,28125;61,125;-6,25;-91;3,71875;19,34375;43,28125;256,78125;145;44,0625;-198;240,59375;-74,5;176,5;-15,9375;121,3125;252;182;3,09375;110,5;16,40625;198,15625;30,28125;-34,46875;30,59375;203,90625;110,09375;26,15625;46,40625;138,375;-19,875;83,40625;33,28125;-88,25;55,28125;309,25;142,59375;66,65625;-0,90625;148,3125;-72,8125;274,1875;132,25;-51,40625;27,96875;23,375;141,1875;214,4375;-68,40625;8,8125;135,96875;-9,0625;-89,78125;52,375;-147,3125;13,78125;-174,59375;157,5;343,8125;-56,0625;225,625;80,75;266,25;169,65625;-55,1875;-111,09375;43,1875;146,78125;-15,46875;56,75;135,1875;263,53125;-29,78125;257,4375;-136,15625;193,8125;45,03125;61,40625;193,375;-36,9375;-84,25;73,3125;-15,1875;-44,1875;-71,3125;
-118,03125;-204,90625;42;-475,875;-104,09375;-306,40625;-225,625;-243,46875;-185,375;-183,53125;-387,28125;-246,9375;-427,90625;-82,125;-212,8125;-239,09375;-324,78125;-486,1875;-174,9375;-359,21875;-112,875;-326,375;-350,09375;-284;-166,40625;-137,40625;-223,78125;-273,6875;-162,3125;-177,5;-292,8125;30,59375;-138,21875;-86,90625;-201,59375;-111,1875;-124,8125;-214,6875;-114,15625;-34,875;-170,65625;-61,75;-48,625;-307,3125;107,9375;-77,25;-135,34375;-191,625;-57,09375;-33,9375;-76,8125;-86,03125;-143,6875;47,3125;54,59375;39,84375;133,5;-23,59375;-65,21875;153,375;-41,78125;-90,03125;11,0625;-16,84375;101,1875;182,78125;-84,28125;-296,84375;-47,75;21,15625;-133,09375;-19,125;-74,875;105,5;-182,34375;40,25;2,1875;-70,46875;-16;40,40625;290,625;40,875;306,3125;-20,53125;153,0625;16,1875;60,15625;-0,1875;195,09375;139,125;-17,96875;84,65625;233,28125;352,46875;568,96875;571,90625;423,3125;448;184,65625;326,84375;245,0625;587,40625;768,0625;743,75;1128,3125;1110,75;1474,90625;1237,40625;1251,90625;867,40625;796,6875;569,875;521,8125;408,78125;295,59375;628,0625;851,46875;1295,34375;1369;2116,8125;2578,59375;3244,28125;3500,65625;3735,28125;3933,125;3596,875;3723,4375;3609,96875;3492,4375;3337,40625;3552,375;3749,125;4399,0625;4678,28125;5201,4375;5676,15625;5978,53125;6321,125;6430,15625;6384,0625;6347,4375;5952,28125;5544,25;5306,65625;5178,03125;4810,15625;4939,375;4836,4375;4593,3125;4853,78125;5032,09375;5436,65625;5510,34375;5845,34375;6168,46875;6187;6147,5625;6590,40625;6330,15625;6298,375;5962,5625;5460,28125;5305;4958,5;4528,875;4237,3125;4483,84375;4283,71875;4573,375;4742;5293,1875;5688,78125;5518,03125;5781,03125;5937,25;5623,0625;5485,5625;4877,5;4424,625;3862,21875;3725,5625;3452,78125;3037,5625;2792,4375;3095,625;3065,53125;3717,03125;4111,5625;4124,25;4364,40625;4270,46875;4279,3125;3739,28125;3349,375;2885,09375;2032,59375;1868,90625;1096,21875;670,0625;410,40625;190;91,96875;211,75;-173,40625;-160,34375;-79,03125;-97,5625;28,59375;-126,5;93,15625;40,3125;82,90625;118,75;-168,21875;-290,96875;-83,28125;34,625;-11,8125;-130,3125;21,5625;-70,65625;-80,875;167,0625;-151,21875;-164,53125;110,78125;135,15625;-52,34375;-98,75;102,78125;63,5625;-62,9375;-282,9375;-90,34375;99,90625;-0,125;-60,15625;-4,1875;5,71875;9,75;-237,03125;17,1875;15,75;-9,59375;320,875;-1,4375;181,5;211,5625;128,03125;229,46875;224;203,125;125,4375;76,25;54,46875;161,25;217,25;-116,8125;174,9375;131,8125;26,71875;7,875;-133,625;3,0625;286,0625;190,1875;87,65625;23,71875;348;320,9375;-8,84375;102;-66,46875;29,34375;-48,03125;-47,0625;138,71875;5;44,1875;19,25;117,46875;-117,84375;-18,65625;55,6875;141,5;52,3125;117,96875;48,53125;31,03125;-132,65625;224,28125;270,75;110,28125;-25,40625;52,75;93,34375;126,3125;3,375;246,5;120,96875;-66,65625;52,28125;4,84375;79,25;106,03125;-7,40625;154,3125;50,1875;40,5;105,34375;-62;-47,71875;93,53125;-47,6875;2,875;19,65625;-104;-19,34375;-57,4375;120,25;
-210,03125;-359,8125;-466,40625;-156,625;-336,4375;-206,4375;-102,53125;-330,4375;-253,3125;-293;-300,25;-447,78125;-444,4375;-290,34375;-272,15625;-293,5625;-575,9375;-272,875;-386,21875;-242,46875;-265,4375;-472,03125;-284,75;-76,4375;-256,75;-325,875;-287,6875;-238,53125;-318,6875;-337,75;-382,40625;-226,34375;-337,78125;-135,90625;-222,125;-333,46875;-16,65625;-199,96875;-286,5625;-226,6875;-134,28125;-120,71875;-70,75;-230,5625;-30,34375;-134,625;-259,03125;-217,4375;-77,625;-72,53125;-209,5;-226,59375;-234,3125;-142,6875;-199,875;-95,09375;-57,75;54,0625;-123,71875;-303,875;-288,09375;-105,8125;-157,3125;-162;-106,9375;-117,71875;-40,90625;-129,21875;-164,15625;-205,15625;-74,5;59,5;153,46875;-50,0625;-107,03125;25,53125;-32,28125;-121,34375;-65;-7,03125;14;110,90625;302,78125;36,96875;160,1875;44,625;-76,25;-138,25;-121,4375;-73,375;-94,3125;-103,8125;107,1875;294,09375;-33,625;111,0625;589,3125;201,125;197,5;369,40625;124,4375;419,46875;539,21875;591,3125;931,53125;1065,78125;1412,75;1201,375;863,5;839,90625;661,9375;563,375;127,09375;351,1875;411,21875;417,625;556,53125;1043,15625;1335,65625;1936,53125;2638,84375;3024,6875;3343,28125;3346,46875;3680,0625;3543,75;3435,59375;3208,59375;2984,34375;3131,78125;3035,125;3554,90625;4250,6875;4386,65625;5148,40625;5141,78125;5850,3125;6058,40625;5890,96875;6014,4375;5794,90625;5362,15625;5383,84375;5032,1875;4808,875;4821,28125;4491,59375;4386,53125;4672,21875;4658,59375;4860,5;5057,46875;5180,6875;5565,34375;5772,75;5747,09375;6062,84375;6188,25;5916,34375;5632,5;5459,125;5243,84375;4935,1875;4367,46875;4215,34375;4134,03125;4157,9375;4120,4375;4287,28125;4742,78125;5036,8125;5235,03125;5410,5;5481,75;5634,21875;5323,46875;5320,40625;4555,28125;4249,3125;3732,46875;3431,21875;3045,625;2812,5625;2686,9375;2868,34375;3195,40625;3445,90625;3829,96875;4028,71875;4206,03125;4052,875;4168,6875;3719,4375;3292,90625;2845;2089,4375;1555,65625;1176,3125;529,96875;441,34375;-64;43,0625;-153,78125;-61,25;-188,90625;-239,40625;-229,46875;-327,71875;-18,90625;-100,59375;47,53125;-59,125;-93,125;-30;-143,90625;-188,40625;-57,40625;-167,46875;-186,9375;-162,03125;-181,59375;-75,15625;-109,34375;1,09375;151,84375;27,5;-5,5625;-364,5;-8,78125;-274,1875;-134;-68,3125;-147,125;-279,75;-61,96875;-27,75;-9,59375;-31,46875;50,0625;-14,46875;-107;-91,90625;-1,5;-74,3125;-277,6875;-21,625;226,46875;-36,0625;51,375;-139,875;97,46875;22,65625;55,6875;-70,6875;-15,15625;46,125;-115,59375;17,21875;-100,8125;140,34375;182,3125;-214,15625;107,65625;97,125;77,78125;-106,59375;-58,65625;-155,59375;58,5625;13,09375;56,59375;-73,53125;-278,90625;113,28125;90,90625;-145,5625;-35,8125;-44,125;-173,34375;-95,5625;15,875;3,4375;28,28125;-45,5625;76,125;79,3125;-87,375;-97,125;-90,15625;35,8125;-38,71875;-67,40625;7,75;-46,1875;90,5;60,59375;-48,15625;10,25;-31,40625;-205,5;-53,75;-11,15625;-20,9375;-54,5625;-189,15625;-6,5;-31;-146,875;-64,1875;-106,125;-131,4375;83,59375;40,375;-132,5625;-127,3125;-186,96875;37,34375;-101,3125;-117,53125;-8,875;
-202,125;-133,34375;-127;-154,0625;-12,25;-236,59375;-14,6875;-272,09375;-393,46875;-302,5;-370,28125;-523,6875;-406,3125;-249,625;-437,65625;-154,15625;-72,1875;-253,9375;-346,1875;-207,21875;-228,34375;-205;-207,0625;-284,25;-352,9375;-206,9375;-54,5;138,09375;-233;-32,71875;-253,8125;-258,25;-192,8125;-20;-256,25;-122,1875;-175,3125;-89,125;-153,15625;-292,59375;5,4375;-40,59375;-231,125;-75,9375;-56,46875;-35,78125;-204,59375;-156,875;-30,84375;-85,65625;-98,03125;102,0625;-109,96875;80,90625;6,40625;140;-45,03125;-67,53125;3,125;129,03125;38,75;52,5625;47,78125;-84,8125;117,90625;46,34375;102,28125;-25,46875;-58,5;43,34375;126,90625;-128,21875;202,875;-19,28125;-127,8125;43,875;-35,6875;-29,53125;40;77,25;166,6875;121,65625;-98,96875;-22,75;137,125;-34,03125;-61,5;57,65625;133,5625;14,71875;45,5625;158,96875;357,9375;229,125;387,03125;438,78125;492,375;389,03125;181,125;235,625;61,78125;263,90625;573,875;760,625;985,625;1387,8125;1495,8125;1171,75;1036,21875;765,3125;674,1875;672,96875;295,625;353,21875;220,8125;467,21875;446,875;909;1538,875;2065,125;2557,96875;2984,625;2891,75;3505,625;3452,34375;3332,4375;3385,21875;2957,9375;2906,21875;2878,9375;3280,34375;3504,65625;3727,90625;4373,625;4774,25;5111,53125;5576,625;5832,0625;5897,34375;5737,90625;5522,71875;5509,53125;5014,375;4704,5625;4416,78125;4467,5625;4620,34375;4247,0625;4385,625;4452,59375;4872,5;5061,90625;5315,53125;5451,6875;5547,71875;5712,125;6072,125;5748,4375;5626,4375;5518,15625;5488,875;5103,125;4629,3125;4303,90625;4206,28125;3822,96875;4017,40625;4212,0625;4501,4375;5104,4375;4937,96875;4985,84375;5375,75;5408,96875;5207,25;5401,28125;5010,21875;4542,125;4124,8125;3636,5625;3514,71875;2991,28125;2888,96875;2577,0625;2829,09375;3086,65625;3336,40625;3700,875;3846,15625;4269,0625;4203,4375;4124,6875;3454,9375;3368,03125;2702,5;2217,84375;1640,125;1076,09375;566,8125;403,65625;146,21875;-22,5;97,625;-232,09375;-282,75;-93,4375;-11,375;110,65625;-130,78125;71,5625;-48,8125;-105,96875;-135,34375;25,625;-164,28125;-121,5;-132,53125;-119,5625;-75,375;19,6875;-87,46875;183,34375;-44,875;-25,03125;-11,34375;-26,15625;17,96875;181,125;197,71875;55,40625;-117,3125;32,0625;-57,53125;53;160,34375;-71,3125;-63;199,78125;-22,96875;-8,53125;-47,625;142,09375;-45,875;94,625;85,875;142,59375;203,9375;137,3125;-2,15625;48,5625;294,75;215,28125;273,8125;-32,5625;274,96875;73,4375;255,53125;-15,3125;56,53125;103,0625;252,75;217,1875;19,46875;303,75;193,8125;95,53125;87,5;221,125;32,5;112,6875;102,28125;111,34375;5,65625;146,53125;28,53125;112,40625;130,46875;125,53125;88,6875;-42,09375;210,96875;126,96875;188,65625;-122,90625;107,46875;53,46875;-84;-84,96875;-152,46875;111,21875;-95,59375;-55,25;-57,875;128,9375;251,5;37,96875;-150,8125;-41,9375;-187,6875;170,25;128,25;92,46875;-104,71875;-17,5;-206,53125;122,5;124,375;-0,71875;-164,3125;-26,34375;106,78125;-114,65625;70,21875;-51,90625;-18,75;173,5625;-156,15625;-118,5;118,34375;-121,15625;
-133,21875;-472,4375;-341,4375;-379,90625;-432,21875;-450,5;-504,6875;-315,40625;-447,59375;-310,15625;-394,53125;-274,46875;-254,4375;-222,0625;-511,53125;-390,78125;-354,0625;-322,3125;-227,3125;-206,375;-302,21875;-101,28125;-278;-243,5625;-121,125;-510;-257,6875;-187,78125;-315,15625;-373,1875;-371,21875;-360,9375;-399,03125;-323,65625;-348,90625;-287,84375;-380,15625;-311,53125;-340,4375;-354,375;-208,9375;-260,9375;-308,59375;-294,8125;-293,46875;-161,34375;-303,75;-260,84375;-39,25;-169,75;15,90625;-152,09375;-219,375;-109,25;-161,125;-141,6875;1,875;-274,75;-112,6875;-31,09375;-143,21875;-117,15625;-93,71875;-296,625;-188,125;-135,6875;44,75;59,625;-165,25;-266,625;-141,0625;-23,21875;-125,8125;31,5625;41,21875;42,8125;-205,75;-336;-0,15625;-50,875;-254,3125;-38,96875;-91,375;-2,15625;-48,3125;-46,9375;69,71875;-13,3125;-267,78125;-145,34375;-15,875;-150,25;11,59375;152,125;-58,71875;118,1875;168,90625;95,5625;177,1875;42,65625;140,9375;229,15625;467,09375;505,96875;593,9375;667,59375;541,78125;1020,5;659,71875;501,21875;407,65625;634,84375;175,84375;146,46875;125,71875;226,21875;295;763,5;1314,875;1663,59375;2335,46875;2520,625;2801,90625;2972,75;2887,34375;2804,71875;2965,59375;2653,15625;2692,53125;2578,25;2851,71875;3240,96875;3452,6875;3939,9375;4491,84375;4759,78125;5201,125;5390,15625;5071,09375;5141,15625;5034,25;4805,625;4542,625;4312,625;4516,5;4001,53125;3930,25;3812,09375;3996,125;3988,375;4503,5;4445,5625;4610,3125;4957,59375;5102,625;5432,375;5463,875;5311,25;5073,875;5060,71875;4785,9375;4406,96875;4341,46875;3793,71875;3765,03125;3456,875;3649,96875;3728,71875;4190,8125;4967,3125;4903,21875;4706,21875;4649,90625;5005,53125;5009,3125;4768,4375;4642,40625;4250,46875;3488,03125;3314,53125;3056,84375;2758,875;2715,6875;2591,90625;2452,1875;2609,53125;2973,71875;3462,15625;3595,53125;3652,71875;3822,53125;3638,0625;3239,5625;2831,90625;2431,90625;1821,96875;1347,59375;862,03125;609,40625;169,34375;-21,84375;-369,96875;-237,0625;-55,53125;-186,4375;-130,28125;-19;-163,3125;-315,9375;-66,46875;-131,96875;-167,53125;-148,21875;-159,53125;-85,25;-123,15625;-102,75;-317,28125;32,4375;-72,21875;-210,625;-145,875;-161,8125;-227,625;-191,15625;-69,03125;-94,28125;-194,84375;-84,21875;-122,90625;-204,3125;-104,625;-224,25;-107,09375;-413,03125;50,65625;143,9375;-27,6875;-148,53125;-51,375;142,5;-60,1875;-5,40625;-235,71875;125,0625;-110,59375;-120,53125;94,3125;57,3125;79,125;-129,5;-235,625;-89,0625;-49,5625;-208,4375;-136,40625;-108,40625;14,8125;-6,71875;42,9375;20,3125;-33,78125;-41,5;-61,4375;26,8125;10,5625;0,03125;74,5625;-137,5625;-153,34375;-72,0625;-48,03125;-100,4375;75,78125;-163,84375;-114,03125;16,15625;7,46875;-95,40625;-56,96875;-25,5625;-330,96875;17,25;0,65625;88,40625;-45,0625;-116,28125;58,25;-19,5625;-262,75;49,28125;21,5;56,25;-230,34375;-165,40625;28,375;-250,21875;-208,28125;-133,5625;-12,65625;61,25;-26;-24,875;-51,8125;-79,53125;-112;-127,65625;-113,46875;102,53125;-226,78125;-66,03125;-209,65625;-220,78125;-106,15625;-13,6875;-57,09375;-109,40625;-10,375;-341,28125;-127,21875;
-99,40625;-205,5625;-43,59375;-153,5625;-59,0625;72,46875;-194,84375;14,90625;-197,90625;-201,34375;2,21875;-59,25;-42,4375;-236,03125;-184,625;-179;-80,59375;-231,1875;-74,21875;-173,53125;-3,0625;-68,46875;126,03125;-63,6875;-77,53125;-148,28125;85,5625;-179,03125;-25,90625;-74,5;107,875;-114,90625;77,15625;-60,75;-72,6875;-100,25;-178,96875;167,34375;94,9375;-38,5625;20,09375;-17,9375;-42,8125;81,71875;-48,625;-90,0625;-98,5625;52,71875;21,09375;101,09375;87,21875;-19,09375;83,625;-42,96875;180,21875;-56;-189,84375;-8;303,9375;-19,09375;121,6875;118,375;175,0625;129,53125;306,96875;-32,3125;199,1875;11,40625;103,0625;135,53125;281,9375;183,5;113,375;22,375;263,09375;62,21875;132,34375;101,6875;-4,40625;176,5625;53,15625;-14,875;81,375;105,375;262,21875;129,34375;213,75;85,9375;321,84375;199,15625;3,8125;205,46875;93,5;490,90625;378,15625;463,75;470,4375;399,34375;436,25;154;218,3125;364,28125;702,75;795,25;831,09375;846,96875;927,15625;943,3125;807,75;623,21875;530,65625;392,15625;196,65625;123,40625;193,53125;364,40625;755,84375;1249,5;1391,9375;1916,75;2375,84375;2831,28125;2916,53125;3014,34375;3158,78125;3011,75;2737,28125;2691,375;2556,875;2523,125;2718,9375;3097,03125;3296,28125;3904,21875;4237,6875;4818;5096,71875;5104,03125;5365,15625;5122,09375;4875,5625;4605,75;4574,09375;4362,5625;4367,40625;3661,15625;3697,8125;3718,84375;3942,15625;4074,65625;4328,125;4685,21875;4651,46875;5052,34375;4850,53125;5099,84375;5167,4375;5083,1875;5106,625;4825,03125;4914,25;4286,875;4206,4375;3896,28125;3907,21875;3781,75;3825,40625;3834,6875;4381,8125;5042,25;4619,625;4621,5625;4824,40625;4966,6875;4706,25;4806,0625;4292,34375;4237,84375;3899,28125;3372,3125;3009,15625;2809,1875;2743,0625;2467,09375;2625,0625;2786,3125;2995,78125;3364,125;3609,625;3635,25;3764,09375;3569,96875;3487,71875;2921,90625;2565,375;1750,90625;1390,28125;1121,34375;659,4375;364,90625;82,65625;-22,9375;-128,625;-87,21875;-172,0625;-215,25;-52,6875;118,46875;86,875;26,03125;-231,75;-52,53125;47,75;96,0625;-44,375;202,1875;-66,09375;188,59375;78,78125;-12,8125;197,28125;233,96875;74,03125;46,09375;274,15625;235,53125;-48,40625;-55,875;140,3125;90,09375;7,1875;59,1875;164,4375;-5,53125;320,65625;82,1875;44,34375;174,75;298,625;202,75;104,875;287,46875;411,875;352,6875;248,46875;235,0625;110,34375;245,65625;364,8125;192,84375;187,09375;149,65625;178,65625;313,09375;254,71875;313,125;51;86,6875;204,625;211,375;231,28125;381,25;92,78125;344,75;459,8125;306,28125;198,46875;206,9375;321,40625;176;103,4375;71,0625;156,6875;56,40625;254,84375;284,4375;254;34,1875;94,21875;6;198,96875;220,125;50,84375;51,78125;15,625;15,78125;-164,4375;150,84375;-0,75;94,40625;32,40625;64,125;210,40625;180,4375;146,09375;236,96875;225,25;286,78125;11,375;157,65625;37,84375;85,71875;232,75;-72,1875;-46,25;-8,34375;187,625;182,71875;64,3125;-80,71875;88,09375;151,375;84,28125;116,53125;145;73,625;139,21875;106,1875;31,53125;128,46875;
-267,09375;-350,0625;-224,03125;-282,75;-323;-295,8125;-456,90625;-441,125;-344,875;-368,25;-384,0625;-380,9375;-367,21875;-489,625;-314,78125;-364,84375;-405,78125;-260,40625;-330,90625;-373,1875;-415,34375;-56,25;-341,96875;-581,3125;-221,53125;-386,125;-245,4375;-360,5625;-410;-377,25;-266,875;-371,40625;-279,96875;-287,09375;-165,65625;-322,9375;-247,03125;-223,3125;-145,65625;-404,75;-369,75;-299,09375;-325,5;-328,1875;-474,84375;-360,78125;-202,5;-373,6875;33,09375;-164,09375;-208,5;-52,0625;-150,65625;-356,25;-6,125;-190,8125;-164,375;-159,1875;-55,46875;-114,25;-21,5;-122,53125;-124,875;24;-149;74,03125;-55,6875;-269,9375;-11,0625;-133,8125;-83,3125;-183,375;-190,46875;41,625;-2,3125;-51,03125;49,8125;-124,28125;-38,5625;-177,84375;-112;-145,75;-55,25;-207,4375;-93,5;-236,03125;-196,3125;-222,875;-79,84375;-70,84375;-219,65625;-91,25;47,75;177,40625;281,71875;102,53125;130,8125;44,25;-35,59375;-74,53125;20,625;275,34375;173,375;307,90625;638,65625;602,15625;630,96875;409,75;629,9375;367,96875;156,8125;130,9375;-17,21875;-14,59375;12,9375;178,34375;76,46875;605,15625;1169,25;1310,34375;1829,125;2704,875;3213,125;3029,71875;2857,78125;2548,53125;2243,6875;2112,25;2180,375;1981,34375;2232,21875;2783,65625;2851,59375;3442,96875;3736,03125;4556,6875;4649,84375;4935,84375;4814,375;4678;4387,53125;4230,03125;3956,625;3710,21875;3598,78125;3575,53125;3444,5;3303,5;3581,46875;3678,34375;4012,3125;4060,75;4135,75;4407,71875;4509,46875;4653,25;4589,28125;4391,25;4582,5;4564,8125;4292,625;3941,625;3762,0625;3445,1875;3190,59375;2982,53125;3269,15625;3253,4375;3573,5625;3995,5;4201,90625;4152,28125;4163,1875;4093,5;4309,96875;4064,6875;4190,96875;3622,03125;3371,03125;2940,90625;2540,625;2303,625;2024,65625;2393,21875;2119,65625;2539,84375;2517,875;2984,84375;3065,875;3456,3125;3182,5625;3136,875;2960,78125;2411,25;2054,875;1603,4375;979,1875;658,71875;289,5625;323,21875;-46,21875;-144,59375;-103,03125;-278,1875;-223,59375;-337,96875;-151,125;19,34375;-241,6875;-166,46875;-124,65625;-338,9375;-103,5;-201,84375;-306,21875;-98,4375;-25,0625;-272,34375;-116;-41,4375;-82;-158,34375;-248,40625;-202,15625;-239,0625;-141,625;-223,90625;-49,75;-3,5;-45,21875;-33,71875;-185,0625;8,9375;-238;-175,625;-105,5;60,21875;-14,46875;-62,125;43,25;133,6875;-289,96875;-124,03125;188,15625;-115,6875;-168,28125;-126,09375;-31,125;80,125;-85,125;-60,375;140,59375;17,625;-51,375;-84,125;-55,90625;41,4375;-114,96875;-62,15625;-156,375;-110,28125;-148,46875;-52,34375;47,625;8,5;89,40625;129,59375;148,65625;218,6875;-50,40625;-3,0625;40,875;-15;-58,8125;-49,375;-105,59375;-83,84375;76,6875;49,78125;48,21875;-139,71875;-190,46875;-90,875;-22,46875;29,75;-132,5625;-123,59375;101,125;-127,8125;-162,375;-40,625;34,53125;-122,34375;-137,34375;-94,6875;-46,65625;-50,59375;29,75;-131,625;37,625;155,53125;-22,625;-218,6875;-84,9375;5,65625;-157,625;-160,46875;31,9375;-42,15625;12,90625;15,40625;44,0625;-143,40625;-43,5;-120,96875;-121;-43,65625;-247,625;40,28125;-198,0625;
-218,34375;-287,875;22,65625;-49,75;6,03125;-253,9375;-241,65625;-311,0625;-140,90625;-278;-46,78125;-312,375;-32,875;-301,8125;-316,96875;-241,65625;-169,125;-146,875;-193,84375;-299,375;-537,34375;-259,96875;-109,1875;-105,9375;-259,75;-184,15625;-327,25;-270,4375;-173,90625;-186,8125;-133,625;-82,34375;-29,34375;-157,59375;-393,6875;-131,71875;-234,65625;-190,15625;-153,6875;-184,8125;-199,46875;-309,5625;-261,65625;-202,21875;33,53125;12,78125;-185,28125;-171,25;-204,84375;30,1875;24,84375;53,15625;-108,21875;-47;-143,40625;-11;-131,3125;-160,03125;-2,875;-190,78125;181,28125;19,5625;150,75;115,15625;-2,8125;-250,5625;94,0625;-107,375;-145,5;15,09375;26,90625;-55,625;90,375;-40,0625;-123,28125;231,34375;69,625;96,40625;202,53125;-50,5;-23,8125;-15,09375;162,25;-78,1875;65,8125;100,3125;7,625;-92,90625;-113,3125;-146,5625;-122,90625;-82,125;93,53125;187,8125;236,25;395,625;249,53125;173,4375;291,0625;158,59375;270,8125;284,84375;445,71875;512,9375;736,78125;816,21875;612,5625;480,78125;604,1875;539,15625;290,46875;334,46875;196,5625;127,0625;84;159,65625;567,6875;662,5625;1127,375;1340,875;1582,96875;1859,65625;1822,25;1641,9375;2430,71875;1786,0625;2224,9375;2320,21875;2369,71875;2734,6875;2662,625;2621,75;2899,65625;3363;3895,53125;4274,78125;4498,84375;4678,90625;4849,8125;4520,875;3988,125;4005,9375;3706,09375;3544,3125;3012,34375;3451,84375;3301,46875;3225,6875;3178,8125;3454,0625;3723,4375;3991,46875;4169,53125;4094,875;4404,1875;4296,3125;4303,90625;4429,28125;4303,6875;4015,65625;4118,75;3686,84375;3576,625;3233,5;3312,6875;2998,375;2915,875;3344,5;3597,625;3482,03125;3853,875;4187,53125;4041,0625;4128,96875;4046,53125;4001,28125;3781,1875;3405,28125;3147,59375;2815,4375;2552,46875;2219,28125;2347,5625;2049,65625;2179,90625;2496,5;2628,90625;2790,4375;2776,28125;2860,46875;2836,5625;2916,28125;2704,03125;2351,0625;2074,34375;1660,21875;1323,75;668,28125;331,15625;199,625;-3,4375;7,71875;-5,53125;-120,28125;-215,59375;-110,15625;8,15625;-18,4375;33,21875;51,90625;-124,40625;-111,09375;176,5;42,34375;4,59375;-187,34375;-130,90625;-136,9375;-75,09375;95,5625;-115,3125;-0,34375;-31,84375;157,875;46,9375;23,90625;-107,15625;-69,125;-111,65625;-52,65625;-79,78125;3;-97,96875;17,03125;-42,59375;-8,34375;67,8125;100,15625;69,46875;156,0625;126,65625;-2,28125;8,8125;146,59375;202,71875;146,65625;15,78125;132,375;175,96875;110,3125;177,71875;140,0625;80,78125;103,21875;201,65625;-40,25;236,96875;178,4375;18,5;233,96875;231,84375;24,9375;146,1875;152,59375;213,96875;220,09375;375,375;165,09375;149,375;179,9375;116,5;229,625;-64,5625;282,53125;193,0625;107,34375;93,125;-51,15625;209,125;167,71875;-33,34375;0,78125;-65,96875;91,25;55,28125;17,1875;32,875;56,71875;109,25;-38,46875;40,84375;177,125;50,625;196,4375;-72,78125;15,78125;-83,25;34,96875;228,65625;95,84375;32,40625;7,6875;17,5625;88,71875;-71,90625;230,875;-56,09375;-26,59375;127,90625;-37,34375;-52,875;134,09375;-22,71875;130,4375;205,25;28,75;71,15625;-84,0625;-31,6875;123,6875;
-51,625;-87,65625;-129,71875;-436,3125;-91,5625;-226,71875;-179,375;-25,5625;-56,0625;-190,84375;-54,1875;-220,875;-88,875;-104,875;-316,21875;-320,78125;-152,8125;-145,3125;-148,0625;-180,34375;-152,59375;-259,8125;-275,5;-17,8125;-144,375;-114,03125;-94,9375;-55,8125;-224,375;-236,53125;-102,84375;-139,21875;-96,53125;-38,75;-242,78125;-129,25;-175,21875;-90,34375;-163,03125;54,8125;-5,21875;-277,84375;-321,8125;119,5625;55,875;-130,71875;-230,1875;-69,3125;22,1875;-15,1875;140,71875;59,78125;16,21875;-65,09375;57,75;71,78125;65,4375;-205,9375;-43,8125;91,4375;172,75;42,1875;46,59375;71,625;-86,90625;52;-34,625;193,1875;-55,96875;81,84375;229,34375;128,40625;161,75;24,21875;101,71875;-78,15625;48,5625;-42,125;1,90625;163;-68,75;-204,40625;19,375;102,90625;181,15625;357,4375;110,6875;181,71875;-27;199,78125;174,3125;96,8125;126,65625;228,8125;330,15625;488,875;318,34375;475,3125;262,65625;90,65625;286,53125;230,71875;431,03125;518,28125;467,71875;796,84375;903,25;776,125;600,28125;490,78125;330,96875;286,59375;91,75;253,4375;256,4375;429,0625;352,4375;712,125;1009,46875;1440,59375;1743,625;1888,8125;1960,28125;1977,3125;2249,5625;1938,21875;2118,5625;1706,875;1566,03125;1306,21875;1309,3125;2519,5;2476,53125;3118,75;3847,125;4637,75;5388,3125;5478,8125;4717,0625;4290,125;3988,3125;3887,53125;3710,34375;3488,40625;3128,625;3372,6875;3134,875;3093,53125;3334,78125;3471,375;3478,125;3771,6875;3990,375;4211,78125;4028,0625;4257,53125;4314,65625;4128,53125;4066,96875;3852,84375;3901,375;3419,6875;3247,375;3335,46875;3042,90625;3017,34375;3124,0625;3151,96875;3145,28125;3333,625;3382,59375;3681,21875;3776,875;3952,65625;3872,34375;3775,71875;3376,6875;3266,53125;2960,40625;2581,4375;2269,90625;1725,28125;1982,40625;2174,84375;1975,84375;2252,84375;2297,875;2488,21875;2805,78125;3130,96875;2779,34375;2916,90625;2581,09375;2287,71875;1917,53125;1575,15625;1098,84375;976,125;373,28125;129,9375;10,8125;19,53125;-12,25;-27,65625;89,0625;-119;-343,8125;11,3125;-82,53125;80,84375;-113,21875;12,78125;48,59375;118,28125;-27,125;92,25;184,65625;-24,71875;79,1875;9,46875;11,71875;231,90625;134,8125;85,375;-36,28125;13,15625;83,65625;58,125;154,4375;112,65625;-11,15625;32,25;10,71875;6,28125;100,3125;122,46875;261,09375;-41;-5,78125;96,59375;117,875;121,09375;54,625;79,625;0,3125;172,71875;257,75;297,8125;86,5625;111,1875;186,4375;338,28125;279,96875;273,75;439,65625;260,1875;218,1875;312,9375;227,125;336,71875;409,375;229,90625;171,90625;251,46875;9,75;183,875;214,125;378,75;321,125;379,5;396,25;295,6875;64,0625;41,71875;254,65625;-16,28125;124,78125;128,0625;318,28125;273,90625;142,375;270,21875;97,125;221,4375;239,21875;250,3125;162,4375;55,8125;97,46875;120,09375;82,90625;192,96875;54,1875;103,59375;93,0625;301,03125;441,6875;165,625;195,0625;278,71875;217,3125;171,59375;184,90625;281,875;126,40625;66,53125;289,6875;243,75;204,09375;225,4375;89,84375;41,4375;269,03125;118,4375;170,21875;157,21875;214,15625;168,1875;11,6875;293,75;
-341,53125;-208,34375;-250,375;-237,65625;-179,15625;-388,03125;-187,8125;-136,4375;-378,53125;-416,03125;-74,28125;-81;-338,25;-171,28125;-337,09375;-453,78125;-363,5;-137,625;-163,75;-450,78125;-179,25;-14,03125;-326,21875;-139,34375;-276,78125;-420,125;-280,28125;-244,34375;-202;-238,46875;-242,1875;-149,15625;-201,03125;-126,0625;28,9375;-172,09375;-133,46875;-279,34375;-181,5;-159,5;-113,28125;-151,59375;-119,6875;-151,53125;-287,03125;-164,125;-144,4375;11,53125;-154,65625;-146,25;-56,65625;-89,4375;-164,53125;-145,34375;-203,875;106,9375;77,3125;-24,125;-13,78125;16,875;-125,0625;156,8125;-49;3,71875;-101;-78,1875;-163,71875;60,1875;46,5625;-94,78125;-132,625;80,8125;-11,5;-29,40625;-30,3125;40,875;-66,4375;-49,3125;71,90625;19,09375;-205,09375;25,96875;-30,625;140,125;15,84375;84,375;36,03125;85,3125;18,5625;4,4375;-123,5;110;-32,34375;454,625;286,875;365,78125;301,15625;115,6875;140,71875;18,0625;211,875;208,40625;192,84375;482,9375;357,6875;635,5;690,8125;495,6875;404,34375;368,21875;257,53125;370,96875;18,78125;-82,125;56,15625;201,4375;430,8125;526,40625;840,25;1306,25;1394,40625;1839,625;1860,84375;1892,9375;2002,40625;1902,5625;1791,25;1674,40625;1572,6875;1583,21875;1667,46875;2065,1875;2331,78125;2805,25;2817,46875;2884,1875;2789,8125;2820,75;4337,59375;3291,75;2955,15625;3320,09375;3614,15625;3512,28125;3562,34375;3322,8125;3066,9375;2956,8125;2940,75;3049,65625;3324,5;3585,15625;3685,6875;4054,1875;3910,25;4021,125;4079,375;3720,09375;3835,53125;3666,09375;3397,4375;3243,21875;2732,78125;2906,6875;2888,125;2735,0625;2617,40625;2948,5;2959,15625;3050,0625;3119,3125;3484,5625;3548,46875;3722,3125;3643,28125;3494,0625;3308,34375;2774,40625;2545,6875;2326,96875;2092,125;1755,21875;1738;1825,125;1814,3125;2023,28125;2214,21875;2500,03125;2642,53125;2669,03125;2762,3125;2484,46875;2496,5;2319,25;1660,78125;1425,8125;945,3125;506,6875;184,25;61,28125;16,21875;-12,9375;-221,84375;-78,5;-166,125;49,03125;-326,625;-172,125;-56,96875;-90,15625;-77,3125;-153,8125;-108,5;-75,96875;-107;-218,5625;-44,9375;-99,28125;-79,46875;-101,9375;-76,0625;89,1875;36,875;-90,65625;160,34375;-72,28125;128,3125;-112,90625;-44,28125;26,71875;-75,25;37,65625;174,65625;-2,5;-43,90625;131,1875;184,28125;-44,03125;-194,84375;238,53125;-163,59375;207,34375;330,9375;144,78125;46;207,15625;208,09375;201,78125;-115,15625;132,8125;208,21875;253,59375;28,65625;62,875;76,5;175,53125;202,96875;100,03125;198,09375;148,125;75,3125;17,90625;-6,53125;105,3125;57,03125;45,625;141,65625;117,34375;110,84375;298,8125;133,65625;127,15625;25,875;43,5;195,78125;42,46875;150,375;60,46875;0,28125;92,4375;60,125;16,78125;136,28125;75,5625;147,15625;88,9375;188,4375;9,375;52,75;149,09375;95,75;218,34375;78,40625;46,71875;-182,65625;74,71875;118,5625;257,9375;158,96875;-3,4375;-73,71875;206,625;-52,1875;195,03125;-20,25;-85,5;50,34375;110,375;55,875;48,6875;35,9375;-31,875;86,71875;-98,5;16,96875;127,34375;6,8125;106,34375;123,65625;-15,8125;
-263,15625;-70,5;-85,84375;-142,8125;-305,53125;-130,75;-314,625;-339,3125;-239,6875;-242,15625;-197,0625;-210,625;-360,6875;-455,40625;-80,90625;-300,0625;-278,625;-124,40625;-297,90625;-164,09375;-284,21875;-148,09375;-209,8125;-429,8125;-288,9375;-119,46875;-274,0625;-306,53125;-109,96875;-136,6875;-140,75;-381,625;-98,53125;-317,1875;-209,8125;-123,84375;-298,15625;-120,71875;-286,875;-276,9375;-215,5625;-106,1875;-156,6875;45,375;-297,375;-206,25;126,28125;-120,71875;36,28125;-144,21875;-285,84375;18,4375;-53,65625;222,8125;-68,75;-79,34375;38,09375;82,625;108,1875;84,84375;-239,8125;-30,25;-58,4375;94,59375;-182,625;-115,1875;54,125;-130,28125;-133,15625;26,03125;-135,34375;36,625;30,03125;-54,46875;140,90625;-154,8125;251,28125;2,75;-26,625;108,71875;-98,1875;-26,25;33,34375;78,625;-188,25;-191,90625;73;197,84375;-57,625;-45,15625;45,4375;87,28125;90,5625;194,3125;87,84375;178,3125;-106,3125;186,1875;49,34375;301,1875;244,4375;276;259,71875;343,625;535,84375;445,53125;578,09375;555,40625;580,625;418,5;177,09375;201,90625;200,03125;67,5625;232,53125;212,09375;159,78125;678,25;953,75;1198,09375;1362,96875;1570,21875;1810,46875;1931,4375;1986,96875;1776,125;1703,5;1620,875;1630,6875;1463,8125;1694,28125;2029,90625;2495,75;2508,46875;3042,96875;3171,09375;3471,71875;3323,15625;3492,15625;3772,34375;3168,75;3020,375;2497,4375;2235,3125;1782,15625;1747,4375;2632,34375;2867,3125;2240,59375;2662,25;2939,90625;3531,5625;3887,4375;4239,96875;4533,75;4637,34375;4657,90625;4429,875;3730,21875;3378,375;3296,3125;3130,40625;2905,90625;2791,875;2628,875;2573,40625;2798,3125;2742,1875;3086,0625;2987,59375;3174,96875;3365,71875;3323,40625;3549,4375;3497,84375;3315,375;3324,375;2933,375;2438,5625;2209;2189,125;1702,25;1783,625;1525,84375;1781,5;1948,21875;2170,90625;2521,5625;2421,03125;2799,03125;2710,15625;2406,875;2220,21875;1867,625;1622,3125;1152,5;779;487,375;258,4375;166,78125;19,1875;-104,09375;-167,625;-116,6875;-55,21875;-37,40625;8,96875;37,03125;-129,90625;154;-52,6875;-224,875;-70,96875;265,21875;21,09375;8,46875;-44,375;54,1875;19,875;-7,09375;32,5;-141,75;120,34375;-2,15625;-19,3125;179;256,40625;27,03125;131,21875;70,5;25,65625;34,53125;-114,625;127,375;248,46875;45,75;26,125;74,53125;156,28125;-22,03125;-224,15625;37,8125;192,4375;96,84375;-35,03125;158,96875;180,5625;109,625;183,375;164,0625;2,125;451,9375;196,9375;254,09375;78,4375;165,1875;126,28125;27,59375;252,6875;161,28125;51,03125;204,53125;143,5625;328,125;150,3125;77,375;197,625;18,625;217,53125;205,15625;220,4375;280,5;-112,53125;146,25;69,21875;58,53125;39,3125;86,53125;225,96875;242,375;148,59375;-79,0625;127,3125;202,71875;42,1875;-21,65625;-82,03125;5,96875;137,375;126,625;-86;164,84375;36,8125;60,1875;-11,96875;124,875;246,09375;-112,75;37,625;-17,625;7,875;65,75;11,53125;161,53125;37,53125;20,84375;90,9375;136,9375;-141,28125;36,25;112,59375;71,15625;126,90625;-189,96875;-119,03125;161,71875;-2,84375;202,1875;-14,40625;-137,125;
-19,6875;108,375;-246,6875;-140,5;-58,34375;117,34375;-258,34375;-180,84375;-157,21875;-174,46875;-171,5625;-446,6875;-357,78125;-188,21875;-291,90625;-177,28125;-266,78125;-281,75;-97,71875;-240,84375;-264,3125;-407,4375;-343,375;-190,9375;-212,4375;-336,125;-221,8125;-243;-181;-37,34375;-200,75;-296,1875;-82,3125;-136,75;-16,90625;-163,75;-119;-178,90625;-92,6875;-246,9375;-155,65625;-283,28125;-78,9375;-161,96875;-74,71875;-99,875;53,25;-92,125;-156,53125;-119,1875;104,78125;-291,0625;-320,875;-247,875;-249,15625;-239;-224,59375;-70,0625;-173,15625;25;59,75;70,15625;-182,15625;56,21875;-103,84375;108,6875;-86,9375;144,6875;82,90625;105,34375;109;14,34375;109,03125;89,625;90,6875;127,1875;16,625;155,4375;-104,875;140,625;-98,96875;147,6875;-35,75;196,28125;18,5;-2,125;75,65625;117,78125;7,75;20,65625;-11,75;58,96875;178,21875;258,46875;160,125;363,625;68,6875;114,4375;14,875;150,125;-43,15625;208,1875;236;541,5;739,90625;666,53125;597,65625;506,75;565,875;251,75;200,28125;128,15625;56,375;72,40625;172,5;260,0625;406,25;552,15625;916,5;1118,09375;1178,53125;1552,65625;1732,0625;1769,28125;1865,96875;1861,46875;1651,78125;1342,59375;1574,15625;1515,96875;1521,5625;2325,46875;2342,15625;2440,84375;2747,28125;3198,625;3252,5;3422,6875;3501,40625;3280,53125;3084,25;2678,03125;2606,09375;2349,78125;2062,65625;2335,09375;2401,28125;2306,71875;2588,5;2855,53125;3070,53125;3124,9375;2874,96875;3223,59375;2501,53125;2536,78125;2503,4375;2088;3615,125;3397,53125;2448,84375;2324,59375;2305,65625;2445,34375;2812,5;2849,65625;2923,25;3205,625;3680,8125;3474,75;4046,1875;4079,5625;4032,59375;4083,21875;4344,53125;3799,59375;3655,75;2854,5625;2451,9375;2262;2019,21875;1711,6875;1670,59375;1753,84375;1845,3125;1993,28125;2109,46875;2337,53125;2594,71875;2695,65625;2718,9375;2624,71875;2589,96875;1921,375;1496,03125;1308,28125;1130,96875;807,5;322,8125;-27,90625;-24,78125;-291,78125;-125,25;-13,46875;-341,4375;-39,9375;-259,59375;-137,375;-29,5625;-64,4375;-192,65625;63,1875;92,25;295,21875;-22,34375;-11,75;-118,59375;-26,6875;-118,875;49,4375;-69,375;-36,28125;90,375;13,75;-143,125;67,34375;-201,75;80,78125;120,09375;177,40625;-56,0625;82,1875;10,40625;199,84375;105,59375;110,71875;122,28125;96,46875;-60,0625;-90,03125;200,90625;141,9375;258,15625;231,875;160,625;195,78125;194,3125;118,53125;197,625;97,78125;293,90625;178,0625;-56,03125;219,21875;211,90625;297,625;155,96875;144,71875;-33,78125;39,625;306,90625;399,5625;55,5;284,5625;214,1875;189,71875;202,46875;133,5625;176,78125;512,1875;201,46875;162,25;233,15625;60,84375;53;150,53125;38,9375;137,15625;73,53125;150,9375;97,375;262,875;-6,40625;-2,6875;67,0625;216,71875;24,8125;80;209,03125;53,375;211,71875;82,78125;234,125;242,4375;37,15625;148,15625;215,84375;48,75;29,34375;146,34375;204,125;194,125;-136,96875;24,15625;220,28125;16,90625;208,65625;211,21875;-163,0625;17,59375;32,15625;26,59375;-67,71875;-96,21875;35,90625;211,21875;136,46875;241,875;250,875;27,21875;
-165,03125;-212,96875;55,75;-154,15625;-69,75;-80,78125;-199,46875;180,28125;-112;56,9375;-101,375;-91,84375;-257,4375;-12,46875;-141,1875;-328,34375;-124,53125;-159,21875;-251,15625;-259,1875;-197,375;-294,1875;-293,25;-323;-222,21875;-260,9375;-83,34375;-192,21875;-109,1875;-42,34375;-116,5;-283,125;-45,4375;135,78125;-197,1875;-156,6875;-30,4375;-86,28125;-246,5625;164,0625;-193,75;-272,34375;-201,28125;-119,78125;-363,375;-59,9375;-104,125;-178,875;-17;84,40625;-30,5625;-133,9375;-70,125;-216,03125;-12,90625;-43,53125;-67,46875;61,96875;-163,96875;-218,4375;-28,875;-45,375;-34,78125;-49,5;307,625;134,875;-24,34375;-169,65625;71,0625;-41,84375;86,90625;44,375;100,09375;48,40625;-106,625;295,65625;284,09375;18,75;-77,46875;31,9375;-40,09375;200,125;-150;25,03125;-3,1875;14,03125;-131,75;55,1875;45,53125;-29,28125;-20,28125;132,1875;120,03125;129,25;170,09375;147,21875;480,96875;61,75;258,375;104,6875;-45,90625;142,3125;247;726,96875;436,71875;614,375;622,25;472,59375;269,625;502,625;300,96875;191,28125;171,15625;210,8125;332,21875;256,25;430,34375;590,28125;942,8125;1129,875;1405,71875;1664,53125;1554,125;1844,53125;1914,75;1713,46875;1685,625;1579,4375;1389,15625;1583,21875;1739,9375;1921,78125;2042,09375;2639,5625;2838,0625;2892,15625;3331,5625;3445,03125;3096,6875;3131,375;2836,71875;2684,375;2374,59375;2116,4375;1930,5625;1940,5625;2038,90625;2014,71875;2108,21875;2372,59375;2768,5625;2940,78125;3123,03125;3047,15625;2877,9375;3052,125;2812;2751,59375;2834,25;2670,34375;2706,53125;2623,21875;2481,28125;2249,1875;1988,5;1943,40625;1866,6875;1871,125;1918,34375;2063,625;2136,25;1876,0625;1986,625;1980,09375;1847,71875;1818,46875;1634,15625;2731,40625;2262,15625;2147,34375;1954,09375;1744,3125;1720,46875;1582,5;1678,59375;1895,15625;2113,90625;2341,875;2407,03125;2325,4375;2446,5;2258,84375;1443,59375;1647,90625;1680,5625;690,9375;627,5;487,5;160,96875;-3,125;121,71875;-13,53125;-64,15625;-190,75;-34,15625;237,09375;32,09375;17,09375;-130,125;150,28125;88,28125;156,875;92,15625;-34,4375;21,4375;51,625;123,1875;30;-41,34375;-66,96875;65,59375;-100,8125;268,65625;-24,59375;29,4375;65,625;65,96875;87,34375;-4,40625;97,8125;-29,25;92,59375;90,78125;257,59375;168,375;-101,25;79,40625;44,1875;210,21875;-43,71875;180,40625;162,40625;391,28125;392,34375;301,1875;369,125;171,4375;96,8125;167,75;389,1875;326,46875;72,375;62,40625;375,90625;236,875;227,53125;179,1875;217,78125;156,40625;147,1875;279,3125;274,96875;204,25;186,4375;118,125;267,8125;87,84375;145,71875;238,5625;315,03125;198,34375;368,90625;59,0625;232,375;147,6875;193,34375;48,9375;137,0625;-9,53125;136,03125;67,59375;223,75;123,21875;-44,8125;-1,53125;68,90625;69,8125;4,8125;107,75;-56,375;192,46875;141,96875;-69,6875;85,3125;88,96875;87,875;301,0625;-113,96875;214,3125;164,3125;-3,59375;68,9375;202,8125;81,6875;19,75;54,5625;50,90625;19,6875;19,9375;-34,96875;259,96875;-57,40625;-31,75;210,0625;210,875;75,25;-55,71875;146,5625;58,96875;0,8125;
-274,40625;-222,59375;-285,125;-383,90625;-180,53125;-171,6875;-183,21875;-421,34375;-393,71875;-340,15625;-389,28125;-547,375;-394,96875;-385,9375;-310,09375;-390,375;-527,125;-344,46875;-342,46875;-350,5;-323,0625;-226,625;-343,46875;-359,4375;-501,15625;-361,84375;-489,5;-230,78125;-452,09375;-381,53125;-398,71875;-281,03125;-130,96875;-144,3125;-285,09375;-269,28125;-377,5625;-160,3125;-286,21875;-137,40625;-203,34375;-238,34375;-319,96875;-235,375;-270,125;-157,9375;-204,78125;-273,78125;-364,84375;-190,15625;-473,9375;-60,21875;-547,40625;-410,4375;-444,46875;-171,5625;-341,59375;-246,03125;-373,4375;-139,34375;-257,78125;-309,71875;-254,4375;-312,6875;-171,25;-298,25;-153,34375;-259,3125;-205,5625;-99,90625;-220,46875;-327,3125;-349,59375;-149,625;-462,9375;-26,625;-277,34375;-283,3125;-140,59375;-231,59375;-177,125;-172,59375;-31,375;-165,3125;-45,84375;-82,125;-144,75;-232,78125;-175,4375;-402,4375;-26,96875;-113,28125;-41,53125;238,71875;-158,28125;-87,1875;-18,53125;-61,3125;-30,25;-67,96875;-76,125;85,3125;96,15625;293,65625;400,625;310,34375;236,71875;259,5625;141,4375;307,28125;-10,4375;8,96875;-26,65625;-123,75;167,0625;154,78125;135,5625;263,9375;644,0625;634,6875;1201,125;1244,5;1271,65625;1647,15625;1575,53125;1273,5;1332,875;1169,9375;1261,9375;1407,125;1450;1559,59375;1748,875;2224,53125;2337,46875;2701,59375;2902,84375;2885,6875;2930,03125;2578,4375;2615,59375;2305;1912;1736,75;1873,09375;1697,40625;1700,09375;1977,90625;2025,59375;2269,65625;2216,34375;2657,5625;2595,03125;2936,53125;2822,0625;2706,875;2647,90625;2459,5625;2182,5625;2331,15625;2312,8125;2152,09375;1872,1875;1931,09375;1846,25;1773,96875;1917,28125;1691,78125;2031,90625;2092,09375;2207,4375;2418,9375;2372,4375;2362,6875;2248,59375;1933,75;2117,90625;1936,25;1594;1373,75;1540,5625;1273,4375;1494,21875;1229,3125;1606,90625;1512,75;1782,65625;1762,90625;1975,84375;2098,125;2147,4375;2133,75;1842,625;1397,5;747,21875;489,75;478,46875;181,90625;-20,875;-111,5625;-218,625;-85,5625;-132,65625;-248,34375;-165,625;-156,625;-297,25;-369,875;-158,9375;-269,625;-115,09375;-245,8125;-194,03125;-134,03125;-262,4375;-147,875;-130,1875;-222,9375;-215,40625;-170,28125;-237,71875;-9,03125;-41,375;77,84375;-300,5625;-336;-129,5625;-156,65625;-260,1875;-153,625;-22,8125;-51,59375;-3,125;-62,84375;88,125;-368,125;-11,65625;212,03125;-124,9375;-114,9375;62,53125;1,15625;-254,03125;11,125;-182;152,1875;-29,03125;-57,21875;100,875;74,59375;158,09375;0,4375;158,09375;53,125;-82,625;-81,09375;42,875;-130,28125;-130,25;-128,0625;-170,09375;-148,28125;-151,5625;65,53125;-45,75;-68,6875;112,3125;-105,34375;-15,90625;-80,09375;15,28125;-147,125;-217,34375;-105,40625;107,34375;-15,8125;91,09375;18,5;-29,9375;-140,75;37,96875;-110,125;-137,0625;-100,09375;62,375;99,28125;-71,4375;-106;27,6875;-148,53125;5,875;-158,625;50,15625;-113,4375;-92;-183,96875;36,375;-210;4,75;-130,125;-70,25;-100,65625;-58,84375;-117,90625;-30,34375;51,75;-29,8125;-93,34375;-186,125;-9,5625;-320,09375;99,21875;-20,78125;-252,53125;-303,875;-187,28125;-19,875;-145,3125;-143,1875;-135,28125;
-80,21875;-261,8125;-191,46875;-341,96875;-301,34375;-327,0625;-136,5625;-309,0625;-253,25;-156,6875;-174,84375;-342,9375;-286,90625;-257,65625;-416,09375;-264,25;-227,59375;-155,71875;-205,0625;14,25;43,65625;-142,84375;-419,125;-207,71875;-160,5625;-288,03125;-445,9375;-211,90625;-295,0625;-123,9375;-151,15625;-59,53125;-237,53125;-139,5;-58,65625;-124,1875;-224,53125;-290,15625;-122,34375;-81,78125;-162,09375;-318,90625;-40,78125;8,53125;-100,375;-224,75;-242,125;-136,625;-119,65625;-273,09375;-14,90625;-7,34375;-290,15625;72,28125;-142,53125;14,78125;-153,09375;-49,8125;-44,34375;126,59375;-85,09375;-67,5625;-70,40625;43,21875;-189,28125;-170,9375;-104,53125;-359,4375;-175,15625;-75,75;-103,71875;-182,46875;-38,09375;-125,71875;94,53125;38,75;-26,1875;-97,53125;-109,5;13,59375;27,28125;118,15625;198,0625;132,78125;-38,125;-79,71875;-10,75;0,53125;112,4375;60,53125;-63,96875;28,8125;169,96875;102,21875;114;217,90625;20,375;-48,9375;-50,625;72,40625;90,28125;26,40625;241,09375;441;533,75;693,96875;636,8125;466,6875;176,3125;291,90625;269,125;120,03125;-199,71875;126,21875;-49,1875;275,46875;246,375;556,46875;475,65625;850,78125;1122,34375;1462;1184,5625;1497,875;1548,5625;1435,375;1201,46875;1338,65625;1205,78125;1420,375;1387,75;1524,125;1862,84375;2359,96875;2085,59375;2628,3125;2615,0625;2698,28125;2574,65625;2451,71875;2436,28125;2114,90625;2105,4375;1829,375;1853,53125;1730,03125;1792,96875;1849,8125;2025,9375;2111,5625;2540,5625;2577,375;2658,90625;2758,53125;2903,0625;2659;2767,625;2526,34375;2479,875;2457,6875;2188,3125;2273,59375;2041,96875;1914,15625;1835,4375;1954,3125;1833,625;1846,875;2074,25;2364,28125;2438,78125;2366,71875;2429,40625;2689,96875;2335,03125;2371,90625;2250,375;2104,15625;1865,84375;1772,40625;1685,34375;1358,125;1230,3125;1455;1528,09375;1502,25;1811,25;1860,625;1964,0625;2077,21875;2070,6875;1901,3125;1656,84375;1471,03125;1313,125;988,1875;730,5625;500,0625;339,34375;40,3125;-91,625;-17,65625;-39,25;134;-11,40625;-112,40625;5,46875;-79,28125;128,34375;19,28125;18,15625;121,90625;-186,375;-1,40625;97;-143,59375;114,1875;-120,3125;-25,84375;-84,875;-203,65625;-45,5;51,15625;-73,40625;-54,1875;-7,8125;-4,8125;37,03125;192,4375;-57,6875;52,34375;-60,9375;86,125;208,75;174,5;128,6875;211,21875;223,875;45,5625;-21,09375;-27,09375;25,59375;161,71875;96,375;95,71875;278,90625;183,90625;301,71875;172,0625;35,90625;70,8125;166,1875;57,125;269,1875;279,46875;270,1875;209,875;-68,1875;294,40625;291,53125;60,6875;171,0625;90,3125;169,96875;108,125;182,8125;271,75;252,625;87,34375;65,3125;196,34375;-234,1875;78,28125;-10,1875;39,375;100,53125;69,8125;82,75;292,375;138,96875;166,28125;22,1875;157,09375;1,9375;275,03125;159,0625;-74;-99,3125;33,65625;29,03125;115,6875;19,09375;-125;-81,65625;37,625;-103,53125;42,71875;199,625;-75,5625;13,0625;58,15625;-156,4375;66,59375;78,9375;-9,53125;-49,75;202,21875;-69,125;-28,84375;26,09375;-40,90625;-61,03125;-89,65625;74,84375;-97,5;-31,59375;-124,625;16,9375;68,125;-51,65625;
-327,75;-320,78125;-239,75;-388,71875;-400,25;-147,125;-411,0625;-321,53125;-399,65625;-231,78125;-314,09375;-152,09375;-253,25;-463,21875;-364,5;-369,90625;-267,65625;-498,21875;-473,4375;-107,9375;-398,59375;-364,5;-356,0625;-424,03125;-332,375;-346,8125;-270,96875;-371,125;-340,6875;-395,40625;-352;-257,40625;-200,03125;-464,71875;-580,625;-428,21875;-208,8125;-309,09375;-170,84375;-266,4375;-37,25;-402,625;-193,3125;-195,6875;-327,84375;-314,40625;-220,8125;-294,9375;-155,84375;-353,78125;-172,53125;-255,8125;-113,4375;-297,40625;-213,15625;-167,09375;-291,3125;-151,46875;-221,9375;-268,34375;-266,34375;-429,78125;-256,40625;-379,125;-159,28125;-372,125;-150,21875;-198,96875;-74,375;-56,28125;-234,0625;-153,53125;-138,15625;-312,5625;-235,1875;-169,75;-123,90625;-98,90625;-204,5625;-34,0625;-380,46875;-297,34375;-238,15625;-103,625;-121,84375;67,6875;-175,15625;-253,9375;-148,71875;-147;-216,25;-163,96875;57,1875;-54,75;73,90625;-107,375;-67,5;-84,4375;175,90625;-56,28125;132,625;4,0625;281,96875;78,28125;216,25;246,15625;404,03125;269,59375;182,1875;-32,40625;139,25;-99,5625;-167,5625;34,46875;74,125;83,6875;148,15625;258,875;631,46875;670,71875;915,40625;1211,875;1071,40625;1263,3125;1351,09375;1139,5625;895,09375;1081,25;966,9375;815,8125;980,0625;1317,625;1342,875;1831,84375;2241,6875;2244,3125;2124,625;2466,40625;2417,78125;2147;2120,625;1992;1893,625;1653,59375;1422,375;1547,125;1415,125;1775,90625;1860,4375;1978,15625;2169,46875;2222,65625;2335,09375;2391,78125;2341,5;2480,875;2305,875;2176,0625;2158,8125;1903,5;1904,09375;1830,71875;1674,375;1617,75;1848,625;1726,8125;1723,90625;1904,53125;2128,625;2108,78125;2220,46875;2212,84375;2210,28125;2226,6875;2274,03125;1952,71875;2096,90625;1839,28125;1442,875;1545,53125;1284,6875;1242,46875;1089,25;1367,34375;1376,8125;1442,25;1573,4375;1795;1938,90625;1893,8125;1741,875;1752,375;1741,90625;1373,65625;1002,8125;790,0625;508,96875;376,03125;101,125;-186,0625;-168,0625;-36,71875;-221,09375;-353;-146,6875;-100,46875;-195,0625;-240,09375;-226,6875;-93,34375;-175,1875;-70,9375;-72,84375;-243,78125;-25,78125;-109,625;-121,65625;-62,71875;-122,75;-249,03125;-44,625;-139,59375;-300,0625;-98,5;-70,46875;-97,3125;-8,375;-83,625;10,53125;-110,28125;81,1875;91,3125;110,59375;-97,46875;192,25;46,96875;137,59375;-139,09375;-124,15625;-23,25;71,71875;-81,125;40,75;241,78125;76,90625;23,09375;-9,5625;95,25;214,75;-68,25;73,4375;372,34375;109,15625;5,375;-36,71875;-119,84375;119,59375;-119,75;-159,5625;69,375;120,375;32,78125;-99,3125;83,03125;1,59375;-128,75;-47,84375;67,90625;35,34375;194,125;148;53,5625;219,96875;-103,28125;74,90625;-51,96875;-110,625;-113,84375;107,25;-82,59375;-83,40625;-55,46875;8,4375;58,21875;-104,0625;30,8125;200,625;172,4375;-89,125;162;-249,90625;23,09375;-33,9375;-82,6875;66,8125;-152,15625;-101,6875;-114,34375;-21,15625;-74,5625;-101,75;163,15625;-84,3125;-164,5625;-125,5625;-13,78125;75,625;-180,375;131,71875;55,28125;-269,34375;-215,59375;-211,84375;-207,625;117,875;-106,75;-120,21875;-225,96875;2,8125;-102,21875;
-276,1875;-192,3125;-138,34375;-60,9375;-177,90625;-169,3125;-29,75;-153,9375;-260,78125;-261,4375;-212,34375;-279,1875;-128,1875;1,6875;-234,5625;-78,8125;-189,75;32,40625;-21,40625;-64,3125;-51,6875;-192,75;-86,625;-145,84375;15,9375;-35,03125;-105,9375;-280,03125;-21,96875;-372,53125;-22,46875;-149,625;-176,9375;-229,53125;34,28125;-116,625;-131,6875;-78,59375;-278,28125;-263,09375;-19;-89,84375;-111,59375;1,21875;-28,84375;1,1875;-42,6875;-121,625;-151,65625;-133,25;-75,5;134,5;-211,21875;-49,4375;-157,25;99,9375;-96;-145,25;-119,1875;-140,84375;-212,3125;-200,40625;-70,125;-94,34375;29,75;-101,0625;-52,375;253,75;-103,1875;-60,9375;-170,78125;-41,59375;-35,65625;-18,0625;-130,78125;-115,9375;44,96875;-73,6875;-86,3125;-86,40625;66,6875;107,71875;28,6875;60,34375;37,1875;90,875;-16,9375;102,8125;13,34375;-13,125;14,125;113,625;119,5;-4,25;276,375;272,78125;-21,875;127,34375;-131,96875;57,78125;199,78125;308,1875;206,09375;422,4375;442,90625;378,125;436,625;391,71875;304,5625;150,59375;314,90625;122,3125;251,5625;262,03125;125,125;164,21875;52,46875;415,375;629,375;901,46875;990,34375;1062,96875;1121,46875;1184,25;1225,625;966,8125;980,59375;1197,65625;906,875;1090,3125;1279,625;1430,65625;1656,75;1707,25;1940,03125;2282,46875;2465,5625;2405,6875;2546,34375;2286,125;1932,6875;1956;1639,71875;1545,84375;1631,6875;1505,5625;1437,96875;1895,78125;1923,40625;1914,125;2309,25;2236,53125;2661,6875;2554,90625;2617,875;2294,25;2122,59375;2164,03125;2037,75;1884,5;1902;1755,5;1786,84375;1727,0625;1737,3125;1615,96875;1857,625;2061,84375;1804,8125;2087,375;2181,90625;2104,625;2256;2265,46875;2186,9375;2127,84375;2087,5625;1887,46875;1721,34375;1373,4375;1243,84375;1158,875;1216,78125;1183,6875;1383,53125;1404,3125;1722,03125;1679,34375;1919,0625;1955,4375;1716,96875;2061,59375;1768,9375;1406,46875;963,75;795,15625;571,84375;471,28125;209,53125;45,46875;303,125;56,75;-125,21875;104,625;54,25;-167,65625;-189,1875;-82,46875;-142,5;-77,40625;24,375;-58,4375;-58,625;-172,34375;173,5625;46,9375;140,875;-31,5;3,625;-20,78125;-92,15625;193,6875;-117,65625;119,90625;-97,4375;-155,125;100,21875;-74,1875;374,84375;151,90625;94,59375;122,09375;234,78125;-12,03125;-14,125;132,09375;284,03125;119,5625;186,5625;73,5;121,96875;152,1875;223;317,34375;104,28125;194,5;269,40625;268,8125;119,90625;29,5625;435,25;384,09375;93,125;358,53125;116,78125;6,90625;280,4375;273,65625;44,59375;208,1875;-17,78125;380,625;97,5625;56,40625;213,34375;214,4375;217,75;304,5;384,9375;257,3125;63,15625;78,9375;207,15625;-155,5;56,28125;308,4375;179,59375;-75,28125;164,96875;82,0625;112,90625;247,25;114,96875;82,28125;-81,125;146,09375;166,5625;239,53125;59,84375;99,625;171,6875;154,375;-10,4375;-63,78125;335,625;54,875;-11,84375;287,78125;222,09375;252,84375;80,6875;200,5625;-21,09375;-51,6875;10,71875;-128,6875;102,125;3,3125;61,375;-90,625;179,8125;136,90625;104;82,0625;122,78125;-119,0625;55,71875;116,875;147,28125;27,5625;
-140,78125;-72;-154,53125;-139,375;10,15625;-93,25;-133,125;-234,90625;-384,4375;-98,4375;-151,09375;-250,90625;-127,15625;-70,71875;-247,71875;-157,8125;-279,78125;-455,1875;-62,28125;-205,125;-440,75;-185,40625;-324,34375;-453,65625;-136,375;-413,46875;-468,125;-274,53125;-257,34375;-290,28125;-381,28125;-374;-290,15625;-65,46875;-185;-281,53125;-264,0625;-237,875;-125,8125;-525,9375;-309,84375;-357,84375;-115,375;-419;-210,84375;65,6875;-201,09375;-235,625;-130,90625;-80,53125;-167,84375;-50,71875;-93,21875;-265,84375;-126,96875;74,875;-207,96875;-242,4375;-211,71875;-232,625;-213,0625;-228,71875;-233,65625;-204,65625;-156,96875;168,6875;-1,28125;-4,21875;-160,90625;-98,9375;-27,71875;-223,5625;-268,5625;-115,875;-147,40625;-85,53125;-33,15625;60,625;-10,78125;-214,59375;-155,4375;-185,96875;-195,34375;-14,78125;-60,25;-80,78125;-139,6875;-157,59375;-174,75;14,40625;-79,21875;295,8125;207,03125;-34,15625;-4,5;140,53125;-2,03125;-23,5;-49,40625;-85,03125;-4,46875;97,46875;146,03125;313,78125;482,9375;234,8125;233,53125;201,1875;278,71875;185,84375;157,9375;-321,8125;-129,1875;-13,375;59,15625;89,59375;69,5625;340,5;426,5625;284;942,28125;1045,53125;1172,59375;1156,40625;968,34375;676,53125;738,59375;754,25;1047,34375;966,4375;1082,6875;1124,46875;1434,28125;1750,34375;2053,40625;1885,3125;2069,1875;1989,28125;2117,9375;2074,09375;1788,3125;1684,9375;1598,375;1322,75;1234,34375;1363;1207,71875;1434,15625;1636,3125;1735,6875;1950,03125;2035,0625;1947,40625;2138,15625;2229,125;2186,375;1952,90625;1857,75;1847,1875;1705,21875;1557,09375;1531,25;1494,3125;1648,1875;1553,90625;1463,15625;1310,15625;1824,15625;1663,1875;1841,46875;1915;1997,59375;1943,25;1778,3125;2051,03125;1718,40625;1529,34375;1464,21875;1361,65625;1119,84375;1009,4375;1187,4375;870,375;1186,875;1399,46875;1352,8125;1409,15625;1385,34375;1720,8125;1773,75;1605,34375;1705,375;1374,59375;1124,90625;943,4375;575,625;604,71875;183,15625;260,9375;75,9375;-6,78125;-14,84375;-233,375;57,8125;-90,375;-55,15625;1,75;-171,21875;-61,46875;-62;-32,5;-274,5;-98,03125;-97,5625;-177;-52,71875;-108,6875;-81,34375;112,875;-9,78125;-85,625;-291,6875;7;-157,3125;-234,90625;35,78125;-58,8125;-174,125;-76,90625;15,875;41,5;-11,34375;-41,875;-155,3125;199,34375;154,9375;-88,875;65,21875;82,65625;95,71875;185,3125;170,8125;-26,3125;136,15625;191,34375;62,28125;121,65625;197,96875;73,53125;132,4375;192,21875;108,1875;313;146,25;92,6875;283,90625;-79,59375;-18,8125;131,84375;124,65625;26,15625;115,09375;8,4375;178,09375;67,75;124,1875;-15,21875;126,21875;109,875;146,75;170,9375;143,375;-89,15625;55,25;160,15625;205,125;74;54,53125;192,8125;43,59375;104,6875;-133,34375;-103,5;165,90625;159,6875;34,03125;-141,59375;-78,84375;31,78125;-20,25;7,3125;-24,3125;272,40625;-93,90625;28,40625;184,9375;-99,5625;176,3125;41,46875;-138,1875;142,9375;51,9375;24,75;-109,78125;234,625;168,09375;-7,84375;-157,625;60,59375;55,25;46,3125;-94,96875;42,9375;69,6875;-26,90625;83,9375;-57,46875;187;-23,875;112,90625;
80,375;-259,3125;-19,65625;-202,53125;-31,375;-79,125;-223,5625;-157,78125;-139,65625;-29,1875;-376,9375;-238,5625;-405,25;-76,3125;-108,8125;-254,625;-182,09375;-80,6875;-114,09375;-58,75;-58,21875;-332;-140,75;-107,1875;-119,3125;-208,5;-83,84375;-69,65625;-92,34375;-93,53125;-210,8125;-106,90625;-145,15625;-225,0625;-376,1875;-252,5625;-76,59375;-262,15625;-132,90625;-223,0625;-67,3125;-313,40625;-333,96875;-30,34375;-86,09375;-170,875;107,96875;-184,59375;-275,4375;-150,4375;-185,90625;-56,4375;-109,28125;33,375;54,8125;17,4375;-61,125;52,0625;98,125;-60;-7,65625;89,375;26,375;-49,125;-130,125;22,9375;-92,9375;-44,15625;-46,90625;-64,25;-71,65625;-118,84375;-142,84375;51,125;1,71875;146,09375;182,84375;-254,96875;-19,15625;73,4375;30,71875;-109,3125;25,375;-137,75;-15,84375;-115,6875;90,0625;9,78125;-7,6875;-239,71875;175,8125;156,1875;193,125;16,03125;228,96875;134,59375;257,96875;30,59375;-97,28125;144,5;81,40625;185,90625;27,3125;274,875;469,0625;400,28125;480,1875;312,09375;272,8125;244;-35,03125;1,5625;20,40625;-90,875;115,625;236,3125;242,09375;477,96875;688,0625;751,90625;917,34375;1218,15625;1062,65625;1211,59375;889,34375;815,40625;628,03125;805,53125;858,625;1006,9375;1076,65625;1213,9375;1470,09375;1603,8125;1872,1875;1820;1860,78125;1934,5;1914,875;1964,8125;1629,84375;1625,90625;1410,09375;953,90625;1227,375;1022,46875;1312,71875;1388,96875;1424,28125;1512,8125;1855,78125;1898,84375;1895,78125;1823,21875;2083,8125;1901,46875;1850,3125;1666,1875;1478,53125;1336,78125;1261,1875;1389,8125;1438,1875;1476,625;1321,1875;1461,90625;1555,59375;1659,3125;1585,5;1699,25;1788,4375;1816,90625;1950,78125;1931,5;1721,28125;1645,25;1635,0625;1312,3125;1364,78125;1032,8125;982,15625;1078,71875;1089,15625;1079,59375;1112,46875;1163,0625;1305,78125;1609,84375;1542,96875;1405,8125;1483,40625;1394,90625;1405,9375;1028,96875;927,1875;644,5;320,625;324,9375;194,96875;230,84375;36,875;-161,09375;45,5625;59,4375;-6;96,03125;-33,15625;29,96875;-70,625;215,125;86,03125;110,5625;-33,875;-109,125;127,40625;-48,6875;120,15625;36,90625;-3;105,0625;181,21875;111,46875;-73,25;133,0625;53,03125;-26,4375;15,375;189,25;77,75;56,09375;379,3125;121,4375;100,78125;142,34375;12,40625;-6,34375;137,5;128,375;382,75;29,3125;55,4375;291,71875;33,625;180,5;172,71875;208,09375;270,21875;106,90625;181,53125;180,65625;82;168,4375;110,3125;307,375;289,5625;105,84375;337,125;-158,625;145,03125;272,78125;39,15625;53,25;126,65625;350,6875;120,375;56,0625;298,21875;187,15625;122,46875;480,09375;300,125;171,84375;-1,78125;163,40625;164,3125;187,9375;137,5;132,5625;393,65625;399,625;214,03125;104,8125;105,78125;219,84375;204,5625;-62,21875;244,125;37,1875;-3,84375;-39,625;53,25;139,15625;194,625;154,1875;239,125;110,65625;-42,9375;69,3125;220,90625;16,4375;321;44,875;305,5625;99,1875;121,875;123,9375;133,25;251,625;101,28125;158,3125;265,75;176,125;17,28125;239,84375;-64,8125;147,15625;117,8125;199,5;-49,28125;91,875;
-271,65625;-76,875;-163,84375;-74;-166,03125;-75,96875;-160,875;-182,09375;-118,84375;-60,4375;-137,53125;-255,28125;-152,46875;-232,375;96,46875;-241,5625;-137,875;-348,1875;-281,53125;-274,65625;1;-213,59375;-62,34375;-314,0625;-217,125;-320,1875;-245,78125;-154,21875;-96,8125;66,15625;-100,53125;111,46875;-251,5625;-99,625;-323,53125;-371,5;-282,0625;-284,90625;-323,15625;-153,21875;-210,875;-66,03125;-164,46875;-306,71875;-80,9375;-220,53125;-72,28125;-102;-292,9375;38,65625;-85,09375;113,125;-66,625;-197,75;-38,03125;-119,46875;-25,96875;-269,0625;-317,21875;-204,53125;67,65625;-159,40625;-108,1875;-74,21875;34;-66,21875;-68,4375;-93,96875;-182,875;-74,09375;-111,59375;53,34375;-154;-154,96875;136,46875;28,21875;62,0625;-171,375;-16,1875;115,5625;-52,5625;22,28125;-96,1875;248,6875;107,53125;-51,4375;203,46875;53,25;-178,96875;-95,6875;-194,9375;27,15625;39,375;141,78125;148,5;232,6875;125,1875;108,25;32,25;215,34375;178,59375;207,9375;189,21875;428;434,4375;379,9375;269,90625;466,59375;82,46875;83,84375;-90,75;-48,0625;128,625;33,59375;-115,6875;74,3125;234,90625;324,59375;388,4375;691,625;781,65625;724,84375;1022,5;1172,875;750,53125;741,3125;662,96875;685,125;700,5625;1035,90625;998,21875;1162,5625;1368;1445,34375;1629,53125;1592,3125;2123,09375;2010,53125;1843,34375;1701,75;1463,375;1291,09375;1151,34375;1096,4375;1120;1065,40625;1289,09375;1153,625;1286,40625;1401,09375;1671,53125;1725,8125;1856,1875;1827,59375;1824,03125;1800,6875;1712,84375;1551,1875;1391,0625;1336,75;1432,78125;1087,34375;1305,0625;1289,03125;1200,84375;1331,1875;1312,53125;1651,28125;1462,34375;1407;1592,15625;1688,8125;1781,84375;1640,46875;1686,40625;1521,125;1351,1875;1202,4375;1037,40625;956,5;1023,90625;838,59375;986,4375;1032,125;932,0625;1057,6875;1406,84375;1259,5625;1247,4375;1264,3125;1250,6875;1309,25;1178,34375;992,9375;822,625;680,25;381,875;52,5;100,84375;-22,21875;93,53125;-59,125;-67,375;-11,53125;60,78125;-24,4375;-67,84375;-65,90625;302,5625;-79,25;141,78125;-70,28125;218,84375;110,4375;249,4375;47,21875;30,4375;-194,53125;-295,5;-46,4375;-69,53125;164,46875;-48,1875;82,28125;208;170,84375;124,78125;193,03125;-14,15625;293,90625;186,03125;161,6875;169,1875;202,03125;118,59375;132,53125;57,03125;97,96875;192;175,90625;276,375;329,9375;188;197,75;37,59375;144,59375;82,46875;232,0625;245,84375;280,40625;191,34375;301,84375;273,90625;276,15625;46,125;182,34375;215,84375;268,625;262,6875;320,09375;198,21875;186,5625;272,3125;170,21875;284,5625;321,28125;130,40625;88,40625;204,40625;155,34375;198,9375;-23;169,875;157,1875;14,84375;285,96875;220,28125;105,78125;217,3125;164,4375;153,28125;175,09375;94,21875;159,59375;-35,3125;308,15625;312,78125;234,09375;88,34375;210,34375;90,5625;142,84375;-11,0625;0,375;103,0625;111,25;125,625;82,1875;153,71875;98,53125;175;159,125;101,03125;142,28125;-24,125;-30,75;236,15625;203,65625;189,0625;143;-16,96875;19,5625;280,1875;257,8125;145,59375;163,125;163,8125;93;337,0625;79,53125;
-190,625;-243;27,40625;-222;-365,78125;-123,46875;-56,1875;-243,5;-205,875;-200,65625;-401,75;-329,9375;-399,15625;-260,625;-154,21875;-130,65625;-231,09375;-75,125;-304,4375;-250,90625;-283,4375;19,46875;-209,9375;-340,65625;-377,75;-315,03125;-260,84375;-330,25;-138,5625;-192,5625;-257,5625;-267;-91,53125;-271,53125;-376,9375;-408,28125;-194,46875;-166,5625;-323,6875;-306,78125;-254,4375;-130,0625;-317,625;-473,28125;-272;-109,21875;-306,125;-219,21875;-252,6875;-248,59375;-25,15625;-143,8125;-231,21875;-267,59375;-406,875;-106,78125;-220,5;-186,25;-146,4375;-214,625;-155,5625;-208,28125;-230,9375;-154,75;-195,46875;-109,34375;-151,28125;-207,34375;-145,5;-177,9375;-193,5625;-165,875;-271,53125;-187,53125;-233,40625;-259,1875;-106,25;-190,125;-78,15625;-184,1875;157,09375;-181;-175,625;-242,1875;-243,125;-52,65625;-45,65625;-70,8125;15,34375;-106,125;10,09375;-156,03125;-220,5625;-73;-0,0625;-102,75;-199,8125;74,21875;7,65625;-54,09375;102,0625;214,34375;346,6875;156,6875;298,5625;498,3125;343,40625;289,40625;233,6875;97,3125;38,8125;-162,625;-141,71875;116,53125;5,84375;141,09375;166,4375;311,46875;475,9375;479,125;769,78125;951,8125;807,71875;774,25;773,65625;696,40625;564;673,90625;912,4375;642,71875;814,40625;1012,40625;1283,71875;1449,6875;1412,0625;1848,15625;1772,8125;1636,65625;1472,40625;1484,4375;1197,09375;985,71875;1076,3125;847,09375;700,84375;725,9375;558,90625;931,21875;1001;1250,25;1166,6875;1456,59375;1553,78125;1555,53125;1663,75;1546,71875;1469,6875;1314,53125;1091,125;1065,28125;1237,34375;1020,375;1099,96875;865,1875;1036,96875;1150,59375;1199,65625;1072,15625;1389,40625;1203,53125;1221,15625;1265,21875;1434,75;1510,3125;1464,53125;1172,625;1118,34375;891,90625;938,625;751,28125;588,0625;613,90625;833,25;748,34375;833;900,78125;938,0625;1227,25;1379,59375;1061,125;1186,03125;992,53125;1116,875;895,125;536,46875;388,5625;88,875;84,8125;110,5625;-84,375;-112,4375;-105,96875;-109,375;-33,5625;-145,625;45,75;-157,4375;-139,53125;-151,28125;-33,125;-18,71875;-34,03125;-34,0625;-172,28125;-230,90625;192,84375;-364,3125;-65,0625;160,96875;156,71875;35,40625;5,59375;-166,90625;-59,15625;85,28125;-91,21875;30,75;-126,5625;15,6875;-10,6875;17,09375;88,53125;-198,84375;-65,6875;-70,53125;-62,6875;-226,34375;-115,3125;138;120,25;127,5;-42,46875;150,9375;110,125;29,375;122,0625;54,40625;119,71875;93,8125;147,75;210,4375;69,3125;205,125;103,59375;233,4375;131,53125;214,34375;85,53125;124,375;-21,46875;102;12,46875;331,78125;111,09375;106,6875;97,75;78;27,40625;72,4375;-20,03125;177,78125;19,65625;6,21875;8,5625;89,9375;-71,65625;63,09375;146,1875;43;124,625;123,5;-3,4375;-38,34375;72,65625;68,3125;132,84375;-65,90625;33,40625;-37,8125;-79,0625;73,34375;119;-14,78125;13,40625;164,5625;-42,03125;-70,625;-79;21,96875;58,25;121,875;-29,59375;-68,96875;-37,1875;-23,75;110,96875;-67,9375;-13,9375;16,6875;0,3125;-54,40625;29,0625;-89,75;64,6875;105,875;78,03125;213,78125;115,34375;1,75;97,71875;
-169,09375;-105,6875;-252,125;87,59375;-203,28125;-51,09375;-116,9375;-116,9375;-112,25;-182,375;-157,8125;-114,03125;127,9375;-169,34375;-235,59375;-135,96875;-152,53125;-220;-70,59375;18;-221,625;-56,21875;-76,84375;-144,28125;-335,15625;-78,5625;-114,28125;-9,84375;-309,5625;-246,09375;-198,5625;-158,1875;-212;-129,09375;-98,15625;-7,46875;-192,4375;-250,1875;12,78125;-213,875;-91,59375;-115,75;-133,1875;-330,25;-187,0625;42,21875;-282,5625;-59,65625;-257,6875;-96,75;-179,875;-19,90625;-69,34375;21,1875;7,1875;-7,65625;89,03125;-162,28125;-220,6875;147,90625;-185,3125;-153,0625;-80,25;22,1875;-221,625;88,59375;-144,875;-32;-87,75;75,8125;-87,40625;-1,1875;-88,5625;104,09375;-35,625;-108,4375;-167,84375;90,09375;-124,9375;-63,09375;172,09375;-39,53125;58;101,65625;147,21875;67,21875;32,25;32,03125;43;41,53125;38,1875;-117,875;82,78125;4,1875;97,375;84,5;0,90625;287,15625;-70,9375;64,25;240,1875;207,90625;205,59375;325,3125;476,71875;431,21875;339,75;233,125;355;110,71875;76,90625;-35,84375;123,1875;-6,09375;369,1875;164,0625;253,03125;751,15625;512,3125;664,53125;868,65625;712,875;884,8125;982,0625;725,03125;891,6875;941,3125;898,9375;730,03125;1032,0625;956,4375;943,875;1040,875;1343,9375;1702,65625;1614,59375;1746,46875;1564,28125;1610,78125;1527,40625;1455,03125;1051;1101,4375;987,5;1068,8125;824,9375;769,59375;908,5;1078,125;1334,71875;1434,15625;1595,59375;1687,03125;1780,125;1754,09375;1443,15625;1408,875;1448;1009,625;1096;1271,90625;921,84375;1153,53125;962,71875;847,65625;1072,46875;1133,53125;1306,40625;1294,96875;1310,28125;1493,65625;1325,34375;1455,65625;1507,84375;1417,5625;1106,21875;1027,71875;1113,625;1148,1875;751,09375;712,46875;449,84375;726,15625;1048,96875;1052,96875;1045,75;1025,0625;1166,75;1322,96875;1062,9375;1091,90625;1086,59375;1006,8125;821,84375;641,03125;287,78125;392,1875;10,09375;185,4375;8,75;5,25;37,03125;130;115,46875;-102,9375;-134,375;32,875;-7,03125;81,6875;-31,96875;-72;-34,4375;155,4375;65,1875;169,59375;240,03125;88,03125;-46,375;129,53125;78,5;-84,15625;176,65625;50,34375;-8,9375;34,125;-45,625;84,71875;284,3125;415,5625;74,3125;202,03125;168,8125;182,625;45,40625;90,25;247,6875;293,875;249,0625;52,8125;-32,25;200,625;134,28125;40,625;287,4375;151,375;240,34375;229,65625;175,46875;122,875;201,15625;459,1875;447,71875;292,71875;108,21875;227,3125;208,1875;226,25;449,71875;106,375;130,375;147,875;248,65625;86,53125;311,34375;55,15625;184,375;272,375;149,375;134,40625;293,40625;177,84375;130,25;171,875;143,28125;238,09375;170,5;161,625;307,53125;173,625;184,78125;239,53125;167,28125;-2,875;41,125;35,96875;87,40625;36,71875;18,375;65,625;91,46875;-49,59375;120,28125;223,875;74,125;196,9375;75,875;322,53125;-17,0625;173,78125;154,5625;243,5;183,1875;57,625;213,28125;127,0625;300,6875;261,9375;-74,25;119,71875;30,6875;149,65625;72,03125;-36,5625;182,28125;115,1875;278,125;164,0625;205,21875;169,46875;151;
-285,75;-346,34375;-176,21875;-220,03125;-285,28125;-119;-352,625;-341,5;-135,8125;-345,28125;-232,4375;-286,5;-345,59375;-184,96875;-244,6875;-401,25;-207,0625;-531,46875;-484,5625;-263,34375;-407,28125;-318,375;-547,1875;-379,9375;-418,625;-447,8125;-331,28125;-237,875;-422,8125;-211,46875;-477,09375;-406,1875;-439,21875;-407,5;-409,84375;-426,9375;-512,625;-282,8125;-253,78125;-514,03125;-357,65625;-431,8125;-498,53125;-347,9375;-278,5;-352,5;-194,875;-639,40625;-269,6875;-432,40625;-479,53125;-225,8125;-309,84375;-251,96875;-243,75;-222,1875;-410,78125;-332,65625;-246,625;-171,9375;-277,4375;-258,90625;-352,5;-349,46875;-509,21875;-284;-322,65625;-153,75;-373,78125;-348,21875;-237,5625;-466,875;-224,34375;-235,3125;-311,0625;-132,28125;-418,875;-200,71875;-282,40625;-325,03125;-308,6875;-114,625;-287,3125;-145,9375;-127,625;-211,46875;-226,40625;-184,5;-196,28125;-285,90625;-261,625;-57,40625;-177,53125;-44,5;-88,59375;-271,96875;-188,09375;-184;-52,65625;-180,125;-53,71875;103,6875;50,96875;204,375;266,09375;117,34375;28,375;-23,25;45,46875;-103,25;-109,875;-71,96875;107,09375;72,5;-204,0625;67,71875;224,875;293,5;418,53125;576,65625;529,0625;834,03125;621,625;699,65625;750,34375;602,53125;662,09375;374,75;503,5;680,3125;734,3125;692,21875;899,3125;1270,21875;1130,78125;1381,375;1405,71875;1283,875;1397,3125;1102,0625;944,25;988,03125;722,96875;630,875;503,59375;590,6875;656,0625;930,03125;914,5625;1097,65625;1286,53125;1120,78125;1234,59375;1190,34375;1242,5625;1343,21875;1117,96875;1117,21875;953;822,5;836,84375;811,875;590,15625;673,625;741,375;844,09375;757,25;1118,1875;1005,4375;1091,09375;1030,03125;1256,6875;851,5;835,28125;895,34375;757,8125;743,53125;553,4375;640,71875;504,78125;455,46875;540,84375;337;669,40625;834,15625;722,5625;839,65625;732,875;1088,75;964,03125;989,59375;850,28125;742,25;603;307,40625;137,125;-36,28125;-286,125;5,3125;-90,65625;-171,6875;-335,75;-237,3125;-288,21875;-304,96875;-238,09375;-255,375;57,75;-284,78125;-110,46875;15,03125;-273,90625;-45,6875;-196,59375;46,1875;-127,15625;-324,125;-40,125;85,40625;-194,6875;-207,1875;-148,40625;-287,53125;-70,25;-39,34375;11,0625;-143,625;-29,21875;-138,71875;-63,34375;-5,84375;5,9375;-145,125;16,84375;-25,625;-190,65625;-165,3125;-95,0625;-288,34375;-309,53125;236,5625;176,96875;11,5625;-51,90625;34,375;18,4375;-8,53125;-73,75;90,21875;58,15625;55,8125;-50,96875;122,5;126,4375;-155,125;209,03125;-137,1875;-137,46875;168,0625;141,8125;-48,28125;-181,65625;73,75;-21,125;-78,8125;46;-23,9375;0,25;-28,40625;122,6875;-315,1875;-128,75;-46,78125;-93,96875;-85,9375;-88,1875;-85,15625;-26,625;16,21875;15,0625;-129,34375;-106,65625;-91,90625;-243,5625;-103,875;-156,0625;-221,5625;-17,78125;-61,96875;-92,375;-17,3125;-78,5;-151,34375;-64,03125;-251,6875;-172,25;57,21875;-190,40625;-210,59375;1,25;-132;-64,65625;-59,09375;-249,71875;-154,96875;-47,71875;40,21875;-136,65625;-233,40625;-96,75;-123,03125;-145,75;32,4375;-194,4375;-285,21875;7,53125;-130,90625;-190,375;-236,875;-113,5625;
-298,125;-209,375;-239,5;-173,75;-272,8125;-349,15625;-124,15625;-346,40625;-158,46875;-257,65625;-254,5625;-168,625;-182,6875;-421,15625;-299,59375;-59,46875;-371,53125;-427,875;-329,1875;-242,03125;-256,34375;-403,0625;-411,75;-496,59375;-440,59375;-366,5625;-311,65625;-252,78125;-334,90625;-216,84375;-133,625;-80,65625;-240,03125;-264,84375;-320,09375;-437,125;-407,84375;-250,625;-305,78125;-74,25;-174,71875;-238,375;-153,8125;-260,53125;-249,53125;-283,0625;-285,59375;-70,9375;-145,09375;-316,875;-179,5;-259,25;-268,03125;-270;-175,375;-173,6875;-157,90625;-146,53125;-292,375;-319,25;-187,3125;-259,1875;-237,25;-213,65625;-309,125;-185,8125;73,09375;-269,53125;-251,09375;-164,1875;-231,03125;-61,3125;-205;-163,125;-100,96875;-250,0625;-52,65625;46,5625;-175,03125;-186,28125;-197,875;-123,65625;-147,25;-56,34375;-243,0625;-164,21875;30,03125;-286,28125;-94,34375;-172,65625;-55,65625;-237,34375;-128,40625;-14,8125;-115,875;-131,78125;-90,4375;-298,1875;-100,65625;-441,40625;-252,96875;165,84375;55,15625;160,25;312,59375;93,46875;326,9375;170,9375;38,375;-50,53125;48,875;-162,6875;-150,28125;149,25;-18,9375;-4,4375;329,28125;417,71875;561;441,65625;669,6875;679,40625;735,9375;725,375;709,28125;632,78125;672,5625;533,59375;517,625;594,65625;701,6875;877,40625;1040;1171,0625;1360,125;1598,40625;1441,6875;1614,625;1319,25;1177,0625;1076,75;948,40625;777,65625;601,46875;592,4375;577,78125;704,5;875,59375;1084,96875;1151,59375;1273,25;1426,125;1402,0625;1357,9375;1307,40625;1129,125;1015,90625;1174,4375;982,1875;1043,15625;895,75;946,6875;578,625;790,21875;790,03125;846,5625;801,46875;1058,34375;1054,09375;1063,40625;993,40625;919,15625;1073,21875;980,28125;885,28125;983,53125;778,84375;520,40625;473,4375;470,15625;592,625;428,15625;585,03125;620,78125;650,9375;830,6875;784,15625;992,25;855,375;1061,78125;727;974,15625;679,78125;613,96875;557,3125;300,5;323;102,09375;-106,46875;-143,59375;-288;-133,625;-125,6875;-115,125;-43,625;-31,8125;-32,90625;-160,6875;41,90625;-105,34375;-211,3125;23,34375;76,46875;-214;-171,5625;-77,03125;-173,96875;-238,21875;-389,90625;-81,375;-26,90625;-272,5625;-69,90625;-83,59375;64,03125;165,9375;-16,875;-98,34375;-191,84375;-135,875;-10,0625;-233,1875;38,96875;-176,21875;-253,84375;-118,53125;-50,40625;-38,25;-55,34375;-27,65625;-125,125;60,125;339;-85,90625;134,3125;251,5;165,3125;120,5625;98,90625;149,9375;130,71875;204,25;44,1875;362,75;446,46875;153,4375;197,34375;191;156,5625;60,6875;303,375;5,90625;94,65625;43,5625;18,3125;52,84375;125,875;201,34375;-8,0625;-43,9375;71,53125;-97,6875;-185,28125;-0,28125;200,34375;-48,71875;152,25;79,875;50,71875;334,125;16,4375;54,40625;119,84375;-34,15625;-27,34375;12,375;62;-55,15625;-18,28125;-230;222,5625;20,46875;-42,46875;97,375;37,3125;-32,09375;-162,65625;78,125;-38,4375;-73,34375;44,875;102,875;-171,125;-78,09375;54,90625;4;-88;152,4375;86,1875;-134,125;35,78125;-77,125;86,15625;-80,90625;-65,875;62,21875;-95,875;-106,375;-65,75;104,28125;
-308,96875;-133,875;-321,25;-341,21875;-272,5;-298,8125;-208,40625;-290,15625;-277,46875;-265,34375;-283,65625;-289,75;-373,21875;-351,90625;-256,875;-407,375;-138,375;-330,40625;-343,71875;-233,15625;-316,6875;-323,71875;-337,3125;-293,8125;-354,5;-352,96875;-118,90625;-454,6875;-488,09375;-427;-450,71875;-245,9375;-366,5;-121,125;-461,84375;-187,21875;-314,5;-209,46875;-316,34375;-473,53125;-452,375;-106,90625;-202,78125;-288,34375;-406,84375;-281,5625;-170,46875;-348,15625;-253,65625;-140,9375;-222,65625;-473,40625;-318,9375;-345,71875;-242,1875;-417,84375;-344;-315,84375;-206,4375;-283,25;-339,375;-295,96875;-310,84375;-54,5;-340,625;-195,84375;-122,96875;-27,9375;-210,65625;-301;-350,875;-277,59375;-359,625;-234,125;-176,1875;-374,46875;-144,59375;-138,46875;-89,84375;-171,28125;-107,5625;-184;17;-79,59375;-243,28125;-31,96875;-141,28125;-270,125;-108,8125;-273,5625;-6,84375;113,75;-32,40625;-21,71875;-110;3,40625;44,8125;-148,6875;-179;-88,65625;-183,625;58,28125;192,875;46,375;120,96875;130,53125;317,28125;83,09375;98,25;-30,28125;33,21875;-43,21875;-228,09375;-214,90625;46,46875;26,6875;-13,09375;36,1875;445,15625;398,53125;685,25;777,21875;768,875;445,03125;608,40625;422,40625;371,9375;741;411,875;314,96875;737,1875;827,625;900,46875;923,6875;1104,71875;1303,25;1237,5;1356,03125;1217,625;1076,625;1237,625;843,5;718,53125;697,96875;422,65625;691,40625;826,25;955,9375;792,34375;1112,96875;1118,65625;1201,375;1503,5;1329,34375;1383,96875;1260,21875;1127,40625;917,875;774,03125;675,09375;777,84375;689,75;745,90625;662,1875;765,96875;832,4375;1022,25;864,1875;1014,15625;968,375;786,8125;1098,125;849,40625;802,21875;807;675,625;606,71875;413,65625;577,53125;523,40625;554,9375;628,53125;377,625;674,25;775,25;743,21875;854,1875;964,375;873,90625;1015,375;997,40625;752,78125;858,15625;454,25;455,25;327,6875;11,625;117,71875;26,5625;-127,0625;35,96875;-96,3125;-181,34375;-103,5625;-138,65625;-93,84375;-161,28125;-74,0625;-369,125;-91,125;-121,65625;-332,9375;-234,375;-227,4375;-65,6875;-208,5;-127,96875;-231,25;127,71875;-449,53125;-10,25;-121,3125;-69,34375;-123,25;-215,21875;-218,375;-261,53125;-214,125;-170,46875;-60,375;-40,34375;-76,90625;39,90625;-64,25;86,625;-3,625;-127,875;-23,84375;-94,78125;-38,78125;-123,59375;-189,9375;-58,28125;76,25;-209,8125;-71,21875;165,6875;69;50,40625;66,6875;30,65625;265,28125;193,9375;114,5;-68,96875;-102,03125;-64,25;-36,96875;-4,09375;17,21875;6,53125;130,53125;-83,5;70,5;-21,34375;-101,59375;-122,09375;62,125;69,1875;-63,28125;-98,9375;-43,59375;165,4375;70,125;124,34375;64,0625;57,65625;109,375;-142,09375;-53,5;7,34375;-147,0625;-19,875;126,15625;104,625;-127,40625;-123,25;-38,8125;-18,03125;15,40625;-68,625;-81,8125;126,4375;115;17,0625;44,65625;-180,8125;16,53125;99,96875;133,25;-168,75;-89,6875;26,5;114,125;-101,5625;-389,21875;47,3125;-175,1875;-205,15625;-4,75;24;-127,625;7,90625;-60,46875;-163,0625;33,8125;-274,15625;-101,03125;-34,65625;-139,34375;
-129,25;-83,53125;-196,1875;-228,9375;-133,8125;-230,28125;-257,625;-80,625;-214,5;-360,46875;-315,34375;-188,15625;-226,4375;-72,0625;-256,625;-311,71875;-106,875;-162,34375;-310,40625;-440,375;-374,40625;-166,78125;-293,5625;-177,6875;6,875;-370,28125;-204,125;-287,6875;-124,21875;-351,0625;-349,53125;-153,625;-211,71875;-213,21875;-170,5;-233,125;-406;-298,59375;-271,75;-231,0625;-205,375;-322,1875;-356,15625;-233,71875;-43,625;-304,9375;-190,3125;-422,90625;-282,6875;-324,75;-442,75;-287,65625;-368,21875;-360,28125;-320,46875;-303,375;-318,15625;-75,65625;-437,5;-268,71875;-4,21875;34,53125;-324,5;-277,5625;-107,375;-302,3125;-132,9375;-232,78125;-389,34375;-158,59375;-195,34375;-272,21875;-346,84375;-281,03125;-91,59375;-101,75;-107,1875;31,71875;74,34375;-74,40625;-108,8125;-2,3125;-179,84375;-229,65625;-166,4375;-277,21875;-278,15625;-10,34375;-86,6875;-9,53125;-115,09375;-33,8125;-121,46875;-157,125;-8,40625;-156,8125;-64,71875;-48,75;-132,15625;14,21875;-96,46875;-139,09375;186,96875;210,90625;225,28125;143,5;154,59375;182,53125;88,0625;-179,28125;73,1875;71,96875;167,96875;176,25;54,5625;73,65625;213,25;330,65625;413,09375;181,34375;541,375;650,78125;729,40625;758,375;932,9375;591,21875;526,53125;429,9375;409,625;712,46875;846,0625;782,25;759,125;987,6875;1168;1183,3125;1082,46875;1277,75;1101,5;1008,65625;921,5625;701,75;696,84375;598,53125;527,0625;736,28125;736,9375;547,875;831,625;1004,59375;1090,78125;1298,9375;1187,75;1306,59375;1049,09375;1235,34375;1057,5625;863,90625;773,375;682,125;666,0625;741,03125;551,46875;703,9375;765,5;850,34375;837,84375;933,25;974,3125;1088,59375;1076,46875;791;1134,3125;865,59375;669,8125;769,9375;879,71875;759,5625;714,0625;555,28125;469,9375;447,625;617,46875;887,125;754,90625;746,84375;973,96875;995,15625;980,5625;865,375;856,1875;902,5;748,75;614,28125;428,09375;416,28125;43,3125;64,1875;-27,8125;22,59375;225,3125;-24,9375;-260,40625;-5,21875;-37,34375;-25,5;-269,84375;-114,5625;98,15625;-135,375;-188,34375;-124,5625;-64,71875;-233,15625;-157,59375;-119,90625;-39,46875;80,6875;-113,09375;-212,1875;-139,25;-159,4375;100,375;8,71875;14,9375;-157,3125;-98,8125;-63,34375;-241,4375;23,875;-63,21875;-3,0625;-26,5;20,09375;168,6875;-50,65625;5,78125;-89,21875;-13,15625;139,625;-107,28125;192,09375;-135,4375;-55,8125;-46;229,46875;69,78125;21,125;120,65625;133,78125;246,40625;51,3125;63,40625;44;332,15625;73,5625;-29,09375;193,625;73,59375;2,125;-3,21875;91,0625;240,84375;110,8125;21,875;186,3125;77,59375;142,75;-115,9375;41,09375;42,875;163,40625;143,75;159,90625;262,78125;-15,53125;-20,5625;72,15625;-8,90625;12,53125;51,09375;-16,03125;-81,125;71,21875;117;-131,84375;192,21875;-37,90625;82,65625;-26,125;133,84375;81,375;36,15625;186,90625;-45,25;-93,9375;-193,34375;-114,59375;-173,09375;-142,84375;-78,03125;81,34375;165,5625;9,09375;-195,5;-61,46875;99;-22,3125;0,53125;30,0625;-120,5625;-53,46875;-111,875;-130,75;-42,96875;-131,625;73,4375;-44,03125;-176,46875;-79,84375;
-66,75;65;-79,96875;-117,03125;25,28125;-231,0625;-171,84375;-322,375;-234,40625;-136,59375;-227,375;-49,125;-373,15625;-240,65625;-359,53125;-370,03125;-92,53125;-211,84375;-217,9375;-350,03125;-113,0625;-276,5625;-63,3125;-184,5625;-346,875;-243,28125;-183,09375;-317,6875;-97,25;-336,46875;-95,28125;-395;-129,21875;-355,5625;-219,28125;-260,71875;-339,84375;-266,09375;-58,03125;-140,21875;-372,03125;-305,71875;-473,28125;-356,34375;-173,71875;-281,90625;-331,03125;-136;-234,0625;-219,65625;-258,5;-228,03125;-281,34375;-247,9375;-322,8125;-351,21875;-303,59375;-306,375;-243,875;-521,25;-217,125;-187;-273,96875;-121,09375;-95,375;-285,90625;-247,65625;-185,4375;-204,03125;-71,53125;-207,0625;-179,84375;-29,25;-24,625;-48;-186,9375;-119,15625;-139,84375;-81,8125;-144,5625;13,8125;-123,53125;-103,34375;-144,875;-271,96875;-89,625;-67,59375;-168,53125;-126,875;-249,65625;32,03125;140;-143;-200,53125;-112,71875;-208,28125;-106,5625;-39,25;-89,34375;32,625;81,28125;258,78125;246,34375;168,84375;-57,0625;300,65625;333,59375;-54,25;60,65625;-122,59375;-136,0625;-257,75;-133,9375;-228,78125;-112,1875;-21,1875;146,96875;254,6875;220,78125;282,8125;264,4375;552,28125;469,625;496,5625;360,46875;326,25;478,5;333,71875;496,28125;558,90625;468,40625;654,96875;784,09375;825,5625;847,9375;1100,15625;873,53125;1139,03125;1037,15625;902;663,28125;722,1875;735,21875;616,65625;464,9375;639,84375;593,53125;634,1875;969,375;960,09375;1150,03125;990,25;1085,03125;1440,375;932,46875;937,84375;937,6875;928,125;565,21875;697,59375;631,8125;708,34375;573,28125;630,4375;737,84375;846,09375;759,09375;860,21875;995,84375;804;723,59375;894;1079,15625;909,375;742,28125;636,125;720,5625;500,03125;468,5625;537,40625;619,0625;621,125;556,71875;578,09375;661,625;596,84375;751,1875;901,4375;826,15625;763,96875;883,78125;860,375;552,4375;623,15625;594,5625;282,8125;310,3125;160,59375;70,6875;-126,46875;-38,46875;-194,375;-29,3125;-200,03125;-235,59375;-183,28125;-14,78125;-304,84375;-143,9375;-147,21875;79,1875;-226,90625;-150,46875;141,59375;-38,0625;-149,25;-83,59375;-195,6875;-205,1875;-172,96875;-185,8125;55,09375;70,46875;-75,46875;-281,6875;55,34375;-109,28125;-92,0625;-190,4375;140,78125;82,84375;-51,46875;99,21875;49,84375;-148,9375;-20,6875;108,40625;-12,46875;-70,46875;-25,28125;84,65625;85,125;103,125;1,28125;-19,90625;80,75;63,09375;-36,0625;112,875;-51,59375;156;-73,5;154,84375;113,625;-5,5625;325,375;79,1875;279,5;75,46875;258,75;-197,1875;154,78125;-30;0,6875;-113,03125;179,46875;24,03125;34,90625;-51,625;-12,25;207,625;38,9375;140,0625;119,28125;-18,65625;-125,375;-18,15625;-152,21875;-3,03125;-39,84375;251,40625;45,71875;92,25;69,46875;69,4375;6,40625;59,09375;-132,5;157,28125;-164,1875;117,40625;42,03125;-87,6875;52,15625;-144,5625;26,875;-74,40625;-116,0625;-230,8125;40,84375;-131,9375;12,4375;41,625;35,09375;-79,3125;115;51,59375;321,6875;7,4375;76,15625;-111,78125;-183,6875;-183,5;-19,5625;-41,15625;-165,4375;-104,25;18,375;-11,6875;14,53125;
52;-115,6875;-30,6875;131,09375;-63,71875;-30,96875;-11,40625;-115,75;-133,5625;-105,9375;-298,0625;-242,875;-200,5;-163,25;-256,15625;-258,6875;-54,9375;-72,96875;-178,09375;-264,09375;-167,90625;-158,0625;25,625;-93,21875;-171,09375;-202,375;-54,875;-96,90625;-246,75;-103,34375;-195,90625;-181,03125;-241,875;-161,59375;-350,1875;22,65625;-313,40625;-487,1875;-272,03125;-303,1875;-411,78125;-319,90625;-227,0625;-233,25;-211,71875;-248,53125;-263,40625;-402,15625;-306,9375;-400,84375;-245,78125;-252,84375;-63,5625;169,34375;-269,875;-141,625;3,90625;-313,65625;-136,71875;-239,71875;-559,96875;-360;163,78125;-185,34375;-191,28125;-10,40625;-123,96875;-214,375;-115,84375;86,78125;-242,90625;-99,65625;-296,75;-287,125;-266,6875;-208,6875;-293,375;-301,15625;157,03125;60,5625;-49,09375;150,40625;164,1875;1,96875;-5,28125;-36,5;-0,15625;-119,40625;-34,65625;-92,75;-177,40625;127,9375;4,5;-77,625;-107,875;-133,34375;169,875;-46,125;-84,25;285,59375;-27,40625;102,75;336,28125;52,28125;388,78125;222,40625;164,09375;78,3125;-58;-31,21875;-0,6875;23,28125;-26,625;-30,8125;150,9375;184,6875;163,1875;224,09375;378,34375;235,15625;371,96875;657,09375;515,8125;614,4375;438,90625;462,84375;593,65625;382,25;447,5;248,21875;417,75;721,65625;732,9375;817,1875;916,625;1402,40625;1067,625;1107,84375;1057,84375;1009,40625;757,53125;840,625;672,15625;477,90625;633,78125;650,9375;710,28125;754,25;812,15625;926,59375;934,3125;1151,46875;1101,46875;1012,59375;1200,875;1095,25;960,15625;833,375;786,6875;650,53125;779,4375;823,6875;727,5625;979,90625;644,84375;848;936,28125;861,96875;833,4375;888,8125;1149,25;999,3125;1145,0625;724,375;665,46875;566,875;560,6875;483,125;634,25;734,5625;559,0625;567,15625;776,4375;855,5625;788,03125;811,65625;797,5625;866,78125;828,15625;782,78125;880,59375;799,875;534,78125;450,03125;535,375;458,625;171,21875;179,34375;-209,625;37;-57,15625;-85,6875;50,125;-56,125;37,09375;-95,8125;-171,28125;107,6875;-23,40625;62,375;-20,0625;-49,46875;-42,6875;62,90625;-214,75;-108,0625;4,25;-30,34375;-290,125;-88,4375;91,9375;96,1875;-44,125;-49,125;-152,125;-71,53125;-58,84375;29,46875;37,375;-165,84375;211,53125;172,6875;145,78125;96,78125;134,28125;-50,3125;-83,90625;37,96875;38,875;75;-88,46875;231,4375;112,4375;290,5625;122,6875;32,0625;183,6875;256,65625;68,65625;73,875;237,59375;176,875;244,53125;-30,375;59,375;340,96875;123;-165,75;81,34375;218,40625;92,8125;31,40625;63,25;46,03125;134,5625;206,4375;209,59375;135,21875;62,53125;28,53125;21,90625;263,375;61,78125;88,875;183,96875;189,5;90,71875;146,625;20;129,25;172,25;179,46875;39,125;32,125;42,375;90,15625;-99,875;228,09375;158,9375;-13,78125;-59,71875;221,03125;163,9375;100,1875;89,375;177,65625;-152,3125;251,59375;80,4375;-154,5625;82,78125;279,28125;24,75;22,84375;93;-160,8125;118,625;-42,1875;-18,4375;-166,40625;117,09375;65,75;103,9375;166,71875;85,90625;147,3125;-12,21875;170,90625;96,53125;100,1875;
-101,78125;-45,03125;-54,84375;-192,46875;-110,15625;-180,5;-94,78125;-175,21875;-197,5;-173,53125;-128,8125;-143,71875;-46,9375;-278,78125;-330,1875;-391,59375;-7,71875;-390,90625;-290,21875;-185,96875;-413,0625;-120,0625;-4,375;-264,28125;-156;-404,71875;-243,1875;-280,21875;-125,09375;-221,84375;-186,46875;-318,5;-210,375;-269,0625;-164,53125;-235,9375;-242,75;-225,03125;-124;-217;-359,84375;-241,625;-282,09375;-429,03125;-278,5;-360,53125;-236,71875;-257,53125;-272,53125;-298,6875;-237,84375;-330,8125;-359,9375;-335,84375;-267,90625;-267,15625;-177,75;-232,25;-389,3125;-371,03125;-101,625;-305,125;-175,375;-186,15625;-169,625;-366,6875;-328,875;-249,625;-198,125;-442;-157,34375;-14,78125;-256,53125;-373,6875;-174,34375;-276,1875;-160,84375;-138,125;-120,34375;-148,53125;-127,96875;-57,65625;-58,65625;-192,96875;-366,96875;-224,34375;50,875;-248,6875;-148,4375;-66,40625;-50,90625;-41,4375;45,34375;6,1875;-75,4375;-4,5625;-101,71875;-267,71875;-39,3125;-209,71875;76,15625;91,75;205,8125;208,125;254,65625;73,90625;172,1875;-78,21875;-105,40625;-168,9375;19,8125;-18,15625;-54,40625;-340,6875;-5,875;58,03125;171,15625;78,65625;385,71875;226,25;280,09375;456,875;91,21875;438,40625;286,4375;294,09375;280,1875;295,65625;325,1875;235,71875;275,84375;623,1875;640;924,28125;826,71875;795,4375;794,96875;907,59375;853,8125;738,34375;887,3125;477,90625;487,65625;479,28125;542,21875;486,03125;336,4375;525,75;703,65625;795,9375;890,375;986,59375;1016,21875;1099,71875;855,6875;869,96875;589,03125;690,5;487,125;521,125;519,25;623,15625;610,75;504,78125;786,375;721,84375;595,21875;907,59375;803,15625;737,1875;730,65625;905,9375;806,21875;819,9375;803,71875;685,71875;664,90625;534,90625;404,0625;448,96875;531,96875;374,53125;461,5625;808,3125;565,28125;872,78125;712,59375;833,84375;902,03125;882,53125;671,90625;820,1875;733,8125;416,625;457,9375;26,53125;124,09375;-77,46875;108,28125;12,8125;-226,65625;-39;-42;-74,5;71,78125;-75,78125;-124;-69,0625;-158,84375;-25,40625;-212,6875;-168,40625;-223,96875;-129,78125;98,03125;-277,59375;-170,65625;-174,5;100,09375;-117,21875;-163,875;4,34375;0,25;49,0625;-125,5;-160,65625;-347,375;-93,75;-93,75;-99,59375;16,84375;-110,59375;-107,3125;-5,6875;-76,96875;-141,5625;-72,75;-91,1875;-11,875;-256,4375;-148,3125;-185,03125;63,5625;-7,96875;33,78125;-167,0625;153,1875;-13,21875;87,5;234,59375;81,71875;-86,71875;11,6875;-11,71875;63,25;3,0625;80,9375;-95,375;-79,71875;-114,34375;138,28125;80,78125;68,125;-79,4375;-230,0625;-99,90625;-27,21875;76,75;-43,09375;21,625;73,9375;-109,34375;-51,84375;129,03125;-48,8125;-91;80,90625;-48,25;-173,03125;71,09375;108,75;-186,65625;59,71875;-19,3125;-138,0625;98,25;102;-52,5625;40,625;3,5625;-12,28125;-54,1875;-160,4375;147,125;80,5;-6,78125;61,125;-52,9375;57,4375;-73,96875;-69,4375;-53,34375;66,5625;1,5625;-225,84375;90,75;-9,1875;-1,1875;67,78125;-16,78125;83,9375;-154,09375;18;128,9375;-128,625;-35,25;51,65625;-187,34375;-45,28125;-131,5625;
30,65625;111,5;-100,46875;-43,40625;69,8125;-42,40625;4,53125;-91,84375;-9,5625;-110,5;10,40625;-95,34375;-163,4375;-209,375;-153,9375;2,125;-98,0625;-286,71875;-158,59375;118,9375;-12,53125;-21,28125;-166,0625;-36,4375;-305,75;-104,375;-184,59375;-129,53125;-190,6875;-126,15625;-295,90625;-124,375;-23,28125;-204,53125;25,625;-18,0625;-135,9375;-200,28125;-262,65625;-111,03125;-150,46875;-189;-241,53125;-244,0625;-142,09375;-293,78125;-200,625;-66,5;-189,34375;-314,28125;-223,65625;-218,40625;-248,9375;-136,40625;-95,625;-145,46875;-275,90625;-265,875;-148,28125;-152,84375;-86,875;39,625;-241,1875;36,5625;-329,875;-10,53125;-198,65625;-293,0625;-28,6875;-194,25;-153,8125;-144,21875;14,5;-189,5625;-185,6875;-246,65625;-91,65625;15,71875;-201,96875;-310,4375;39,21875;-57,65625;6;-39,71875;-59,09375;-130,59375;-65,34375;2;-44,53125;-158,28125;81,03125;8,40625;52,3125;-52,5;-202,09375;-96,53125;-175,625;-34,78125;87,8125;100,53125;102,6875;58,5;81,125;202,28125;266,40625;-124,46875;137,6875;137,4375;51,4375;-6,1875;-19,6875;-84,375;-41,25;56,71875;-53,09375;-42,375;303,125;84,34375;307,375;321,71875;409,34375;334,15625;405,5;401,6875;340,03125;389,15625;465,625;450,5;456;242,0625;360,5;373,65625;572,3125;677,46875;851,21875;1084,53125;1052,65625;1042,75;973,84375;855,4375;764,15625;492,40625;669,1875;360,0625;464,15625;427;620,25;654,28125;790,21875;907,25;849,375;1147,21875;976,4375;899,71875;729,5625;626,09375;700,3125;530,40625;491,25;564,25;427,90625;456,75;514,96875;437,96875;555,6875;796,15625;918,34375;840,5;978,5625;758,875;863,59375;846,84375;896;922,34375;879,625;662,40625;599,1875;603,34375;624,3125;668,46875;415,46875;246,9375;582,1875;499,5;721,65625;688,40625;649,75;690,375;803,65625;784;917,90625;759,6875;525,84375;504,84375;511,96875;266,4375;189,21875;164,0625;158,0625;210,90625;110,75;-114,3125;-42,21875;-164,5;-218,84375;-255,40625;-92;-117,625;28,4375;-63,9375;29,375;-180,8125;-222,34375;-325,0625;-256,375;82,59375;-37,625;-66,15625;-67,1875;-69,71875;-102,46875;34,40625;34,1875;-25,78125;37,15625;-94,84375;14,9375;107,3125;65,375;78,875;38,4375;19,375;8,28125;-101,28125;107,25;51,28125;68,5;-72,875;80,40625;85,09375;-95,375;-63,84375;204,5625;70,09375;62,5;152,09375;203,9375;143,46875;18,6875;196,03125;173,4375;98,65625;91,09375;-12,8125;172,25;147,5625;-8,28125;168,09375;-123,5;68,375;-7,15625;53,21875;159,96875;3,53125;144,28125;-64,90625;176,375;123;354,75;-16,125;126,34375;160,34375;288,59375;316,625;84,15625;87,78125;23,375;138,1875;143,625;181,8125;22,1875;-0,53125;79,9375;193,0625;47,6875;130,625;-55,21875;230,59375;-11,34375;100,96875;-60,96875;86,90625;48,28125;-112,0625;76,84375;69,5;47,65625;93,53125;-19;172,0625;-82;2,15625;99,1875;-43,96875;-32,53125;28,6875;-29,34375;170,71875;136,96875;-107,71875;182,9375;-45,875;69,75;98,71875;-20,875;-36,1875;-11;106,53125;22,15625;27,21875;
37,375;51,15625;-197,5;15,875;110,15625;51,84375;51,75;-98,1875;-43,15625;62,28125;-105,1875;-6,21875;-222,4375;80,9375;73,9375;-93,15625;24,875;-121,65625;47,25;-79,3125;-93,1875;-23;15,125;-192,4375;-14,65625;92,09375;-110,84375;-1,3125;-148,4375;-294,625;-215,90625;-225,46875;-180,34375;-210,25;-159,96875;-25,46875;-149,75;-226,9375;59,0625;-38,125;-231,8125;-32,1875;33,03125;-59,15625;-227,5625;-70,6875;-271;-147,34375;-123,34375;-215,21875;-156,59375;-89,34375;-261,375;-72,25;1,21875;-200,75;-167,9375;-31,125;-86,40625;-116,5;-141;-85,46875;-36;-165,65625;-308,59375;-70,1875;-169,15625;-84,75;56,90625;162,65625;-98,8125;-70,34375;14,875;-159,84375;-131,90625;-0,59375;-202,1875;46,96875;-73,46875;-22,15625;-20,96875;-124,03125;-30,5;-27,71875;19,03125;-112,09375;165,46875;150,71875;-147,15625;72,125;-150,5625;-35,15625;-71,15625;49,375;0,0625;178,53125;-85,1875;-111,75;31,03125;-173,5625;304,34375;130,375;239,78125;418,21875;425,46875;198,90625;283,3125;288,6875;-43,5625;375,71875;27,53125;14,375;121,09375;47,4375;109,28125;125,8125;177,03125;403,9375;210,71875;463,71875;510,84375;431,75;420,40625;498,46875;366,65625;554,28125;553,8125;398,59375;325,4375;492,6875;591,71875;627,90625;878,4375;740,53125;842,59375;993,1875;851,25;972,9375;1106,78125;968,78125;701,03125;420,84375;641,71875;447,90625;350,8125;621,75;445,6875;617,15625;780,65625;868,25;725,9375;911;883,09375;927,1875;936,6875;895,78125;774,65625;885,65625;614,28125;575,53125;378,4375;312,5;584,4375;675,46875;480,21875;772,0625;819,5625;762,25;888,375;773,03125;743,90625;856,71875;710,96875;923,96875;833,25;548,96875;760,96875;508,9375;633,09375;637,03125;357,3125;523,90625;625,125;526,5;904,5625;775,09375;734,03125;850,53125;674,71875;691,15625;657,4375;742,46875;697,375;722,3125;229,15625;504,15625;205,375;135,625;104,375;-29,75;29,8125;203,46875;-149,78125;66,5625;11,875;175,65625;55,4375;78,625;9,96875;225,0625;13,375;-17,46875;-77,96875;35,3125;-190,75;-42,75;-249,84375;-28,53125;255,1875;71,4375;13,90625;-149,84375;-122,5;16,09375;-63,71875;76,21875;125,3125;69,90625;94,09375;-115,4375;15,96875;-3,75;128,5;-45,0625;76,625;83,0625;151,4375;13,125;255,09375;-20,9375;179,09375;174,5625;270,1875;161,3125;185,03125;72,25;10,78125;229,21875;214,5625;282,8125;39,25;55,53125;154,1875;301,125;297,15625;147,09375;351,40625;260,5;108,78125;278;424,65625;239,4375;176,9375;45,90625;227,4375;440,3125;339,1875;73,46875;407,6875;263,6875;267,59375;279,25;93,75;240,3125;339,375;221,0625;303,375;205,78125;262,53125;104,4375;102,09375;298,46875;307,46875;177,9375;64,40625;184,90625;23,53125;243,4375;234,03125;253,15625;151,25;207,03125;223,96875;228,59375;173,71875;92,59375;148,25;-89,5625;144,9375;143,75;241,75;14,3125;242,75;160,0625;34,125;427,21875;-3,0625;452,84375;204,375;175,34375;199,0625;167,90625;64,84375;102,28125;158,96875;112,75;222,34375;50,84375;112,84375;-2,53125;
26,90625;66,84375;-55,59375;-127,71875;101,46875;-118,875;-45,8125;-32,25;-126,46875;115,09375;-164,9375;-99,65625;-114,1875;-196,96875;-365,59375;-144,90625;-243,375;-256,5625;-7,15625;-208,34375;-127,46875;-486,125;-168,59375;-214,65625;-392,25;-99,75;-156,21875;-197,21875;-307,34375;-171,90625;-426,25;-140,1875;-256,1875;-272,0625;-189,09375;-308,78125;-347,6875;-207,9375;-265,03125;-407,78125;-243,3125;-406,15625;-208,5;-146,6875;-409,5;-290,84375;-277,0625;-263,125;-155,90625;-191,4375;-339,5625;-346,21875;-454,65625;-173,21875;-364,59375;-210,75;-274,375;-263,5625;-400,59375;-226,09375;-198,15625;-174,25;-101,28125;-354,53125;-295,34375;-236,8125;-385,21875;-232,78125;-417,25;-249,375;-237,15625;-230,625;-273,375;-193,1875;-125,1875;-220,03125;-139,71875;-197,5;-94,03125;-136,8125;-270,5;-238,5;-54,78125;-199,46875;-214,875;-331,34375;-378,78125;-207,375;-230,96875;-128,375;13,84375;-65,59375;-119,34375;-120;13,90625;-45,375;-196,5;-58;-74,25;-104,34375;-81,28125;-70,375;108,15625;-21,875;-47,9375;191,21875;-231,03125;-29,09375;-1,28125;-97,5;-229,09375;-115,1875;-315,5625;-41,96875;-91,6875;-131,59375;14,40625;86,09375;175,75;146,59375;359,71875;455,53125;248,25;412,6875;489,84375;271,78125;424,875;336,3125;407,3125;344,59375;317,46875;434,125;671,59375;638,21875;559,21875;954,96875;632,125;744,4375;716,21875;783,9375;841,4375;433,34375;195,78125;176,1875;380,34375;346,1875;566,03125;453,5;411,1875;630,3125;648,875;740,125;562,40625;806,0625;796,71875;758;429,3125;234,78125;380,75;337,53125;538,6875;411,25;225,375;480,9375;411,625;621,0625;672,96875;555,90625;413,8125;606,5;615,0625;751,0625;574,5;476,21875;456,53125;474,46875;361,78125;379,53125;389,75;369,96875;313,6875;504;575,34375;405,0625;521,0625;550,28125;615,40625;523,25;600,96875;638,21875;617,125;377,875;409,34375;478,5625;250,9375;261,875;74,875;-179,78125;-69,53125;-238,21875;-83,8125;-240,0625;-66,71875;-57,5;-143;-279,6875;-70,53125;-131,8125;-210,4375;-43,125;-37,53125;73,875;85,75;40,0625;-53,15625;43,59375;-110,34375;-196,75;-42,4375;-140,125;-63,46875;-181,21875;-164,59375;-208,6875;-15,71875;-62,1875;-277,03125;-92,6875;-92,0625;-293,28125;-36,125;138,3125;15,1875;-78,28125;1,71875;-7,625;-255,25;-51,03125;-43,25;19,84375;10,28125;-62,9375;189,78125;77,03125;31,96875;-73,65625;-85,375;148,9375;-5,5625;87,875;95,0625;38,6875;-45,375;-147,59375;24,03125;97,0625;74,4375;-42,75;147,90625;121,0625;-4,40625;14,28125;28;276,5;-33,71875;23,1875;23,46875;102,96875;-64,65625;-148,625;-94,875;138,21875;5,71875;104;0,125;119;32,6875;-60,96875;-35,28125;156,875;-75,25;78,53125;-70;-13,5;106,0625;175,53125;-19,53125;64,90625;92,09375;89,40625;-60,8125;-115,1875;-98,125;-38,25;-81,15625;45,9375;16,5;219,90625;25,5;-93,75;107,4375;-54,8125;-111,71875;-63,46875;128;93,84375;70,59375;-23,21875;-11,59375;-33,40625;-35;-31,9375;242,75;-11,15625;-13,71875;71,84375;-325,21875;-2,125;-43,59375;56,03125;
-16,4375;66,09375;-53,5;-166,96875;80,9375;-92,875;-86,65625;-171,15625;72,84375;-52,46875;-39,46875;87,34375;-241,6875;88,65625;-2,84375;-99,65625;-153,4375;-65,5625;114,90625;-272,28125;-104,5;-233,9375;-204,15625;-304,78125;-2;16,9375;-84,8125;-27,9375;-303,5625;62,375;-187,03125;-157,0625;-218,96875;-177,46875;-272,875;-114,53125;-166;-113,625;-277,28125;-86,09375;-158,875;-3,4375;-182,84375;-112,875;14,21875;-51,8125;-346,5625;-67,9375;-159,375;-292,40625;-185,25;-157,15625;-201,46875;-367,9375;-298,46875;-275,34375;-263,375;-136,46875;-329,78125;-34,375;-318,78125;-315,625;-272,25;-120,9375;-232,15625;-307,03125;-121,96875;-86,46875;-405,0625;-357,4375;-219,78125;-329,9375;-249,5625;-69,375;-137,0625;-56;-336,90625;-226,3125;-109,96875;-244,59375;-84,6875;-130,78125;-79,84375;-18,28125;-111,625;-13,34375;-275,96875;-38,875;-282,65625;-45,75;-394,90625;69,4375;-132,03125;138,5;19,6875;-95,0625;-14,5;-182,09375;5,53125;137,34375;330,46875;7,6875;-8,875;247,15625;284,0625;95,71875;149,53125;-53,375;206,125;-5,8125;-93,28125;124,03125;-82,3125;-31,15625;-41,96875;79,03125;419,375;297,46875;364,90625;533,625;375,28125;449,65625;473,3125;433,40625;553,9375;334,21875;451,3125;423,71875;380,28125;454,25;623,6875;285,78125;568,84375;701,65625;924,21875;941,53125;834,5;1042,84375;785,40625;789,40625;669,59375;507,1875;395,5;305,375;587,03125;339,625;400,125;458,0625;547,8125;790,5;850,0625;728,5625;878;711,59375;752,4375;605,96875;424,3125;461;594,375;257,8125;321;391,71875;389,09375;337,09375;703,15625;502,8125;583,5625;654,09375;669,75;646,15625;701,3125;583,59375;694,9375;731,875;318,53125;608,71875;395,625;362,3125;445,5;139,40625;210,875;487,34375;563,875;579,5625;403,59375;544,875;617,28125;560,90625;583,28125;558,1875;628,6875;380,9375;497,90625;386,5625;-30,4375;87,875;370,6875;51,28125;-158,5;-58;-284,90625;-58,125;-241,375;33;-59,84375;-138,8125;-268,90625;-140,28125;-118,375;39,75;37,8125;-54,09375;-49,78125;-33,1875;-10,21875;-53,625;-145,0625;202,40625;88,34375;-84,375;-228,09375;-2,375;17,5625;-210,34375;-284,1875;-158,875;-0,71875;-32;-10,59375;-59,625;-49,21875;57,0625;22,8125;3,53125;-43,21875;60,59375;38,71875;-36,40625;-25,5;-138,75;-17,65625;-57,34375;28,09375;-116,75;-21,09375;-1,46875;42,1875;165,46875;-18,03125;151,4375;190,71875;50,71875;41;105,5625;137,71875;165,09375;71,5;241,625;317,53125;73,78125;95,125;19,5;9,3125;78,84375;7,25;240;68,28125;69,125;94,3125;108,84375;155,78125;198,625;172,5625;46,84375;95,6875;-33,625;144,8125;-64,6875;32,625;-66,375;43,5;181,03125;145,125;-84,59375;-23,40625;100,46875;190,71875;94,21875;44,15625;40,03125;-21,09375;-13,84375;-179,21875;75,71875;23,3125;-62,1875;-76,03125;-51,59375;-0,25;224,09375;152,46875;-23,3125;269,125;108,6875;239,125;118,4375;-38,5;140,03125;179,71875;164,03125;24,09375;-70,15625;46,6875;185,09375;-115,375;112,5;192,9375;113,40625;55,9375;-150,3125;
159,625;-46,3125;33,78125;-40,375;-223,125;-65;-338,03125;-244,09375;-161,0625;-150,5;88,15625;-241,78125;-126,90625;-39,5625;-292,25;-190,65625;-330,6875;-242,5;-153,71875;-211,09375;-138,3125;-182,6875;-113,0625;-316,53125;-342,90625;-119,71875;-234,6875;-366,6875;-179,71875;-436,1875;-234,59375;-89,8125;-259,375;-265,25;-255,84375;-239,65625;-272,34375;-226,6875;-329,84375;-294,125;-584,5625;-401,25;-293,875;-422,46875;-301,375;-415,125;-299,28125;-353,46875;-391,15625;-282,34375;-404,28125;-450,84375;-474,15625;-426,8125;-286,03125;-405,875;-369,53125;-440,65625;-317,59375;-473,625;-398,9375;-454,03125;-554,28125;-313,09375;-282,53125;-256,1875;-324,25;-239,375;-532,0625;-462,75;-457,5625;-402,46875;-160,21875;-235,59375;-347,71875;-237,5625;-310,34375;-342,40625;-515,15625;-323,9375;-107,1875;-167,46875;-173,90625;-388,25;-292;-207,59375;-96,28125;-213,875;10,3125;-107,53125;-169,5625;-302,46875;-83,71875;-136,71875;-246,25;64,96875;-157,0625;-270,1875;-224,25;-190,34375;-142,84375;44,90625;136,28125;-38,4375;9,5;62,34375;-131;-212,09375;-157,78125;-222,5;-87,4375;-157,75;-5,5625;-237,71875;45,09375;-157,75;-20,71875;177,25;288;247,65625;136;343,84375;230,78125;379,46875;163,78125;329,6875;425,125;116,125;393,96875;283,5;167,65625;420,9375;556,46875;660,875;596,96875;767,09375;530,40625;650,84375;614,6875;506,90625;385,4375;199,28125;329,75;325,9375;-50,15625;160,46875;466,8125;198,65625;405,9375;650,71875;402,09375;450,5625;621,125;800;714,65625;455,59375;542,4375;311,03125;355,28125;309,9375;287,53125;246,5625;400,4375;383,65625;443,84375;531,0625;428,34375;556,78125;540,875;519,96875;472,75;576,8125;318,40625;327,3125;473;459,625;164,71875;329,4375;134,46875;145;120,15625;258,3125;387,28125;185,09375;329,53125;262,625;532,59375;471,875;351,46875;264,34375;380,5;191,65625;175,53125;117,3125;-86,5;293,15625;-160,625;7,8125;-164,53125;-208,71875;-220,53125;-94,15625;-45,71875;-67,625;-170,34375;-305,65625;-160,9375;-349,21875;-68,375;-266,46875;-250,8125;-290,09375;-95,40625;-26,59375;-153,21875;-168,625;-220,59375;-95,09375;-112,65625;-213,84375;-144,96875;-202,90625;-305,6875;-84,09375;-66,75;-228,875;-8,71875;-275,59375;-62,1875;-366,0625;-259,09375;-422,125;-152,40625;-157;-183,25;28,4375;-133,8125;-93,21875;-39;-189,21875;-144,34375;-18,625;-318,03125;62,9375;-22,75;117,1875;-335,3125;-19,53125;27,4375;-107,875;52,625;-52,90625;-74,90625;41,59375;173,625;67,46875;-175,21875;-0,125;-103,375;-108,3125;-51,46875;61,84375;-125,6875;-242,53125;-112,5625;-186;-73,3125;-118,8125;110,21875;-57,21875;-140,9375;-42,5625;-349,8125;56,8125;-69,875;-214,875;26,8125;-96,09375;-155,40625;-209,8125;-0,15625;-165,25;-216,125;-70,71875;-141,03125;-109,28125;-74,78125;-54,4375;-258,65625;-97,0625;-4,3125;-89,4375;-191,5;-28,5625;-116,40625;-218,5;-29,53125;-142,96875;23,5;-121,53125;-143,96875;22,53125;92,625;-201,96875;-78,53125;-62,25;-78,6875;-108,34375;-112,96875;-97,8125;-73,125;-48,0625;-15,625;-143,875;-91,1875;-161,75;-180,0625;-157,65625;-151,0625;-128,90625;
-92,3125;-20,1875;24,03125;119,5625;28,03125;-48,9375;-166,375;-97,71875;-18,15625;-63;-39,5;-120,625;-59,5;45,53125;7,40625;-48,09375;-110,1875;-11,375;-136,5625;-156,125;-191,21875;-255,65625;-237,28125;-148,65625;2,9375;97,34375;-129,65625;-159;-209,90625;-242,375;-293,75;-142,75;-256,96875;-349,9375;-177,9375;-247,21875;-202,53125;-245,65625;-62,5;-169,59375;-275,25;-258,84375;-233,4375;-358,0625;-256,15625;-268;-222,3125;-265,34375;6,46875;-325,03125;-220,375;-306,15625;-344,09375;-225,46875;-353,65625;-240,21875;-425,46875;-314,4375;-305,625;-304,5;-415,78125;-224,09375;-294,09375;-245,375;-444;-309,3125;-121,75;-354,625;-434,75;-83,375;-235,625;-218,71875;-357,78125;-395,5;-69,71875;-216,59375;-191;-118,71875;-290,90625;-193,65625;-337,03125;-102,09375;-142,1875;-336,9375;-103,15625;-201,46875;-120,4375;-229,78125;-232,625;39,21875;-64,53125;-55,90625;-7,53125;-283;60,59375;-211,9375;-78,03125;-65,125;-189,78125;-89,15625;-153,71875;-23,03125;-94,21875;7,28125;243,875;48,5;11,125;-25,8125;-87,8125;-212;45,21875;94,5;-62,625;118,3125;57,84375;242,5;203,90625;145,28125;404,84375;482,4375;283,59375;388,25;500,96875;425,28125;357,1875;238,90625;310,25;214,3125;205,6875;417;359,09375;453,15625;608,90625;708,0625;711,6875;772,78125;690,59375;749,96875;674,15625;568,09375;579,34375;438,8125;251,53125;377,03125;274,28125;271,25;159,21875;375,5625;390;417,75;560,84375;939,8125;745,84375;664,9375;648,15625;371,6875;614,59375;435,96875;524,5625;380,71875;288,8125;286,53125;402,53125;357,0625;409,6875;559,875;543,09375;739,84375;575,75;607,53125;579,75;314,71875;366,0625;326,8125;240,71875;507,28125;437,75;267,5;310,71875;438,65625;556,34375;232,96875;345,34375;340,59375;341,3125;584,96875;559,3125;628,5625;496,4375;630,28125;453,125;454,875;280,53125;227,0625;198,21875;142,5;225,71875;174,875;42,09375;71,21875;-254,09375;-47,1875;-111,65625;-219,375;-170,625;-161,125;25,71875;-199,6875;-98,59375;-48,8125;-58,46875;59,75;54,15625;97,28125;-215;-154,21875;-213,4375;-212,8125;-111,75;-238,34375;-85,625;-132,59375;-450,53125;158,5625;17,875;-113,5;-69,5;-337,53125;-62,5625;-106,59375;-117,59375;-219,96875;-129,53125;-112,40625;-131,34375;0,9375;-320,40625;-189,375;-135,8125;119,375;64,28125;29,25;-137,09375;-69,375;-0,90625;-8,40625;-178,6875;191,65625;288,875;-49,625;141,34375;-40,875;123,625;3,84375;42,4375;-64,96875;23,15625;-63,625;-74,28125;180,125;-10,375;168,90625;146,75;-108,75;-6,25;161,53125;237,34375;26,21875;5,6875;46,53125;93,8125;-79,84375;-136,28125;17,59375;72,1875;-198,5625;110,71875;-429,5;175;-14,28125;-162,03125;-40,4375;5,375;19,84375;116,59375;-84;-121,03125;-16;1,53125;-115,21875;-55,53125;-142,3125;-12,0625;-27,96875;80,59375;-46,0625;39;-110,46875;155,625;-3;-21,25;-56,375;35,53125;-85,15625;-138,8125;95,375;45,59375;331,59375;-99,21875;-82,6875;36,9375;-198,4375;19,6875;149,46875;110,28125;190,6875;61,4375;-110,84375;-48,71875;70,28125;
-167,46875;-175,28125;-91,34375;-204,34375;-231,34375;0,71875;-58,25;-218,46875;-250;4,5;-209,875;-133,28125;-328,65625;-288,65625;-232,71875;-89,78125;-325,5;58,0625;-291,8125;-210,375;-321,03125;-248,625;-237,5;-338,3125;-177,46875;-306,34375;-214,3125;-109,28125;-87,78125;-188,875;-457,3125;-147,9375;-340,8125;-288,21875;-392,96875;-258,0625;-270,4375;-367,03125;-447,90625;-525,3125;-460,34375;-351,59375;-306,96875;-303,59375;-224,90625;-753,53125;-397,21875;-362,90625;-289,3125;-326,28125;-525,1875;-274,875;-538,25;-167,4375;-418,65625;-326,5;-119,59375;-335,75;-363,59375;-309,0625;-500,84375;-206,40625;-361,0625;-329,78125;-382,59375;-613,84375;-275,15625;-383,6875;-330,40625;-678,09375;-451,34375;-202,59375;-418,1875;-371,09375;-353,21875;-282,65625;-453,15625;-546,625;-191,78125;-366,46875;-322,84375;-279,84375;-328,625;-499,71875;-389,84375;-152,28125;-259,4375;-411,53125;-367,40625;-269;-276,34375;-116,4375;-166,09375;-275,5625;-115,625;-36,15625;-108,90625;-271,75;-64,09375;-154,90625;-142,53125;-26,9375;-223,3125;10,375;-93,53125;-70,28125;122,46875;-147,40625;-78,46875;-256,65625;-106,84375;-300,25;-298,0625;-17,03125;-120,71875;-7,625;-86,15625;251,0625;67,34375;305,9375;124,5625;136,40625;215,96875;233,875;204,15625;223,875;242,75;55,875;146,28125;385,46875;415,40625;254,9375;527,25;536,375;566,3125;587,09375;455,1875;501,1875;501,40625;479,875;304,28125;353;140,59375;151,625;35,125;136,9375;99,21875;315,71875;401,65625;435;643,375;628,40625;540,625;490,78125;464,53125;415,625;546,71875;414,65625;311,75;114,09375;167,09375;382,71875;224,6875;203,28125;528,96875;522,8125;361,28125;561,21875;519,96875;681,75;624,9375;297,96875;336,375;622,8125;253;355,28125;111,125;181,75;289,03125;65,75;397,53125;310,53125;413,9375;242,53125;369,6875;406,59375;498,0625;444,90625;464,65625;292,1875;189,1875;278,375;233,15625;194,625;62,25;-94,625;-59,5625;-169,875;-250,8125;-207,9375;-461,90625;-269,875;-235,4375;-141,375;-37,90625;-189,71875;-274,875;-267,09375;-3,3125;-249,59375;-252,25;-222,59375;-124,25;-292,21875;-157,46875;-360,34375;-298,625;-444,5625;-163,9375;-171,9375;-116,5;-360,65625;-262,75;-326,21875;-274,71875;-156,75;-154,5;-198,5;-316,3125;-234,96875;-345,625;-100,71875;-170,46875;-483,1875;-255,0625;-310,4375;-245,9375;-88,625;-183,1875;-77,03125;-251,25;-63,9375;-216,5;-28,09375;-115;-182,8125;-94,75;-186,40625;-235,75;-122,125;9,625;-79,25;16,65625;-13,875;27,71875;-108,25;-6,71875;134,5;27,53125;-46,15625;-145,21875;-208,03125;110,59375;-176,15625;-213,875;-163,71875;-188,78125;212,65625;17,59375;-77,375;-137,90625;-267,5625;-126,78125;-223,5;-30,375;113,9375;-160,8125;-191,28125;-304,25;-12,40625;-213,59375;-228,28125;-215,6875;26,875;11,96875;-109;-344,46875;-176,59375;-194,40625;-165,4375;-157,125;-41,625;-128,375;-351,125;-19,03125;-173,9375;-128,6875;-47,59375;-142,8125;-21,3125;10,15625;137,625;16,03125;-131,46875;-162,78125;-205,25;-150,59375;-31;-23,8125;-225,84375;-59,4375;-168,3125;-178,1875;-184,21875;-221,21875;-58,875;-91,15625;41,28125;212,8125;-54,03125;
42,4375;-234,8125;14,71875;-40,59375;-58,5625;-89,1875;-112,15625;39,5625;-75,09375;70,65625;-45,46875;-83,28125;-126,53125;-239,15625;-55,3125;38,1875;-69,6875;-157;46,3125;-105,125;-104,46875;-90,5;-84,59375;-35,34375;-286,84375;-144,21875;-100,59375;-181,65625;-410,1875;-154,6875;-53,09375;-26,8125;-249,46875;-222,71875;-159,75;-117;-174,03125;-319,0625;-270,625;134,59375;-221,78125;-216,34375;-170,5625;-286,8125;-440,84375;-145;-138,3125;-253,59375;-294,5625;-285;-434,6875;-384,90625;-437,3125;-205,375;-108,40625;-455,90625;-443,03125;-374,96875;-230,71875;-320,84375;-190,5;-299,34375;-299,15625;-197,84375;-107,125;-2,78125;-417,9375;-113,84375;-370,46875;-358,53125;-365,5625;-93,75;-232,53125;-204,1875;-209,46875;-275,46875;-262,78125;-390,5625;-215,6875;-2,84375;-22,15625;-416,46875;-34,75;-37,21875;-212,46875;-4,84375;-214,6875;-152,25;-27,28125;-205,125;57,28125;-33,71875;-213,75;-116,15625;-3,625;18,90625;-3,9375;-152,5;-161,71875;-43,34375;66,9375;-50,625;139,34375;6,40625;176,34375;23,4375;16,09375;-158,78125;-122,65625;-29,9375;26,9375;98,75;-138,03125;52,28125;-151,875;158,875;41,9375;341,40625;329,6875;212,09375;208,5625;344,09375;394,1875;527,375;363,8125;298,53125;103,21875;271,625;235,5;273,125;354,40625;525,25;469,9375;573,375;802,375;613,125;840,65625;903,65625;592,78125;485,625;316,1875;233,375;275,15625;82,65625;208,9375;289,84375;244,8125;298,1875;279,28125;645,875;628,625;631,34375;522,84375;720,125;670,40625;492,5;229,6875;371,8125;331,3125;511,03125;413,03125;487,375;335,21875;430,34375;423,90625;294,53125;548,5625;674,375;650,3125;788,46875;676,1875;617,4375;464,15625;267,84375;411,90625;346,15625;312,65625;373,59375;218,59375;57,65625;419,46875;229,3125;479,71875;467,78125;554,5;561,90625;587,6875;406,34375;463,8125;752,0625;541,25;535,125;526,59375;403,9375;58,4375;148,34375;275,875;32,8125;-141,3125;-54,21875;-114,0625;-122,84375;-84,125;-219,21875;-153,0625;-85,59375;-263,875;-153,875;39,75;-148,8125;-127,59375;-190,65625;48,5;51,625;-104,5625;-63,21875;-58;-5,28125;-140,625;-129,96875;-151,34375;-206,90625;73,875;-350,28125;-119,625;-197,21875;-192,40625;-109,9375;-225,3125;-135,1875;-155,625;107,8125;10;-137,625;37,90625;-106,5;-50,40625;-74,90625;-68,625;-47,90625;-116,15625;-222,40625;-24,90625;98,9375;-4,125;43,625;-115,03125;45;-45,78125;61,71875;50,75;-54,71875;-133;-95,0625;178,9375;-21,46875;19,625;142,96875;-75,40625;41,59375;51,53125;165,75;74,21875;-152,59375;-120,125;-232,34375;-12,5;-113,34375;-112,375;39,09375;-20,875;-90,96875;-24,71875;166,4375;29,25;102,25;-68,65625;-64,09375;-87,46875;40,6875;58,8125;-238,9375;-30,5625;118,8125;-16,25;-50,59375;190,78125;40,65625;-67,875;156,71875;95,75;-47,46875;-76,90625;-185,75;79,375;43,375;49,71875;188,78125;31,5;-104,75;-83,5;-56,53125;-258;-60,625;-76,0625;117,625;-81;-157,65625;-17,8125;37,78125;23,21875;-160,71875;-167,21875;-9,65625;201,84375;-157,25;6,03125;0,53125;126,125;133,6875;
60,65625;-109,8125;-98,71875;-99,59375;-154,8125;-148,90625;-233,0625;93,71875;1,09375;-13,9375;-163,5;57,4375;6,9375;2,1875;113,84375;-133,5625;-70,375;-55,59375;-152,5625;-88,5;-11,4375;-207,375;-228,4375;-225,375;-72,46875;-123,0625;-187;-138,6875;-228,34375;-12;-275,6875;-167,59375;-183,53125;-247,5625;-360,78125;-356,21875;-392,875;-417,4375;-278,90625;-514,28125;-112,8125;-475,3125;-300,375;-346,625;-368,125;-288,46875;-487,84375;-557,875;-322,6875;-563,4375;-408,9375;-254,09375;-438;-254,03125;-221,125;-230,59375;-434,09375;-243,40625;-552,53125;-407,84375;-314,09375;-115,34375;-473,53125;-350,78125;-318,5625;-384,21875;-276,1875;-226,09375;-255,96875;-463,28125;-321,1875;-430,1875;-238,125;-365,6875;-402,65625;-239,78125;-305,03125;-350,03125;-561,875;-352,34375;-358,5625;-176,90625;-369,53125;-349,875;-92,625;-316,625;-260,0625;-273,28125;-184,09375;-232,5625;-300,6875;-336,96875;-220,875;-137,0625;14,34375;-138,03125;-224,9375;-332,96875;-141,21875;-123,6875;-21;-87,71875;17,21875;38,90625;45,9375;147,59375;-167,03125;-116,75;-218,84375;-77,21875;-117,90625;-97,59375;-60,84375;-240,78125;-44,46875;-39,96875;99,40625;219,78125;-84,65625;58,03125;325,9375;307,53125;255,1875;290,09375;280,4375;236,875;287,96875;288,15625;369,6875;257,28125;324,0625;443,6875;370,03125;406,8125;624,3125;571,84375;500,5625;692,3125;445,125;229,65625;377,6875;237,40625;341,34375;79,4375;192,59375;35,21875;253,96875;440,8125;278,15625;474,09375;440,09375;561,84375;528,25;563,03125;508,09375;386,28125;284,21875;112,5625;180,28125;290,25;269,625;226,53125;330,4375;269,25;531,5;227,71875;343;291,40625;450,125;551,6875;669,03125;505,53125;448,9375;310,875;294,71875;243,78125;272,84375;100,59375;383,34375;273,96875;279,28125;218,375;472;360,28125;416,4375;481,34375;511,59375;543,0625;477,6875;432,4375;445,84375;371,125;285,4375;261,25;102,46875;129,5;32,375;-38,84375;-378,46875;-333,5625;-310,59375;-124,40625;-118,84375;-303,40625;-361,6875;-121,84375;-346,28125;-307,5;-170,59375;-177,28125;-395,71875;-130,0625;-120,4375;-249,28125;-182,25;-201,03125;-221,1875;-174,71875;-332,0625;8,1875;-221,1875;-104;-192;-97,90625;-280,65625;-249,34375;-9,25;-210,5625;75,875;-226,40625;-151,65625;-101,78125;-329,40625;-61,5625;57,625;-345,15625;-138,5625;-120,59375;-210,9375;-127,46875;-232,9375;-14,1875;-274,03125;-104,1875;-253,46875;40,75;22,5625;-138,84375;0,96875;-154,1875;68,125;-110,90625;-53,0625;-154,71875;-104,09375;-20,15625;-33,28125;-126,84375;-13,71875;-103,59375;-3,0625;-12,4375;96,84375;-21,625;-75,4375;-27,9375;-1,0625;89,25;-9,5625;22,46875;0,5625;-120,40625;-121,21875;12,0625;-130,65625;-128,1875;-137,84375;-30,9375;-6,0625;-239,90625;-13,25;-149,5;151,71875;-94,4375;-10,96875;-178,65625;-94,15625;-78,1875;-116,0625;-55,9375;-130,5625;127,4375;12,9375;29,21875;69,65625;-213,34375;-26,03125;-293,875;-115,3125;-128,84375;77,21875;45,34375;-141,75;-28,3125;-128,65625;-153,46875;-166,625;80,65625;9,4375;-22,0625;-104,65625;-12,4375;21,9375;-219,375;-139,53125;-66,21875;-30,75;-44,4375;247,125;-108,53125;
156,78125;165,09375;73,21875;-90,25;96,9375;104,375;184,1875;145,15625;164,125;304,46875;-24,9375;154,59375;-2,3125;3,65625;44,09375;108,625;79,21875;116,25;22,625;175,28125;-18,875;-86,40625;-103,03125;-13,1875;-89,4375;83,375;-9,09375;-159,03125;-94,90625;9,9375;11,3125;-224,84375;64,125;-51,65625;-145,53125;-66,28125;-65,25;79,4375;5,59375;-74,78125;-29,46875;-96,6875;-97;-207,1875;-271,6875;-49,9375;-269,78125;-177,625;-310,375;-154,125;-176,28125;-263,625;-133,0625;-179,6875;-272,59375;-140,6875;-338,53125;-95,40625;-184,625;-197,8125;-277,34375;-221,5;-100,96875;-227,90625;-130,78125;-158,75;-238,5625;-161,71875;-217,1875;-83,21875;-234,71875;-129,78125;-282,125;-215,65625;-312,03125;-68,90625;-265,0625;-134,21875;-192,09375;-174,5625;-209,03125;-177,78125;-73;105,40625;-200,3125;-224,71875;-331,625;-202,03125;-87,875;-71,125;-155,78125;50;-87,96875;-56,09375;-23,8125;-76,84375;69,9375;216,875;86,84375;266,21875;172,75;71,125;118,65625;282,53125;-90;126,34375;153,03125;46,28125;-161,75;-70,46875;123,03125;92,65625;107,0625;-96,34375;-67,75;-126,21875;-108,40625;113,90625;211,5625;114,59375;259,78125;391,34375;373,3125;1,0625;279,34375;231,125;300,71875;228,25;462,3125;511,96875;548,09375;381,28125;349,875;463,5;767,46875;580,125;601,875;467,6875;526,84375;494,1875;310,03125;270,4375;334,75;198,59375;203,3125;310,25;381,03125;374,6875;490,65625;565,3125;628,5;573,34375;536,8125;700,15625;847,8125;686,5;541,84375;373,40625;329,4375;356,90625;374,84375;447,96875;305,09375;336,875;596,78125;563,71875;590,53125;588,25;688,59375;557,40625;645,03125;521;571,8125;543,6875;332,53125;390,625;496,90625;317,34375;378,75;408,3125;349,0625;445,09375;542,6875;454,28125;473,21875;655,75;655,34375;693,25;588,9375;625,28125;739,875;533,125;472,1875;500,5;317,5;356,84375;24,90625;68,40625;-32,78125;-189,03125;-81,46875;-209,71875;-64,34375;-220,34375;-105,6875;144,3125;-197,625;-70,71875;10,65625;-29,59375;76,5625;-67,84375;32,625;-248,125;-219,59375;-169,3125;30,5;-53,09375;26,625;-183,4375;-4;-215,3125;102,0625;-4,9375;-195,25;54,84375;-11,1875;-226,65625;-37,5;-143;-124,625;-19;-80,40625;-48,40625;-50,96875;-29,09375;-100,21875;-28,40625;-61,46875;-39,8125;-54,8125;-61,9375;-70,875;99,71875;-22,28125;-156,4375;72,15625;-116,25;-66,0625;10,4375;4;25,78125;190,0625;157,25;131,0625;50,90625;178,1875;64,75;33,65625;31,5;-63,875;73,5;58,15625;-18,78125;-153,6875;-26,46875;22,71875;16,4375;104,53125;81,84375;61,3125;-56,6875;69,5625;-19,1875;-55,5;23,71875;-109,96875;110,84375;18,75;-130,28125;-24,78125;115;118,84375;87,78125;-46,1875;-61,8125;178,625;56,3125;43,84375;0,03125;-122,6875;-74,75;-17,4375;39,5;50,1875;-20,875;63,8125;136,21875;-106,78125;38,9375;-16,03125;-61,9375;70,40625;-154,46875;29,5;-71,34375;187,71875;88,03125;-103,9375;23,53125;-24,4375;59,1875;89,53125;-19,5;-92,375;-142,03125;4,5625;57,78125;-95,28125;89,75;
164,8125;13,78125;72,40625;-66,15625;-32,875;260,125;-141,0625;174,28125;13,40625;-180,21875;-36,5;-39,71875;-49,25;29,09375;92,875;-221,75;-18,90625;-127,40625;-152,03125;-186,59375;-267,625;35,4375;-14,71875;-186,21875;33,40625;-189,40625;-164,5625;-178,78125;-249,46875;-131,90625;-170,71875;-250,96875;-268,0625;-136,3125;-248,25;-305,96875;-83,125;-138;-306,75;-470,1875;-374;-192,125;-207,03125;-434,78125;-240,53125;-333,84375;-220,03125;-189;-219,28125;-349,09375;-82,15625;-325,03125;-206,59375;-375,3125;-323,28125;-392,71875;-223,78125;-286,78125;-219,34375;-291,09375;-243,1875;-406,25;-164,53125;-351,59375;-315,03125;-159,0625;-114,25;-553,25;-227,1875;-402,25;-518,5;-206,78125;-342,5;-314,15625;-327,6875;-381,3125;-391,59375;-63,5625;-222,71875;-266,6875;-354,4375;-326,34375;-83,4375;-248,71875;-366,28125;-204,53125;-369,5625;-254,15625;-164,75;-56,8125;-125,59375;-9,1875;-75,3125;-168,375;-92,84375;-117;-440,59375;-133,59375;-150,5;-81,3125;-76,84375;45,5625;180,03125;-11,5625;-46;51,9375;-76,6875;-224,78125;-117,9375;-220,5;-132,1875;-44,375;-4,71875;-194,65625;-106,40625;-255,4375;-83,53125;-143,96875;100,84375;345,1875;113,46875;50,25;273,625;143,0625;-17,125;98,59375;59,28125;83,5625;111,65625;159,15625;196,28125;151,0625;482,9375;326,28125;229,75;396,5;602,53125;306,875;361,90625;365,875;235,40625;152,78125;42,46875;200,84375;36,625;188,5625;139,34375;188,59375;373,78125;413,5625;538,5;643,9375;453,34375;521,65625;385,1875;352,3125;78,4375;199,625;168,5;-16,8125;28,9375;225,625;174,28125;407;253,90625;406,65625;364,59375;574,375;452,46875;449,3125;377,90625;324,5;494,25;447,5;376,84375;257,375;368,8125;4,59375;258,59375;315,71875;354,96875;504,875;194,6875;325,71875;650,46875;470,90625;446,59375;492,34375;569,125;296,96875;466,875;639,3125;476,46875;308,125;175,75;149,75;-78,03125;-25,5625;-236,15625;-203,96875;-262,46875;-244,59375;-232,78125;-125,40625;-471,03125;-391,5;-256,625;-442,625;-306,125;-337,4375;-180,96875;-382,1875;-389,71875;-169,84375;-219,5;-73,96875;-286,875;-193,5625;-190,78125;90,34375;-73,875;5,15625;-137,40625;-125,40625;-200,9375;-339,25;-288,6875;-341,15625;-389,03125;-217,875;-227,65625;-418,53125;-366,6875;-233,28125;-343,1875;-355,9375;-202,65625;-234,46875;-169,84375;-234,4375;-402,9375;-152,625;-94,65625;-29,15625;-188,75;-274,90625;-146,6875;-68,59375;-236,53125;-12,1875;-149;20,9375;55,0625;-157,6875;-120,9375;-190,75;-62,53125;-53,34375;-86,9375;-304,71875;-100,09375;-140,5625;-28;-45;-181,0625;72,625;-161,1875;-207,84375;26,4375;-20,375;-70,3125;-45,5625;-20,40625;-67,34375;-199,90625;-257,65625;32,59375;32,34375;-64,71875;12,875;-118,71875;7,5;-45,46875;13,53125;-205,8125;24,8125;-111,25;-170,65625;-139,125;-382,9375;-200,75;-143,84375;-189,96875;-35,8125;-201,125;-188,15625;-137,71875;-88,71875;-120,75;-89,59375;-182,96875;-209,9375;-141,15625;-210,09375;88,71875;-44,09375;-124,15625;-227,21875;13,8125;-149,96875;2,59375;-193,15625;-148,4375;-104,09375;17,375;-145,25;-252,53125;-86,5;-105,5625;19,5;
400,125;278,125;198,78125;164,6875;126,65625;370,625;178,40625;85,21875;126,3125;121,625;161,40625;102,375;286,84375;141,5625;145,375;215,6875;13,84375;227,625;193,25;205,15625;22,5;37,375;138,125;48,5625;109,25;96,96875;37,71875;-5,375;-27,03125;-119,03125;268,15625;-21,09375;153,90625;-208,40625;-108,34375;174,90625;-104,3125;-107,25;-37,125;-59,21875;124,25;-218,1875;-93,65625;-69,15625;-303,34375;-121,71875;-63,5;-197,71875;-102,65625;-148,9375;-141,96875;-218,84375;-122,25;-180,75;-172,46875;-204,9375;-218,875;-114,78125;-245,625;-251,1875;-117,6875;-431,15625;-155,65625;-244,3125;-202,1875;-107,0625;-177,15625;-423,71875;-266,625;-187,5625;-61,65625;-43,53125;-65,84375;-267;-129,5625;-200,53125;-261,15625;-39,78125;-265,53125;-274,78125;52,9375;-50,3125;159,65625;16,46875;-213,65625;-135,15625;-39,28125;56,71875;126,78125;-106,125;-82,21875;147,09375;-26,90625;261,6875;26,375;3,8125;-62,4375;76,25;-102,09375;125,15625;205,46875;131,40625;157,34375;192,5625;70,8125;180,5;150,65625;26,84375;-6,84375;75,875;60,78125;-87,84375;89,40625;290,4375;-37,90625;322,71875;318,8125;231,71875;392,90625;333,1875;268;366,65625;202,125;291,71875;422,53125;321;289,34375;177,875;306,625;35,34375;242,96875;323,84375;597,5;445,6875;662,9375;641,59375;735,3125;618,40625;542,34375;343,84375;294,3125;340,46875;208;299,5;450,125;347,90625;429,71875;376,3125;510,0625;486,15625;748,28125;638,5;672,5625;573;624,8125;460,4375;429,625;270,5625;399,09375;387,15625;301,75;360,3125;388,5625;371,5;539,46875;534,46875;607,75;579,3125;497,75;548,25;520,875;671,75;681,3125;551,59375;401,65625;466,84375;538,8125;374,9375;400,46875;600,875;508,53125;726,875;500,5;732,4375;615,21875;482,78125;447,1875;768,6875;753,3125;629,25;447,5;568,5625;382,59375;333,03125;79,5625;201,53125;94,71875;63,375;0,90625;-95,40625;-52,5;-127,78125;-40,28125;-169,3125;88,53125;-88,0625;-176,1875;69,1875;-290,75;-200,09375;-8,53125;-312,15625;61,90625;-20,3125;-142,3125;-36,09375;-162,15625;94,03125;-57,15625;-77,40625;-192,9375;-103,1875;44,6875;-188,59375;-31;-264,125;-2,8125;-148,21875;-106,125;-113,03125;-116,3125;-138,25;-83,28125;90,78125;-53,78125;-64,53125;-64,03125;-211,65625;19,3125;38,875;-77,625;18,40625;-163,875;-8,625;108,15625;171,75;89,28125;249,28125;-65,3125;120,46875;63,5;65,09375;111,75;162,4375;307,0625;106,6875;198,25;-17,4375;-45,3125;195,96875;207,125;18,0625;298,25;219,25;72,25;109,75;104,46875;274,9375;137,3125;192,59375;217,71875;-75,65625;-109,3125;-120,84375;99,28125;123,65625;214,96875;-58,53125;89;-28,125;156,59375;96,53125;-19,59375;63,125;-87,4375;8,5;-38,96875;-78,53125;-172,78125;61,3125;154;120,875;-76,3125;-11,21875;258,5;173,46875;161,28125;196,1875;78,34375;250,875;201,96875;248,625;73,25;124,75;30,125;347,4375;21,875;4,71875;39,78125;30,0625;350,8125;104,03125;63,84375;116,71875;31,375;320,3125;172,84375;247,6875;234,59375;198,71875;
104,125;134,0625;48,625;189,5625;179,625;148,125;23,0625;206,28125;66,875;-86,28125;306,5;68,46875;-84,90625;167,53125;-131,71875;102,65625;-43,1875;-52,125;183,46875;31,96875;-53,875;-127,65625;12,96875;111,90625;-69,9375;-87,625;39,375;0,84375;-96,25;46,90625;-136,46875;-57,34375;-146,4375;-267,59375;-164,8125;-215,1875;-19,65625;-107,78125;-111,71875;-199,0625;-117,15625;-220,125;-108,5625;-67,375;-260,28125;-261,28125;-128,25;-1,8125;-205,15625;-384,28125;-283,46875;-61,3125;-160,625;1,9375;-142,34375;-246,875;-368;-179;-195,40625;-323,0625;-236,53125;-291,3125;-246,03125;-237,6875;-157,71875;-353,5625;-141,3125;-458,65625;-143,09375;-307,875;-264,28125;-148,59375;-315,15625;-293,75;-354,34375;-213,53125;-209,90625;-209,34375;-377,71875;-155,4375;-102,53125;-46,1875;15,15625;-206,9375;-314;-92,75;-205,15625;-96,65625;12,03125;-85,03125;-163,5625;-123,84375;-133,34375;-99,09375;172,46875;-286,5625;-126,1875;-121,4375;155,34375;3,90625;111,375;85,09375;43,21875;30,84375;148,5;141,78125;174,21875;35,46875;-24,9375;-82,9375;-72,4375;-254,53125;6,3125;-318,0625;151,34375;212,21875;355,75;171,03125;27,4375;156,71875;182,46875;85,53125;37,84375;259,78125;203,28125;239,53125;315,875;272,28125;413,1875;254,34375;409,34375;342,6875;349,3125;276,0625;419,34375;407,28125;592,84375;445,875;381,78125;524,28125;110,03125;100,8125;39,34375;129,6875;160,71875;268,8125;349,78125;480,59375;379,75;457,09375;440,8125;630,09375;641,46875;280,75;378;503,09375;234,96875;133,375;19,34375;181,40625;257,625;297,1875;298,28125;234,28125;164,9375;323,4375;588,4375;458,625;750,21875;631,84375;544,84375;654,5;423,53125;350,46875;361;311,40625;186,1875;240,84375;292,09375;242,78125;346,59375;375,6875;395,125;421,3125;103,84375;515,65625;629,125;496,34375;538,65625;564,3125;316,40625;393,4375;475,5625;391,25;287,09375;288,5625;18,3125;118,34375;-153,40625;-110,75;-52,25;-168,6875;-140,4375;-50,0625;-156,28125;-177,3125;-136,3125;-142,5;-227,78125;-90,3125;-63,28125;-17,96875;-259,15625;-509,5625;-354;-274,40625;-137,78125;-200,5;121,25;-253,5;-133,15625;157,5625;-205,3125;-291,8125;-40,40625;-42,625;-181,1875;-189,46875;-172,625;3,21875;41,125;-334,3125;17,53125;-168,4375;-171,375;-22,875;-260,59375;-132,625;-269,125;45,5;-84,3125;-22,21875;-126,84375;64,5;-128,125;60,28125;2,65625;-238,5625;62,6875;-8,65625;-143,125;34,09375;116,5625;37,09375;79,78125;96,25;201,15625;81,09375;136,3125;30;-22,59375;22,75;-9,4375;41,125;-43,625;14;-46,90625;48,21875;90,71875;-16,875;-4,25;49,40625;268,34375;20,46875;22,625;131,75;-13,8125;162,59375;-4,3125;-135;42,46875;135,9375;265,625;-157,9375;141,1875;38,78125;-2,53125;3,84375;53,09375;4,59375;-143,375;-182,5625;-20,15625;12;68,53125;56,9375;-13,34375;25,75;105,28125;-200,75;142,15625;2,5;120,8125;132,71875;114,28125;-19,65625;84,46875;58,34375;-53,65625;122,125;-79,40625;59,53125;100,5625;-72,375;-98,34375;78,6875;354,96875;10,34375;17,8125;-2,0625;
270,53125;81,53125;181,34375;104,90625;136,4375;319,21875;264,84375;165,4375;128,5;209,28125;249,0625;75,5625;137,125;-14,875;136,125;243;227,46875;195,90625;-67,875;20,4375;-33,59375;224,0625;69,65625;263,5625;-17,375;-89,09375;60,8125;-118,84375;-233,1875;-25,03125;5,625;-98,4375;67,8125;29,21875;-225,3125;-59,875;-8,5;-41,84375;-132,59375;-149,75;40,125;-279,90625;-31,4375;-283,5625;-40,0625;-171,5;-129,53125;-23,53125;-21,9375;-247,90625;-306,15625;-80,09375;-278,375;79,625;-85,96875;-2,375;-213,5625;-214,3125;-407,40625;-220,28125;-277,4375;-163,03125;-193,59375;-251,375;-247,25;-182,90625;-135,625;-275,4375;-229,46875;-76,875;43,125;-280,34375;-304,78125;-268,65625;-257,5;-57,78125;-137,78125;91,71875;-205,59375;-83,6875;-120,5;66,78125;31,65625;-16,6875;-103,4375;-120,75;-85,0625;-74,125;-228,03125;-195,375;-97,96875;-57,8125;-28,25;-12,75;123,9375;-181,25;116,625;55,59375;283,03125;112,375;142,5;209,9375;236,3125;162,1875;12,21875;82,53125;5,75;195,03125;226,84375;-44,40625;75,46875;91,46875;179,28125;157,71875;231,25;87,46875;-57,28125;134,875;97,6875;244,9375;334,96875;296;60,34375;198,625;188,1875;494,5;3,875;321,65625;327,40625;252,65625;319,96875;431,03125;453,71875;316,5625;504,90625;544,71875;816,5625;711,34375;326,125;395,96875;139,84375;185,96875;330,625;169,96875;187,84375;229,28125;212,71875;370,65625;557,1875;314,5;400,71875;431,8125;609,84375;578,875;510,1875;284,625;287,3125;147,5;108,34375;208,75;116,875;257,15625;27,5;199,0625;187,25;473,34375;401;629,65625;575,125;484,28125;362,375;495,46875;499,78125;456,75;423,03125;339,375;404,84375;159,5625;236,25;410,34375;450,09375;436,15625;564,46875;503,0625;603,71875;351,59375;552,09375;543,75;505,125;487,03125;447,21875;563,34375;371,59375;235,375;149,5;161,53125;82,59375;-66,75;-64,0625;-37,5625;-106,8125;-38,9375;-149;11,9375;-120,5;55,625;-249,40625;159;-19,4375;-191,84375;-53,46875;-37,5625;82,15625;77,21875;-86,03125;26,625;46,03125;-150;-101,5;-114,8125;-68,15625;-140,53125;-97,6875;-106,9375;-79,75;8,8125;-140,40625;-98,78125;-66,1875;-72,71875;0,21875;64,375;51,0625;132,8125;-265,5625;1,3125;-61,90625;-85,84375;-236,28125;-261,5;-29,5625;-147,40625;-173,28125;-2,03125;-43,5;171,15625;-389,1875;98,09375;18,53125;-12,8125;71,71875;-22,34375;145,3125;51,78125;-55,3125;106;145,4375;130,40625;-78,71875;102;121,28125;207,6875;44,84375;77,6875;168,9375;65,875;-79,90625;102,375;-26,9375;-91,28125;-16,1875;193,65625;228,4375;-6,46875;82,71875;20,84375;-24,5;228,0625;-12,90625;-81,28125;242,96875;103,59375;78,28125;11;7,09375;204;84,90625;-175,8125;108,53125;65,75;178,875;127,4375;41,5;76,875;42,3125;62,46875;43,59375;202,0625;6,71875;105,125;-96,125;-50,15625;133,5;182,46875;96,21875;278,25;72,96875;24,96875;110,28125;309;169,40625;192,6875;-22,6875;168,03125;155,34375;67;172,71875;24,59375;108,6875;13,90625;
268,34375;195,59375;147;250,0625;136,5;49,15625;-17,375;105,53125;25,3125;-26,40625;144,5;127,1875;73,9375;6,90625;114,125;69,125;193,96875;208,1875;96,625;245,0625;71,3125;36,46875;29,59375;-94,0625;6,0625;62,1875;-21,25;-80,5625;-117,78125;-143,75;-112,09375;-89,53125;-79,125;-208,78125;-173,5625;65,78125;-88,4375;-93,5;19,46875;-196,34375;169,78125;81,625;-221,96875;-278,03125;-138,15625;-222,59375;-226,28125;-208,34375;-376,65625;-36,1875;-315,6875;-142,75;-353,09375;-553,6875;-431,8125;-257,1875;-239,4375;-386,125;-343,5625;-279,21875;-91,1875;-160,8125;-243,875;-214,5;-397,03125;-180,4375;-235;-225,71875;-70,15625;-376,125;-422,28125;-77,625;-203,96875;-296,6875;-192,96875;-357,78125;-117,46875;-169,5625;-140,375;-303,4375;-183,90625;-61,28125;-388,78125;-273,625;-262,71875;-99,59375;-190,1875;-94,46875;-48,03125;-40,4375;-125,375;111,21875;135,09375;-84,0625;196,40625;-123,8125;-16;47,03125;-26,96875;102,53125;16,625;135,53125;224,96875;176,625;173,3125;276,53125;87,0625;34,40625;85,75;-59,84375;-90,46875;-100,3125;168,40625;177,03125;42,46875;-5,59375;33,71875;219,875;15,0625;259,78125;382,8125;331,9375;280,125;226,1875;358,1875;253,09375;368,53125;23,28125;313,40625;471,65625;328,34375;592;398,96875;350;325,96875;487,4375;360,0625;576,0625;328,78125;364,625;146;276,71875;110,15625;-111,375;28,65625;335,25;341,03125;268,15625;435,875;561,625;576,25;192,21875;601,03125;409,75;256,59375;356,71875;169,3125;61,125;188,0625;182,03125;89,5625;-41,09375;303,71875;183,5;283,1875;375,65625;419,1875;513,03125;615,28125;425,21875;559,6875;489,375;255,59375;263,1875;358,03125;241,875;357,96875;153,5625;329,25;367,21875;346,59375;408,59375;309,53125;469,75;474,21875;444,40625;366,28125;469,53125;565,4375;447,1875;355,6875;294,3125;427,78125;340;184,375;183,6875;30,53125;-196,6875;-49,03125;100,53125;-136,09375;-63,25;18,90625;-249,84375;-247,53125;-181,78125;-106,75;-10,96875;-115,78125;-234,5625;-102,84375;-71,6875;-53,34375;-65,8125;91,53125;122,78125;-48,5625;157,71875;-26,71875;9,9375;-242,71875;-115,9375;-31,40625;-9,6875;-255,96875;-261,65625;-106,75;-135,75;-162,1875;-250,71875;73,34375;-182,125;-76,59375;-103,78125;-115,4375;89,21875;-314,28125;-231;-272;-16,03125;-212,5625;-184,90625;-85,84375;4,34375;-141,40625;102;-241,28125;-0,03125;-14,59375;47,1875;82,34375;91,25;-117,21875;-200,625;-113,5625;-150,25;-61,5;50,375;49,78125;-59,40625;81,03125;-90,65625;179,375;-114,9375;59,125;-22,375;152,46875;-95,5625;102,65625;77,1875;-120,03125;-3,15625;-260,65625;-77,65625;-197,1875;-123,9375;-111,28125;-71,9375;-143,4375;156;144,1875;-35,3125;-39,15625;45,875;-19,53125;93,1875;-118,5625;-88,4375;-167,90625;-67,375;-78,3125;52,78125;-99,5;-162,125;-230,46875;-73,71875;32,0625;122,90625;55;63,4375;-152,6875;162,6875;-66,15625;310,0625;-218,84375;-116,34375;127,625;111,8125;72,65625;114,90625;125;56,8125;-88,9375;-64,65625;-58,3125;98,34375;243,4375;-138,90625;-17,8125;-42,03125;
114,21875;291,46875;16,1875;104,625;212,28125;129,9375;62,34375;148,03125;55,34375;131,34375;-50,9375;68,3125;133,03125;41,59375;-49,875;-88,78125;-22,34375;-94,84375;33,25;-220,28125;-86;34,34375;97,96875;-104,75;-52,4375;37,1875;-36,15625;-61,625;-100,8125;-137;-168,625;6,3125;-133,875;-177,28125;3,4375;-191,4375;-156,5625;-290,90625;-91,09375;-239,21875;-153,875;-420,53125;-295,84375;-207,34375;-190,625;-167,1875;-343,0625;-264,4375;-388,1875;-477,3125;-182,65625;-302,875;-273,71875;-358,5;-6,78125;-218,78125;-219,71875;-338,65625;-334,875;-359,15625;-222,3125;-446,59375;-437,46875;-323,53125;-277,5;-517,9375;-25,375;-261,46875;-300,5;-377,34375;-311,5;-440,09375;-299,75;-449,1875;-258,1875;-424,3125;-414,03125;-465,09375;-356,4375;-359,6875;-280,90625;-309,34375;-235,53125;-364,28125;-261,375;-168,65625;-434,15625;-151,25;-280,375;-4,15625;-246,5;-71,4375;-154,09375;-128,28125;-72,46875;-87,6875;-184,65625;-21;-83,34375;-209,28125;-45,65625;-29,53125;72,21875;-113,09375;-37,65625;14,15625;7,90625;-104,3125;-163,25;-186,75;-248,59375;-238,9375;-167,25;104,53125;-75,09375;-130,1875;47,0625;121,375;78,46875;113,4375;279,53125;76,625;49,8125;283,53125;279,53125;49,53125;133,5;240,8125;243;286,90625;181,28125;183,71875;221,6875;408,25;365,96875;278,65625;271;219,9375;383,375;234,09375;87,5;53,53125;-64,5;48,40625;183,625;54,84375;417,5625;68,3125;288,25;291,0625;515,625;417,5;397,28125;301,46875;63,5;141,96875;200,84375;76,21875;-85,09375;80,8125;57,46875;147,9375;70,1875;-48,65625;336,28125;312,65625;499,28125;476,90625;434,28125;489,5625;488,96875;238,15625;291,1875;-54,3125;67,8125;296,53125;59,75;-204,6875;128,3125;156,0625;251,34375;165,59375;223,65625;347,4375;252,09375;540,9375;472,625;348,21875;303,78125;462,3125;208,28125;367,78125;104,4375;173,28125;163,4375;-194,75;-186,21875;-132,90625;-216,25;-293,09375;-315,78125;-243,4375;-397,21875;-280,96875;-339,28125;-188,375;-277,4375;-381,59375;-349,5625;-234,0625;-472;-195,75;-58,90625;-244,5;-338,34375;-315,15625;-325,0625;-291,96875;-282,53125;-207,84375;-256,5625;-336,03125;-403,65625;-126,78125;-365,625;-280;-209,59375;-100,5625;-306,78125;-233,84375;-235,75;-66,71875;-183,65625;-410,84375;-187,90625;-329,75;-216,46875;-158,03125;-246,34375;-109,90625;-197,75;-239,6875;-133,96875;-266,0625;-179,375;-96,3125;-251,71875;-189;-31,25;-273,15625;-233,21875;-222,375;-44,96875;-426,34375;-130,5;-308,53125;-52,4375;-212,21875;-135,40625;-127,03125;32,5;-166,5625;-46,71875;-80,78125;-237;-184,75;-261,5;-157,375;-12,875;5,34375;-248,75;-98,125;-12,9375;-11,125;-142,1875;-169,875;-134,4375;-317,96875;-43,75;-145,84375;-259,59375;-44,71875;-198,6875;-279,1875;-144;32;-88,71875;-193,75;61,34375;-151,65625;-214,5;-158,78125;56,3125;-110,75;24,78125;-120,90625;58,9375;50,78125;-120,34375;-55;-66,03125;-78,75;-16,65625;-154,78125;-124;-151,53125;-185,09375;-118,40625;-104,59375;-173,09375;-141,15625;-165,75;-192,53125;-322,78125;-314,09375;102,96875;-33,0625;-150,3125;-2,34375;-51,84375;
262,8125;575,5625;296,96875;250,28125;127,09375;238,46875;443,5625;184,15625;253;343,3125;10,6875;29,71875;379,46875;176,9375;379,125;165,53125;104,25;275;11,5625;226,59375;31,90625;97,15625;245,6875;157,125;208,65625;77,59375;61,75;122,4375;134;-51,46875;69,375;-1,21875;-40,96875;134,09375;-130,21875;-10;38,65625;11,5;-61,15625;-116,78125;-285,5;174,28125;140,21875;72,25;114,9375;-28,0625;145,46875;67,8125;-231,78125;-49,65625;-38,96875;-49,3125;-84,25;15,15625;-50,9375;-261,375;-159,4375;-113,375;23,84375;-254,5625;-201,65625;47,125;33,65625;-172,96875;93,46875;-214,21875;-229,75;-257,6875;-133,21875;-207,65625;-138,34375;-277,78125;-83,625;-304,6875;-46,6875;-175,21875;-162,40625;-267,6875;-204,46875;18,65625;-195,59375;-188,6875;-126,875;-206,21875;-128,78125;-59,8125;-65,15625;2,40625;-112,34375;-260,15625;-67,75;-300,65625;118,625;-41,4375;28,25;25,375;157,96875;112,125;42;129,84375;-119,34375;274,25;128,9375;232,1875;56,1875;44,34375;198,4375;299;149,125;108,4375;92,90625;177,625;210,03125;285,65625;118,8125;276,875;273,96875;87,8125;399,21875;330,375;304,4375;93,90625;173,8125;358,03125;345,84375;333,90625;444,0625;472,8125;437,34375;524,4375;375,84375;310,28125;378,1875;583,71875;688,3125;539,59375;587,09375;569,03125;690,03125;443,75;231,90625;275,28125;137,09375;250,625;482,5;275,625;514,75;502,875;476,8125;411,3125;461,375;754,28125;583,34375;667,71875;442,8125;274,375;374,25;161,875;129,34375;351,21875;214,1875;270,53125;514,84375;421,46875;279,96875;578,71875;560,21875;685,71875;655,375;554;517,375;418,40625;578,09375;289,3125;406,8125;220,40625;201,03125;-62,53125;318,78125;402,46875;352,4375;458,46875;593,75;467,9375;511,0625;595,75;509,75;511,25;613;571,09375;515,90625;384,8125;301,375;297,8125;112,09375;5,25;-7,3125;4,46875;-92,6875;-90,0625;-72,84375;-317,90625;-159,09375;92,5625;4,75;37,65625;-75,15625;-140,46875;-160,125;191,09375;-98,65625;-57,75;-167,1875;-32,96875;-396,875;-113,75;-15,28125;33,53125;-138,8125;-102,40625;-143,21875;-250,59375;-172,40625;-123,8125;-92,59375;-93,71875;-313,46875;-118,75;-176,15625;-130,75;-46,875;-140,1875;-137,96875;-304,1875;-110,71875;-32,09375;-194,71875;-103,03125;-87,3125;-64,78125;-158,40625;-87,125;-56,09375;-102,75;-164,40625;48,90625;-17,375;6,34375;-20,71875;41,65625;39,3125;91,125;91,625;97;-102,1875;10,03125;-68,65625;-237,28125;-80,0625;-3,6875;-149,40625;-97,8125;45,21875;-91,125;220,78125;67,875;73,46875;-134,03125;-32,9375;-5,625;-36,03125;136,28125;-75,21875;19,5625;27,09375;-52,3125;-127,75;-101,46875;-158,21875;10,625;241,125;-131,28125;-18,0625;12,53125;136,28125;-106,78125;2,875;-93,15625;326;-0,96875;-6,25;-82,0625;-68,125;22,1875;-16,15625;43,84375;-35,03125;39,84375;219,15625;-33,46875;-192,8125;126,25;135,71875;24,15625;123,875;132;200,09375;85,6875;11,3125;61,5625;-1,09375;131,25;54,25;197,25;139,1875;-22,28125;3,15625;218,1875;77,3125;139,34375;
193,65625;157,40625;165,65625;261,75;179,09375;290,03125;105,15625;14,25;-49,96875;34,96875;-27,3125;-172,65625;84,75;179,625;-9,15625;-1,3125;245,1875;-15,96875;103;38,21875;52,90625;232,28125;58,4375;-74,09375;-58,15625;-42,125;75,46875;122,25;-190,09375;116,53125;-225,84375;-64,71875;75,5;-123,28125;2,75;-88,15625;-24,84375;-109,5625;-5,6875;-190,0625;-9,5625;-275,34375;-223,40625;-88,59375;-115,875;-211,71875;-241,09375;-149,0625;-16,21875;-184,03125;-129,09375;-140,59375;-169,96875;-214,03125;-402,96875;-323,75;-326,71875;-268,4375;-218,28125;-133,625;-247,6875;-430,5;-237,3125;-319,8125;-333,15625;-94,53125;-423,75;-97,78125;-432,6875;-425,5625;-276,1875;-248,59375;-210,5;-279,3125;-385,53125;-234,34375;-119,6875;-200,21875;-267,59375;-313,46875;-303,5625;-426,09375;-282,03125;-340,15625;-305,09375;-98,96875;-276,40625;-165,90625;-187,71875;-32,125;-149,34375;-53,0625;-232,03125;-184,5625;6,96875;-140,3125;-209,40625;-126,9375;-167,125;-54,71875;-95,96875;-50,0625;18,75;-105,09375;142,9375;-51,59375;-62,0625;3,4375;-45,46875;-65,90625;6,1875;-255,53125;137,625;64,46875;38,15625;26,875;164,96875;45,25;328,96875;280,625;267,25;368,375;401,875;53,03125;185,03125;232,0625;271,375;348,25;374,4375;118,96875;375,6875;674,59375;553,375;427,46875;442,53125;527,15625;439,625;502;442,28125;268,28125;70,375;75,71875;276,21875;216,1875;284,75;96,6875;181,65625;333,21875;262,1875;322,25;407,125;494,03125;361,03125;405,84375;232,40625;174,59375;258,34375;182,5;114,4375;137;239;173,21875;259,5625;364,78125;410,8125;340,875;508,84375;598,59375;769,75;544,59375;587,375;382,3125;211,40625;319,6875;268,15625;184,65625;131,5625;207,34375;284,15625;219,625;271,21875;363,875;311,78125;557,53125;425,65625;488,84375;473,28125;578,6875;362,28125;392,15625;447,59375;468,96875;331,53125;141,15625;127,75;133,875;-112,0625;-111,90625;-146;-346,84375;-302,9375;-243,65625;-267,78125;-485,4375;-201,21875;-283,125;-233,375;-25,5625;-211,875;-339,5625;-282,375;-168,28125;-424,6875;-279,125;-146;-306,46875;-281,78125;-301;-470,75;-203,8125;-151,84375;-120,53125;-60,65625;-177,5625;-179,84375;-273,28125;-383,71875;-131,71875;-287,8125;-234,40625;-191,09375;-105,875;-95,40625;-261,03125;-230,25;-194,5;-390,53125;55,53125;-122,8125;-364,15625;-242,875;-282,4375;-282,84375;-95,78125;-206,375;-397,5625;-134,625;-318,1875;-232,8125;-48,65625;-297,09375;-13,71875;-54,9375;-264,40625;56,75;-208,78125;-262,28125;-83,84375;-185,75;-91,9375;114,71875;-2,875;31,5625;-93,59375;-60,40625;-65,8125;-166;-193,21875;91,03125;-179,46875;-194,4375;-22;-28,46875;-83,5625;-170,0625;84,5625;-169,5;-163,34375;63,375;-50,71875;-104,5;-23,65625;-43,71875;68,125;-111,5;-204,40625;-64,46875;-280,625;-261,84375;-224,625;-38,71875;-103,65625;-194,75;-125,84375;102,0625;-35,65625;31,03125;-41,21875;-87,375;-56,84375;-215,28125;14,125;122,4375;-64,90625;18,375;-133,84375;-117,5625;114,34375;30,4375;-31,34375;-141,0625;-47,15625;61,6875;-65,125;75,59375;-95,84375;-57,28125;14,28125;-62,65625;220,46875;
271,28125;65;423,28125;358,75;305,75;223,40625;269,5;276,40625;230,65625;280,28125;129,1875;170,625;199,6875;136,40625;91,65625;69,40625;152,59375;382,0625;159,03125;187,25;219,8125;219,3125;-1,75;8,75;184,71875;256,78125;158,625;363,6875;-99,59375;25;70,4375;109,5;5,375;139,0625;112,40625;34,0625;-82,34375;102,46875;-50,3125;-65,0625;-80,9375;-158,6875;-277,21875;32,09375;-118;47,46875;0,9375;-256,625;-201,0625;-149,625;-41,6875;-7,5;-189,875;-277,375;-175,75;-78,21875;-95,125;-208,9375;-96;-471,25;-12,46875;-164,25;-249,34375;-285,875;-68,4375;-157;-315,59375;-388,59375;-214,03125;-116,96875;-219,78125;-110,9375;-158,375;-241,90625;-117,71875;-296,875;-201,4375;-110,15625;-414,46875;-242,15625;95,65625;-226,78125;-165,84375;-167,53125;-156,5625;-383,25;-189,3125;-133,5;-71,8125;-67,8125;-317,3125;4,59375;-109,5;-109,96875;-79,78125;60,25;-106,375;-18,84375;-39,71875;93,28125;307,25;47,21875;140,53125;279,09375;127,9375;178,6875;65,9375;21,53125;94,1875;-78,34375;-48,6875;116,46875;90,375;163,1875;241,28125;260,84375;115,3125;310,34375;169,46875;360,875;349,34375;240,125;522,375;298,09375;372,625;410,1875;235,65625;481,96875;291,25;469,8125;324,9375;532,625;417,21875;559,21875;618,375;639,34375;598,8125;544,5;543,6875;360,53125;331;145,25;342,75;211,84375;130,15625;59,5;401,9375;427,5;672,71875;550,59375;637,03125;665,1875;658,15625;560,25;438,125;434;355,375;274,71875;166,84375;102,78125;141,65625;322,9375;370,59375;271,875;398,28125;610,40625;721;492,125;637,46875;423,4375;666,4375;618,46875;464,25;439,8125;380,84375;243,4375;342,0625;344,8125;585,1875;220,78125;407,78125;467,59375;493,21875;647,96875;819,1875;671,84375;754,65625;647,875;492,03125;699,3125;451,40625;321,09375;431,53125;364,375;297,96875;69,34375;103,46875;-337,5;-82,75;-67,65625;-113,875;-216,6875;-264,96875;-152,65625;-77,375;-28,28125;-59,25;-7,03125;-233,84375;-327,34375;-147,53125;-245,6875;-250,53125;-231,3125;7,3125;-118,78125;-255,375;-195,625;-294,8125;-68,75;-196,1875;-96,28125;-5,96875;120,625;-274,78125;-100,46875;-238,0625;-198,28125;-129,625;-110,875;-70,40625;-258,3125;-287,90625;-23,25;-253,8125;-258,84375;-162,84375;-65,5;-329,1875;-47,25;-251,46875;-193,3125;-148,78125;-272,46875;-91,8125;-201,40625;-334,0625;-15,46875;41;103,5625;-47,9375;-196,46875;-74,90625;-93,65625;17,34375;-62,78125;-48,46875;-109,5625;-107,8125;-196,71875;137,21875;-228,6875;-46,5625;3,6875;13,6875;-41,3125;-121,59375;-223,375;81,125;-62,90625;-101,3125;-204,15625;-21,25;-37,09375;-50,9375;-54,75;-73;-71,65625;111,46875;-82,65625;-16,46875;-159,15625;-399,46875;-194,34375;37,8125;-32,65625;-60;-174,8125;6,78125;56,25;-54,71875;-11;-151,375;-38,5625;152,875;51,0625;133,71875;82,5;-32,9375;131,75;37,375;7,71875;163,1875;115,53125;-66,09375;70,3125;-110,125;54,03125;-115,1875;-22,875;0,84375;-30,5625;144,5;115,25;98,34375;-34,4375;121,9375;242,15625;208,3125;304,59375;
197,125;199,4375;219,53125;206,90625;294,84375;250,6875;145,90625;82,375;295,5;235,0625;272,4375;197,3125;190,59375;194,78125;340,28125;325,8125;306,375;232,3125;114,6875;-84,90625;-71,96875;50,3125;-21,15625;131,875;136,625;-36,875;65,1875;58,96875;65,9375;34,40625;229,15625;-24,125;65,875;28,90625;153,28125;-50,28125;-23,25;59,5;-31,78125;-174,9375;-53,5625;-169,5;57,84375;62,46875;-40,3125;7,6875;1,71875;-346,375;-230,28125;-227,875;-312,90625;-143,53125;-96,6875;-221,15625;-289,21875;-300,65625;-164,5625;-217,8125;-298,8125;-269,15625;-212,6875;-189,4375;-64,3125;-267,53125;-278,21875;-171,75;-197,65625;-359,5625;-132,15625;-113,25;-398,6875;-51,8125;-98;-387,96875;-328,09375;-249,8125;-420,78125;-189;-374,5625;-222,90625;-460,53125;-145,5;-103,625;-354,25;-206,5625;-79,875;-115,125;-55,84375;-136,9375;-183,65625;-74,71875;-248,71875;-199,8125;-231,75;-13,96875;-144,84375;-107,46875;-138,03125;28,625;47,34375;122,40625;175,59375;273;-16,65625;-8,84375;-18,84375;119,8125;-83,25;-76,46875;18,46875;-54,5;0,78125;44,09375;-73,46875;4,78125;73,03125;189,78125;21,59375;344,15625;130,34375;357,15625;374,09375;312,28125;488,84375;343,0625;498,75;357,84375;478,8125;133,5;444,09375;315,375;561,3125;579;472,4375;732,84375;569,1875;647,15625;631,5625;566,90625;423,15625;342,3125;425,90625;171,4375;186,71875;141,40625;253,65625;294,53125;431,15625;352,15625;549,34375;703,8125;534,1875;424;507,5;232,6875;248,78125;146,59375;246,15625;182,5625;178,40625;275,40625;362,03125;319,21875;499,65625;731,03125;457,03125;631,90625;658,53125;839,25;737,6875;594,9375;511,0625;95,0625;194;464,8125;138,28125;229,0625;322,0625;400,59375;553,25;401,4375;493,46875;602,71875;793,03125;895,5625;669,15625;633,78125;532,28125;484,96875;446,03125;480,875;350,15625;389,75;380,4375;238,15625;84,4375;171,40625;75,59375;41,75;-111,6875;-227,84375;-91,28125;-76,125;-250,90625;-141,78125;-191,9375;-84,40625;-313,34375;-230,78125;-171,1875;-126,25;-184,5;-167;-117,125;-95,0625;-75,40625;-174,40625;-174,71875;-287,3125;-6,84375;-162,6875;-232,90625;-207,40625;-204,53125;-228,15625;-117,6875;-145,03125;-56,4375;-114,46875;-88,6875;-248,71875;-65,375;-159,78125;-133;-235,75;-275,03125;-259,28125;-193,3125;-392,5;-168,90625;-200,875;-405,75;-310,625;-167,125;-345,5625;-27,25;-141,8125;-91,15625;-51,28125;-300,34375;-22,84375;-166,875;-140,125;-79,1875;-46,71875;75,65625;-23,46875;12,3125;-94,78125;-92,5625;-147,875;47,21875;-15,34375;14,03125;-232;51,71875;-264,125;-212,28125;-47,5;-34,3125;38,84375;116,8125;-17,28125;22,96875;-194,53125;-95,8125;-197;-195,15625;203,15625;113,375;-38,125;-43,6875;-26,625;-142,96875;-312;-153,90625;103,125;-158,3125;-74,1875;31,5;-152,75;40,46875;55,84375;0,15625;107,875;79,0625;-127,1875;-118,5;-87,5;-135,1875;-167,4375;77,65625;-130,9375;-5,40625;-41,15625;1,0625;-85,6875;62,84375;-63,125;-27,84375;212,125;115,34375;115,15625;192,5625;-53,625;182,25;-31,1875;53,21875;-13,1875;57,46875;
276,78125;181,96875;303,25;396,03125;335,5;361,59375;388,21875;335,875;331,1875;246,28125;422,21875;344,15625;350,28125;438,75;512,5625;226,34375;208,09375;-8,75;-52,875;22,03125;207,96875;127,34375;246,1875;344,75;-54,4375;192,8125;268,90625;102,96875;60,09375;139;-46,625;19,3125;34,15625;-24,9375;168,875;133,53125;166,28125;76,46875;-67;101,3125;125,875;-10,84375;-34,59375;-141,375;-203,78125;100,71875;-90,96875;96,96875;-149;-254,53125;-93,09375;-92,875;-134;-136,46875;-227,6875;-132,5;-132,78125;-248,78125;-333,84375;-39,3125;-1,5625;32;-205,0625;-81,53125;-367,875;-246,53125;-122,34375;-156,375;-163,1875;-196,0625;-192,8125;-143,1875;-193,28125;-203,09375;-182,5;-120,875;-188,21875;-304,21875;-198,90625;-44,28125;-235,40625;-185,875;-230,1875;-205,46875;-163,96875;-203,34375;-138,78125;-135,25;-258,09375;-69,25;-172,625;-97,21875;-59,84375;-54,53125;-34,1875;42,3125;62,15625;-196,6875;193,1875;-67,6875;26,625;297,9375;210,65625;68,0625;51,84375;8,25;-13,28125;-79,875;215,90625;32,15625;191,65625;251,375;-25,625;84,03125;174,65625;376,78125;168,375;449,59375;306,5625;340,1875;344,4375;405,875;540,90625;436,1875;534,25;435,25;260,65625;384,875;402,53125;456,78125;564,125;535,9375;574,5;516,65625;576,53125;724,71875;583,4375;465,28125;336,15625;421,375;288,75;227,125;320,40625;273,625;121,8125;301,40625;535,0625;536,3125;659,5625;522,0625;640,65625;725,75;703,71875;625,25;345,3125;547,0625;473,625;223,375;190,28125;398,28125;385,5625;313,4375;405,71875;341,78125;522,03125;508,21875;676,71875;480,34375;519,78125;613,625;585,46875;499,71875;434,40625;375,5;392;123,09375;424,03125;551;546,34375;590,40625;750,46875;676,96875;620,78125;816,5625;744,625;714,09375;668,84375;758,875;638,9375;624,5625;617,40625;536;485,5625;423,0625;306,78125;199,8125;194,9375;-60,8125;42,6875;-151,5;-166,4375;-16,71875;-230,8125;-156,71875;-64,71875;-199,53125;-126,71875;-157,8125;-358,84375;-70,03125;-116,15625;-57,6875;-87,5625;-165,78125;-3;-220,375;-11,46875;-85,90625;-137,65625;1,5625;69,34375;-124,03125;-141,875;-132,34375;-226,71875;-117,90625;-69,4375;75,03125;-62,6875;-163,1875;-147,8125;-80,65625;-167,625;-269,96875;-122,75;-279,96875;-352,5625;-317,59375;-101,28125;-212,15625;-237,90625;-162,34375;-5,21875;12,53125;-81,28125;-440,46875;-203,375;-90,125;-82,9375;19,875;-84,78125;2,46875;-82,03125;-143,96875;36,0625;-208,5625;17,28125;-150,40625;-249,53125;-201,125;-30,125;-117,59375;-53,40625;-102,46875;-77,125;87,1875;-80,5625;0,28125;-78,21875;109,78125;35,9375;-114,25;-74,0625;-17,125;-90,21875;-125,0625;-75,53125;13,53125;117,25;-99,9375;-70,65625;73,46875;102,46875;65,25;-96;59,34375;-84,28125;9,03125;67,40625;57,90625;87,59375;77,5625;16,40625;-181,71875;-21,34375;-42,84375;39,0625;110,90625;194,96875;-51,875;147,09375;139,09375;-48,25;-103,59375;-77,96875;-88,5625;234,90625;75,4375;-42,21875;-29,15625;134,96875;55,375;1,65625;48,3125;321,0625;5,21875;124,40625;43,96875;275,6875;212,28125;
298,96875;409,6875;260,625;264,625;342,78125;354,21875;244,53125;345,9375;280,3125;293,1875;433,78125;215,84375;105,625;214,40625;185,84375;-26;211,53125;231,8125;415,21875;225,625;292,09375;167,03125;323,6875;-31,3125;-92,375;172,9375;68,65625;-88,46875;-87,75;36,21875;117,90625;-32,59375;43,25;-213,8125;-193,375;118,84375;41,375;71,15625;83,59375;-140,84375;-89,03125;-50,28125;155,78125;-61,5625;-135,59375;81,375;-204,9375;-128,34375;22,0625;-48,625;55,125;-105,875;-273,875;-201,4375;-147,53125;-111,03125;-195,375;-339,5625;-191,03125;-370,09375;-0,46875;-327,5;-363,71875;-181,5625;-264,09375;-242,75;-225,125;-163,875;-230,40625;-302,3125;-59,28125;-480,6875;-396,3125;-364,34375;-387,5625;-279,4375;-275,46875;-415,40625;-306,40625;-433,09375;-1,3125;-333;-220,34375;-191,46875;-495,5;-277,65625;-198,03125;-8,625;-241,6875;-449,8125;-241,21875;-160,5625;-57,78125;-234,8125;-202,1875;-286,1875;-126,09375;-275,75;97,8125;-80,125;26,90625;-116,6875;-141,1875;29,0625;162,15625;142,625;-106,28125;-79,8125;56,59375;-56,03125;-121,4375;58,0625;136,375;-177,53125;-9,5;-2,59375;111,59375;258,15625;290,75;263,125;248,53125;280,1875;195,8125;311,4375;413,5625;144,125;202,34375;225,375;449,4375;386,34375;403,53125;590,1875;499,3125;596,375;660,53125;481,6875;430,5;323,0625;280,65625;238,25;233,0625;309,15625;145,875;304,4375;370,59375;230,40625;209,75;181;633,0625;599,46875;834,3125;617,09375;532,25;515,21875;456;459,21875;262,5625;52;283,5625;148;208,5;268,875;399,71875;436,78125;283,09375;377,3125;565,53125;381,75;574,84375;487,03125;280,96875;446,625;494,78125;159,28125;148,40625;61,15625;402,21875;304,875;203,125;363,03125;700,6875;399,40625;714,875;772,53125;693,1875;512,53125;643,71875;618,78125;681,03125;602,5;611,59375;447,375;340,8125;120,0625;7,71875;156,625;-143,5;-118,3125;-115,1875;-68,28125;-89,625;-348,84375;-157,03125;-245,78125;-496,25;-261,375;-181,84375;-377,40625;-445,15625;-223,71875;-315,15625;-286,9375;-336,15625;-268,59375;-193,375;-196,46875;-164,125;-144,65625;-155,09375;-109,8125;-210,28125;-493,25;-171,5625;-273,34375;-266,53125;-154,625;-456,96875;-123,53125;-296,875;-190,40625;-232,9375;-104,625;-274,90625;-529,46875;-233,71875;-268,96875;-550,125;-212,21875;-525,65625;-329,6875;-13,125;-146,53125;-238,6875;-284,84375;-15,25;-317,15625;-202,875;-130,78125;-359,25;-156,75;-30,34375;92,65625;-186,5;-48,5;-174,65625;-301;-182,09375;-228,375;-148,25;-29,875;-196,5625;-107,4375;48,78125;-41,1875;-85,03125;-100,625;-157,53125;-214,46875;43,5625;-116,125;-174,28125;-259,71875;-331,5;-383,65625;-173,59375;-111,53125;-70,09375;-171,09375;-98,125;-76,0625;-59,3125;-329,1875;-44,28125;-106,90625;-26,90625;-263,625;-89,96875;-105,625;-153,09375;-89,375;-142,1875;-169,21875;-176,90625;-158,96875;-162,3125;-144,40625;8,96875;-43,0625;-41,375;-27,3125;-59,125;-103,875;-245,875;-117,75;-141,59375;-12,28125;54,84375;103;-24,25;-31,21875;-19,34375;0,5625;-64,1875;47,15625;-141,4375;-218,875;48,90625;71,1875;260,28125;96,03125;
202,03125;597,125;614,46875;587,90625;303;570,34375;305,34375;395,21875;643,84375;390,625;326,46875;256,40625;426,46875;326,40625;307,21875;338,625;346,5625;443,5;359,375;131,25;324,625;484,09375;279,0625;218,28125;453,1875;86,28125;339,28125;127,40625;98,59375;135,3125;107,46875;144,25;122,78125;3,5625;24,625;196,6875;150,71875;276,125;132,34375;274,78125;-6,34375;300,40625;298,25;194,09375;42,28125;190,46875;147,28125;-40,21875;-5,59375;118,46875;-23,5625;92,53125;-31,53125;-29,875;197,9375;-96,03125;-12,03125;120,3125;-78,78125;56,8125;-86,15625;-27,125;-99,1875;-6,125;-62,46875;-55,21875;166,15625;-217,9375;-138,15625;-149,75;-236,625;-329,4375;21,21875;-87,25;-241,8125;85,8125;-191,03125;-117,90625;-343,875;-10,53125;26,15625;-176,03125;-57,34375;-253,46875;-267,65625;-76,375;-13,3125;-16,09375;-43,59375;-171,46875;-198,375;-162,5625;-188,15625;-58,5;-77,6875;-98,53125;48,96875;202,28125;-34,8125;-122,84375;168,625;186,9375;221,34375;9,8125;36,46875;231,96875;35,375;93,5;95,5625;57,84375;178,15625;79,28125;125,25;214,71875;326,6875;82,90625;282,875;261,03125;416,59375;434,75;374,125;344,28125;500,78125;449,96875;441,40625;515,96875;472,65625;278,875;461,21875;493,65625;568,78125;698,5;722;739,8125;770,84375;793,25;526,75;484,3125;631,96875;427,625;456,5625;268,90625;314,78125;347,59375;322,34375;232,78125;520,71875;499,90625;777,3125;658,3125;650,59375;711,65625;729,03125;496,3125;582,09375;383,03125;467,5;169,375;276;255,625;415,8125;357,03125;435,40625;348,8125;777,03125;559,34375;622,75;602,84375;800,15625;625;716,5;566,9375;419,84375;476,28125;313,625;311,1875;314,1875;464,71875;357,09375;569,46875;392,6875;660,625;556,28125;604,0625;896,78125;877,28125;685;885,375;657,3125;861,71875;555,28125;667,1875;468,15625;499,4375;431,96875;47,21875;128,3125;-35,53125;-86,34375;-3,65625;17,90625;-12,53125;-67,71875;83,78125;-137,625;54,3125;89,78125;-73,34375;-182,15625;-170,625;-63,375;-133,625;-126,375;-180,8125;-38,15625;-100,625;-53,53125;52,4375;-128,9375;5,5;-129,1875;-141,21875;-154,90625;74,90625;-25,59375;-29,8125;-194,6875;-185,875;-108;47,0625;-97,21875;-84,6875;24,71875;-39,65625;80,375;-296,15625;-137,875;-247,5625;-255,875;73,71875;-254,96875;-226,40625;-199,40625;-326,40625;56,15625;-23,59375;-79,46875;-169,3125;-75,03125;-54,59375;-195,65625;3,75;-106,78125;-29,65625;-15,84375;18,84375;-12,46875;-30,65625;-78,34375;18,1875;27,40625;-138,5625;-27,40625;-4,9375;299,5625;157,40625;145,40625;-59,3125;-82,59375;145,5;-33,3125;-140,1875;41,625;31,96875;19,75;-22,625;-121,75;-31,375;35,71875;262,9375;10,46875;26,1875;76,0625;52,5625;95,03125;-118,3125;60,09375;-13,53125;-1;-56,0625;52,46875;157,53125;-31,03125;113,375;12,09375;177,46875;14,40625;226,3125;40,8125;86,34375;-13,125;-49,9375;17,625;-53,4375;307,78125;30,0625;75,90625;27,84375;389,96875;120,8125;-86;211,28125;162,03125;71,625;262,21875;121,71875;140,09375;220,84375;274;132,78125;
481,90625;426,8125;251,875;565,0625;580,46875;443,25;365,59375;408,71875;283,9375;463,4375;388;344,5625;358,5;360,28125;342,46875;187,0625;337,0625;258,125;471,40625;589,28125;226,625;113,375;252,09375;225,5;214,8125;338,15625;190,375;311,0625;186,46875;2,78125;267,0625;139,53125;182,03125;-11,46875;204,625;15,4375;33,5;100,6875;102,4375;174,09375;148,96875;67,5;194,40625;108,5625;-85,5;118,90625;43,71875;174,0625;54,25;-63,75;25,8125;-60,71875;-41,25;194,28125;-64,25;146,53125;10,25;-192,09375;-22,375;-130,375;119,09375;-97,03125;26,46875;-59,71875;-118,0625;-120,21875;-200,8125;-38,5;-172,9375;-254;-36,0625;-285,03125;-250,46875;-433,53125;-249,65625;-136,96875;-266,625;-82,84375;-392,125;-402,03125;-151,875;-234,40625;-102,71875;-199,59375;-198;21,9375;-86,65625;7,46875;-78,6875;-33,65625;-98,71875;-149,875;-8;-71,5625;-1,8125;-0,6875;-34,96875;-136,4375;102,25;254,84375;118;134,8125;118,34375;109,8125;273,8125;53,6875;197,09375;144,5625;132,96875;172,25;92,625;155,8125;230,25;197,03125;177,09375;228,21875;215,15625;292,34375;253,40625;83,125;309,21875;249,75;126,78125;302,46875;255,40625;645,84375;338,59375;379,28125;458,65625;767,03125;514,625;795,09375;489,875;471,875;780,75;586,84375;479,46875;751,875;521,78125;391,5;373,71875;105,96875;162,875;354,65625;217,8125;396,09375;295,1875;453,46875;606,90625;651,96875;611,5625;663,8125;493,6875;669,59375;432,3125;510,84375;249,96875;162,59375;387,625;143,71875;165,5;123,53125;320,09375;461,46875;436,75;594,3125;616,5;703,9375;775,90625;707,46875;627,46875;370,5;498,0625;387,4375;495,1875;464,90625;361,75;149,375;217,9375;463,90625;480,375;684,40625;647,96875;650,71875;786,0625;566,46875;767,34375;864,6875;722,40625;570,46875;495,1875;583,65625;523,96875;237,5;239,125;73,65625;120,875;217,65625;37,03125;-68,84375;-442,46875;-32,53125;-154,21875;-288,6875;-106,4375;-41,28125;-208,125;-119,34375;-151,5625;-122,6875;-16,9375;-144,78125;-242,53125;-190,84375;-82,3125;-158,625;7,71875;-114,4375;-157,375;-97,03125;-254,84375;-159,5625;173,65625;-32,375;-170,59375;-26,8125;-125,875;99,875;318,78125;-8,46875;-304,0625;-89,71875;57,375;40,53125;-18,34375;48,15625;-146,65625;-104,15625;-412,96875;-31,5625;-245,125;-225,09375;-65,96875;-55,71875;-222,90625;-181,90625;-125,46875;-157,65625;-191,34375;-114,40625;-156,3125;95,34375;2,71875;-31,65625;122,90625;14,8125;-117,40625;-236,40625;-98;-34,40625;-267,375;8,6875;68,5;145,21875;-102,15625;-244,15625;-129,28125;43,03125;100,25;-56,09375;220,3125;51,15625;-130,09375;-59,65625;36,1875;50,28125;54,28125;128,8125;206,75;-69,125;114,28125;-110,84375;82,46875;-97,59375;128,0625;115,25;55,53125;160,75;-118,59375;69,09375;-6,59375;-33,78125;-5,28125;101,84375;76,34375;91,625;219,90625;-85,75;43,75;22,3125;146,6875;162,78125;205,375;151,6875;93,15625;-22,28125;111,96875;15,96875;-99,78125;132,9375;205,78125;175,28125;227,0625;330,5;223,71875;198,5;161,1875;130,6875;91,78125;168,65625;
514,28125;583,90625;164,53125;318,5;556,96875;563,8125;358,28125;399,0625;514,65625;331,75;504,0625;410,03125;136,5625;201,8125;305,4375;450,59375;176,71875;222,25;207,375;143,5625;312,78125;129,84375;30,125;123,6875;54,71875;327,40625;198,40625;251,40625;-21,9375;132,78125;29,5625;142,125;-72,71875;28,28125;201,1875;203,9375;427,75;81,09375;-17,21875;-16,5625;13,0625;-283,90625;-7,90625;4,09375;7,625;-144,625;61,78125;118,96875;96,40625;-46,71875;11,21875;-117,28125;-49,28125;-163,875;-71,1875;-376,59375;-156,53125;48,8125;-229,46875;-188,78125;-152,53125;-181,59375;-99,5;-37,375;-150,875;-94,8125;-141,78125;-328,40625;-199,59375;-101,53125;-194,6875;-231,28125;-299,96875;-338,6875;-203,875;-326,15625;-350,46875;-307,5625;-222,09375;-187,625;-328,8125;-176,5;-215,65625;-77,28125;-358,96875;-174,09375;-297,84375;-439,21875;-120,84375;-215,21875;-22,125;-138,65625;-93,96875;-302,34375;-104,71875;-135,5625;-51,15625;-107,125;-80,625;98,25;-164,03125;150,3125;97,65625;86,9375;193,75;-20,15625;190,375;-33,71875;72,9375;29,25;279,34375;312,5;196,53125;105,84375;206,4375;28,1875;337,625;195,59375;133,15625;237,6875;265,09375;26,65625;380,71875;491,3125;215;506,875;544,71875;402,03125;495,84375;263,28125;240,5;536,90625;368,0625;427,5625;207,4375;395,71875;322,34375;430,03125;404,46875;250,40625;154,0625;217,9375;253,3125;204,1875;229,71875;209,78125;265,625;363,625;401,53125;448,75;359,40625;537,6875;447,96875;289,21875;530,75;319,375;109,25;191,9375;232,5;241,0625;236,375;134,84375;199,625;407,0625;438,90625;336,46875;576,75;479,5625;533,3125;112,1875;501;226,59375;291,75;358,25;282,46875;366,4375;232,625;264,625;244;329,84375;251,40625;559,0625;568,03125;621,625;744,40625;568,6875;566,5625;565,09375;481,125;220,40625;321,15625;305,65625;279,5625;278,125;54,625;-0,0625;34,3125;-174,40625;-173,4375;-135,1875;-272,71875;-114,53125;-163,6875;-285,375;-192,625;-241,5625;-342,75;-375,09375;-430,8125;-216,125;-290,1875;-316,84375;-347,71875;-412,75;-253,53125;-179,03125;-190,96875;-232,15625;-187,96875;-88,4375;-151,6875;-87,5625;-341,25;-94,375;-328;-243,0625;-191,5;-233,5;-314;-264,03125;-339,96875;-204,65625;-136,1875;-531,1875;-142,8125;-252,15625;-328,75;-383,6875;-116,8125;-255,125;-302,125;-226,8125;-383,84375;-352,4375;-278,15625;-347,8125;-345,09375;-428,15625;-247,96875;-373,375;-232,59375;-296,40625;-330,6875;-197,28125;-258,96875;-130,9375;-254,75;-201,65625;-171,8125;-280,6875;-343,1875;-295,71875;-290,25;-429,96875;-218,40625;-146,5;-124,59375;-234,625;-175,3125;-164,875;-56,71875;-46,15625;-217,21875;-166,15625;-214,3125;-119,78125;-21;54,09375;-123,21875;5,84375;-114,34375;-300,59375;-116,25;-113,6875;-14;-38,5;-68;-216,1875;-134,84375;-6,59375;-131,40625;-157,9375;-78,09375;31,59375;-181,84375;-133;-165,9375;-59,21875;-113,28125;-165,3125;7,6875;76,625;-2,40625;-95;-37,34375;196,96875;45,34375;177,28125;54,625;26,1875;116,34375;-93,96875;-21,3125;58,21875;39,5;141,5;-30,3125;64,71875;162,53125;112,3125;
524,09375;456,96875;328,84375;221,28125;257,875;231,03125;278,40625;245,28125;216,375;308,96875;190,34375;253,5;312,25;252,5;126,15625;221,15625;434,03125;102,59375;422,125;144,375;236,53125;167,0625;150,9375;280,0625;111,03125;-79,40625;159,90625;47,84375;128,46875;144,84375;-121,28125;-50,96875;263,03125;180;142,4375;20,6875;91,625;62,03125;50,28125;-39,78125;134,65625;75,53125;-22,9375;-114,71875;-145,25;0,34375;-20,0625;-203,0625;-21,3125;-42,75;-238,59375;-226,1875;-141,75;-376,28125;-23,4375;69,3125;-157,71875;-135,625;-21,8125;-140,59375;-136;-153,71875;-199,28125;-255,125;-132,625;-287,1875;-203,71875;-292,90625;-333;-173,375;-334,125;-338,6875;-495,625;-380,9375;-278,375;-378,25;-377,4375;-413,0625;-387,125;-309,90625;-217,28125;-529,34375;-273;-516,25;-74,78125;-315,5;-305,125;-178,21875;-174,53125;-19,75;-104,6875;-413;-77,96875;-232,625;-198,40625;-216,03125;-15,09375;-124,4375;-52,28125;-76,53125;-35,5;165,125;84,96875;-29,875;-312,96875;64,5;30,8125;115,46875;47,9375;200,15625;37,5;105,75;50,25;-33,375;-0,125;-17,5625;-72,875;94,6875;19;164,9375;50,15625;68,5;125,34375;313,15625;274,25;227,28125;340,21875;403,96875;432,59375;388,90625;246,46875;449,4375;512,59375;471,96875;177,5625;258,6875;175,65625;367,375;264,5625;-15,25;66,90625;186,375;184,46875;-48,15625;146,5;81,03125;364,15625;175,90625;258,21875;352,28125;162,59375;255,6875;341,25;229,46875;252,71875;290,15625;80,40625;-57,1875;95,96875;81,8125;-42;220,125;185,0625;153,1875;339,65625;187,3125;261,65625;232,8125;335,75;502,5;413,15625;130,0625;105,34375;71,28125;126,625;174,96875;-74,5625;181,84375;290,96875;210,84375;144,71875;481,53125;287,53125;356,46875;447,40625;262,125;432,0625;471,4375;423,0625;396,125;46,0625;99,09375;153,9375;166;-81,75;112,6875;-241,6875;-88,4375;-255,5;-326,46875;-279,1875;-384,09375;-234,78125;-337,34375;-277,28125;-224,21875;-287;-336,53125;-261,6875;-332,625;-228,21875;-211,46875;-282;-126,09375;-211,46875;-451,1875;-275,71875;-141,03125;-471,375;-355,6875;-542;-288,5625;-266,25;-414,4375;-313,34375;-309,59375;-337,46875;-397,78125;-356,0625;-298,4375;-184,09375;-327,0625;-335,28125;-422,375;-498,15625;-286,78125;-515,25;-390,46875;-439,84375;-168,53125;-520,34375;-247,78125;-154,59375;-369,34375;-372,46875;-443,25;-314,5625;-286,46875;-409,8125;-525,4375;-299,5;-336,9375;-407,90625;-432,78125;-306,8125;-259,625;-320,78125;-465,0625;-352,21875;-251,9375;-323,5;-174,9375;-233,34375;-156,59375;-246,78125;-185,46875;-157,125;-417,65625;-169,25;-106,25;-163,1875;-159,53125;-248,09375;-342,34375;-190,25;-265,5625;-275,40625;-251,65625;-198,40625;-222,34375;-379,90625;-120,78125;-135,25;-298,0625;-233,96875;-147,8125;-161,34375;-170,4375;-143,25;-241,625;-175,53125;-91,0625;-97,28125;-86,65625;-18;79,1875;-197,5625;8,4375;-185,21875;-49,875;-183,125;86,96875;-114,4375;-285,5;121,15625;-164,1875;-71,90625;-155,40625;-82,75;172;-130,84375;-69,28125;-34,75;31,3125;45,46875;1,625;129,65625;175,59375;131,96875;-188,4375;
161,0625;453,21875;470,78125;305,125;307,78125;315,5625;365,625;392,34375;295,96875;325,625;346,625;388,84375;423,5625;245,6875;258,125;202,96875;229,34375;98,90625;238,84375;192,40625;44,15625;180,15625;78,75;167,65625;106,625;152,75;352,625;59,8125;184,1875;199,03125;-95,4375;44,0625;38,5;-31,40625;113,3125;29,71875;26,625;-14,0625;-220,28125;53,5;-95,3125;101,84375;-214,15625;85,21875;-36,8125;-195,25;-173,28125;-31,71875;93,71875;-484,75;-113,75;-96,5;-73,59375;-135,40625;-93,84375;-204,3125;-124,8125;-68,4375;-135,03125;-180,09375;-79,625;-153,71875;-233,375;-237,90625;-303,1875;-235,5625;-413,1875;-333,28125;-329,84375;-172,15625;-217,28125;-194,8125;-367,25;-263,34375;-127,15625;-652,0625;-383,28125;-371,46875;-367,03125;-240,625;-460,71875;-415,90625;-652,375;-221,59375;-326,53125;-455,59375;-310,8125;-320,875;-68,15625;-138,125;-306,28125;-196,96875;-242,6875;-345,8125;-185,90625;-231,71875;-122,375;-181,03125;-102,65625;-257,90625;42,03125;-110,40625;9,25;182,375;-45,5625;-138,375;19,5;68,1875;97,40625;16,53125;-48,8125;-137,90625;132;65,1875;-165,5;-20,15625;-133,8125;284,3125;102,84375;27,9375;288,4375;187,28125;199,0625;459,3125;165,84375;331,4375;321,9375;345,1875;234,34375;405,03125;158,15625;243,09375;263,0625;268,78125;316,1875;523,46875;264,40625;167,78125;404,46875;304,46875;197,0625;39,34375;48,46875;160,125;140,09375;324,59375;322,25;457,1875;331,8125;329,9375;223,40625;374,125;267,28125;186;226,8125;9,6875;135,03125;24,09375;-62,46875;-68,875;67,25;140,59375;181,15625;85,03125;448,5625;245,4375;232,75;176,46875;340;362,3125;432,4375;100,375;28,84375;11,03125;-40,75;75,125;130,5;136,15625;212,03125;48,4375;37,6875;273,375;467,1875;459,21875;367,0625;373,3125;681,9375;414,3125;302,25;303,625;314,09375;196,78125;-175,34375;-79,28125;-51,96875;-244,9375;-390,0625;-188,84375;-197,5;-432,8125;-311,15625;-260,875;-404;-244,8125;-573,375;-386,8125;-424,8125;-347,53125;-250,34375;-464,71875;-419,28125;-176,4375;-137,28125;-355,78125;-252,875;-400,53125;-344,25;-370,96875;-272,34375;-151,71875;-335,90625;-393;-383;-394,09375;-475,28125;-402,96875;-575,28125;-342,34375;-461,3125;-394,53125;-379;-489,125;-444,5;-388,9375;-491,46875;-290,5625;-549,46875;-332,90625;-211,4375;-65,90625;-415,3125;-348,8125;-269,40625;-299,3125;-452,25;-386,34375;-346,125;-455,25;-351,0625;-252,9375;-344,65625;-38,15625;-115,53125;-219,28125;-287,40625;-383,5;-398,8125;-286,34375;-177,9375;-148,59375;-230,59375;-231,625;-275,46875;-389,875;-175,03125;-337,28125;-401,59375;-249,875;-184,6875;-60,3125;-0,5625;-307,6875;-353,4375;-88,46875;-391,75;-252,65625;-44,5;-257,25;-229,0625;-406,8125;-357,875;-242,53125;-298,5;-222,9375;-131,28125;-422,78125;-62,125;-326,28125;-165,6875;-288,40625;-47,78125;-142,5625;-150,59375;-100,6875;-175,15625;-354,84375;-88,9375;-174,375;-214,78125;-245,71875;-22,78125;-300,90625;-34,40625;-87,71875;-60,03125;-7,5625;2,125;-158,40625;38,3125;-32,6875;139,84375;-24,96875;-121,5625;-81,8125;-9,6875;-6,46875;42,03125;111,03125;-0,3125;-91,4375;
464,34375;471,75;479,375;337,125;353,75;616,40625;372,96875;623,65625;436,34375;625,5;436,3125;564,3125;649,8125;477;242,21875;159,25;355,40625;245,3125;350,15625;377,375;651,125;353,90625;401;268,0625;404,15625;237,6875;262,125;282,4375;139,9375;98,8125;250,125;157,8125;190,59375;293,15625;232,125;235,875;27,53125;276,15625;-35,34375;5,21875;117,0625;17,53125;350,9375;157,875;78,375;-76,96875;-2,78125;78,0625;-31,34375;224,46875;-67,59375;232,71875;-12,5;-10,65625;90,03125;177,34375;-44,90625;174,40625;69,34375;-72,625;-214,28125;80,03125;-161,28125;-28,53125;-81,25;-71,9375;-271,78125;-118,625;-174,28125;-126,4375;-299,375;-90,3125;179,90625;-85,84375;-218,1875;-307,40625;-188,46875;-256,84375;-144,46875;-208;-131,8125;-358,28125;-70,5625;-178;-300,90625;-7,9375;-89,53125;-181,28125;-126,4375;-242,0625;-95,53125;-147,90625;-239,28125;-162,875;-123,25;-376,0625;-205,9375;44,28125;78,25;9,65625;20,53125;33,0625;-8,90625;154;-57,09375;27,125;221,34375;77,125;93,78125;145,59375;223,1875;381,3125;284,96875;302,65625;409,65625;314,53125;202,53125;188,65625;459,09375;280,15625;170,46875;109,375;379,15625;270,71875;394;658,75;661,6875;604,6875;476,15625;503,21875;361,1875;475,71875;747,21875;463,71875;363,09375;373,78125;348,84375;516,71875;294,15625;274,25;177,46875;258,90625;272;255,71875;429,34375;424,875;485,125;490,28125;399,625;189,71875;377,9375;357,78125;496,03125;305,9375;332,9375;243,1875;142,84375;235,96875;95,84375;103,5;100,8125;146,09375;425,5;396,96875;447,375;593,1875;401,75;545,1875;284,9375;299,78125;424,53125;513,84375;380,25;121,78125;293,125;226,9375;226,0625;112,4375;367,09375;388,21875;177,0625;507,875;479,96875;529,34375;717,71875;597,75;711,1875;666,15625;557,6875;488,78125;559,125;340,4375;257,5;41,9375;141,3125;-169,625;-133,8125;-125,0625;-244,03125;-292,625;-289;47,65625;-245,5625;-280,3125;-350,5625;-241,15625;-86,25;-371,875;-412,15625;-305,0625;-129,5625;-319,90625;-288,21875;-137,03125;-70,8125;-130,375;-125,125;-410,40625;-299,25;-285,125;-45;-265,59375;-233,875;-259,09375;-68,59375;-273,46875;-349,21875;-347,625;-445,75;-158,46875;-319;-393,75;-164,34375;-412,28125;-416,9375;-105,25;-346,03125;-339,125;-474,8125;-166,40625;-271,59375;-127,4375;-442,3125;-292,03125;-304,84375;-31,90625;-143,34375;-237,625;-247,625;-199,125;-96,9375;-97,125;-347,75;-188,8125;-377,90625;-142,4375;-43,90625;-21,90625;-325,21875;-145,1875;-328,53125;-277,25;-288,25;-163;60,15625;-63,8125;-194,03125;-279,03125;28,125;-116,71875;-342,5625;195,21875;-66,46875;-58,65625;-87,46875;44,40625;-72,375;-1,4375;-122,28125;-59,53125;4,6875;-101,46875;-150,8125;-135,96875;-143,28125;-143,40625;73,9375;-66,53125;-153,8125;88,5625;17,84375;207,78125;-98,3125;32,8125;-52,71875;30,53125;20,09375;-74,6875;119;-136,25;-99,78125;122,1875;-103,46875;3,8125;30,90625;26,28125;-122,53125;93,96875;-12,3125;-10,9375;49,34375;136,40625;108,125;210,3125;127,09375;25,40625;179,75;79,6875;96,59375;47,8125;
193,4375;443,78125;424,28125;469,0625;518,0625;254,65625;380,8125;463,1875;422,78125;361,78125;225,5;414,03125;395,3125;227,90625;395,34375;215,15625;420,1875;361,03125;263,8125;382,375;520,25;299,875;213,625;516,03125;440,875;254,65625;168,875;45,625;419,28125;15,6875;231,15625;168,9375;258,125;137,40625;124,8125;225,0625;60,46875;-45,125;69,5;-78,90625;158,4375;-23,8125;39,5;145,53125;-48,65625;2;89,59375;114,28125;-161,59375;65,34375;-14,15625;0,53125;24,75;-56,40625;12,0625;55;-47,40625;82,3125;-150,53125;-44,75;-58,5625;-57,9375;-111,09375;-141,09375;-86,09375;-285,71875;-260,84375;-350,96875;-6,90625;-321,40625;-151,0625;-325,9375;-381,75;-226;-122,5625;-306,25;-351,625;-260,09375;-233,96875;-225,9375;-226,84375;-257,8125;-444,90625;-272,0625;-339,25;-299,875;-368,5625;-184,125;-301,1875;-200,1875;-391,28125;-177,28125;-235,0625;-427,59375;-91,34375;-141,5;-325,84375;-233,34375;-134,90625;-77,28125;-156,84375;133,71875;-167,6875;-112,15625;7,375;-14,25;-36,59375;-122,5;168,5625;86,3125;140,09375;198,25;73,625;-30,28125;39,9375;-28,5;87,375;241,46875;170,28125;194,65625;302,625;270,46875;426,75;282,0625;329,3125;263,78125;412,90625;387;232,59375;726,3125;423,96875;478,40625;369,34375;435,21875;303,5625;330,75;307,4375;136,84375;56,46875;216,78125;271,96875;190,5625;346,25;259,46875;254,65625;408,15625;139;360,46875;384,71875;457,3125;434;294,25;237,34375;315,375;307,53125;130,40625;255,0625;220,96875;-376;360,5;12,96875;182,90625;239,40625;285,875;488,59375;434,65625;376,3125;610,03125;352,375;501,5;281,65625;235,25;223,6875;239,8125;124,90625;-27,40625;-28,0625;90,34375;186,625;309,84375;126,375;228,84375;650,09375;565,59375;599,4375;709,21875;565,4375;445,65625;433,9375;382,53125;278,375;359,9375;101,09375;158;-169,46875;-1,75;-320,8125;-260,125;-142,375;-339,9375;-501,53125;-255,59375;-396,84375;-465,90625;-300,75;-271,9375;-281,78125;-307;-546,53125;-473,53125;-201,25;-375,5;-366;-317,9375;-300,4375;-319,1875;-381,625;-406,15625;-382,5;-350,625;-305,125;-548,125;-444,84375;-365,15625;-235,78125;-228,0625;-304,59375;-388;-210,03125;-299,59375;-460,03125;-392,0625;-237,59375;-299,78125;-526,375;-427,3125;-586,625;-354,6875;-289,75;-378,65625;-395,71875;-539,75;-313,25;-242,96875;-421,84375;-441,90625;-414,90625;-382,03125;-229,625;-199,125;-280,40625;-456,90625;-215,3125;-328,53125;-217,40625;-380,25;-128,1875;-279,125;-350,09375;-358,34375;-478,40625;-418,3125;-282,25;-297,625;-104,78125;-290,8125;-246,96875;-170,90625;-307,9375;-99;-362,3125;-62,84375;-330,5;-83,875;-293,4375;-296,09375;-237,5625;-106,96875;-34,5;26,96875;-40,3125;-125,53125;-160,84375;-172,09375;-156,40625;-20,53125;-17,4375;-178,59375;-72,75;-79,78125;-95,875;-109,5;-204,84375;-36,625;-127,09375;36,9375;-68,53125;-84,0625;-163,21875;-131,625;-237,9375;-187,71875;-134,6875;-34,78125;-224,15625;-77,1875;50,40625;-86,40625;-37,28125;-78,78125;204,0625;23,40625;77,96875;-0,21875;-122,625;-39,125;-47,65625;-269,15625;-137,0625;69,53125;
459,5625;399,1875;408,3125;408,84375;325,59375;237,34375;436,5625;453,125;527,6875;372,40625;402,65625;488,46875;369,59375;484,09375;388,28125;506,6875;372,125;376,71875;664,0625;402,5;437,5;488,4375;313,5;379,71875;231,9375;352,71875;288,90625;291,1875;535,40625;261,71875;374,40625;218,90625;234,6875;57,3125;255,09375;190,34375;137,40625;-68,21875;172,1875;111,21875;-75,96875;19,84375;-43,59375;168;35,65625;57;43,5;196,125;206,875;57,0625;66;14,25;-41,0625;-170,8125;-91,8125;-16,375;103,53125;-21,65625;-91,40625;-90,25;-65,59375;-145,53125;-62,5625;-257,5625;-130,75;-341,59375;-197,375;-188,0625;25,34375;-159,40625;-100,71875;-168,46875;-200,6875;-214,40625;-319;-221,78125;-323,875;-345,6875;-274,71875;-315,71875;-308,65625;-276,5;-284;-268,6875;-397,34375;-179,09375;-228,75;-376,59375;-128,09375;-419,875;-52,03125;-304,625;-137,21875;-284,25;-207,875;-334,84375;-307,03125;-161,75;-283,75;124,875;33,71875;-124,53125;97,3125;-114,875;-26,46875;-11,1875;5,3125;98,625;197,59375;154,8125;42,875;91,34375;96,9375;237,84375;197,40625;269,09375;0,78125;209;149,71875;323,3125;258,53125;292,84375;451,875;354,875;413,71875;577,15625;532,71875;459,5;279,15625;339,59375;379,09375;434,0625;523,46875;755,25;622,53125;409,03125;241,8125;351,28125;632,625;219,6875;100,0625;359,125;289,78125;248,09375;389,625;470,3125;361,90625;309,375;652,09375;448,5625;552,4375;325,34375;314,40625;222,09375;190,0625;329,0625;226,0625;113,4375;124;227,53125;107,65625;263,71875;405,375;407;449,625;562,15625;656,8125;440,6875;614,90625;457,8125;322,375;246,9375;251,15625;220,15625;197,46875;293,53125;-41,875;12,75;190,90625;273,78125;442,3125;528,8125;422,65625;530,625;574,5;848,15625;602,90625;612,96875;625,34375;501,4375;337,78125;112,5625;259,03125;124,5;138,0625;-325,21875;-81,3125;-33,15625;-161,65625;-178,1875;-310,71875;-290,71875;-379,3125;-412,78125;-600,75;-429,4375;-612,125;-564,6875;-362,875;-224,4375;-329,125;-342,6875;-549,4375;-540,71875;-541,5625;-367,0625;-282,3125;-367,65625;-368,1875;-134,75;-429,9375;-305,75;-457,21875;-534,40625;-106,75;-339,25;-271,8125;-392,1875;-327,875;-233,4375;-98,75;-232,9375;-217,03125;-342,125;-137,875;-428,21875;-306,09375;-374,6875;-393,34375;-341,0625;-451,46875;-557,8125;-257,53125;-199,625;-421,15625;-344,9375;-501,3125;-454,5625;-340,5;-286,21875;-468,625;-334,125;-312,75;-264,375;-344,15625;-314,46875;-346,4375;-413,46875;-167,375;-175,4375;-301,8125;-208,65625;-406,75;-351,21875;-230,125;-306,4375;-263,9375;-151,78125;-40,375;-134,09375;-150,78125;-228,96875;-278,28125;-165,5625;-374,8125;-217,90625;-209,96875;-218,875;-197,9375;-195,3125;-92,875;-271,15625;-212,9375;-217,53125;-119,9375;-166,0625;-144,53125;-62,8125;-177,03125;-153,03125;-155,40625;-114,59375;98,96875;93,1875;-167,375;66,5;-127,9375;-101,28125;-69,28125;80,875;-67,5;-187,1875;16,875;47,09375;172,625;-63,96875;-87,90625;-173,625;-82,4375;26,78125;194,34375;-75,78125;52,65625;146,34375;257,25;216,71875;58,59375;171,46875;11,59375;149,53125;
535,0625;324,09375;467,84375;350,625;347,90625;527,0625;407,78125;375,09375;608,71875;221,8125;220,09375;537,46875;504,21875;534,875;412,75;148,96875;486,375;416,9375;457,75;354,8125;350,21875;316,4375;369,65625;245,5;172,15625;214,875;185,71875;130,09375;323,8125;262,5625;366,34375;107,28125;137,78125;157,625;143,03125;183,21875;112,375;110,65625;-64,5;70,21875;14,6875;229,40625;14,0625;224,21875;253,21875;197,96875;84,4375;-58,875;37,375;-77,375;-91,53125;-74,84375;-94,8125;-325,0625;-47,34375;26,84375;-0,4375;43,125;-127,0625;102,625;-230,28125;-143,71875;-137,5;-205,40625;-244,09375;-368,3125;-204,9375;-104,53125;-173,4375;-249,75;-413;-185;-449,1875;-326,5625;-178,40625;-397,9375;-285,5625;-327,75;-298,34375;-355,46875;-170,25;-378,6875;-359,9375;-360,3125;-522,625;-394,40625;-398,03125;-556,84375;-405,78125;-70,25;-368,71875;-227,6875;-284,75;-306,6875;-202,28125;-304;-187,78125;-140,59375;-301,09375;-153,6875;54,4375;53;-26,71875;-118,59375;-269,46875;-33,5;-138,59375;26,5625;8,09375;89;6,75;-32,375;56,34375;-34,375;181,0625;169,875;2,25;139,34375;87,15625;584,28125;464,5625;80,75;293,65625;326,71875;471,90625;266,84375;359,78125;362,21875;521,0625;390,15625;440,84375;347,53125;553,78125;557,5;412,0625;441,75;411,21875;362,53125;447,375;466,5625;295,40625;135,46875;404,0625;343,96875;287,0625;372,34375;474,6875;418,9375;276,53125;548,25;218,65625;552,3125;255,8125;352,5625;274,84375;270,40625;357,65625;185,46875;188,09375;291,1875;84,03125;146,125;336,03125;315;723,9375;455,84375;491,125;683,875;581,40625;397,15625;225,6875;378,65625;178,8125;198,1875;167,875;-77,96875;-41,71875;118,75;270,71875;395;300,03125;580,40625;538,125;806,375;695,375;637,8125;509,1875;594,84375;569,40625;505,4375;288,5;371,59375;162,09375;343,125;131,09375;-41,3125;-14,1875;-260,375;-376,375;-356,96875;-363,6875;-509,78125;-386,46875;-428,59375;-655,1875;-455,875;-401,09375;-546,53125;-290,6875;-380,8125;-531,46875;-491,4375;-341,59375;-268,65625;-623,25;-371,03125;-510,21875;-225,40625;-407;-492,71875;-390,875;-344,21875;-504,8125;-497,90625;-367,90625;-514,125;-476,9375;-469,90625;-479,65625;-530,65625;-313,4375;-459,03125;-562,875;-130,84375;-349,71875;-518,65625;-255,6875;-457,53125;-257,09375;-516,59375;-375,09375;-624,65625;-370,875;-396,1875;-313,8125;-381,53125;-415,40625;-540;-335,09375;-221,71875;-399,625;-320,65625;-216,5625;-481,0625;-497,90625;-335;-360,875;-477,875;-267,375;-425,6875;-463,96875;-401,375;-535,125;-454,5;-306,65625;-330,46875;-193,90625;-254,90625;-82,4375;-432,28125;-308,53125;-317,46875;-398,9375;-357,0625;-431,34375;-224,6875;-255,21875;-207,40625;-248,65625;-125,625;-140,9375;-182,0625;-297,9375;-201,375;-124,59375;-160,96875;-200,6875;-291,875;-288,9375;-112,59375;-134,59375;-226,40625;-149,53125;-227,6875;-217,46875;-100,40625;-88,65625;-105,03125;-175,34375;-229,03125;89,1875;-171,375;-38,25;65,96875;-208,9375;-85,03125;-204,5;-27,96875;-59,0625;-169,5;47,09375;-83,625;-56,9375;34,3125;-30,5;-76,78125;31,09375;-50,40625;8,3125;-152,46875;
423,84375;342,25;390,625;302,5;527,90625;365,8125;409,84375;486,78125;223,84375;505,5625;471,0625;509,0625;704,0625;432,34375;656,4375;346,84375;355,0625;435,75;235,53125;316,25;449,65625;264,25;431,6875;392,15625;374,71875;442,09375;418,9375;303,5;223,5;331,5;403,84375;275,34375;182;304,34375;139,8125;383,28125;249,9375;209,6875;77,5625;118,84375;133,90625;185,84375;101,40625;334,375;146,09375;135,84375;47,1875;162,90625;13,84375;194,21875;-110,125;17,25;188,65625;43,71875;129,90625;117,3125;33,25;-201,75;-54,5625;5,90625;-89,59375;-139,875;-112,65625;81,96875;-97,0625;-116,4375;-289,03125;20,3125;36,0625;-120,34375;63,46875;-164,125;-216,15625;-327,21875;-62,3125;-405,625;-61,15625;-253,5;106,09375;-432,875;-522,6875;-182,40625;-135,9375;-173,40625;-362,5;-265,3125;-218,3125;-460,9375;-325,1875;-107,625;-237,09375;-471,6875;-266,03125;-237,5625;-338,8125;-269,03125;-196,0625;-148,09375;-56,03125;-63,15625;40,78125;-111,3125;-27,125;32,375;-293,28125;-49,75;-173,5;-185,71875;146,125;220,8125;62,5625;105,3125;70,59375;97,34375;40,5;196,25;371,46875;355,78125;127,125;329,09375;396,90625;404,3125;417,625;332,875;472,6875;423,34375;481,84375;546,21875;651,4375;712,09375;653,09375;744,15625;247,21875;290,3125;740,03125;578,28125;536,15625;472,0625;516,53125;388,03125;532,46875;464,8125;437,4375;290,65625;441,65625;265,3125;350,40625;518,40625;433,875;518,90625;637,75;648,46875;539,09375;470,28125;519,0625;211,59375;219,1875;140,28125;402,21875;281,46875;252,21875;201,75;421,90625;621,625;534,15625;493,84375;833,6875;593,53125;689,90625;484,90625;589,28125;284,90625;214,25;60,9375;26,78125;145,625;380,65625;169,125;365,3125;429,4375;602,5;710,625;687,0625;622,71875;960,6875;900,375;652,5625;744,625;634,21875;521,6875;405,65625;393,25;237,59375;271,75;85;126,75;-122,8125;131,84375;-328,5625;-449,125;-296,78125;-316,65625;-372,4375;-576,25;-423,75;-410,09375;-464,96875;-243,34375;-395,5;-199,03125;-250,96875;-344,6875;-405,90625;-424,0625;-522,75;-483,65625;-372,84375;-424,3125;-427,34375;-200,1875;-397,4375;-367,59375;-263,625;-331,90625;-260,34375;-298,03125;-159,4375;-388,71875;-449,8125;-235,53125;-153,40625;-225,0625;-295,8125;-504,6875;-318,0625;-348,71875;-191,15625;-292,625;-385,03125;-355,71875;-166,03125;-381,6875;-382,40625;-412,125;-379,3125;-230,28125;-520,8125;-334,28125;-508,28125;-712,6875;-613,75;-406,625;-232,46875;-244;-372,25;-443,40625;-345,875;-386,375;-404,375;-311,40625;-402,1875;-218,125;-336,375;-311,25;-332,5;-282,28125;-445,5;-253,0625;-397,6875;-412,53125;-138,5;-207,15625;-83,46875;-157,40625;-107,84375;-145,28125;-308,6875;-66,40625;-310,3125;-306,03125;-383,59375;-129,5;174,1875;-77,8125;-329,09375;-304,28125;-60,84375;-168,46875;-81,09375;-111,34375;-136,59375;-153,78125;-152,25;-115,875;-124,59375;-166,5625;-66,59375;-37,65625;-125,34375;-248,1875;-159,9375;-40,15625;-65,375;68,8125;-95,9375;-18,4375;-76,3125;15,1875;-73,71875;44,46875;71,0625;155,46875;164,5625;-62,78125;18,375;104,96875;-8,53125;-195,90625;42,53125;47,03125;
577,75;525,875;567,96875;505,84375;465,78125;443,90625;378,53125;447,84375;341,84375;631,28125;505,4375;484,53125;449;257,1875;415,5;328,71875;502,84375;434,46875;411,0625;300,28125;435,96875;257,46875;523,75;322,125;460,96875;444,09375;170,21875;382,34375;463,59375;301,78125;157,53125;281,1875;92,9375;239,28125;192,40625;293,34375;235,40625;241,40625;221,71875;284,4375;170,625;131,5625;85,84375;172;-6,1875;30,25;162,96875;175,5625;64,96875;134,90625;74,75;-101,09375;-68;-96,09375;98,375;-30,9375;60,375;32,28125;-244,9375;31,75;-290,1875;-65,34375;-97,53125;42,4375;-74,4375;-303,28125;-82,625;7,4375;-217,84375;-46,8125;-157,46875;-310,875;-258,46875;-319,34375;-166,375;-262,65625;-86,3125;-300,875;-293,46875;-194,8125;-236,53125;-173,4375;-36,8125;-443,71875;-354,03125;-283,8125;-314,625;-595,25;-323,625;-347,3125;-378,40625;-339,65625;-127,71875;-307,9375;-238,03125;-214,46875;-193,8125;-269,75;-96,0625;-201,53125;-102,90625;-132,78125;-202,0625;-202,5625;-313,1875;19,78125;-142,59375;111,09375;72,8125;52,28125;17,46875;156,15625;-108,5625;61,3125;185,4375;233,03125;244,46875;145,65625;249,15625;212,59375;202,90625;460,53125;146,09375;410,125;319,0625;475,03125;370,5;522,0625;696,625;514,34375;443,375;497,6875;484,625;630,9375;517,375;437,78125;385,09375;343,125;364,40625;376,90625;658,40625;465,03125;435,8125;175,71875;350,9375;443,78125;477,8125;460,15625;517,96875;571,09375;792,9375;630,09375;544,75;401,46875;581,3125;592,125;581,46875;245,4375;270,65625;164,125;353,15625;447,375;400,5;540,4375;440;766,3125;460,65625;704,09375;469,28125;561,46875;406,65625;335,71875;412,625;62,09375;186,71875;268,625;87,90625;181,4375;312,65625;546,03125;523,125;488,34375;569,96875;736,25;872,0625;767,71875;606,09375;695,5625;765,71875;558,0625;338,8125;361,125;129,5625;322,21875;129,6875;90,625;-48,40625;-82,375;-339,75;-266,40625;-327,21875;-341,90625;-552,1875;-448,90625;-353;-526,78125;-427,5625;-414,28125;-493,59375;-651,59375;-452,75;-486,03125;-499,875;-575,75;-409,40625;-504,46875;-587,96875;-422,34375;-395,6875;-508,90625;-311,4375;-451,28125;-209,78125;-276,03125;-273,875;-594,75;-390,5;-490,5625;-392,09375;-280,28125;-216,09375;-539,09375;-441,875;-500,4375;-512,3125;-228,34375;-521,75;-471,8125;-474,53125;-286,15625;-290,03125;-646,65625;-445,0625;-276,0625;-374,03125;-327,65625;-269,75;-366,40625;-372,8125;-349,90625;-117,625;-255,25;-424,28125;-435,5625;-530,78125;-508,3125;-487,15625;-312,84375;-519,03125;-375,84375;-471,8125;-411,375;-205,0625;-334,78125;-244,53125;-131,78125;-317;-260,8125;-381;-203,84375;-289,5625;-493,75;-360,53125;-262,09375;-252,4375;-437,34375;-109,78125;-180,1875;-339,21875;-349,59375;-206,21875;-202,34375;-208,59375;-250;-300,40625;-238,59375;-190,28125;-188,59375;-21,90625;-102,8125;11,4375;6,09375;-425,28125;-264,3125;-143,21875;-46,03125;-93;78,375;-174,84375;-166,1875;-144,90625;-129,46875;-210,71875;-23,28125;-69,25;-78,28125;-163,25;-36,875;22,3125;-77,59375;165,78125;99,25;-163,53125;24,5;-76,4375;31,34375;-16,3125;-43,59375;60,25;37,8125;
418,34375;649,5625;600,1875;638,40625;735,75;533,90625;543,78125;599,96875;550,75;536,21875;450,65625;633,59375;638,96875;517,8125;736,40625;525,375;597,4375;424,03125;653,78125;692,1875;572,0625;576,5625;535,03125;604,40625;492,375;348,28125;319,71875;482,78125;457,625;531,25;457,40625;276,90625;350,375;256,59375;362,03125;351,46875;274,15625;301,78125;242,375;307,65625;291,40625;440,0625;473,90625;216,3125;329,65625;352,71875;273,46875;271,375;175,1875;50,59375;264,9375;58,28125;295;184,9375;142,6875;264,625;144,90625;158,21875;142,28125;88,8125;167,6875;81,875;109,90625;196,40625;-72,875;166,5625;58,03125;24,40625;-141,53125;-59,5625;-176,53125;-120,375;-97,78125;-86,25;-55,90625;-241,03125;-51,5625;-251,71875;-20,0625;-65;72,6875;-1,4375;-193,0625;-77,53125;-164;-333,6875;-244,03125;-131,4375;-55,90625;68,125;-104,25;-177,09375;-60,15625;-41,34375;-141,21875;-273,96875;89,09375;-97,375;36,6875;122;144,375;-20,34375;141,0625;151,46875;213,5625;29,78125;50,625;63,65625;309,5;107,0625;265,65625;244,3125;106,59375;318,34375;191,5;430,34375;130,6875;435,59375;364,03125;525;420,0625;663,75;451,125;377,375;631,03125;685,5625;715,78125;664,46875;573;747,65625;778,875;706,9375;687,0625;640,8125;481,25;628,625;737,0625;624,8125;473,3125;674,84375;623,5;433,84375;511,375;510,21875;445,53125;758,46875;715,125;552,25;563,1875;652,21875;525,9375;736,65625;907,25;696,90625;718,03125;464,40625;490,6875;259,71875;346,0625;480,09375;337,71875;443,5;646,59375;753,5;718,375;851,71875;697,25;986,78125;971,125;592,875;625,5625;705,53125;401,75;440,3125;392,0625;248,5;313,28125;393,625;653,5;663,09375;605,375;858,34375;779,1875;839,09375;1078,21875;1023,3125;978,375;842,8125;731,28125;855,25;445,59375;552,90625;447,15625;155,34375;185,40625;261,90625;156,875;4,15625;-167,8125;-68,84375;-274,96875;-242,28125;-98,84375;-348,125;-321,5625;-430,15625;-326,40625;-120,84375;-277,65625;111,15625;-371,6875;-278,3125;-370,46875;-237,53125;-258,09375;-127,5;-443,84375;-147,65625;-95,875;-325,25;-226,09375;-119,125;-309,34375;-69,9375;-138,8125;-171,84375;-285,3125;-192,5625;-140,75;-173,46875;-142,03125;-146,875;-205,96875;-191,90625;-126,3125;-46,5;-255,1875;-308,90625;-408,15625;-159,4375;-117;-338,9375;-308,6875;-335,28125;-286,53125;-130,21875;-263,96875;-177,40625;-250,5;-253,53125;-266,1875;-241,71875;-246,5625;-263,5;-134,28125;-114,375;-223;-492,03125;-129,34375;-252,6875;-173,375;-306,78125;-268,8125;-203,34375;-94,78125;-217,90625;-281,25;-51,65625;-136,5;23,96875;-277,96875;-105,375;16,71875;-150,875;-65,5;-155,125;-151,9375;33,1875;-10,46875;-30,3125;-69,65625;-161,1875;-134,34375;3,84375;94,59375;-56,5;-74,4375;32,46875;186,0625;-16,875;-25,75;-162,625;36,21875;22,15625;0,71875;-211,15625;-18,625;35,375;244,03125;22,65625;-69,28125;123,25;305,4375;161,9375;176,4375;265,84375;182,5625;84,0625;106,0625;-265,9375;33,78125;305,8125;99,15625;271,0625;134,21875;170,09375;429,75;188,0625;267,15625;378,40625;
468,78125;359,625;701,6875;459,625;573,28125;445,4375;532,03125;491;585,90625;664,875;678;687,9375;702,03125;525,1875;629,25;350,9375;647,90625;498,8125;428,59375;656,375;550,1875;401,0625;519,9375;622,875;524,78125;421,03125;497,90625;375,53125;519,71875;393,0625;545,96875;480;406,125;369,90625;477,375;263,15625;557,1875;414;415,09375;383,5;332,78125;393,90625;348,09375;130,40625;310,5625;432,25;302,4375;148,78125;331,15625;331,46875;361,5;157,59375;166,3125;230,375;222,625;175,90625;221,46875;209;263,34375;247,9375;149,5625;87,75;14,9375;-37,5625;20,0625;165,875;34,40625;47,4375;-126,6875;111,34375;22,1875;136,875;-120,28125;-16,71875;-19,75;-251,4375;-207,5625;98,875;-107,125;-125,53125;6,1875;-109,6875;30,5625;-112;-181,6875;-231,34375;-98;-62,84375;-172,21875;-140,6875;-70,59375;-350,96875;-158,4375;-357,53125;-183,34375;-251,8125;-164,3125;-41,125;-22,78125;-13,9375;140,71875;-47,25;182,53125;-2,875;-171,625;-207,6875;-3,3125;149,78125;126,3125;106,84375;177,0625;178,4375;126,40625;351,34375;235,375;268,5;301,0625;168,3125;339,28125;165,65625;351,25;446,90625;465,375;439,53125;469,96875;656,90625;554,25;699,09375;751,96875;507,25;581,8125;593,90625;534,1875;529,9375;444,09375;619,6875;570,28125;611,65625;264,84375;595,34375;296,3125;388,78125;302,71875;390,34375;437,84375;434,78125;327,625;441,125;491,84375;677,71875;603,40625;757,875;742,4375;546,71875;745,40625;445,9375;163,28125;234,90625;477,84375;461,34375;536,0625;381,09375;636,125;592,59375;584,03125;822,625;714,34375;567,375;498,875;542,5;601;505,71875;364,25;373;358,90625;438,75;143,6875;474;300,1875;357,5;633,53125;715,15625;877,8125;787,78125;641,625;861,8125;771,375;805;630,03125;515,4375;474,1875;367,46875;284,21875;295,25;211,125;-73,53125;-128,09375;185,75;13,625;-144,59375;-208,3125;-195,8125;-204,90625;-366,34375;-293,53125;-495,125;-299;-422,34375;-346,53125;-265;-321,84375;-381,0625;-242,9375;-195,96875;-239,21875;-444,6875;-451,375;-191,0625;-281,75;-256,90625;-337,4375;-187,59375;-433,375;-131,65625;-236,65625;-357,5625;-346,21875;-199,96875;-94,34375;-258,34375;-210;-486,4375;-257,46875;-251,15625;-267,375;-295,59375;-134,6875;-77,1875;-373,9375;-457,28125;-114,3125;-35,625;-141,0625;-231,0625;-253,4375;-214,90625;-281,0625;-190,625;-223,90625;-361,3125;-182,15625;-261,4375;-245,3125;-262,5625;-306,53125;-289,0625;-211,375;-207,90625;-85,09375;-98,09375;-130,625;-319,5;-383,375;-194,09375;-252,875;-29,5;-248,03125;-92,53125;-105,875;-453,46875;-53,59375;-88,96875;-82,875;11,40625;-95,03125;54,125;-148,3125;-34,21875;-92,46875;-144,46875;-183,5;48,9375;-145,34375;-245,125;-141,125;-65,09375;103,75;123,9375;-88,1875;132,875;-176,875;-119,75;-27,5625;41,40625;-59,875;25,875;129,53125;110,09375;-5,34375;58,1875;11,40625;129,71875;208,09375;-280,8125;7,71875;57,96875;89,75;170,125;149,4375;52,5;227,78125;223,34375;43,125;-62,875;152,84375;25,5;-42,625;81,71875;172,09375;217,3125;
325,46875;353,40625;577,03125;559,625;466,15625;555,0625;542,15625;566,59375;709,125;668,46875;589,5;444,875;527,90625;525,84375;516,4375;703,25;481,96875;432,15625;322,15625;505,4375;416,8125;633,84375;364,90625;369,6875;499,0625;186,59375;385,15625;273,9375;447,6875;451,53125;447,84375;499,28125;357,65625;203,8125;224,375;465,375;386,9375;408,53125;599,65625;280;256,21875;211,875;221,8125;290,71875;61,6875;-11,21875;146,21875;165,96875;214;102,84375;124,4375;150,09375;150;263;196,59375;-64,40625;-134,71875;-112,1875;57,28125;197,65625;140,3125;-66,03125;156,625;236,40625;32,15625;182,4375;14,71875;-95,03125;63,96875;-42,46875;-75,40625;-245,5625;-110,84375;15,40625;-167,34375;-122,09375;82,71875;-116,0625;1,5;-67,125;-228,875;-80,15625;-157,59375;-209,3125;-37,4375;-339,03125;-337,21875;-443;-262,6875;-247,5;-154,375;-224,09375;-296,90625;-405,84375;-199,8125;-219,78125;-163,15625;-337,3125;120,5;-1,875;-140,25;37,40625;-70,59375;-114,25;-56,6875;80,9375;-50,21875;-131,6875;25,96875;134,5625;-47,4375;-127,375;326,875;250,28125;129,46875;93,25;420,5;152,0625;521,125;168,84375;116,9375;345,6875;231,8125;496,15625;729,0625;620,90625;445,4375;613,28125;585,15625;733,78125;486,875;537,84375;517,1875;437,84375;507,53125;606,34375;285,0625;468,125;467,40625;270,6875;415,625;158,5625;434,34375;538,15625;273,625;378,59375;341,5;484,59375;319,65625;400,125;630,90625;665;552,78125;548,125;412,3125;416,09375;198,78125;88,375;95,96875;253,9375;326,4375;369,96875;341;608,5625;635,75;614,40625;612,46875;555,6875;536,21875;592,78125;562,875;363,46875;397,875;330,625;198,1875;103,9375;234,4375;166,75;19,5625;220,78125;379,25;624,5;651,125;781,75;427,28125;619,4375;640,28125;420,40625;591,125;430,78125;273,5;132,40625;315,5625;118,21875;-24,3125;238,75;-108,84375;-350,40625;-490,46875;-333,6875;-345,1875;-300,5625;-401,84375;-563,625;-363,125;-574,875;-306,1875;-374,1875;-204,625;-413,34375;-409,25;-437;-398,59375;-315,78125;-382,34375;-480,53125;-422,71875;-412,4375;-466,375;-444;-227,28125;-357,5;-326,96875;-546,71875;-184,375;-220,03125;-262,21875;-336,46875;-391,875;-489,53125;-301,59375;-390,125;-446,90625;-197,625;-355,71875;-120,8125;-339,78125;-174,9375;-410,8125;-566,25;-389,78125;-466,8125;-422,53125;-472,90625;-291,75;-191,75;-265,625;-323,5;-342,6875;-487,90625;-257,78125;-344,53125;-339,3125;-169,6875;-287,5625;-468,09375;-40,6875;-441,96875;-384,4375;-324,75;-241,5625;-516,75;-200,75;-160,625;-309,21875;-268,15625;-210,5625;-301,15625;-252,9375;-288,9375;-58,78125;-435,4375;-154,375;-223,25;-123,875;-72,8125;-53,9375;-229,15625;-132,125;-302,5;-126,3125;-165,96875;0,46875;-134,25;-134,75;-198,40625;-159,65625;-42,4375;-75,71875;-76,1875;-97,375;-34,59375;-158,75;-90,71875;-99,375;-171,40625;-147,53125;-6,21875;-41,28125;-23,28125;-54,75;42,84375;16,84375;-71,75;69,625;59,46875;142,5625;-56,84375;197,40625;-60,53125;102,5;51,3125;147,71875;-57,90625;14,8125;-90,34375;-65,59375;173,90625;58,78125;292,5625;
523,28125;383,28125;642,53125;547,78125;506,6875;502,6875;525,0625;588,5625;695,71875;506,09375;578,15625;591,59375;678,75;549,65625;501,3125;503,9375;542,40625;588,0625;496,96875;421,3125;497,53125;398,9375;783,6875;624,125;424,25;635,3125;356,75;464,5;495;424,09375;414,375;410,28125;410,34375;560,1875;523,3125;375,125;404,25;377;146,5;327,09375;316,5625;407,5;283,0625;477,6875;228,03125;382,09375;289,6875;304,90625;181,4375;307,84375;307,4375;206,5625;100,90625;189,65625;325,28125;347,53125;237,125;109,5625;7,84375;157,15625;72,875;71,59375;82,96875;242,6875;234,3125;264,65625;72,40625;41,90625;28,15625;-134,09375;219,3125;95,9375;-41,96875;-72,09375;-67,21875;20,125;-39,125;-0,46875;-160,40625;-226,8125;-4,75;-281,375;-178;-265,1875;-241,28125;-145,28125;-12,78125;-131,5625;24,03125;-272,96875;-395;-66,5625;-370,0625;-248,75;-208,4375;-26,34375;-110,28125;-153,5625;-1,75;81,3125;-120,5625;-188,25;-126;-108,8125;-143,09375;68,875;50,65625;30,15625;-150,8125;70,3125;81,6875;291,03125;325,125;135,65625;74,5625;26,4375;282,625;354,25;298,09375;218,5;261,71875;399,5;381,8125;536,40625;701,34375;791,8125;583,59375;751,0625;652,46875;408,625;664,65625;524,625;458,5625;458,1875;309,46875;475,9375;288,40625;526,46875;288,03125;180,25;604;293,75;415,34375;211,71875;492,46875;409,25;318,78125;344,28125;409,8125;569,28125;610,28125;488;358,09375;448,96875;522,875;310,34375;237,75;118,40625;166,375;229,59375;51,21875;249,75;463,96875;437,09375;555,5;559,53125;468,28125;818,6875;483,90625;532,875;441,28125;203,21875;304,03125;260,25;138,40625;180,96875;221,46875;337,75;278,46875;192,15625;274,25;480,9375;638,6875;767,15625;646,53125;668,9375;656,0625;193,3125;460,03125;386,53125;311,78125;92,65625;285,25;212,71875;13,875;-201;-98,25;-160,25;-333,4375;-121,59375;-390,53125;-190,1875;-90,03125;-262,0625;-313,84375;-420,9375;-345,90625;-257,53125;-279,96875;-373,6875;-336,53125;-228,28125;-350,59375;-351,625;-507;-287,34375;-379,875;-475,625;-129;-277,21875;-477,3125;-370,96875;-267,84375;-113,84375;-277,40625;-346,34375;-88,75;-389,28125;-245,53125;-459,46875;-378,1875;-375,09375;-431,6875;-39,9375;-440,28125;-287,15625;-209,8125;-347,5625;-156,6875;-460,09375;-541,03125;-368,4375;-336,09375;-494,0625;-267,59375;-251,8125;-195,34375;-338,34375;-429,65625;-447,8125;-526,5625;-196,8125;-275,625;-417,5;-448,0625;-323,71875;-395,40625;-174,78125;-289,1875;-386,1875;-287,1875;-471,53125;-206,3125;-248,75;-297,78125;-172,59375;-136,59375;-341,0625;-160,875;-180,46875;-161,28125;-185,90625;-237,4375;-220,21875;-450,59375;-346,8125;-181,5;-113,03125;-8,09375;-46,75;-126,8125;-5,84375;-116,96875;-80,71875;-122,1875;-110,1875;24,75;-89,90625;-63,3125;48,3125;-137,71875;-220,1875;-230,28125;-226,625;-281,625;190,34375;-17,0625;-59,90625;-30,84375;151,25;80,90625;-56,8125;115,28125;0,5;34,34375;103,40625;-49,40625;21,71875;-2,3125;66,875;259,09375;-16,28125;-9,3125;202,53125;-6,25;111,375;141,0625;-184,15625;-40,5625;144,84375;
475,5625;639,3125;565,46875;618,875;602,34375;580;522,4375;478,0625;543,875;390,3125;740,875;282,40625;705,65625;398,125;662,46875;558,125;317,3125;440,46875;394,5;640,625;443,59375;384,09375;468,6875;330,9375;511,25;450,90625;409,78125;303,125;311,5625;325,6875;383,53125;296,09375;600,5625;397,3125;237,03125;353,875;298,28125;171,84375;248,6875;218,0625;448,15625;231,09375;395,125;457,84375;361,53125;311,09375;301,90625;231,28125;315,8125;214,15625;326,71875;252,46875;358,84375;261,59375;235,125;151,875;161,4375;213,59375;130,15625;-18,21875;70,71875;64,875;144,84375;231,15625;-56,8125;-22,53125;60,5;121,8125;-30,34375;-39,28125;138,96875;-19,125;-103,40625;-62,0625;-296,8125;-191,65625;-252,34375;19,40625;-216,375;-338,625;-129,03125;86,0625;-240,1875;-133,71875;-269,5625;-137,78125;-171,1875;-224,1875;-292,15625;-31,5;-142,25;-368,4375;-366,25;-387,34375;-134,875;-194;-116,28125;-206,46875;-84,53125;-114,34375;15,03125;170,03125;-108,03125;-49,34375;-75,34375;-88,75;-265,1875;4,34375;-21,5625;15;81,84375;121,0625;245,125;45,53125;413,40625;53,90625;116,875;26;80,625;201,3125;179,71875;304,28125;416,3125;413,84375;277,6875;535,375;827,625;592,28125;653,5625;608,03125;544,1875;584,5;347,25;418,21875;335,0625;445,5;505,03125;292,90625;391,875;418,09375;318,5;414,0625;197,65625;268,59375;447,6875;316,40625;287,09375;195,0625;537,84375;583,15625;441,75;483,53125;310,3125;308,78125;458,5;333,84375;270,40625;272,21875;82,90625;60,3125;62,90625;135,0625;224,1875;449,8125;708,3125;875,75;646,84375;787,78125;749,375;537,78125;465,21875;146,65625;180,84375;78,09375;248,28125;99,375;13,25;47,65625;124,46875;178,34375;218,15625;528,15625;561,84375;813,71875;684,53125;565,4375;632,9375;534,90625;435,8125;152,375;213,6875;122,53125;239,125;-27,71875;7,53125;-5,3125;-70,125;-153,375;-278,65625;-443,5;-160,78125;-343,46875;-348,6875;-678,8125;-394,9375;-437,625;-320,78125;-483,90625;-487,78125;-306;-322,46875;-586,84375;-295,6875;-342,21875;-507;-486;-357,8125;-353,4375;-367,28125;-414,125;-451,96875;-592,09375;-444,90625;-389,0625;-241,65625;-387,1875;-413,125;-262,34375;-380,40625;-448,6875;-419,90625;-364,1875;-296,46875;-450,0625;-423,96875;-276;-347,53125;-446,5625;-507,6875;-448,09375;-217;-319,40625;-420,90625;-356,5;-290,09375;-430,4375;-394,78125;-413,4375;-251,3125;-357,75;-189,78125;-362,28125;-388,09375;-535,84375;-479,0625;-239,46875;-224,375;-384,09375;-173,53125;-242,90625;-263,875;-291,34375;-297,34375;-314,125;-244,40625;-146,59375;-284,5625;-296,1875;-415,5625;-195,84375;-168,25;-59,21875;-280,3125;-287,75;-265,28125;-197,28125;-114,1875;-78,5;-229,59375;-242,3125;-103,03125;-305,75;-107,84375;-244,40625;10,03125;-49,53125;-234;-206,9375;-92,09375;-125,5625;52,8125;-189,9375;-389,5;-213,8125;-178,71875;22,21875;-50,6875;-49,5;-25,09375;-51,53125;46,875;159,25;-3,375;52,1875;-64,28125;-14,71875;-103,71875;36,90625;-237,21875;-110,75;150,875;-122,1875;-5,5625;220,59375;173,46875;-7,125;164,40625;172,34375;68,40625;295,5625;
106,625;560,3125;496,59375;504,75;351,8125;519,125;552,40625;550,09375;523,6875;471,8125;713,1875;517,1875;646,71875;426,15625;516,15625;616,59375;562,21875;701,15625;331,25;309,4375;393,15625;368,3125;344,625;471,28125;450,3125;438,5;351,9375;389,21875;473,875;398,5625;433,9375;370,15625;484,40625;541,4375;410,8125;322,625;363,09375;302,1875;259,46875;282,5625;454,875;296,09375;159,5;203,0625;238,875;200,28125;190,25;277,03125;110,1875;450,15625;52,28125;194,625;274,71875;356,0625;110,65625;175,0625;251,90625;185,15625;121,0625;-64,4375;59,625;63,84375;331,6875;-55,5;407,5;135,1875;120,5;85,5;223,6875;137,9375;-151,75;152,5625;62,8125;-7,96875;-66,90625;-108,125;121,09375;-175,28125;-4,125;71,625;6,15625;32,21875;-94,65625;-323,96875;-51;-61,125;-95,96875;-397,53125;-112,75;-83,09375;-283,125;-126,09375;-94,03125;-306,5;-302,6875;-143,96875;-211,65625;-142,90625;156,875;-58,25;-286,8125;-113,03125;27,09375;-24,4375;-175,53125;1,75;34,875;-36,09375;175,40625;102,09375;120,65625;339,6875;235,96875;106,875;279,78125;9,15625;456,84375;303,1875;32,78125;197,1875;229,28125;280,625;468,15625;529,375;719,65625;863,28125;915,46875;941,71875;799,9375;570,15625;743,40625;615,0625;620,96875;566,15625;462,71875;317,84375;457,40625;512,9375;379,28125;399,40625;391,9375;405,75;384,625;566,375;295,40625;574,875;372,90625;499,5;509,875;654,4375;594,75;638,40625;575,28125;321,71875;235,75;369,625;307,90625;381,5625;149,28125;276,03125;258,5;173,375;254,6875;416,75;400,15625;615,25;665,71875;925,96875;665,40625;353,15625;405,34375;184,53125;299,9375;135,0625;15,78125;-81,40625;226,125;-24,625;217,65625;170,6875;250,4375;551,6875;645,84375;512,1875;715,8125;571,75;678,84375;428,28125;418,03125;503,125;308,03125;2,84375;11,28125;-114,9375;6,5625;-109,5;50,84375;-232,3125;-218,3125;-298,6875;-152,34375;-346,78125;-267,96875;-481,96875;-168,53125;-206,15625;-281,09375;-473,8125;-235,4375;-315,34375;-397,03125;-362,0625;-487,875;-352,34375;-513,53125;-360,53125;-469,125;-269,46875;-317,78125;-358,125;-382,3125;-384;-390,21875;-434,875;-329,46875;-217,28125;-480,90625;-469,1875;-305,40625;-594,0625;-508,84375;-500,25;-270,40625;-327,0625;-435,78125;-273,34375;-398,59375;-412,9375;-587,65625;-391,875;-358,46875;-312,8125;-385,5625;-491,875;-270,53125;-378,5625;-344,6875;-371,90625;-457,71875;-474,25;-549,65625;-362,8125;-575,03125;-380,75;-518,96875;-210,5;-428,71875;-395,0625;-258,6875;-370,5625;-272,1875;-259,1875;-385,28125;-318,15625;-309,1875;-454,21875;-565,1875;-117,9375;-265,0625;-226,90625;-339,375;-134,4375;-58,65625;-408,59375;-296,1875;-208,375;-398,15625;-412,9375;-198,5;-266,84375;-219,96875;-112,5;-135,5;-146,34375;-159;-190,6875;-31,53125;-154,75;-167,96875;-26,5;-108,53125;-242,78125;-37,125;-85,78125;-150,21875;-140,40625;-255,1875;-205,25;30,5;16,6875;-112,0625;109,59375;258,15625;39,5;-45,875;181,03125;189,125;99,03125;59,40625;-11,875;-66,84375;143,125;58,9375;39,5625;-10,90625;-115,3125;282,75;160,6875;100,96875;135,125;
362,5;287,03125;457,625;296,59375;549,75;548,46875;489,71875;520,90625;587,34375;666,65625;613,15625;509,90625;547;526,4375;699,59375;572,53125;521,65625;359,3125;610,75;536,09375;500,03125;595,03125;583,3125;369;515,875;267,84375;448,8125;450,53125;669,53125;643,90625;463,875;574,40625;411,1875;497,59375;521,4375;376,90625;439,21875;433,9375;471,15625;202,9375;288,53125;366,1875;357,75;316,0625;410,5625;103,78125;357,78125;189,3125;239,15625;476,59375;131,875;305,21875;232,09375;411,28125;238,09375;291,46875;321,96875;225,1875;449,9375;203,125;103,96875;356,4375;65,90625;233,0625;414,28125;-76,78125;260,875;24,71875;205,6875;30,5;114,9375;17,875;79,28125;-114,53125;50,21875;-8,375;-126,1875;-3,90625;-44,375;26,875;-86,1875;-119,75;-137,21875;-154,40625;-325,71875;-312,96875;-314,96875;-242,0625;-346,65625;-58,28125;-235,6875;-33,1875;-386,25;-346,09375;-153,75;-304,59375;-98,34375;-127,5;-155,5625;-386,90625;-38,1875;30,1875;-152,6875;-23,8125;-31,5625;-118,625;-13,8125;-57,40625;148,40625;199,84375;130,96875;389,625;103,40625;334,09375;173,25;136,53125;2,375;322,96875;195,40625;139,75;241,78125;225,65625;670,0625;727,5;756,65625;846,46875;910,25;664,875;668,71875;678,1875;772,28125;628,96875;532,40625;650,90625;468,03125;379,40625;422,375;375,25;336,46875;397,40625;409,65625;472,0625;569,6875;585,6875;618,1875;640,84375;593,21875;559,3125;797,96875;526,1875;682,625;662,78125;498,5625;502,90625;542,375;485,03125;272,59375;374,375;489,5625;404,3125;640,15625;648,21875;549,96875;432,96875;771,9375;664,9375;565;673,84375;467,4375;580,78125;354,28125;467,0625;128,71875;153,46875;-29,75;-81,59375;201,40625;157,90625;262,625;402,96875;390,96875;550,78125;655,34375;705,0625;950,125;715,15625;622,21875;935,8125;538,46875;358;206,53125;171,0625;105,9375;101,65625;94,3125;-31,15625;-8,53125;-160,53125;-218,125;-315,28125;-362,09375;-145,84375;-363,53125;-136,6875;-244,03125;-513,46875;-502,875;-505,78125;-374,625;-299,375;-335,8125;-543,9375;-426,8125;-513,71875;-399,34375;-357,84375;-336,59375;-342;-193,28125;-491,375;-433,46875;-176,71875;-338,25;-522,625;-259,15625;-472,09375;-408,9375;-305,34375;-359,125;-467,03125;-326,3125;-453,40625;-239,25;-555,59375;-338,4375;-240,46875;-561,03125;-337,21875;-267,4375;-153,3125;-427,21875;-260,28125;-238,53125;-306,375;-446,6875;-468,4375;-395,96875;-427,1875;-467,0625;-460;-359,625;-136,71875;-326,90625;-137,125;-218,1875;-368,53125;-378,1875;-446,5625;-178,34375;-256,03125;-264,40625;-623,71875;-265,375;-434,125;-242,75;-222,65625;-253,125;-502,15625;-197,0625;-387,6875;-392,3125;-381,6875;-69,75;-249,90625;-323,75;-181;-176,34375;-167,4375;-188,71875;-173,875;-95,46875;-202,40625;27,09375;-292,46875;-43,5625;-148,09375;-72,375;22,71875;-130,6875;118,5625;98,125;-154,78125;98;-63,71875;-70,28125;22,78125;59,59375;61,875;32,28125;-43,59375;140,28125;-8,84375;244,03125;63,65625;8,90625;227,65625;3,125;-8,9375;114,09375;34,09375;96,1875;277,875;229,75;135,09375;135,6875;166,03125;24,46875;182,4375;-11,15625;161,4375;
435,75;360,09375;382,125;613,40625;447,375;534,75;401,625;400,84375;390,21875;527,78125;334,25;311,125;483,625;456,59375;501,59375;421,5;511,65625;699,9375;477,90625;507,5625;521,84375;679,03125;312,46875;390,03125;303,03125;436,46875;573,75;513,3125;514,65625;433,84375;417;442,03125;379,3125;397,90625;522,90625;527,1875;245,25;308,5625;531,46875;402,5625;297,125;471,5625;179,03125;417,84375;412,59375;320,46875;166,28125;102,8125;253,34375;70,15625;200,0625;362,40625;444,25;200,40625;279,875;290,6875;256,5;103,8125;167,3125;-1,03125;122,625;276,9375;105,09375;139,71875;104,71875;-58,59375;-117,375;133,90625;51,59375;142,875;78,28125;49;25,4375;29,46875;-132,28125;-46,875;-6,71875;-158,0625;-70,125;23,5;-291,09375;-104,71875;-85,59375;-325,5;-147,21875;-69,28125;-170,21875;-146,59375;-151,9375;5,75;-50,71875;-354,75;-206,125;-285,03125;-340,71875;-238;-195,125;-86,0625;-110;77,5;50,53125;4,84375;-106,8125;-110,71875;-171,0625;-19,03125;13,0625;-9,1875;-13,15625;177,625;-88,125;244,4375;128;16,25;175,9375;133,1875;195,8125;322,5;223,40625;180,65625;266,40625;501,40625;431,09375;574,25;709,0625;834,21875;870,46875;938,1875;664,28125;600,71875;692,71875;692,625;667,59375;642,625;501,625;603,78125;497,1875;310,5625;148,0625;560,28125;603,5;482;612,09375;528,1875;852,25;638,4375;672,59375;693,375;650,5;679,71875;636,875;731,90625;644,59375;576,9375;388,875;221,75;293,6875;518,75;406,8125;372,9375;416,5;473,65625;461,5;396,25;580,84375;583,71875;704,59375;789,625;710,53125;590;454,28125;449,15625;179,71875;16,25;37,34375;243,90625;87,4375;241,40625;236,53125;266,40625;444,75;780,46875;651,875;710,40625;739,4375;936,625;715,46875;738,1875;596,71875;385,96875;402,25;374,375;214,875;63,1875;-17,625;-134,9375;-277,375;-294,53125;-330,1875;-204,625;-218,46875;-240,84375;-383,84375;-438,9375;-263,15625;-445,625;-724,875;-442,28125;-465,40625;-701,96875;-547,34375;-446,75;-414,25;-447,6875;-530,1875;-553,25;-403,28125;-549,71875;-535,3125;-454,375;-470,09375;-534,5;-269,0625;-599,375;-434,6875;-418,28125;-568,75;-484,34375;-345,34375;-483,03125;-283,21875;-264,4375;-362,8125;-459,5;-456,53125;-347,28125;-593,96875;-400,5625;-373,4375;-293,6875;-307,09375;-483,84375;-401,375;-406;-455,1875;-290,40625;-438,9375;-472,8125;-480,5625;-418,65625;-341,3125;-457,875;-551,78125;-428,0625;-364,75;-478,28125;-443,8125;-288,15625;-644,9375;-204,96875;-306,78125;-261,1875;-398,3125;-426,3125;-493,46875;-397,625;-232,21875;-387,53125;-390,625;-347,78125;-498,5625;-381,78125;-204,125;-198,59375;-388,28125;-244,8125;-252,59375;26,28125;-297,03125;-160,34375;-191,53125;-152,59375;-70,6875;-260,84375;-9,25;-155,1875;-53,75;-39,75;-284,71875;-108,625;-204,96875;-205,90625;10,875;-47,4375;-149,46875;-156,46875;-105,125;-170,59375;91,5625;-14,6875;-128,125;66,84375;-136,25;-131,25;-86,90625;-72,03125;-44,78125;-26;58,21875;65,0625;169,0625;-37;-92,3125;-146,4375;77,5625;55,34375;121,03125;-100,90625;204,5625;84,71875;
342,40625;362,46875;426,8125;429,625;425,4375;316,375;466,5;301,5;603,8125;475,84375;419,0625;521,15625;484,71875;236,59375;387,8125;388,375;555,65625;437,53125;529,03125;270;413,78125;471,03125;361,53125;323,0625;392,15625;405,03125;401,625;343,09375;393,6875;405,21875;513,34375;204,1875;254,28125;224,9375;312,5;338,78125;683,25;113,8125;420,0625;318,125;192,09375;269,0625;299,03125;331,65625;160,5625;279,90625;256;216,53125;246,625;331,375;318,625;243,15625;281,3125;99,84375;224,125;14,40625;223,90625;2,71875;11,84375;141,09375;89,53125;299,5;144,8125;220,53125;-51,25;-113,1875;-8,8125;-40,75;24,625;-54;-12,96875;362,0625;21;195,6875;-201,71875;-10,09375;21,5625;-41;-91,03125;-38,3125;-5,09375;18,84375;-13,25;-83,84375;-273,84375;-46,8125;-123,0625;-246,28125;-298,65625;-117;-355,0625;-224,15625;-367,15625;-452,71875;-198,96875;-284,125;-144,8125;-270,71875;-232,3125;-146,0625;2,90625;-25,9375;188,9375;-100,28125;-180,21875;84,1875;36,09375;-34,6875;124,75;356,34375;50,1875;174,34375;172,78125;371,1875;340,71875;146,84375;-21,71875;260,90625;230,1875;342,46875;288,6875;631,15625;738,4375;637,28125;698,4375;742,8125;834,21875;863,125;768,21875;1004,625;502,875;682,21875;477,875;439,28125;613,125;299,4375;538,5625;468,59375;347,21875;520,125;391,4375;633,125;752,03125;855,65625;554,8125;574,59375;677,9375;711,09375;659,4375;582,46875;778,96875;518,65625;389,125;537,75;309,125;266,40625;549,21875;207,6875;399,625;545,59375;386,09375;409,59375;574,75;485,0625;649,96875;783,03125;776,46875;822,9375;847,90625;486,625;493,28125;330,375;175,25;204,65625;151,03125;269,15625;45,4375;176,0625;444,15625;336,6875;618;422,1875;759,5625;829,21875;848,0625;761,03125;917,34375;769,21875;769,75;677,21875;218,65625;317,03125;72,15625;5,65625;10,03125;-212,375;-60,90625;-173,34375;-397,25;-314,46875;-366,28125;-286,96875;-564,40625;-395,46875;-453,375;-444,34375;-453,3125;-480,5;-455,875;-257,65625;-418,53125;-572,28125;-394,84375;-506,90625;-513,34375;-370,375;-723,09375;-537,90625;-536,65625;-578,28125;-717,84375;-385,625;-501,84375;-379,75;-235,125;-459,53125;-445,28125;-569,9375;-716,78125;-332,75;-393,84375;-472,34375;-374,90625;-427,875;-649,90625;-522,3125;-514,03125;-284,125;-421,8125;-506,34375;-402,71875;-509,25;-500,28125;-291,96875;-322,96875;-86,21875;-344,6875;-494,28125;-418,25;-483,9375;-481,34375;-283,15625;-411,75;-613,9375;-418,625;-475,46875;-562,21875;-389,625;-432,15625;-512,96875;-492,1875;-420,3125;-143,125;-571,84375;-534,90625;-440,46875;-489,09375;-450,40625;-366,90625;-453,28125;-381,96875;-507,875;-277,34375;-356,6875;-394,75;-380;-278,96875;-224,25;-314,375;-396,5;-114,78125;-263,46875;-411,21875;-184,9375;-316,0625;-79,03125;-326,28125;-255,46875;-130,1875;-166,5;-84,59375;-160,65625;-105,40625;-219,8125;-181,28125;-41,21875;-176,15625;104,53125;-153,75;-40;-228;1,4375;-86,125;-207,0625;-129;-49,46875;4,625;-99,0625;-15,09375;-237,625;-156,15625;-60,875;69,90625;11;-12,625;-174,53125;77,3125;-11,875;-86,53125;-45,4375;
390,84375;479,125;361,625;378,59375;526,1875;524,125;566,71875;513,40625;377;630,15625;654,65625;660,34375;831,625;689,25;612,75;713,125;475,4375;431,34375;494,96875;554,8125;602,875;273,9375;476,90625;552,75;574,53125;599,84375;528,78125;448,71875;640,65625;609,15625;545,75;378;378,84375;534,03125;465,375;655,4375;577,40625;629,40625;554,125;487,78125;391,46875;472,78125;331,65625;438,3125;322,15625;661,6875;485,34375;436,03125;503,34375;534,78125;300,8125;449,96875;256,28125;383,78125;468,09375;362,28125;329,5625;462,40625;428,53125;347,8125;299,0625;328,78125;289,0625;467,46875;461,46875;228,40625;337,375;412,34375;89,96875;329,78125;496,6875;272,9375;197,1875;294,6875;274,4375;139,8125;352,75;220,875;119,75;63,71875;-43,84375;27,34375;37,25;244,03125;-308,78125;-9,0625;61,0625;10,53125;-102;-7,90625;-202,75;-221,1875;-114,46875;-138,9375;-259,75;-37,46875;171,0625;290;69,875;-88,1875;-38,875;61,375;20,28125;-85,25;-85,34375;238,6875;138,53125;222,84375;283,84375;449,625;425,03125;366,15625;222,625;326,84375;335,65625;367,3125;343,53125;257,625;290,46875;390,28125;701,1875;578,3125;641,53125;825,8125;1025,03125;1169,59375;971,125;1159,84375;1053,28125;1312,4375;1039,40625;941,75;727,8125;903,59375;1020,71875;717,28125;657,59375;831,96875;854,875;930,09375;919,1875;954,71875;974,375;1065,1875;1076;909,0625;908,625;887,875;950,0625;788,96875;895,9375;943,6875;841,6875;592,4375;574,15625;774,84375;712,96875;784,1875;946,90625;922,84375;813,0625;731,53125;989,40625;948,4375;1075,6875;1329,25;1026,75;991,90625;1034,125;917,4375;759,8125;617,6875;767,46875;480,6875;403,40625;520,03125;391;647,375;641,28125;647,03125;753,59375;897,125;1038,6875;1325,9375;1335,34375;1177,40625;1297,28125;872,25;975,625;759,59375;682,84375;469,75;470,9375;342,53125;344,9375;-10,3125;49;-145,03125;-245,96875;-282,15625;-158,21875;-287,34375;-146,5625;-158,40625;-252,40625;-341,09375;-285,21875;-110,625;-404,5;-181,9375;-351,28125;-353,03125;-328,09375;-384,28125;-273,4375;-293,375;-156,21875;-282,9375;-217,125;-257,71875;-404,09375;-367,53125;-181,75;-175,71875;-150,78125;-190,5;-188,875;-150,40625;-281,0625;-172,0625;-170,96875;-179,09375;34;-232,59375;-76,3125;-60,8125;-200,96875;-58,84375;-39,8125;-315,21875;-234,90625;-199,53125;-135,34375;-213,84375;-162,125;-194,625;-200,75;-216,71875;-460,625;-457,28125;-544,75;-67,28125;-296;-245,28125;-201,96875;-168,34375;-151,9375;-276,40625;-207,90625;-217,4375;-172,6875;-179,5625;-207,78125;-230,875;-194,0625;-58,21875;-289,4375;-139,625;-245,3125;19,46875;5,1875;-188,65625;-269,0625;-119,59375;-224,46875;-271,90625;-127,21875;-52,8125;-60,03125;36,875;-245,6875;-144,53125;-214,53125;53,78125;-198,4375;-9,875;34,8125;-91,5;-23,28125;-36,9375;108,96875;19,1875;57,15625;145,21875;-102,875;-26,09375;143,875;252,375;-155,90625;58,15625;124,96875;128,5625;303,09375;258,375;124,96875;74,375;307,40625;137,9375;231,90625;258,75;236,65625;169,8125;136,4375;279,4375;331,3125;324,875;257,15625;17,375;259,21875;164,8125;
286,03125;203,0625;156,375;419,53125;554,75;426,9375;363,25;297,75;357,84375;344,09375;191,4375;225;630,0625;420,5;258,8125;475,875;512,96875;404,71875;418,09375;367,5625;518,96875;440,96875;481,25;534,46875;529,375;601,53125;469;302,875;602,875;398,46875;330,53125;139,9375;384,0625;268,5;471,53125;286,1875;410,625;447,3125;279,40625;338,15625;316,5;492,5625;51,90625;253,53125;109,8125;158,15625;191,78125;306,5625;270,375;271,34375;406,625;247,28125;459,84375;329,40625;327,4375;421,21875;493,9375;243,21875;322,375;200,5;122,46875;184,28125;317,34375;121,125;193,28125;284,75;160,78125;346,65625;57,71875;165,65625;154;134,9375;81,78125;232;26,46875;152;-39,71875;-7,53125;-57,40625;66,0625;90,84375;-150,375;-188,625;-117,71875;-216,125;-122,9375;-333,5;-161,125;-177,78125;-49,34375;-412,6875;-279,9375;-64,96875;-131,15625;-367,375;-302,375;-162,59375;-21,5;-4,8125;-89,65625;-139,90625;-177,15625;-347,75;-260,375;47,40625;-115,125;129,21875;112,5;68,6875;300,6875;363,03125;217,40625;295,53125;288,3125;130;329,40625;340,5;306,25;216,5625;172,4375;295,4375;471,46875;856,4375;895,59375;1066,84375;916,78125;1089,53125;997,1875;809,125;996,25;791,03125;667,59375;562,96875;684,5625;501,75;668,21875;598,53125;466,90625;548,46875;751,28125;686,75;914,90625;842,40625;695,78125;872,59375;884,46875;835,09375;936,78125;949,40625;813,1875;839,6875;832,53125;725,46875;512,6875;716,28125;530,03125;634,90625;467,5;681,84375;527,65625;585,03125;756,15625;756,78125;810,0625;865,53125;829,4375;1102,25;761,78125;700,40625;672,53125;740,9375;571,75;335,71875;426,0625;423,40625;178,59375;253,53125;357,59375;290;699,46875;662,5625;886,84375;843,40625;917,5;1152,8125;1173,1875;1104,46875;983,96875;891,78125;654,65625;528,25;433,125;249,78125;231;249,03125;99,125;-25,625;-114,15625;-291,65625;-242,09375;-552,875;-443,25;-249,34375;-259,46875;-257,65625;-322,25;-329,9375;-244,0625;-347,34375;-197,78125;-486,78125;-303,125;-415,71875;-330,84375;-558,40625;-364,40625;-202,71875;-477,09375;-341,125;-693,75;-392,65625;-430,84375;-512,03125;-388,5;-449,3125;-219,40625;-453,03125;-394,96875;-446,65625;-343,8125;-318,78125;-267,09375;-224,78125;-399,5625;-437,1875;-344,5625;-366,25;-192,71875;-454,28125;-357,34375;-415,375;-417,375;-251,40625;-584,90625;-441,5625;-353,8125;-282,875;-286,40625;-390,84375;-390,09375;-154,3125;-369,03125;-621,4375;-369,0625;-223,15625;-341,6875;-374,96875;-263,46875;-548,78125;-434,15625;-300,34375;-230,90625;-347,8125;-199,5;-324,21875;-331,3125;-349,46875;-207,375;-398,1875;-211,84375;-167,75;-238,34375;-213,71875;-287,25;-192,34375;-198,5;-250,65625;-258,03125;-327,84375;-129,3125;-222,96875;-198,90625;-115,65625;-63,59375;-146,375;-369,3125;-54,96875;-119,875;95,53125;-161,40625;172,28125;-108,40625;58,5;-135,65625;-80,1875;-2,8125;-290,6875;-177,03125;-23,125;53,625;253,0625;7,1875;121,375;-87,15625;-76,875;18,5;48,3125;16,3125;128,78125;91,78125;193,5625;100,375;111,3125;333,34375;191,875;113,59375;43,4375;129,25;235,46875;153,5;
345,6875;527,71875;544,09375;368,96875;665,96875;413,34375;702,3125;711,65625;690,09375;764,9375;540,6875;614,4375;713,21875;576,5;476,5;430,4375;585,75;604,71875;587,6875;715,5625;660,1875;442,03125;553,5;599;638,09375;591,25;671,84375;551,53125;556,53125;683,0625;523,90625;718,96875;629,90625;417,28125;558,4375;521,75;531,25;409,15625;598,9375;631,90625;530,40625;430,8125;634,4375;630,46875;654,8125;366,28125;625,5625;600,46875;562,9375;365,03125;365,40625;466,53125;494,875;489,59375;644,25;386,28125;521,9375;464,8125;587,6875;361,71875;423,3125;457,4375;548,84375;426,03125;453,65625;344,53125;427,59375;518,5625;421,25;171,875;274,15625;357,5625;311,40625;317,125;454,625;399,96875;66,875;261,5;164,53125;20,90625;128,90625;-64,40625;-16,3125;88,75;171,6875;168,21875;6,28125;115,15625;-47,59375;148,3125;73;117,03125;69,25;-36,65625;116,875;-66,0625;133,6875;66,25;219,09375;113,71875;54,03125;142,5;-91,59375;166,375;152,1875;164,9375;348,15625;281,25;291,46875;171,53125;150,875;182,9375;278,21875;510,375;374,15625;192,8125;417,3125;622,71875;534,75;554,34375;623,25;880,875;773,09375;785,34375;905,25;887,90625;1304,375;1130,375;841,40625;993,46875;1169,03125;1043;939,53125;765,65625;665,5625;639,6875;758,8125;763,0625;903,25;682,21875;801,75;953,28125;872,25;951,71875;1040,21875;780,5;1019,21875;836,1875;776,125;1114,375;911,75;665,78125;816,28125;577,3125;658,15625;621,03125;789,84375;689,75;894,71875;736,84375;722,375;1075,34375;1098,90625;1052,78125;1055,25;1065,34375;1072,71875;975,8125;1094,3125;1043,1875;1046,34375;633,40625;670,84375;711,28125;454,21875;548,125;406,4375;454,96875;741,15625;801,78125;1001,28125;1031,375;1285,46875;1272,9375;1213,71875;1326;1231,8125;1062,90625;823,78125;683,625;802,53125;594,125;388,5625;386;333,375;293,1875;191,8125;87,9375;-93,375;62,28125;-256,5625;18,9375;-93,59375;-113,90625;-160,25;-169,40625;-293,78125;-144,78125;-161,71875;-137,96875;-141,21875;-315,96875;-120,8125;-284,6875;-67,96875;-274,96875;-277,46875;-261,0625;-435;-232,09375;-266,9375;-241,90625;-292,21875;-205,1875;-130,71875;-133,375;-197,5625;43,15625;-261,28125;-152,25;-226,125;-111,21875;-156,5;-187,6875;-323,6875;-270,0625;-208,375;-106,78125;23,5625;-27,78125;-224,5;-46,84375;-146,59375;-162,625;-76,65625;-100,0625;-301,9375;-291,90625;-56,15625;-44,15625;-99,875;-9,21875;-276,8125;20,78125;68,78125;-419,15625;-208,5625;-205,96875;-59,21875;-230,53125;-155,96875;-183,34375;-85,5625;-208,21875;-144,78125;-91,34375;-242,84375;-176,9375;-56,125;-181,53125;-185,5;-62,59375;-36,125;-39,9375;-235,03125;-120,125;8,375;-2,46875;32,75;165,53125;-157,09375;4,09375;-25;33,25;45,625;77,84375;61,4375;211,03125;251,96875;249,5;92,78125;195,5625;144,15625;163,71875;263,46875;90,53125;131,6875;166,46875;206,28125;274,34375;66;-68,09375;274,21875;299,15625;159,375;282,75;226,5;-10,65625;23,40625;125,09375;208,5;322,28125;178,3125;375,65625;389,0625;84,4375;247,59375;143,1875;252,03125;381,375;
472,625;335,3125;329,75;614,6875;394,09375;412;367,09375;332,5;500,71875;425,0625;552,625;576,59375;404,25;427,4375;606,09375;561,90625;522,8125;422;601,875;528,21875;537;635,125;516,1875;501,0625;463,03125;311,53125;373,125;380,6875;499,03125;223,21875;379,0625;249,40625;430,75;345,5;544,3125;500,9375;573,3125;491,21875;581,4375;517,90625;404,1875;367,40625;391,28125;539,78125;377,9375;485,84375;394;322,5625;535,53125;663,3125;393,53125;363;338,46875;410,53125;311,03125;544,71875;361,3125;586,65625;441,8125;324,4375;453,78125;400,96875;287,0625;274,53125;410,90625;671,5;437,46875;404,09375;222,78125;284,8125;457,90625;171,90625;292,4375;435,78125;267,34375;267,46875;267,625;321,9375;499;243,4375;200,90625;94,25;274,0625;213,375;102,5;88,53125;58,625;100,875;244,0625;126,59375;71,21875;-143,84375;-26,46875;-20,625;51,78125;45,90625;-21,59375;178,75;100;-76,25;2,96875;-103,53125;89,34375;-41,65625;-34,6875;128,5;63,78125;93,78125;316,75;182,3125;133,90625;527,03125;58,0625;321,5625;267,9375;276,625;260,375;379,125;21,5625;300,84375;355,21875;491,625;720,5625;705,4375;844,96875;866,34375;776,1875;1102,65625;853,40625;945,4375;504,84375;750,8125;731,1875;434,125;796,15625;639,375;503,71875;744,34375;514,59375;699,71875;882,625;832,25;980,84375;902,59375;753,25;1034,53125;967,1875;970,625;875,53125;720,03125;912,53125;505,15625;633,8125;833,84375;640,4375;467,3125;517,28125;645,40625;665,03125;666,78125;831,84375;967,78125;669,625;992;976;946;1078,25;894,4375;937,3125;849,03125;635,625;744,65625;510,65625;528,375;567,53125;321,5625;720,625;398,125;578,90625;582,78125;799,9375;969,25;1076,125;1366,84375;1048,75;1040,03125;1005,4375;1148,46875;961,6875;640,09375;644,40625;484,65625;370,28125;381,71875;302,4375;69,28125;-108;-28,84375;-203,6875;-160,96875;-195,875;-97,5625;-277,25;-243,34375;-343,84375;-240,78125;-363;-482,40625;-388,0625;-286,96875;14,5625;-313,71875;-142,125;-342,6875;-271,03125;-97,90625;-222,8125;-451,75;-235,8125;-409,875;-328,28125;-151,8125;-480,25;-321,59375;-86,25;-142,21875;-227,71875;-184,375;-295,15625;-325,1875;-181,28125;-239,25;-304,6875;-90,75;-279,53125;0,46875;-272,71875;-365,75;-186,03125;-162,34375;-183,84375;-198,28125;-35,9375;-157,5625;-209,875;-194,8125;-118,75;-62,71875;-207,34375;-287,875;-163,21875;-142,21875;-138,71875;-474,4375;-264,59375;-82,375;-74,96875;-52,8125;-34,03125;-248,0625;-236,4375;-131,65625;-214,6875;-222,65625;-318,90625;-243,96875;-336,59375;9,4375;-47;-310,59375;-0,75;-65,46875;-99,96875;1,90625;-335,5625;-135,71875;-10,78125;-80,71875;123,71875;113,34375;-42,34375;177,84375;108,34375;88,21875;-83,8125;-76,65625;64,96875;-74,09375;-17,875;140,9375;69,09375;-26,125;135,5;126,0625;61,40625;13,03125;131,4375;-44,0625;301,875;114,25;237,71875;95,8125;94,09375;58,75;347;399,875;105,84375;425,4375;328,1875;103,03125;185,53125;28,0625;126,09375;357,34375;277,78125;31,09375;201,15625;234,9375;232,5625;272,65625;
429,4375;360,34375;428,0625;271,71875;340,0625;375,90625;378,4375;401,46875;437,5625;648;620,4375;451,5;407,40625;464,8125;405,75;413,53125;471,375;412,5625;445,28125;479,15625;436,4375;653,5625;401,03125;468,75;423,21875;497,40625;441,84375;289,375;482,09375;381,40625;502,1875;426,84375;286,15625;366,84375;508,96875;276,5625;397,09375;273,8125;433,28125;441,46875;523,78125;365,65625;413,40625;430,15625;361,625;735,40625;469,71875;630,125;424,03125;391,1875;541,78125;609,21875;373,125;558,125;509,34375;467,03125;235;410,5;431,96875;487,71875;308,8125;461,4375;333,09375;410,625;326,0625;308;622,4375;232,71875;189;192,09375;304,75;254,5625;258,15625;273,9375;303,75;346,3125;314,15625;167,96875;170,75;336,28125;116,875;221,75;16,0625;49,59375;72,625;235,90625;-97,96875;135,5625;-3,09375;31,40625;-24,65625;118,4375;132,21875;137,125;-37,21875;-75,96875;93,5;-19,375;-97,6875;-19,71875;-82;9;-151,5625;-104,59375;62,625;-26,25;206,5625;240,71875;149,84375;365,1875;212,625;253;290,0625;189,59375;142,15625;145,125;281,5625;314,5;299,5625;353,1875;432,84375;500,09375;486,53125;621,625;690,84375;582,3125;881,0625;770,21875;666,875;811,71875;814,90625;852,625;546;510,84375;571,40625;490,5;611,75;626,4375;650,53125;803,78125;797,40625;729,125;787,84375;724,625;886,5;549,4375;889,34375;636,03125;769,625;765,21875;719,875;899,125;600,96875;498,9375;605,3125;458,34375;437,59375;554,1875;486,0625;713,9375;659,96875;684,375;612;617,75;851,75;810,34375;972,75;882,9375;889,46875;739,65625;575,625;498,4375;569,8125;543,21875;540,59375;420,1875;455,96875;366,84375;559,8125;735,8125;636,09375;923,375;1087,5;867,53125;953,40625;852;1078,875;737,34375;733,375;552,53125;424,375;332,1875;123,46875;160,5625;123,25;13,5;-12,375;-295,46875;-254,96875;-234,71875;-56,75;-42,78125;-436,78125;-115,875;-70,59375;-281,75;-339,3125;-430,03125;-329,4375;-108,875;-331,65625;-285,75;-342,5625;-543,875;-293,9375;-406,28125;-266,96875;-182,15625;-454,875;-139,6875;-546,5625;-284,46875;-427,8125;-449,28125;-272,1875;-263,5;-229,0625;-447,5;-424,59375;-94,4375;-118,28125;-220,15625;-238,84375;-122,84375;-99,40625;-257,34375;-280,90625;-212,34375;-266,90625;-271,0625;-210,65625;-146,5;-87,34375;111,28125;-186,34375;-148,5;-224,875;-447,34375;-359,125;-171,71875;-169,03125;-361,6875;-264,78125;-221,5625;59,4375;-208,625;-169,8125;-355,65625;-117,46875;-201,8125;-174,75;-460,6875;-344,5625;-455,125;-315,59375;-97,21875;-228,375;-143,28125;-296,9375;-185,53125;-80,5625;-207,25;-134,9375;92,53125;23,40625;-94,4375;-168,8125;-139,0625;34,0625;-85,9375;21,84375;-154,65625;-285,09375;20,34375;-2,4375;-58,4375;183,6875;3,65625;21,71875;96,90625;69,6875;127,9375;106,625;-66,34375;101,375;91,71875;89,65625;-42,5;157,3125;-116,84375;190,3125;118,09375;195,625;219,28125;120,84375;232,71875;72,75;-37,40625;148;162;145,96875;52,6875;80,21875;4,84375;144,03125;4,5;41,15625;142,28125;309,75;203,5;
285,5625;173,15625;28,3125;265,5;237,625;344,90625;423,90625;368,0625;262,875;367,53125;344,1875;470,3125;206,90625;451;183;316,6875;358,46875;385,75;247,09375;284,8125;411,125;317,09375;365,625;251,84375;238,59375;362,71875;300,1875;288,28125;490,78125;390,96875;389,5;443,625;274,03125;465,53125;224,96875;273,78125;440,15625;352,0625;521,03125;301,125;297,125;317,875;242,59375;296;358,5;444,8125;269,75;338,40625;203,1875;398,1875;433,375;356,5625;301,71875;189,59375;271,96875;175,03125;306,71875;348,53125;162,09375;438,34375;473,5625;403,5625;364,6875;563,375;508,375;255,28125;196,90625;440,90625;294,1875;174,5625;260,375;265,375;495,5625;225,65625;154,90625;379,75;197,65625;275,53125;101,96875;246,25;223,90625;272,53125;-31,25;30,53125;53,125;12,1875;3,21875;190,75;-48,5625;-101,40625;-85,21875;-108,96875;20,5625;70,875;57,40625;55,625;-134,15625;-46,53125;31,3125;-218,09375;147,5625;-171,84375;-174,78125;-179,3125;-168,875;-209,90625;-23,90625;-203,21875;28,59375;56,75;153,65625;-59,96875;16,53125;20,5625;-42,71875;-52,25;-36,875;187,75;123,34375;236,96875;465,96875;413,3125;423,09375;635,15625;793,625;494,5;366,1875;626,65625;567,28125;438,0625;588,5;650,28125;468,875;347,65625;339,59375;457,4375;347,8125;398,1875;492,9375;480,65625;583,71875;684,78125;558,6875;537,59375;636,5;747,84375;525;750,625;470,90625;769,125;394,53125;406,03125;519,9375;432,21875;347,0625;321;397,75;306,625;486,3125;457,09375;658;497,8125;505,28125;590,0625;671,5;675,84375;666,71875;529,25;609,8125;657,8125;548,78125;484,125;615,625;382,21875;293,8125;317;321,28125;52,65625;184,90625;403,34375;475,46875;706,625;861,25;772,125;646,21875;679,53125;821,375;608,09375;482,0625;377,09375;304,40625;189,8125;54,0625;208;-41,0625;-156,0625;-117,78125;-174,09375;-476,90625;-329,5;-365,5;-381,4375;-98,375;-361,25;-380,0625;-434,1875;-372,34375;-519,625;-679,15625;-509,125;-526,03125;-368,9375;-424,65625;-395,28125;-366,15625;-527,1875;-476,21875;-415,84375;-428,59375;-502,15625;-360,28125;-359,375;-274,09375;-320,5625;-441,4375;-631,46875;-123,375;-538,125;-280,1875;-450,71875;-474,15625;-401,40625;-246,125;-348,65625;-411,6875;-189,96875;-351,84375;-200,3125;-215,875;-225,625;-511,15625;-284,5;-257,5625;-252,625;-304,625;-454,875;-299,3125;-212,34375;-326,1875;-511,03125;-152,125;-209,5;-104,5;-133,0625;-340,875;-199,3125;-84,1875;-228,5625;-256,0625;-192,03125;-201,15625;-232,4375;-103,15625;-191,0625;-445,59375;-167,1875;-296,75;-337,8125;-334,25;-272,96875;-258,34375;-41,53125;-41,15625;-292,03125;-158,625;-295,9375;-156,3125;-160,5;-85,3125;-58,875;-76,71875;-52,21875;-178,8125;-83,34375;-12,9375;-215,96875;-197,46875;-4,09375;1,5;-29,53125;-28,8125;-7,34375;81,5;113,1875;-7,3125;167;-51,9375;22,625;13,65625;-35,96875;59,28125;164,65625;310,78125;159,5;149,65625;-15,4375;104,03125;107,0625;277,9375;229,25;116,0625;-55,9375;-31,90625;128,46875;174,6875;-66,65625;90,375;-162,25;112,4375;136,84375;
304,4375;299,4375;215,15625;396,25;125,46875;214,71875;275,40625;211,03125;213,78125;357;460,875;327,875;333,5;351,8125;409,96875;301,90625;532,34375;480,3125;270,90625;410,84375;440,5;400,71875;236,375;478,09375;652,09375;267,15625;495,71875;471,375;486,46875;195,4375;413,46875;352,125;219,375;360,5;372,9375;392,09375;544,125;403,21875;354,03125;265,875;564,875;420,0625;218,03125;431,59375;392,65625;372,46875;463,96875;500;398,6875;207,78125;250,40625;566,5;367,03125;582,3125;427,53125;475,8125;480,03125;474,09375;321,78125;449,21875;331,71875;672,84375;486,15625;543,21875;479,5625;492,625;370,03125;573,96875;462,625;481,0625;269,625;359,4375;247,0625;379,34375;331,125;382,84375;394,15625;267,40625;148,375;403,03125;281,3125;270,96875;192,6875;242,0625;315,40625;32,46875;-9,5;161,0625;44,25;76,28125;157,5625;-17,8125;96,65625;47,875;1,40625;-12,71875;252,125;117,25;9,25;-98,3125;-15,625;-22,3125;41,15625;-25,21875;-11,65625;72,71875;135,3125;129,4375;216,65625;70;-68,75;-98,84375;-45,34375;-147,03125;71;-107,5625;-99,15625;-59,5625;70,15625;311,0625;330,78125;297,375;624,8125;655,4375;701,65625;698,53125;700,4375;500,6875;472,90625;596,34375;552,875;606,09375;451,46875;243,21875;390,71875;530,125;495,0625;379,25;656,5;517,5;549,71875;488,875;553,125;698,34375;654,28125;629,1875;615,40625;712,59375;525,03125;573,375;443,03125;357,6875;436,15625;385,4375;480,53125;539,125;282,375;330,15625;407,625;420,03125;566,96875;488,9375;406,6875;405,625;464,5625;661,375;544,09375;693,25;475,375;814,59375;672,53125;378,65625;491,21875;291,03125;307,71875;249,3125;218,8125;280,59375;431,875;260,96875;375,3125;573,46875;753,96875;859,40625;730,84375;618,6875;700,40625;588,3125;415,9375;416,71875;344,15625;196,21875;32,46875;-9,75;-0,71875;-189,90625;-305,75;-236,3125;-257,8125;-491,8125;-341,8125;-289,15625;-217,125;-269,84375;-337,90625;-165,15625;-493,625;-408,40625;-376,625;-357,71875;-580,90625;-297,4375;-541,65625;-407,0625;-356,59375;-326,125;-522,53125;-310,375;-411,40625;-492,625;-279,84375;-400,9375;-468,375;-448,25;-398,9375;-449,125;-298,78125;-200,28125;-255,5;-178,40625;-342,40625;-466,375;-322,84375;-168,9375;-248,28125;-307,875;-148,59375;-408,34375;-440,6875;-162,65625;-270,25;-209,5625;-209,625;-45,0625;-227,96875;-319,1875;-245,28125;-166,3125;-455,53125;-367,125;-292,0625;-292,28125;-519,84375;-363,375;-203,21875;-224,65625;-155,65625;-97,40625;-215,375;-116,3125;-368,90625;-327,875;-155,5;-327,8125;-190,1875;-379,15625;-156,6875;-212,28125;-99,28125;-252,5;-241,375;13,34375;-32,5;-253,59375;-148,375;-166,15625;-144;-126,65625;-13,125;-63,625;-43,15625;24,5625;-37,46875;-62,25;9,15625;254,65625;-34,90625;63,1875;-33,75;104,65625;75,15625;238,53125;67,78125;128,46875;87,53125;212,34375;169,15625;55,15625;-104,46875;108,125;41,1875;22,84375;45,84375;169,5625;-45,5625;154,78125;10,25;224,25;217,3125;6,34375;104,21875;-169,25;-171,125;89,59375;-72,8125;42,09375;171,03125;49,09375;132,5;13,3125;
-11,625;210,53125;395,625;213,34375;370,21875;251,40625;268,28125;203,65625;277,71875;389,125;326,59375;273,5;407,9375;212,90625;166,9375;282;489,125;317,8125;299,71875;350,46875;228,96875;282,40625;288,65625;565,5625;551,96875;388,4375;264,625;394,625;309,96875;206,75;246,9375;236,875;425,5625;358,59375;331,375;372,59375;347,96875;333,4375;341,09375;357;375,53125;327,71875;197,5625;308,15625;417,71875;399,78125;214,46875;332,125;546,875;441,78125;262,875;429,9375;470,625;487,4375;408,75;397,125;442,59375;361,09375;407,15625;410,5625;519,65625;380,03125;252,625;681,125;441,84375;503,65625;199,9375;420,40625;354,0625;373,9375;467,53125;629,53125;526,53125;298,375;493,65625;228,46875;250,4375;359,84375;355,96875;396,90625;465,8125;226,53125;208,15625;359,1875;348,65625;306,21875;148,71875;187,375;82,15625;62,40625;78,9375;308,65625;33,6875;-15,125;205,53125;144,21875;62,28125;200,96875;159,375;185,1875;-43;-276,25;-77,90625;-66,75;62;-209,9375;-68,5;73,59375;40,25;32,125;87,84375;125,90625;86,21875;-122,40625;-36,0625;-86,4375;-73,28125;-10,9375;-8,53125;390,0625;291,375;336,21875;514,625;565;734,21875;645,46875;727,71875;690,6875;600,96875;676,9375;583,0625;458,0625;364,09375;621,78125;406,625;411,53125;545,28125;453,4375;369,21875;340,65625;495,25;716;441,78125;830;518,65625;656,59375;577,53125;603,40625;742,96875;506,875;455,375;415,09375;371,03125;326,71875;363,3125;568,09375;162,53125;456,15625;577,9375;451,875;560,875;613,4375;341,25;504,03125;498,9375;576,6875;399,3125;701,96875;598,34375;486,6875;442,28125;278,03125;249,71875;322,4375;234,40625;-7,96875;264,0625;469,96875;406,53125;392,5625;466,25;554,78125;757;941,15625;758,09375;726,15625;586,53125;483,21875;392,65625;308,21875;391,40625;247,625;207,65625;0,75;-230,90625;-100,25;-124,34375;-225,5625;-101,3125;-213,09375;-220,59375;-401,0625;-356,9375;-300,375;-276,21875;-440,40625;-520,53125;-213,09375;-384;-508,96875;-504,4375;-346,03125;-397,53125;-428,4375;-322,9375;-405,375;-275,40625;-482,9375;-343;-339,21875;-604,90625;-293,40625;-352,28125;-468,03125;-435,03125;-302,96875;-313,5;-467,8125;-309,34375;-364,84375;-380,1875;-361,90625;-326,09375;-393,25;-438,125;-156,75;-176,75;-275,625;-231,625;-360,0625;-213,90625;-143,59375;-150,0625;-225,28125;-236,21875;-253,875;-287,03125;-300,9375;-283;-356,5625;-36,46875;-175,90625;-81,8125;-396,59375;-316,375;-186,875;-213,28125;-201,375;-326,53125;-291,15625;-180,59375;-236,75;-285,65625;-434,84375;-114,28125;-296,40625;-74,25;-305,78125;-264,40625;-391,96875;-256,5625;-109,3125;-34,34375;-329,6875;-359,96875;-185,5625;-212,40625;-49,90625;-36,21875;131,71875;-140,625;-101,90625;-265,0625;-183,5;107,875;268,5;-199,34375;-84;-123,84375;-81,375;-32,0625;42,25;-148,6875;216,9375;88,59375;-23,90625;-126,34375;154,21875;62,75;-75,875;-35,8125;22,125;68,03125;324,3125;144,40625;33,96875;200,96875;260,15625;177,375;6,625;-103,65625;72,96875;164,0625;31,71875;-48,25;210,875;-71,8125;167,84375;33,6875;-29,25;
