247;38;383;-1183;134;329;-912;-596;240;161;187;99;-685;-595;244;-790;173;68;198;-756;285;-851;-367;-439;-337;-295;-273;-357;-510;-535;-566;347;-366;-312;-458;-354;-598;-390;-326;-281;-379;-460;-349;-288;-294;-360;-315;-287;-251;-411;-217;-336;-188;-450;262;-276;-226;-218;-314;-300;-374;-219;-354;-275;-343;-309;-298;-239;-290;-364;-345;-442;-320;-286;-246;-290;-317;-331;-387;-199;-179;-284;-222;-225;-327;-263;-165;-386;-230;-342;-297;-238;-221;-380;-424;-368;-332;-312;-361;-391;-392;-432;-518;-507;-526;-458;-509;322;-697;-567;-489;-458;-466;-563;-411;-362;-449;-500;-566;-430;-421;-519;-325;-425;-430;-294;-346;-640;-434;-387;-356;-514;-453;-444;-454;-390;-419;-392;-377;-502;-450;-370;-374;-432;-411;-500;-489;-472;-452;-605;-576;-300;-546;418;-371;-482;-381;-417;-511;-457;-515;-498;-438;-518;-502;-345;-297;-589;-557;-432;-403;-346;-376;-268;-375;-335;-367;301;-549;-373;-464;-484;-461;-542;-409;-509;-580;462;-461;-365;-406;-280;-356;-457;222;-596;365;-483;-425;292;-503;-519;-598;413;-629;-624;-515;-456;-591;-452;-643;-715;-566;-588;-479;-594;-632;-699;203;266;-813;-817;342;320;-654;-655;325;-686;-712;-791;300;-800;389;240;461;183;-1122;-1029;242;-993;-913;-989;302;233;-1347;251;351;185;-1279;-1279;247;207;273;289;181;-1533;258;217;213;86;65;-1515;-1395;231;279;292;-2059;151;255;139;256;-2029;281;-2330;382;270;269;270;-2125;142;268;237;255;-1881;230;216;258;266;225;327;190;250;288;203;330;115;315;274;-1496;218;127;161;260;104;220;170;323;240;206;288;326;135;169;209;-1195;156;-1185;277;158;171;
22;211;125;94;206;-1255;188;-1012;212;300;88;122;-864;-691;330;-820;222;-785;-807;331;-643;176;-795;-454;-422;-648;-438;-574;109;86;170;-813;-453;-483;357;-595;-441;-441;-387;-490;-321;-207;-432;-380;-234;-438;-414;-376;-437;-380;-399;-359;-408;-393;-451;-343;-248;-332;-332;-358;-352;-355;-393;-339;220;-307;-355;-424;-268;-384;-336;-348;-323;-415;-363;-218;-433;-288;-313;-248;-346;-322;-416;-363;-421;-341;-308;-294;-204;-469;-315;-344;-323;-330;-338;-406;-384;-411;-416;-391;-292;-352;-415;-488;-396;-460;-468;-470;-391;-597;-512;-565;-529;-410;-442;-478;-519;-548;-542;-544;-598;-569;-533;-614;-614;-542;-484;-550;-571;-519;-719;284;-684;-363;-444;-500;-453;-338;-317;-371;-399;-413;-386;-366;-385;-430;-469;-540;-564;276;-560;-466;-506;-526;-500;-471;-357;-514;-534;-470;-513;-394;-531;-465;-538;-519;-509;-580;-472;-414;-368;-383;-422;-427;-319;-366;-351;-496;-309;-473;-432;-308;-452;-510;-427;-614;-492;-673;-614;-515;-411;-428;-458;-457;-609;-516;-525;-602;-489;-685;-475;-647;-496;-734;-507;-530;-587;-636;-639;-525;-583;-606;-483;-627;-705;420;-760;-570;-655;-656;-482;-549;-601;-530;-735;-549;-637;385;-686;224;-766;-553;-1009;137;-791;-934;311;311;326;-1112;-868;-1152;349;-1396;335;-1171;-1157;-1406;362;-1232;-1397;-1548;-1594;-1644;-1640;-1572;-1935;265;197;153;298;-2182;-1270;-2051;40;-1983;253;208;238;201;82;134;-2374;301;110;133;140;-1531;-2230;261;130;-2260;57;127;183;251;-1;-2207;261;199;240;337;295;-1735;368;-1282;262;-1448;211;130;170;254;-1360;-1320;-1616;162;156;252;-1471;241;104;78;314;299;415;-1245;427;183;-1440;180;
167;206;313;270;316;352;317;249;454;-1034;196;-1074;308;-767;-291;-678;332;-889;-565;-601;-558;-653;326;364;-488;-693;456;349;-647;328;-678;385;-52;-373;-419;-303;-423;-392;-337;-264;-203;-192;-222;-425;-241;-172;-285;-95;-80;-323;-179;-316;-274;-111;-303;-311;-207;-258;-178;-240;-243;-152;-236;-242;-235;-246;-293;-151;-336;-216;-159;-192;-237;-144;-214;-166;-316;-290;-296;-147;-180;-257;-205;-375;-256;-218;-412;-269;-253;-329;-267;-271;-348;-292;-250;-331;-252;-323;-468;-329;-316;-338;-361;-332;-375;-316;-427;-432;-448;-511;-318;-373;-361;-262;-355;-306;-426;-549;-424;-344;-371;-404;-470;-528;-343;-327;-319;-299;-440;-407;-716;414;-531;-395;-217;-309;-268;-285;-276;-323;-271;-334;-349;-241;-386;-514;-492;-311;-422;-408;-425;-332;-408;-333;-371;-525;-316;-298;-377;-396;-571;-376;-257;-347;-388;-349;-257;-387;-412;-305;-417;-371;-247;-236;-211;-215;-357;-254;-424;-320;-338;-315;-402;-320;-386;-464;-520;-397;-449;-459;-398;-335;-380;-446;-415;-334;-422;-415;-604;544;-405;-341;-273;-571;-413;-426;-594;-379;-580;-559;-702;-605;-602;-563;-623;-609;-479;-481;-589;-466;-378;-512;415;-576;-602;-397;549;-542;-486;-576;-615;-644;399;-884;-906;434;-858;-725;-807;260;-921;376;-1363;455;-1308;-1214;-1252;286;-1158;-1182;311;252;316;376;359;387;331;-2135;305;340;179;395;-2017;405;382;-2006;349;308;-2599;280;-2026;275;295;-2233;-1768;199;330;-1823;263;275;567;157;-1531;441;458;227;384;351;318;328;-1946;400;-1760;357;-1100;-1171;274;-1402;-1325;-1257;-1197;-1407;362;389;286;369;366;330;415;276;266;-1403;472;-1483;451;404;-1289;395;313;-1263;
-653;213;286;219;404;275;196;-819;99;197;232;365;314;327;296;-650;298;353;309;-667;-615;-697;236;467;-651;327;-595;-369;-379;-481;-500;-508;-372;-461;-509;-513;-364;-309;-478;-252;-314;23;-290;-274;-248;-328;-216;-168;-284;-305;-329;-355;-431;-488;-264;-257;-284;-278;-248;-349;-266;-197;-180;-173;-345;-302;-121;-267;-192;-183;-158;-295;-237;-364;-260;-306;-188;-146;-253;-368;-374;-408;-240;-254;-315;-206;-255;-205;-248;-361;-275;-319;-368;-353;-268;-333;-345;-449;-479;-474;-286;-390;-314;-346;-356;-335;-420;-395;-384;-491;-329;-473;-350;-364;-370;-338;-382;-555;-500;-440;-385;-468;-446;-304;-456;-440;-453;-407;-298;-466;-482;-416;-498;-373;-418;-309;-365;-412;-321;-290;-421;-290;-123;-454;-311;-482;-492;-469;-374;-463;-396;-416;-385;-405;-308;-308;-423;-464;-330;-397;-379;-456;-364;-479;-488;-315;-299;-577;-459;-409;-229;-279;-291;-229;-148;-275;-132;-261;-341;-494;-474;-369;-389;-489;-346;-426;-395;-292;-425;-458;-503;-455;-405;-365;-368;-390;431;-460;-485;-541;-513;-386;-494;-430;-367;-606;428;-595;-498;-868;281;-688;489;-912;324;-751;-473;-640;356;-602;-574;-544;-604;-620;-426;-512;-477;-554;-576;361;-569;-665;471;275;364;-1030;-627;-646;-535;-882;-799;-1167;405;270;347;446;384;310;-1183;322;-1346;485;-1758;174;226;-1690;218;407;193;217;158;266;374;-1855;-1468;-1326;231;249;387;333;-2073;-2013;349;135;184;220;-2319;-2129;116;168;-1946;211;376;-1912;332;-1665;-1928;351;254;329;358;315;242;400;209;-1500;254;355;189;196;303;380;432;-1483;400;191;203;283;417;150;230;316;281;319;-1354;210;328;165;-1260;368;
-1021;129;-1130;283;20;-1388;190;-1010;-935;-919;-868;-798;116;307;102;-807;-753;169;200;103;228;161;-783;-743;-625;-613;-625;-436;-526;-612;187;-644;-427;-560;-664;-618;-692;-429;-414;-368;-434;-602;-427;-471;-494;-436;-337;-369;-289;-258;-433;-578;-497;-351;-445;-420;-308;-384;-379;-385;-278;-342;-339;-426;-437;-385;-407;-361;-377;-380;-400;-356;-342;-306;-268;-224;-346;-308;-389;-410;-467;-286;-475;-374;-290;-349;-415;-396;-370;-436;-419;-390;-371;-377;-327;-352;-336;-533;-389;-415;-513;-502;-451;-450;-563;-570;-485;-472;-570;-580;-564;-579;-532;-582;-515;-495;-445;-577;-485;-460;-448;-598;-492;-568;-465;-547;-480;-571;-470;-540;-491;-644;-353;-375;-414;-506;-486;-468;-518;-335;-379;-460;-369;-429;-518;-533;-531;-596;-595;-564;-482;-361;-481;-447;-535;-488;-455;-473;-479;-443;-437;-541;-450;-636;-478;-356;-392;-514;-486;-400;-530;-447;-398;-400;-318;-450;-445;-361;-225;-496;-369;-548;-716;368;-560;-591;-560;-523;-621;-474;-448;-616;-425;-480;-460;-437;-600;-520;-505;-544;-406;-504;-507;-463;-635;-645;-747;-688;-623;-705;356;-809;-867;338;-1061;326;-770;-559;-633;-606;-674;-740;-607;238;-569;-562;-520;-434;-634;-842;-711;-673;-1020;236;-914;133;-924;-713;-707;289;-1237;-1276;204;154;-1608;296;-1703;68;-1581;-1456;-1078;-843;75;97;-1580;-1576;150;467;-2017;98;305;-1734;-1594;311;-1692;-1895;173;173;-2365;264;159;133;-1960;-1866;169;199;142;254;253;207;-2171;-1959;-2004;142;199;-1717;203;177;-2080;-2132;39;120;142;99;175;-1295;198;296;-1418;-1624;312;164;182;185;-1628;167;132;206;76;-1629;219;-1340;221;130;257;125;190;204;-866;151;
21;-1059;40;66;-1188;101;88;-57;-26;-1009;137;-846;-936;-959;-895;181;-711;-901;-824;-877;37;-754;-518;-720;-642;-607;-562;-587;-582;-761;208;-701;-553;-497;-655;172;-658;-514;-595;-522;-535;-5;-559;-358;-455;-409;-360;-323;-484;-213;-353;-412;-339;-417;-403;-348;-457;-462;-417;-557;-380;-375;-398;-406;-510;-520;-524;-374;-454;-485;-414;-449;-446;-344;-414;-549;-424;-413;-416;-469;-332;-453;-453;-505;-464;-454;-391;-433;-483;-600;-556;-497;-387;-439;-387;-484;-604;-396;-502;-628;-566;-542;-402;-675;-670;-470;-501;-632;-713;-647;-538;-616;-517;-705;-667;-563;-493;-490;-783;-678;-594;-506;-614;-635;-729;-536;-538;-576;-561;-673;-585;-637;-400;-503;-548;-450;-513;-459;-479;-395;-426;-308;-438;-532;-629;-514;-473;-483;-548;-643;-592;-592;-597;-517;-511;-664;-542;-589;-500;-578;-576;-679;-639;-542;-483;-350;-621;-497;-497;-561;-613;-461;-492;-417;-429;-336;-274;-473;-455;-466;-462;-621;-596;-740;-599;-559;-550;-548;-505;-643;-444;-420;-502;-403;-537;-693;-541;-489;-424;-601;-382;-650;-510;-597;-536;-595;-638;-646;-757;-648;-626;-788;-724;-729;-698;-650;-594;-674;-625;-761;342;-818;-685;-627;-742;182;-541;-663;-744;248;-686;63;-1127;173;-764;-878;304;-653;-875;-993;303;129;-1227;-1332;198;-1598;127;216;47;159;-1227;-1417;-1858;166;-1854;-1385;-1642;-1622;-1627;272;-1675;-1670;-1686;53;-2240;85;149;-2466;72;-2003;-2400;184;-2320;-2001;-2036;192;-1777;-1918;99;159;-72;56;88;-2252;13;-1665;126;-1809;133;154;64;132;165;47;113;171;37;47;-1740;64;163;71;193;-1423;219;72;204;157;80;143;-36;-1519;76;73;233;174;-1339;96;-1162;212;
-793;381;-1175;263;216;161;238;201;-720;-875;308;-1008;308;248;360;-603;207;-979;196;-583;-614;-562;-492;238;-579;-669;-755;178;-527;-508;-411;-433;-453;-293;-478;-385;-434;-460;-308;-370;-402;-440;-443;-271;-431;-422;-310;-294;-190;-233;-115;-379;-381;-340;-145;-220;-222;-226;-257;-396;-368;-327;-218;-202;-404;-294;-352;-224;-345;-203;-287;-321;-373;-355;-280;-391;-283;-350;-424;-419;-425;-368;-340;-311;-255;-213;-255;-304;-378;-378;-251;-435;-301;-301;-237;-283;-224;-468;-385;-393;-428;-355;-527;349;-730;-542;-405;-395;-323;-336;-505;-324;-578;-400;-436;-516;-481;-501;-482;-509;-406;-456;-466;-559;-551;-417;-486;-558;-575;-438;-502;-320;-333;-417;-429;-322;-388;-357;-380;-207;-259;-236;-278;-416;-306;-313;-342;-434;-495;-390;-409;-317;-481;-319;-364;-382;-505;-384;-289;-491;-435;-278;-335;-321;-408;-375;-485;-383;-358;-422;-173;-280;-323;-306;-266;-254;-227;-359;-290;-256;-373;-515;-497;-512;-531;-417;-518;-475;-391;-377;-323;-171;-283;-358;-290;-331;-419;-266;-318;-376;-316;-294;-385;-403;-314;-566;-599;-468;-520;-586;-622;-560;-437;-501;-477;-432;-518;-420;-426;-446;-636;328;-425;-343;-567;375;-488;-377;-437;-547;-574;-792;357;-838;-594;-628;-552;-577;-623;-583;-887;-929;-771;-987;-1216;339;-1452;296;-1281;238;-1510;300;298;395;236;-1656;-1702;269;-1727;-1632;-1374;280;-1938;-1889;328;229;-1971;310;109;-1955;91;170;197;191;-1731;-1663;-1582;-1626;-2141;284;270;-2360;226;337;-1780;-1604;-1852;92;225;192;213;-1903;231;-2003;220;287;24;-1929;316;245;427;307;155;-1325;210;252;-1314;219;102;-443;262;307;338;384;289;211;-1468;282;-1343;138;
-1026;134;205;324;-1005;438;-907;459;-941;356;221;341;365;-708;-538;-658;332;252;472;-435;-449;-551;-382;325;-716;218;322;-489;-570;-441;-318;-339;-342;-516;-615;-309;-433;-379;-391;-259;-265;-248;-250;-296;-282;-312;-167;-286;-336;-169;-267;-243;-149;-245;-193;-137;-226;-170;-237;-365;-186;-229;-210;-214;-274;-165;-214;-255;-130;-147;-173;-299;-278;-162;-165;-262;-221;-241;-175;-268;-200;-358;-306;-253;-183;-252;-133;-173;-343;-315;-113;-241;-221;-229;-240;-309;-193;-230;-378;-271;-261;-364;-376;-342;-363;-336;-498;-342;-271;-319;-460;-447;-368;-381;-282;-410;-345;-427;-295;-401;-422;-492;-388;-528;-404;-462;-447;-346;-386;-305;-342;-293;-265;-216;-264;-283;-283;-171;2;-95;-170;-124;-184;-202;-214;-336;-295;-198;-207;-276;-227;-445;-334;-204;-367;-375;-393;-392;-242;-307;-462;-310;-261;-387;-403;-296;-342;-301;-217;-228;-215;-57;-136;-172;-164;-94;-162;-227;-153;-246;-288;-397;-257;-304;-393;-282;-370;-249;-346;-206;3;-178;-239;-137;-222;-267;-263;-139;-278;-235;-252;-228;-164;-180;-362;-389;-432;-359;-406;-446;-584;-341;-433;-437;-321;-468;-392;-429;-357;-370;-465;-366;-376;-319;-463;418;-125;-356;-385;-291;-375;328;-594;-331;-386;-366;-584;-551;-637;-554;-586;-754;-626;-845;315;-977;-1112;262;-915;-840;361;192;462;-1548;392;418;323;-1996;464;341;-1467;439;371;277;-1522;-1541;-1660;-1821;-1621;-1444;-1910;263;135;37;-2049;306;-1874;-1509;212;336;254;322;-2236;371;-1394;276;213;326;-1734;299;-2204;435;-1276;156;273;357;79;220;161;358;388;377;378;410;-1475;210;256;443;364;-1386;-1387;157;407;244;445;144;195;142;310;275;
292;254;387;-971;333;174;214;-778;109;168;244;-706;-619;-516;303;392;-847;-491;-649;-481;-289;261;-528;-844;327;-805;-562;-541;-585;334;-391;-301;-328;-406;-322;-427;-353;-439;-270;-329;-229;-329;-257;-268;-280;-459;-346;-247;-231;-393;-299;-42;-277;-227;-295;-237;-223;-188;-186;-266;-180;-321;-147;-235;-173;-128;-234;-248;-363;-222;-382;-291;-92;-290;-235;-333;-295;-268;-223;-238;-233;-264;-334;-127;-294;-277;-250;-252;-383;-327;-272;-265;-311;-314;-200;-366;-303;-380;-365;-417;-348;-399;-311;-470;-291;-280;-379;-425;-347;-423;-360;-313;-348;-272;-413;-416;-441;-415;-417;-423;-487;-535;-494;-491;-363;-572;-424;-420;-279;-263;-325;-267;-296;-345;-225;-243;-281;-279;-158;-196;-129;-147;-187;-259;-314;-162;-356;-332;-357;-308;-456;-328;-357;-319;-441;-233;-290;-275;-222;-251;-338;-328;-291;-448;-231;-249;-239;-118;-204;-300;-221;-174;-251;-163;-182;-74;-273;-176;-257;-278;-312;-377;-408;-238;-305;-326;-283;-197;-395;-208;-229;-199;-244;-212;-78;-185;-56;-77;-273;-158;-257;-271;-241;-375;-370;-278;-383;-458;-652;-457;-463;-444;-546;-368;-251;-450;-569;-564;-297;-329;-338;-384;-388;-319;294;-273;-301;-338;-227;-308;-421;-449;-406;-400;-448;-638;299;-737;-652;-566;-607;-719;-692;-631;-894;-1026;382;-995;-778;-996;-946;-1013;-1038;-1002;-1319;-1241;-1477;129;232;-1343;-1405;-1708;-1528;-1756;-1355;-1951;259;336;-1844;-1859;-1743;207;288;-1958;432;-1963;232;-2158;-2332;363;104;136;-238;303;-2092;391;385;250;273;60;223;131;243;192;289;207;211;186;388;136;348;188;169;-1152;288;-1464;338;344;215;329;426;261;371;150;358;242;336;346;319;307;
135;188;-924;-842;93;149;-832;-954;-883;-785;-679;-858;238;-716;-657;81;199;-633;-660;134;-593;-589;-597;247;106;-819;-840;258;-621;-492;-465;-563;-444;-395;-501;-457;136;-506;-397;-385;-380;-419;-400;-448;-319;-307;-382;-275;-449;-448;-393;-443;-352;-340;-222;-276;-231;-292;-329;-416;-239;-372;-422;-263;-317;-288;-289;-278;-306;-294;-318;-426;-241;-430;-317;-260;-216;-386;-264;-426;-434;-311;-475;-343;-277;-369;-284;-130;-217;-315;-265;-335;-349;-383;-348;-374;-328;-377;-254;-301;-328;-334;-403;-401;-412;-419;-477;-429;-457;-342;-467;-453;-426;-543;-480;-486;-503;-516;-508;-433;-479;-446;-342;-599;-580;-458;-480;-393;-505;-338;-342;-207;-430;-259;-269;-416;-151;-207;-270;-245;-156;-234;-212;-122;-241;-310;-263;-435;-593;-448;-420;-391;-335;-427;-237;-328;-376;-324;-485;-439;-400;-290;-339;-284;-433;-309;-199;-306;-284;-202;-232;-164;-291;-260;-261;-185;-217;-140;-198;-187;-340;-420;-341;-337;-421;-326;-350;-325;-319;-258;-221;-260;-259;-251;-18;-189;-207;-154;-107;-242;-257;-279;-277;-384;-291;-348;-467;-321;-450;-616;-516;-527;-532;-480;-506;285;-469;-356;-336;-424;-313;-211;-363;-397;-495;-394;-182;-241;-258;-328;-396;-325;-596;-461;-638;394;-1055;266;-641;-711;-590;-818;-718;-785;-923;393;-971;-906;-1090;212;-977;-861;-1007;-1026;-1154;-1226;-1629;130;-1538;-1335;253;266;-1696;230;-1900;204;183;-1957;237;139;-2167;179;168;-2063;-2064;-2015;195;150;130;151;-2080;-2190;317;273;226;-1998;191;371;123;36;328;132;-2234;199;99;-1615;-1808;73;52;272;340;231;-1699;-1328;-1540;288;-1379;226;161;222;195;227;200;154;134;-469;109;-1554;493;277;
239;-986;291;-888;288;-894;-592;220;153;-708;-634;155;-866;-819;-599;-740;431;-683;278;-614;-530;-635;-682;-683;-614;-581;262;-636;-424;-431;-593;229;-450;-294;-395;-276;-369;-583;-389;-382;-393;-399;-283;-367;-328;-388;-327;-282;-298;-300;-312;-314;-192;-187;-305;-211;-237;-287;-213;-275;-254;-302;-364;-378;-105;-171;-183;-280;-141;-339;-285;-240;-320;-133;-272;-247;-264;-341;-181;-282;-247;-314;-302;-255;-264;-291;-308;-203;-239;-243;-304;-255;-429;-294;-246;-304;-300;-230;-432;-447;-274;-443;-289;-476;-261;-447;-347;-294;-319;-559;-433;-275;-321;-459;-419;-464;-496;-321;-284;-447;-475;-274;-475;-506;-298;-364;-448;-218;-239;-375;-213;-234;-258;-208;-179;-195;-253;-270;-202;82;-20;-80;-11;-299;-160;-247;-324;-229;-382;-243;-478;-286;-314;-343;-411;-318;-321;-292;-292;-268;-212;-251;-324;-311;-136;-190;-261;-178;-198;-215;-151;-97;-219;-173;-14;-35;-85;-227;-188;-304;-220;-272;-310;-322;-375;-301;-416;-249;-295;-192;-178;-122;-53;-115;-161;-153;-108;-170;-61;-228;-142;-246;-244;-204;-314;-399;-474;-463;-345;-294;-416;-423;-297;-354;-193;-427;-414;-408;-407;-253;-267;-328;-179;-140;-306;-284;-220;-307;-272;-275;-272;-298;-390;-371;-359;-544;368;-832;-836;469;-534;-625;-675;-668;-667;-707;-773;-785;541;-949;-801;-813;488;-1231;437;-1406;196;-1350;-1085;-1121;-1491;392;-1748;279;410;-2281;288;-1950;-1641;-1981;230;-2054;-2076;331;334;273;-2040;279;450;417;-2048;318;292;-2201;258;-2236;353;388;191;-1720;143;269;150;253;220;-1895;399;350;326;-1767;254;241;374;457;325;107;-1392;379;255;380;241;-1121;380;-1624;304;236;248;324;260;153;
-956;397;-768;266;202;236;-935;-787;-611;-605;208;-875;244;204;318;-759;-586;-599;210;-576;-338;315;293;-573;-419;-552;-492;-517;-439;-357;-512;-485;-383;-436;-372;-325;-505;338;-465;-349;-351;-447;-317;-410;-360;-114;-266;-408;-241;-328;-348;-201;-316;-407;-251;-308;-347;-387;-328;-423;-252;-417;-404;-361;-268;-223;-454;-310;-173;-264;-348;-237;-340;-364;-304;-235;-435;-431;-302;-288;-184;-289;-303;-344;-310;-349;-296;-180;-379;-384;-193;-315;-322;-258;-344;-454;-479;-334;-314;-406;-412;-551;-470;-427;-481;-434;-368;-478;-380;-573;-521;-342;-432;-412;-537;-392;-323;-448;-388;-477;-462;-478;-581;-331;-341;-502;-431;-421;-307;-376;-288;-353;-329;-221;-236;-386;-191;-100;-147;-88;-94;-78;-180;-116;-319;-293;-315;-442;-325;-536;-464;-479;-495;-315;-422;-382;-363;-384;-275;-177;-375;-363;-430;-194;-302;-266;-360;-244;-220;-137;-208;-221;-147;-135;-124;-172;-116;-234;-224;-317;-260;-295;-393;-498;-425;-241;-334;-241;-209;-156;-246;-301;-240;-63;-176;-96;31;-38;55;-141;-173;-218;-359;-230;-264;-477;-383;-548;-404;-397;-434;-251;-425;-325;-400;-373;-467;-243;-269;-319;-316;-229;-342;-290;-313;-332;-300;-218;-290;-335;-384;-490;-453;-563;-518;-566;-595;-578;327;-712;-507;-615;-642;-527;-715;-745;407;-938;-830;-730;-749;-722;-776;-982;-1175;-1396;253;-1160;-1220;-1195;-1213;-1487;338;-1479;-1628;137;178;277;-1967;274;-1854;241;337;175;-1663;-1548;-1273;-1668;259;196;-1966;268;259;182;-1901;249;175;184;-1918;-1842;137;297;-65;138;41;245;381;212;-1911;401;235;171;346;-1442;-1386;-1490;334;-1708;-1245;207;-1590;-1453;186;290;212;328;173;-1496;-1147;130;
317;189;-809;-1;-985;-768;210;323;-791;-634;231;-735;-840;226;-839;-330;-483;-453;-530;-427;-612;-640;-458;-418;-532;-499;-387;-563;-463;-348;-313;-327;-416;-449;-322;-422;-258;-427;-362;-392;-368;-442;-318;-335;-246;-288;-320;-274;-303;-227;-380;-299;-259;-308;-173;-295;-349;-267;-284;-264;-217;-356;-159;-326;-222;-291;-195;-259;-371;-317;-351;-299;-441;-339;-280;-270;-282;-330;-343;-269;-221;-384;-278;-199;-266;-271;-284;-288;-272;-284;-321;-297;-367;-314;-414;-358;-337;-354;-381;-418;-383;-399;-435;-436;-402;-294;-451;-445;-488;-334;-428;-365;-369;-258;-423;-333;-534;-348;-488;-427;-672;-525;-442;-474;-410;-389;-324;-466;-420;-331;-318;-253;-341;-274;-323;-279;-204;-142;-301;-168;-217;-154;-50;-119;-181;-234;-343;-396;-382;-457;-355;-398;-455;-378;-280;-334;-202;-271;-400;-229;-284;-491;-327;-305;-150;-263;-209;-278;-244;-173;-294;-261;-251;-169;-250;-121;-135;-239;-179;-355;-228;-315;-349;-441;-432;-343;-343;-288;-156;-268;-251;-213;-293;-115;-93;-145;-122;-165;-84;-116;-155;-134;-246;-173;-373;-243;-432;-414;-342;-441;-414;-336;-427;-396;-326;-411;-378;-380;-268;-368;-171;-350;-195;-235;-107;-284;-240;-310;-215;-264;-239;-369;-266;-391;-472;-514;-464;-538;-528;-584;-498;-708;-648;-597;-479;-716;-927;322;-906;-722;-732;-719;-750;-693;-1162;225;-1360;-1118;345;-1189;-1277;-1389;-1277;-1266;-1581;236;-1944;230;144;-2016;-1608;-1766;412;-1697;-1575;-1424;-1812;-1721;-1645;-1540;-1320;-1979;219;-1887;-1597;199;130;166;163;222;278;109;-1531;-1710;304;301;419;-1906;325;232;24;196;304;287;-1308;80;236;187;341;237;153;283;219;283;291;187;226;186;194;-1271;
206;102;-1163;209;157;-87;156;16;160;-651;-976;190;113;116;-743;-753;-644;-675;-593;-534;-558;-753;-685;-607;-576;-526;-486;-613;163;-558;-330;-502;-425;-516;-573;-490;-509;-465;-401;-420;-470;-425;-367;-420;-489;-504;-411;-381;-313;-351;-426;-344;-322;-449;-450;-335;-425;-290;-405;-401;-449;-424;-322;-482;-309;-376;-295;-367;-354;-262;-277;-312;-354;-398;-464;-309;-459;-437;-246;-360;-359;-399;-485;-512;-362;-479;-298;-335;-375;-322;-426;-362;-386;-330;-332;-423;-423;-417;-486;-479;-445;-515;-477;-409;-430;-522;-387;-508;-665;-682;-536;-443;-572;-337;-553;-543;-600;-531;-504;-500;-546;-544;-580;-461;-456;-531;-532;-367;-299;-517;-402;-413;-342;-505;-307;-336;-210;-192;-55;-178;-95;-204;-330;-206;-365;-325;-383;-462;-420;-384;-386;-506;-347;-392;-399;-363;-381;-251;-231;-331;-344;-338;-431;-272;-287;-235;-248;-171;-167;-334;-138;-152;-300;-183;-234;-184;-261;-305;-310;-403;-366;-447;-340;-407;-533;-386;-438;-387;-401;-235;-202;-256;-167;-252;-182;-147;-60;-182;-60;-159;-155;-120;-191;-495;-282;-452;-377;-344;-451;-400;-388;-312;-325;-352;-383;-459;-451;-153;-436;-320;-192;-228;-204;-150;-241;-351;-264;-252;-348;-426;-356;-484;-460;-444;-528;-433;-505;-571;-587;-602;-562;-456;-612;-520;-693;-737;-853;-874;-853;-759;-818;-723;-800;-875;-1006;-1237;-1077;-1094;-1150;-1287;321;152;-1295;-1308;-1307;-1538;-1709;148;-2195;205;-1646;-1821;-1736;-1883;186;-2175;52;310;-1426;-1471;-1609;99;-2086;386;-1893;160;-2171;169;-1920;136;127;274;-2027;78;141;331;-2245;21;155;84;184;153;-1304;-1668;191;158;103;265;162;170;200;90;-1565;325;76;203;139;133;180;-1452;
132;232;275;-1102;174;331;-901;274;-841;-763;387;-763;-580;-631;-567;231;119;-757;158;-508;-455;256;-698;-746;-445;-537;-477;-411;-427;-364;-376;-347;-319;-378;-431;-257;-343;-225;-320;-247;-309;-370;-316;-352;-325;-264;-467;-220;-297;-263;-245;-242;-288;-266;-311;-264;-231;-294;-281;-263;-419;-308;-347;-320;-366;-141;-189;-191;-144;-322;-359;-325;-298;-215;-250;-180;-300;-314;-243;-312;-385;-275;-231;-334;-287;-264;-295;-200;-240;-327;-288;-222;-193;-286;-350;-396;-221;-382;-366;-269;-451;-364;-334;-443;-295;-391;-377;-492;-544;-439;-422;-443;-377;-374;-396;-623;-608;-416;-514;-433;-463;-512;-494;-423;-458;-542;-330;-442;-306;-352;-246;-296;-231;-223;-363;-70;-138;-90;-5;-71;-39;-7;-107;-59;-68;-148;-242;-289;-494;-466;-489;-426;-355;-361;-312;-211;-168;-358;-201;-209;-354;-273;-350;-279;-141;-195;-120;-179;-148;-38;-47;-243;-83;-184;-17;-118;-48;-222;-146;-220;-299;-356;-319;-352;-174;-237;-268;-321;-335;-181;-62;-9;-67;-61;-106;-34;-47;-25;63;-98;23;-160;-229;-298;-291;-321;-167;-270;-444;-412;-364;-386;-217;-341;-224;-165;-353;-300;-305;-369;-182;-269;-123;-100;-128;-173;-186;-222;-244;-207;-225;-353;-307;-354;-256;-407;-422;-375;-249;-501;-543;-476;-345;-493;-544;-567;-512;-553;-658;-462;-718;-732;-662;-664;-884;277;-1234;-1020;-1070;-954;-1181;-1227;-1009;-1094;-1271;-1256;-1427;-2010;272;-1939;-1480;210;-1796;255;-2262;93;-1608;-1834;154;-1422;-1541;401;289;-1812;243;-1987;232;220;-1508;-1746;267;-1784;236;251;226;309;318;219;389;195;95;228;-1653;109;359;299;213;-1739;240;326;191;-1244;231;297;138;190;-1620;269;283;194;
192;204;418;98;-907;252;-727;-832;-703;169;-667;297;-651;-483;-659;-705;-607;445;-567;-518;-442;-611;126;342;-462;-490;-410;-481;-427;-546;150;-358;-385;-338;-368;-367;-405;-390;-386;-496;-420;-250;-155;-330;-295;-215;-226;-222;-237;-252;-337;-329;-217;-367;-318;-401;-237;-296;-228;-249;-198;-358;-319;-349;-227;-223;-212;-335;-185;-243;-247;-196;-288;-240;-295;-268;-194;-265;-316;-320;-331;-252;-233;-216;-163;-356;-301;-308;-263;-313;-286;-286;-203;-408;-339;-337;-285;-323;-325;-246;-391;-305;-384;-333;-367;-486;-464;-444;-420;-467;-456;-348;-408;-457;-394;-467;-445;-420;-547;-474;-585;-412;-507;-388;-317;-233;-403;-447;-286;-133;-270;-265;-260;-180;-148;-190;-102;-42;-41;-111;-42;-20;-101;-85;-208;-199;-286;-380;-339;-322;-451;-409;-339;-227;-338;-223;-212;-230;-336;-229;-284;-140;-311;-139;-204;-76;-291;-26;-200;-70;-39;-3;-17;-203;-128;-93;-263;-128;-211;-127;-334;-291;-242;-365;-313;-409;-268;-238;-245;-89;-59;-91;-25;-58;-37;-132;-60;-57;-123;-7;12;-21;-162;-88;-252;-427;-297;-380;-311;-258;-393;-255;-245;-207;-295;-308;-174;-281;-113;-108;-133;-194;-11;-80;-100;-187;-103;-233;-170;-217;-362;-336;-342;-322;-311;-222;-264;-336;-245;-423;-409;-389;-537;-436;-430;-591;-545;-598;359;-705;-700;168;-817;-691;-757;-1053;234;-1003;-952;-846;-916;-1226;-1402;-1044;-1103;-1134;-1499;147;-1649;541;-1720;-1513;-1709;206;278;-1868;-1574;157;-1636;-1391;-1667;-1736;-92;-1628;106;-2102;196;153;-1746;243;-1949;-1908;87;-1936;79;204;191;-1874;380;339;165;189;184;268;156;-1771;-1480;235;280;292;-1489;-1383;328;-1685;314;340;268;75;156;-1205;
331;212;115;-787;-821;217;-940;73;-683;-772;-761;254;-641;-712;254;258;382;-991;298;-723;-480;-735;-445;-610;-489;-462;-515;-499;-466;-543;373;-532;-474;-523;-407;-413;-432;-368;-315;-283;-179;-224;-343;-354;-263;-207;-362;-376;-265;-322;-279;-304;-241;-168;-376;-306;-226;-312;-231;-321;-232;-304;-399;-314;-348;-312;-180;-294;-307;-415;-278;-250;-296;-358;-395;-329;-197;-340;-286;-333;-321;-347;-301;-327;-343;-308;-269;-439;-290;-247;-405;-454;-481;-328;-182;-313;-333;-276;-392;-318;-286;-264;-302;-461;-344;-465;-547;-579;-447;-431;-441;-579;-508;-445;-239;-371;-497;-476;-468;-560;-414;-535;-391;-533;-460;-415;-469;-368;-300;-211;-322;-267;-356;-239;-258;-267;-228;-283;-4;-92;-94;5;-143;35;-216;-258;-204;-387;-387;-408;-365;-380;-475;-303;-300;-386;-281;-300;-272;-171;-218;-357;-414;-288;-98;-261;-149;-212;-304;-154;-119;-145;-99;-236;-200;-79;-174;-151;-213;-311;-347;-387;-402;-399;-420;-267;-357;-288;-277;-121;-167;-43;-172;-110;-101;-60;-167;-87;-12;-125;-153;-25;-182;-263;-369;-236;-282;-392;-487;-434;-251;-150;-182;-195;-189;-129;-265;-251;-224;-109;-140;-166;-68;-138;-138;-209;-181;-225;-278;-346;-422;-334;-362;-355;-331;-387;-446;-438;-513;-470;-323;-569;-502;-443;-447;-552;-593;-536;-673;-567;-751;-689;-711;-665;-757;-981;-1018;-1039;-1011;-926;-1102;247;233;-1272;-1077;-1161;-1452;169;-1593;-1558;131;-1612;-1409;-1616;136;102;-1546;-1952;158;-1811;342;-1940;218;-1620;-1971;249;192;255;-2081;54;232;166;194;33;-1711;33;256;-1831;308;221;-1502;-21;221;-1685;382;326;-1744;227;367;139;189;197;-67;225;246;89;175;184;102;-1611;
122;204;196;-925;271;-841;259;-765;-641;268;82;-676;-640;-667;-643;-777;285;225;219;-613;-690;347;-668;-578;-441;-341;-490;-355;-483;-353;-435;-447;-496;136;97;-507;-423;-306;-381;-405;-351;-400;-398;-285;-470;-307;-333;-206;-325;-249;-392;-232;-375;-295;-342;-303;-204;-485;-284;-237;-331;-307;-163;-141;-382;-296;-340;-415;-316;-203;-482;-210;-322;-338;-321;-323;-379;-273;-262;-99;-247;-332;-385;-404;-450;-368;-400;-417;-448;-472;-342;-382;-310;-270;-352;-303;-361;-467;-323;-351;-331;-336;-320;-486;-485;-501;-548;-459;-399;-415;-421;-470;-440;-474;-397;-385;-558;104;-472;-584;-647;-513;-479;-350;-531;-487;-434;-454;-290;-279;-202;-305;-274;-270;-145;-179;-249;-164;56;-199;-226;68;-95;37;-157;-333;-235;-308;-463;-425;-373;-349;-435;-362;-396;-288;-362;-145;-246;-155;-218;-260;-143;-262;-252;-301;-201;-210;-216;-44;-60;-200;-116;-191;-111;-102;-81;-253;-381;-175;-232;-276;-326;-261;-224;-380;-220;-209;-82;-116;41;-118;29;37;-30;-78;-8;-67;46;-92;-175;-93;-170;-324;-260;-320;-311;-364;-261;-288;-371;-376;-250;-271;-49;-156;-244;-181;-177;-121;-76;-199;-101;-69;44;-192;-179;-227;-117;-290;-304;-387;-378;-364;-362;-292;-179;-353;-423;-525;-446;-535;-497;-504;-538;-623;-536;-608;-494;-366;-631;-524;-606;-834;-775;-798;-913;-881;-962;-896;-982;-1152;-1214;-1270;-1041;-1224;-1248;-1380;310;-1456;-1041;-1286;-1207;-1294;-1837;392;-1713;254;-1552;-1518;228;119;-1782;-1483;217;-1925;-1914;138;327;102;214;139;200;216;-1431;-1702;-1720;45;219;-1738;-1481;-1505;242;-1755;149;198;419;225;-1431;179;190;-29;163;232;-1853;218;190;230;139;132;
-944;277;-817;268;-871;-578;-774;-501;-630;-712;-779;278;-814;215;-766;-635;-632;291;-707;-616;453;218;-598;368;-488;-518;235;-367;-303;-321;-291;-352;-439;-464;-539;-404;-238;-404;-368;-284;-275;-245;-275;-341;-212;-233;-317;-298;-350;-246;-272;-340;-209;-409;-301;-324;-337;-265;-262;-345;-258;-209;-163;-209;-135;-221;-165;-196;-275;-293;-235;-187;-310;-198;-301;-237;-334;-226;-162;-244;-242;-319;-351;-256;-197;-197;-195;-164;-373;-241;-248;-243;-139;-267;-252;-265;-254;-347;-264;-225;-329;-277;-269;-299;-286;-475;-506;-586;-525;-418;-433;-489;-476;-354;-303;-510;-473;-422;-493;-383;-442;-286;-258;-488;-325;-356;-400;-255;-245;-237;-203;-180;-216;-282;-177;-46;31;-24;34;22;40;-51;39;-4;-137;-153;-182;-275;-295;-237;-309;-275;-150;-305;-249;-89;-133;-249;-58;-45;-79;-285;-219;-30;-61;-244;1;-160;108;86;-10;-21;78;106;-43;-149;26;-158;-132;-148;-210;-90;-348;-230;-205;-309;-75;-277;-198;-61;49;26;-4;-92;110;98;-34;60;34;114;-12;-34;-203;-167;-181;-330;-276;-224;-244;-246;-162;-177;-41;-158;-178;-123;-62;-5;-134;-55;-65;-37;-21;127;-86;16;-58;-56;-104;-242;-166;-218;-386;-237;-131;-149;-186;-223;-292;-271;-276;-438;-348;-289;-395;-412;-412;-414;-347;-526;-575;-479;-700;-550;-646;-907;-719;-814;-734;-836;-931;-1256;-1254;-1051;-927;-953;-1064;-1050;-1179;-1182;-1190;-1155;-1083;-1298;537;-1573;-1297;-1448;-1240;-1315;-1499;225;-1331;-1539;355;351;214;-1882;-1837;467;-1831;283;275;-1988;-1570;281;353;-1739;303;200;250;-1640;258;294;330;239;147;278;-1333;402;438;-1412;222;299;232;317;98;252;192;290;
-704;-499;-673;510;261;-659;325;-673;210;-832;-612;-586;-554;-712;302;-455;-572;274;-559;-462;-526;-507;-574;-511;-443;-390;-489;-265;-328;-359;-370;-441;-373;-279;-370;-357;-259;-270;-324;-284;-223;-315;-264;-219;-345;-437;-245;-191;-192;-234;-278;-309;-104;-314;-243;-424;-293;-345;-301;-314;-283;-277;-325;-232;-224;-253;-357;-98;-354;-251;-191;-275;-238;-234;-246;-112;-389;-377;-393;-222;-341;-229;-190;-405;-177;-144;-164;-229;-245;-286;-157;-246;-131;-256;-326;-364;-335;-129;-213;-167;-328;-373;-358;-337;-304;-372;-508;-371;-291;-397;-453;-378;-364;-289;-326;-318;-433;-363;-371;-404;-410;-519;-367;-323;-313;-226;-330;-254;-178;-204;-288;-329;-195;-257;40;39;-122;128;182;62;92;240;-29;30;-25;17;-209;-130;-284;-349;-402;-308;-245;-288;-141;-245;-155;-127;-226;-54;-72;-255;-156;-178;-53;-63;-141;-55;47;-102;-17;8;67;-80;-43;42;-105;-99;-244;-155;-259;-203;-341;-183;-196;-134;-144;-23;-55;111;40;131;149;120;35;-41;168;123;-52;-49;19;-28;17;-108;-244;-250;-154;-256;-223;-167;-111;-25;-16;-41;-11;-88;-152;19;35;7;5;67;5;65;166;4;-35;-165;-12;-114;-115;-147;-213;-299;-164;-207;-200;-106;-271;-306;-305;-173;-454;-322;-268;-380;-480;-332;-365;-447;-364;-511;-565;-522;-657;310;-864;-758;-860;-788;-1167;281;472;-1082;-955;-982;-932;-917;-1004;-1074;-999;-1169;-1188;-1114;-1036;-1075;-1653;280;-1555;-1166;-1164;-1444;-1172;-1295;324;-2078;283;129;315;-1660;-1874;296;361;321;309;185;-1276;-933;372;427;174;463;-1550;-1181;-1346;-1432;391;315;-1185;382;416;311;257;216;314;134;215;415;375;256;
297;-824;-605;-926;232;-563;-628;-967;310;114;-730;-671;-647;-570;-784;-509;-589;-498;-531;-349;-450;201;157;-403;-421;-392;-393;-239;-359;-398;-297;-394;-370;-349;-347;-214;-287;-313;-384;-347;-327;-317;-383;-376;-275;-388;-320;-212;-255;-350;-231;-301;-291;-310;-203;-287;-225;-290;-273;-231;-379;-285;-192;-78;-153;-137;-282;-243;-143;-229;-265;-260;-293;-229;-95;-301;-187;-161;-248;-235;-370;-278;-258;-256;-259;-147;-261;-285;-283;-232;-202;-256;-270;-273;-269;-225;-276;-288;-152;-315;-351;-347;-341;-423;-526;-446;-479;-372;-495;-501;-435;-515;-446;-328;-298;-416;-353;-419;-384;-435;-414;-325;-325;-386;-383;-241;-231;-392;-316;-287;-299;-95;-198;-165;41;-91;30;90;111;92;39;145;5;-96;-114;-110;-211;-327;-335;-428;-371;-384;-335;-286;-269;-280;-278;-98;-101;-168;-154;-108;-138;-114;-68;-216;2;-31;76;20;87;-46;68;19;-95;-104;-72;-90;-150;-136;-300;-289;-249;-255;-223;-193;-223;-168;-29;29;-67;186;45;235;59;110;69;-52;90;-7;103;-79;-60;-28;-58;-245;-168;-248;-326;-466;-168;-223;-110;-100;-131;-12;12;16;24;144;51;-21;93;-13;126;-2;-3;-197;-261;-112;-226;-359;-295;-292;-182;-262;-176;-187;-331;-248;-396;-307;-277;-283;-446;-393;-297;-371;-384;-424;-491;-627;-615;-648;-726;-751;-755;-702;-756;-748;-883;-1143;-1095;-1161;-977;-975;-1112;-1282;-1052;-1223;-923;-1239;-1154;-1218;-1240;-1341;129;210;-1494;-1077;-1535;224;-1395;-1236;-1538;283;-2105;213;-1542;-1733;86;144;-1899;-1493;-1853;241;151;-1398;-1493;174;-1523;-1633;285;-1499;296;185;273;132;-1391;-1097;-1571;193;-1392;153;313;-1554;-866;298;-1381;237;
-1035;288;28;19;11;-917;109;94;36;-1003;252;167;72;-788;277;-751;-553;-555;-531;-452;-449;-629;-613;-628;-495;-437;-548;-477;-287;-460;-407;-468;-413;-432;-482;-448;-468;-346;-404;-491;-347;-336;-440;-438;-465;-277;-323;-277;-269;-414;-283;-314;-364;-413;-364;-123;-300;-286;-362;-404;-377;-403;-311;-373;-366;-180;-236;-384;-289;-241;-373;-365;-280;-167;-341;-334;-378;-275;-395;-342;-345;-293;-421;-357;-284;-408;-441;-328;-337;-281;-253;-323;-305;-359;-444;-362;-473;-326;-393;-460;-469;-433;-321;-459;-431;-543;-529;-674;-623;-485;-465;-555;-440;-511;-527;-491;-520;-398;-521;-514;-526;-521;-411;-553;-431;-226;-436;-292;-367;-294;-299;-110;-135;11;-57;-149;-74;-47;26;-153;46;93;39;-103;-107;-290;-305;-408;-544;-446;-340;-437;-424;-294;-359;-298;-296;-224;-352;-87;-106;-268;-229;-136;-351;-167;-221;-108;-106;73;-66;49;-69;-196;-171;-246;-188;-260;-228;-158;-165;-290;-257;-360;-394;-223;-264;-127;-64;42;85;-22;-75;64;36;29;6;-97;21;-3;81;-105;-26;-205;-214;-286;-280;-296;-351;-301;-179;-266;46;-119;-4;-45;-111;-3;15;-44;-5;134;12;3;-57;41;-61;-26;-143;-287;-270;-265;-420;-359;-327;-275;-344;-417;-215;-390;-322;-313;-427;-405;-444;-479;-424;-417;-544;-682;-487;-636;-594;-580;-537;-804;-745;-876;-931;-922;-983;-1127;-969;-1081;-1250;-1163;-1089;237;-1513;248;-1393;349;-1250;-1130;-944;-1272;-1592;199;-1352;-1298;-1882;152;-1606;-1222;-1359;110;123;-1884;-1445;-23;177;-1756;153;-1883;59;18;-635;199;-1689;181;-1607;297;-1867;131;108;-1840;215;213;147;-1646;253;52;-1526;207;174;50;8;-1544;-1433;243;
137;128;102;-790;-826;235;261;-884;-818;108;-677;-730;-755;-758;-827;107;-691;-459;-514;-538;-452;-479;-583;184;-512;-466;398;-554;-470;-359;-397;-528;-414;-356;-344;-394;-264;-262;-432;-375;-394;-193;-286;-453;-498;-367;-378;-420;-458;-328;-332;-261;-315;-313;-337;-396;-398;-370;-283;-411;-295;-384;-262;-270;-423;-239;-250;-495;-329;-358;-193;-253;-315;-208;-294;-357;-349;-355;-273;-363;-379;-317;-250;-274;-184;-304;-346;-279;-389;-226;-386;-191;-259;-318;-374;-264;-400;-282;-473;-353;-346;-447;-559;-387;-425;-426;-367;-496;-480;-464;-376;-509;-487;-502;-352;-506;-428;-408;-371;-477;-466;-526;-287;-457;-344;-426;-374;-307;-294;-317;-211;-254;-202;-69;-168;-17;-69;33;117;-18;-2;43;-41;-86;-130;-149;-270;-354;-321;-398;-459;-319;-267;-408;-263;-321;-298;-70;-272;-200;-92;-278;-224;-191;-141;-143;-162;-129;28;13;-90;-115;-144;-14;-122;-54;-79;-164;-242;-379;-292;-324;-411;-243;-254;-255;-214;-52;-26;10;101;82;132;103;106;108;4;62;-65;81;-13;-155;-155;-67;-324;-138;-294;-239;-244;-157;-89;-99;-41;-8;-17;-22;5;102;-1;65;23;141;77;-51;132;52;-42;24;-111;-178;-140;-338;-258;-193;-247;-324;-229;-321;-313;-408;-233;-377;-372;-368;-433;-472;-508;-508;-449;-516;-513;-522;-611;-639;-531;-662;-665;-721;-704;-885;-911;-903;-1046;-1086;-1139;336;-1110;-1222;-1119;-1246;-1215;-1225;-1095;-1058;-1245;-1070;-1282;-1218;-1512;-1557;199;166;-1481;-1042;-1371;-1518;-1739;193;-1328;-1470;162;-1725;-1365;40;179;-2005;246;-1601;346;326;-1884;131;103;-1840;272;238;-1421;257;279;400;306;209;-1820;312;107;155;160;194;218;270;
111;376;-989;-586;-505;-816;331;114;-753;-856;-478;259;-733;-534;326;178;-830;-589;255;-467;-371;-353;-362;-384;-355;-390;-397;-315;-349;-297;-379;-152;-373;-305;-323;-367;-266;-418;-277;-196;-271;-301;-286;-308;-424;-372;-200;-292;-233;-249;-347;-218;-259;-211;-349;-146;-177;-266;-197;-335;-260;-333;-194;-239;-294;-183;-174;-350;-232;-195;-217;-255;-196;-214;-326;-212;-225;-187;-249;-369;-244;-209;-213;-210;-249;-319;-195;-116;-197;-125;-98;-200;-221;-159;-101;-360;-150;-311;-359;-142;-365;-402;-232;-235;-193;-402;-530;-323;-426;-408;-344;-429;-393;-312;-463;-338;-313;-435;-224;-340;-343;-277;-366;-458;-415;-170;-191;-144;-242;-11;-62;-88;-189;-69;-72;183;84;124;237;197;237;174;100;39;67;-102;43;-153;-335;-284;-167;-309;-194;-114;-103;-28;30;-84;28;114;-124;-171;-54;-48;-39;29;40;76;121;112;167;196;109;-101;-94;61;-106;-58;-37;-48;-109;-230;-106;-221;-223;-80;8;85;129;157;289;253;307;214;209;145;216;10;44;123;-28;-7;-1;-37;-79;-162;-107;-184;-113;-27;62;108;94;159;125;229;126;261;178;227;211;134;79;215;104;91;26;-134;-152;-49;-107;27;-109;-186;-124;-220;-203;-129;-149;-160;-230;-212;-258;-249;-202;-261;-311;-267;-417;-441;-377;-222;-414;-566;-462;-678;-602;-647;-570;-682;-746;-696;-860;-802;-756;-902;-997;-846;-725;-971;-1113;-915;-1118;-1133;331;-1157;-1023;-1130;435;-1570;-1527;376;-1583;-1037;-1135;-1333;452;318;-1610;-1657;195;227;-1671;410;298;244;188;-1594;-1719;343;357;337;324;372;219;412;-1436;-1277;-1651;360;399;383;305;268;286;111;354;248;347;198;
-990;212;314;-611;-705;-609;-538;-790;14;34;-743;-789;155;-544;-785;198;281;-668;-568;-471;-648;-403;-433;-470;-345;-397;-467;-447;-482;-426;-605;-416;-375;-348;-322;-385;-428;-314;-275;-447;-517;-583;-516;-320;-342;-376;-389;-348;-320;-331;-229;-263;-362;-485;-299;-373;-404;-306;-374;-293;-278;-461;-281;-335;-434;-352;-333;-414;-322;-288;-210;-260;-293;-236;-210;-354;-156;-472;-271;-419;-291;-321;-432;-339;-270;-335;-202;-301;-295;-321;-341;-390;-257;-349;-332;-256;-434;-399;-403;-309;-459;-550;-401;-417;-464;-451;-440;-455;-480;-470;-582;-500;-491;-520;-427;-259;-659;-434;-432;-531;-465;-451;-472;-317;-338;-483;-228;-192;-2;-121;-134;-188;-108;-40;55;78;115;105;147;185;160;51;114;15;-143;-304;-330;-389;-366;-329;-412;-283;-499;-512;-291;-317;-167;-154;-182;-153;-59;-169;-115;-56;-118;-143;-34;28;59;42;-24;114;-153;-103;-113;-272;-138;-61;-189;-220;-246;-187;-167;-161;-257;-233;-210;-95;1;47;167;162;206;156;18;-8;40;34;34;60;59;-14;-66;-2;-220;-82;-219;-278;-42;-8;-25;133;4;237;77;-33;17;173;196;235;-13;78;247;146;34;40;-29;-67;-170;-109;-189;-207;-143;-287;-70;-203;-167;-353;-333;-221;-370;-241;-304;-359;-334;-348;-398;-357;-420;-498;-508;-582;-644;-658;-625;-557;-687;-648;-881;-802;-847;-918;-855;-788;-739;-940;-1003;-991;-910;-933;-902;-936;-1004;-1136;-1166;-1116;-971;-1071;-1400;203;-1663;-1592;256;-1470;-1162;-1416;-1318;-1555;126;271;122;226;-1740;197;-1541;-1602;-1632;205;111;-1949;160;158;-1415;278;-1482;242;260;100;224;237;-1847;243;326;174;95;330;-1806;394;129;147;
-759;-848;182;-859;-834;-789;-773;-678;147;-844;-715;-667;155;-654;-521;-572;-617;-585;-496;-513;258;-505;-331;-285;-328;-345;-450;-441;-474;-381;-451;-419;-382;-299;-363;-335;-459;-367;-254;-405;-232;-250;-322;-390;-233;-393;-332;-450;-378;-290;-174;-424;-289;-339;-429;-335;-320;-235;-311;-457;-327;-245;-402;-423;-431;-432;-226;-195;-264;-301;-406;-239;-307;-337;-270;-399;-402;-153;-367;-335;-432;-182;-333;-217;-373;-299;-369;-263;-329;-265;-319;-301;-358;-338;-354;-365;-272;-305;-373;-472;-390;-464;-379;-540;-446;-458;-534;-547;-610;-609;-605;-472;-500;-439;-430;-362;-394;-651;-485;-466;-483;-413;-548;-499;-501;-317;-279;-303;-257;-200;-77;-145;-123;-72;-27;82;53;-11;171;201;82;60;-32;-21;-189;-238;-220;-246;-308;-359;-409;-533;-517;-362;-312;-192;-221;-155;-39;-63;-16;-142;-230;-167;-193;-44;29;-146;130;85;63;69;56;-39;-159;-90;-151;-29;-222;-107;-295;-223;-201;-312;-271;-190;-154;-213;62;103;15;206;326;254;203;-13;149;-49;-5;-5;-2;-129;-1;-52;-3;-273;-187;-181;-182;-113;-21;24;28;74;141;178;89;110;89;209;177;166;145;32;110;-63;-86;-116;-62;-132;-105;-87;-267;-195;-253;-323;-224;-78;-198;-341;-237;-201;-363;-348;-350;-308;-390;-511;-379;-483;-453;-554;-479;-625;-685;-585;-542;-645;-800;-733;-740;-736;-765;-903;-942;-1289;-869;-1053;-840;-866;-958;-1050;-719;-1103;-869;-1081;-1164;-1273;219;-1478;244;-1656;-1604;17;-1518;258;-1323;-1489;-1581;422;-1921;-1814;-823;189;-1282;42;-1552;252;139;227;-1271;306;-1547;-1431;-1303;196;-1640;-1281;-1295;191;259;329;233;118;185;234;234;171;332;123;
-784;-819;306;174;191;-787;233;-689;-547;-723;223;-647;-636;-530;-614;-531;-668;300;-386;-380;-502;-395;-389;-380;-395;-484;-301;-402;-317;-248;-334;-284;-313;-305;-393;-329;-308;-362;-317;-286;-345;-233;-179;-453;-292;-313;-178;-385;-269;-327;-218;-353;-155;-281;-428;-354;-295;-262;-298;-440;-458;-202;-148;-184;-185;-190;-410;-416;-281;-322;-305;-158;-186;-148;-174;-137;-313;-300;-240;-69;-246;-344;-332;-366;-112;-183;-288;-348;-227;-324;-410;-339;-249;-434;-316;-370;-336;-280;-216;-284;-419;-435;-366;-352;-392;-443;-473;-291;-425;-396;-491;-501;-478;-460;-374;-379;-409;-493;-394;-491;-435;-428;-483;-299;-318;-181;-221;-20;-164;-74;-221;-130;-55;85;50;27;281;68;315;183;197;220;260;44;97;-127;-87;-312;-278;-256;-386;-358;-290;-257;-185;-128;-11;-62;162;116;5;63;21;-101;-35;135;260;53;145;135;277;175;97;145;5;11;-80;-178;-4;-41;-25;-209;-112;-119;-119;-107;-104;-27;170;259;307;216;283;228;184;231;206;220;113;106;66;102;3;109;-46;-17;-62;37;-134;11;164;163;220;293;241;176;273;245;240;325;176;145;183;232;206;97;51;127;-9;-109;-179;-241;-167;20;-69;-176;-228;-130;-216;-139;-217;-262;-146;-272;-280;-227;-302;-273;-199;-272;-322;-377;-468;-555;-408;-502;-580;-608;-723;-621;-604;-670;-730;-672;-893;339;-1028;415;-855;-727;-835;-782;-870;-828;-945;-890;-932;-942;-1249;-1149;-1310;267;-1549;-1301;-1276;385;-1521;275;-1298;-1248;398;193;-1294;-1160;-1048;-1318;-1368;304;290;207;206;-1512;305;277;-1268;346;219;269;-1173;-1389;269;267;317;-1660;447;-1557;307;391;329;170;
649;326;-992;310;173;278;-806;337;-442;-475;-576;407;-785;414;-432;-395;319;-592;-402;-276;-311;-236;-292;-229;-224;-376;-206;-163;-281;-246;-342;-347;-341;-276;-221;-234;-296;-229;-169;-183;-291;-176;-216;-97;-220;-148;-181;-160;-311;-132;-222;-200;-242;-221;-114;-194;-140;-227;-147;-258;-300;-220;-193;-150;-136;-218;-256;-161;-234;-245;-119;-90;-283;-318;-104;-318;-206;-232;-280;-332;-296;-148;-298;-310;-261;-117;-184;-130;-181;-160;-142;-246;-378;-236;-300;-195;-221;-319;-358;-309;-295;-379;-222;-419;-311;-362;-292;-409;-477;-428;-362;-377;-359;-209;-316;-366;-350;-444;-353;-282;-266;-418;-287;-288;-378;-154;-200;-140;-64;-78;102;-33;29;24;198;38;201;193;419;465;278;221;223;137;-79;-223;-50;-36;-255;-238;-110;-250;-277;-286;-48;-39;67;154;63;-53;125;-7;8;57;10;145;78;204;271;283;214;230;221;71;10;-77;9;-105;96;-50;22;11;6;129;-125;-70;-44;101;88;356;287;347;399;426;334;276;182;108;148;202;184;98;-17;-90;-17;13;-139;-92;63;55;185;213;331;331;356;418;341;179;181;286;92;154;313;294;77;67;41;50;11;0;-67;-34;-30;-5;-148;-57;-221;-236;-138;-256;-97;-233;-121;-204;-218;-322;-377;-293;-352;-333;-323;-536;-552;-520;-427;-620;-594;-699;-622;-556;-663;-551;-714;-631;-774;-880;-917;-899;-805;-804;-818;-897;-972;-872;-675;-920;-941;-995;-1068;-982;-1246;-1255;412;-1177;-895;-1050;-1340;235;-1334;-1285;320;-1434;-1145;-1233;-1270;287;-1650;324;169;-1598;259;-1378;-1204;-1033;-1288;-1502;295;-1549;264;391;-1329;171;350;253;269;227;338;-1598;166;102;
-779;-618;185;-794;-719;-446;325;236;-600;-815;-609;-675;199;-608;-448;-555;-708;-431;-477;-366;-339;-313;-271;-220;-259;-375;-292;-259;-239;-301;-368;-233;-324;-352;-261;-379;-213;-255;-266;-285;-311;-300;-305;-307;-376;-349;-203;-214;-237;-323;-262;-293;-262;-342;-201;-247;-176;-182;-285;-331;-208;-374;-287;-258;-293;-374;-171;-350;-259;-218;-283;-313;-330;-170;-297;-165;-348;-253;-315;-146;-255;-264;-403;-297;-421;-351;-455;-240;-242;-299;-225;-193;-286;-312;-309;-299;-296;-271;-435;-448;-165;-360;-306;-416;-448;-288;-388;-415;-568;-504;-345;-360;-491;-428;-453;-356;-423;-401;-397;-525;-366;-395;-420;-400;-407;-281;-216;-402;-114;-180;-132;28;-37;-4;-13;201;111;305;392;191;106;227;238;37;-21;-96;-178;-266;-333;-395;-215;-270;-318;-220;-104;-54;-11;180;108;187;115;-98;51;35;-29;21;-8;70;108;277;311;206;199;69;26;21;-128;-96;81;-100;-23;-77;-114;-6;25;32;-36;37;141;224;446;354;285;382;213;169;130;91;32;99;77;63;117;-51;33;-153;18;-101;26;82;-136;191;202;336;308;275;256;364;285;321;175;245;155;101;236;69;-31;-46;52;-176;-156;-155;-118;-96;-145;-262;-21;-238;-77;-251;-213;-273;-235;-350;-315;-298;-282;-379;-339;-451;-388;-428;-350;-408;-680;-574;-662;-573;-740;-666;-589;-680;-771;-732;-849;-774;-727;-790;-778;-926;-822;-774;-851;-748;-844;-837;-831;-1156;346;-1094;330;-1176;-1084;-904;-932;-879;-1201;-378;-1463;-1061;-1146;-1152;115;128;-1602;-1754;280;278;-1746;-1651;206;-1387;231;-1552;293;207;207;114;-1497;-1468;197;-1200;-1367;350;323;-1360;398;224;304;370;
203;-960;275;-764;-774;268;-920;-659;-747;244;123;-798;-589;-596;-652;-575;-2;-732;-620;-583;-485;-346;-396;-429;-411;-384;-298;-260;-446;-417;-328;-416;-367;-313;-376;-353;-340;-360;-416;-482;-281;-473;-298;-301;-253;-419;-314;-170;-348;-324;-314;-323;-337;-367;-294;-303;-397;-250;-460;-255;-352;-397;-169;-385;-277;-412;-398;-281;-416;-396;-397;-206;-217;-286;-275;-425;-291;-308;-251;-288;-397;-400;-336;-257;-314;-326;-264;-351;-307;-440;-291;-458;-365;-430;-357;-259;-500;-383;-383;-416;-389;-341;-444;-357;-490;-428;-535;-464;-544;-509;-558;-421;-433;-464;-417;-438;-295;-539;-541;-391;-410;-538;-360;-439;-395;-356;-222;-128;-140;-173;-105;16;-100;30;36;61;16;184;270;273;144;268;149;200;-24;-115;-273;-68;-298;-199;-288;-319;-289;-102;-175;-68;133;117;2;-17;112;-79;90;58;-186;3;-47;182;224;316;201;167;137;95;41;6;145;-118;0;-91;127;-84;49;-40;-67;-65;53;307;306;318;416;512;494;389;243;283;316;74;-62;29;51;42;120;-51;173;-103;-134;-31;-100;14;168;301;265;329;403;279;367;278;176;285;102;232;213;153;149;237;-81;47;-143;-117;-194;-214;-138;-191;-128;-317;-199;-176;-245;-308;-158;-306;-246;-315;-425;-282;-324;-339;-417;-218;-498;-519;-580;-580;-626;-562;-537;-728;-566;-655;-696;-705;-606;-651;-802;-910;-656;-795;-736;-782;-1014;-995;-775;-888;-833;-763;-972;-919;-1095;-998;-1122;-1065;-802;-860;-843;-984;-1339;193;86;-1256;-1006;-1019;-1286;233;290;240;-1671;179;148;179;320;-1449;210;258;-1798;122;-1829;329;137;30;264;-1444;236;-1534;300;-1384;-1099;282;-1046;340;
313;125;-906;-691;-735;62;147;-637;-719;185;-697;-531;-676;-469;-571;-548;132;-678;278;-547;-432;-348;-471;-340;-501;-379;-343;-402;-406;-350;-410;-474;-349;-214;-376;-419;-377;-399;-317;-377;-362;-391;-317;-321;-320;-358;-341;-379;-396;-320;-346;-445;-390;-337;-192;-225;-358;-277;-417;-237;-343;-363;-279;-356;-388;-365;-362;-379;-338;-322;-319;-369;-312;-442;-270;-290;-370;-416;-318;-366;-213;-379;-418;-266;-315;-345;-339;-269;-220;-236;-391;-443;-301;-427;-397;-377;-276;-319;-301;-335;-334;-379;-429;-456;-394;-408;-430;-503;-428;-477;-556;-455;-418;-376;-391;-383;-361;-525;-449;-362;-360;-439;-460;-429;-291;-249;-237;-8;-71;-56;56;34;35;72;199;134;339;232;308;277;196;165;422;140;21;-52;-91;-24;-282;-220;-249;-284;-262;-241;-11;15;142;103;205;165;109;90;162;39;29;14;227;152;314;291;314;369;204;228;48;75;-28;41;-153;-44;32;74;25;-57;98;-24;-50;258;265;306;504;545;599;394;293;289;205;146;224;-30;65;108;170;161;154;56;85;116;30;52;197;223;424;505;421;459;468;426;445;254;280;273;326;134;153;56;-49;23;142;-104;-104;-168;-159;-205;-77;-208;-101;-164;-189;-130;-225;-256;-265;-162;-314;-315;-393;-415;-334;-282;-292;-316;-464;-568;-532;-558;-734;-679;-714;-618;-604;-743;-778;-712;-759;-764;-737;-836;-770;-887;-885;-747;-917;-708;-866;-769;-737;-905;-928;-957;-877;-861;-953;-871;-866;-1152;204;-1334;-1257;-1030;-971;-956;-1207;-1285;-1600;101;-1341;-1572;348;149;-1472;-1292;289;228;330;309;285;251;-1270;-1017;215;339;223;331;237;300;-1239;229;224;283;
305;284;275;-798;-604;-515;-522;-556;339;-720;-560;-370;-403;-439;-230;-469;-654;-490;-487;-549;-319;-533;-414;-362;-398;-339;-352;-380;-409;-338;-244;-237;-240;-317;-203;-407;-295;-237;-257;-380;-362;-335;-349;-197;-189;-344;-343;-271;-155;-238;-195;-177;-361;-239;-259;-362;-241;-254;-223;-185;-178;-323;-364;-242;-279;-236;-266;-326;-315;-276;-256;-284;-249;-199;-189;-288;-283;-171;-160;-258;-314;-236;-235;-212;-156;-224;-242;-293;-276;-134;-318;-236;-305;-340;-167;-267;-150;-350;-253;-288;-302;-187;-243;-282;-458;-345;-382;-362;-275;-376;-340;-481;-439;-371;-386;-375;-389;-348;-415;-383;-407;-332;-334;-235;-284;-195;-140;-4;-51;131;164;233;125;177;298;216;253;315;347;403;381;480;351;300;21;185;79;-58;-72;-187;-133;-250;-97;-9;-23;-101;41;176;195;198;221;251;290;179;220;160;263;204;250;464;347;459;290;294;180;111;0;44;95;84;81;78;34;163;142;116;255;301;458;430;620;601;671;671;533;259;306;281;193;278;150;148;119;50;206;97;201;192;266;244;253;321;490;549;576;512;404;480;370;434;311;382;302;296;173;172;218;-43;-68;-83;-137;-100;-170;-206;-224;-228;-10;-208;-168;-126;-354;-292;-264;-207;-156;-150;-184;-230;-321;-361;-275;-404;-353;-551;-450;-620;-517;-580;-440;-614;-570;-651;-590;-674;-649;-654;-675;-726;-817;-708;-900;-869;-726;-771;-797;-708;-705;-815;-862;-857;-736;-799;-913;-818;-1009;425;-1178;-840;-949;-943;-928;-1000;320;-1403;194;-1618;118;236;-1242;-1297;267;-984;-1294;-1255;-1132;-1554;255;298;-1396;-1002;-1300;-1319;349;150;-1284;249;-1405;364;-1236;321;
-71;-1024;-684;226;352;-630;359;-548;-655;-612;-519;-408;-458;-407;-458;-595;102;-431;-436;-431;-420;413;-276;-264;-330;-299;-334;-233;-249;-287;-318;-276;-318;-187;-309;-188;-407;-313;-251;-277;-224;-200;-312;-325;-293;-277;-176;-279;-287;-210;-156;-167;-276;-272;-212;-343;-343;-229;-178;-121;-377;-288;-214;-235;-231;-225;-271;-249;-283;-255;-193;-258;-76;-166;-33;-250;-291;-324;-315;-299;-336;-248;-318;-216;-248;-165;-269;-323;-113;-228;-314;-226;-226;-281;-201;-286;-295;-106;-187;-160;-299;-345;-241;-366;-274;-343;-396;-430;-343;-407;-389;-430;-375;-412;-346;-387;-247;-176;-275;-302;-294;-416;-295;-424;-284;-158;-63;-40;165;165;289;226;243;213;277;270;400;390;618;455;450;447;374;355;204;95;101;-159;-206;-161;-257;-44;-79;-42;-24;106;209;320;305;311;391;467;366;351;218;358;354;486;466;340;512;444;430;300;280;138;93;21;57;102;173;171;149;158;147;227;307;394;601;595;532;864;792;623;604;383;262;356;280;168;211;171;164;109;192;229;309;268;275;281;471;594;660;580;554;585;535;387;366;375;422;256;360;309;160;312;183;26;-64;30;-127;-191;-12;2;-26;-110;-154;-121;-121;-140;-188;-177;-184;-80;-170;-138;-233;-213;-117;-320;-424;-295;-390;-305;-373;-499;-589;-585;-603;-508;-581;-525;-729;-574;-593;-595;-628;-663;-584;-559;-723;-567;-605;-615;-602;-615;-700;-807;-751;-732;-684;-784;-777;-810;-1001;402;-938;-902;-819;-850;-821;-810;-760;-1202;270;399;-1225;-1100;-1002;-1022;-1157;-1079;272;295;-1367;359;173;-1628;275;-1222;294;86;-1172;-158;-1159;240;233;353;-1359;179;
-888;215;-834;-820;-578;-762;-668;-600;-737;150;-557;-500;-688;-553;-512;-425;-631;-383;-458;-511;-553;-632;-550;-403;-355;-446;-440;-292;-369;-542;-402;-562;-366;-461;-387;-437;-375;-422;-499;-454;-323;-341;-357;-403;-393;-502;-308;-383;-355;-384;-396;-414;-399;-450;-349;-309;-361;-434;-344;-345;-372;-341;-496;-516;-384;-272;-367;-381;-340;-416;-294;-356;-409;-337;-249;-317;-355;-376;-299;-356;-255;-395;-340;-360;-423;-235;-276;-380;-432;-316;-436;-231;-281;-352;-382;-415;-354;-297;-351;-250;-496;-427;-467;-446;-320;-438;-353;-534;-419;-473;-410;-445;-482;-403;-395;-530;-491;-446;-281;-382;-373;-626;-340;-208;-355;-242;-125;-145;51;112;44;198;134;113;229;253;278;326;412;316;359;276;355;221;134;5;49;-177;-155;-298;-346;-245;-112;-131;-79;30;299;277;293;225;330;188;138;250;143;286;278;311;241;392;554;316;352;405;211;153;60;86;4;75;91;218;228;113;81;139;266;294;501;565;731;629;729;546;450;327;326;281;281;104;154;137;83;70;234;135;109;138;115;360;300;398;569;571;670;443;484;406;416;355;296;202;175;192;51;108;-15;-112;-229;-147;-167;-233;-250;-156;-93;-239;-243;-18;-345;-104;-295;-431;-314;-252;-308;-233;-344;-499;-335;-388;-504;-422;-456;-499;-444;-523;-712;-560;-612;-656;-584;-543;-641;-586;-749;-712;-658;-541;-770;-725;-648;-737;-776;-725;-794;-583;-730;-847;-781;-754;-712;-830;-787;-927;-960;-950;-914;-799;-821;-828;-877;-1047;310;-1133;-1002;-999;-869;-978;-905;-1105;-52;-1319;76;-1184;129;-1607;195;-8;262;-1284;154;-769;-997;-1021;-865;-1284;146;185;-1475;187;
186;-785;-791;252;-687;303;-644;-490;289;-638;-642;208;358;-523;-410;-412;-422;-338;-457;-337;-386;-265;-516;-327;-312;-317;-329;-347;-346;-226;-283;-402;-225;-286;-250;-210;-359;-377;-260;-358;-161;-188;-280;-299;-228;-180;-281;-231;-327;-263;-233;-313;-443;-268;-275;-482;-296;-345;-273;-199;-311;-294;-422;-267;-151;-302;-366;-412;-276;-260;-161;-329;-359;-302;-378;-161;-415;-392;-233;-266;-336;-271;-379;-279;-247;-318;-177;-242;-213;-275;-305;-357;-174;-372;-265;-307;-175;-169;-388;-254;-302;-320;-388;-339;-361;-318;-347;-371;-344;-391;-371;-407;-288;-415;-346;-278;-449;-191;-267;-358;-268;-380;-221;-379;-318;-97;-174;51;79;230;255;227;272;369;282;399;552;433;423;429;392;460;540;269;142;128;75;-68;-94;-137;-127;-123;-48;38;-6;176;277;261;414;409;393;347;359;358;346;441;369;507;601;556;583;677;494;435;343;302;241;109;49;129;78;357;262;96;318;441;408;562;429;733;837;737;850;803;591;478;387;257;226;313;148;284;242;226;388;228;140;341;440;320;542;583;655;622;704;630;660;559;316;384;361;320;319;230;152;182;9;18;-25;24;-111;-81;-238;-77;-183;-81;-163;-253;-167;-197;-352;325;-354;-252;-266;-204;-261;-327;-270;-214;-423;-343;-317;-410;-421;-448;-634;-659;-469;-665;-430;-602;-683;-625;-542;-641;-685;-603;-536;-700;-596;-677;-568;-634;-543;-668;-697;-654;-619;-788;-666;-611;-853;-848;-785;-888;-696;-838;-785;-661;-705;-847;-888;-736;-897;-784;-712;-869;-1071;-1295;483;-1320;311;-995;-1002;293;-1573;318;394;-1200;327;-883;-774;-757;-1015;253;161;329;262;469;
216;194;-694;-502;-644;-616;-572;-519;166;-503;-539;-458;-450;-667;-404;-422;318;-511;-525;-287;-275;-206;-261;-397;-380;-257;-296;-270;-357;-379;-418;-402;-229;-126;-288;-183;-166;-347;-338;-245;-353;-375;-267;-380;-389;-390;-330;-317;-417;-374;-269;-321;-423;-313;-490;-387;-308;-296;-349;-331;-347;-354;-440;-401;-334;-415;-307;-450;-270;-385;-324;-305;-394;-319;-174;-334;-369;-258;-326;-239;-268;-372;-265;-403;-320;-187;-459;-338;-370;-349;-415;-353;-325;-270;-322;-433;-380;-373;-269;-358;-431;-409;-538;-396;-447;-380;-340;-448;-515;-423;-499;-546;-397;-423;-424;-364;-290;-335;-328;-431;-383;-324;-422;-391;-417;-188;-193;-21;-19;172;338;347;286;218;370;338;331;363;386;436;613;542;285;270;463;193;19;-18;-22;-214;-11;-190;7;-17;247;410;353;371;422;547;477;484;235;373;260;256;462;521;340;462;635;462;509;322;283;182;104;104;139;247;124;150;342;262;304;408;353;427;460;766;915;959;716;640;439;473;327;136;54;310;163;293;167;215;161;127;254;282;312;448;479;619;690;751;752;618;420;479;384;474;301;285;240;109;211;66;10;-70;-52;-31;-177;-159;-55;-229;-180;-156;-147;-137;-125;-219;-289;255;-397;-253;-343;-385;-336;-356;-316;-333;-472;-477;-556;-632;-607;-511;-521;-694;-498;-600;-651;-564;-701;-559;-651;-602;-514;-741;-654;-751;-718;-722;-565;-591;-715;-882;-791;-802;-805;-588;-722;-790;-794;-656;-863;-811;-804;-774;-814;-776;-881;-957;-981;-772;-1009;-814;-1168;-1159;290;210;-1507;281;-1199;-976;-1469;161;236;-1320;-1313;201;-1107;-835;-891;-1025;208;-1466;302;269;-1509;-1186;
326;-826;-656;-683;-629;-855;-23;-726;-752;-598;-540;-458;-538;228;-638;-532;-590;-484;-366;-312;-408;-421;-436;-436;-315;-299;-370;-314;-438;-386;-257;-307;-298;-316;-344;-296;-357;-163;-293;-418;-238;-366;-299;-283;-393;-255;-319;-340;-335;-436;-391;-312;-442;-402;-285;-479;-410;-370;-324;-403;-381;-437;-424;-443;-397;-418;-416;-382;-408;-289;-284;-400;-284;-222;-432;-336;-437;-272;-360;-292;-412;-319;-428;-332;-379;-326;-277;-423;-320;-188;-276;-232;-423;-463;-431;-298;-417;-333;-280;-372;-401;-489;-526;-344;-470;-403;-464;-532;-417;-554;-430;-380;-531;-348;-501;-438;-303;-332;-339;-350;-320;-446;-390;-384;-383;-144;-177;45;190;184;184;327;354;304;323;429;385;448;362;492;420;568;384;306;364;234;21;22;-41;-188;-238;-210;-62;-28;180;226;387;495;470;588;588;526;498;292;161;385;367;388;515;641;562;536;465;469;419;319;227;181;58;125;227;234;254;264;459;499;516;464;603;727;758;776;760;596;490;363;253;321;196;133;135;318;307;236;245;220;264;329;456;487;453;612;724;586;592;602;445;403;404;271;187;128;91;112;112;78;-71;9;-261;-256;-165;-156;-182;-238;-183;-186;-160;-56;-162;-206;-277;-366;-333;-272;-303;-129;-435;-233;-358;-398;-440;-417;-482;-504;-575;-505;-611;-721;-674;-773;-587;-727;-773;-805;-642;-566;-620;-679;-682;-629;-751;-698;-629;-624;-692;-718;-644;-588;-773;-791;-696;-762;-831;-855;-840;-786;-924;-707;-698;-733;-760;215;-979;-910;266;-1059;72;-1095;334;-1233;-1220;128;-1002;-1181;68;59;-1037;-1318;125;-1426;-1250;-1077;-1215;211;-1435;321;186;169;170;-1514;
-773;-647;-803;102;-861;203;-770;-525;-530;-490;-584;-494;-634;-595;-537;153;-522;-434;-389;-448;-489;-367;-460;-429;-459;-385;-260;-331;-346;-286;-387;-552;-534;-352;-439;-346;-427;-329;-557;-381;-334;-399;-413;-388;-208;-395;-488;-377;-441;-450;-460;-487;-409;-367;-452;-364;-506;-424;-378;-417;-350;-438;-298;-418;-417;-463;-358;-350;-436;-473;-474;-409;-243;-500;-311;-398;-432;-489;-328;-509;-445;-458;-494;-380;-425;-398;-352;-313;-457;-350;-480;-391;-578;-542;-437;-352;-427;-439;-430;-456;-482;-479;-551;-416;-512;-445;-365;-436;-397;-511;-516;-542;-617;-575;-445;-353;-486;-389;-461;-430;-535;-403;-447;-517;-316;-213;-69;22;105;164;221;312;270;195;294;299;387;486;505;582;524;539;587;400;346;190;-155;-62;-197;-191;-201;-193;-71;40;117;357;352;474;623;565;606;511;378;255;288;263;315;336;405;586;630;616;538;473;551;320;129;-44;176;161;264;359;359;412;441;469;442;495;512;729;654;730;776;651;551;347;200;290;132;252;83;197;276;297;297;369;278;254;306;340;381;511;603;765;765;527;418;456;247;242;74;101;54;18;33;-11;-50;-96;-274;-104;-376;-230;-250;-291;-216;-396;-398;-264;-232;-310;-415;-419;-389;-400;-428;-399;-430;-512;-533;-516;-483;-613;-528;-691;-548;-516;-607;-659;-632;-551;-742;-681;-717;-633;-714;-596;-787;-700;-672;-654;-710;-668;-646;-798;-795;-763;-898;-765;-691;-672;-895;-792;-743;-825;-692;-849;-908;-863;-834;-778;-746;-1034;-871;-946;-973;-1019;-1058;-931;-1051;-1103;-937;-955;-1038;80;-1240;-1156;-1226;281;-1330;274;75;86;216;-1361;110;-52;-7;164;156;60;
278;-595;209;314;-755;424;-794;-432;-489;-463;322;-516;-394;-391;-367;-362;-385;-301;-202;-301;-381;-402;-322;-188;-174;-211;-163;-232;-304;-229;-369;-175;-377;-211;-326;-145;-253;-150;-261;-219;-349;-325;-420;-300;-202;-377;-329;-272;-225;-219;-314;-194;-333;-389;-297;-279;-207;-254;-316;-205;-159;-358;-139;-237;-267;-308;-352;-376;-374;-274;-292;-305;-254;-240;-265;-137;-252;-295;-175;-245;-243;-281;-344;-248;-224;-378;-228;-198;-316;-374;-347;-349;-207;-455;-327;-297;-372;-412;-328;-353;-291;-461;-478;-350;-421;-322;-362;-406;-420;-478;-298;-502;-468;-311;-331;-154;-262;-294;-328;-325;-295;-380;-357;-242;-212;-43;9;254;386;359;450;460;591;487;438;451;451;651;714;735;787;690;737;583;529;338;386;167;94;-119;10;8;122;172;204;443;692;825;756;894;798;613;621;649;528;569;512;636;783;777;894;901;833;669;697;518;301;293;343;444;406;474;440;582;561;575;665;877;854;855;845;947;878;770;731;600;451;363;210;374;342;320;489;430;478;514;525;419;614;586;704;797;819;797;768;795;534;547;438;265;302;319;189;118;20;75;38;-31;69;-81;-120;-71;-169;-97;-219;347;-243;-28;-167;-145;-198;-378;-278;-234;-181;-147;-330;-330;-305;-262;-455;-435;-551;-325;-376;-499;-612;-539;-608;-379;-442;-627;-550;-537;-572;-655;-489;-575;-615;-491;-557;-568;-691;-642;-624;-614;-668;-633;-649;-599;-733;-730;-678;-598;-629;-714;-546;-566;-784;-637;-579;-691;-859;428;-972;-708;-862;-840;-915;389;-1078;-841;-1082;188;-1046;-947;334;-1055;-856;-859;-918;-1077;-897;-1445;411;-1272;307;217;167;-1389;
-588;-650;-665;-788;188;177;139;-500;-372;-503;-512;-381;-446;-371;-343;-395;-342;-404;-413;-266;-554;-364;-342;-370;-299;-207;-342;-337;-250;-311;-202;-424;-293;-226;-317;-349;-429;-411;-194;-277;-288;-226;-295;-308;-338;-301;-269;-390;-325;-310;-381;-363;-335;-436;-242;-174;-274;-340;-275;-199;-288;-377;-267;-304;-296;-367;-351;-370;-315;-279;-324;-393;-366;-269;-472;-274;-394;-437;-368;-332;-337;-311;-143;-335;-400;-331;-307;-363;-254;-351;-291;-245;-290;-302;-286;-323;-295;-356;-249;-416;-434;-452;-318;-456;-415;-493;-234;-370;-506;-420;-391;-440;-378;-373;-450;-250;-323;-293;-259;-433;-345;-348;-409;-404;-63;-148;113;157;393;532;573;416;550;675;654;709;514;671;664;701;872;781;787;720;629;402;452;169;148;185;23;126;104;212;388;498;698;680;865;745;896;789;723;706;553;492;478;799;855;929;943;1004;923;815;749;660;464;489;474;309;481;603;792;718;847;783;765;831;916;845;897;913;858;747;714;566;459;348;371;376;251;295;584;497;408;454;676;509;577;629;686;782;733;987;682;676;610;610;355;268;283;181;183;130;134;79;-82;-27;-105;-215;-146;-164;-106;-169;-88;-93;-144;-162;-101;-313;-227;-161;-204;-174;-452;-248;-249;-348;-372;-290;-378;-471;-482;-565;-489;-450;-476;-493;-474;-532;-533;-608;-509;-620;-496;-540;-525;-444;-473;-470;-509;-478;-473;-579;-739;-640;-618;-561;-677;-620;-700;-662;-736;-530;-611;-585;-751;-748;-570;-618;-800;-700;-764;-824;-832;-692;-718;-764;-1199;305;-901;-875;365;-993;-772;-890;-892;-1138;414;-889;-914;302;-1081;371;91;-1168;-1255;384;296;131;
269;-639;-731;51;-773;-678;-548;-539;-425;-460;-482;-311;-357;-296;-343;-341;-322;-275;-346;-469;-387;-371;-221;-386;-251;-307;-387;-292;-341;-436;-348;-213;-401;-336;-349;-271;-266;-357;-306;-332;-281;-179;-295;-392;-267;-389;-328;-219;-334;-140;-215;-235;-410;-296;-355;-324;-102;-251;-376;-404;-372;-328;-244;-258;-287;-278;-342;-424;-369;-379;-299;-288;-290;-176;-220;-384;-293;-252;-432;-382;-309;-290;-374;-330;-332;-258;-308;-271;-286;-368;-315;-315;-405;-287;-254;-294;-301;-258;-385;-430;-387;-413;-418;-341;-285;-406;-378;-305;-396;-406;-309;-444;-554;-365;-284;-230;-220;-242;-302;-147;-360;-329;-390;-222;-260;-57;164;312;452;560;506;481;588;615;565;678;756;819;770;899;1006;948;829;860;718;416;381;206;189;195;13;186;184;348;344;442;813;979;1136;1073;1016;876;950;801;796;497;801;902;885;884;958;1039;967;885;803;700;488;488;457;409;524;597;841;820;794;919;920;860;1062;905;926;873;891;819;584;498;484;382;486;461;339;388;656;602;638;546;607;640;518;769;676;935;904;914;757;784;593;507;362;226;89;234;63;189;147;86;27;-17;-152;-150;-186;-14;-114;-96;-95;-176;-26;-117;-188;-222;-159;-220;-258;-417;-238;-341;-109;-238;-343;-314;-447;-391;-383;-471;-478;-495;-426;-438;-461;-463;-404;-574;-546;-487;-499;-472;-524;-490;-533;-513;-456;-406;-460;-494;-599;-506;-593;-645;-607;-617;-704;-594;-646;-692;-745;-720;-706;-732;-730;-474;-707;-621;-687;-711;-654;-617;-744;-664;-832;-791;-632;-653;-710;-761;-860;-904;-1124;189;-1088;385;-809;-903;-1167;262;160;285;-1102;-178;193;-1266;
-703;253;-596;289;-703;-643;-532;-510;-325;-355;-536;-426;-418;-293;-453;-484;-377;-421;-360;-413;-270;-330;-371;-346;-467;-386;-554;-398;-379;-424;-400;-401;-407;-381;-372;-312;-325;-367;-397;-330;-266;-493;-493;-440;-457;-367;-336;-295;-356;-297;-277;-320;-438;-533;-351;-343;-343;-386;-288;-427;-412;-314;-388;-423;-370;-315;-347;-387;-474;-401;-390;-387;-378;-365;-384;-282;-282;-262;-295;-312;-477;-274;-319;-334;-352;-303;-231;-289;-425;-263;-404;-272;-346;-388;-457;-409;-330;-313;-291;-297;-288;-467;-361;-403;-280;-344;-367;-517;-471;-446;-496;-418;-497;-425;-473;-329;-510;-173;-280;-461;-170;-346;-401;-268;-166;-176;145;229;422;495;625;588;619;619;586;688;808;852;921;952;1058;1015;852;904;821;472;456;439;157;139;53;152;222;219;318;624;551;878;904;1129;990;774;811;671;573;637;652;766;842;947;1046;1095;970;882;852;562;525;401;419;522;536;506;834;828;965;822;937;876;927;996;1103;927;809;708;472;528;462;365;290;221;463;544;457;609;622;507;591;626;717;687;796;817;788;883;912;636;701;537;312;146;266;199;155;102;82;107;68;-159;-157;-9;-168;-79;-159;-291;-128;-269;-141;-241;-221;-170;-303;-263;-240;-424;-306;-297;-277;-363;-490;-428;-504;-471;-597;-394;-510;-449;-441;-590;-566;-555;-522;-505;-507;-664;-579;-467;-541;-609;-582;-556;-557;-557;-469;-623;-693;-633;-609;-610;-716;-495;-703;-590;-620;-752;-666;-707;-537;-775;-670;-794;-759;-694;-615;-756;-719;-753;-723;-744;-773;-854;-717;-745;-734;-770;227;-789;-992;183;-901;-875;-716;-856;207;-927;-939;-893;-1070;-984;-1180;-1098;
-535;-896;-556;-890;8;152;-693;-604;-392;-533;-473;-553;-449;-537;-385;-487;-531;-471;-455;-446;-380;-477;-365;-337;-533;-389;-597;-387;-455;-320;-293;-384;-455;-497;-390;-461;-214;-438;-358;-335;-425;-365;-223;-450;-313;-465;-325;-305;-423;-436;-380;-359;-509;-371;-327;-479;-465;-290;-385;-468;-409;-408;-421;-460;-479;-422;-396;-485;-354;-494;-439;-396;-574;-389;-450;-479;-326;-376;-322;-447;-369;-409;-424;-379;-310;-480;-402;-252;-426;-321;-347;-382;-348;-386;-283;-377;-431;-440;-381;-189;-428;-413;-367;-566;-431;-421;-564;-437;-415;-476;-580;-537;-443;-542;-535;-419;-328;-346;-411;-252;-513;-429;-352;-376;-133;-42;63;153;373;520;593;559;751;656;630;720;749;709;869;1006;931;937;1014;1014;877;653;576;364;265;131;106;118;145;266;379;607;864;852;942;1190;1123;807;785;871;618;646;728;771;754;1111;1026;972;1132;1103;812;597;484;455;402;483;464;529;653;832;976;969;947;923;988;997;871;894;883;728;682;522;472;243;161;188;307;418;424;593;565;747;702;605;522;650;683;894;925;869;729;660;579;403;317;178;137;139;65;92;33;-13;-34;-5;-68;-193;-329;-239;-232;-113;-181;-250;-280;-261;-334;-199;-221;-419;-319;-307;-414;-475;-254;-347;-401;-582;-438;-399;-559;-451;-531;-503;-596;-618;-659;-626;-484;-525;-501;-635;-621;-539;-656;-425;-392;-488;-470;-599;-561;-668;-556;-501;-608;-573;-635;-713;-583;-669;-720;-574;-623;-835;-717;-651;-744;-679;-702;-697;-699;-798;-826;-698;-943;349;-974;209;-903;-830;-918;-805;-964;-826;-850;-833;-672;-743;-652;-905;-1003;-900;-995;-1042;231;-1054;171;66;
-494;-464;-576;225;-668;-716;-433;-608;-599;-397;-394;-345;-291;-343;-369;-335;-622;-408;-176;-333;-401;-318;-344;-313;-340;-278;-387;-336;-366;-262;-344;-351;-397;-459;-328;-424;-457;-321;-387;-265;-196;-277;-357;-307;-273;-420;-236;-300;-291;-289;-231;-205;-249;-348;-348;-267;-247;-158;-269;-274;-384;-326;-317;-381;-231;-395;-299;-396;-286;-175;-290;-284;-307;-278;-200;-320;-270;-354;-294;-323;-471;-350;-278;-395;-299;-392;-331;-242;-408;-363;-251;-295;-453;-229;-300;-261;-329;-312;-292;-238;-370;-445;-295;-279;-275;-289;-367;-372;-188;-338;-240;-361;-286;-374;-333;-359;-168;-208;-294;-165;-360;-346;-237;-383;-147;-92;195;496;596;685;760;639;776;793;699;917;908;980;976;1166;1157;1254;1120;996;853;840;680;497;378;325;236;75;270;390;554;868;949;1151;1360;1377;1475;1277;1053;920;844;718;845;958;1105;1004;1208;1213;1169;1085;877;693;673;628;455;591;584;772;847;940;979;1037;1214;1114;1111;1182;1095;1089;991;720;703;586;396;423;265;336;445;511;557;645;724;685;716;730;886;880;892;813;1027;925;875;810;534;512;314;349;157;291;163;177;202;154;19;1;30;46;-115;-94;-94;-88;-24;-22;-59;-73;-85;-166;-289;-289;-328;-216;-327;-226;-247;-233;-202;-320;-368;-286;-334;-346;-387;-365;-414;-537;-430;-328;-330;-411;-346;-354;-349;-422;-480;-431;-504;-478;-407;-527;-430;-446;-549;-594;-565;-473;-454;-512;-633;-612;-689;-615;-680;-570;-616;-474;-707;-520;-661;-565;-676;-688;-493;-664;-658;-678;-701;-669;-528;-653;340;-712;-737;-691;-730;-564;-618;-553;-405;-606;434;-810;300;-1100;388;-940;234;182;
-817;-660;-647;353;-706;-350;-555;-480;-528;-458;-431;-289;-407;-448;-434;-504;-434;-404;-373;-313;-317;-309;-266;-433;-380;-407;-136;-245;-320;-354;-475;-339;-291;-345;-190;-278;-361;-194;-318;-279;-368;-286;-256;-337;-515;-373;-226;-319;-300;-276;-223;-322;-124;-341;-408;-248;-260;-279;-285;-401;-319;-307;-329;-310;-432;-239;-162;-243;-319;-290;-503;-268;-383;-144;-266;-303;-233;-264;-174;-351;-264;-448;-376;-312;-226;-381;-358;-351;-458;-173;-415;-283;-287;-230;-229;-284;-279;-340;-281;-270;-385;-378;-373;-223;-255;-267;-302;-355;-330;-355;-369;-265;-337;-277;-275;-239;-145;-272;-221;-238;-266;-300;-247;-331;-195;-15;227;365;419;597;746;842;763;743;832;807;1049;918;1105;1124;1292;1163;1276;1203;1031;831;652;467;371;184;217;378;373;298;758;822;1039;1329;1346;1508;1387;1154;1021;953;899;795;724;827;975;1269;1293;1199;1183;1098;843;747;608;553;470;511;514;633;723;954;933;1090;1155;1232;1187;1008;1014;896;869;693;702;406;497;354;319;458;299;530;514;829;758;696;856;877;714;770;893;1006;951;1023;857;761;649;464;343;225;279;181;186;86;26;12;202;18;7;1;-100;-211;-93;-53;-115;-63;-173;34;-118;-142;-318;-358;-323;-227;-230;-272;-295;-252;-223;-375;-421;-305;-386;-426;-507;-314;-411;-463;-423;-289;-542;-508;-297;-422;-459;-464;-283;-407;-563;-362;-482;-557;-473;-531;-434;-493;-404;-590;-605;-629;-546;-697;-611;-481;-634;-553;-575;-662;-569;-558;-583;-621;-672;-693;-548;-604;-635;-566;-618;-494;-538;-676;-752;-513;-529;-686;-568;-612;296;-603;-488;-757;-717;-726;-826;268;-933;-940;391;-1153;
108;231;-602;-776;258;-616;133;-626;-587;-613;-499;-528;-293;-446;-378;-383;-372;-481;-396;-431;-547;-429;-508;-331;-408;-388;-394;-503;-408;-416;-407;-491;-395;-352;-377;-393;-303;-305;-299;-429;-475;-353;-384;-358;-280;-338;-397;-495;-342;-415;-386;-483;-507;-400;-345;-401;-404;-436;-487;-472;-426;-273;-326;-446;-473;-445;-399;-444;-476;-523;-517;-473;-330;-391;-510;-476;-408;-453;-606;-486;-468;-368;-410;-471;-363;-406;-446;-425;-459;-507;-418;-488;-378;-538;-479;-368;-412;-541;-525;-472;-422;-386;-419;-393;-371;-351;-379;-504;-560;-447;-560;-548;-424;-441;-421;-292;-366;-345;-370;-297;-348;-492;-454;-266;-325;-105;46;263;419;554;652;778;661;714;775;811;816;1061;1020;1055;1134;1072;1172;1172;976;702;655;447;276;239;41;213;318;424;631;818;979;1224;1282;1295;1290;1096;983;809;767;664;676;723;880;983;1102;889;929;942;673;563;372;308;318;322;386;516;575;653;729;856;1037;965;1150;985;943;908;790;586;372;364;104;181;129;89;178;402;421;636;687;740;719;709;728;723;692;860;723;683;724;531;486;278;225;67;116;-1;-9;-58;-55;-57;-9;-121;-210;-251;-309;-175;-477;-232;-181;-210;-280;-253;-206;-349;-319;-319;-408;-352;-417;-343;-440;-466;-489;-433;-415;-606;-423;-426;-633;-473;-502;-720;-525;-522;-594;-510;-540;-540;-574;-424;-555;-593;-599;-500;-563;-575;-674;-637;-572;-625;-525;-550;-668;-631;-597;-711;-637;-635;-537;-879;-617;-678;-707;-677;-719;-738;-641;-583;-739;-598;-794;-785;-677;-673;-600;-773;-675;-697;-788;-727;156;-745;-716;-724;-811;98;-690;-763;-902;-717;-1060;203;-1319;60;
180;-653;-603;-641;-617;-591;-432;-721;-564;-476;-535;-453;-449;-483;-451;-451;-373;-356;-340;-437;-412;-592;113;-508;-442;-438;-449;-360;-453;-372;-442;-388;-443;-392;-391;-461;-598;-357;-346;-506;-323;-304;-412;-386;-467;-387;-419;-445;-378;-527;-423;-433;-480;-380;-351;-403;-415;-398;-525;-405;-579;-523;-562;-486;-582;-450;-395;-447;-386;-570;-459;-503;-422;-479;-417;-439;-520;-380;-376;-325;-484;-507;-381;-372;-436;-401;-316;-495;-566;-580;-519;-527;-327;-476;-348;-445;-471;-539;-615;-293;-475;-654;-403;-483;-463;-434;-567;-603;-518;-417;-523;-547;-497;-491;-358;-382;-480;-344;-425;-482;-286;-442;-462;-327;-261;-201;13;222;462;508;689;776;574;748;733;723;698;968;974;1023;1172;1216;1187;1011;790;814;512;460;380;249;225;133;229;433;605;722;923;1138;1188;1369;1328;1206;1015;936;645;704;691;711;858;956;819;980;946;855;710;514;277;397;226;192;347;290;438;638;838;917;728;897;981;866;933;841;601;528;458;283;150;16;175;149;218;369;440;565;571;672;589;679;754;769;697;755;739;665;599;578;548;303;193;170;63;-9;-73;-180;-70;41;-63;-61;-119;-300;-201;-246;-304;-148;-210;-260;-266;-425;-278;-297;-287;-302;-276;-318;-244;-436;-336;-496;-521;-549;-564;-523;-533;-632;-506;-612;-499;-657;-625;-434;-554;-540;-582;-584;-616;-597;-525;-529;-575;-600;-577;-587;-481;-642;-656;-598;-558;-694;-607;-755;-797;-796;-791;-737;-580;-582;-652;-761;-696;-606;-757;-586;-622;-593;-712;-755;-799;-567;-614;-876;-641;-723;-650;-669;-770;-731;-751;-769;-703;-708;-659;-712;-827;106;-932;-771;-694;-1012;253;314;
-441;-452;-437;-385;-303;-423;-531;188;-581;-387;-349;-318;-282;-395;-259;-375;-354;-386;-321;-278;-412;-349;-341;-336;-325;-284;-349;-319;-329;-375;-258;-320;-313;-231;-281;-345;-193;-390;-333;-259;-282;-332;-271;-267;-263;-275;-322;-206;-330;-233;-441;-291;-256;-261;-345;-202;-394;-366;-398;-366;-428;-320;-358;-365;-375;-299;-193;-320;-316;-453;-363;-199;-400;-494;-484;-195;-303;-356;-333;-229;-285;-391;-453;-354;-396;-475;-337;-300;-314;-361;-399;-478;-400;-436;-412;-429;-483;-337;-400;-311;-347;-398;-269;-295;-380;-357;-419;-378;-334;-353;-445;-523;-320;-325;-354;-298;-221;-197;-364;-283;-320;-299;-369;-263;-144;-41;103;170;457;484;688;718;792;780;794;749;922;796;1066;1207;1294;1210;1256;1166;973;763;534;513;367;291;196;257;261;496;520;897;1013;1261;1274;1464;1336;1202;1140;849;872;729;714;760;956;901;1077;992;934;954;755;475;449;302;208;207;377;347;509;699;799;839;1047;942;921;788;850;813;660;475;481;343;70;177;15;137;91;226;299;622;620;759;826;658;770;902;804;836;804;735;760;657;394;475;278;199;-27;-68;-4;164;-61;61;-57;-50;-9;-133;-152;-237;-140;-266;-144;-143;-211;-201;-353;-154;-302;-209;-379;-163;-368;-331;-288;-413;-392;-456;-355;-414;-475;-526;-410;-463;-430;-523;-429;-520;-454;-460;-451;-428;-484;-343;-567;-447;-432;-502;-408;-488;-487;-416;-587;-496;-496;-538;-582;-534;-648;-482;-513;-741;-561;-671;-637;-614;-642;-638;-608;-624;-548;-585;-704;-649;-634;-560;-614;-637;-967;-759;-805;-668;-697;-736;-524;-678;-557;-518;-579;-524;-801;-781;-619;-628;-516;-794;-977;-1147;
-403;-397;310;-447;-339;-443;-516;-475;-348;-416;-363;-318;-297;-399;-342;-246;-416;-278;-301;-327;-385;-237;-251;-336;-255;-339;-331;-241;-239;-224;-164;-69;-308;-211;-392;-255;-233;-271;-218;-344;-207;-99;-239;-209;-235;-232;-295;-288;-196;-296;-337;-308;-220;-285;-177;-288;-304;-206;-230;-394;-337;-146;-262;-83;-194;-245;-293;-365;-325;-290;-303;-281;-247;-321;-274;-255;-356;-337;-256;-337;-293;-231;-325;-203;-487;-194;-308;-289;-311;-408;-305;-291;-385;-282;-272;-190;-251;-275;-253;-362;-309;-383;-394;-303;-294;-336;-377;-412;-409;-447;-382;-224;-449;-352;-409;-408;-302;-319;-227;-240;-382;-402;-278;-268;-116;32;68;222;470;634;783;863;925;1052;779;942;833;987;1161;1261;1113;1193;1350;1291;949;890;740;566;544;408;394;237;366;584;773;855;962;1215;1413;1532;1342;1371;1139;884;879;743;685;737;795;873;1062;1051;1036;831;818;641;485;264;114;239;269;552;480;508;741;732;932;959;974;974;807;812;780;586;415;421;137;85;128;226;197;267;578;567;733;709;742;802;920;770;828;824;808;774;737;709;525;258;209;133;20;167;73;106;145;170;299;74;41;-176;-17;-87;-141;-76;-100;-120;-41;-124;-190;-357;-372;-395;-354;-135;-277;-146;-241;-380;-386;-354;-388;-354;-420;-424;-428;-473;-334;-461;-335;-272;-455;-425;-278;-393;-345;-410;-386;-320;-508;-347;-426;-367;-465;-611;-535;-401;-544;-602;-408;-628;-431;-463;-627;-607;-537;-528;-493;-531;-528;-593;-540;-634;-475;-426;-434;-498;-641;-366;-546;-586;284;-683;-571;-480;-507;-599;-564;-352;-532;-565;-540;-565;-602;-603;-587;-525;-724;-758;268;303;
-707;-473;-537;-493;-351;82;-480;-360;-380;414;-419;-310;-370;-254;-179;-299;-347;-342;-466;-319;-344;-294;-296;-316;-373;-179;-294;-373;-307;-272;-410;-246;-425;-343;-303;-256;-315;-241;-234;-321;-261;-255;-310;-287;-234;-260;-283;-328;-249;-235;-281;-340;-306;-430;-271;-345;-397;-283;-297;-361;-332;-271;-365;-261;-209;-412;-461;-405;-354;-198;-337;-387;-415;-435;-454;-231;-317;-355;-280;-368;-168;-429;-242;-319;-339;-312;-282;-249;-459;-230;-386;-193;-280;-272;-369;-273;-434;-438;-392;-376;-397;-450;-437;-375;-330;-435;-279;-446;-543;-513;-471;-518;-449;-378;-411;-341;-306;-408;-244;-368;-346;-267;-419;-342;-295;-123;40;296;508;424;698;765;831;863;910;882;824;834;1077;1255;1190;1306;1111;1132;945;852;655;504;322;339;270;307;285;502;577;805;937;1181;1331;1314;1297;1160;992;773;573;684;620;583;829;792;833;771;859;808;733;538;503;394;165;125;212;264;316;487;604;737;836;790;870;861;772;861;663;397;342;171;196;78;-24;95;124;234;335;408;617;773;744;761;760;726;822;831;866;687;707;550;545;537;202;253;49;202;130;172;135;59;13;-87;-40;-90;-205;6;-43;-148;-5;-147;-115;-139;-203;-149;-159;-281;-425;-305;-434;-411;-253;-332;-374;-443;-346;-460;-342;-417;-486;-451;-490;-388;-540;-394;-570;-410;-448;-402;-227;-318;-268;-265;-527;-496;-423;-559;-563;-498;-364;-528;-485;-521;-568;-683;-488;-500;-428;-557;-557;-476;-466;-546;-675;-636;-600;-372;-522;-467;-612;-531;-629;-527;-539;-638;-589;-610;-566;-644;-651;-672;-657;-709;-589;-555;-672;-447;-606;-669;-637;-856;192;-747;-937;-789;
89;-713;-532;-536;-661;104;-613;-535;-542;-493;-535;-498;-235;-388;-379;-422;-449;-375;-394;-405;-411;-417;-388;-356;-355;-285;-395;-279;-428;-364;-436;-412;-411;-411;-537;-369;-368;-371;-358;-331;-319;-432;-404;-277;-374;-356;-272;-320;-320;-449;-464;-369;-441;-521;-281;-326;-349;-475;-469;-424;-391;-312;-425;-319;-376;-443;-515;-236;-347;-496;-435;-498;-480;-511;-446;-352;-321;-468;-279;-369;-452;-354;-430;-455;-595;-531;-570;-374;-575;-404;-505;-485;-610;-432;-372;-374;-519;-431;-412;-609;-326;-334;-415;-479;-359;-566;-316;-462;-365;-593;-525;-442;-463;-508;-526;-555;-225;-372;-376;-382;-426;-456;-431;-491;-325;-281;-166;-1;338;474;596;767;725;801;745;674;687;719;909;960;1056;1085;1059;866;927;687;513;348;360;204;147;133;139;333;365;533;783;1096;1139;1147;1143;954;924;729;359;444;471;400;461;616;580;592;605;635;472;338;344;334;25;-17;105;15;273;340;423;545;641;804;727;705;695;530;500;346;310;97;40;-103;-167;-153;19;57;249;371;450;526;585;583;623;601;778;516;675;605;697;668;473;296;158;116;-27;-41;-27;125;49;23;15;-94;-140;-205;-75;-165;-111;-190;-56;-110;-125;-102;-275;-359;-287;-283;-384;-221;-499;-374;-481;-498;-526;-515;-465;-459;-494;-477;-554;-480;-509;-421;-510;-451;-514;-569;-523;-411;-384;-481;-497;-586;-533;-472;-529;-490;-488;-408;-545;-701;-593;-553;-621;-630;-464;-588;-606;-592;-629;-518;-663;-551;-685;-506;-558;-576;-647;-583;-565;-562;-611;-578;-674;-637;-617;-524;-558;-424;-611;-597;-576;-564;-678;-564;-655;-648;-734;-556;-535;-602;-590;-868;476;-1063;
277;222;-543;-432;230;-654;-516;-326;-435;-467;-507;-394;-404;-358;-345;-325;-383;-343;-374;-355;-418;-207;-425;-343;-242;-339;-313;-310;-394;-343;-367;-305;-342;-390;-253;-416;-317;-405;-474;-332;-328;-415;-334;-394;-484;-402;-244;-293;-318;-407;-349;-382;-392;-332;-425;-330;-323;-447;-412;-469;-392;-365;-428;-364;-393;-312;-337;-409;-400;-385;-374;-410;-336;-385;-331;-334;-369;-372;-433;-343;-299;-261;-404;-495;-508;-340;-397;-423;-454;-443;-328;-520;-429;-344;-356;-389;-379;-278;-527;-333;-415;-340;-418;-368;-437;-481;-441;-357;-302;-604;-411;-459;-488;-377;-482;-437;-311;-289;-330;-341;-469;-343;-316;-369;-364;-231;-176;-48;388;449;698;690;813;771;632;657;645;763;740;804;902;1033;972;918;853;624;491;414;262;210;90;116;153;293;512;507;882;855;1247;1142;1243;866;799;735;593;259;264;359;469;631;608;587;739;592;490;426;417;248;182;138;122;169;279;335;465;601;794;669;803;707;572;600;458;224;250;-9;-87;25;-140;-99;-60;31;129;385;577;568;585;667;629;706;781;822;792;874;616;656;550;374;313;119;112;-67;100;162;110;33;12;39;-35;-41;-48;-32;-8;36;-126;-77;-73;-148;-177;-264;-248;-229;-420;-384;-267;-330;-241;-380;-262;-414;-519;-363;-426;-383;-508;-367;-403;-390;-367;-403;-516;-531;-501;-416;-406;-422;-249;-423;-467;-541;-451;-397;-416;-468;-481;-464;-597;-631;-365;-459;-453;-539;-649;-560;-642;-560;-520;-547;-677;-570;-603;-434;-643;-511;-453;-583;-614;-548;-574;-579;-421;-414;-503;-580;-705;-619;-555;-533;276;-518;-530;-653;-436;-517;-599;-537;-716;-1080;324;350;
-525;-686;-435;-477;-477;-502;-399;-331;-338;-349;-395;-255;-399;-339;-419;-293;-347;-373;-287;-361;-387;-301;-222;-243;-207;-284;-336;-395;-394;-292;-276;-311;-321;-380;-439;-294;-314;-272;-195;-234;-249;-404;-375;-327;-369;-348;-401;-293;-257;-334;-367;-291;-237;-286;-432;-349;-217;-368;-308;-399;-423;-283;-277;-398;-405;-397;-375;-423;-290;-457;-303;-330;-381;-364;-327;-340;-240;-402;-258;-245;-272;-344;-329;-352;-323;-412;-316;-388;-415;-232;-331;-364;-324;-389;-277;-410;-230;-294;-249;-315;-356;-341;-329;-281;-365;-360;-455;-437;-450;-383;-366;-273;-378;-361;-371;-405;-252;-416;-436;-334;-418;-260;-440;-289;-296;-282;-29;127;387;444;633;811;753;729;724;712;753;596;730;832;901;733;898;674;684;644;475;378;447;88;71;48;244;282;290;561;786;961;983;1076;1070;924;690;569;470;298;338;200;296;470;528;505;547;584;446;487;359;329;55;128;124;293;271;299;383;606;795;611;753;533;614;481;323;339;177;102;-16;-194;-206;-148;38;48;246;334;535;689;695;861;724;804;784;795;731;773;729;462;501;610;272;209;31;145;217;178;57;185;223;110;169;91;-75;-111;15;-159;-30;-168;10;-92;-166;-107;-423;-345;-318;-362;-228;-228;-314;-205;-290;-364;-326;-372;-386;-574;-319;-372;-372;-442;-325;-507;-532;-492;-349;-438;-426;-326;-466;-290;-373;-413;-443;-505;-546;-343;-505;-378;-469;-380;-434;-515;-521;-404;-435;-597;-465;-513;-513;-566;-509;-637;-601;-517;-668;-475;-654;-506;-551;-619;-471;-624;-502;-685;-493;-549;-528;-536;-559;-555;-749;-675;-721;-455;-499;-471;-446;-543;-918;288;222;-947;
-440;-496;-636;-539;-489;-436;-422;-424;-511;-418;-450;-440;-499;-339;-469;-444;-408;-455;-428;-332;-452;-295;-423;-219;-369;-247;-382;-279;-450;-410;-462;-439;-365;-480;-354;-426;-467;-461;-333;-366;-289;-403;-301;-344;-407;-465;-411;-474;-506;-372;-425;-551;-470;-460;-366;-501;-385;-451;-431;-397;-409;-401;-696;-538;-528;-319;-528;-509;-281;-476;-410;-574;-461;-510;-413;-324;-425;-449;-529;-436;-489;-453;-446;-550;-456;-448;-385;-435;-504;-410;-547;-499;-552;-299;-575;-429;-388;-414;-473;-436;-403;-447;-424;-460;-515;-606;-482;-490;-400;-391;-580;-426;-504;-569;-479;-555;-517;-501;-540;-509;-307;-364;-475;-567;-376;-338;-180;-63;205;373;368;639;644;549;664;485;469;464;653;558;677;570;618;615;525;452;197;298;-3;-107;27;-24;-2;39;245;330;439;590;827;786;907;838;602;445;254;148;141;29;118;313;358;464;509;595;441;390;267;-49;-22;51;19;23;77;260;446;580;482;545;525;669;463;320;261;100;20;-150;-289;-278;-176;-324;-178;-64;101;312;419;554;550;667;530;650;619;573;647;770;553;616;399;404;141;80;150;-92;48;21;164;21;84;174;40;-52;-195;-199;-82;-10;-229;-85;-192;-172;-321;-244;-390;-361;-507;-533;-399;-432;-534;-563;-393;-689;-396;-535;-478;-451;-598;-485;-581;-555;-584;-485;-596;-588;-573;-360;-496;-477;-566;-382;-453;-676;-774;-612;-569;-566;-536;-528;-696;-543;-461;-675;-719;-663;-654;-705;-737;-686;-651;-605;-593;-522;-833;-702;-660;-772;-736;-609;-655;-582;-559;-643;-618;-730;-730;-536;-595;-710;-707;-660;-649;-794;179;-793;-666;-652;-665;-814;63;-988;-951;-739;
-464;-558;-524;-466;-546;-555;-479;-478;-404;-441;-426;-430;-467;-482;-467;-478;-461;-454;-513;-387;-550;-342;-546;-611;-493;-492;-564;-518;-399;-527;-384;-429;-497;-474;-403;-429;-489;-348;-401;-347;-416;-400;-362;-323;-463;-464;-320;-398;-547;-419;-398;-453;-420;-513;-455;-481;-337;-332;-392;-380;-387;-378;-366;-500;-439;-367;-525;-537;-405;-443;-433;-383;-607;-467;-513;-497;-462;-510;-393;-550;-517;-340;-475;-495;-459;-602;-500;-533;-465;-617;-591;-557;-488;-497;-397;-418;-523;-393;-519;-432;-434;-545;-496;-517;-516;-579;-515;-443;-548;-475;-491;-670;-606;-569;-452;-561;-457;-523;-330;-488;-503;-391;-455;-571;-332;-308;-255;-75;19;320;504;661;650;495;638;498;564;653;493;466;370;518;520;412;458;372;191;91;20;-21;-51;-153;90;92;176;236;448;667;857;912;758;590;568;335;269;44;113;151;18;264;228;371;290;597;376;385;117;188;-124;-103;9;-160;63;342;441;408;486;508;493;524;469;244;128;116;-25;-35;-171;-269;-244;-247;-247;-15;-49;273;322;495;677;745;768;744;608;666;753;748;584;627;465;358;249;284;83;-72;113;118;-7;36;45;62;68;-138;-126;-63;-159;-116;-150;-125;-272;-309;-406;-282;-327;-525;-492;-428;-468;-359;-386;-430;-420;-615;-488;-626;-374;-530;-596;-524;-416;-563;-584;-547;-572;-522;-579;-394;-498;-413;-494;-554;-520;-674;-612;-560;-738;-506;-591;-648;-619;-507;-500;-581;-708;-679;-657;-544;-753;-735;-782;-638;-579;-613;-714;-682;-766;-584;-658;-666;-787;-741;-733;-720;-625;-639;-763;-530;-635;-671;-558;-543;-593;-782;-757;-634;-661;-642;-640;-564;-794;-827;-686;-672;
-506;-406;-499;464;-432;-418;-370;-370;-423;-322;-332;-398;-318;-348;-256;-352;-428;-286;-351;-310;-444;-400;-286;-344;-312;-231;-206;-162;-292;-208;-297;-321;-373;-235;-123;-173;-263;-255;-114;-284;-208;-203;-370;-204;-282;-291;-269;-289;-387;-312;-339;-259;-229;-353;-334;-325;-171;-255;-386;-288;-438;-365;-426;-279;-378;-315;-316;-337;-307;-283;-367;-253;-406;-339;-315;-247;-341;-389;-239;-191;-265;-307;-425;-369;-408;-375;-378;-362;-324;-387;-330;-361;-379;-368;-320;-341;-349;-273;-362;-289;-349;-272;-353;-290;-313;-282;-249;-370;-418;-309;-439;-381;-228;-434;-505;-454;-319;-276;-266;-211;-203;-305;-141;-291;-246;-203;-75;80;229;447;703;674;725;795;665;789;548;567;659;506;517;582;614;598;387;352;148;288;176;197;107;69;-15;127;348;527;556;774;980;984;936;817;709;595;450;311;103;155;210;196;275;475;519;498;471;407;360;297;223;91;-49;58;101;271;525;526;663;608;561;742;580;521;414;198;166;-22;-110;-61;-63;-19;-129;-54;208;518;620;693;726;880;949;879;890;914;941;879;877;866;719;642;317;365;335;196;95;146;393;203;283;214;-49;-99;59;-8;-104;-10;36;20;-83;-202;55;-227;-160;-236;-348;-280;-271;-296;-316;-158;-312;-452;-287;-381;-507;-410;-399;-483;-326;-349;-456;-375;-350;-467;-375;-257;-398;-337;-502;-276;-392;-424;-508;-373;-504;-386;-520;-477;-457;-486;-439;-420;-614;-444;-563;-501;-477;-457;-437;-559;-423;-510;-525;-412;-416;-550;-496;-446;-582;-426;-376;-423;-422;-508;-407;-462;-460;-381;-331;-527;-406;-465;-565;-581;-421;-478;-536;-589;-621;-591;-648;-553;
-369;-235;-417;-402;-288;-409;-266;-200;-387;-331;-340;-301;-206;-383;-320;-213;-342;-334;-317;-303;-257;-356;-349;-298;-330;-272;-378;-300;-191;-279;-238;-402;-403;-296;-417;-282;-309;-292;-338;-348;-483;-395;-341;-339;-310;-249;-297;-276;-323;-444;-288;-291;-322;-424;-322;-349;-456;-466;-378;-218;-368;-353;-350;-337;-480;-334;-435;-392;-369;-385;-308;-298;-513;-371;-320;-370;-395;-267;-326;-356;-245;-247;-281;-353;-227;-303;-353;-348;-336;-355;-348;-344;-385;-366;-378;-364;-339;-371;-399;-326;-406;-390;-332;-376;-310;-344;-337;-411;-374;-453;-452;-371;-394;-455;-407;-431;-378;-379;-191;-193;-310;-292;-283;-290;-344;-226;-139;171;111;425;492;634;889;759;729;654;591;441;529;558;403;420;451;446;432;417;273;166;126;4;7;12;188;95;136;214;552;725;795;799;912;848;771;369;218;129;175;-28;42;108;364;287;552;479;463;532;373;254;178;25;32;89;88;247;406;433;703;696;714;556;510;468;376;189;164;-97;-33;-123;-358;-227;-43;11;263;514;602;842;893;1081;848;951;860;988;859;966;818;776;668;450;344;335;251;241;203;118;85;228;137;150;113;255;-61;62;-16;-173;-150;-150;-216;-99;-195;-264;-297;-395;-398;-327;-357;-425;-327;-279;-359;-385;-392;-406;-480;-418;-419;-465;-451;-257;-511;-536;-386;-367;-429;-448;-475;-446;-450;-403;-465;-439;-451;-357;-506;-481;-644;-398;-502;-536;-542;-628;-624;-569;-522;-426;-519;-510;-460;-460;-556;-479;-589;-525;-403;-404;-569;-380;-535;-519;-409;-478;-498;-432;-578;-455;-441;-476;-476;-480;-665;-666;146;-593;-545;-522;-633;-717;-638;-605;-644;-630;
-439;-372;-351;-198;-294;-365;-454;-415;-260;-315;-172;-266;-368;-326;-339;-317;-377;-295;-284;-320;-292;-304;-377;-415;-344;-345;-398;-460;-255;-321;-381;-316;-348;-249;-347;-378;-356;-282;-267;-411;-198;-208;-399;-301;-325;-138;-295;-276;-395;-232;-195;-269;-324;-397;-398;-339;-315;-230;-424;-335;-344;-313;-286;-186;-250;-384;-264;-276;-305;-277;-376;-374;-409;-294;-317;-285;-374;-333;-418;-391;-363;-428;-479;-332;-366;-455;-320;-364;-342;-298;-351;-378;-388;-379;-344;-411;-403;-377;-420;-476;-368;-332;-326;-473;-390;-350;-238;-264;-318;-509;-468;-402;-328;-489;-204;-346;-298;-430;-186;-259;-277;-185;-287;-256;-318;-259;-55;-17;272;460;622;744;755;787;843;581;541;405;556;583;578;455;304;436;480;243;180;220;81;191;24;39;158;32;317;331;606;712;805;925;915;729;680;581;274;218;91;49;-12;74;189;400;568;672;574;546;403;535;190;164;86;99;201;310;391;590;629;739;642;577;527;542;407;420;174;142;-3;-151;-205;6;-43;131;345;636;729;922;972;1055;1076;1000;1048;1001;960;947;914;860;773;630;453;375;292;409;260;129;272;343;298;255;155;77;61;46;77;40;-101;-134;11;-24;-184;-262;-300;-336;-308;-249;-412;-280;-416;-334;-428;-421;-461;-446;-431;-473;-449;-376;-371;-373;-443;-411;-423;-493;-351;-398;-458;-520;-433;-152;-455;-397;-545;-477;-505;-410;-354;-393;-455;-352;-579;-606;-654;-650;-423;-531;-526;-520;-622;-518;-607;-588;-428;-622;-468;-502;-536;-556;-558;-385;-539;-439;-457;-568;-500;-474;-338;-424;-466;-461;-522;-520;-495;-552;-489;-670;-626;-719;-702;-657;331;-804;
-473;-481;-549;-430;-253;-522;228;-625;-575;-474;-534;-424;-395;-354;-336;-373;-395;-387;-350;-433;-254;-444;-386;-396;-247;-404;-341;-431;-275;-410;-482;-340;-468;-385;-342;-495;-361;-380;-398;-353;-276;-385;-422;-400;-303;-479;-255;-425;-341;-368;-457;-373;-504;-435;-436;-528;-513;-365;-495;-347;-281;-603;-385;-449;-275;-467;-314;-336;-433;-354;-320;-399;-573;-306;-553;-529;-523;-398;-408;-471;-403;-526;-460;-479;-606;-476;-482;-423;-523;-457;-419;-533;-316;-527;-356;-381;-467;-310;-391;-375;-466;-374;-339;-515;-384;-535;-368;-350;-450;-547;-487;-419;-423;-427;-490;-399;-470;-315;-251;-278;-266;-212;-245;-444;-264;-235;-213;77;288;357;861;746;745;882;736;701;570;457;459;407;383;352;408;368;312;185;211;225;191;144;23;103;177;133;297;443;710;657;925;891;937;806;685;596;291;4;81;-36;-81;83;238;232;507;637;754;548;459;576;283;288;183;228;100;315;470;510;570;817;748;676;639;475;456;304;241;96;-15;-59;-140;-23;66;233;423;493;757;1074;1135;1165;1051;1217;1122;999;993;813;893;718;661;668;513;428;285;324;161;115;15;147;33;160;198;54;-12;-51;-192;-159;-139;-232;-150;-237;-239;-192;-304;-378;-400;-530;-484;-433;-344;-412;-296;-404;-475;-450;-442;-527;-515;-564;-511;-530;-490;-573;-483;-534;-546;-373;-447;-420;-495;-501;-424;-497;-475;-562;-663;-566;-532;-584;-590;-582;-561;-590;-622;-599;-589;-501;-513;-575;-567;-646;-346;-534;-501;-743;-577;-534;-640;-562;-551;-513;-641;-590;-592;-587;-617;-534;-541;-555;-521;-460;-533;-659;-560;-390;-542;-595;-777;-595;-586;-532;-791;-741;
-381;-409;-304;-294;-225;-414;-360;-343;-276;-208;-349;-269;-350;-267;-269;-195;-259;-340;-322;-128;-291;-309;-274;-206;-278;-206;-247;-343;-122;-244;-380;-277;-202;-345;-334;-243;-313;-198;-223;-417;-242;-289;-277;-375;-359;-326;-242;-295;-231;-121;-359;-363;-364;-205;-285;-277;-285;-179;-238;-231;-197;-272;-370;-276;-258;-368;-350;-317;-266;-324;-373;-409;-208;-454;-169;-249;-202;-213;-312;-431;-323;-361;-401;-247;-326;-351;-218;-320;-126;-435;-291;-246;-260;-348;-271;-316;-362;-293;-288;-387;-293;-346;-397;-367;-359;-268;-372;-206;-308;-270;-249;-233;-362;-346;-304;-296;-244;-312;-185;-186;33;-68;-166;-294;-166;0;-35;183;404;781;804;1167;1200;996;1044;969;732;801;529;550;506;581;648;550;493;540;441;365;351;221;295;270;265;290;273;520;781;953;1109;1043;1081;1055;893;696;526;274;310;258;138;222;513;558;872;849;800;874;738;738;553;450;359;427;449;569;622;765;981;996;893;1071;793;877;664;568;526;446;250;125;133;289;306;418;586;804;1267;1343;1495;1535;1504;1409;1269;1296;1195;1258;1207;1012;866;908;808;581;489;372;399;321;461;422;349;328;161;218;191;76;-21;-89;-78;45;-60;-211;-259;-47;-248;-125;-347;-264;-396;-117;-214;-206;-319;-328;-322;-324;-381;-371;-308;-319;-379;-414;-416;-597;-357;-353;-318;-405;-274;-262;-291;-416;-330;-435;-360;-469;-443;-404;-405;-379;-572;-266;-402;-298;-455;-473;-411;-497;-487;-475;-434;-386;-434;-409;-532;-397;-449;-428;-363;-449;-325;-390;-441;-541;-380;-569;-456;-410;-377;-479;-400;-497;-420;-462;-381;-483;-360;-412;-559;-481;-426;-686;-530;-618;
332;-390;-401;-422;-326;-335;-362;-386;-286;-302;-398;-265;-247;-331;-370;-319;-349;-203;-253;-340;-202;-218;-376;-334;-247;-266;-216;-322;-267;-304;-233;-282;-460;-292;-268;-392;-321;-282;-380;-342;-254;-322;-391;-318;-318;-400;-268;-227;-342;-337;-357;-481;-290;-468;-321;-391;-277;-427;-330;-484;-319;-185;-283;-393;-410;-289;-207;-387;-302;-465;-211;-455;-232;-207;-156;-311;-440;-375;-253;-307;-345;-318;-352;-485;-363;-358;-254;-287;-432;-276;-435;-497;-357;-394;-384;-375;-496;-492;-303;-339;-385;-263;-284;-219;-284;-319;-564;-388;-388;-362;-351;-333;-353;-522;-386;-387;-272;-277;-111;-208;-123;-244;-137;-151;-111;-7;-86;145;409;651;898;1022;1129;1153;1096;868;846;791;668;688;617;481;595;565;497;362;477;504;314;351;280;329;270;397;477;691;763;1001;1130;1239;1222;1120;976;955;589;441;335;149;56;371;259;552;818;909;1062;916;961;874;720;475;565;391;446;476;750;850;782;1036;1025;932;791;823;650;633;560;433;300;265;275;254;350;573;697;1127;1256;1553;1521;1570;1450;1506;1356;1334;1268;1062;1097;1082;1042;727;560;553;458;300;403;179;300;265;350;469;313;179;35;99;-97;-139;-112;-160;-129;-121;-215;-333;-326;-385;-334;-315;-352;-310;-362;-306;-303;-445;-369;-360;-469;-464;-452;-491;-446;-389;-412;-388;-509;-455;-396;-395;-391;-350;-351;-459;-481;-413;-439;-534;-522;-544;-436;-522;-502;-603;-520;-589;-491;-622;-572;-558;-471;-583;-596;-493;-497;-545;-616;-443;-346;-534;-492;-416;-497;-503;-391;-462;-383;-457;-530;-375;-524;-510;-556;-523;-377;-442;-350;-459;-404;-636;-525;-539;-610;234;-850;-607;
-629;-488;-525;-449;-417;-419;-405;-438;-528;-583;-497;-536;-326;-482;-418;-377;-482;-422;-396;-333;-429;-366;-383;-278;-342;-314;-385;-521;-459;-444;-321;-526;-433;-434;-369;-372;-518;-371;-384;-347;-513;-437;-334;-474;-439;-521;-419;-474;-397;-452;-544;-606;-545;-584;-448;-573;-409;-340;-466;-331;-498;-528;-429;-422;-513;-460;-359;-422;-595;-517;-634;-639;-458;-532;-446;-551;-423;-590;-517;-478;-573;-531;-568;-650;-643;-547;-741;-467;-621;-468;-437;-346;-587;-509;-531;-463;-511;-489;-415;-546;-466;-566;-483;-436;-465;-486;-505;-564;-505;-337;-497;-513;-568;-474;-510;-566;-559;-347;-398;-234;-204;-300;-315;-196;-196;-358;15;-22;390;578;890;1106;1163;1101;1012;895;810;668;503;536;555;556;546;526;556;393;328;328;345;324;239;283;252;416;395;548;739;752;1061;1181;1230;1103;1054;807;470;298;279;95;42;220;347;541;739;813;846;1109;1005;886;794;517;410;429;358;513;619;833;761;983;971;987;869;769;723;617;496;362;203;165;203;10;253;429;713;864;1189;1447;1494;1601;1507;1401;1292;1286;1256;1062;994;817;766;573;580;317;260;109;142;231;260;109;162;79;163;-34;-42;-270;-214;-367;-323;-284;-284;-359;-446;-487;-510;-519;-592;-635;-584;-611;-449;-541;-579;-630;-579;-742;-623;-544;-668;-507;-480;-479;-602;-552;-607;-582;-543;-551;-615;-646;-564;-663;-618;-546;-677;-621;-590;-564;-598;-714;-605;-682;-581;-622;-693;-683;-613;-657;-626;-573;-740;-735;-648;-761;-591;-597;-750;-632;-613;-785;-762;-605;-604;-726;-613;-649;-709;-720;-682;-652;-691;-719;-706;-664;-592;-700;-581;-608;-709;-669;-744;-850;-730;-846;
-443;-444;-445;-578;-542;-381;-358;-415;-539;-437;-372;-374;-493;-500;-428;-355;-413;-399;-349;-357;-396;-425;-439;-452;-397;-343;-330;-444;-240;-467;-366;-403;-419;-422;-434;-346;-461;-296;-428;-429;-460;-549;-444;-612;-376;-506;-509;-481;-526;-304;-530;-538;-435;-377;-597;-434;-402;-444;-452;-404;-282;-353;-370;-386;-452;-482;-548;-519;-465;-316;-438;-547;-576;-468;-569;-363;-555;-393;-547;-641;-511;-456;-370;-378;-436;-492;-531;-384;-592;-495;-506;-350;-526;-501;-501;-427;-299;-513;-516;-489;-482;-468;-451;-555;-601;-493;-574;-451;-419;-417;-560;-537;-508;-651;-536;-573;-506;-366;-308;-198;-108;-184;-171;-261;-229;-191;-20;205;502;747;1004;1124;1192;1268;1154;936;865;673;769;582;767;609;669;735;649;584;651;515;376;476;366;408;439;423;589;900;871;1014;1145;1332;1444;1219;1108;998;747;455;301;146;143;283;387;621;785;1142;1109;1176;1119;981;864;791;661;508;579;765;870;939;1136;1106;1097;1097;1052;971;786;703;658;385;278;247;265;382;486;528;888;1274;1211;1613;1783;1798;1662;1548;1517;1496;1320;1130;961;1001;904;670;433;440;305;274;174;302;176;253;204;108;120;109;-77;-86;-234;-224;-167;-283;-307;-250;-371;-251;-590;-597;-412;-427;-591;-522;-563;-491;-540;-558;-543;-645;-466;-563;-573;-446;-486;-579;-570;-597;-595;-512;-472;-656;-621;-568;-626;-579;-664;-498;-749;-675;-593;-638;-517;-612;-549;-627;-687;-626;-566;-654;-715;-788;-671;-682;-619;-589;-733;-750;-640;-747;-588;-703;-765;-591;-623;-513;-620;-665;-617;-665;-656;-682;-650;-697;-516;-617;-708;-658;-555;-586;-562;-618;-579;-686;-713;-809;-706;-824;
-449;-460;-342;-303;-383;-496;-353;-355;-281;-413;-477;-515;-285;-371;-396;-290;-328;-414;-290;-377;-501;-423;-316;-449;-260;-349;-411;-378;-391;-281;-326;-415;-297;-346;-417;-316;-459;-314;-435;-387;-283;-215;-365;-564;-409;-403;-441;-376;-398;-421;-298;-423;-382;-461;-341;-387;-329;-347;-296;-435;-339;-456;-470;-366;-381;-424;-433;-524;-394;-446;-436;-365;-417;-488;-485;-446;-442;-488;-463;-288;-325;-419;-344;-381;-450;-479;-466;-476;-467;-399;-540;-557;-463;-393;-426;-450;-454;-474;-399;-380;-480;-531;-405;-423;-525;-487;-417;-391;-330;-300;-425;-288;-472;-409;-492;-407;-480;-283;-143;-154;-12;-73;-165;-193;-264;-151;134;187;661;766;1025;1267;1331;1382;1264;989;956;911;798;825;929;927;783;684;662;844;665;566;590;591;568;493;459;707;758;822;940;1104;1443;1541;1393;1414;1303;1168;964;692;602;429;436;488;574;797;1040;1234;1229;1258;1308;1048;1049;802;731;773;809;942;910;1115;1240;1288;1206;1432;1188;1127;1080;870;633;554;429;484;346;364;583;796;1004;1346;1574;1739;1902;1958;1861;1803;1417;1538;1434;1327;1140;999;887;752;563;623;349;318;321;182;195;323;257;300;124;39;36;-183;-171;-217;-229;-185;-226;-355;-384;-436;-398;-491;-503;-462;-361;-548;-492;-418;-394;-409;-625;-328;-501;-432;-527;-463;-501;-443;-434;-580;-424;-580;-574;-378;-553;-443;-460;-582;-480;-574;-559;-511;-464;-528;-498;-647;-424;-649;-602;-607;-554;-486;-576;-547;-554;-636;-482;-464;-610;-533;-644;-684;-558;-576;-610;-638;-520;-524;-569;-397;-480;-703;-664;-544;-602;-441;-456;-572;-473;-660;-463;-561;-599;-481;-515;-725;-804;-601;-694;-470;
-320;-389;-291;-385;-144;-245;-156;-385;-252;-263;-348;-296;-265;-26;-290;-368;-402;-357;-250;-223;-172;-329;-370;-197;-371;-232;-248;-293;-264;-281;-134;-297;-161;-251;-412;-153;-384;-136;-253;-267;-386;-138;-154;-165;-225;-271;-340;-398;-269;-350;-359;-365;-262;-284;-219;-278;-179;-361;-326;-364;-275;-255;-268;-325;-273;-418;-303;-313;-351;-362;-388;-295;-273;-429;-369;-340;-266;-374;-287;-351;-496;-469;-316;-359;-368;-363;-254;-427;-294;-382;-295;-240;-343;-321;-310;-430;-365;-380;-259;-285;-376;-327;-270;-391;-322;-426;-345;-240;-295;-273;-123;-507;-383;-296;-418;-385;-235;-131;-210;-92;-22;30;23;121;-81;18;87;342;707;1073;1281;1504;1724;1593;1485;1259;1173;1066;916;999;911;1087;1071;979;854;1153;850;762;755;767;663;698;817;855;996;1065;1317;1396;1657;1566;1637;1570;1518;1312;967;804;728;563;459;607;827;963;1111;1321;1566;1545;1511;1458;1270;1092;979;828;903;994;1128;1231;1396;1419;1563;1465;1429;1283;1239;1038;862;737;588;631;444;320;749;971;1105;1403;1806;1929;2029;2166;2101;1803;1843;1663;1635;1336;1444;1202;1066;872;664;733;572;499;307;366;449;408;504;370;191;85;37;-81;-100;-251;-225;-109;-194;-167;-293;-214;-372;-287;-344;-407;-324;-210;-365;-378;-362;-404;-452;-343;-346;-466;-236;-271;-417;-430;-414;-376;-411;-395;-264;-367;-348;-423;-364;-349;-376;-386;-460;-371;-398;-300;-360;-521;-498;-543;-419;-527;-603;-482;-461;-435;-463;-432;-407;-352;-416;-596;-459;-393;-559;-321;-400;-381;-398;-344;-294;-423;-431;-450;-500;-306;-467;-439;-367;-370;-498;-370;-487;-381;-432;-420;-420;-516;434;-679;-481;-508;
-518;-618;-345;-450;-340;-429;-351;-368;-402;-370;-490;-239;-234;-321;-203;-289;-326;-266;-411;-352;-298;-488;-334;-414;-254;-307;-318;-346;-384;-384;-326;-342;-423;-363;-526;-377;-354;-347;-329;-362;-345;-397;-470;-447;-412;-395;-312;-397;-347;-432;-307;-360;-364;-400;-397;-458;-360;-299;-523;-245;-394;-235;-312;-422;-434;-386;-355;-371;-419;-318;-419;-474;-439;-412;-301;-447;-333;-443;-428;-458;-397;-405;-379;-515;-487;-480;-460;-353;-469;-557;-494;-437;-351;-365;-530;-507;-425;-467;-369;-460;-454;-559;-356;-378;-467;-329;-397;-305;-496;-498;-435;-348;-509;-452;-596;-416;-330;-301;-247;-3;-99;-59;-126;-148;-80;-246;138;338;731;893;1302;1359;1541;1492;1285;1239;1163;927;911;837;929;920;848;1026;721;842;848;883;782;588;752;667;742;721;939;1175;1334;1362;1484;1623;1596;1594;1400;1221;967;730;684;399;385;664;698;895;1176;1360;1351;1513;1483;1318;1120;956;855;772;757;947;1115;1284;1149;1346;1389;1146;1073;1150;1047;1077;822;620;453;356;338;308;372;689;1104;1360;1600;1766;1977;2087;1966;1739;1719;1570;1288;1285;1208;1242;832;845;692;548;386;277;328;448;427;466;169;187;98;47;-84;-166;-242;-318;-262;-299;-189;-296;-369;-279;-610;-424;-430;-467;-388;-669;-457;-438;-404;-425;-398;-547;-519;-525;-565;-449;-561;-494;-439;-388;-580;-539;-538;-570;-452;-546;-399;-530;-473;-587;-540;-467;-553;-516;-589;-569;-578;-534;-519;-457;-644;-480;-645;-623;-376;-612;-554;-633;-595;-626;-576;-517;-551;-519;-558;-609;-362;-524;-514;-597;-570;-422;-467;-655;-520;-442;-537;-506;-663;-456;-499;-377;-509;-655;-622;-530;-642;-569;-605;-531;
-372;-510;-364;-347;-253;-324;-381;-354;-422;-385;-351;-326;-376;-379;-282;-401;-240;-256;-394;-269;-339;-284;-437;-269;-277;-386;-395;-315;-299;-355;-444;-370;-290;-337;-375;-415;-326;-433;-514;-325;-382;-366;-380;-299;-323;-440;-408;-337;-298;-332;-380;-464;-349;-363;-310;-337;-315;-384;-359;-418;-312;-396;-330;-362;-334;-407;-295;-528;-355;-492;-355;-366;-409;-308;-593;-527;-401;-394;-514;-460;-361;-630;-568;-444;-502;-406;-416;-361;-403;-525;-421;-377;-371;-559;-383;-398;-452;-290;-331;-465;-452;-437;-433;-388;-406;-480;-433;-362;-402;-400;-458;-463;-493;-408;-484;-381;-227;-345;-243;-110;-149;-71;-118;-31;-30;-18;143;270;659;739;1234;1454;1438;1401;1412;1110;1096;871;792;811;978;889;920;990;897;847;705;737;760;758;539;654;733;775;978;1159;1327;1285;1578;1577;1437;1399;1323;1093;914;796;604;480;415;628;747;1066;1139;1388;1423;1487;1380;1245;1214;928;784;713;740;932;1135;1205;1272;1283;1238;1329;1174;1213;967;892;796;426;523;367;269;361;423;771;911;1244;1488;1918;2036;1862;2065;1757;1622;1556;1421;1257;1206;1178;886;803;769;545;429;308;334;178;203;244;242;170;155;-74;-184;-74;-186;-64;-368;-315;-227;-270;-334;-419;-594;-475;-448;-409;-390;-545;-344;-494;-453;-468;-481;-512;-541;-481;-441;-586;-532;-427;-436;-469;-455;-437;-533;-601;-509;-558;-531;-594;-611;-548;-700;-504;-544;-608;-545;-486;-556;-558;-566;-660;-642;-686;-684;-543;-629;-514;-503;-585;-594;-614;-557;-578;-428;-551;-576;-562;-578;-441;-676;-606;-588;-579;-579;-580;-535;-620;-592;-486;-475;-514;-676;-611;-475;-553;-497;-606;-677;-645;-746;-498;
-475;-482;-531;-377;-350;-495;-385;-435;-417;-463;-428;-257;-440;-326;-420;-218;-496;-340;-403;-301;-356;-358;-382;-469;-406;-488;-380;-400;-432;-492;-409;-365;-401;-468;-464;-285;-409;-386;-364;-492;-364;-354;-347;-252;-491;-468;-411;-361;-448;-447;-299;-360;-429;-197;-359;-367;-343;-442;-363;-442;-484;-452;-424;-493;-461;-528;-438;-463;-462;-393;-427;-302;-468;-436;-524;-401;-548;-444;-417;-407;-382;-314;-484;-464;-502;-494;-514;-525;-370;-428;-490;-619;-499;-480;-451;-449;-442;-519;-482;-477;-410;-445;-566;-452;-487;-406;-580;-376;-345;-349;-343;-418;-453;-276;-419;-487;-279;-192;-235;-160;-90;-153;-24;-111;-151;12;25;116;519;770;1221;1385;1381;1461;1305;1209;1053;877;814;783;747;801;824;936;931;787;908;790;894;641;556;593;589;757;944;1171;1331;1475;1507;1644;1670;1444;1258;1251;895;633;541;477;391;562;696;949;1043;1332;1364;1633;1469;1320;1110;832;755;733;841;893;1012;1034;1193;1080;1194;1287;1125;1087;983;803;730;325;354;286;325;108;456;654;1011;1211;1564;1768;1877;1849;1884;1700;1697;1388;1338;1292;1204;1075;940;673;676;581;467;249;361;220;248;215;207;121;46;-26;-82;-204;-394;-334;-154;-266;-404;-392;-507;-400;-506;-422;-527;-636;-417;-365;-581;-519;-470;-449;-513;-452;-447;-500;-521;-561;-434;-543;-370;-415;-517;-577;-404;-517;-620;-441;-409;-641;-652;-584;-535;-528;-697;-477;-580;-456;-459;-550;-656;-585;-492;-648;-748;-749;-585;-491;-519;-506;-618;-464;-526;-599;-424;-460;-506;-582;-560;-522;-510;-429;-589;-446;-560;-485;-388;-525;-630;-595;-618;-376;-493;-689;-558;-537;-676;-713;-689;-695;193;-653;
-268;-450;-428;-422;-328;-316;-347;-400;-352;-349;-363;-450;-378;-296;-301;-385;-408;-152;-270;-223;-293;-382;-307;-437;-397;-270;-245;-404;-361;-277;-263;-114;-343;-339;-314;-331;-443;-347;-419;-281;-426;-373;-274;-367;-364;-508;-334;-323;-310;-344;-363;-304;-324;-187;-392;-379;-239;-300;-410;-277;-322;-290;-341;-230;-418;-320;-230;-227;-353;-455;-426;-342;-356;-233;-272;-338;-329;-362;-445;-286;-229;-310;-358;-393;-376;-281;-410;-452;-383;-368;-370;-422;-358;-319;-415;-366;-445;-380;-447;-381;-477;-532;-451;-336;-319;-398;-371;-326;-348;-396;-382;-404;-417;-538;-371;-444;-427;-331;-306;-110;-65;54;62;-10;1;107;25;180;556;991;1217;1602;1554;1590;1408;1278;1248;935;820;789;787;744;829;1005;757;779;911;761;804;732;818;823;825;920;1020;1098;1379;1569;1670;1623;1623;1466;1352;996;861;686;557;376;605;406;681;887;1140;1395;1516;1441;1521;1296;1209;890;772;726;897;733;983;1109;1211;1317;1187;1142;1049;1129;963;816;678;581;396;339;140;245;351;580;855;1275;1491;1799;1981;2129;1892;1604;1575;1566;1360;1416;1141;1105;1007;689;652;558;405;403;349;269;284;209;200;109;45;45;-181;-176;-183;-257;-196;-415;-132;-381;-356;-480;-465;-395;-435;-363;-375;-246;-400;-444;-495;-441;-408;-396;-387;-490;-498;-444;-350;-367;-430;-377;-433;-357;-455;-364;-344;-431;-554;-437;-466;-409;-563;-586;-453;-442;-512;-539;-529;-376;-551;-447;-596;-571;-557;-567;-542;-697;-584;-485;-611;-651;-517;-448;-552;-549;-521;-610;-340;-562;-438;-545;-399;-487;-397;-525;-500;-588;-435;-626;-490;-350;-497;-599;-559;-534;-493;-522;-544;-599;-776;-672;
-341;-382;-403;-306;-503;-359;-358;-369;-510;-463;-344;-290;-409;-389;-409;-431;-491;-354;-293;-420;-429;-346;-348;-508;-417;-414;-273;-425;-374;-402;-321;-375;-419;-331;-458;-224;-398;-426;-486;-484;-379;-549;-427;-376;-526;-373;-316;-246;-244;-360;-414;-484;-469;-503;-418;-495;-308;-391;-290;-319;-388;-452;-395;-479;-410;-428;-412;-372;-386;-331;-424;-352;-357;-635;-470;-433;-348;-312;-469;-507;-437;-441;-422;-593;-541;-532;-430;-540;-503;-505;-467;-577;-477;-537;-488;-373;-533;-439;-424;-387;-568;-538;-440;-300;-521;-480;-476;-473;-564;-449;-462;-423;-546;-503;-496;-400;-364;-319;-301;-170;-7;-7;12;80;-105;-204;-32;120;530;722;1022;1351;1508;1712;1489;1280;1028;708;749;580;661;582;683;654;642;788;752;751;744;630;632;664;583;676;756;942;1245;1405;1452;1420;1418;1380;1118;1075;771;645;370;391;232;415;512;692;859;1281;1386;1393;1373;1223;1010;980;741;563;612;603;700;923;922;1106;1011;909;1013;887;735;687;535;466;163;291;96;113;155;310;624;1043;1457;1662;1679;1685;1489;1625;1416;1316;1147;1189;1128;816;783;672;570;404;304;180;177;361;119;114;-2;63;29;-209;-167;-269;-331;-511;-392;-412;-464;-457;-626;-571;-544;-629;-513;-460;-506;-347;-386;-425;-590;-458;-508;-504;-583;-589;-579;-544;-618;-491;-498;-503;-387;-590;-558;-705;-626;-651;-606;-674;-741;-562;-624;-625;-640;-658;-534;-672;-664;-765;-632;-644;-529;-553;-699;-654;-541;-590;-717;-668;-672;-502;-572;-586;-593;-555;-576;-656;-691;-653;-663;-519;-528;-705;-659;-623;-576;-662;-685;-682;-593;-520;-655;-482;-804;-582;-577;-743;-815;-857;-679;-684;
-406;-489;-584;-576;-378;-534;-339;-478;-413;-373;-436;-364;-344;-449;-400;-418;-505;-370;-434;-425;-408;-381;-316;-352;-405;-352;-366;-425;-491;-419;-408;-381;-475;-498;-548;-514;-333;-484;-451;-401;-550;-566;-550;-424;-532;-410;-463;-545;-434;-483;-301;-418;-345;-343;-369;-509;-412;-501;-511;-535;-489;-541;-271;-518;-446;-533;-584;-416;-553;-344;-280;-430;-495;-264;-434;-400;-397;-529;-444;-669;-520;-451;-413;-378;-474;-582;-398;-500;-483;-482;-473;-579;-594;-531;-487;-631;-559;-512;-429;-518;-699;-606;-500;-497;-520;-459;-471;-488;-495;-418;-482;-528;-332;-540;-470;-504;-509;-534;-328;-260;25;13;7;-150;-109;-130;5;144;510;777;1082;1358;1515;1487;1306;1220;1012;762;461;575;526;450;702;624;672;691;551;627;709;701;636;481;632;667;857;908;1126;1339;1450;1448;1342;1317;945;954;591;528;326;116;238;167;434;802;865;1197;1330;1420;1422;1273;879;784;535;582;338;510;714;959;941;1007;944;830;859;831;709;654;587;540;262;155;54;101;50;366;673;994;1244;1507;1664;1670;1512;1443;1374;1220;1081;920;870;870;742;533;585;531;314;258;169;30;73;155;-57;-48;-23;-144;-199;-389;-345;-311;-440;-250;-511;-612;-508;-569;-466;-365;-541;-444;-491;-456;-454;-544;-459;-657;-579;-571;-654;-618;-513;-533;-477;-525;-591;-661;-627;-543;-645;-577;-715;-671;-542;-696;-665;-502;-674;-562;-603;-641;-658;-580;-628;-683;-649;-578;-658;-671;-602;-637;-667;-607;-700;-509;-558;-602;-647;-620;-659;-597;-571;-524;-396;-637;-634;-568;-487;-644;-541;-683;-556;-633;-548;-557;-574;-702;-534;-489;165;-509;-593;-729;-656;-739;-624;-537;
-447;-453;-349;-356;-428;-391;-418;-409;-612;-375;-306;-433;-547;-405;-420;-284;-460;-478;-297;-383;-474;-322;-404;-356;-325;-444;-359;-331;-275;-422;-452;-376;-428;-364;-529;-523;-353;-420;-343;-639;-545;-439;-345;-400;-471;-524;-438;-411;-493;-368;-408;-541;-415;-350;-526;-429;-655;-486;-443;-301;-457;-566;-450;-526;-471;-602;-423;-396;-403;-468;-447;-388;-438;-390;-447;-378;-410;-480;-442;-389;-481;-538;-535;-456;-517;-444;-447;-557;-461;-526;-421;-588;-521;-554;-501;-648;-440;-459;-573;-552;-405;-586;-461;-411;-437;-586;-661;-384;-454;-454;-537;-391;-509;-575;-424;-421;-575;-491;-248;-235;-118;39;-13;28;-145;-8;16;160;452;720;1074;1363;1556;1543;1349;1295;1111;698;551;621;410;412;584;623;733;699;800;779;764;732;763;682;603;720;935;954;1093;1338;1308;1285;1383;1288;1022;917;703;657;407;107;277;227;399;698;921;1051;1392;1368;1279;1292;940;884;548;459;494;552;679;889;942;1035;971;813;851;863;684;658;457;498;303;98;92;19;192;391;528;964;1163;1319;1538;1521;1492;1465;1292;1141;1104;1003;965;767;730;596;537;385;326;223;253;235;2;26;134;27;-25;-90;-232;-395;-322;-441;-434;-397;-528;-472;-691;-429;-686;-617;-434;-500;-595;-478;-565;-493;-461;-670;-559;-566;-551;-481;-516;-511;-593;-630;-463;-428;-513;-590;-531;-597;-630;-708;-670;-501;-612;-719;-625;-662;-614;-702;-601;-509;-618;-556;-622;-649;-572;-678;-582;-690;-611;-572;-609;-694;-733;-551;-735;-690;-668;-588;-598;-632;-572;-731;-567;-685;-536;-582;-631;-490;-645;-618;-613;-642;-562;-641;-652;-564;-656;-575;-641;-560;-610;-665;-712;-649;
-193;-306;-421;-393;-237;-376;-351;-361;-412;-298;-404;-328;-314;-222;-364;-236;-249;-375;-336;-283;-358;-225;-216;-218;-363;-268;-249;-305;-393;-369;-294;-267;-394;-392;-369;-285;-273;-347;-403;-429;-331;-368;-385;-296;-391;-457;-264;-346;-281;-272;-392;-555;-291;-440;-371;-394;-426;-434;-383;-477;-428;-383;-367;-291;-404;-295;-435;-423;-333;-548;-402;-391;-562;-383;-467;-313;-495;-425;-373;-459;-368;-525;-464;-471;-359;-429;-336;-488;-403;-440;-421;-346;-442;-407;-465;-633;-449;-322;-368;-502;-281;-401;-435;-445;-334;-454;-388;-393;-341;-392;-423;-263;-320;-381;-411;-467;-465;-304;-310;-22;-9;131;84;229;36;129;173;230;499;1099;1255;1570;1698;1721;1737;1611;1124;1067;764;720;433;706;584;656;886;933;878;976;851;811;806;747;712;918;1045;1013;1322;1360;1536;1568;1572;1427;1087;1038;981;579;578;394;383;424;625;801;1189;1163;1583;1559;1678;1423;1169;1042;754;554;515;727;772;1026;939;1131;980;1032;921;954;864;805;674;551;479;493;331;192;289;463;575;843;1181;1463;1620;1526;1746;1586;1440;1327;1169;1073;999;978;832;730;729;526;396;242;264;193;155;250;119;255;-25;-37;-145;-304;-324;-255;-384;-450;-352;-354;-277;-464;-499;-488;-388;-516;-429;-367;-502;-455;-430;-375;-535;-465;-410;-583;-456;-414;-458;-361;-348;-396;-463;-428;-420;-472;-402;-580;-582;-589;-512;-513;-535;-666;-444;-509;-593;-532;-474;-640;-532;-382;-481;-465;-518;-549;-508;-571;-552;-563;-404;-529;-424;-499;-523;-599;-313;-446;-468;-402;-570;-527;-468;-480;-585;-479;-462;-478;-583;-511;-530;-537;-406;-456;-554;-501;-538;-521;-591;-462;-535;-596;
-375;-244;-304;-266;-343;-202;-191;-311;-254;-307;-118;-373;-205;-266;-172;-112;-337;-333;-289;-465;-148;-259;-199;-320;-218;-318;-374;-194;-348;-388;-303;-184;-388;-385;-385;-350;-278;-329;-317;-283;-278;-329;-367;-137;-365;-391;-241;-375;-324;-273;-284;-269;-352;-323;-262;-320;-330;-447;-291;-271;-309;-400;-326;-356;-169;-329;-279;-382;-294;-374;-339;-372;-251;-414;-342;-220;-334;-294;-377;-460;-506;-385;-444;-385;-401;-398;-413;-325;-370;-388;-391;-485;-325;-360;-391;-380;-352;-397;-392;-399;-465;-263;-272;-312;-315;-466;-414;-285;-327;-336;-283;-325;-223;-257;-360;-391;-361;-139;-27;-38;26;238;178;297;213;261;208;357;592;821;1371;1492;1837;2014;1772;1699;1388;1120;903;853;631;607;718;797;842;958;921;1044;1100;953;1160;932;1014;977;976;1238;1254;1513;1556;1563;1745;1517;1318;1144;996;779;666;505;567;441;695;904;1099;1439;1583;1715;1706;1511;1262;1077;856;736;714;650;734;994;1144;1049;1253;1049;1008;910;937;945;650;736;646;473;278;273;240;391;667;850;1073;1599;1596;1733;1601;1542;1457;1321;1226;1067;1047;932;876;701;655;545;509;428;378;199;53;262;410;227;-4;-39;-23;-79;-188;-216;-233;-360;-371;-405;-471;-351;-408;-387;-427;-520;-460;-420;-424;-342;-447;-363;-363;-394;-420;-428;-352;-384;-462;-502;-397;-265;-463;-395;-439;-400;-527;-391;-435;-461;-498;-379;-558;-529;-539;-495;-522;-519;-494;-448;-620;-435;-518;-493;-534;-458;-496;-555;-569;-465;-478;-395;-297;-585;-549;-526;-424;-634;-426;-515;-538;-358;-460;-531;-354;-491;-376;-526;-602;-439;-468;-641;-435;-486;-486;-538;-442;-601;-505;-323;-547;-625;
-278;-458;-331;-384;-425;-526;-423;-412;-431;-415;-416;-403;-360;-415;-241;-324;-214;-396;-309;-489;-415;-430;-326;-394;-350;-372;-506;-405;-433;-459;-162;-303;-454;-413;-608;-447;-324;-398;-502;-390;-494;-412;-533;-389;-357;-325;-472;-317;-398;-312;-401;-518;-441;-494;-310;-457;-418;-456;-434;-435;-491;-413;-441;-538;-406;-454;-441;-351;-449;-377;-516;-462;-431;-487;-363;-426;-375;-543;-459;-431;-526;-323;-447;-494;-422;-430;-480;-485;-497;-344;-475;-412;-561;-432;-384;-517;-538;-476;-567;-480;-447;-349;-319;-424;-525;-614;-491;-518;-439;-563;-390;-480;-597;-457;-445;-390;-382;-283;-285;-109;22;183;249;301;328;90;87;481;505;936;1185;1623;1675;1897;1978;1700;1440;1116;881;773;679;575;730;804;893;911;915;1136;978;1068;1067;954;988;1001;1096;1094;1342;1530;1421;1603;1494;1344;1359;1040;871;650;577;521;353;501;694;709;1168;1352;1454;1625;1527;1620;1275;993;825;681;591;541;726;830;1108;1127;1155;1215;1077;932;800;770;823;643;621;360;340;232;360;428;633;929;1268;1424;1607;1604;1711;1557;1308;1268;1124;890;1078;926;883;612;549;483;325;256;39;100;308;194;104;-111;53;-25;-227;-243;-421;-419;-323;-398;-416;-397;-504;-489;-410;-381;-449;-409;-592;-490;-458;-476;-660;-550;-550;-651;-690;-617;-583;-537;-466;-485;-627;-494;-626;-488;-616;-572;-599;-609;-516;-485;-539;-557;-536;-662;-698;-592;-680;-594;-671;-562;-626;-472;-632;-600;-562;-564;-703;-567;-566;-514;-521;-533;-603;-523;-589;-550;-636;-559;-588;-511;-576;-575;-497;-589;-517;-499;-560;-565;-549;-525;-694;-597;-547;-484;-582;-623;-539;-537;-602;-558;-549;-475;
-476;-317;-314;-364;-491;-338;-316;-285;-293;-389;-381;-265;-399;-439;-338;-265;-340;-291;-384;-327;-261;-258;-356;-416;-251;-283;-385;-486;-344;-393;-467;-390;-424;-380;-174;-506;-416;-367;-307;-316;-245;-366;-366;-394;-475;-282;-235;-348;-354;-386;-279;-453;-413;-407;-457;-374;-479;-371;-271;-335;-405;-366;-345;-405;-490;-356;-401;-461;-359;-501;-442;-422;-426;-358;-280;-425;-497;-256;-300;-475;-471;-454;-358;-410;-394;-495;-451;-419;-480;-544;-381;-471;-217;-409;-370;-423;-407;-483;-364;-375;-368;-483;-528;-509;-402;-529;-419;-359;-425;-269;-321;-367;-440;-445;-358;-404;-412;-411;-266;-105;108;286;367;391;353;362;166;390;611;1008;1351;1569;1877;2072;2005;1777;1585;1236;1170;817;688;622;805;807;833;1023;1149;1323;1224;1110;1188;1273;1132;1127;1245;1394;1311;1485;1550;1682;1724;1529;1427;1338;985;888;493;512;578;600;820;958;1232;1441;1793;1684;1906;1619;1336;1228;702;806;602;630;870;910;1101;1188;1220;1085;1000;1065;917;972;829;807;608;452;417;530;457;596;856;1144;1325;1582;1667;1673;1599;1661;1419;1175;990;1021;1035;901;1041;794;748;441;312;310;230;69;192;149;126;92;22;70;-270;-330;-120;-357;-337;-250;-393;-216;-436;-440;-584;-376;-529;-499;-420;-410;-540;-434;-495;-523;-429;-506;-528;-608;-320;-510;-386;-520;-416;-461;-541;-505;-412;-509;-537;-462;-508;-470;-621;-628;-431;-535;-592;-632;-441;-596;-578;-573;-536;-554;-600;-684;-685;-721;-551;-550;-551;-438;-458;-423;-604;-550;-470;-601;-625;-444;-532;-657;-495;-503;-507;-451;-541;-386;-339;-554;-509;-521;-468;-432;-589;-620;-463;-406;-489;-512;-609;-496;-623;-538;
-465;-398;-470;-422;-521;-415;-287;-199;-299;-290;-498;-415;-370;-396;-350;-299;-387;-456;-392;-264;-341;-319;-453;-332;-179;-340;-320;-490;-444;-366;-393;-334;-346;-363;-357;-338;-409;-376;-403;-297;-223;-392;-424;-401;-438;-387;-363;-381;-378;-388;-378;-386;-360;-290;-524;-444;-382;-339;-326;-433;-378;-351;-340;-391;-318;-478;-307;-356;-385;-374;-367;-340;-306;-357;-365;-348;-408;-451;-540;-387;-356;-512;-464;-439;-422;-402;-445;-371;-526;-551;-375;-465;-388;-498;-443;-350;-380;-448;-427;-485;-399;-308;-399;-468;-354;-370;-478;-400;-421;-399;-402;-430;-433;-418;-376;-411;-436;-193;-80;-52;174;280;501;430;309;269;412;466;704;979;1334;1589;2077;2190;2046;1923;1686;1244;1065;1005;850;814;734;814;871;1014;1418;1287;1445;1242;1200;1309;1159;1322;1203;1362;1472;1639;1626;1742;1737;1473;1493;1217;1037;867;683;632;481;689;735;1012;1226;1653;1828;1878;1784;1614;1456;996;891;828;584;612;749;948;990;1176;1309;1258;1193;1149;1138;937;769;741;600;636;597;530;562;690;816;1181;1325;1547;1741;1729;1634;1605;1325;1218;1318;1079;1038;978;1078;827;633;598;505;401;307;247;159;184;90;-95;121;-66;-183;-290;-231;-238;-416;-411;-417;-318;-450;-505;-602;-613;-611;-409;-415;-465;-415;-408;-423;-624;-526;-466;-476;-557;-443;-568;-470;-497;-535;-445;-459;-322;-409;-541;-492;-552;-534;-536;-606;-528;-654;-675;-544;-534;-567;-726;-688;-522;-507;-555;-655;-496;-548;-479;-604;-529;-540;-407;-526;-609;-499;-547;-579;-545;-512;-508;-436;-599;-605;-379;-451;-518;-450;-542;-469;-433;-488;-487;-525;-510;-414;-533;-507;-530;-510;-689;-394;-558;-594;-555;
-391;-503;-428;-334;-458;-382;-333;-314;-425;-352;-275;-203;-279;-300;-196;-268;-147;-292;-138;-442;-285;-311;-296;-162;-182;-186;-231;-322;-333;-303;-295;-228;-305;-297;-251;-277;-204;-317;-347;-198;-268;-382;-309;-466;-382;-186;-337;-265;-341;-304;-360;-365;-297;-294;-276;-389;-248;-313;-388;-447;-171;-317;-307;-232;-323;-331;-332;-368;-404;-306;-369;-198;-473;-275;-393;-394;-341;-432;-415;-391;-315;-389;-505;-356;-455;-537;-569;-562;-316;-438;-405;-314;-457;-475;-325;-456;-451;-452;-407;-483;-464;-509;-517;-454;-403;-576;-494;-513;-483;-369;-420;-193;-454;-352;-486;-447;-255;-259;-250;77;106;310;457;307;459;487;486;470;805;1160;1386;1827;1972;2212;2073;1988;1830;1535;1143;811;900;683;775;843;1065;1137;1288;1426;1462;1512;1251;1466;1356;1232;1146;1531;1684;1747;1680;1800;1590;1630;1354;1308;1062;807;617;669;636;714;801;1095;1422;1674;1858;1945;2047;1774;1436;1146;806;773;702;745;836;941;1200;1216;1298;1226;1032;1252;1031;956;834;709;591;552;530;641;672;745;923;1208;1490;1659;1781;1787;1813;1500;1427;1295;1148;1199;944;884;976;882;820;665;606;342;294;297;183;57;52;87;8;-52;-281;-330;-325;-396;-326;-431;-444;-437;-442;-431;-519;-550;-416;-644;-504;-557;-493;-494;-470;-557;-443;-459;-519;-654;-503;-498;-518;-480;-411;-508;-735;-548;-582;-368;-475;-432;-594;-513;-687;-641;-506;-661;-580;-523;-576;-541;-574;-682;-558;-489;-609;-655;-576;-543;-584;-525;-489;-503;-577;-586;-528;-417;-629;-555;-462;-573;-576;-534;-461;-484;-675;-332;-425;-464;-408;-495;-456;-617;-465;-451;-543;-434;-508;-630;-525;-502;-572;-575;-441;-636;
-462;-426;-599;-562;-526;-524;-418;-381;-373;-403;-450;-376;-461;-562;-424;-345;-406;-397;-446;-368;-402;-379;-523;-373;-508;-433;-440;-443;-456;-264;-408;-527;-398;-465;-521;-345;-503;-384;-585;-346;-422;-503;-473;-432;-502;-483;-468;-522;-420;-414;-441;-468;-581;-472;-428;-557;-602;-561;-424;-481;-481;-500;-452;-500;-496;-553;-398;-439;-497;-493;-370;-406;-465;-470;-525;-392;-535;-541;-481;-558;-466;-538;-585;-502;-494;-474;-568;-591;-555;-498;-410;-408;-584;-571;-504;-452;-483;-375;-375;-509;-678;-490;-608;-612;-572;-543;-677;-650;-420;-551;-462;-404;-527;-444;-394;-364;-420;-280;-249;-21;76;191;252;301;373;312;299;299;627;951;1352;1604;1965;2129;2070;1786;1662;1329;1096;977;745;623;774;813;865;1087;1246;1371;1318;1321;1166;1325;1098;1215;1328;1419;1447;1507;1585;1707;1675;1528;1446;1161;1083;737;576;583;640;651;632;990;1230;1471;1756;1818;1916;1649;1501;988;813;594;532;596;733;993;1096;1120;1130;1211;952;943;819;801;768;779;568;454;527;473;425;700;1009;1110;1464;1630;1762;1808;1476;1391;1340;1081;1096;1004;939;909;827;828;665;524;396;255;130;17;73;121;156;-93;-157;-142;-355;-460;-390;-516;-572;-564;-503;-634;-701;-584;-701;-612;-607;-557;-698;-568;-545;-578;-606;-673;-656;-655;-741;-688;-683;-577;-527;-563;-442;-674;-639;-627;-695;-656;-760;-730;-711;-679;-608;-683;-622;-597;-756;-753;-628;-837;-769;-657;-613;-605;-727;-817;-714;-665;-672;-650;-649;-673;-686;-643;-632;-655;-839;-808;-703;-650;-708;-625;-734;-613;-441;-622;-626;-499;-565;-637;-760;-419;-648;-560;-669;-676;-688;-768;-742;-587;-851;-714;-772;-674;
-472;-430;-342;-345;-336;-343;-413;-385;-330;-402;-383;-513;-400;-434;-258;-440;-353;-415;-381;-493;-334;-275;-271;-382;-399;-302;-354;-220;-249;-268;-319;-473;-328;-347;-302;-340;-257;-232;-425;-309;-240;-304;-332;-398;-311;-411;-266;-395;-439;-382;-284;-334;-329;-395;-439;-476;-502;-356;-384;-500;-344;-435;-395;-315;-522;-380;-383;-337;-405;-387;-403;-466;-371;-486;-403;-446;-444;-678;-496;-429;-507;-354;-343;-392;-472;-412;-333;-478;-543;-452;-538;-448;-380;-501;-461;-450;-460;-501;-537;-473;-548;-586;-506;-474;-476;-393;-359;-514;-461;-370;-382;-388;-408;-309;-327;-371;-307;-281;-125;-69;215;443;386;379;544;466;342;610;585;1040;1250;1764;2064;2141;2074;1904;1682;1325;1016;875;688;717;756;881;1124;1224;1288;1364;1531;1422;1348;1313;1262;1259;1330;1471;1595;1753;1748;1690;1678;1549;1449;1354;1058;973;613;659;625;645;825;1166;1401;1562;1891;1927;1918;1823;1489;1126;809;739;673;818;748;1015;927;1250;1164;1109;1271;1085;1041;883;862;706;727;545;545;579;572;825;955;1120;1452;1805;1937;1806;1795;1455;1499;1366;1246;1051;947;949;891;868;681;517;590;221;227;198;8;-25;11;5;-127;-260;-433;-438;-364;-340;-319;-513;-570;-440;-591;-558;-565;-604;-605;-542;-519;-487;-367;-438;-577;-438;-489;-599;-581;-620;-331;-551;-500;-433;-591;-455;-541;-588;-376;-438;-553;-615;-674;-663;-669;-417;-589;-522;-725;-649;-650;-516;-494;-595;-527;-589;-663;-753;-481;-619;-623;-616;-681;-568;-514;-708;-483;-428;-526;-559;-557;-610;-626;-568;-559;-267;-575;-536;-482;-487;-519;-487;-734;-647;-445;-524;-586;-478;-678;-524;-589;-712;-574;-627;-768;-567;
-383;-382;-512;-440;-460;-224;-356;-357;-235;-428;-370;-201;-416;-248;-371;-335;-240;-437;-323;-287;-389;-365;-268;-332;-338;-254;-443;-329;-330;-373;-254;-284;-303;-318;-210;-309;-272;-352;-359;-461;-321;-397;-393;-360;-327;-323;-412;-401;-430;-296;-426;-370;-281;-447;-459;-282;-395;-302;-362;-271;-387;-364;-313;-299;-358;-437;-401;-345;-507;-454;-579;-346;-370;-390;-309;-395;-382;-453;-450;-366;-359;-458;-451;-480;-291;-507;-327;-393;-519;-518;-461;-426;-521;-439;-533;-507;-456;-590;-573;-473;-346;-461;-339;-485;-372;-494;-416;-417;-346;-328;-357;-417;-347;-476;-438;-407;-257;-171;-296;-29;211;380;466;388;449;393;384;391;496;1000;1356;1725;1979;2016;2047;1907;1707;1536;1277;931;799;785;820;1002;1042;1241;1406;1443;1563;1476;1422;1298;1298;1237;1163;1441;1502;1790;1763;1812;1815;1671;1505;1322;1068;791;828;671;614;653;919;980;1343;1689;1852;2017;1908;1588;1462;1038;774;710;552;620;817;1005;1090;1233;1163;1214;1273;1049;1011;894;718;491;694;533;422;544;723;956;1052;1407;1570;1768;1803;1719;1819;1542;1515;1373;1201;1029;910;983;871;875;819;515;367;337;267;-13;94;38;35;-20;-141;-126;-252;-313;-276;-440;-500;-430;-472;-509;-604;-517;-532;-573;-427;-486;-534;-466;-432;-472;-550;-496;-486;-543;-531;-597;-490;-495;-497;-437;-443;-358;-550;-395;-530;-685;-506;-553;-513;-701;-558;-573;-552;-654;-643;-600;-572;-503;-529;-694;-542;-579;-558;-562;-605;-633;-651;-571;-596;-452;-600;-461;-493;-557;-535;-603;-528;-612;-357;-531;-537;-573;-657;-486;-548;-485;-498;-441;-409;-556;-589;-577;-586;-527;-557;-531;-628;-559;-592;-571;-655;-742;
-303;-312;-386;-485;-247;-305;-308;-505;-447;-364;-443;-242;-402;-503;-347;-334;-388;-361;-221;-518;-307;-484;-491;-268;-297;-199;-280;-280;-421;-290;-269;-324;-396;-392;-246;-473;-335;-391;-242;-276;-256;-369;-401;-247;-222;-253;-287;-523;-355;-429;-339;-441;-423;-358;-354;-386;-432;-278;-458;-256;-409;-393;-354;-374;-375;-459;-464;-361;-276;-327;-326;-322;-296;-346;-343;-399;-421;-449;-342;-459;-286;-494;-403;-396;-588;-505;-459;-575;-487;-437;-422;-476;-486;-467;-367;-453;-551;-534;-459;-232;-476;-473;-472;-522;-366;-362;-399;-351;-376;-293;-354;-370;-400;-438;-349;-434;-322;-257;-51;-9;171;347;430;409;612;364;398;489;758;871;1335;1545;1856;1999;2061;1973;1744;1401;1190;864;732;860;822;857;1173;1136;1295;1393;1509;1455;1444;1291;1158;1279;1282;1259;1543;1582;1675;1639;1608;1546;1357;1224;1032;795;650;699;587;671;857;993;1251;1562;1719;1984;1772;1713;1393;1056;677;584;707;463;738;950;1045;1205;1258;1245;1134;994;1023;798;725;700;587;637;421;645;545;767;997;1351;1503;1828;1906;2015;1804;1688;1426;1244;1018;989;906;803;850;773;636;614;448;188;144;70;136;53;-51;-130;-216;-294;-219;-441;-439;-427;-492;-530;-538;-418;-624;-672;-534;-637;-424;-616;-597;-587;-444;-385;-496;-517;-545;-546;-575;-526;-403;-502;-471;-452;-280;-479;-526;-441;-496;-514;-687;-511;-689;-546;-716;-525;-501;-613;-683;-723;-657;-622;-656;-513;-433;-599;-616;-548;-536;-546;-597;-631;-539;-528;-531;-549;-555;-504;-455;-567;-657;-420;-582;-560;-573;-588;-555;-620;-531;-615;-472;-578;-620;-592;-485;-652;-634;-578;-573;-641;-499;-666;-684;-549;-592;-473;
-315;-399;-454;-521;-329;-392;-405;-555;-339;-370;-361;-380;-459;-417;-422;-417;-230;-258;-323;-405;-382;-483;-534;-396;-492;-491;-289;-444;-341;-333;-429;-344;-421;-377;-308;-263;-384;-305;-435;-397;-331;-375;-301;-378;-420;-477;-417;-293;-270;-343;-313;-432;-390;-417;-338;-392;-516;-428;-392;-382;-501;-285;-311;-424;-487;-431;-472;-454;-428;-449;-498;-424;-446;-258;-441;-472;-446;-384;-471;-434;-602;-471;-374;-461;-352;-369;-371;-540;-437;-610;-567;-411;-434;-344;-375;-425;-441;-422;-404;-523;-518;-390;-539;-499;-489;-591;-344;-517;-487;-408;-359;-389;-354;-401;-200;-329;-366;-165;-296;-69;67;311;398;468;507;498;465;451;590;863;1397;1571;1888;2054;2158;1965;1765;1490;1221;834;635;682;654;750;932;1050;1259;1465;1509;1520;1442;1303;1264;1118;1209;1280;1362;1423;1544;1642;1581;1479;1370;1198;1133;992;731;585;485;537;591;825;1217;1529;1769;1858;1906;1579;1458;964;745;514;365;477;731;906;1111;1171;1190;1334;1256;1038;917;892;759;652;537;458;673;521;598;767;1070;1280;1501;1758;1824;1791;1828;1457;1319;1193;1009;916;940;848;761;775;614;511;345;195;102;12;-3;-121;-132;-162;-227;-293;-278;-447;-532;-554;-421;-580;-570;-432;-548;-475;-587;-489;-435;-630;-555;-612;-444;-660;-547;-565;-509;-631;-528;-520;-534;-514;-520;-399;-424;-587;-559;-558;-641;-478;-614;-603;-547;-639;-641;-598;-670;-653;-776;-550;-610;-562;-521;-551;-547;-650;-629;-508;-538;-543;-604;-762;-611;-637;-586;-529;-512;-590;-677;-672;-630;-622;-591;-591;-494;-551;-549;-625;-699;-543;-565;-497;-561;-645;-530;-574;-571;-595;-582;262;-700;-574;-501;-606;-601;-591;
-540;-435;-378;-300;-369;-385;-301;-465;-368;-450;-395;-460;-392;-512;-421;-419;-408;-276;-386;-313;-394;-436;-272;-403;-519;-397;-537;-524;-491;-458;-396;-441;-490;-391;-451;-362;-496;-355;-411;-420;-535;-360;-445;-312;-457;-417;-442;-508;-432;-429;-430;-510;-373;-490;-565;-372;-360;-449;-442;-373;-318;-468;-388;-440;-521;-514;-408;-398;-444;-357;-395;-399;-368;-588;-368;-399;-605;-524;-445;-507;-422;-560;-587;-544;-529;-577;-514;-486;-375;-466;-459;-530;-638;-426;-412;-579;-553;-535;-403;-559;-541;-664;-514;-559;-509;-518;-496;-458;-460;-431;-392;-486;-359;-340;-403;-537;-318;-279;-182;-129;215;328;500;437;425;446;441;332;632;817;1325;1696;1865;2080;2149;2014;1807;1414;1126;928;676;647;589;784;911;1206;1351;1413;1393;1588;1561;1366;1271;1204;1150;1200;1328;1374;1504;1432;1495;1360;1296;1070;994;890;565;437;550;725;577;879;1075;1456;1689;1773;1688;1508;1353;1013;663;571;403;598;630;767;1136;1214;1363;1266;1193;1125;980;902;804;555;559;346;414;465;614;812;839;1255;1452;1675;1706;1801;1634;1604;1333;1244;1055;964;814;698;757;642;527;401;364;161;154;-118;-132;-43;-182;-168;-204;-263;-329;-457;-658;-384;-511;-629;-435;-538;-702;-599;-619;-608;-645;-577;-642;-524;-375;-541;-515;-477;-634;-577;-634;-539;-459;-501;-397;-424;-462;-706;-590;-644;-496;-623;-738;-711;-591;-681;-532;-653;-705;-639;-699;-621;-610;-739;-677;-472;-578;-570;-673;-567;-673;-647;-679;-667;-641;-574;-672;-569;-646;-529;-575;-618;-495;-540;-474;-546;-515;-596;-677;-589;-563;-446;-646;-732;-545;-487;-574;-609;-475;-684;-572;-765;-713;-543;-679;-703;-633;-605;
-370;-434;-181;-573;-358;-354;-437;-461;-402;-380;-356;-370;-252;-358;-314;-204;-368;-313;-306;-321;-357;-386;-283;-286;-246;-303;-373;-393;-418;-384;-363;-354;-440;-364;-429;-484;-291;-347;-284;-359;-383;-296;-256;-251;-323;-490;-331;-389;-360;-301;-308;-216;-322;-400;-324;-332;-374;-350;-399;-397;-504;-292;-243;-242;-367;-377;-406;-388;-282;-394;-286;-378;-364;-387;-290;-429;-433;-458;-343;-391;-374;-401;-481;-522;-190;-395;-412;-465;-409;-461;-525;-308;-260;-508;-366;-394;-381;-476;-380;-409;-532;-288;-326;-408;-461;-472;-356;-454;-359;-358;-323;-308;-411;-354;-409;-176;-363;-154;-141;42;230;430;455;571;575;486;527;656;780;731;1227;1591;2031;2232;2201;2117;1912;1741;1198;1030;784;743;836;789;1086;1223;1401;1548;1676;1656;1651;1586;1525;1363;1127;1356;1303;1287;1603;1446;1534;1501;1264;1251;1090;928;865;658;614;606;706;850;1123;1459;1796;1886;1974;1642;1487;1073;716;619;410;520;648;921;923;1120;1323;1467;1271;1260;1135;1044;897;685;718;614;582;701;720;790;1053;1212;1538;1677;1841;1815;1656;1630;1386;1238;1116;981;988;965;775;645;545;512;353;147;126;35;14;80;-106;-212;-191;-206;-290;-284;-527;-447;-449;-460;-389;-637;-516;-601;-512;-701;-435;-378;-538;-504;-277;-548;-546;-467;-574;-727;-507;-430;-424;-321;-505;-511;-464;-416;-552;-516;-535;-563;-572;-472;-530;-596;-653;-559;-598;-527;-647;-626;-747;-681;-536;-556;-522;-586;-580;-495;-547;-590;-592;-557;-329;-407;-561;-594;-493;-416;-443;-521;-583;-483;-446;-536;-552;-476;-538;-384;-579;-510;-692;-559;-455;-568;-579;-503;-542;-560;-628;-597;-622;-591;-613;-568;-583;-520;
-435;-511;-419;-518;-456;-392;-361;-443;-324;-403;-436;-377;-357;-478;-420;-445;-324;-453;-218;-496;-340;-419;-404;-436;-344;-262;-393;-367;-431;-367;-467;-340;-356;-274;-360;-235;-376;-474;-435;-337;-334;-385;-414;-419;-351;-395;-422;-375;-343;-441;-317;-369;-300;-356;-499;-344;-504;-447;-474;-408;-355;-191;-438;-428;-395;-453;-371;-420;-333;-502;-358;-442;-322;-418;-517;-403;-380;-483;-412;-569;-505;-336;-383;-293;-569;-353;-350;-559;-428;-577;-355;-474;-390;-477;-360;-428;-353;-495;-334;-481;-431;-486;-498;-445;-362;-517;-513;-433;-430;-525;-332;-366;-365;-347;-396;-304;-300;-477;-279;-5;191;377;599;692;752;642;628;589;924;1007;1264;1609;1983;2324;2378;2182;1988;1649;1332;1042;902;815;863;891;1064;1201;1414;1585;1662;1673;1717;1487;1398;1328;1321;1267;1230;1387;1520;1589;1515;1413;1305;1221;1093;831;619;721;600;704;722;1073;1255;1584;1812;1944;1915;1809;1365;1284;774;563;398;425;529;883;915;1197;1404;1445;1444;1457;1228;969;1010;770;582;589;580;646;569;718;1051;1230;1547;1610;1749;1744;1853;1596;1439;1288;1294;976;919;854;775;712;616;451;379;144;120;-84;-150;-121;-206;-158;-155;-382;-326;-591;-620;-482;-532;-462;-537;-522;-604;-454;-438;-527;-568;-529;-568;-509;-514;-568;-508;-546;-665;-624;-621;-446;-506;-453;-427;-574;-565;-571;-567;-612;-618;-590;-597;-552;-502;-689;-612;-670;-598;-593;-637;-625;-626;-655;-620;-645;-647;-639;-587;-687;-646;-611;-482;-593;-649;-581;-590;-559;-596;-605;-630;-509;-500;-755;-488;-428;-674;-550;-616;-495;-435;-602;-611;-483;-552;-597;-500;-577;-561;-498;-738;-625;-692;-573;-669;-643;-600;-566;
-395;-524;-372;-449;-555;-466;-397;-387;-416;-270;-395;-486;-427;-444;-261;-451;-370;-490;-347;-317;-408;-468;-533;-419;-348;-486;-400;-402;-404;-347;-294;-474;-483;-363;-411;-440;-430;-400;-486;-380;-373;-509;-437;-356;-414;-443;-351;-347;-441;-416;-420;-461;-411;-369;-402;-455;-436;-488;-350;-311;-427;-352;-506;-422;-495;-401;-403;-459;-399;-584;-498;-563;-474;-387;-489;-524;-431;-481;-633;-580;-370;-470;-529;-528;-584;-584;-474;-522;-438;-517;-561;-598;-398;-511;-396;-425;-506;-527;-538;-549;-545;-456;-424;-451;-557;-482;-583;-532;-390;-467;-416;-452;-380;-348;-359;-295;-389;-409;-204;-268;199;312;435;720;776;734;577;636;812;1025;1463;1795;2102;2300;2349;2240;1925;1649;1463;995;921;844;746;871;975;1165;1419;1605;1925;1743;1747;1529;1556;1278;1357;1323;1338;1448;1541;1642;1460;1436;1455;1195;977;862;798;694;773;722;796;935;1410;1664;1864;2023;2000;1769;1574;1052;838;634;530;434;505;848;970;1164;1272;1310;1440;1219;1121;1048;785;693;679;673;642;673;721;705;1146;1281;1447;1676;1688;1795;1752;1476;1483;1272;1125;1010;732;802;722;679;520;406;353;124;29;-212;-140;-184;-239;-246;-327;-406;-529;-631;-662;-676;-624;-561;-663;-643;-653;-645;-682;-606;-713;-613;-601;-635;-571;-492;-557;-773;-585;-571;-707;-593;-594;-683;-487;-597;-589;-589;-558;-505;-641;-690;-643;-605;-630;-766;-694;-629;-734;-527;-635;-530;-595;-724;-720;-651;-663;-713;-670;-639;-476;-728;-685;-629;-693;-460;-702;-663;-654;-583;-670;-685;-600;-582;-568;-577;-537;-631;-546;-519;-518;-698;-674;-448;-663;-711;-573;-583;-574;-550;-675;-611;-716;-645;-602;-525;-552;-640;
-481;-497;-552;-565;-474;-500;-490;-434;-367;-468;-535;-443;-462;-538;-468;-449;-368;-411;-421;-326;-412;-273;-384;-408;-493;-366;-403;-502;-624;-491;-425;-386;-512;-365;-448;-487;-511;-420;-236;-413;-374;-335;-394;-412;-461;-334;-440;-531;-459;-317;-560;-406;-427;-402;-452;-461;-310;-516;-427;-468;-394;-464;-429;-488;-409;-579;-427;-345;-342;-370;-336;-518;-349;-398;-405;-387;-574;-581;-453;-475;-585;-609;-488;-465;-590;-407;-587;-359;-516;-651;-494;-420;-533;-517;-592;-540;-546;-425;-488;-467;-594;-547;-448;-542;-654;-434;-656;-410;-564;-395;-448;-462;-330;-422;-452;-216;-355;-292;-136;17;234;329;626;810;777;740;654;669;885;1025;1244;1569;2013;2235;2299;2281;2152;1734;1511;1159;902;775;723;958;1022;1407;1522;1704;1902;1809;1738;1643;1550;1297;1217;1203;1318;1344;1690;1579;1649;1429;1338;1252;1101;965;838;798;766;810;839;1125;1368;1650;2058;2009;2066;1839;1614;1156;846;581;520;430;696;759;1086;1387;1379;1453;1558;1359;1172;1114;977;1015;749;722;645;791;758;876;1228;1361;1540;1700;1916;1902;1810;1596;1523;1424;1142;1104;822;913;753;652;582;404;250;0;-40;-98;-64;-117;-218;-335;-239;-262;-585;-503;-577;-646;-625;-704;-552;-511;-621;-581;-650;-714;-649;-556;-561;-571;-519;-601;-670;-690;-699;-621;-609;-512;-488;-478;-556;-668;-603;-636;-656;-658;-696;-698;-714;-592;-695;-589;-717;-704;-741;-731;-688;-690;-680;-632;-623;-654;-704;-757;-695;-635;-664;-734;-672;-843;-695;-596;-637;-663;-646;-579;-531;-625;-620;-626;-705;-629;-569;-504;-583;-440;-580;-652;-542;-707;-723;-578;-670;-530;-711;-546;-613;-564;-618;-606;-623;-526;-773;-590;
-235;-326;-387;-331;-462;-370;-320;-280;-442;-327;-227;-319;-415;-189;-158;-358;-247;-375;-318;-302;-313;-269;-275;-169;-393;-307;-324;-292;-240;-404;-359;-304;-382;-327;-335;-241;-365;-197;-268;-257;-272;-333;-298;-371;-236;-212;-240;-210;-267;-286;-343;-327;-201;-294;-240;-306;-323;-290;-278;-332;-245;-188;-324;-333;-247;-201;-383;-209;-295;-252;-350;-244;-504;-359;-301;-217;-338;-251;-349;-304;-366;-417;-461;-371;-488;-414;-311;-348;-357;-497;-399;-289;-215;-337;-406;-307;-417;-386;-479;-390;-320;-466;-274;-459;-485;-468;-496;-389;-465;-464;-200;-203;-270;-263;-148;-285;-284;-222;-38;-10;31;515;777;958;983;881;898;892;992;1147;1475;1735;2105;2486;2512;2460;2294;2046;1682;1377;1047;1016;910;1105;1197;1580;1647;1827;1973;2141;1948;1851;1676;1598;1442;1490;1562;1656;1725;1717;1697;1592;1493;1485;1285;1336;1115;977;851;1067;1080;1385;1658;1852;2047;2176;2229;2164;1843;1527;1031;789;726;643;874;998;1393;1419;1592;1687;1612;1668;1598;1406;1049;1024;1041;840;911;931;945;1256;1344;1538;1740;1966;1918;2034;1933;1780;1656;1516;1432;1094;1099;1095;983;735;692;548;286;190;112;65;-57;-87;-98;-292;-216;-264;-421;-586;-626;-344;-506;-439;-508;-426;-496;-476;-571;-568;-557;-418;-412;-518;-469;-488;-545;-660;-573;-429;-401;-318;-342;-492;-585;-605;-522;-491;-531;-532;-470;-567;-527;-561;-719;-625;-533;-732;-497;-587;-706;-654;-722;-604;-539;-580;-472;-548;-440;-604;-596;-583;-556;-344;-485;-380;-428;-493;-636;-647;-532;-698;-666;-546;-663;-489;-599;-576;-381;-473;-598;-352;-497;-407;-495;-612;-669;-611;-491;-576;-510;-616;-620;-534;-584;-593;-690;-483;
-525;-418;-432;-598;-462;-389;-473;-339;-394;-476;-383;-410;-473;-385;-479;-407;-410;-469;-321;-348;-361;-320;-448;-470;-499;-399;-406;-369;-383;-391;-384;-392;-412;-345;-400;-339;-403;-404;-376;-488;-297;-287;-315;-376;-444;-385;-382;-363;-400;-457;-471;-449;-380;-331;-306;-402;-427;-420;-400;-366;-393;-463;-347;-402;-342;-295;-382;-420;-227;-503;-483;-519;-430;-486;-479;-375;-473;-554;-586;-465;-548;-515;-524;-469;-380;-536;-475;-540;-506;-536;-633;-483;-569;-492;-430;-456;-501;-522;-479;-535;-519;-442;-516;-539;-605;-545;-610;-443;-506;-540;-398;-357;-359;-164;-283;-317;-393;-181;-89;83;267;556;617;892;811;789;880;895;836;1167;1348;1655;2117;2242;2349;2335;2078;1822;1589;1297;951;1027;838;918;1207;1438;1812;1901;2040;2041;1915;1889;1611;1585;1560;1497;1602;1597;1630;1738;1691;1662;1477;1378;1412;1175;1060;1003;998;1007;1230;1492;1643;1901;2158;2188;2363;2057;1772;1324;1165;808;826;678;723;954;1304;1474;1748;1741;1669;1632;1555;1340;1276;1027;931;837;790;860;996;1175;1298;1430;1840;1928;2133;2064;2168;1835;1837;1677;1322;1134;1110;940;790;587;745;487;340;204;98;-122;-193;-123;-276;-277;-358;-376;-439;-397;-526;-679;-591;-608;-643;-505;-673;-368;-650;-702;-586;-649;-602;-547;-448;-500;-444;-557;-638;-646;-629;-596;-394;-489;-532;-505;-501;-602;-669;-631;-690;-564;-806;-665;-615;-660;-583;-675;-609;-660;-548;-609;-525;-635;-545;-650;-628;-704;-621;-645;-579;-655;-627;-615;-430;-595;-515;-633;-738;-719;-680;-720;-678;-647;-640;-474;-485;-574;-558;-599;-621;-574;-461;-615;-778;-699;75;-594;-727;-799;-556;-615;-565;-572;-573;-650;-674;-605;
-342;-676;-376;-540;-555;-448;-502;-479;-453;-490;-537;-430;-463;-510;-455;-448;-520;-453;-481;-481;-361;-478;-447;-420;-468;-366;-477;-400;-416;-424;-404;-433;-473;-413;-426;-392;-373;-459;-367;-388;-479;-348;-442;-404;-432;-405;-339;-491;-389;-506;-613;-449;-321;-528;-419;-527;-426;-383;-426;-456;-493;-367;-571;-384;-419;-431;-368;-548;-385;-461;-553;-409;-427;-557;-449;-571;-421;-488;-413;-571;-412;-659;-529;-422;-610;-499;-461;-433;-421;-355;-643;-519;-432;-515;-579;-513;-538;-525;-489;-585;-508;-487;-564;-445;-475;-544;-617;-392;-488;-553;-550;-361;-391;-303;-310;-513;-281;-166;-293;-29;135;453;651;741;838;875;838;846;866;1114;1237;1481;1879;2150;2399;2329;2155;1801;1475;1208;994;850;966;791;1106;1342;1604;1868;2125;2096;2027;1802;1667;1558;1476;1381;1269;1517;1729;1671;1645;1661;1561;1523;1319;1123;1198;1069;835;1194;1249;1395;1646;1831;2139;2190;2271;2084;1673;1432;1124;772;711;557;760;988;1345;1650;1812;1901;1789;1536;1423;1382;1140;958;780;841;754;982;1008;1085;1386;1472;1629;1905;2062;2090;2092;1788;1716;1435;1187;1117;934;862;946;632;591;489;247;85;-178;-52;-100;-145;-221;-395;-584;-464;-631;-519;-569;-641;-619;-661;-717;-463;-491;-602;-659;-676;-690;-658;-619;-555;-480;-614;-616;-549;-639;-584;-630;-604;-476;-639;-672;-718;-613;-776;-822;-567;-641;-645;-665;-697;-628;-722;-705;-741;-569;-709;-631;-619;-714;-599;-736;-723;-654;-743;-732;-579;-692;-623;-651;-685;-561;-553;-539;-734;-616;-590;-679;-737;-715;-678;-583;-785;-560;-495;-638;-582;-673;-648;-658;-554;-665;-757;-765;-686;-636;-566;-646;-660;-759;-545;-635;-668;-660;-684;
-556;-441;-570;-436;-351;-466;-537;-345;-575;-521;-389;-429;-526;-387;-360;-330;-378;-417;-357;-276;-328;-445;-341;-243;-372;-374;-403;-343;-415;-412;-201;-396;-375;-368;-372;-302;-365;-175;-358;-278;-353;-511;-369;-331;-362;-349;-333;-409;-415;-386;-385;-426;-239;-315;-343;-392;-398;-264;-494;-441;-362;-268;-287;-376;-503;-485;-436;-495;-411;-387;-293;-308;-337;-388;-416;-551;-388;-457;-350;-477;-296;-486;-465;-465;-350;-506;-379;-469;-424;-428;-343;-488;-376;-516;-396;-443;-444;-396;-411;-382;-428;-486;-583;-377;-600;-369;-574;-428;-538;-428;-442;-300;-275;-307;-269;-198;-247;-91;-230;121;93;471;658;830;1036;991;1040;872;1057;1024;1341;1610;2049;2195;2415;2265;2250;1855;1645;1419;1173;978;925;993;1243;1446;1792;1879;2186;2198;2143;1835;1686;1585;1471;1534;1495;1488;1636;1664;1667;1825;1631;1521;1576;1321;1230;1067;1111;1206;1250;1541;1644;1924;2216;2352;2338;2115;1870;1456;1164;980;794;744;979;1143;1343;1576;1922;2006;1907;1754;1553;1405;1239;1138;958;1041;935;1067;1073;1246;1368;1754;1901;2078;2133;2097;2146;2120;1854;1638;1553;1161;1083;1094;792;697;610;522;312;263;0;-104;-127;-270;-376;-111;-444;-476;-436;-528;-535;-469;-532;-456;-511;-463;-490;-526;-521;-595;-488;-545;-564;-559;-467;-418;-467;-575;-533;-566;-584;-457;-505;-438;-575;-589;-626;-551;-588;-708;-571;-631;-599;-661;-647;-666;-562;-651;-783;-663;-603;-642;-547;-587;-623;-640;-575;-640;-515;-677;-527;-553;-747;-580;-608;-669;-506;-625;-777;-734;-574;-638;-607;-645;-521;-604;-558;-499;-589;-568;-575;-443;-528;-572;-479;-466;-560;-579;-450;-617;-732;-511;-551;-587;-501;-539;-569;-511;
-472;-403;-569;-492;-501;-436;-545;-495;-294;-431;-415;-464;-474;-427;-544;-357;-464;-499;-343;-452;-425;-511;-397;-421;-415;-426;-449;-461;-480;-420;-557;-395;-255;-289;-419;-436;-326;-363;-386;-332;-440;-469;-397;-350;-352;-371;-419;-347;-435;-449;-500;-461;-299;-276;-344;-500;-437;-399;-403;-471;-485;-352;-412;-535;-477;-487;-427;-407;-466;-429;-328;-470;-384;-397;-390;-460;-399;-527;-450;-441;-518;-473;-455;-386;-488;-425;-411;-483;-598;-665;-678;-588;-444;-481;-511;-594;-387;-576;-461;-467;-509;-544;-425;-402;-423;-556;-632;-489;-408;-327;-468;-427;-266;-325;-223;-201;-312;-161;-61;-121;194;427;766;794;1029;993;1004;1063;949;955;1296;1671;1780;2282;2242;2260;2077;1907;1680;1342;1005;1035;906;1074;1175;1508;1826;1922;2257;2349;2117;1951;1856;1437;1521;1461;1467;1575;1675;1676;1741;1592;1599;1479;1465;1339;1216;1161;1071;1129;1188;1396;1697;2056;2276;2324;2311;2119;1800;1491;1088;877;801;602;738;1204;1477;1796;1862;1856;1977;1751;1498;1401;1256;1156;900;1059;931;1016;1137;1251;1406;1712;1841;2100;2171;2078;2223;1955;1797;1774;1359;1326;1074;881;952;817;646;584;234;20;-9;-122;-352;-194;-222;-385;-245;-410;-438;-527;-551;-579;-575;-480;-568;-504;-520;-503;-563;-466;-544;-494;-522;-419;-580;-498;-619;-517;-655;-704;-607;-739;-614;-513;-515;-361;-628;-653;-555;-571;-484;-600;-662;-450;-573;-581;-595;-571;-630;-591;-734;-518;-561;-645;-515;-535;-565;-668;-673;-552;-580;-654;-740;-543;-457;-501;-611;-680;-623;-543;-577;-675;-578;-530;-583;-679;-615;-519;-571;-562;-570;-634;-559;-524;-516;-664;-502;-684;-625;-669;-580;-682;-512;-563;-576;-714;-626;-545;
-270;-415;-624;-553;-404;-324;-320;-322;-410;-392;-444;-505;-339;-358;-385;-291;-373;-318;-260;-456;-415;-296;-329;-396;-372;-233;-352;-413;-275;-228;-304;-370;-375;-203;-332;-296;-370;-406;-287;-234;-276;-182;-289;-335;-408;-447;-273;-372;-235;-145;-241;-220;-320;-304;-240;-309;-292;-284;-457;-238;-390;-399;-375;-426;-367;-334;-191;-248;-278;-414;-314;-401;-525;-431;-421;-377;-481;-331;-419;-420;-189;-409;-412;-379;-334;-495;-505;-412;-267;-465;-338;-448;-418;-352;-331;-318;-502;-390;-444;-452;-418;-460;-453;-443;-283;-524;-318;-467;-350;-435;-319;-215;-234;-276;-183;-161;-236;-181;-219;138;345;621;772;975;1089;1091;1116;980;1026;1142;1262;1680;1848;2042;2339;2290;2084;2091;1881;1503;1273;968;897;1112;1253;1504;1712;2102;2225;2124;2090;1946;1867;1584;1542;1603;1400;1559;1609;1776;1674;1748;1634;1540;1510;1456;1233;1162;1158;1223;1356;1751;1754;1989;2163;2475;2313;2081;1974;1490;1103;913;683;693;922;1049;1403;1627;2125;1987;1898;1919;1611;1484;1279;1107;951;967;980;974;1005;1413;1454;1770;1935;2191;2173;2325;2225;2157;1855;1626;1547;1178;996;941;829;565;587;475;295;119;10;-214;-230;-347;-333;-315;-336;-533;-462;-516;-455;-655;-496;-633;-521;-515;-439;-466;-627;-487;-508;-439;-557;-565;-445;-470;-482;-455;-475;-440;-452;-601;-496;-498;-454;-548;-536;-646;-599;-494;-453;-581;-575;-605;-696;-624;-483;-590;-566;-665;-685;-652;-526;-582;-529;-655;-637;-695;-533;-570;-519;-506;-621;-306;-517;-529;-496;-514;-551;-524;-482;-622;-584;-585;-528;-481;-557;-541;-472;-595;-658;-473;-499;-442;-569;-528;-440;-527;-374;-523;-545;-507;-582;-515;-639;-563;-397;-560;
-499;-611;-499;-521;-460;-508;-444;-664;-564;-428;-544;-380;-541;-607;-440;-496;-447;-540;-397;-299;-416;-362;-464;-383;-430;-437;-394;-449;-518;-399;-347;-481;-349;-331;-455;-497;-343;-351;-284;-369;-385;-539;-395;-244;-472;-390;-357;-295;-350;-432;-359;-424;-460;-235;-443;-376;-439;-347;-425;-302;-257;-473;-416;-473;-392;-522;-428;-564;-492;-434;-363;-447;-407;-410;-481;-574;-402;-486;-416;-503;-431;-430;-466;-429;-480;-599;-530;-421;-506;-516;-544;-611;-507;-395;-559;-553;-546;-491;-518;-240;-502;-375;-404;-590;-443;-543;-427;-415;-417;-395;-432;-404;-270;-112;-182;-199;-131;-166;-108;46;406;469;704;1045;1003;1106;1032;975;951;1002;1304;1495;1850;1977;2155;2235;2219;1989;1633;1315;1152;1056;960;1043;1138;1618;1744;1997;2142;2123;2131;2085;1767;1570;1274;1268;1318;1402;1485;1561;1640;1690;1608;1620;1503;1275;1094;1112;1042;1209;1307;1394;1615;1892;2040;2274;2200;2178;1774;1388;1042;831;537;626;799;1138;1395;1654;1837;1984;1995;1899;1578;1300;1147;1019;912;945;993;968;1086;1216;1327;1607;1835;2021;2180;2089;2308;1970;2033;1550;1362;1066;918;745;828;546;442;383;237;83;-196;-281;-302;-291;-304;-354;-460;-484;-535;-644;-719;-564;-624;-658;-585;-579;-558;-574;-597;-611;-584;-658;-505;-720;-539;-568;-668;-570;-588;-623;-614;-462;-471;-665;-514;-601;-593;-498;-721;-621;-590;-585;-625;-658;-639;-643;-665;-675;-784;-709;-614;-765;-602;-592;-642;-708;-583;-582;-698;-510;-614;-688;-532;-618;-525;-509;-742;-730;-558;-743;-675;-635;-749;-627;-690;-547;-554;-544;-677;-594;-709;-558;-603;-545;-503;-578;-573;-457;-510;-516;-654;-489;-484;-544;-537;-689;-664;-587;
-539;-525;-551;-525;-541;-451;-514;-408;-435;-456;-521;-577;-542;-396;-499;-593;-483;-462;-377;-476;-371;-314;-396;-375;-504;-417;-468;-301;-516;-430;-361;-423;-467;-391;-342;-239;-489;-493;-542;-398;-414;-612;-362;-288;-268;-308;-437;-331;-353;-361;-372;-438;-444;-458;-483;-329;-445;-350;-396;-494;-264;-386;-491;-567;-409;-364;-442;-386;-514;-268;-458;-465;-483;-446;-539;-467;-363;-508;-410;-341;-547;-510;-502;-507;-552;-599;-549;-465;-615;-456;-453;-477;-580;-437;-539;-508;-529;-663;-564;-481;-574;-378;-521;-566;-426;-434;-451;-583;-563;-452;-470;-284;-290;-339;-221;-272;-101;-124;-68;-25;192;444;777;880;1162;1168;1011;993;966;1038;1296;1335;1743;2106;2192;2194;2041;2023;1914;1582;1259;1055;995;980;1246;1470;1887;1963;2228;2274;2203;2005;1842;1595;1422;1354;1307;1386;1506;1536;1657;1575;1546;1456;1368;1274;1204;1064;1346;1247;1392;1496;1746;1901;2133;2231;2256;2059;1733;1325;1061;623;513;743;723;1051;1184;1797;1746;2004;1959;1843;1657;1324;1200;1025;789;748;960;1008;942;1132;1463;1633;1786;1919;2255;2182;2133;1959;1898;1672;1312;1276;992;757;625;444;461;354;101;-164;-240;-370;-414;-402;-388;-470;-565;-554;-488;-788;-697;-627;-581;-599;-710;-703;-637;-578;-661;-608;-671;-656;-547;-756;-500;-618;-600;-550;-672;-723;-733;-642;-620;-653;-610;-645;-590;-711;-680;-560;-718;-817;-611;-484;-672;-694;-569;-743;-702;-644;-834;-637;-629;-645;-670;-564;-627;-717;-667;-586;-635;-729;-526;-611;-610;-668;-614;-588;-608;-763;-571;-728;-759;-748;-645;-559;-493;-712;-618;-598;-636;-624;-643;-573;-623;-648;-636;-498;-560;-647;-591;-571;-664;-629;-647;-601;-493;-656;
-409;-300;-491;-321;-416;-411;-458;-301;-370;-396;-369;-341;-339;-297;-379;-296;-313;-275;-312;-362;-382;-328;-300;-279;-342;-341;-391;-289;-314;-158;-295;-228;-252;-273;-267;-317;-161;-313;-263;-89;-311;-297;-294;-78;-278;-314;-365;-253;-341;-82;-267;-317;-293;-219;-162;-192;-368;-201;-135;-237;-440;-342;-318;-350;-310;-300;-268;-207;-295;-289;-415;-401;-285;-436;-351;-374;-386;-238;-341;-253;-323;-497;-377;-466;-331;-362;-362;-203;-416;-450;-426;-430;-306;-361;-355;-427;-423;-311;-453;-466;-347;-463;-471;-269;-357;-422;-441;-379;-376;-341;-243;-209;-31;-91;67;-13;-73;-117;-36;111;260;591;964;1195;1343;1351;1402;1234;1161;1166;1204;1519;1909;2120;2240;2441;2582;2038;1923;1766;1660;1321;1293;1455;1464;1630;2057;2285;2547;2652;2462;2147;2001;1675;1596;1347;1487;1610;1612;1616;1822;1744;1842;1800;1756;1626;1498;1402;1382;1378;1441;1743;1773;2031;2389;2426;2387;2175;1856;1648;1186;1028;661;736;1017;1234;1586;1675;1989;2138;2219;2247;1791;1687;1302;1200;1151;928;1009;1243;1217;1383;1604;1734;2075;2267;2391;2212;2232;2137;2022;1661;1474;1260;1040;837;824;643;562;277;229;116;-76;-301;-101;-185;-375;-327;-389;-463;-419;-514;-670;-662;-458;-471;-619;-457;-446;-592;-587;-502;-530;-593;-521;-498;-487;-475;-393;-561;-635;-617;-504;-502;-361;-554;-578;-586;-558;-511;-615;-532;-535;-514;-474;-466;-552;-644;-409;-588;-404;-551;-484;-470;-560;-610;-570;-461;-614;-540;-553;-588;-530;-426;-448;-519;-335;-558;-473;-450;-512;-546;-512;-476;-428;-600;-420;-405;-335;-371;-415;-330;-492;-451;-367;-594;-506;-436;-565;-518;-318;-487;-496;-590;-562;-464;-442;-431;-418;-394;
-537;-516;-547;-486;-570;-432;-525;-558;-420;-576;-463;-391;-378;-354;-392;-501;-563;-498;-488;-587;-447;-437;-412;-529;-487;-508;-365;-432;-400;-451;-327;-372;-400;-235;-582;-492;-340;-413;-456;-281;-297;-444;-300;-260;-433;-389;-501;-419;-423;-446;-386;-394;-420;-326;-390;-497;-370;-414;-363;-385;-399;-395;-271;-280;-278;-383;-481;-482;-410;-392;-339;-437;-463;-510;-495;-310;-413;-257;-472;-271;-464;-529;-465;-383;-568;-586;-449;-537;-585;-517;-556;-382;-405;-519;-545;-418;-518;-404;-386;-533;-545;-495;-366;-423;-585;-500;-542;-627;-576;-524;-466;-363;-254;-58;-41;-237;-147;-188;-152;54;162;700;827;1048;1351;1354;1286;1122;1166;1068;1272;1561;1856;2065;2219;2325;2173;2129;2032;1773;1447;1407;1234;1296;1422;1560;1864;2118;2410;2416;2414;2222;1938;1615;1488;1270;1163;1383;1474;1729;1816;1842;1776;1814;1599;1541;1406;1252;1218;1354;1421;1492;1913;2056;2154;2344;2302;2087;1879;1542;1073;834;597;711;770;1163;1260;1620;1966;2022;2018;1977;1778;1380;1178;926;886;744;789;829;963;1166;1315;1633;1736;1929;2168;2212;2075;2002;1996;1483;1286;1022;923;795;658;393;282;224;137;-168;-63;-357;-467;-360;-445;-417;-449;-595;-673;-689;-554;-728;-571;-714;-605;-527;-674;-648;-643;-633;-778;-753;-693;-492;-626;-539;-550;-724;-580;-582;-773;-713;-640;-688;-604;-510;-712;-709;-603;-739;-670;-590;-762;-631;-661;-694;-812;-724;-603;-596;-758;-609;-576;-646;-661;-729;-627;-739;-731;-740;-641;-628;-629;-599;-576;-547;-685;-741;-666;-446;-636;-636;-716;-795;-569;-491;-509;-610;-699;-686;-688;-545;-563;-622;-545;-666;-474;-560;-522;-578;-549;-656;-593;-574;-717;-579;-609;-510;
-468;-576;-353;-462;-516;-336;-374;-395;-392;-402;-353;-361;-363;-504;-457;-317;-359;-486;-447;-288;-370;-316;-376;-257;-391;-398;-495;-328;-360;-245;-256;-428;-365;-542;-336;-290;-418;-273;-370;-310;-368;-274;-328;-310;-318;-353;-277;-371;-283;-319;-264;-234;-231;-283;-326;-451;-426;-313;-230;-471;-222;-314;-339;-330;-320;-369;-325;-421;-467;-421;-407;-339;-450;-424;-450;-349;-518;-324;-373;-411;-369;-358;-371;-480;-422;-399;-312;-240;-300;-384;-479;-484;-406;-304;-491;-260;-400;-389;-505;-444;-380;-409;-422;-354;-460;-493;-425;-432;-388;-410;-420;-158;-293;-195;-81;-128;-110;-93;24;63;362;618;876;1136;1328;1335;1398;1376;1161;1338;1220;1560;1783;2034;2109;2393;2502;2301;2192;2001;1763;1494;1469;1433;1592;1712;2038;2357;2604;2684;2617;2319;2191;1927;1511;1510;1410;1504;1759;1891;1842;1979;1945;2000;1967;1593;1736;1343;1441;1515;1604;1682;1895;2219;2310;2415;2442;2348;2061;1653;1287;877;824;717;830;1177;1484;1836;2004;2323;2261;2233;2061;1602;1363;1152;985;1008;1058;1132;1230;1451;1535;1815;2054;2029;2255;2304;2213;2235;1980;1942;1480;1085;1061;904;618;379;485;298;134;-122;-213;-227;-294;-452;-331;-396;-503;-520;-549;-547;-596;-424;-507;-631;-425;-361;-660;-497;-487;-569;-493;-475;-558;-521;-522;-493;-614;-640;-743;-588;-583;-517;-661;-574;-504;-604;-613;-490;-591;-663;-668;-602;-583;-669;-650;-494;-581;-662;-678;-639;-603;-574;-614;-590;-562;-576;-523;-473;-619;-518;-516;-707;-590;-799;-570;-540;-512;-570;-641;-610;-573;-655;-574;-505;-458;-379;-570;-429;-688;-572;-536;-636;-618;-605;-452;-580;-501;-501;-648;-556;-627;-583;-455;-667;-538;-515;-544;-558;
-485;-612;-631;-528;-396;-512;-561;-568;-527;-549;-472;-546;-489;-500;-521;-394;-532;-455;-483;-477;-573;-427;-567;-407;-392;-389;-438;-338;-438;-477;-336;-469;-385;-315;-414;-354;-164;-370;-372;-416;-369;-322;-260;-373;-254;-265;-241;-210;-305;-365;-419;-290;-266;-257;-344;-488;-459;-243;-297;-291;-310;-333;-246;-417;-341;-495;-359;-289;-342;-383;-348;-450;-478;-448;-403;-339;-343;-426;-207;-397;-342;-304;-436;-354;-352;-368;-481;-371;-470;-487;-499;-344;-418;-481;-399;-516;-501;-459;-454;-387;-431;-446;-497;-400;-516;-497;-528;-410;-478;-364;-463;-208;-140;-143;-76;-175;-104;-66;-71;-25;319;674;899;1194;1373;1563;1287;1300;1257;1260;1379;1487;1745;2040;2292;2421;2572;2411;2122;1921;1726;1603;1390;1280;1454;1627;2148;2453;2555;2519;2638;2632;2176;1815;1633;1530;1575;1511;1762;1821;1919;1970;2013;1960;1874;1903;1779;1572;1502;1490;1538;1769;1901;2213;2427;2584;2449;2390;2073;1731;1455;1000;861;731;876;1145;1487;1875;2174;2416;2451;2293;1974;1760;1490;1327;1080;929;1041;1209;1404;1480;1543;1804;1966;2361;2301;2470;2533;2381;2203;1882;1628;1231;1131;941;788;565;537;352;136;-17;-135;-345;-290;-406;-528;-614;-392;-564;-603;-700;-620;-614;-480;-667;-420;-662;-560;-502;-580;-704;-613;-671;-632;-676;-682;-456;-519;-697;-569;-663;-734;-475;-487;-583;-610;-557;-609;-580;-717;-861;-660;-558;-549;-633;-778;-729;-779;-611;-607;-491;-563;-536;-547;-631;-498;-654;-679;-591;-600;-643;-586;-445;-530;-443;-621;-625;-618;-711;-680;-518;-555;-582;-435;-536;-593;-568;-466;-477;-646;-450;-573;-578;-580;-689;-511;-578;-565;-543;-435;-504;-521;-697;-584;-604;-492;-572;-620;-635;
-415;-541;-455;-337;-473;-421;-434;-537;-545;-549;-410;-445;-316;-351;-351;-291;-489;-515;-341;-357;-340;-354;-321;-330;-436;-442;-279;-89;-375;-262;-390;-290;-290;-246;-238;-214;-317;-260;-230;-303;-324;-243;-168;-289;-283;-191;-153;-217;-255;-287;-203;-157;-300;-312;-211;-256;-250;-145;-233;-200;-248;-220;-358;-243;-335;-338;-261;-333;-411;-332;-390;-297;-382;-210;-242;-147;-208;-261;-318;-417;-330;-423;-339;-337;-258;-395;-293;-339;-337;-256;-288;-350;-318;-393;-481;-365;-405;-384;-387;-407;-492;-382;-374;-497;-259;-335;-442;-351;-360;-288;-235;-160;-221;-40;41;37;97;-107;220;234;468;844;1048;1337;1520;1544;1474;1419;1368;1202;1433;1514;1770;2108;2318;2518;2504;2573;2344;2106;1866;1664;1569;1562;1670;1864;2309;2574;2853;2817;2820;2609;2403;2102;1849;1820;1839;1794;1777;2036;2032;2149;2144;2226;2163;1989;2025;1809;1664;1697;1765;2011;2257;2296;2557;2787;2684;2621;2291;2044;1421;1277;996;946;1055;1210;1626;2053;2285;2688;2904;2526;2343;1930;1589;1436;1194;1104;1203;1320;1324;1582;1756;2039;2226;2408;2616;2657;2673;2665;2411;2243;1830;1534;1064;925;852;608;595;314;156;135;-147;-108;-261;-223;-212;-333;-342;-422;-347;-559;-776;-489;-538;-533;-531;-357;-462;-361;-401;-417;-359;-490;-511;-466;-368;-378;-452;-596;-533;-413;-510;-437;-365;-585;-433;-515;-565;-580;-517;-556;-512;-519;-745;-790;-430;-647;-622;-475;-497;-601;-606;-518;-454;-456;-518;-436;-545;-623;-420;-486;-514;-473;-353;-331;-365;-375;-406;-445;-389;-427;-348;-366;-242;-431;-585;-367;-499;-367;-392;-367;-505;-485;-590;-414;-396;-391;-481;-365;-434;-426;-488;-473;-477;-485;-584;-469;-402;-473;
-635;-620;-541;-539;-509;-345;-536;-509;-564;-459;-527;-476;-383;-561;-469;-591;-442;-507;-511;-407;-581;-471;-405;-409;-529;-419;-448;-407;-328;-415;-330;-364;-390;-316;-377;-283;-425;-472;-405;-349;-356;-342;-397;-360;-379;-338;-315;-296;-395;-360;-359;-453;-237;-274;-426;-190;-436;-340;-293;-365;-363;-499;-367;-426;-512;-484;-528;-418;-436;-480;-330;-437;-401;-398;-466;-489;-318;-380;-437;-441;-442;-380;-504;-430;-446;-437;-504;-540;-381;-401;-588;-479;-531;-466;-364;-460;-516;-484;-477;-488;-511;-469;-387;-551;-556;-415;-413;-446;-487;-342;-216;-245;-92;-51;-227;144;-71;-63;50;146;438;640;948;1393;1392;1504;1464;1345;1350;1286;1226;1492;1717;1946;2210;2392;2461;2403;2234;1999;1752;1698;1514;1598;1619;1876;2198;2506;2798;2764;2706;2601;2366;1984;1680;1603;1423;1564;1701;1934;2094;2142;2124;2218;2037;1981;1956;1798;1568;1633;1669;1917;1979;2395;2457;2625;2630;2426;2148;1774;1361;1134;861;877;1043;1334;1616;1944;2288;2660;2663;2595;2342;1852;1548;1284;1256;1112;1095;1273;1514;1681;1704;1959;2242;2429;2476;2616;2686;2597;2268;2166;1808;1327;1067;897;867;467;378;360;162;61;-112;-359;-341;-496;-444;-365;-397;-568;-527;-587;-609;-624;-752;-680;-560;-494;-542;-516;-629;-594;-499;-443;-478;-558;-505;-604;-522;-506;-457;-595;-614;-479;-533;-444;-584;-570;-618;-552;-507;-636;-536;-615;-598;-678;-608;-540;-795;-703;-661;-600;-606;-571;-664;-463;-526;-468;-615;-486;-671;-686;-472;-530;-570;-429;-419;-516;-480;-462;-551;-594;-571;-603;-538;-383;-638;-483;-481;-482;-490;-630;-518;-516;-593;-688;-488;-538;-573;-588;-576;-576;-548;-468;-526;-546;-593;-592;-499;-496;
-544;-605;-579;-620;-533;-561;-541;-410;-594;-537;-601;-593;-511;-590;-468;-603;-508;-388;-338;-544;-459;-585;-425;-517;-447;-380;-590;-484;-368;-298;-493;-298;-488;-528;-359;-349;-349;-315;-555;-312;-293;-502;-380;-397;-273;-391;-297;-400;-311;-404;-323;-201;-413;-381;-412;-439;-423;-451;-342;-400;-263;-468;-492;-466;-385;-392;-407;-292;-373;-467;-393;-316;-507;-398;-531;-263;-382;-348;-356;-359;-289;-400;-435;-480;-544;-460;-394;-407;-367;-476;-489;-575;-465;-440;-523;-431;-423;-528;-624;-418;-467;-392;-444;-582;-478;-437;-516;-430;-618;-426;-438;-221;-211;-270;-51;-44;-46;-74;35;128;491;655;1084;1291;1570;1426;1469;1330;1235;1329;1131;1425;1638;1942;2112;2147;2420;2237;2226;2071;1905;1750;1544;1598;1598;1877;2210;2381;2816;2737;2648;2570;2285;1979;1676;1632;1469;1542;1716;1729;1979;2024;2198;2155;2136;2056;2020;1778;1706;1571;1684;1879;2136;2323;2606;2674;2590;2408;2236;1805;1493;1139;962;873;1008;1224;1625;2016;2401;2624;2777;2633;2274;1966;1533;1341;1163;1066;1243;1364;1467;1705;1836;2181;2410;2493;2571;2610;2569;2550;2402;2044;1896;1372;1121;745;665;511;342;306;-11;1;-218;-300;-339;-445;-429;-405;-486;-561;-621;-700;-550;-633;-747;-595;-569;-618;-595;-639;-512;-594;-514;-537;-502;-433;-462;-448;-468;-602;-657;-598;-649;-502;-523;-632;-589;-689;-648;-723;-666;-624;-696;-728;-743;-647;-635;-684;-706;-560;-695;-523;-559;-598;-568;-581;-660;-564;-635;-444;-564;-532;-681;-610;-562;-415;-582;-625;-567;-410;-466;-465;-549;-553;-427;-289;-476;-517;-611;-569;-477;-563;-447;-606;-593;-541;-578;-626;-462;-593;-533;-662;-470;-592;-543;-533;-488;-510;-527;-537;
-454;-531;-481;-439;-547;-558;-558;-580;-526;-561;-428;-506;-480;-596;-548;-472;-500;-479;-357;-560;-488;-382;-452;-373;-514;-417;-348;-352;-439;-391;-466;-434;-335;-444;-203;-394;-379;-411;-320;-348;-278;-408;-266;-434;-293;-276;-394;-336;-302;-291;-234;-296;-308;-247;-374;-318;-264;-349;-365;-300;-522;-327;-428;-398;-537;-467;-444;-277;-393;-342;-353;-388;-397;-378;-529;-321;-426;-329;-418;-331;-399;-575;-345;-490;-537;-386;-358;-466;-423;-471;-459;-616;-446;-438;-461;-536;-420;-424;-408;-543;-480;-520;-555;-339;-517;-355;-451;-481;-515;-423;-415;-256;-284;-150;69;-27;-215;28;26;125;377;746;991;1195;1518;1603;1486;1404;1286;1300;1195;1301;1658;1811;1899;2270;2420;2303;2294;2058;1945;1734;1676;1576;1689;1858;1925;2455;2564;2694;2706;2474;2313;1917;1729;1587;1375;1568;1659;1908;1925;2070;2052;2227;2121;2030;1956;1899;1697;1643;1961;1873;2195;2237;2423;2639;2615;2379;2108;1833;1372;1129;954;999;964;1236;1681;2170;2537;2604;2770;2554;2187;1828;1484;1354;1107;1069;1331;1412;1490;1795;1961;2134;2303;2519;2611;2718;2872;2535;2542;2118;1714;1304;1120;870;613;408;399;389;48;-45;-260;-471;-483;-516;-441;-369;-488;-569;-575;-645;-670;-638;-575;-587;-529;-584;-522;-630;-657;-634;-624;-513;-573;-654;-525;-561;-508;-556;-678;-517;-595;-562;-542;-426;-712;-554;-599;-660;-673;-628;-643;-684;-680;-611;-589;-698;-633;-640;-638;-602;-473;-635;-572;-513;-627;-518;-669;-569;-529;-517;-570;-548;-587;-539;-615;-333;-506;-581;-529;-643;-604;-525;-608;-512;-679;-584;-430;-654;-494;-580;-374;-461;-498;-550;-582;-460;-444;-561;-511;-700;-491;-503;-558;-586;-659;-617;-516;-338;
-504;-469;-485;-448;-585;-517;-470;-591;-480;-426;-362;-429;-544;-556;-488;-486;-556;-451;-487;-367;-449;-586;-383;-474;-369;-335;-307;-332;-349;-421;-333;-413;-283;-374;-241;-337;-461;-251;-320;-308;-296;-392;-346;-462;-285;-301;-331;-271;-340;-383;-377;-173;-352;-333;-343;-222;-330;-321;-273;-330;-469;-346;-256;-293;-273;-281;-428;-343;-362;-365;-402;-409;-387;-277;-373;-367;-402;-300;-391;-536;-366;-275;-513;-372;-392;-521;-493;-476;-442;-502;-563;-339;-473;-463;-464;-376;-568;-646;-524;-387;-301;-537;-404;-278;-475;-511;-428;-435;-469;-390;-334;-257;-165;-99;-41;40;8;131;30;165;441;666;1018;1294;1398;1500;1604;1463;1439;1265;1274;1317;1627;1815;1963;2150;2250;2425;2417;2170;2085;1877;1650;1670;1751;1808;2144;2350;2796;2737;2896;2560;2254;1926;1701;1471;1476;1512;1596;1863;1864;1926;2119;2176;2068;2001;1902;1800;1685;1628;1803;1840;2139;2215;2388;2437;2588;2371;2101;1654;1412;1037;943;786;1017;1213;1756;2024;2443;2728;2680;2465;2142;1857;1545;1263;995;1006;1225;1175;1487;1737;1792;2013;2294;2575;2677;2758;2768;2593;2401;2090;1703;1433;1013;740;483;399;247;87;-40;-221;-303;-389;-487;-438;-439;-556;-569;-606;-590;-726;-654;-620;-836;-573;-668;-695;-684;-612;-576;-618;-720;-665;-512;-582;-558;-674;-557;-747;-586;-567;-663;-714;-624;-690;-703;-653;-621;-570;-628;-564;-841;-611;-620;-594;-647;-630;-684;-654;-673;-686;-692;-825;-614;-555;-588;-749;-491;-514;-635;-482;-616;-482;-384;-553;-578;-549;-509;-560;-466;-612;-485;-624;-617;-449;-628;-539;-707;-542;-512;-529;-639;-491;-525;-654;-604;-512;-507;-508;-663;-592;-553;-584;-546;-501;-408;-542;-524;-486;
-576;-521;-482;-477;-443;-395;-390;-305;-405;-446;-223;-230;-397;-325;-361;-378;-267;-346;-222;-405;-374;-290;-267;-405;-236;-184;-293;-262;-295;-379;-319;-410;-309;-306;-348;-161;-371;-381;-226;-210;-214;-338;-278;-401;-193;-122;-206;-295;-96;-354;-186;-228;-326;-217;-233;-226;-287;-309;-266;-206;-181;-216;-246;-168;-303;-294;-269;-295;-408;-146;-372;-259;-255;-277;-278;-286;-189;-332;-258;-296;-348;-302;-287;-346;-389;-310;-284;-415;-403;-355;-352;-249;-310;-439;-429;-272;-249;-335;-312;-311;-291;-383;-447;-370;-345;-282;-320;-440;-391;-197;-145;-203;-138;24;131;153;194;139;261;327;553;818;1018;1490;1703;1677;1753;1582;1433;1379;1253;1376;1632;1714;2095;2150;2426;2501;2512;2334;2198;1955;1926;1859;1923;2112;2322;2694;2790;3030;2908;2793;2516;2109;1834;1536;1528;1558;1725;1733;2102;2191;2136;2273;2362;2329;2164;1907;1996;1900;1919;2031;2274;2365;2630;2738;2626;2453;2259;1927;1490;1298;1018;905;1232;1498;1862;2139;2606;2724;2851;2603;2286;2020;1803;1263;1101;1162;1231;1349;1629;1718;1994;2333;2520;2686;2787;2909;2747;2723;2350;2217;1901;1486;1033;859;583;384;334;323;121;-76;-116;-159;-371;-487;-490;-300;-342;-410;-500;-410;-490;-421;-543;-496;-458;-352;-392;-461;-375;-403;-413;-339;-480;-415;-477;-385;-386;-490;-620;-497;-430;-491;-490;-443;-491;-516;-396;-611;-653;-450;-565;-624;-463;-525;-586;-583;-609;-667;-576;-536;-500;-546;-521;-512;-350;-417;-386;-542;-437;-436;-418;-417;-389;-493;-410;-412;-439;-482;-543;-568;-324;-330;-377;-457;-451;-468;-506;-440;-466;-466;-456;-373;-346;-361;-311;-417;-449;-422;-576;-316;-339;-285;-349;-375;-367;-480;-490;-378;
-415;-587;-486;-418;-471;-488;-425;-468;-455;-486;-487;-536;-384;-353;-381;-469;-455;-503;-439;-311;-254;-270;-386;-276;-294;-365;-333;-484;-202;-234;-302;-232;-344;-396;-395;-210;-296;-374;-371;-365;-446;-224;-195;-357;-278;-265;-313;-334;-294;-333;-242;-225;-347;-189;-150;-146;-382;-332;-294;-214;-254;-404;-250;-247;-243;-214;-249;-361;-289;-331;-407;-393;-162;-312;-405;-302;-410;-443;-441;-356;-352;-409;-192;-325;-317;-361;-470;-458;-306;-379;-335;-269;-413;-425;-450;-272;-535;-466;-421;-341;-477;-336;-443;-345;-392;-301;-311;-455;-324;-305;-252;-279;-131;55;-50;288;82;92;75;257;513;715;1091;1385;1607;1755;1696;1649;1560;1485;1222;1328;1582;1684;1858;2176;2295;2493;2585;2440;2406;2225;1876;1908;1914;2066;2394;2563;2795;3070;2962;2670;2461;2225;1825;1551;1644;1625;1653;1725;1887;2076;2078;2202;2148;2176;2145;1889;1937;1941;2020;2139;2292;2363;2679;2594;2652;2470;2226;1805;1506;1177;934;1040;1010;1454;1895;2189;2569;2824;2832;2853;2419;1959;1616;1261;1046;1060;1145;1387;1523;1765;1922;2112;2249;2505;2771;2704;2884;2689;2323;2089;1744;1306;852;750;645;496;222;60;61;-329;-196;-300;-377;-406;-434;-385;-478;-567;-453;-571;-529;-553;-435;-553;-474;-428;-454;-575;-524;-466;-498;-523;-575;-430;-389;-473;-514;-388;-460;-500;-420;-610;-521;-578;-533;-414;-592;-485;-464;-560;-532;-552;-603;-472;-505;-629;-542;-469;-626;-716;-570;-552;-445;-480;-539;-484;-493;-527;-280;-277;-489;-485;-526;-490;-408;-581;-548;-470;-462;-424;-713;-478;-566;-287;-492;-341;-430;-470;-356;-422;-548;-363;-491;-533;-493;-549;-530;-472;-463;-484;-325;-373;-401;-531;-420;-436;-453;-382;
-544;-507;-393;-433;-484;-479;-591;-534;-455;-404;-485;-343;-387;-343;-448;-369;-312;-495;-321;-442;-513;-343;-301;-438;-404;-310;-339;-401;-261;-460;-255;-414;-349;-346;-338;-337;-348;-284;-308;-280;-224;-291;-227;-158;-219;-267;-265;-359;-249;-321;-338;-258;-294;-277;-332;-191;-424;-251;-229;-344;-137;-334;-264;-267;-206;-238;-310;-257;-197;-418;-265;-287;-440;-269;-248;-237;-394;-350;-329;-416;-323;-414;-426;-433;-356;-250;-364;-468;-551;-304;-388;-464;-423;-399;-303;-423;-425;-493;-498;-476;-392;-370;-442;-317;-431;-284;-556;-296;-365;-432;-158;-114;-194;104;184;260;81;10;161;235;458;877;994;1304;1754;1802;1706;1700;1449;1412;1323;1334;1541;1763;2057;2252;2417;2676;2632;2538;2367;2150;2143;1835;2121;2151;2496;2634;2882;3029;2920;2817;2485;2195;1860;1736;1440;1498;1613;1810;1940;2095;2267;2334;2252;2191;2069;2060;1993;2067;1968;2172;2312;2420;2611;2690;2735;2647;2399;2002;1535;1276;1065;1041;1226;1302;1819;2244;2632;2900;2931;2678;2519;2034;1583;1181;1122;993;1083;1373;1469;1741;1889;2050;2392;2610;2741;2666;2734;2639;2337;2048;1572;1195;694;709;473;418;109;31;-113;-222;-370;-494;-452;-441;-465;-443;-519;-527;-404;-620;-551;-499;-476;-442;-488;-521;-542;-533;-538;-558;-514;-451;-544;-545;-472;-569;-530;-517;-725;-574;-571;-486;-550;-605;-648;-533;-488;-583;-606;-591;-563;-519;-619;-598;-445;-610;-636;-596;-477;-557;-662;-551;-531;-567;-500;-543;-418;-457;-541;-485;-602;-394;-363;-393;-475;-573;-558;-507;-365;-461;-419;-412;-485;-361;-410;-618;-594;-410;-454;-644;-533;-558;-312;-379;-573;-469;-430;-416;-476;-372;-481;-372;-339;-472;-513;-534;-442;-453;
-723;-536;-577;-614;-566;-471;-503;-607;-526;-428;-452;-577;-419;-619;-417;-488;-477;-569;-475;-583;-536;-411;-468;-419;-542;-367;-387;-551;-458;-458;-663;-388;-482;-574;-415;-465;-369;-499;-399;-328;-405;-480;-391;-383;-369;-454;-286;-320;-448;-433;-203;-405;-497;-289;-248;-314;-295;-386;-378;-257;-500;-445;-414;-457;-234;-403;-396;-425;-328;-324;-342;-352;-491;-425;-404;-453;-591;-420;-432;-391;-314;-473;-495;-542;-381;-409;-481;-546;-544;-626;-578;-438;-423;-453;-437;-475;-515;-507;-453;-429;-392;-471;-511;-461;-522;-447;-313;-536;-526;-370;-351;-205;-173;-224;5;-11;66;2;131;196;448;678;1096;1261;1458;1498;1626;1496;1425;1422;1258;1420;1483;1640;2073;2233;2439;2473;2639;2572;2546;2301;2105;1944;2036;2090;2365;2648;3009;2921;3092;2847;2480;2335;2010;1592;1622;1440;1540;1748;1832;2250;2264;2422;2421;2316;2285;2045;1974;1972;2041;2276;2247;2425;2621;2684;2577;2512;2204;2012;1559;1211;1201;1002;1174;1416;1800;2307;2664;2935;2925;2647;2457;1963;1463;1301;1047;1049;1030;1240;1373;1705;2030;2102;2214;2356;2549;2670;2710;2688;2266;1954;1539;1122;782;614;289;199;-11;-25;-117;-344;-602;-559;-568;-594;-607;-596;-546;-682;-846;-695;-695;-592;-681;-754;-487;-493;-547;-578;-611;-470;-631;-509;-585;-467;-518;-573;-629;-666;-839;-628;-718;-554;-661;-633;-768;-623;-696;-694;-568;-729;-657;-718;-658;-636;-609;-669;-774;-670;-612;-814;-738;-564;-753;-581;-539;-605;-611;-789;-505;-554;-594;-464;-608;-532;-443;-513;-509;-451;-635;-507;-511;-561;-389;-627;-614;-532;-585;-551;-502;-596;-608;-636;-701;-503;-554;-467;-622;-431;-681;-551;-679;-540;-543;-518;-453;-660;-723;-539;
445;-556;-387;-521;-519;-488;-557;-469;-318;-421;-449;-382;-504;-413;-327;-380;-441;-413;-378;-268;-490;-510;-521;-357;-393;-366;-514;-377;-351;-257;-309;-360;-315;-300;-177;-475;-305;-232;-300;-231;-317;-140;-139;-278;-220;-224;-171;-150;-225;-261;-375;-190;-208;-146;-320;-321;-291;-278;-296;-322;-197;-314;-228;-342;-301;-374;-244;-322;-326;-230;-302;-266;-271;-420;-332;-337;-326;-284;-402;-513;-359;-350;-213;-409;-463;-395;-280;-377;-505;-410;-310;-438;-343;-398;-211;-349;-319;-339;-437;-380;-367;-241;-283;-246;-373;-310;-360;-447;-313;-219;-154;-130;-26;36;125;168;112;153;379;384;537;844;1020;1358;1790;1918;1805;1711;1676;1432;1570;1401;1405;1800;2040;2305;2522;2816;2840;2831;2744;2622;2233;2282;2214;2385;2574;2881;3189;3171;3248;3166;2712;2544;2127;1888;1643;1713;1896;2121;2280;2525;2493;2591;2628;2505;2448;2467;2305;2273;2211;2309;2484;2686;2800;3048;2844;2728;2456;2162;1872;1538;1304;1337;1433;1671;2010;2407;2907;3169;3181;3010;2715;2165;1854;1522;1230;1241;1214;1374;1615;1927;2089;2311;2439;2627;2871;2922;2906;2818;2439;2124;1783;1377;935;634;464;378;221;209;-136;-105;-268;-536;-504;-467;-422;-418;-357;-417;-513;-513;-463;-587;-506;-473;-355;-314;-417;-343;-533;-372;-478;-406;-365;-422;-355;-498;-485;-444;-447;-413;-501;-434;-370;-455;-575;-642;-588;-586;-492;-486;-549;-393;-589;-489;-534;-642;-437;-408;-581;-602;-484;-462;-495;-436;-456;-330;-355;-468;-490;-311;-312;-362;-457;-351;-457;-489;-487;-485;-351;-400;-495;-392;-364;-304;-455;-262;-263;-369;-378;-541;-381;-440;-351;-368;-384;-391;-462;-386;-354;-450;-440;-387;-407;-400;-394;-460;-280;-325;
-789;-646;-506;-601;-536;-606;-585;-624;-488;-594;-590;-498;-635;-586;-523;-568;-477;-503;-515;-484;-509;-551;-475;-587;-386;-453;-510;-447;-423;-500;-400;-409;-475;-448;-382;-463;-325;-205;-512;-530;-421;-426;-537;-369;-309;-375;-411;-404;-376;-386;-282;-373;-472;-466;-378;-352;-479;-392;-441;-291;-434;-346;-623;-383;-349;-422;-372;-385;-550;-391;-374;-315;-493;-444;-429;-446;-457;-415;-340;-526;-522;-394;-331;-446;-474;-332;-428;-367;-505;-670;-433;-622;-392;-437;-402;-460;-524;-542;-393;-529;-442;-480;-466;-422;-420;-505;-459;-484;-455;-488;-337;-189;-242;-153;55;26;86;-29;120;236;398;794;958;1407;1695;1689;1716;1678;1583;1391;1331;1296;1404;1738;2008;2225;2401;2725;3007;2769;2900;2604;2246;2211;2110;2218;2457;2831;3068;3141;3358;3109;2767;2211;1916;1855;1684;1629;1895;1938;2265;2448;2622;2707;2570;2635;2426;2396;2145;2155;2225;2367;2550;2791;2885;2935;2891;2858;2446;2203;1754;1458;1276;1144;1274;1689;2123;2512;3070;3214;3183;3020;2806;2268;1658;1372;1244;1178;1161;1372;1466;1791;2137;2187;2509;2719;2764;2849;2777;2755;2469;2066;1669;1140;830;492;303;258;117;76;-192;-424;-500;-462;-499;-532;-534;-487;-521;-496;-497;-552;-618;-639;-557;-549;-526;-495;-553;-505;-577;-558;-455;-445;-435;-399;-461;-535;-501;-671;-590;-575;-587;-496;-526;-567;-537;-490;-544;-550;-581;-633;-643;-665;-593;-650;-569;-607;-629;-479;-740;-642;-627;-612;-530;-512;-473;-579;-529;-512;-474;-641;-550;-467;-553;-547;-498;-553;-466;-445;-561;-502;-404;-576;-435;-459;-447;-534;-641;-519;-484;-447;-442;-540;-466;-424;-473;-518;-506;-561;-327;-520;-543;-470;-501;-615;-561;-506;-552;-355;
-570;-568;-461;-536;-412;-412;-399;-566;-537;-461;-439;-439;-487;-419;-455;-437;-511;-515;-474;-538;-530;-485;-283;-496;-358;-368;-377;-466;-302;-315;-282;-329;-330;-320;-395;-258;-372;-272;-230;-255;-393;-301;-290;-236;-300;-251;-340;-215;-354;-258;-293;-254;-349;-259;-396;-204;-202;-392;-260;-303;-357;-356;-287;-363;-290;-424;-303;-419;-392;-444;-321;-465;-364;-299;-290;-367;-279;-229;-299;-318;-304;-440;-289;-271;-422;-306;-374;-293;-279;-366;-395;-484;-452;-357;-259;-189;-419;-473;-351;-396;-309;-424;-420;-437;-268;-410;-444;-412;-419;-429;-135;-115;27;25;220;196;167;52;196;369;662;802;1204;1489;1585;1918;1923;1785;1620;1604;1364;1549;1420;1735;1983;2379;2625;2699;3014;2910;2737;2716;2433;2422;2300;2448;2700;2836;3314;3397;3280;3088;2809;2604;2277;1868;1698;1612;1780;2134;2442;2593;2806;2855;2907;2856;2811;2510;2371;2360;2531;2426;2563;2858;2977;3093;3094;2989;2717;2221;1911;1724;1443;1488;1504;1873;2207;2755;3338;3476;3504;3284;2815;2303;1857;1516;1263;1242;1472;1580;1796;1990;2142;2378;2544;2778;3014;3104;3204;2853;2719;2248;1890;1359;905;598;498;207;85;65;-55;-286;-340;-438;-415;-537;-478;-512;-566;-462;-468;-502;-502;-546;-430;-531;-437;-302;-366;-470;-464;-441;-475;-528;-480;-416;-412;-335;-519;-644;-505;-518;-532;-585;-437;-627;-686;-523;-470;-457;-506;-559;-675;-565;-550;-625;-650;-508;-590;-442;-460;-428;-494;-418;-422;-476;-479;-518;-463;-517;-426;-330;-426;-484;-414;-490;-492;-310;-369;-453;-346;-400;-387;-342;-406;-433;-268;-389;-477;-382;-418;-416;-392;-437;-354;-389;-583;-511;-357;-394;-451;-319;-396;-514;-313;-506;-558;-356;-420;-330;
-554;-596;-673;-668;-526;-629;-589;-487;-703;-758;-579;-656;-748;-501;-462;-565;-622;-540;-560;-697;-595;-495;-550;-635;-510;-610;-407;-587;-551;-471;-514;-436;-564;-373;-564;-526;-358;-356;-392;-443;-425;-401;-512;-325;-475;-508;-358;-390;-275;-405;-387;-445;-387;-381;-336;-484;-478;-386;-440;-446;-430;-474;-387;-454;-383;-428;-450;-506;-356;-480;-611;-494;-373;-602;-476;-463;-416;-508;-508;-524;-409;-532;-443;-504;-366;-464;-601;-494;-550;-552;-487;-485;-489;-551;-430;-431;-539;-529;-468;-566;-641;-523;-564;-503;-411;-438;-428;-510;-467;-412;-333;-333;-109;55;47;-4;298;102;142;236;509;720;1013;1342;1607;1673;1806;1809;1589;1266;1212;1240;1460;1592;1857;2146;2414;2771;2742;2928;2700;2754;2383;2333;2215;2254;2471;2784;3163;3253;3287;3142;2849;2497;2002;1796;1739;1751;1787;2049;2385;2579;2757;2939;3051;2928;2721;2545;2510;2366;2297;2470;2638;2844;2990;3018;2921;2751;2562;2141;1866;1616;1324;1282;1477;1755;2243;2646;3198;3304;3345;3027;2776;2211;1825;1391;1194;1257;1516;1598;1820;2082;2349;2507;2625;2834;3077;3136;3041;2950;2622;2194;1833;1273;776;501;319;93;111;-95;-230;-390;-457;-432;-559;-654;-683;-508;-632;-404;-552;-377;-666;-562;-668;-582;-456;-401;-500;-481;-515;-618;-547;-685;-637;-460;-509;-645;-639;-664;-549;-616;-583;-687;-603;-644;-575;-630;-592;-698;-647;-738;-635;-748;-565;-621;-701;-662;-621;-732;-576;-646;-658;-621;-612;-442;-600;-592;-570;-596;-543;-523;-362;-387;-553;-509;-511;-453;-501;-634;-584;-476;-454;-382;-493;-518;-448;-574;-448;-566;-395;-402;-523;-371;-481;-520;-565;-528;-437;-454;-469;-564;-571;-596;-456;-611;-511;-521;-518;-509;
-574;-554;-354;-520;-645;-584;-589;-477;-460;-472;-462;-492;-577;-539;-522;-588;-540;-539;-510;-496;-495;-482;-459;-426;-493;-584;-484;-530;-496;-436;-396;-419;-473;-506;-372;-335;-451;-366;-477;-240;-380;-360;-370;-435;-403;-325;-281;-412;-313;-328;-478;-365;-255;-252;-429;-409;-461;-352;-313;-394;-468;-154;-364;-379;-449;-481;-482;-479;-484;-307;-420;-428;-449;-274;-517;-352;-422;-423;-409;-475;-368;-437;-407;-307;-388;-445;-312;-436;-408;-634;-417;-341;-601;-422;-456;-330;-378;-552;-501;-576;-482;-518;-422;-378;-461;-342;-526;-430;-417;-352;-383;-242;-59;-24;213;218;119;218;211;197;381;746;1058;1394;1838;1853;1954;1891;1657;1429;1356;1233;1365;1713;1898;2183;2438;2609;2891;2867;2817;2737;2494;2288;2326;2180;2532;2807;3133;3358;3309;3138;2938;2548;2121;1881;1784;1713;1835;2073;2482;2652;2918;3012;3167;2878;2893;2668;2437;2451;2361;2499;2708;2768;3060;3065;3119;2989;2707;2303;1973;1609;1325;1504;1652;1889;2398;2827;3383;3379;3496;3321;2980;2367;1712;1503;1469;1251;1378;1647;1910;2205;2428;2568;2755;2999;3188;3287;3233;2955;2656;2259;1657;1212;674;424;300;151;10;-90;-241;-304;-437;-342;-523;-555;-524;-399;-487;-370;-538;-508;-670;-455;-560;-564;-407;-527;-491;-356;-446;-395;-487;-491;-634;-502;-444;-489;-565;-558;-467;-692;-627;-584;-507;-570;-666;-621;-548;-568;-593;-569;-564;-555;-674;-583;-592;-613;-537;-686;-608;-548;-629;-485;-572;-561;-520;-570;-515;-521;-432;-444;-394;-579;-407;-341;-547;-474;-629;-500;-551;-391;-454;-509;-431;-523;-483;-555;-534;-630;-414;-476;-542;-334;-382;-535;-618;-509;-557;-502;-469;-479;-482;-459;-389;-559;-558;-499;-510;-444;
-510;-706;-715;-501;-682;-569;-577;-653;-566;-438;-647;-551;-373;-545;-521;-549;-521;-577;-515;-467;-489;-513;-501;-437;-542;-432;-517;-342;-429;-394;-507;-447;-370;-382;-478;-407;-418;-371;-405;-430;-456;-368;-442;-370;-390;-389;-380;-292;-305;-356;-469;-261;-312;-373;-329;-421;-347;-418;-352;-405;-315;-366;-433;-316;-463;-474;-348;-454;-408;-470;-470;-477;-434;-349;-492;-458;-442;-411;-292;-541;-304;-448;-357;-476;-431;-352;-479;-430;-617;-470;-417;-422;-442;-418;-441;-376;-441;-583;-550;-568;-527;-577;-465;-282;-500;-483;-472;-385;-396;-478;-351;-210;-21;-160;126;72;176;154;168;336;438;661;1048;1514;1611;1951;1915;1845;1674;1356;1209;1322;1318;1431;1819;2214;2570;2701;2892;2958;2957;2607;2528;2185;2242;2280;2477;2497;3176;3276;3453;3248;2996;2636;2193;1903;1703;1708;1895;2122;2361;2625;2919;3048;3148;3047;3015;2631;2567;2491;2482;2600;2709;3015;2989;3256;3098;2913;2694;2302;2056;1721;1479;1385;1471;1825;2383;2933;3391;3451;3437;3249;2731;2305;1883;1538;1188;1373;1465;1627;1882;2042;2399;2594;2865;3041;3138;3069;3146;2986;2541;2113;1452;1335;643;386;245;41;-82;-159;-124;-441;-485;-522;-585;-416;-421;-483;-445;-414;-519;-619;-677;-548;-644;-514;-462;-395;-468;-511;-501;-429;-601;-457;-537;-492;-511;-439;-608;-605;-600;-557;-557;-717;-660;-566;-663;-625;-582;-704;-578;-586;-663;-706;-653;-625;-586;-639;-589;-606;-558;-528;-557;-655;-587;-573;-553;-488;-386;-678;-493;-508;-473;-502;-579;-371;-593;-441;-522;-488;-432;-528;-466;-288;-291;-508;-581;-531;-594;-533;-428;-289;-616;-589;-413;-524;-515;-438;-566;-575;-520;-487;-414;-403;-506;-478;-432;-576;-377;-512;
-551;-544;-526;-500;-507;-508;-499;-608;-539;-442;-518;-491;-598;-441;-485;-505;-452;-470;-455;-414;-487;-563;-399;-436;-511;-531;-287;-359;-472;-417;-406;-446;-445;-318;-378;-339;-434;-308;-373;-231;-435;-356;-372;-346;-334;-234;-251;-246;-319;-309;-261;-194;-335;-305;-345;-345;-290;-369;-376;-366;-276;-249;-280;-367;-434;-369;-297;-285;-400;-542;-321;-503;-445;-413;-264;-432;-465;-394;-276;-403;-287;-252;-410;-496;-471;-293;-343;-518;-342;-414;-395;-519;-358;-402;-443;-378;-462;-366;-340;-362;-480;-456;-439;-393;-371;-446;-434;-299;-342;-366;-376;-101;-117;20;197;292;224;196;247;357;479;642;1033;1530;1768;2092;2055;1907;1562;1541;1378;1351;1407;1706;1765;2110;2557;2820;3019;3166;3110;2957;2693;2519;2297;2326;2556;2784;3185;3307;3420;3332;2950;2602;2344;1951;1841;1847;1937;2199;2664;2792;2950;3171;3318;3146;3097;2982;2778;2660;2632;2711;2754;2867;3151;3130;3069;3079;2697;2439;2000;1759;1472;1522;1778;1932;2545;3039;3445;3650;3569;3377;3041;2430;1939;1521;1410;1437;1405;1856;2036;2235;2567;2689;2967;2966;3289;3260;3257;3063;2546;2127;1717;1092;665;536;178;19;-133;-16;-281;-332;-395;-406;-540;-381;-465;-398;-535;-449;-479;-540;-535;-424;-470;-392;-355;-381;-402;-350;-532;-492;-513;-534;-492;-608;-536;-564;-647;-536;-671;-640;-562;-514;-526;-621;-479;-602;-574;-708;-687;-591;-441;-719;-410;-394;-586;-611;-499;-593;-640;-530;-623;-624;-495;-539;-479;-596;-523;-517;-373;-474;-513;-525;-430;-456;-422;-533;-509;-476;-427;-375;-354;-495;-383;-464;-476;-467;-497;-490;-452;-473;-443;-530;-415;-343;-476;-441;-317;-427;-337;-383;-567;-498;-469;-426;-530;-427;-391;-446;
-552;-491;-506;-432;-521;-429;-485;-512;-380;-442;-355;-475;-435;-537;-447;-417;-461;-316;-435;-276;-431;-276;-543;-391;-357;-384;-515;-435;-397;-455;-320;-365;-404;-383;-357;-266;-217;-273;-326;-311;-217;-299;-266;-337;-318;-186;-168;-374;-247;-270;-334;-365;-273;-278;-239;-252;-240;-236;-241;-354;-306;-382;-234;-345;-180;-349;-238;-278;-254;-303;-215;-264;-379;-428;-332;-312;-244;-225;-251;-406;-373;-235;-322;-343;-317;-483;-464;-247;-397;-364;-265;-351;-394;-331;-404;-217;-345;-416;-434;-280;-407;-420;-256;-183;-142;-406;-362;-209;-339;-330;-315;-43;-17;158;300;242;429;285;324;293;609;856;1267;1517;1952;2206;2220;2009;2002;1647;1351;1335;1358;1649;2023;2157;2618;3059;3179;3318;3170;3085;2918;2700;2543;2362;2644;3028;3340;3586;3613;3463;3113;2788;2325;2188;1966;2013;2131;2266;2578;3035;3215;3333;3443;3354;3176;2992;2748;2608;2538;2876;3070;3103;3342;3266;3235;3031;2867;2575;2188;1944;1715;1541;1880;2204;2661;3020;3469;3829;3769;3551;3133;2406;2046;1675;1397;1470;1575;1868;2079;2304;2428;2811;2934;3053;3343;3358;3279;3087;2621;2193;1675;1049;611;523;269;104;-8;-207;-194;-278;-259;-395;-445;-323;-412;-465;-396;-303;-442;-521;-529;-435;-414;-487;-370;-405;-419;-295;-489;-454;-465;-416;-436;-293;-341;-551;-528;-519;-567;-497;-523;-519;-472;-556;-502;-389;-585;-383;-675;-472;-454;-461;-377;-477;-495;-457;-376;-443;-437;-506;-535;-558;-502;-466;-476;-342;-388;-564;-392;-315;-279;-391;-308;-450;-500;-365;-450;-522;-355;-449;-294;-471;-363;-448;-408;-448;-410;-384;-324;-502;-369;-318;-486;-277;-393;-435;-301;-424;-433;-334;-394;-374;-247;-284;-389;-391;-375;-412;
-484;-552;-568;-507;-409;-567;-495;-555;-589;-530;-402;-518;-483;-479;-550;-307;-451;-337;-464;-580;-411;-469;-524;-475;-464;-382;-353;-422;-444;-358;-460;-208;-436;-490;-355;-294;-366;-405;-407;-325;-359;-325;-416;-359;-328;-492;-281;-292;-319;-314;-239;-303;-310;-373;-281;-423;-309;-286;-370;-360;-380;-317;-294;-259;-211;-401;-389;-407;-346;-403;-362;-371;-349;-333;-285;-303;-455;-326;-333;-348;-453;-289;-420;-379;-365;-328;-498;-469;-367;-418;-394;-342;-405;-378;-229;-321;-448;-373;-363;-422;-454;-442;-295;-147;-324;-256;-333;-382;-430;-350;-367;-232;21;353;170;361;425;410;316;413;446;849;1264;1559;1918;2059;2079;2013;1793;1727;1453;1148;1211;1489;1748;2111;2617;3002;3289;3491;3469;3328;3125;2845;2623;2511;2730;2982;3173;3417;3578;3510;3249;2849;2511;2293;1986;1825;1957;2322;2663;2972;3173;3353;3463;3606;3233;3085;2885;2759;2725;2890;2963;2994;3211;3362;3156;3105;3027;2479;2239;1827;1758;1642;1668;2228;2622;3170;3471;3947;3695;3527;3024;2554;1949;1569;1330;1405;1512;1719;2133;2281;2410;2791;3088;3134;3287;3390;3179;2925;2567;2115;1596;1109;709;335;277;-43;24;-291;-287;-448;-520;-382;-487;-416;-436;-413;-546;-409;-471;-511;-502;-570;-445;-369;-460;-384;-340;-367;-500;-520;-552;-569;-594;-587;-386;-450;-539;-478;-588;-581;-414;-541;-616;-555;-539;-564;-616;-539;-755;-716;-608;-517;-440;-533;-579;-464;-674;-467;-717;-579;-475;-445;-495;-312;-516;-415;-566;-531;-436;-627;-548;-429;-404;-360;-414;-317;-400;-361;-455;-510;-491;-381;-464;-327;-497;-451;-399;-368;-415;-310;-443;-471;-512;-327;-479;-498;-438;-471;-492;-433;-593;-385;-374;-459;-404;-497;-404;-558;
-534;-479;-416;-589;-392;-345;-590;-525;-400;-518;-358;-508;-590;-600;-440;-512;-450;-410;-507;-426;-424;-497;-432;-503;-483;-456;-481;-508;-462;-521;-333;-441;-314;-534;-430;-444;-446;-379;-318;-482;-342;-321;-378;-331;-360;-403;-387;-413;-272;-269;-471;-466;-381;-295;-360;-388;-502;-406;-451;-392;-434;-330;-397;-434;-373;-434;-440;-443;-430;-405;-495;-432;-507;-394;-378;-377;-359;-318;-423;-494;-369;-486;-468;-388;-521;-468;-370;-460;-390;-407;-380;-492;-393;-441;-456;-296;-489;-397;-469;-478;-526;-418;-421;-414;-360;-383;-296;-342;-434;-393;-391;-261;3;258;286;212;285;404;314;368;445;774;1153;1510;1951;2114;2144;2115;1919;1462;1297;1379;1356;1464;1922;2269;2799;3074;3273;3648;3756;3412;3086;2861;2715;2642;2771;2920;3355;3542;3561;3371;3322;2999;2578;2214;1932;2055;2086;2308;2730;3094;3305;3612;3565;3525;3358;3084;2945;2728;2862;2869;2972;3186;3335;3320;3425;3211;2965;2635;2380;1970;1727;1663;2015;2194;2701;3214;3714;3994;3795;3594;3110;2567;2046;1651;1443;1431;1537;1953;2044;2292;2606;2930;3082;3180;3413;3321;3236;3028;2588;2089;1677;984;600;330;270;21;-167;-214;-260;-404;-511;-406;-622;-465;-528;-376;-473;-454;-385;-316;-502;-615;-435;-555;-463;-481;-427;-595;-417;-390;-524;-478;-555;-585;-458;-618;-595;-503;-505;-574;-601;-468;-475;-561;-762;-623;-581;-618;-552;-604;-536;-606;-591;-527;-478;-583;-523;-519;-427;-364;-449;-404;-323;-602;-440;-543;-407;-546;-474;-353;-536;-496;-334;-527;-401;-448;-397;-487;-587;-416;-363;-471;-622;-641;-508;-514;-527;-324;-479;-417;-453;-399;-422;-294;-481;-448;-542;-517;-573;-542;-542;-484;-507;-573;-421;-497;-465;-615;
-579;-432;-550;-551;-532;-538;-491;-554;-504;-562;-423;-355;-450;-424;-522;-438;-450;-483;-432;-520;-471;-337;-511;-394;-513;-512;-327;-302;-430;-401;-465;-476;-377;-342;-284;-406;-381;-298;-414;-371;-352;-323;-381;-389;-364;-354;-452;-347;-363;-329;-292;-384;-344;-318;-386;-217;-339;-416;-426;-333;-459;-423;-545;-291;-359;-436;-297;-563;-323;-466;-306;-342;-619;-430;-547;-350;-511;-394;-449;-590;-245;-376;-462;-383;-503;-461;-344;-331;-380;-312;-451;-561;-528;-530;-276;-491;-567;-581;-487;-451;-519;-422;-372;-424;-265;-372;-446;-370;-382;-428;-336;-278;-122;96;213;222;381;364;383;381;459;784;1066;1509;1902;2187;2162;2100;1965;1611;1400;1410;1272;1496;2035;2130;2733;3149;3580;3607;3893;3615;3298;3114;2770;2836;2911;3031;3310;3629;3621;3524;3502;3105;2672;2462;2100;2095;2207;2522;2878;3297;3549;3698;3854;3851;3549;3269;3147;2933;2967;3003;3158;3367;3579;3559;3560;3437;3169;2727;2500;2052;1919;1952;2123;2395;2887;3532;3795;4035;4208;3956;3215;2757;2141;1711;1497;1443;1697;1873;2211;2493;2800;2925;3218;3370;3550;3466;3353;2858;2522;2023;1454;1066;637;354;-28;-3;-126;-201;-210;-420;-287;-405;-533;-595;-415;-405;-408;-609;-489;-545;-391;-590;-535;-441;-343;-474;-487;-523;-506;-662;-421;-447;-465;-566;-558;-628;-558;-560;-473;-504;-593;-657;-551;-559;-649;-525;-544;-551;-536;-616;-602;-531;-519;-524;-478;-659;-557;-546;-503;-472;-477;-620;-369;-532;-632;-492;-585;-561;-619;-384;-529;-428;-479;-446;-489;-465;-450;-484;-546;-526;-404;-282;-431;-417;-596;-495;-435;-464;-573;-407;-509;-379;-631;-500;-594;-415;-504;-374;-369;-385;-505;-412;-529;-578;-454;-403;-383;-597;
-596;-607;-538;-499;-588;-397;-480;-602;-451;-455;-373;-477;-661;-544;-547;-454;-524;-395;-392;-349;-505;-588;-383;-453;-535;-370;-318;-380;-300;-419;-363;-458;-348;-488;-334;-420;-481;-308;-540;-423;-302;-489;-415;-363;-362;-332;-365;-364;-469;-191;-386;-351;-427;-366;-478;-399;-277;-382;-451;-363;-259;-398;-383;-369;-432;-427;-541;-334;-315;-472;-440;-348;-326;-229;-407;-426;-405;-367;-298;-410;-394;-378;-260;-461;-392;-356;-461;-276;-336;-405;-440;-340;-430;-451;-356;-376;-405;-448;-422;-349;-525;-461;-332;-308;-335;-440;-542;-344;-410;-404;-303;-147;65;173;278;371;445;402;510;508;708;1022;1261;1591;2084;2294;2387;2398;2142;1747;1409;1452;1405;1586;2056;2324;2902;3241;3730;3962;3924;3719;3368;3106;2922;2907;3011;3242;3479;3730;3861;3844;3468;3207;2782;2482;2344;2315;2444;2627;3023;3359;3684;4039;4142;4085;3621;3545;3310;3181;3017;3119;3174;3476;3602;3725;3687;3654;3305;3026;2752;2255;2042;2127;2352;2741;3306;3755;4141;4496;4298;4084;3578;3000;2286;1845;1649;1646;1768;2148;2406;2866;2953;3402;3531;3650;3727;3550;3476;3127;2694;2170;1699;1124;575;359;64;-3;30;-76;-136;-301;-388;-506;-503;-415;-526;-417;-381;-390;-331;-527;-464;-437;-441;-473;-390;-324;-480;-481;-508;-454;-565;-486;-479;-437;-380;-498;-514;-588;-626;-447;-542;-586;-519;-616;-481;-600;-492;-599;-637;-438;-402;-522;-477;-527;-473;-587;-552;-477;-562;-387;-491;-521;-462;-385;-463;-369;-405;-366;-478;-361;-374;-445;-526;-413;-483;-498;-431;-350;-375;-393;-449;-409;-454;-538;-319;-417;-371;-399;-382;-411;-412;-357;-420;-440;-389;-459;-522;-444;-385;-458;-407;-423;-394;-440;-462;-487;-506;-315;
-630;-497;-587;-459;-480;-513;-577;-530;-655;-560;-524;-523;-528;-545;-538;-590;-571;-417;-486;-369;-389;-533;-349;-360;-320;-506;-472;-463;-359;-367;-437;-429;-421;-538;-315;-316;-368;-467;-349;-326;-380;-334;-308;-246;-366;-370;-385;-450;-372;-346;-317;-379;-353;-341;-261;-271;-292;-327;-347;-213;-316;-330;-364;-417;-447;-355;-317;-438;-522;-379;-457;-369;-393;-296;-363;-450;-363;-316;-469;-296;-383;-467;-481;-377;-375;-332;-371;-304;-508;-562;-449;-394;-372;-354;-425;-412;-439;-482;-462;-432;-390;-474;-398;-356;-319;-217;-366;-284;-409;-373;-233;-138;71;125;261;463;456;370;346;669;688;811;1347;1601;1984;2298;2383;2313;2075;1748;1671;1386;1573;1764;1839;2364;2920;3417;3614;3901;3801;3792;3662;3322;3008;3043;3018;3267;3656;3873;3913;3873;3688;3398;2892;2569;2355;2289;2455;2843;3168;3477;4020;4218;4266;4202;4151;3796;3449;3333;3147;3283;3579;3609;3901;3828;3879;3784;3555;3174;2866;2490;2293;2300;2570;2990;3407;4003;4475;4629;4686;4309;3707;3082;2395;1950;1648;1801;2048;2337;2606;2936;3142;3451;3732;3837;4026;4003;3715;3276;2859;2402;1586;1154;630;448;300;-15;-102;41;-351;-294;-204;-290;-529;-494;-240;-435;-357;-398;-530;-403;-440;-536;-553;-384;-375;-413;-416;-406;-460;-547;-583;-402;-422;-451;-436;-496;-573;-484;-520;-633;-490;-371;-499;-543;-402;-482;-593;-571;-583;-504;-506;-636;-533;-458;-539;-338;-454;-475;-421;-409;-544;-519;-417;-539;-465;-501;-431;-419;-318;-415;-321;-409;-400;-389;-537;-366;-394;-413;-454;-412;-459;-405;-359;-225;-276;-385;-385;-412;-419;-517;-432;-445;-434;-386;-429;-384;-384;-386;-436;-366;-379;-482;-466;-475;-482;-496;-439;-535;
-613;-695;-805;-602;-620;-666;-608;-588;-554;-591;-655;-685;-573;-471;-593;-521;-669;-544;-601;-611;-462;-639;-503;-513;-674;-471;-492;-489;-501;-619;-529;-500;-557;-503;-550;-518;-491;-544;-362;-531;-486;-571;-510;-257;-600;-572;-562;-536;-458;-426;-572;-615;-331;-427;-465;-476;-490;-474;-514;-579;-468;-527;-445;-493;-472;-493;-450;-494;-461;-478;-461;-521;-458;-522;-519;-453;-501;-436;-440;-376;-397;-558;-573;-457;-494;-496;-366;-495;-373;-485;-394;-486;-487;-358;-484;-438;-483;-498;-592;-571;-602;-554;-457;-479;-414;-337;-449;-462;-378;-455;-477;-286;-48;-9;305;272;383;288;447;459;555;916;1303;1483;1892;2191;2320;2183;2057;1689;1485;1539;1334;1591;1958;2267;2879;3233;3698;3840;3900;3893;3640;3360;2966;3005;3095;3258;3579;3731;3885;3930;3734;3396;2890;2577;2322;2261;2430;2832;3260;3744;4131;4318;4440;4276;4101;3778;3554;3422;3383;3330;3616;3620;3853;3832;4016;3860;3581;3238;2861;2787;2611;2490;2550;2997;3494;3983;4632;4786;4858;4523;3934;3183;2661;2063;1759;1823;1951;2250;2630;3078;3321;3637;3863;3959;4070;3851;3691;3377;2955;2421;1727;1165;596;254;185;5;-165;-259;-300;-323;-452;-469;-576;-547;-549;-459;-504;-427;-468;-563;-586;-533;-325;-452;-399;-449;-462;-408;-629;-642;-708;-398;-428;-384;-615;-550;-552;-669;-638;-716;-568;-625;-487;-608;-617;-685;-665;-653;-659;-769;-608;-665;-610;-588;-544;-546;-604;-618;-514;-485;-465;-549;-607;-514;-469;-571;-371;-547;-570;-397;-518;-555;-448;-601;-534;-538;-510;-417;-315;-472;-597;-460;-429;-462;-404;-469;-475;-412;-592;-456;-477;-652;-580;-419;-352;-501;-496;-613;-491;-503;-455;-569;-561;-502;-515;-469;-400;-611;
-678;-718;-834;-646;-758;-640;-714;-648;-732;-660;-646;-513;-585;-556;-731;-648;-717;-540;-622;-685;-590;-700;-506;-526;-552;-602;-669;-596;-596;-568;-604;-626;-464;-569;-513;-583;-599;-614;-572;-513;-509;-492;-594;-516;-484;-585;-469;-503;-624;-464;-438;-521;-503;-563;-470;-568;-413;-366;-567;-509;-560;-487;-376;-455;-513;-593;-419;-406;-412;-405;-521;-523;-564;-468;-363;-478;-538;-410;-469;-494;-654;-539;-516;-547;-511;-478;-464;-499;-536;-608;-565;-468;-480;-625;-503;-506;-602;-573;-539;-462;-505;-624;-430;-505;-497;-514;-268;-367;-589;-550;-448;-132;-80;80;254;236;350;472;267;421;484;914;1261;1568;1865;2164;2289;2125;1914;1715;1439;1250;1343;1404;1679;2223;2759;3028;3653;3832;3851;3902;3635;3166;3075;2922;3005;3136;3485;3731;3885;3849;3619;3312;2889;2471;2380;2239;2520;2799;3378;3910;4291;4512;4507;4595;4265;4021;3610;3358;3406;3407;3641;3749;3798;4150;4192;4043;3741;3388;3053;2806;2487;2599;2868;3094;3718;4240;4882;5017;4930;4600;3916;3240;2692;2122;1797;1829;2039;2419;2681;3157;3495;3707;3907;3996;4043;4002;3703;3505;2880;2259;1666;1080;589;271;-21;-134;-164;-232;-298;-376;-483;-536;-528;-631;-516;-464;-518;-492;-471;-603;-623;-622;-623;-519;-519;-599;-512;-539;-565;-677;-566;-575;-559;-662;-618;-582;-647;-653;-609;-681;-670;-665;-712;-733;-654;-629;-604;-548;-707;-670;-623;-609;-866;-655;-704;-682;-740;-662;-576;-591;-560;-734;-569;-494;-413;-627;-478;-468;-480;-568;-430;-512;-486;-429;-496;-467;-470;-666;-523;-570;-522;-409;-471;-478;-586;-462;-418;-485;-452;-551;-566;-406;-448;-345;-427;-660;-536;-448;-619;-624;-541;-589;-376;-568;-453;-561;-700;-544;
-723;-668;-745;-561;-632;-548;-600;-792;-602;-604;-628;-586;-607;-482;-464;-658;-518;-516;-603;-471;-630;-456;-518;-547;-563;-749;-455;-608;-609;-482;-450;-558;-483;-545;-513;-627;-655;-384;-400;-597;-605;-577;-426;-480;-460;-503;-528;-552;-592;-659;-512;-539;-412;-542;-465;-610;-422;-353;-509;-596;-494;-515;-434;-615;-422;-498;-398;-461;-447;-424;-436;-460;-508;-488;-552;-570;-571;-460;-589;-510;-448;-609;-548;-533;-488;-384;-448;-594;-529;-407;-466;-516;-498;-496;-550;-496;-472;-464;-502;-625;-663;-584;-377;-471;-437;-436;-314;-488;-427;-429;-397;-288;-179;56;332;322;413;430;505;596;651;914;1196;1591;2042;2163;2286;2267;2016;1840;1530;1212;1379;1601;1864;2213;2852;3235;3719;3991;3883;3934;3666;3426;3132;2972;3069;3199;3549;3906;4066;4003;3728;3522;3062;2640;2633;2522;2701;3086;3603;4006;4493;4500;4734;4800;4441;4137;3851;3636;3584;3541;3882;3965;4235;4217;4291;4009;3939;3713;3322;2843;2936;2751;2954;3401;3809;4435;5082;5174;5090;4704;4132;3227;2664;2031;1978;1960;2164;2612;2929;3306;3792;3944;4149;4321;4147;4078;3820;3484;2904;2304;1633;1039;620;261;9;-149;-82;-217;-334;-512;-508;-571;-600;-778;-461;-503;-547;-530;-598;-679;-646;-628;-541;-547;-584;-450;-536;-581;-664;-698;-456;-606;-792;-597;-534;-664;-707;-627;-627;-625;-687;-682;-813;-697;-665;-610;-584;-679;-679;-647;-536;-583;-585;-610;-594;-743;-693;-680;-498;-641;-561;-605;-567;-697;-625;-607;-526;-678;-429;-525;-463;-397;-500;-571;-435;-519;-544;-530;-463;-517;-565;-588;-496;-481;-533;-573;-548;-463;-493;-429;-549;-514;-488;-540;-536;-548;-497;-537;-561;-388;-497;-524;-550;-509;-587;-576;-555;-621;
-667;-568;-535;-627;-516;-575;-502;-425;-324;-373;-539;-523;-517;-478;-516;-541;-391;-445;-271;-498;-438;-420;-320;-452;-468;-317;-372;-427;-471;-460;-405;-443;-296;-467;-389;-391;-429;-290;-439;-271;-464;-392;-491;-373;-367;-381;-403;-420;-399;-332;-553;-490;-291;-382;-315;-429;-354;-322;-328;-479;-377;-335;-371;-208;-529;-248;-287;-223;-412;-354;-320;-355;-274;-320;-344;-326;-334;-272;-412;-268;-362;-327;-322;-376;-365;-477;-275;-226;-380;-387;-320;-338;-353;-461;-259;-406;-373;-390;-452;-456;-444;-418;-459;-336;-290;-209;-333;-350;-238;-436;-159;-153;-76;199;453;618;715;491;657;508;676;1137;1462;1628;2035;2352;2371;2327;2025;1794;1608;1526;1584;1550;1983;2387;2950;3377;3807;4139;4308;4311;3858;3659;3276;3174;3288;3393;3790;3949;4082;4167;4090;3731;3291;2868;2600;2717;2998;3275;3738;4234;4674;4872;4994;4925;4874;4391;4066;3898;3742;3960;4139;4306;4380;4511;4522;4356;4142;3823;3678;3139;3139;3105;3346;3734;4162;4772;5366;5476;5383;4984;4373;3632;2671;2297;2097;2035;2476;2718;3238;3622;3872;4193;4464;4518;4360;4295;4023;3718;3071;2308;1678;1176;557;174;189;-20;-164;-128;-154;-307;-509;-495;-459;-377;-490;-482;-401;-552;-360;-437;-450;-452;-424;-361;-378;-303;-392;-376;-503;-545;-411;-452;-553;-643;-463;-475;-614;-544;-659;-597;-506;-565;-476;-550;-561;-604;-437;-647;-526;-543;-530;-487;-519;-686;-652;-610;-488;-522;-418;-471;-396;-393;-503;-494;-487;-421;-592;-497;-440;-310;-475;-313;-371;-350;-417;-440;-434;-452;-490;-319;-250;-354;-386;-343;-519;-385;-449;-422;-382;-313;-372;-413;-493;-470;-389;-364;-317;-372;-392;-366;-366;-471;-461;-312;-484;-406;-282;-422;
-543;-498;-529;-525;-436;-454;-477;-477;-528;-468;-453;-468;-532;-405;-469;-390;-357;-423;-490;-473;-492;-388;-363;-486;-407;-427;-489;-376;-443;-333;-425;-344;-451;-399;-482;-412;-288;-314;-471;-383;-496;-315;-326;-311;-418;-414;-409;-377;-259;-380;-387;-315;-313;-387;-445;-259;-350;-435;-316;-249;-332;-247;-376;-335;-451;-209;-296;-270;-414;-309;-294;-410;-412;-335;-322;-443;-326;-393;-203;-328;-307;-297;-427;-425;-236;-302;-296;-442;-359;-379;-548;-309;-347;-400;-349;-338;-477;-499;-418;-343;-363;-422;-410;-314;-299;-308;-279;-253;-316;-318;-196;34;66;334;554;602;676;650;727;665;773;1120;1447;1839;2139;2443;2527;2423;2160;1970;1631;1654;1309;1561;1927;2386;3057;3481;4065;4325;4492;4311;4234;3622;3530;3271;3458;3526;4089;4219;4293;4370;4299;3867;3455;3131;2872;2838;3140;3487;3839;4491;4782;5194;5370;5138;4952;4506;4313;3979;4025;4085;4085;4406;4560;4604;4785;4730;4616;4175;3858;3462;3284;3246;3619;4073;4338;4984;5483;5571;5531;5139;4540;3683;2990;2418;2130;2108;2466;2752;3250;3629;4155;4266;4519;4749;4619;4314;4018;3565;3058;2511;1837;1051;571;330;22;25;-212;-257;-268;-333;-500;-531;-409;-480;-401;-577;-378;-463;-470;-401;-341;-422;-360;-266;-373;-323;-244;-420;-404;-353;-461;-462;-441;-354;-358;-408;-467;-511;-508;-541;-658;-394;-502;-611;-469;-453;-661;-584;-532;-494;-526;-552;-586;-574;-577;-434;-504;-610;-439;-463;-478;-625;-364;-407;-360;-400;-308;-406;-405;-255;-460;-308;-392;-333;-361;-384;-362;-403;-316;-342;-333;-422;-331;-418;-322;-294;-304;-388;-448;-535;-387;-328;-365;-392;-355;-390;-273;-360;-382;-294;-309;-306;-463;-560;-411;-430;-396;-359;
-512;-520;-636;-581;-589;-455;-382;-539;-516;-688;-402;-402;-546;-449;-540;-482;-540;-461;-481;-450;-411;-415;-548;-319;-460;-326;-384;-329;-335;-467;-306;-417;-491;-369;-287;-415;-461;-401;-373;-420;-294;-367;-264;-422;-288;-390;-302;-409;-297;-380;-384;-345;-422;-413;-443;-348;-506;-437;-331;-314;-512;-362;-293;-302;-348;-385;-323;-364;-434;-452;-350;-346;-352;-327;-412;-225;-332;-361;-220;-265;-159;-463;-544;-244;-309;-326;-519;-383;-513;-372;-385;-339;-369;-371;-348;-303;-340;-383;-366;-393;-413;-468;-364;-417;-375;-287;-274;-257;-284;-271;-304;-79;147;232;401;589;545;805;756;727;895;1095;1466;1861;2243;2504;2651;2369;2163;1977;1692;1528;1493;1740;2051;2385;3048;3628;4092;4455;4627;4658;4413;3980;3751;3365;3356;3706;4053;4235;4573;4545;4349;3979;3674;3265;3196;3142;3185;3515;4075;4618;5047;5433;5619;5514;5069;4921;4466;4266;4058;4220;4379;4490;4547;4677;4950;4838;4569;4282;4077;3612;3434;3497;3554;4139;4377;5054;5493;5780;5585;5253;4688;3836;3032;2436;2280;2135;2374;2840;3459;3918;4106;4359;4613;4671;4619;4400;3915;3651;2848;2303;1615;1074;572;268;113;-124;-50;-217;-163;-357;-418;-461;-339;-465;-410;-303;-363;-422;-435;-369;-472;-439;-347;-434;-288;-378;-398;-426;-500;-414;-534;-357;-369;-433;-441;-500;-543;-586;-553;-609;-426;-550;-555;-488;-623;-620;-607;-569;-543;-440;-435;-550;-464;-506;-632;-500;-474;-407;-331;-437;-409;-408;-385;-415;-478;-453;-450;-465;-354;-377;-205;-362;-375;-318;-443;-343;-316;-405;-364;-255;-413;-341;-299;-469;-359;-466;-478;-294;-418;-391;-463;-360;-279;-402;-261;-285;-468;-352;-262;-458;-360;-390;-353;-316;-281;-516;-373;-474;
-620;-556;-424;-508;-627;-482;-608;-478;-424;-465;-482;-495;-495;-590;-394;-524;-428;-491;-499;-351;-520;-365;-449;-402;-334;-535;-393;-477;-391;-338;-392;-322;-439;-306;-375;-377;-542;-304;-288;-389;-290;-358;-494;-338;-259;-391;-297;-347;-341;-417;-383;-408;-327;-258;-387;-404;-391;-359;-329;-427;-432;-204;-341;-361;-415;-432;-397;-308;-303;-377;-474;-321;-249;-420;-510;-391;-272;-306;-363;-387;-297;-280;-296;-337;-351;-380;-348;-406;-218;-540;-330;-303;-498;-356;-312;-412;-334;-369;-403;-336;-506;-293;-304;-223;-208;-187;-138;-348;-252;-465;-200;-173;51;308;555;601;730;760;788;771;900;1199;1470;1935;2331;2298;2718;2489;2231;2056;1774;1642;1586;1757;1860;2393;3041;3765;4326;4682;4879;4882;4688;4400;3936;3612;3725;3763;4101;4411;4571;4756;4500;4178;3922;3321;3161;3245;3445;3755;4260;4866;5272;5666;5852;5648;5357;5124;4781;4398;4344;4376;4444;4708;4830;5042;5017;5013;4859;4573;4227;3997;3669;3574;3835;4159;4724;5257;5747;5903;5778;5457;4703;3969;3096;2404;2245;2194;2463;2897;3297;3738;4240;4557;4659;4738;4507;4388;4118;3511;2841;2275;1568;1082;537;99;129;-21;-131;-192;-311;-209;-285;-428;-381;-363;-322;-379;-427;-427;-293;-460;-506;-399;-409;-311;-380;-357;-367;-300;-381;-412;-462;-560;-476;-432;-370;-403;-499;-557;-411;-495;-534;-477;-375;-416;-500;-542;-752;-477;-601;-461;-566;-664;-564;-600;-505;-410;-530;-487;-392;-364;-463;-411;-419;-392;-424;-351;-245;-389;-294;-350;-333;-378;-444;-454;-294;-287;-489;-394;-361;-253;-281;-305;-234;-144;-325;-317;-498;-303;-322;-367;-415;-358;-331;-332;-413;-301;-385;-354;-257;-323;-380;-407;-368;-341;-315;-315;-334;-226;
-395;-533;-517;-506;-482;-487;-472;-635;-457;-624;-567;-489;-518;-460;-501;-516;-392;-440;-499;-610;-503;-464;-518;-490;-525;-417;-425;-471;-477;-431;-293;-501;-363;-454;-431;-587;-352;-421;-430;-381;-375;-426;-406;-493;-497;-396;-373;-254;-416;-407;-462;-475;-307;-328;-410;-459;-382;-298;-426;-290;-334;-468;-434;-270;-315;-490;-329;-365;-485;-509;-465;-542;-304;-393;-506;-413;-290;-391;-388;-484;-488;-446;-480;-319;-405;-325;-386;-463;-486;-379;-420;-533;-615;-380;-496;-306;-476;-299;-547;-401;-413;-520;-313;-353;-402;-208;-339;-376;-285;-248;-136;-84;61;351;613;684;671;604;707;780;960;1164;1407;1844;2310;2466;2595;2552;2253;2039;1816;1579;1637;1725;1872;2473;3092;3648;4335;4929;5218;4942;4824;4493;4098;3823;3566;3840;4255;4502;4817;4848;4565;4325;3984;3663;3448;3369;3518;3988;4591;5074;5592;6015;6091;5868;5657;5029;4760;4616;4405;4333;4523;4886;4874;5066;5149;5126;4920;4823;4445;4061;3952;3789;3959;4318;4779;5435;5843;6043;5817;5369;4784;3916;3071;2603;2367;2260;2441;2925;3405;3782;4203;4532;4774;4669;4649;4356;3946;3502;2848;2111;1491;940;377;114;-70;-239;-223;-340;-345;-445;-353;-423;-424;-529;-557;-391;-252;-422;-477;-402;-477;-460;-456;-243;-249;-374;-327;-446;-486;-400;-454;-526;-452;-450;-448;-511;-600;-575;-710;-561;-562;-512;-518;-423;-552;-509;-559;-602;-583;-436;-455;-519;-489;-594;-436;-485;-508;-485;-376;-430;-447;-438;-396;-290;-521;-489;-431;-458;-464;-321;-475;-386;-361;-383;-440;-284;-457;-424;-419;-475;-448;-436;-349;-362;-369;-397;-272;-492;-446;-254;-319;-483;-540;-395;-583;-477;-386;-459;-349;-351;-436;-508;-331;-351;-385;-522;-457;-358;
-440;-421;-411;-436;-388;-457;-397;-430;-389;-406;-393;-243;-532;-483;-380;-324;-466;-420;-461;-463;-389;-463;-377;-427;-461;-380;-281;-355;-289;-429;-467;-443;-456;-301;-351;-347;-389;-374;-430;-324;-328;-302;-247;-323;-282;-287;-342;-268;-288;-402;-395;-376;-254;-435;-443;-389;-310;-353;-313;-268;-337;-305;-214;-366;-322;-198;-305;-284;-331;-235;-355;-301;-246;-350;-367;-344;-363;-295;-206;-98;-404;-268;-322;-345;-259;-170;-233;-388;-378;-280;-257;-304;-407;-327;-341;-168;-178;-201;-299;-323;-398;-403;-328;-268;-228;-206;8;-120;-187;-210;-194;69;156;332;708;685;815;955;867;882;998;1181;1664;2082;2374;2512;2626;2611;2359;2154;1911;1764;1798;1782;2107;2700;3499;4083;4762;5354;5493;5444;5136;4685;4440;4191;3930;4191;4498;4733;4938;5197;4971;4679;4345;4021;3797;3752;3860;4310;4876;5520;5970;6374;6459;6350;6242;5638;5213;4943;4737;4685;4912;5032;5352;5456;5653;5459;5338;5044;4778;4601;4211;4043;4328;4611;5000;5673;6018;6178;6175;5780;4936;3994;3418;2736;2474;2449;2623;3115;3484;4116;4462;4821;5008;5055;4932;4655;4016;3511;3083;2473;1594;996;428;217;26;-131;-120;-130;-211;-245;-438;-273;-535;-460;-348;-377;-282;-216;-254;-380;-323;-217;-286;-249;-241;-154;-251;-336;-422;-322;-364;-359;-446;-295;-447;-380;-402;-422;-392;-434;-337;-414;-330;-356;-556;-459;-429;-438;-488;-432;-318;-372;-397;-243;-313;-354;-325;-370;-303;-335;-369;-253;-291;-311;-365;-282;-288;-154;-361;-218;-160;-318;-294;-315;-286;-205;-393;-199;-124;-116;-300;-103;-294;-173;-237;-349;-240;-239;-209;-307;-259;-398;-247;-186;-279;-239;-341;-365;-118;-236;-313;-273;-261;-248;-326;-471;-382;-391;
-487;-468;-564;-454;-492;-438;-436;-381;-505;-461;-522;-479;-535;-381;-551;-423;-348;-343;-347;-390;-441;-435;-496;-373;-434;-430;-477;-295;-390;-291;-470;-302;-382;-371;-339;-446;-377;-362;-266;-341;-384;-326;-340;-380;-439;-343;-237;-364;-309;-315;-242;-351;-312;-256;-241;-226;-437;-351;-226;-210;-259;-310;-267;-366;-390;-265;-266;-391;-247;-390;-344;-370;-340;-276;-444;-183;-385;-286;-402;-246;-418;-263;-470;-292;-373;-377;-286;-272;-345;-245;-347;-440;-449;-266;-246;-296;-385;-215;-223;-217;-249;-359;-265;-263;-257;-143;-57;-147;-223;-174;-179;149;265;409;645;734;916;958;919;897;1029;1206;1699;2178;2457;2600;2483;2543;2494;2244;1998;1920;1815;2028;2232;2913;3568;4232;4976;5441;5632;5863;5503;5037;4666;4321;4230;4259;4706;5026;5236;5269;5081;4968;4515;4223;3942;3958;4123;4473;5126;5713;6315;6697;6655;6767;6379;5915;5432;5189;5017;4865;5084;5216;5445;5582;5772;5737;5675;5316;5108;4730;4396;4437;4365;4768;5292;5676;6244;6437;6304;5992;5061;4330;3400;2890;2456;2402;2952;3263;3717;4253;4584;5000;5177;5173;4952;4588;4042;3696;2988;2269;1583;963;448;244;102;-76;-95;-70;-275;-362;-347;-348;-276;-448;-302;-397;-372;-336;-174;-393;-207;-438;-298;-327;-226;-167;-289;-314;-308;-350;-509;-345;-336;-350;-370;-439;-377;-560;-539;-460;-475;-407;-381;-321;-366;-418;-505;-495;-497;-378;-344;-388;-309;-394;-573;-439;-301;-337;-357;-336;-429;-267;-381;-241;-326;-310;-359;-205;-298;-162;-213;-158;-206;-250;-230;-377;-301;-295;-163;-298;-303;-194;-240;-172;-252;-261;-115;-191;-360;-198;-200;-287;-164;-171;-211;-207;-115;-343;-230;-230;-204;-183;-188;-204;-352;-312;-448;-267;
-428;-582;-450;-458;-419;-375;-403;-452;-468;-404;-343;-328;-411;-346;-319;-306;-460;-267;-394;-248;-422;-345;-391;-347;-350;-376;-308;-249;-315;-576;-418;-530;-240;-320;-337;-338;-322;-326;-192;-189;-420;-374;-238;-295;-430;-246;-356;-418;-287;-292;-299;-368;-225;-433;-274;-189;-239;-229;-314;-300;-380;-312;-292;-204;-312;-327;-279;-303;-303;-263;-268;-268;-287;-337;-353;-374;-272;-358;-296;-79;-307;-325;-303;-410;-187;-336;-357;-253;-281;-325;-334;-267;-387;-355;-359;-113;-236;-187;-239;-283;-178;-340;-263;-145;-230;-83;-160;-81;-130;-124;-97;5;265;427;740;927;1046;948;934;928;1231;1399;1754;1968;2480;2721;2758;2618;2503;2403;2105;1949;1904;1998;2419;2919;3475;4282;5132;5681;5838;6008;5682;5278;4947;4473;4383;4502;4843;5224;5385;5431;5400;5089;4803;4325;4237;4088;4324;4796;5455;6123;6655;7126;7181;7010;6697;6028;5636;5349;5080;5149;5298;5495;5665;5929;5922;5954;5931;5520;5192;4808;4587;4509;4632;4876;5358;5979;6412;6599;6350;6021;5352;4333;3525;3061;2613;2753;2846;3323;3969;4444;4970;5226;5298;5235;5173;4806;4291;3690;3000;2313;1564;947;488;126;162;-88;27;-214;-138;-317;-292;-294;-202;-290;-329;-227;-293;-402;-421;-346;-328;-307;-256;-292;-141;-82;-330;-240;-294;-319;-397;-375;-229;-324;-284;-414;-287;-408;-388;-302;-429;-323;-286;-331;-435;-273;-466;-381;-287;-441;-404;-337;-309;-288;-363;-413;-303;-465;-221;-250;-221;-264;-154;-291;-233;-328;-136;-301;-174;-156;-330;-176;-329;-218;-277;-187;-236;-218;-268;-290;-248;-126;-152;-194;-89;-166;-281;-281;-128;-69;-155;-280;-142;-235;-261;-249;-300;-291;-239;-229;-285;-245;-320;-295;-314;-86;-344;-201;
-577;-615;-544;-504;-553;-601;-503;-585;-358;-568;-387;-561;-517;-394;-434;-514;-473;-472;-462;-388;-378;-457;-394;-509;-563;-366;-481;-638;-480;-402;-371;-523;-388;-455;-413;-364;-319;-333;-420;-525;-481;-464;-426;-379;-375;-340;-412;-440;-401;-449;-486;-361;-440;-332;-421;-414;-429;-368;-495;-516;-326;-379;-371;-436;-434;-490;-332;-398;-346;-280;-474;-426;-437;-231;-311;-362;-441;-545;-425;-436;-393;-406;-404;-262;-458;-458;-407;-397;-397;-482;-437;-396;-430;-577;-352;-334;-349;-324;-420;-425;-494;-366;-361;-370;-231;-255;-122;-240;-241;-290;-300;-54;146;322;631;747;808;987;842;943;1020;1268;1645;1960;2475;2583;2640;2564;2485;2236;1947;1797;1871;2053;2305;2927;3618;4385;5173;5685;6168;6078;5753;5375;5066;4617;4425;4473;4819;5129;5400;5542;5441;5169;4840;4475;4305;4103;4315;4852;5525;6234;6708;7198;7438;7135;6801;6255;5695;5408;5169;5133;5253;5469;5705;5863;6066;6081;5840;5677;5307;4968;4715;4450;4654;4876;5341;6049;6424;6517;6476;6017;5323;4437;3604;3058;2774;2649;2914;3263;4103;4434;4924;5326;5534;5285;5122;4669;4268;3605;2871;2170;1363;904;370;47;-69;-308;-271;-407;-249;-379;-406;-404;-578;-444;-416;-335;-340;-495;-504;-379;-392;-497;-393;-342;-419;-328;-293;-314;-474;-425;-443;-359;-579;-462;-474;-461;-622;-406;-659;-430;-511;-510;-482;-546;-328;-592;-518;-562;-388;-413;-395;-354;-439;-325;-376;-499;-386;-383;-234;-458;-316;-308;-375;-466;-326;-310;-338;-437;-306;-301;-366;-332;-331;-286;-375;-357;-307;-440;-305;-299;-275;-278;-246;-336;-318;-431;-434;-279;-361;-182;-337;-284;-424;-350;-416;-360;-189;-199;-373;-398;-328;-333;-259;-331;-302;-387;-443;-356;
-486;-511;-422;-462;-505;-557;-546;-325;-482;-327;-410;-412;-390;-474;-582;-305;-286;-341;-409;-454;-328;-465;-321;-407;-199;-352;-362;-382;-190;-346;-329;-260;-349;-250;-325;-339;-336;-289;-297;-233;-458;-317;-333;-360;-335;-426;-306;-262;-149;-278;-464;-462;-402;-366;-340;-320;-349;-389;-225;-288;-296;-209;-298;-265;-309;-317;-293;-229;-251;-285;-287;-305;-325;-332;-268;-378;-214;-300;-332;-245;-304;-316;-348;-255;-335;-304;-268;-296;-418;-444;-238;-459;-302;-291;-169;-173;-467;-324;-316;-301;-271;-360;-410;-106;-123;-76;-149;2;-295;-169;-171;8;265;573;711;885;867;1086;973;1021;1233;1457;1732;1981;2353;2784;2743;2759;2479;2277;2133;1962;2043;2170;2445;2992;3868;4546;5340;5929;6328;6330;6175;5616;5125;4853;4722;4679;4918;5329;5617;5729;5487;5309;4985;4691;4466;4531;4643;5209;5697;6428;7170;7564;7744;7556;7229;6660;6170;5540;5330;5283;5378;5671;5982;6142;6309;6401;6193;5996;5566;5189;4852;4741;4847;5053;5650;6118;6545;6812;6685;6142;5417;4683;3798;3027;2598;2680;2869;3515;4287;4593;5192;5641;5554;5477;5303;4904;4201;3590;2885;1996;1446;839;343;173;40;-158;-135;-194;-331;-394;-311;-466;-342;-283;-429;-325;-102;-142;-320;-346;-403;-436;-262;-377;-295;-259;-355;-331;-274;-407;-427;-450;-236;-348;-406;-330;-237;-424;-474;-588;-404;-384;-307;-327;-486;-427;-466;-587;-475;-479;-462;-451;-398;-387;-271;-548;-410;-381;-381;-368;-341;-275;-311;-353;-260;-370;-313;-225;-368;-223;-267;-323;-303;-340;-353;-197;-180;-194;-321;-266;-149;-277;-251;-273;-224;-193;-128;-151;-335;-262;-180;-228;-389;-270;-214;-231;-297;-250;-225;-326;-238;-195;-168;-451;-351;-322;-404;-386;
-458;-550;-407;-430;-513;-354;-340;-414;-388;-438;-318;-398;-335;-396;-251;-292;-198;-263;-272;-348;-345;-447;-338;-293;-198;-333;-424;-257;-259;-186;-371;-438;-268;-313;-281;-239;-184;-266;-264;-296;-326;-220;-323;-366;-223;-264;-360;-435;-318;-288;-356;-176;-228;-389;-394;-432;-331;-275;-402;-148;-293;-360;-381;-215;-285;-356;-256;-325;-198;-288;-280;-317;-292;-171;-271;-439;-317;-234;-338;-320;-355;-178;-318;-237;-167;-220;-193;-371;-353;-331;-241;-404;-264;-280;-207;-240;-307;-157;-208;-205;-361;-202;-106;-141;-110;-72;-70;-70;-16;-120;21;92;346;635;759;922;1090;1058;1154;1170;1242;1390;1860;2109;2421;2840;2874;2752;2568;2330;2365;2013;2084;2224;2557;3166;3888;4680;5551;6122;6627;6702;6269;5897;5450;5029;4706;4762;4998;5256;5613;5646;5795;5450;5267;4963;4748;4580;4795;5281;5861;6656;7152;7667;8052;7810;7336;6660;6280;5648;5455;5343;5381;5757;5971;6186;6564;6508;6407;6116;5844;5390;5131;4852;4913;5320;5693;6200;6589;6722;6661;6286;5419;4607;3741;3259;2825;3012;3270;3766;4330;4937;5360;5693;5752;5636;5423;4963;4297;3550;2822;2141;1401;719;353;66;-126;-130;-198;-218;-372;-238;-221;-454;-348;-250;-377;-373;-332;-202;-257;-293;-351;-290;-353;-291;-154;-153;-261;-344;-200;-325;-568;-335;-360;-332;-287;-408;-576;-444;-580;-428;-406;-441;-436;-415;-336;-362;-355;-356;-351;-386;-306;-358;-355;-381;-330;-276;-355;-390;-287;-334;-309;-347;-259;-364;-315;-305;-321;-266;-221;-313;-319;-312;-260;-272;-377;-334;-223;-213;-114;-298;-286;-225;-206;-263;-191;-180;-262;-267;-200;-233;-208;-307;-269;-74;-232;-285;-266;-288;-244;-256;-185;-318;-198;-307;-293;-298;-265;-203;
-428;-361;-449;-502;-481;-495;-441;-416;-415;-492;-393;-369;-148;-368;-297;-357;-381;-257;-358;-430;-363;-384;-315;-332;-371;-433;-262;-303;-278;-236;-91;-400;-398;-387;-433;-378;-308;-261;-372;-385;-251;-317;-378;-363;-378;-355;-264;-188;-353;-333;-302;-238;-346;-246;-246;-308;-213;-478;-380;-398;-306;-419;-291;-376;-365;-344;-203;-334;-358;-229;-425;-210;-323;-283;-246;-220;-298;-304;-322;-387;-357;-302;-272;-225;-266;-298;-280;-313;-406;-327;-370;-345;-246;-256;-324;-289;-365;-287;-239;-268;-148;-349;-258;-282;-209;-155;-52;-83;-115;-109;37;-16;286;532;783;1060;1067;1103;1177;1059;1271;1436;1811;2102;2617;2687;2969;2751;2741;2544;2393;1971;2207;2293;2665;3467;4115;4780;5815;6348;6817;6766;6515;6200;5625;5231;5045;4887;5120;5474;5854;6031;5924;5788;5345;5088;4867;4902;5005;5486;6046;6786;7440;7846;8226;7913;7488;6904;6366;5832;5359;5377;5583;5629;5991;6354;6572;6649;6510;6132;5826;5672;5211;5017;5097;5307;5773;6275;6723;6950;6843;6336;5712;4560;3938;3212;3033;2906;3337;3800;4351;4937;5381;5767;5835;5531;5379;4900;4259;3498;2808;1909;1448;672;414;22;-105;-99;-248;-189;-152;-229;-389;-361;-416;-262;-274;-235;-144;-263;-282;-324;-287;-193;-220;-290;-187;-298;-219;-322;-356;-331;-449;-290;-309;-374;-376;-340;-420;-342;-435;-487;-445;-328;-411;-517;-419;-429;-436;-597;-349;-449;-260;-368;-374;-370;-360;-324;-386;-277;-286;-363;-320;-321;-190;-182;-293;-215;-237;-391;-352;-126;-164;-244;-274;-317;-321;-338;-267;-323;-138;-201;-206;-303;-65;-289;-284;-80;-208;-311;-233;-207;-120;-255;-335;-212;-216;-162;-231;-225;-329;-183;-333;-273;-279;-273;-325;-268;-325;-241;
-322;-353;-555;-432;-470;-541;-422;-213;-380;-385;-436;-333;-336;-334;-280;-342;-298;-279;-371;-410;-302;-232;-214;-336;-320;-278;-191;-240;-307;-315;-323;-238;-297;-249;-390;-342;-299;-173;-229;-394;-319;-354;-182;-336;-323;-306;-251;-360;-462;-172;-295;-287;-217;-344;-231;-248;-221;-267;-338;-348;-357;-212;-344;-181;-225;-285;-243;-271;-269;-391;-135;-147;-345;-267;-351;-248;-435;-280;-220;-330;-330;-287;-195;-239;-223;-280;-258;-269;-205;-329;-396;-297;-407;-316;-393;-242;-389;-204;-243;-265;-252;-397;-155;-175;-157;-207;-152;32;55;-146;-43;119;336;600;879;1094;1128;1088;1121;1256;1330;1554;1785;2246;2608;2889;3007;2966;2785;2694;2329;2177;2282;2416;2637;3406;4185;5120;5777;6661;7030;6906;6839;6356;5866;5348;5146;5149;5347;5554;5730;6096;6019;5813;5587;5268;5060;5032;5285;5634;6346;7027;7527;8217;8352;8174;7724;7028;6470;5875;5549;5468;5541;5729;6188;6479;6717;6752;6603;6474;6013;5572;5237;5120;5308;5474;5850;6367;6769;7091;6859;6413;5753;4756;3979;3416;2961;2999;3290;3938;4579;5109;5658;5870;5778;5721;5481;5065;4326;3627;2702;1920;1251;739;240;61;7;-154;-167;-114;-102;-271;-185;-256;-293;-263;-358;-180;-59;-71;-263;-243;-183;-303;-310;-254;-144;-200;-199;-151;-305;-329;-159;-229;-396;-323;-354;-326;-378;-508;-381;-447;-394;-320;-338;-306;-371;-478;-293;-433;-391;-302;-320;-392;-249;-333;-286;-352;-400;-258;-299;-316;-358;-277;-241;-324;-249;-167;-346;-173;-293;-228;-36;-229;-341;-282;-330;-161;-236;-136;-159;-113;-234;-154;-218;-133;-221;-280;-52;-205;-88;-114;-240;-154;-230;-197;-358;-249;-183;-165;-142;-247;-162;-304;-319;-324;-160;-289;-289;-168;
-466;-530;-372;-655;-470;-585;-516;-488;-448;-421;-486;-465;-454;-497;-531;-605;-397;-536;-498;-398;-386;-429;-459;-411;-359;-380;-442;-383;-374;-536;-565;-381;-633;-292;-422;-364;-449;-427;-463;-367;-408;-308;-484;-343;-486;-505;-456;-449;-405;-448;-445;-450;-461;-574;-376;-443;-485;-433;-430;-314;-323;-200;-355;-540;-356;-450;-436;-277;-270;-354;-347;-348;-415;-348;-365;-379;-372;-289;-389;-377;-372;-468;-369;-424;-493;-329;-367;-277;-352;-369;-461;-432;-493;-361;-386;-394;-436;-361;-457;-438;-544;-395;-323;-383;-181;-115;-28;-127;-120;-180;-107;-139;339;488;774;990;1030;1133;1039;1087;1346;1456;1822;2091;2576;2729;2840;2864;2713;2626;2427;2303;2194;2428;2766;3449;4247;5133;5915;6705;7111;7166;6999;6525;5930;5440;5216;5205;5432;5666;5840;6103;6138;6002;5671;5439;5059;5120;5293;5723;6479;7153;7783;8232;8652;8436;7781;7175;6473;5947;5493;5509;5527;5849;6171;6639;6825;6916;6847;6467;6098;5536;5374;5120;5298;5520;6068;6457;6951;6958;6780;6531;5740;4756;3928;3388;2890;3030;3250;3816;4511;5136;5654;5893;5852;5753;5270;4882;4147;3459;2657;1828;1148;691;163;-6;-188;-166;-327;-287;-344;-284;-413;-437;-390;-280;-351;-326;-259;-214;-305;-246;-191;-258;-256;-138;-239;-184;-259;-282;-326;-338;-483;-463;-298;-295;-492;-484;-444;-497;-527;-567;-504;-529;-414;-452;-463;-503;-361;-351;-470;-445;-370;-441;-417;-485;-346;-424;-414;-430;-490;-525;-364;-355;-314;-315;-353;-267;-266;-256;-229;-137;-285;-266;-328;-313;-310;-358;-306;-173;-195;-253;-236;-345;-160;-263;-364;-445;-411;-288;-263;-197;-281;-289;-298;-190;-309;-334;-293;-378;-373;-270;-277;-235;-310;-278;-398;-437;-345;-445;
-447;-405;-434;-392;-464;-332;-343;-369;-590;-355;-329;-421;-473;-389;-467;-481;-369;-452;-331;-417;-553;-398;-367;-324;-378;-391;-407;-366;-290;-338;-311;-444;-409;-543;-349;-394;-466;-506;-337;-357;-373;-435;-362;-305;-471;-254;-431;-381;-231;-407;-386;-339;-429;-228;-308;-309;-336;-357;-418;-417;-315;-486;-317;-349;-375;-299;-302;-254;-458;-467;-267;-368;-345;-161;-234;-340;-400;-410;-424;-302;-418;-288;-312;-157;-363;-327;-349;-263;-303;-388;-406;-274;-335;-329;-451;-368;-259;-220;-193;-378;-405;-308;-276;-306;-241;-63;-43;-16;94;-79;-27;102;258;572;964;1061;1133;1200;1255;1346;1425;1555;1784;2191;2675;2765;2975;3006;2784;2644;2449;2283;2428;2524;2945;3615;4688;5426;6275;7018;7480;7531;7240;6859;6284;5851;5435;5381;5518;5808;6138;6425;6363;6211;5886;5742;5478;5396;5654;6056;6764;7603;8343;8677;8959;8778;8244;7432;6614;6229;5766;5693;5765;6057;6415;6846;7168;7185;7039;6716;6394;5891;5560;5415;5435;5734;6220;6638;7081;7307;7174;6533;5891;5027;4215;3412;3096;3150;3488;4052;4746;5421;5815;6209;6116;5983;5423;4869;4282;3481;2672;1887;1185;529;302;-73;-23;-252;-344;-96;-336;-303;-259;-409;-348;-302;-222;-230;-236;-160;-242;-241;-226;-250;-253;-48;-194;-137;-192;-213;-261;-349;-289;-318;-400;-201;-459;-368;-358;-361;-301;-483;-412;-341;-425;-402;-387;-306;-431;-389;-460;-291;-388;-272;-351;-245;-373;-225;-392;-368;-258;-246;-184;-292;-151;-170;-301;-321;-203;-214;-257;-138;-206;-185;-238;-292;-281;-254;-325;-151;-248;-223;-173;-83;-122;-226;-208;-189;-152;-245;-200;-178;-226;-324;-258;-168;-119;-217;-253;-357;-247;-401;-271;-256;-288;-365;-361;-343;-273;-180;
-451;-500;-690;-527;-362;-416;-501;-429;-355;-308;-465;-309;-507;-443;-478;-584;-434;-535;-476;-511;-387;-447;-480;-405;-351;-434;-434;-409;-440;-330;-498;-397;-359;-272;-416;-386;-332;-482;-392;-340;-645;-565;-507;-343;-509;-475;-434;-392;-401;-423;-378;-332;-452;-237;-437;-313;-503;-494;-468;-293;-416;-490;-382;-449;-336;-248;-344;-227;-474;-345;-225;-417;-284;-476;-227;-479;-399;-355;-404;-395;-313;-266;-432;-392;-526;-406;-468;-425;-497;-310;-359;-451;-355;-372;-468;-419;-261;-366;-407;-344;-408;-320;-363;-250;-193;-117;-54;-126;-85;-175;66;29;258;601;896;1099;1243;1239;1297;1287;1360;1489;1884;2202;2548;2961;3156;3004;2884;2680;2402;2362;2401;2762;3123;3870;4679;5698;6642;7191;7825;8010;7712;7193;6529;6004;5666;5530;5664;5944;6347;6498;6558;6234;6198;6022;5666;5698;5912;6335;7096;7923;8620;9071;9145;9089;8467;7706;6951;6256;5950;5920;6047;6308;6631;7174;7407;7446;7339;6922;6414;6039;5780;5699;5687;5969;6258;6812;7366;7515;7189;6709;6051;5022;4248;3538;3273;3295;3636;4150;4980;5549;5975;6228;6279;5989;5726;5036;4332;3362;2595;1727;1024;601;171;-34;-190;-249;-235;-237;-227;-319;-286;-379;-298;-406;-348;-192;-269;-132;-219;-285;-269;-187;-157;-164;-114;-168;-200;-279;-211;-369;-408;-306;-294;-236;-243;-463;-660;-436;-398;-508;-588;-499;-267;-442;-482;-493;-441;-331;-311;-233;-403;-290;-265;-293;-327;-263;-333;-315;-341;-350;-390;-424;-222;-232;-240;-196;-298;-300;-218;-88;-156;-225;-218;-179;-222;-321;-239;-281;-269;-329;-233;-423;-360;-244;-210;-382;-345;-135;-245;-422;-125;-137;-287;-218;-311;-246;-244;-364;-417;-184;-257;-209;-276;-246;-306;-309;-331;-240;
-353;-278;-404;-445;-466;-336;-275;-328;-379;-168;-204;-169;-400;-214;-196;-315;-368;-237;-332;-294;-431;-164;-307;-323;-219;-157;-154;-394;-278;-303;-165;-293;-329;-281;-284;-160;-159;-248;-323;-183;-234;-133;-227;-193;-168;-150;-352;-329;-421;-295;-319;-238;-277;-332;-264;-238;-200;-181;-274;-167;-249;-365;-224;-144;-316;-225;-171;-290;-116;-181;-249;-148;-109;-287;-308;-198;-293;-206;-201;-149;-184;-199;-239;-259;-357;-235;-241;-152;-176;-189;-285;-215;-203;-382;-227;-112;-265;-206;-79;-237;-130;-233;-81;-155;-195;-61;7;143;15;22;100;245;396;773;1047;1236;1478;1403;1498;1468;1519;1608;2091;2472;2797;3137;3157;3251;3233;3087;2734;2699;2672;2882;3339;4121;5035;6003;7091;7838;8200;8447;8133;7552;6999;6370;5821;5934;6179;6298;6624;6900;7041;6768;6596;6336;6114;5953;6380;6782;7481;8353;9117;9684;9852;9479;9065;8109;7425;6826;6316;6226;6504;6668;7092;7528;7831;7974;7749;7280;6979;6425;6225;5896;5925;6202;6544;7240;7698;7834;7717;7114;6332;5271;4530;3914;3608;3588;3943;4508;5267;5932;6321;6555;6514;6312;5851;5192;4438;3681;2807;1962;1203;606;332;128;136;-43;-51;-77;-162;-196;-33;-170;-89;-201;-112;-27;47;-98;-28;-154;-59;-202;-90;120;-120;-23;-100;-137;-46;-204;-143;-212;-199;-142;-216;-161;-442;-368;-335;-132;-122;-284;-163;-247;-348;-319;-199;-224;-312;-208;-179;-193;-92;-121;-248;-243;-246;-137;-191;-95;-112;-135;-195;-22;-76;-192;-75;-35;-52;-75;-65;-172;-216;-164;-227;-216;-62;-18;-78;-54;-138;-166;-38;-177;-61;-188;-69;-137;-195;-160;-157;-59;-178;-124;-60;-76;-217;-64;-238;-217;-46;-23;-139;-105;-139;-124;-223;-232;
-372;-459;-481;-499;-367;-518;-391;-524;-378;-619;-493;-405;-470;-541;-398;-290;-366;-398;-361;-354;-379;-447;-360;-379;-396;-417;-397;-252;-342;-373;-366;-395;-453;-337;-401;-294;-437;-313;-295;-335;-334;-483;-313;-321;-487;-375;-416;-452;-449;-341;-359;-409;-226;-301;-289;-418;-376;-392;-312;-304;-390;-358;-215;-275;-222;-504;-387;-327;-364;-401;-345;-372;-324;-415;-450;-277;-243;-309;-409;-270;-337;-292;-272;-290;-503;-252;-345;-340;-318;-342;-281;-354;-449;-326;-305;-217;-185;-376;-250;-500;-294;-162;-268;-270;-189;-114;-54;-99;-95;71;96;121;257;572;917;1164;1242;1534;1417;1309;1482;1672;1936;2264;2553;3066;3196;3196;3086;2821;2749;2580;2710;2889;3371;4173;5184;6031;7092;7979;8510;8570;8303;7799;7277;6585;6091;5916;6176;6476;6790;6972;7089;6947;6761;6320;6194;6202;6374;6900;7739;8548;9373;9700;10064;9770;9038;8311;7546;6944;6532;6380;6547;6867;7333;7686;8140;8098;7970;7611;7152;6852;6350;5939;6021;6400;6727;7345;7826;7935;7693;7140;6435;5515;4525;3841;3542;3702;4000;4479;5427;5957;6406;6776;6644;6571;6000;5248;4472;3430;2651;1832;1018;495;154;-5;-38;-135;-223;-224;-192;-202;-274;-196;-185;-320;-227;-254;-76;-164;-272;-213;-114;-335;-220;-129;-23;-141;-129;-178;-352;-315;-389;-340;-229;-259;-328;-427;-285;-277;-470;-341;-436;-384;-322;-408;-337;-309;-293;-282;-402;-235;-219;-351;-333;-282;-194;-357;-310;-248;-241;-334;-228;-271;-323;-350;-184;-132;-219;-241;-197;-137;-221;-181;-172;-250;-207;-303;-277;-197;-120;-210;-236;-171;-154;-200;-154;-172;-243;-227;-192;-217;-157;-191;-247;-122;-201;-234;-275;-89;-193;-302;-195;-241;-275;-213;-277;-282;-323;-260;
-458;-423;-538;-305;-293;-379;-410;-330;-273;-578;-568;-364;-355;-251;-351;-401;-314;-413;-410;-383;-292;-283;-411;-393;-376;-329;-295;-460;-273;-236;-357;-435;-328;-328;-368;-375;-318;-310;-311;-389;-339;-432;-180;-306;-319;-300;-229;-352;-413;-240;-270;-242;-193;-210;-287;-197;-320;-279;-332;-317;-303;-141;-243;-316;-270;-190;-206;-265;-210;-271;-176;-201;-213;-276;-361;-321;-120;-219;-130;-368;-219;-201;-289;-315;-316;-292;-241;-214;-129;-261;-281;-235;-377;-309;-304;-286;-141;-291;-185;-309;-258;-178;-183;-225;-66;-70;-46;114;20;-16;69;269;444;700;1122;1208;1489;1485;1521;1450;1432;1644;2039;2291;2718;3100;3304;3292;3261;3064;2832;2780;2753;3093;3584;4392;5246;6236;7290;8129;8796;8860;8656;7967;7533;6764;6287;6127;6229;6705;7144;7275;7551;7371;7052;6791;6610;6587;6843;7278;8060;8929;9862;10310;10481;10276;9597;8770;8051;7277;6783;6704;6964;7277;7728;8294;8542;8521;8427;7980;7600;7110;6666;6484;6393;6712;7230;7491;8126;8200;7960;7362;6654;5805;4747;4053;3805;3763;4165;4874;5600;6252;6866;6955;6975;6729;6068;5135;4471;3643;2713;1921;1250;596;217;29;-128;-117;-186;-77;-214;-106;-180;-196;-165;-219;-193;-91;-174;-16;-125;-204;-108;-202;-156;-139;-76;-142;-165;-226;-211;-233;-273;-266;-327;-225;-257;-326;-139;-300;-217;-407;-188;-342;-315;-268;-379;-397;-213;-412;-339;-226;-250;-326;-250;-247;-319;-322;-278;-238;-413;-142;-226;-155;-85;-313;-253;-223;-311;-203;-98;-186;-260;-184;-123;-250;-241;-205;-90;-61;-180;-93;-55;-201;-161;-73;-289;-136;56;-13;-19;-271;-50;-148;-175;-182;-187;-63;-169;-133;-252;-207;-93;-76;-212;-153;-252;-260;-198;-234;
-391;-469;-460;-475;-482;-463;-394;-347;-214;-377;-472;-376;-537;-373;-303;-361;-224;-341;-315;-414;-338;-339;-307;-264;-369;-345;-350;-446;-420;-322;-314;-339;-338;-314;-248;-332;-383;-236;-331;-314;-242;-198;-274;-258;-392;-230;-404;-391;-365;-403;-424;-241;-406;-422;-330;-289;-312;-234;-363;-467;-474;-421;-359;-265;-439;-297;-348;-349;-258;-398;-364;-355;-388;-306;-402;-266;-295;-268;-210;-496;-349;-374;-249;-300;-345;-256;-330;-273;-241;-272;-291;-399;-134;-194;-262;-291;-371;-263;-241;-299;-327;-332;-257;-259;-104;30;128;-66;-51;10;73;255;500;801;1022;1368;1493;1635;1375;1695;1512;1806;2023;2453;2671;3120;3243;3348;3095;3058;2939;2826;2837;3089;3630;4394;5400;6501;7447;8414;8905;8992;8751;8169;7632;6936;6558;6399;6553;6805;7263;7295;7507;7520;7280;7076;6840;6816;6916;7614;8409;9202;10003;10580;10790;10627;10068;9068;8266;7619;7001;6943;7258;7623;8027;8597;9151;9090;8684;8139;7790;7298;6824;6759;6761;6959;7417;7921;8316;8273;8377;7679;6742;5911;4887;4312;3931;3934;4313;4968;5671;6513;7065;7235;7209;6776;6083;5410;4381;3498;2689;1851;1031;660;199;-166;-98;-213;-179;-105;-204;-351;-359;-222;-370;-240;-205;-209;-225;-87;-261;-279;-240;-294;-124;37;-107;-215;-99;-166;-298;-408;-397;-399;-394;-360;-320;-390;-359;-322;-321;-351;-398;-304;-387;-398;-488;-423;-199;-313;-349;-320;-347;-400;-212;-306;-435;-373;-294;-295;-321;-166;-301;-292;-229;-388;-295;-222;-235;-148;-379;-296;-258;-162;-309;-256;-221;-231;-215;-189;-117;-184;-140;-380;-90;-188;-301;-196;-371;-130;-161;-170;-230;-216;-318;-227;-121;-213;-374;-302;-262;-191;-179;-204;-244;-92;-197;-217;-229;-280;
-297;-412;-415;-302;-320;-286;-488;-397;-485;-196;-421;-255;-333;-331;-251;-326;-345;-339;-243;-231;-194;-306;-322;-276;-381;-251;-156;-426;-336;-297;-297;-402;-360;-294;-333;-271;-254;-307;-317;-252;-334;-396;-344;-295;-313;-302;-278;-254;-249;-357;-240;-247;-257;-198;-428;-305;-284;-122;-123;-245;-257;-257;-182;-239;-345;-396;-210;-247;-300;-232;-243;-273;-238;-187;-285;-384;-450;-227;-309;-240;-263;-170;-282;-284;-193;-181;-337;-269;-247;-231;-332;-360;-318;-329;-203;-264;-193;-255;-324;-236;-370;-294;-236;-190;-130;11;263;44;32;70;169;180;505;956;918;1242;1399;1612;1545;1599;1594;1803;2067;2602;2783;3165;3491;3441;3343;3196;3060;2819;3027;3282;3815;4605;5469;6679;7693;8439;9090;9285;8908;8558;7905;7206;6759;6567;6764;6912;7230;7624;7677;7753;7650;7382;7112;7215;7378;7840;8644;9649;10374;10860;11035;10876;10266;9317;8617;7828;7254;7119;7458;8059;8438;8909;9358;9298;9095;8586;8111;7430;7179;6854;6944;7117;7653;8068;8499;8584;8325;7677;6954;6043;5150;4441;4263;4101;4549;5141;6051;6670;7354;7446;7484;6995;6328;5474;4454;3607;2692;1838;1098;556;8;-59;-177;-146;-39;-128;-109;-105;16;-295;-219;-113;-251;-165;-52;-85;-175;-245;-186;-185;-91;-234;-117;-102;-295;-274;-285;-389;-263;-230;-251;-416;-412;-458;-345;-443;-514;-390;-390;-410;-373;-485;-297;-268;-310;-306;-444;-286;-352;-239;-341;-340;-182;-242;-192;-329;-238;-284;-179;-270;-318;-237;-192;-331;-161;-293;-216;-181;-262;-301;-182;-348;-272;-251;-348;-127;-239;-187;-177;-114;-91;-287;-297;-350;-170;-226;-221;-189;-146;-102;-252;-272;-152;-254;-235;-159;-202;-125;-208;-206;-346;-204;-213;-317;-266;-296;
-327;-506;-384;-484;-429;-422;-343;-352;-295;-356;-339;-457;-347;-172;-305;-406;-274;-315;-214;-290;-321;-280;-380;-168;-212;-300;-210;-353;-305;-290;-364;-234;-278;-231;-181;-274;-309;-324;-393;-213;-316;-342;-367;-84;-388;-305;-332;-284;-254;-246;-320;-385;-423;-386;-232;-400;-200;-391;-269;-222;-229;-283;-311;-366;-326;-268;-376;-299;-267;-298;-307;-360;-244;-144;-245;-306;-293;-237;-254;-254;-259;-310;-377;-256;-341;-264;-205;-167;-216;-218;-176;-384;-359;-250;-285;-233;-270;-224;-232;-321;-233;-342;-376;-178;-87;-109;6;100;47;231;216;323;465;848;1080;1476;1710;1708;1642;1783;1794;1818;2172;2675;2859;3344;3507;3502;3419;3253;3162;3149;3050;3535;3906;4786;5825;6756;7880;8735;9339;9584;9353;8767;8153;7448;7110;6880;6904;7170;7443;7842;7941;7899;7881;7756;7560;7590;7697;8312;9183;10150;10735;11403;11520;11339;10713;9812;8799;8086;7702;7540;7826;8494;8969;9540;9592;9585;9355;8920;8564;7929;7409;7154;7228;7460;8053;8443;8819;8792;8439;7943;7261;6252;5214;4705;4236;4163;4771;5471;6307;6912;7662;7756;7660;7055;6388;5587;4595;3672;2746;1788;1282;639;377;57;-235;-262;-86;-152;-95;-48;-191;-144;-29;-71;-190;-4;-27;-20;-144;-181;-89;-190;-181;76;-19;-175;-167;-160;-217;-269;-294;-321;-303;-248;-216;-331;-356;-433;-373;-434;-479;-339;-357;-401;-340;-291;-258;-373;-365;-146;-225;-236;-85;-178;-345;-269;-164;-250;-187;-334;-292;-224;-116;-235;-206;-134;-184;-134;-232;-109;-221;-175;-56;-236;-236;-260;-184;-156;-78;-117;-111;-127;-136;-150;-203;-167;-84;-143;-69;-232;-174;-147;-108;-263;-93;-75;-180;-106;-103;-251;-335;-106;-244;-183;-289;-175;-257;-123;
-422;-357;-400;-250;-206;-462;-296;-310;-377;-229;-332;-314;-428;-331;-268;-247;-307;-246;-357;-388;-244;-382;-329;-238;-317;-372;-221;-279;-409;-259;-418;-282;-312;-277;-376;-344;-408;-127;-349;-402;-316;-265;-331;-155;-272;-389;-365;-281;-268;-355;-293;-487;-194;-288;-218;-279;-355;-354;-327;-266;-243;-391;-184;-151;-184;-326;-291;-295;-209;-220;-326;-272;-239;-171;-263;-360;-287;-259;-204;-327;-252;-286;-244;-271;-240;-253;-223;-271;-354;-369;-271;-340;-119;-248;-315;-190;-191;-165;-226;-203;-224;-288;-192;-104;-174;-27;54;143;257;133;239;312;650;863;1252;1436;1552;1719;1679;1731;1930;1937;2169;2706;2920;3385;3532;3682;3569;3400;3258;3240;3350;3486;4013;4964;5967;7112;8145;9040;9626;9903;9583;9142;8406;7652;7222;7043;7166;7437;7724;8060;8230;8305;8216;8054;8040;7967;8245;8759;9516;10466;11229;11778;12025;11695;11052;10015;9203;8442;8041;7894;8339;8804;9565;9757;9962;9962;9523;9200;8790;7977;7661;7571;7482;7689;8191;8658;9002;9161;8748;8143;7285;6211;5448;4823;4519;4510;5024;5640;6469;7321;7866;8000;7923;7518;6522;5671;4652;3690;2701;1846;1193;731;214;194;-145;-98;-110;36;-37;-17;-156;-16;-41;-195;-12;28;-80;7;-18;-30;-100;-21;122;-37;-31;77;-170;-116;-314;-294;-287;-120;-263;-212;-474;-261;-382;-272;-243;-337;-379;-343;-172;-240;-251;-162;-320;-315;-421;-282;-133;-264;-121;-227;-123;-302;-203;-159;-161;-121;-128;-266;-166;-239;-106;-75;-161;-16;15;-129;-83;-295;-298;-153;-143;-123;-55;-28;-112;-173;-95;-216;-264;-213;-57;-147;-55;-72;-99;-39;-93;-128;-74;-89;-84;-42;-100;-108;-316;-71;-147;-234;-143;-171;-86;-20;-244;-198;
-444;-470;-420;-466;-349;-387;-467;-437;-421;-494;-361;-382;-514;-464;-489;-342;-331;-410;-482;-339;-433;-437;-332;-490;-475;-347;-500;-460;-348;-487;-519;-384;-466;-420;-299;-467;-416;-292;-332;-376;-452;-547;-450;-387;-637;-335;-384;-329;-469;-410;-299;-476;-397;-459;-495;-419;-491;-429;-440;-431;-337;-535;-325;-403;-407;-404;-231;-424;-398;-334;-407;-418;-298;-300;-322;-510;-383;-253;-410;-336;-350;-407;-414;-395;-449;-349;-402;-366;-347;-289;-364;-551;-299;-310;-298;-259;-382;-324;-317;-268;-282;-361;-377;-336;-181;-75;-22;-100;37;16;111;216;413;780;1070;1380;1743;1709;1772;1745;1693;1946;2280;2683;2988;3404;3494;3579;3455;3377;3185;3311;3477;3660;4243;5085;6069;7263;8333;9412;9940;10178;9917;9536;8821;8128;7615;7362;7367;7689;8120;8255;8604;8531;8534;8498;8344;8325;8332;8958;9824;10749;11472;12145;12516;11956;11327;10362;9450;8646;8245;8096;8430;9246;9902;9913;10009;10155;9732;9270;8796;8238;7656;7445;7634;7729;8178;8746;9053;9074;8765;8282;7439;6447;5558;4723;4384;4424;5011;5799;6765;7322;7931;8069;7917;7367;6543;5703;4492;3532;2557;1674;1018;434;127;-33;-124;-12;-39;-140;-58;-97;18;-123;-111;-167;-69;-165;-2;-163;-103;-13;-60;-96;-43;-95;-31;-194;-158;-392;-316;-249;-460;-410;-273;-281;-374;-299;-415;-432;-455;-362;-452;-381;-445;-368;-394;-330;-368;-367;-391;-265;-350;-182;-338;-243;-298;-271;-339;-438;-235;-222;-289;-171;-283;-404;-208;-297;-131;-204;-158;-159;-207;-271;-251;-334;-250;-315;-260;-167;-110;-215;-160;-194;-337;-332;-189;-226;-191;-197;-124;-307;-193;-311;-343;-410;-225;-157;-365;-151;-313;-311;-124;-366;-196;-124;-265;-326;-171;-259;
-386;-346;-344;-393;-411;-454;-424;-348;-298;-385;-462;-338;-346;-407;-270;-417;-392;-294;-305;-291;-372;-371;-270;-447;-269;-339;-449;-336;-281;-337;-356;-303;-471;-418;-309;-415;-343;-428;-319;-332;-352;-377;-421;-288;-341;-334;-350;-210;-322;-443;-332;-351;-354;-290;-310;-304;-466;-443;-387;-275;-358;-408;-240;-513;-293;-234;-345;-344;-383;-317;-311;-226;-285;-327;-398;-305;-246;-360;-271;-286;-233;-442;-342;-257;-294;-303;-363;-344;-238;-272;-432;-357;-382;-348;-290;-369;-166;-271;-152;-204;-329;-391;-217;-95;-121;99;82;-23;161;119;189;357;604;794;1273;1437;1636;1782;1768;1835;1947;2148;2416;2773;3085;3341;3575;3727;3637;3618;3460;3337;3568;3983;4440;5270;6449;7509;8773;9640;10183;10567;10325;9838;8992;8453;7858;7677;7870;8094;8374;8736;8924;9026;8921;8800;8972;8915;8958;9488;10203;11356;11996;12576;12769;12376;11821;10906;9994;9036;8574;8454;8829;9245;9904;10238;10423;10402;10210;9738;9193;8544;8090;7745;7827;7893;8421;8771;9373;9235;8944;8329;7643;6494;5565;4937;4584;4671;5305;5828;6879;7617;8140;8335;8182;7474;6693;5690;4591;3465;2457;1622;931;442;277;-45;49;-74;-92;-10;-55;-18;-61;-13;-190;-120;-111;5;-2;-97;-84;-4;-193;43;-51;-10;-95;6;-139;-168;-401;-248;-155;-305;-351;-355;-258;-398;-445;-297;-401;-490;-314;-364;-347;-339;-280;-366;-431;-406;-362;-428;-231;-310;-289;-304;-184;-176;-230;-272;-239;-155;-147;-179;-199;-268;-238;-148;-232;-159;-17;-182;-131;-156;-254;-167;-126;-201;-180;-165;-134;-54;-167;-149;-105;-172;-116;-233;-119;-133;-202;-175;-69;-224;-81;-156;-143;-243;-3;-289;-172;-279;-137;-89;-112;-119;-313;-356;-171;-157;
-352;-377;-394;-406;-393;-332;-416;-336;-287;-417;-398;-395;-285;-166;-345;-312;-429;-327;-520;-289;-84;-357;-390;-347;-292;-207;-379;-308;-281;-456;-366;-391;-375;-271;-386;-349;-367;-260;-413;-409;-363;-321;-229;-280;-309;-504;-138;-322;-253;-307;-264;-315;-300;-247;-224;-287;-237;-259;-283;-405;-439;-299;-226;-302;-341;-164;-289;-278;-240;-339;-295;-283;-353;-384;-443;-342;-255;-241;-328;-315;-313;-386;-302;-243;-267;-293;-343;-370;-329;-254;-362;-204;-219;-351;-281;-260;-189;-247;-202;-228;-383;-302;-257;-137;42;-72;137;268;152;222;199;366;522;969;1292;1623;1807;2078;1904;1940;1951;2164;2373;2803;3033;3443;3569;3880;3719;3704;3649;3677;3707;4072;4752;5495;6616;7700;9070;9882;10697;11089;10789;10335;9475;8881;8429;8163;8128;8344;8977;9006;9450;9589;9482;9305;9412;9146;9581;9980;10895;11887;12657;13129;13344;13064;12099;11233;10224;9373;8911;8868;9110;9596;10182;10628;10950;10977;10464;10058;9515;8781;8337;8044;8040;8291;8649;9002;9414;9596;9204;8651;7740;6654;5673;5000;4675;4921;5365;6191;7050;7909;8374;8518;8396;7604;6941;5807;4707;3542;2488;1593;990;576;248;-32;-129;-214;-115;38;-48;-63;15;68;-153;-227;30;4;-14;60;152;-62;63;-201;79;-129;-45;135;-63;-146;-212;-343;-397;-224;-257;-292;-404;-332;-331;-418;-485;-373;-215;-403;-264;-446;-365;-260;-379;-281;-327;-299;-331;-223;-284;-267;-230;-365;-224;-289;-147;-63;-288;-169;-194;-132;-24;-238;-107;-132;-78;-183;-285;-184;-113;-271;-219;-186;-81;-56;-63;-150;-147;-296;-214;-214;-213;-89;-162;-84;-222;-105;-106;-231;-263;-241;-97;-94;-182;-259;-316;-149;-60;2;-217;-354;-208;-94;-202;-280;
-342;-428;-289;-421;-400;-323;-458;-447;-317;-347;-319;-217;-345;-198;-347;-258;-341;-319;-268;-318;-347;-353;-342;-378;-337;-228;-141;-196;-200;-433;-301;-380;-190;-217;-316;-348;-320;-243;-423;-307;-282;-241;-294;-240;-307;-276;-263;-324;-299;-204;-251;-316;-368;-226;-295;-103;-312;-318;-340;-253;-321;-207;-346;-211;-197;-296;-325;-137;-202;-425;-365;-488;-164;-321;-176;-267;-316;-284;-265;-250;-402;-275;-66;-222;-311;-292;-340;-287;-227;-341;-212;-261;-86;-261;-189;-181;-198;-123;-218;-213;-162;-211;-337;-167;-14;18;95;214;216;247;298;332;593;928;1216;1638;1887;2019;1963;2017;2074;2202;2465;2864;3202;3552;3813;3955;3846;3749;3861;3690;4034;4313;4953;5748;6834;8041;9375;10479;11062;11429;11089;10712;10065;9356;8674;8382;8559;8772;9195;9433;9939;10187;10107;10099;9983;9822;10086;10529;11372;12377;13088;13683;13935;13551;12716;11838;10711;9945;9324;9292;9423;9946;10691;11081;11536;11406;11079;10380;9882;9193;8553;8395;8416;8497;9019;9450;9718;9746;9432;8898;7999;7052;6011;5154;4908;5206;5514;6338;7291;7964;8659;8730;8588;7869;6870;5840;4667;3505;2507;1792;918;610;204;71;12;-97;-60;163;12;94;-48;57;-57;-120;93;5;126;153;87;-14;-50;1;-38;-52;-47;-82;-151;-203;-162;-148;-123;-244;-198;-241;-189;-235;-259;-340;-416;-351;-265;-233;-355;-240;-175;-252;-141;-93;-303;-213;-300;-75;-122;-267;-377;-249;-215;-26;-84;-89;-189;-119;-169;-286;-379;-132;30;-133;-144;-114;-65;-42;-84;-158;-175;-28;-73;-13;-80;80;-136;-189;-96;-184;10;-40;-103;62;-157;-21;-139;-59;-130;-138;-187;-28;-133;-106;-76;-230;-123;-116;-15;-12;-145;-210;-181;-145;
-375;-449;-474;-512;-423;-443;-455;-334;-361;-449;-342;-475;-306;-378;-370;-474;-466;-461;-303;-363;-356;-456;-255;-322;-366;-379;-421;-381;-506;-400;-322;-443;-410;-297;-438;-495;-384;-422;-348;-430;-394;-255;-295;-370;-340;-318;-363;-231;-296;-367;-308;-326;-389;-352;-297;-361;-314;-278;-440;-238;-441;-316;-434;-348;-401;-209;-397;-328;-437;-266;-286;-248;-347;-256;-396;-371;-318;-412;-350;-225;-321;-347;-338;-215;-258;-305;-274;-233;-289;-383;-330;-275;-310;-298;-374;-259;-331;-327;-308;-170;-342;-286;-219;-212;-62;-73;88;202;186;167;233;374;599;705;1177;1539;1862;2011;1931;2100;2076;2150;2418;2904;3166;3654;3774;3898;3965;3837;3874;3939;3955;4431;5042;5844;7099;8243;9780;10693;11441;11627;11422;11142;10393;9596;8992;8785;8848;9042;9444;9867;10195;10463;10551;10618;10482;10341;10548;11114;12083;12947;13668;14182;14396;13813;13259;12095;11201;10339;9895;9690;9897;10408;11137;11585;12015;11899;11488;10891;10367;9557;8989;8563;8439;8794;9237;9501;9816;9860;9637;9109;8173;7125;6160;5422;5040;5102;5726;6551;7526;8310;8778;9055;8696;8010;7009;5891;4555;3592;2569;1572;1013;492;97;-188;-81;-51;-110;-39;-110;-96;-37;-179;-169;-296;-88;-170;38;96;-18;-143;-79;-44;-54;-47;-76;-70;-156;-315;-424;-362;-453;-427;-386;-400;-296;-482;-448;-501;-380;-454;-435;-232;-480;-401;-450;-467;-227;-306;-451;-271;-387;-352;-233;-202;-188;-366;-425;-222;-362;-179;-185;-251;-191;-223;-480;-285;-220;-158;-97;-22;-137;-189;-185;-111;-254;-66;-216;-216;-139;-87;-145;-194;-245;-207;-148;-182;-134;-123;-108;-151;-37;-19;-258;-81;-238;-135;-295;-267;-117;-164;-79;-154;-144;-226;-97;-269;-250;-151;
-333;-449;-426;-534;-558;-400;-420;-481;-403;-442;-584;-425;-465;-420;-467;-552;-485;-364;-351;-528;-464;-436;-545;-449;-357;-361;-555;-422;-540;-392;-513;-425;-398;-443;-411;-346;-480;-350;-482;-332;-401;-344;-361;-263;-418;-460;-387;-361;-401;-368;-394;-311;-356;-398;-329;-470;-327;-456;-487;-374;-424;-386;-403;-469;-451;-424;-337;-378;-378;-392;-392;-420;-209;-337;-428;-399;-390;-507;-481;-312;-290;-386;-282;-246;-257;-292;-306;-230;-429;-310;-191;-410;-382;-333;-333;-332;-242;-312;-312;-450;-366;-424;-312;-404;-140;-67;158;24;195;183;238;215;601;832;1068;1603;1740;2006;2155;2013;2065;2295;2533;2754;3194;3508;3878;4026;3963;4032;3913;3761;4085;4539;5055;5897;7214;8408;9985;10896;11620;11908;11800;11407;10837;10120;9349;9085;9112;9403;9940;10106;10508;10834;10968;11020;11104;10898;11020;11628;12526;13276;13956;14607;14772;14322;13476;12647;11563;10823;10232;10017;10323;10657;11447;11981;12304;12307;12122;11263;10620;9846;9217;8977;8845;8989;9522;9884;10157;10118;9964;9374;8437;7246;6335;5443;5205;5324;5784;6617;7635;8480;9041;9276;8965;8062;7030;5908;4721;3548;2588;1578;907;329;78;-118;-126;-195;-105;-78;-96;-82;20;-51;-234;-156;-178;-5;-39;-106;110;-67;-62;-155;-52;-49;-62;-173;-108;-336;-418;-328;-412;-417;-323;-323;-418;-483;-419;-324;-327;-410;-464;-398;-443;-347;-423;-455;-408;-385;-428;-300;-264;-342;-342;-159;-269;-384;-421;-288;-310;-207;-273;-145;-307;-187;-412;-326;-304;-89;-188;-188;-139;-207;-219;-283;-157;-253;-235;-105;-152;-230;-78;-274;-237;-95;-324;-163;-35;-308;-255;-81;-231;-176;-225;-84;-193;-264;-115;-187;-180;-227;-143;-164;-226;-104;-187;-301;-232;-231;
-534;-497;-530;-498;-535;-390;-381;-532;-520;-612;-523;-476;-367;-427;-435;-390;-653;-507;-420;-349;-444;-604;-494;-426;-434;-350;-353;-356;-416;-417;-550;-441;-456;-392;-447;-463;-344;-336;-425;-328;-491;-389;-419;-499;-347;-466;-473;-459;-322;-546;-464;-355;-546;-462;-350;-576;-339;-447;-348;-308;-263;-328;-336;-443;-361;-349;-235;-405;-409;-532;-325;-337;-342;-417;-393;-358;-407;-424;-434;-286;-336;-376;-427;-328;-466;-379;-439;-370;-357;-360;-485;-306;-493;-336;-283;-388;-345;-390;-303;-336;-501;-298;-357;-297;-152;-22;104;-22;117;110;313;290;569;860;1097;1624;1802;2000;2124;1964;2100;2282;2458;2867;3276;3653;4020;4016;4144;3959;4079;4084;4232;4657;5243;6123;7493;8631;10041;11057;11993;12290;12090;11721;11214;10331;9774;9463;9612;9695;10024;10547;10871;11179;11391;11391;11501;11596;11625;12057;12835;13797;14483;14963;15165;14820;13922;13054;12140;11121;10501;10195;10727;11241;11972;12476;12967;12948;12671;11904;11136;10229;9676;9214;9289;9359;9710;10276;10541;10497;10192;9556;8519;7525;6579;5825;5399;5613;6195;6955;7822;8850;9435;9418;9210;8404;7231;6007;4847;3562;2520;1702;1011;437;101;-195;-131;-221;-95;-45;-189;-125;-208;-100;-109;-185;-19;-131;19;4;-104;-229;-250;-188;-42;-151;-59;-169;-192;-305;-310;-477;-460;-451;-424;-285;-262;-435;-493;-566;-460;-440;-402;-378;-357;-494;-447;-367;-462;-480;-381;-282;-297;-388;-345;-333;-411;-354;-432;-316;-282;-310;-130;-242;-256;-297;-234;-276;-331;-170;-247;-174;-257;-279;-250;-300;-225;-200;-244;-225;-237;-180;-179;-171;-209;-226;-117;-223;-365;-253;-196;-285;-406;-250;-271;-117;-114;-120;-273;-195;-166;-333;-119;-233;-213;-43;-256;-335;-260;-333;
-529;-417;-583;-656;-563;-499;-528;-570;-525;-587;-572;-505;-480;-489;-453;-501;-503;-596;-395;-396;-467;-508;-516;-405;-370;-504;-502;-498;-431;-372;-439;-463;-436;-354;-339;-421;-488;-430;-526;-350;-333;-455;-370;-397;-539;-356;-384;-496;-452;-376;-454;-373;-423;-274;-350;-448;-315;-336;-314;-343;-448;-378;-526;-546;-443;-523;-403;-497;-539;-488;-481;-405;-379;-386;-386;-375;-289;-352;-407;-340;-617;-281;-334;-345;-541;-371;-256;-319;-384;-352;-595;-412;-449;-433;-435;-340;-318;-484;-260;-379;-487;-297;-389;-370;-219;-2;61;250;-3;91;207;405;460;894;1328;1706;1836;2084;2048;2102;2165;2236;2442;2801;3322;3669;3911;3987;4187;4256;4217;4172;4317;4684;5491;6370;7719;8867;10263;11375;12337;12678;12447;11885;11461;10633;10072;9752;9714;10000;10473;10974;11337;11419;11740;11942;12001;11936;12236;12599;13552;14225;14822;15339;15610;15200;14429;13477;12521;11591;11139;10947;11249;11768;12434;13191;13394;13522;13025;12393;11557;10670;9922;9710;9611;9892;10264;10625;10773;10804;10416;9777;8829;7786;6740;6063;5698;5578;6355;7307;8359;9203;9808;9670;9392;8581;7346;6094;4946;3559;2425;1648;992;482;91;-52;-167;-136;-173;-226;-69;-63;10;-152;-129;99;-236;-170;-124;-3;2;-14;-253;-148;-96;-171;-87;-73;-332;-256;-446;-395;-379;-483;-446;-480;-538;-492;-527;-429;-474;-551;-521;-514;-287;-310;-393;-422;-370;-346;-377;-238;-313;-329;-226;-403;-455;-362;-313;-473;-355;-286;-302;-399;-332;-279;-270;-278;-233;-309;-310;-251;-299;-368;-175;-236;-168;-306;-201;-243;-294;-332;-275;-263;-340;-276;-216;-346;-210;-249;-319;-231;-237;-240;-203;-124;-329;-138;-203;-226;-192;-310;-347;-275;-306;-404;-174;-273;-244;-208;
-494;-430;-571;-564;-448;-565;-464;-636;-500;-309;-465;-391;-600;-484;-562;-437;-423;-529;-472;-538;-455;-457;-407;-463;-477;-329;-567;-515;-347;-373;-428;-399;-530;-436;-381;-462;-241;-420;-443;-432;-401;-419;-540;-451;-526;-433;-350;-496;-488;-381;-289;-446;-525;-295;-356;-387;-441;-475;-446;-445;-435;-371;-368;-485;-389;-466;-451;-493;-449;-486;-344;-299;-408;-349;-319;-234;-449;-379;-407;-379;-299;-250;-250;-431;-267;-353;-322;-485;-342;-361;-359;-425;-358;-376;-427;-381;-402;-351;-242;-402;-360;-451;-367;-172;-159;-158;46;168;233;139;437;405;573;903;1248;1610;2001;2111;2143;2228;2179;2377;2703;2774;3440;3791;3963;4106;4177;4303;4144;4268;4504;4977;5582;6548;7839;9300;10694;11918;12675;12977;12704;12495;11786;10913;10510;9975;10023;10236;10867;11175;11790;11963;12358;12433;12411;12615;12875;13359;13993;14801;15578;15875;16278;15640;15164;14134;13125;12140;11685;11464;11758;12222;13050;13592;14031;14020;13569;12778;12008;10994;10496;10164;10067;10164;10605;11003;11117;11051;10951;10251;9161;8061;6982;6268;5885;5941;6661;7649;8751;9523;9987;10143;9597;8803;7626;6274;4796;3678;2606;1635;970;477;123;-90;-112;-214;-138;-61;-76;-74;-114;-243;-296;-262;-176;23;-67;-81;-258;-254;-219;-218;-126;-247;-104;-190;-374;-268;-453;-488;-442;-359;-323;-467;-595;-433;-448;-387;-313;-379;-485;-417;-359;-442;-436;-453;-500;-452;-378;-423;-556;-233;-239;-257;-353;-416;-497;-326;-273;-306;-224;-158;-312;-345;-272;-198;-314;-230;-281;-220;-164;-241;-307;-219;-385;-244;-188;-170;-145;-196;-304;-375;-183;-235;-179;-175;-343;-308;-186;-281;-168;-225;-237;-304;-311;-263;-230;-166;-202;-344;-298;-352;-280;-263;-323;-257;-306;-428;
-385;-676;-413;-470;-650;-510;-399;-532;-614;-617;-502;-500;-391;-517;-475;-372;-455;-404;-423;-669;-404;-415;-480;-450;-408;-483;-360;-421;-461;-419;-492;-480;-521;-451;-567;-443;-532;-535;-443;-528;-550;-382;-356;-574;-593;-549;-447;-569;-422;-533;-352;-527;-385;-460;-457;-424;-302;-432;-473;-497;-306;-378;-510;-475;-357;-390;-384;-411;-531;-513;-445;-418;-451;-378;-419;-406;-472;-424;-479;-423;-380;-412;-263;-418;-355;-272;-439;-387;-463;-334;-500;-361;-297;-376;-390;-344;-357;-361;-395;-330;-355;-402;-405;-320;-87;-86;5;130;202;132;215;390;608;917;1342;1770;1978;2229;2244;2301;2283;2528;2639;3018;3403;3766;4202;4277;4315;4453;4186;4478;4652;5080;5713;6793;8086;9444;10786;12021;13004;13274;13066;12674;12180;11415;10758;10352;10197;10376;10990;11442;11978;12566;12668;12799;12917;13040;13285;13836;14554;15368;15902;16464;16598;16290;15418;14422;13551;12666;11969;11835;12171;12660;13557;14072;14505;14346;14014;13250;12494;11485;10694;10454;10458;10525;10787;11130;11406;11413;11054;10426;9390;8456;7346;6543;6189;6224;6698;7844;9014;9811;10392;10400;9921;8966;7723;6381;4860;3617;2516;1675;1024;383;84;-22;-169;-288;-158;-132;-98;-18;-131;-132;-328;-149;-95;-125;-92;-12;-188;-114;-201;-274;-111;-155;-115;-231;-348;-366;-369;-445;-415;-303;-381;-453;-507;-410;-434;-325;-492;-646;-270;-451;-395;-481;-460;-500;-463;-404;-419;-268;-348;-341;-360;-381;-237;-336;-385;-344;-234;-285;-319;-368;-288;-155;-273;-247;-252;-283;-424;-338;-183;-308;-352;-290;-171;-235;-253;-126;-249;-144;-269;-128;-237;-68;-160;-98;-288;-179;-144;-131;-52;-216;-127;-304;-309;-394;-176;-194;-305;-242;-317;-356;-244;-188;-259;-332;-188;-328;
-478;-451;-528;-460;-404;-495;-371;-454;-426;-476;-517;-487;-496;-421;-392;-451;-392;-285;-328;-356;-455;-572;-293;-481;-487;-327;-376;-435;-560;-327;-266;-509;-107;-552;-431;-353;-432;-448;-459;-479;-400;-313;-335;-415;-365;-238;-397;-285;-361;-387;-410;-338;-370;-466;-305;-394;-436;-421;-345;-410;-437;-368;-385;-500;-400;-338;-516;-331;-344;-393;-308;-200;-407;-496;-455;-211;-366;-324;-433;-261;-339;-286;-304;-387;-276;-266;-357;-248;-337;-390;-346;-285;-401;-326;-380;-361;-335;-260;-348;-336;-279;-285;-225;-173;-141;2;217;175;332;351;181;416;697;1092;1471;1796;2131;2281;2427;2393;2487;2453;2703;3050;3608;3926;4147;4402;4571;4490;4711;4813;4927;5327;6099;6893;8342;9670;11135;12387;13307;13719;13695;13117;12481;11793;11326;10645;10672;10764;11393;11991;12502;12807;13192;13393;13638;13461;14030;14477;15227;15922;16516;17133;17229;16839;16085;15177;14252;13033;12392;12557;12813;13183;14133;14730;14950;14994;14470;13660;12803;11971;11123;10797;10586;10854;11168;11486;11752;11752;11471;10756;9835;8641;7685;6781;6515;6547;7075;8149;9248;10166;10440;10635;10059;9100;7769;6301;4952;3569;2577;1611;942;498;91;-41;-37;-138;-98;-51;-6;-19;32;-103;-68;-44;-63;-104;-52;-64;-110;-29;-122;-124;-9;-157;-13;-123;-136;-255;-323;-321;-254;-297;-443;-451;-308;-331;-439;-528;-498;-166;-339;-334;-375;-316;-315;-372;-360;-333;-317;-340;-271;-194;-275;-292;-303;-323;-287;-228;-214;-299;-184;-31;-248;-364;-240;-206;-201;-134;-86;-156;-150;-272;-310;-182;-200;-11;-188;-188;-187;-104;-169;-77;-163;-174;-210;-201;-107;-202;-163;-123;-18;-229;-99;-40;-246;-159;-93;-239;-332;-137;-145;-147;-212;-205;-150;-266;-259;-285;
-440;-495;-537;-508;-444;-426;-394;-586;-526;-557;-606;-554;-390;-486;-451;-465;-417;-319;-460;-486;-529;-388;-390;-333;-427;-417;-467;-432;-320;-422;-482;-398;-485;-456;-467;-260;-349;-533;-367;-437;-328;-411;-370;-496;-482;-433;-339;-363;-301;-350;-453;-365;-358;-486;-472;-356;-444;-415;-434;-373;-447;-371;-305;-398;-447;-498;-302;-548;-434;-425;-419;-423;-391;-265;-378;-458;-306;-323;-344;-381;-405;-415;-392;-449;-320;-501;-383;-296;-388;-391;-488;-388;-477;-522;-305;-405;-334;-197;-388;-371;-405;-394;-357;-324;-161;-40;100;258;238;235;268;454;510;878;1311;1777;2137;2352;2350;2482;2476;2456;2717;2983;3595;3910;4143;4531;4622;4665;4800;4725;4964;5636;6185;7103;8569;9966;11379;12490;13448;14071;13813;13399;12803;11999;11451;10853;10940;10985;11367;11958;12706;13102;13423;13842;14027;14129;14560;14986;15573;16316;17071;17617;17775;17522;16700;15595;14432;13465;12869;12827;13182;13551;14396;14936;15366;15494;14809;14004;13328;12208;11403;10996;10769;10994;11568;11789;11952;11673;11401;11165;10092;8777;7730;6873;6555;6717;7387;8208;9336;10203;10661;10758;10172;8971;7663;6377;4786;3501;2486;1420;884;388;45;-259;-297;-295;-277;-9;-11;-95;-122;-49;-147;-188;-22;4;-225;-113;-55;-67;-107;-184;-236;-171;-180;-326;-252;-304;-463;-406;-446;-363;-367;-450;-497;-525;-542;-506;-423;-517;-439;-445;-342;-409;-475;-426;-424;-449;-466;-401;-405;-334;-252;-210;-394;-416;-313;-228;-287;-312;-367;-310;-426;-195;-431;-239;-260;-317;-197;-253;-317;-334;-276;-306;-237;-351;-206;-279;-274;-374;-332;-343;-288;-183;-234;-252;-121;-291;-291;-199;-239;-258;-204;-186;-205;-197;-193;-274;-271;-227;-153;-227;-336;-220;-426;-348;-255;-318;
-637;-464;-668;-658;-577;-551;-611;-594;-542;-643;-436;-471;-532;-422;-495;-416;-457;-468;-456;-493;-499;-429;-427;-545;-323;-425;-362;-466;-532;-550;-384;-393;-412;-355;-469;-444;-549;-514;-435;-375;-609;-434;-601;-588;-382;-513;-303;-447;-408;-531;-519;-530;-585;-544;-511;-504;-415;-491;-477;-303;-381;-224;-388;-410;-442;-361;-407;-333;-343;-422;-310;-413;-503;-536;-408;-512;-529;-357;-366;-366;-393;-470;-425;-543;-540;-379;-520;-344;-505;-348;-388;-402;-430;-572;-500;-511;-538;-280;-343;-395;-171;-301;-329;-364;-201;-155;135;228;105;152;349;360;511;860;1286;1754;2234;2334;2328;2475;2544;2563;2714;3221;3583;3937;4316;4420;4819;4756;4827;5128;5510;5867;6386;7447;8629;10205;11899;12899;13867;14357;14285;13799;13200;12411;11844;11150;11022;11395;11595;12276;12798;13283;13768;14145;14423;14539;14892;15486;16149;16852;17583;18198;18279;17875;17253;16170;15056;13897;13393;13166;13494;13978;14838;15439;15952;15775;15297;14312;13438;12342;11614;11078;10883;11056;11692;11980;12158;11876;11633;10872;9993;8928;7821;6961;6822;6876;7405;8531;9605;10288;10861;10914;10255;9047;7650;6205;4692;3427;2325;1397;687;211;-32;-240;-202;-349;-95;-60;-160;-79;-142;-97;-213;-259;-173;-91;-217;-158;-182;-51;-286;-225;-333;-311;-167;-214;-320;-342;-419;-426;-355;-501;-601;-391;-417;-586;-455;-635;-546;-397;-412;-399;-324;-481;-411;-567;-370;-393;-425;-351;-364;-421;-431;-387;-485;-440;-298;-417;-249;-162;-284;-277;-289;-232;-383;-258;-292;-275;-264;-247;-198;-337;-112;-220;-380;-191;-325;-207;-144;-260;-258;-439;-187;-232;-260;-254;-206;-331;-265;-127;-178;-262;-232;-223;-241;-262;-267;-279;-314;-241;-410;-188;-296;-196;-205;-253;-279;-224;
-573;-669;-558;-520;-531;-568;-596;-438;-403;-443;-570;-479;-511;-437;-401;-507;-346;-422;-548;-410;-448;-387;-542;-456;-540;-326;-445;-472;-469;-570;-510;-414;-604;-401;-545;-402;-592;-552;-548;-527;-373;-394;-522;-552;-476;-410;-335;-469;-479;-467;-510;-410;-609;-505;-432;-498;-496;-356;-344;-344;-372;-365;-495;-629;-411;-463;-492;-341;-507;-431;-464;-381;-317;-379;-500;-587;-402;-460;-479;-402;-385;-392;-482;-538;-427;-494;-345;-432;-354;-353;-347;-351;-511;-478;-441;-489;-367;-308;-195;-456;-329;-319;-338;-345;-374;-42;48;82;187;240;365;365;559;872;1337;1883;2109;2402;2499;2502;2460;2555;2754;3229;3528;4006;4223;4604;4795;4839;5005;5063;5554;5814;6821;7718;9020;10440;11992;13287;14256;14577;14508;14061;13451;12595;11812;11264;11040;11323;11708;12368;13040;13553;13925;14394;14684;15079;15249;15838;16540;17093;17890;18464;18614;18178;17443;16333;15275;14308;13711;13422;13823;14369;15026;15744;16077;16103;15576;14809;13723;12656;11702;11259;11079;11295;11590;12031;12142;11947;11552;10875;10070;9040;7947;7338;6834;7098;7732;8453;9624;10479;10944;10818;10042;9017;7619;5969;4652;3248;2133;1358;651;108;27;-168;-384;-415;-252;-279;-303;-168;-171;-404;-220;-275;-217;-191;-106;-147;-221;-307;-265;-326;-141;-276;-223;-251;-422;-323;-571;-522;-477;-415;-491;-399;-478;-480;-395;-610;-455;-400;-427;-497;-384;-482;-521;-508;-466;-456;-406;-498;-428;-329;-283;-296;-408;-272;-442;-279;-385;-281;-321;-355;-336;-361;-398;-343;-232;-309;-165;-461;-253;-236;-280;-331;-289;-217;-256;-468;-253;-175;-112;-301;-250;-293;-324;-324;-432;-316;-184;-165;-252;-190;-323;-346;-247;-299;-182;-329;-242;-236;-217;-265;-192;-332;-354;-321;-356;-235;
-547;-542;-365;-512;-448;-484;-396;-453;-490;-606;-392;-373;-517;-408;-381;-432;-409;-423;-428;-455;-360;-387;-394;-420;-465;-431;-393;-396;-357;-399;-364;-444;-342;-444;-458;-481;-411;-271;-426;-366;-361;-338;-348;-356;-429;-292;-323;-478;-418;-391;-464;-319;-412;-371;-400;-442;-401;-494;-418;-427;-432;-408;-310;-431;-376;-274;-292;-336;-342;-304;-354;-323;-300;-433;-407;-467;-323;-380;-350;-407;-256;-343;-272;-315;-476;-371;-481;-383;-342;-343;-387;-355;-197;-340;-349;-400;-348;-308;-260;-289;-256;-395;-355;-213;-99;-4;67;249;238;327;351;631;667;1073;1500;1879;2208;2438;2613;2733;2743;2766;3029;3379;3529;4010;4360;4723;5035;5074;5277;5575;5734;6299;7099;8110;9420;10957;12622;13753;14660;14823;14804;14314;13843;12817;12050;11528;11370;11362;11877;12508;12979;13559;14073;14409;14936;15296;15681;15991;16924;17597;18148;18768;18904;18559;17821;16843;15762;14642;14039;13907;14104;14660;15334;15880;16554;16426;15908;14999;14050;12792;12010;11443;11326;11445;11739;11907;12295;12054;11643;10936;10230;8977;8060;7416;7043;7185;7870;8745;9779;10536;11175;11003;10358;9024;7749;6096;4454;3006;2077;1242;671;113;-54;-180;-205;-261;-154;-194;-1;6;-78;-135;-227;-154;-174;-245;-225;-131;-205;-98;-328;-190;-94;-287;-166;-58;-344;-362;-314;-337;-357;-388;-592;-472;-398;-408;-517;-416;-399;-519;-448;-413;-476;-402;-478;-486;-329;-313;-305;-316;-316;-230;-298;-367;-234;-308;-254;-277;-253;-215;-92;-227;-186;-271;-196;-217;-161;-213;-176;-73;-306;-182;-414;-164;-109;-245;-231;-236;-98;-164;-102;-204;-211;-116;-30;-161;-238;-111;-171;-211;-167;-324;-89;-193;-184;-234;-142;-157;-263;-170;-194;-120;-152;-156;-218;-169;-360;-293;
-569;-534;-482;-510;-570;-383;-367;-412;-598;-482;-379;-480;-391;-480;-544;-446;-376;-383;-475;-459;-459;-361;-404;-572;-345;-296;-302;-417;-501;-277;-360;-417;-331;-418;-422;-377;-387;-337;-458;-363;-530;-372;-368;-322;-438;-393;-313;-327;-564;-316;-378;-505;-336;-540;-495;-328;-286;-418;-509;-400;-278;-383;-433;-471;-434;-420;-327;-354;-428;-342;-400;-408;-368;-592;-328;-414;-431;-446;-361;-362;-461;-313;-385;-336;-380;-364;-447;-473;-454;-342;-343;-391;-364;-498;-309;-498;-436;-310;-226;-206;-352;-390;-224;-224;-169;-46;146;384;120;202;445;435;941;1136;1444;1900;2077;2648;2540;2610;2737;2795;2981;3281;3695;4164;4522;4868;5038;5084;5315;5674;6018;6425;7154;8258;9632;11088;12666;13841;14870;15165;15008;14461;13928;12865;11938;11402;11216;11207;11761;12211;12808;13477;13839;14298;14718;15268;15805;15998;16975;17582;18295;18858;18956;18739;18080;16903;15914;14704;13956;14013;14216;14632;15451;16118;16630;16647;15925;14988;14164;13046;12183;11571;11117;11262;11624;12032;12146;12013;11658;11155;10147;9088;8119;7354;7289;7159;7837;8781;9784;10520;10963;10901;10204;8989;7451;6039;4417;3003;2013;1130;666;27;-96;-201;-200;-331;-94;-160;-154;-25;-69;-135;-109;-215;-196;-191;-111;-88;-221;-274;-91;-274;-185;-211;-257;-154;-284;-264;-433;-456;-441;-402;-427;-438;-464;-393;-455;-518;-408;-482;-499;-496;-384;-351;-362;-279;-385;-403;-402;-416;-151;-390;-272;-314;-316;-259;-334;-306;-260;-295;-231;-103;-279;-252;-67;-234;-186;-280;-201;-229;-357;-237;-309;-246;-116;-216;-184;-207;-197;-154;-121;-225;-239;-191;-133;-126;-201;-246;-199;-133;-191;-256;-126;-60;-139;-256;-192;-76;-63;-246;-150;-170;-244;-241;-325;-336;-188;-148;
-568;-510;-455;-586;-500;-351;-387;-449;-543;-486;-593;-539;-524;-424;-572;-463;-434;-394;-371;-444;-439;-377;-303;-353;-448;-437;-281;-443;-503;-340;-472;-364;-446;-504;-397;-406;-324;-337;-372;-413;-429;-325;-467;-427;-412;-432;-488;-433;-424;-369;-434;-348;-512;-456;-460;-531;-318;-438;-317;-407;-408;-431;-465;-424;-271;-477;-443;-460;-459;-377;-357;-408;-478;-252;-421;-450;-445;-544;-431;-550;-391;-334;-413;-408;-388;-411;-364;-381;-319;-496;-438;-249;-515;-407;-318;-308;-421;-348;-320;-191;-451;-394;-380;-274;-274;-61;204;60;218;403;413;636;667;1053;1478;1890;2185;2477;2626;2657;2740;2780;3042;3434;3690;4125;4480;4961;5077;5316;5471;5787;6147;6652;7418;8397;9820;11304;12967;14154;15014;15456;15052;14669;13883;12853;11914;11347;11002;11054;11387;11846;12402;13135;13481;13879;14355;14885;15310;15750;16752;17499;18150;18799;18772;18474;17862;16958;15761;14595;14173;13952;14254;14764;15424;16083;16465;16390;15911;14947;14089;12965;12151;11466;11312;11314;11708;11822;12074;12011;11593;10963;10056;9115;8173;7546;7245;7347;7923;8886;9854;10455;10748;10672;10141;8693;7272;5733;4262;3118;1986;1127;491;132;-168;-243;-235;-286;-156;-162;-119;-133;-232;-143;-174;-333;-249;-155;-206;-336;-128;-185;-150;-252;-121;-334;-158;-167;-230;-407;-417;-503;-439;-472;-427;-480;-520;-308;-505;-674;-551;-480;-494;-477;-457;-342;-421;-411;-337;-486;-500;-449;-394;-186;-233;-277;-451;-201;-322;-262;-212;-150;-264;-299;-325;-143;-294;-184;-255;-321;-253;-281;-218;-349;-210;-198;-117;-262;-250;-107;-229;-206;-280;-155;-327;-218;-121;-229;-37;-214;-226;-273;-209;-254;-243;-80;-113;-170;-186;-174;-255;-224;-269;-203;-171;-263;-166;-351;-305;-385;
-494;-700;-358;-505;-486;-340;-589;-612;-566;-491;-508;-500;-589;-458;-453;-341;-355;-661;-440;-445;-520;-476;-358;-467;-336;-371;-382;-527;-437;-452;-479;-329;-440;-444;-470;-457;-396;-298;-349;-450;-456;-417;-339;-432;-321;-408;-443;-405;-381;-419;-345;-375;-443;-416;-571;-329;-311;-427;-321;-472;-376;-406;-432;-506;-431;-266;-382;-399;-325;-403;-444;-416;-473;-525;-477;-319;-493;-509;-379;-393;-342;-381;-485;-479;-407;-460;-427;-384;-373;-406;-288;-219;-256;-459;-332;-334;-293;-285;-292;-267;-174;-285;-288;-279;-159;-60;299;252;221;319;317;478;697;1120;1498;1787;2250;2390;2627;2601;2771;2848;2927;3332;3793;4109;4433;4809;5042;5432;5524;5860;6256;6802;7627;8619;10112;11473;13028;14278;15169;15423;15170;14531;13752;12736;11857;10986;10789;10740;10753;11224;11919;12304;12832;13216;13829;14159;14724;15210;16108;16976;17554;18202;18465;18259;17549;16519;15637;14404;13924;13782;13910;14574;15274;15844;16232;16167;15540;14573;13788;12742;11981;11468;11273;11148;11330;11532;11905;11758;11362;10749;10058;8914;8075;7530;7330;7252;7841;8818;9606;10458;10713;10555;9898;8597;7219;5536;4049;2768;1760;1111;624;51;-185;-380;-510;-300;-208;-378;-265;-298;-119;-161;-169;-197;-188;-223;-233;-129;-224;-280;-166;-318;-175;-322;-165;-306;-300;-388;-347;-419;-519;-534;-419;-461;-603;-457;-420;-518;-541;-580;-406;-531;-451;-428;-496;-461;-508;-313;-392;-351;-301;-335;-264;-385;-406;-463;-355;-459;-395;-370;-227;-380;-319;-353;-240;-395;-227;-235;-184;-278;-220;-294;-314;-296;-286;-387;-164;-279;-366;-191;-216;-239;-230;-373;-200;-182;-225;-155;-316;-200;-223;-209;-224;-154;-240;-228;-297;-292;-303;-144;-246;-226;-213;-348;-292;-315;-235;-202;
-248;-466;-483;-456;-511;-459;-277;-474;-385;-456;-329;-389;-386;-277;-384;-272;-360;-355;-338;-452;-387;-385;-347;-307;-349;-270;-379;-351;-311;-330;-398;-314;-318;-249;-335;-270;-224;-262;-292;-367;-197;-352;-284;-246;-146;-218;-328;-323;-436;-235;-205;-417;-193;-328;-368;-239;-252;-268;-272;-330;-400;-248;-316;-302;-378;-426;-118;-227;-363;-399;-307;-193;-311;-300;-179;-302;-235;-408;-517;-381;-298;-215;-296;-349;-336;-333;-156;-221;-346;-290;-286;-412;-314;-415;-360;-308;-243;-196;-215;-126;-129;-268;-359;-279;-106;112;131;412;421;421;502;837;981;1109;1530;1956;2386;2643;2841;2790;2914;2858;3286;3400;3937;4293;4670;5069;5139;5428;5754;6000;6409;7129;7874;8990;10321;11678;13205;14553;15251;15517;15151;14592;13752;12475;11835;11078;10515;10436;10431;10892;11221;11645;12227;12628;13194;13679;14030;14767;15564;16512;17082;17671;17949;17857;17174;16380;15230;14066;13540;13523;13814;14133;14834;15585;16006;15884;15280;14290;13545;12473;11699;11137;11001;11083;10935;11363;11538;11354;11236;10707;9935;9022;8103;7540;7220;7518;7937;8817;9793;10586;10715;10382;9853;8358;7061;5523;4127;2789;1787;1070;536;112;-79;-238;-195;-280;-146;-193;29;-82;-159;-31;-85;-154;-75;-103;-143;-70;-21;-160;-180;-194;-133;-130;-132;-116;-278;-154;-389;-365;-334;-345;-358;-322;-346;-383;-479;-365;-417;-534;-418;-204;-418;-335;-315;-273;-251;-408;-353;-227;-284;-319;-403;-374;-232;-247;-298;-193;-185;-225;-125;-221;-248;-184;-132;-39;-157;-114;-265;-255;-331;-191;-49;-268;-181;-141;-96;61;-119;-216;-150;-144;-205;-74;-202;-159;-155;-135;-252;-126;-45;-169;-183;-130;-103;-180;-211;-63;-113;12;-219;-139;-62;-348;-197;-244;-99;-179;
-493;-530;-350;-447;-419;-546;-464;-528;-419;-510;-423;-426;-466;-496;-348;-420;-381;-427;-342;-385;-476;-552;-390;-394;-451;-296;-361;-238;-301;-392;-440;-442;-251;-192;-331;-418;-351;-392;-360;-420;-340;-336;-324;-330;-335;-410;-408;-415;-344;-332;-237;-321;-232;-387;-418;-308;-444;-299;-342;-453;-346;-360;-295;-279;-397;-312;-493;-448;-273;-349;-279;-415;-312;-409;-493;-361;-361;-306;-314;-346;-253;-449;-367;-354;-387;-342;-358;-349;-368;-321;-239;-291;-476;-311;-318;-352;-290;-318;-284;-308;-290;-476;-219;-381;-73;10;117;276;502;494;606;699;845;1102;1535;1793;2435;2643;2758;2762;2737;3050;3170;3560;3951;4329;4668;5049;5236;5641;5826;6114;6582;7295;8105;9112;10504;11810;13241;14394;15268;15334;15088;14238;13658;12382;11408;10697;10120;9838;9950;10174;10487;11014;11356;11864;12270;12616;13235;13755;14771;15465;16272;16935;17072;17037;16632;15603;14701;13588;13016;12807;13102;13639;14347;14885;15289;15081;14592;13550;12946;11868;11016;10597;10430;10345;10808;10905;11136;11011;10723;10273;9598;8440;7853;7098;6996;7232;7787;8593;9509;10044;10396;10204;9524;8098;6793;5207;3808;2624;1599;997;232;33;-252;-320;-364;-187;-290;-155;-106;-40;-68;-258;-322;-227;-209;-269;-90;-190;-217;-191;-150;-236;-155;-187;-194;-174;-274;-239;-354;-368;-372;-373;-373;-435;-434;-484;-393;-443;-391;-413;-294;-302;-313;-265;-379;-212;-445;-302;-300;-340;-217;-277;-220;-260;-240;-295;-349;-245;-284;-262;-284;-127;-211;-238;-157;-165;-212;-180;-165;-273;-370;-305;-196;-133;-263;-195;-162;-109;-156;-168;-246;-63;-106;-97;-186;-255;-92;-20;-145;-95;-217;-97;-184;-225;-79;-127;-196;-205;-210;-158;-294;-132;-281;-198;-184;-223;-281;-120;
-443;-479;-501;-447;-493;-403;-457;-382;-521;-488;-313;-344;-413;-473;-460;-580;-426;-423;-392;-366;-394;-267;-392;-369;-418;-428;-324;-387;-387;-469;-311;-427;-342;-323;-365;-387;-299;-319;-487;-344;-282;-410;-408;-358;-322;-350;-383;-453;-363;-441;-460;-374;-300;-286;-313;-327;-362;-379;-356;-352;-384;-363;-361;-330;-371;-251;-381;-413;-383;-306;-338;-407;-240;-342;-229;-443;-371;-421;-411;-329;-264;-318;-299;-435;-358;-404;-246;-465;-215;-361;-284;-250;-325;-396;-331;-295;-352;-340;-392;-317;-142;-266;-191;-227;13;-13;206;287;448;222;606;547;853;1195;1479;1934;2359;2590;2849;2765;2879;2940;3073;3614;3856;4241;4802;5025;5375;5636;5698;6291;6579;7250;8322;9187;10621;12015;13280;14320;15012;15220;14864;14170;13229;12156;11189;10348;9876;9428;9331;9581;9687;10261;10647;10940;11460;11772;12279;12870;13747;14536;15395;16050;16340;16196;15759;14889;14072;13048;12440;12231;12400;12963;13534;14170;14616;14562;13814;12829;12190;11273;10580;10052;9946;9850;10183;10451;10675;10412;10213;9770;8972;8184;7466;6965;6906;6948;7568;8232;9218;9791;10066;9909;9053;7921;6500;5058;3702;2473;1552;802;451;95;-187;-274;-323;-146;-228;-166;-191;-185;-133;-260;-205;-288;-165;-108;-105;-204;-179;-117;-245;-254;-138;-223;-149;-207;-293;-401;-548;-483;-427;-453;-373;-510;-346;-460;-388;-386;-379;-407;-401;-395;-304;-375;-294;-275;-411;-386;-390;-318;-436;-330;-223;-157;-323;-267;-226;-329;-399;-359;-94;-178;-267;-236;-280;-266;-225;-176;-112;-117;-269;-214;-320;-213;-58;-121;-300;-54;-178;-162;-187;-157;-103;-64;-175;-98;-133;16;-115;-118;-121;38;-165;-195;-87;-133;-147;-168;-125;-162;-227;-217;-161;-157;-256;-268;-212;-146;
-438;-648;-548;-522;-493;-535;-503;-386;-504;-280;-411;-355;-457;-418;-304;-383;-457;-427;-474;-389;-494;-404;-322;-441;-460;-491;-470;-344;-262;-386;-402;-325;-370;-322;-292;-213;-284;-344;-464;-447;-444;-486;-378;-370;-312;-392;-351;-348;-362;-329;-228;-432;-203;-397;-388;-216;-452;-487;-389;-330;-516;-538;-347;-221;-316;-419;-263;-366;-416;-518;-359;-437;-397;-338;-255;-347;-279;-381;-416;-340;-277;-371;-400;-462;-403;-380;-414;-397;-408;-470;-388;-371;-400;-516;-376;-286;-412;-326;-344;-162;-338;-404;-261;-248;-206;73;54;221;446;483;610;602;779;1122;1527;1930;2273;2558;2718;2894;2905;2924;3230;3527;3912;4314;4733;5056;5389;5555;5908;6425;6675;7477;8174;9305;10788;11989;13201;14257;15032;15181;14820;13978;13224;11819;10851;10163;9444;9173;8957;9080;9382;9615;9780;10101;10566;10961;11373;12067;12853;13653;14369;15044;15438;15423;14845;13931;13125;12292;11685;11570;11773;12200;12670;13141;13692;13476;12947;12104;11512;10477;9655;9427;9248;9323;9545;9723;9810;10015;9588;9072;8432;7645;6960;6474;6365;6541;7185;8061;8923;9425;9676;9365;8639;7384;5986;4491;3393;2137;1362;717;281;-132;-63;-244;-472;-431;-180;-178;-12;-18;-295;-175;-184;-234;-96;-106;-54;-207;-225;-304;-210;-229;-191;-191;-322;-256;-220;-346;-352;-563;-359;-412;-520;-439;-450;-414;-468;-531;-212;-425;-382;-418;-547;-429;-355;-356;-404;-333;-414;-248;-200;-276;-345;-367;-299;-243;-236;-292;-237;-211;-210;-295;-208;-230;-245;-174;-234;-285;-173;-241;-269;-265;-126;-242;-115;-167;-61;-129;-174;-85;-37;-234;-123;-50;-99;-221;4;-108;-238;-199;-83;-137;-176;-66;-64;-256;-174;-47;-234;-57;-275;-42;-236;-175;-164;-162;-145;-126;
-556;-590;127;-632;-468;-561;-481;-514;-502;-493;-463;-408;-552;-519;-440;-502;-429;-538;-579;-366;-426;-399;-499;-554;-503;-418;-378;-400;-378;-350;-579;-465;-439;-439;-514;-416;-435;-463;-376;-423;-480;-297;-397;-367;-533;-425;-421;-349;-461;-457;-381;-303;-384;-346;-280;-462;-445;-411;-453;-502;-540;-387;-277;-418;-403;-427;-384;-393;-360;-436;-417;-367;-421;-366;-501;-466;-508;-387;-298;-437;-420;-453;-413;-378;-409;-471;-425;-484;-470;-574;-527;-377;-390;-414;-253;-427;-510;-411;-376;-580;-424;-243;-381;-262;-177;-107;142;111;286;499;491;595;791;1006;1514;1948;2199;2516;2717;2851;2795;2905;3059;3518;3858;4271;4570;5051;5228;5679;6042;6401;6796;7440;8287;9354;10593;11771;13130;14065;14838;14967;14617;13949;12960;11754;10737;9758;9100;8617;8322;8486;8656;8831;8972;9454;9557;10166;10604;11128;12118;12829;13485;14090;14503;14390;13911;13119;12506;11666;11172;10998;11057;11546;12000;12582;12753;12706;12149;11340;10632;9698;9085;8746;8509;8721;8792;8971;9264;9003;8861;8477;7809;7115;6643;6115;6056;6157;6755;7558;8400;8935;8910;8790;7989;6751;5534;4130;2940;1814;1001;484;55;-277;-347;-482;-397;-383;-398;-196;-347;-203;-150;-281;-197;-272;-270;-294;-154;-254;-309;-322;-307;-328;-439;-459;-301;-352;-348;-458;-602;-508;-578;-570;-495;-508;-524;-519;-404;-592;-503;-443;-484;-440;-419;-364;-453;-479;-523;-593;-553;-381;-385;-329;-345;-417;-377;-386;-297;-229;-297;-278;-349;-364;-274;-227;-367;-236;-276;-166;-127;-250;-195;-342;-251;-300;-202;-153;-59;-299;-297;-249;-203;-232;-328;-204;-253;-351;-292;-83;-287;-159;-136;-277;-155;-266;-202;-130;-256;-341;-67;-218;-177;-211;-307;-189;-284;-343;-149;-221;
-434;-476;-412;-591;-511;-456;-460;-484;-542;-516;-491;-422;-366;-311;-468;-472;-372;-464;-376;-378;-382;-316;-375;-482;-239;-371;-342;-346;-424;-301;-341;-413;-381;-446;-264;-450;-441;-398;-458;-373;-343;-361;-412;-489;-352;-331;-451;-337;-361;-372;-371;-427;-370;-259;-453;-374;-206;-256;-267;-456;-545;-396;-434;-369;-459;-289;-581;-282;-428;-344;-532;-449;-414;-305;-242;-317;-418;-438;-332;-286;-299;-300;-405;-398;-326;-337;-309;-367;-341;-432;-376;-497;-491;-395;-456;-404;-425;-254;-270;-239;-350;-298;-256;-269;-286;-18;159;324;468;575;579;734;843;1174;1497;1948;2439;2659;2877;2846;3006;3102;3271;3451;3807;4322;4862;5154;5498;5838;6165;6524;7187;7631;8586;9557;10863;11946;13187;14125;14905;14953;14606;13812;12945;11707;10610;9552;8828;8213;8155;8018;8187;8367;8524;8896;9332;9609;10029;10566;11304;12051;12786;13321;14207;13597;13321;12542;11974;11229;10686;10435;10652;10967;11476;11843;12171;11802;11478;10625;9840;9112;8372;8188;7882;8103;8168;8404;8649;8566;8289;8022;7428;6702;6105;5925;5825;5932;6432;7000;7891;8428;8437;8218;7425;6323;5074;3811;2614;1649;985;396;54;-159;-328;-481;-401;-377;-376;-203;-111;-100;-266;-150;-198;-253;-288;-126;-63;-158;-203;-367;-221;-326;-241;-251;-186;-203;-233;-489;-494;-354;-480;-435;-339;-409;-513;-524;-517;-434;-422;-431;-291;-384;-292;-350;-257;-437;-336;-428;-289;-411;-343;-220;-334;-251;-283;-282;-305;-178;-128;-205;-266;-103;-225;-245;-234;-153;-155;-182;-146;-198;-137;-343;-215;-145;-49;-102;34;-128;-149;-76;-113;-208;-93;-167;-218;-100;-201;-189;-125;-121;-230;-77;-83;-90;-183;-141;-261;-181;-189;-213;-202;-231;-175;-263;-292;-53;-343;-233;
-575;-494;-531;-569;-476;-475;-508;-450;-383;-345;-566;-573;-432;-302;-255;-447;-488;-449;-472;-370;-493;-292;-528;-380;-476;-367;-426;-404;-535;-419;-519;-486;-388;-319;-350;-363;-436;-382;-444;-378;-446;-438;-320;-371;-498;-406;-489;-403;-346;-336;-195;-326;-458;-369;-369;-333;-286;-501;-418;-382;-353;-339;-414;-350;-439;-295;-390;-365;-388;-299;-422;-446;-407;-378;-404;-395;-384;-272;-514;-337;-384;-375;-419;-422;-328;-234;-299;-492;-385;-379;-343;-517;-319;-346;-403;-378;-370;-364;-328;-386;-481;-332;-325;-242;-252;-36;180;180;334;518;500;745;806;1064;1535;1954;2185;2549;2846;2853;3012;3088;3310;3579;3733;4462;4730;5088;5536;5904;6279;6650;7086;7652;8549;9579;10924;12029;13029;13993;14670;14654;14271;13536;12689;11341;10385;9170;8538;8011;7646;7535;7758;7799;7999;8268;8667;8830;9397;10004;10668;11506;12004;12697;13120;12873;12632;11971;11267;10532;10135;9822;9952;10338;10639;11062;11300;11228;10757;10008;9175;8440;7799;7460;7221;7395;7616;7775;7824;7990;7820;7423;6948;6414;5965;5457;5429;5511;6094;6712;7413;7781;7964;7562;6683;5741;4403;3162;2247;1421;845;261;-166;-320;-375;-405;-507;-522;-513;-336;-267;-324;-21;-140;-288;-281;-181;-180;-236;-153;-140;-184;-302;-255;-349;-294;-266;-323;-506;-335;-555;-292;-453;-437;-500;-510;-523;-677;-496;-543;-547;-543;-424;-357;-607;-379;-445;-391;-412;-355;-306;-442;-426;-289;-417;-320;-244;-261;-359;-266;-232;-423;-204;-153;-287;-216;-157;-211;-219;-294;-288;-219;-299;-219;-20;-273;-241;-170;-283;-165;-180;-208;-186;-213;-211;-271;-194;-211;-222;-192;-286;-101;-114;-304;-239;-175;-146;-136;-150;-188;-206;-102;-298;-161;-157;-288;-292;-243;-367;-135;
-493;-534;-597;-572;-423;-496;-538;-399;-552;-522;-465;-450;-372;-469;-382;-522;-431;-428;-578;-410;-545;-525;-440;-432;-451;-435;-305;-417;-393;-343;-460;-415;-303;-485;-382;-357;-409;-392;-256;-401;-479;-433;-361;-333;-456;-290;-294;-482;-445;-361;-445;-355;-338;-505;-446;-460;-387;-419;-311;-449;-296;-302;-473;-300;-296;-300;-427;-490;-501;-403;-416;-303;-535;-330;-427;-359;-553;-338;-433;-404;-443;-454;-391;-402;-548;-458;-389;-446;-411;-445;-352;-455;-488;-480;-391;-495;-530;-272;-338;-323;-221;-295;-343;-257;-138;-143;32;222;313;544;548;660;828;1167;1456;1931;2296;2554;2769;2824;2954;3153;3322;3634;3897;4451;4778;5131;5480;5858;6279;6616;7350;7790;8675;9536;10716;11939;12970;13928;14435;14553;13889;13331;12513;11177;10201;9055;8255;7780;7339;7298;7343;7582;7615;7861;8252;8541;9021;9353;10340;10728;11438;11928;12342;12369;11963;11352;10722;10011;9631;9316;9524;9732;10120;10518;10754;10594;10091;9431;8562;7759;7251;6920;6680;6765;6997;7224;7482;7220;7325;6883;6448;6076;5384;5093;4992;5213;5581;6294;6820;7337;7278;6966;6162;5109;4004;2988;2005;1142;640;124;-279;-424;-455;-472;-464;-426;-387;-385;-238;-318;-386;-197;-342;-167;-157;-241;-274;-253;-307;-338;-419;-391;-210;-174;-393;-373;-411;-485;-397;-425;-498;-567;-502;-477;-419;-523;-600;-563;-577;-542;-626;-518;-465;-457;-407;-480;-507;-491;-462;-354;-315;-273;-417;-414;-297;-335;-342;-318;-170;-305;-260;-144;-360;-342;-392;-254;-255;-222;-219;-211;-194;-295;-269;-170;-223;-116;-126;-104;-230;-114;-242;-125;-229;-197;-215;-186;-211;-116;-312;-188;-169;-357;-158;-181;-117;-80;-194;-131;-268;-336;-231;-167;-214;-249;-185;-228;-255;-245;
-507;-655;237;-487;-500;-488;-500;-299;-409;-505;-429;-398;-338;-622;-526;-464;-418;-451;-370;-449;-480;-431;-454;-416;-439;-394;-328;-375;-398;-388;-365;-300;-246;-396;-371;-363;-425;-431;-405;-438;-430;-390;-408;-304;-416;-400;-343;-369;-281;-465;-273;-554;-415;-380;-473;-435;-371;-413;-538;-354;-430;-402;-292;-375;-406;-416;-428;-324;-562;-495;-354;-488;-424;-450;-353;-408;-234;-338;-377;-457;-399;-368;-526;-426;-419;-338;-455;-361;-467;-440;-350;-408;-550;-360;-313;-483;-474;-317;-360;-374;-446;-322;-330;-280;-147;19;146;294;411;548;687;686;837;1253;1470;2106;2383;2608;2979;2955;3006;3243;3370;3665;4063;4445;4839;5179;5625;5929;6461;6836;7451;7876;8659;9593;10852;11840;13139;13948;14338;14190;13879;13151;12203;11092;9996;8791;7986;7496;7191;7151;7203;7228;7277;7735;7880;8274;8528;9162;9867;10484;11079;11640;11998;11793;11593;10899;10477;9737;9004;8919;9044;9313;9730;9913;10154;9989;9427;9028;8104;7347;6770;6469;6384;6324;6532;6808;7139;6900;6780;6613;6042;5613;5275;4904;4660;5057;5397;5884;6492;6856;6776;6344;5535;4577;3580;2624;1672;905;315;99;-162;-363;-478;-682;-394;-438;-401;-290;-230;-286;-147;-167;-258;-334;-171;-229;-335;-218;-288;-327;-345;-207;-298;-276;-366;-270;-383;-513;-490;-433;-415;-464;-367;-483;-470;-547;-540;-409;-440;-520;-357;-436;-336;-518;-385;-386;-469;-423;-478;-367;-270;-355;-304;-377;-314;-310;-302;-302;-227;-333;-300;-302;-206;-239;-215;-184;-237;-282;-186;-243;-171;-221;-108;-67;-152;-40;-157;-115;-79;-197;-181;-172;-188;-182;-188;-110;-160;-193;-143;-245;-94;-81;-177;-33;-88;-298;-251;-178;-227;-100;-265;-136;-134;-163;-101;-310;-332;-277;
-423;-482;-500;-429;-570;-495;-489;-341;-422;-294;-457;-445;-391;-419;-355;-666;-532;-445;-435;-406;-345;-465;-259;-434;-488;-454;-360;-452;-371;-385;-378;-383;-376;-388;-388;-334;-353;-338;-213;-278;-314;-244;-300;-323;-307;-306;-346;-348;-292;-352;-315;-325;-383;-419;-326;-321;-330;-340;-237;-281;-326;-370;-292;-441;-465;-325;-405;-394;-310;-374;-490;-323;-322;-365;-426;-438;-456;-422;-402;-458;-458;-332;-351;-395;-347;-260;-353;-560;-343;-327;-359;-416;-303;-463;-428;-313;-391;-452;-364;-200;-248;-410;-350;-271;-191;88;160;153;441;520;616;792;823;1268;1486;1859;2330;2777;2920;3120;3154;3295;3394;3595;4049;4261;4954;5300;5587;6078;6309;6824;7617;8001;8859;9653;10766;11889;12848;13724;14149;14149;13511;12943;12080;10708;9556;8660;7815;7300;7035;6829;6980;6901;7182;7369;7634;7864;8277;8873;9627;10025;10674;11220;11586;11366;11143;10546;9880;9326;8761;8643;8609;8864;9146;9419;9581;9511;9015;8400;7682;6941;6425;5991;6025;5948;6252;6299;6533;6674;6485;6099;5617;5244;4809;4510;4537;4574;5032;5429;6072;6162;6193;5869;5127;4072;3252;2387;1452;693;229;-102;-212;-436;-430;-544;-536;-516;-311;-447;-406;-281;-276;-169;-351;-210;-199;-169;-265;-354;-297;-370;-163;-278;-142;-342;-348;-234;-280;-415;-517;-443;-463;-360;-449;-494;-490;-442;-450;-417;-517;-507;-369;-438;-394;-377;-388;-411;-387;-264;-429;-320;-421;-280;-231;-276;-308;-349;-413;-275;-276;-231;-173;-384;-262;-237;-235;-125;-230;-182;-165;-103;-265;-192;-123;-212;-252;-157;-260;-214;-126;-220;-218;-203;-195;-181;-279;-110;-107;-103;-60;-57;-221;-135;-122;-215;-356;-229;-207;-11;-137;-125;-206;-206;-253;-218;-382;-195;-301;-297;
-506;-442;-512;-470;-529;-364;-483;-448;-346;-497;-347;-358;-314;-474;-523;-375;-275;-386;-331;-440;-304;-331;-182;-364;-367;-333;-379;-428;-361;-276;-312;-275;-398;-381;-304;-356;-380;-338;-442;-446;-243;-352;-475;-195;-299;-399;-255;-416;-375;-340;-327;-313;-376;-538;-354;-388;-450;-406;-363;-352;-429;-336;-335;-409;-354;-315;-454;-417;-216;-331;-391;-364;-262;-462;-333;-388;-412;-242;-439;-342;-295;-366;-383;-360;-307;-438;-327;-385;-432;-325;-417;-330;-443;-321;-468;-319;-338;-346;-418;-292;-240;-387;-295;-254;-99;-13;125;266;491;535;615;686;924;1242;1461;2004;2301;2701;2928;3100;3187;3218;3330;3603;3965;4464;4779;5195;5723;5831;6468;6804;7351;8070;8849;9726;10716;11828;12835;13590;13980;13947;13302;12498;11598;10654;9328;8478;7706;7190;6805;6552;6660;6917;6863;7115;7612;7699;8062;8727;9287;9860;10448;10816;11203;11136;10596;10175;9445;8831;8532;8427;8292;8524;8846;9059;9237;9103;8657;8054;7252;6613;6092;5778;5671;5757;6034;6071;6260;6247;6156;5932;5491;5050;4561;4383;4367;4393;4807;5326;5707;5728;5794;5299;4764;3770;2879;1967;1247;585;163;-147;-394;-397;-528;-456;-478;-322;-415;-316;-195;-337;-145;-274;-296;-264;-253;-313;-255;-314;-189;-265;-334;-213;-275;-199;-380;-382;-355;-278;-438;-563;-322;-419;-428;-331;-269;-429;-403;-334;-454;-426;-423;-345;-313;-479;-493;-375;-397;-561;-239;-251;-218;-191;-246;-345;-332;-268;-297;-307;-159;-236;-300;-182;-236;-187;-137;-157;-200;-85;-222;-333;-117;-188;-427;-333;-247;-171;-42;-218;-176;-78;-279;-297;-120;-172;-199;-214;18;-197;-89;-113;-117;-156;-216;-104;-58;-150;-188;-196;-60;-72;-217;-208;-182;-229;-105;-143;-159;-214;
-549;-691;-748;-480;-583;-443;-461;-425;-490;-412;-449;-348;-486;-581;-604;-520;-368;-505;-445;-395;-403;-405;-448;-454;-591;-477;-448;-457;-455;-391;-224;-480;-397;-408;-423;-309;-486;-388;-413;-417;-398;-460;-425;-398;-361;-378;-500;-427;-402;-433;-482;-444;-515;-572;-471;-467;-576;-460;-459;-448;-339;-466;-480;-581;-552;-506;-461;-421;-593;-512;-411;-564;-508;-550;-605;-509;-529;-351;-452;-440;-519;-470;-416;-472;-499;-548;-330;-458;-452;-517;-522;-465;-453;-462;-502;-475;-284;-354;-468;-451;-339;-302;-412;-261;-244;-153;58;71;397;472;509;672;838;1002;1417;1961;2327;2697;2915;2991;3137;3427;3367;3602;3985;4374;4737;5043;5557;5892;6359;6733;7387;8015;8654;9623;10657;11819;12614;13250;13561;13652;13146;12301;11391;10142;9177;8156;7388;6925;6410;6441;6313;6531;6683;7024;7150;7411;7893;8345;8928;9530;10046;10493;10780;10731;10290;9864;9113;8591;8366;8078;7987;8199;8429;8462;8721;8602;7996;7619;6826;6249;5689;5388;5396;5362;5612;5559;5854;5955;5823;5372;5010;4528;4297;4075;4022;4129;4332;4825;5154;5446;5332;5001;4378;3294;2478;1599;890;411;-1;-257;-519;-530;-573;-662;-560;-706;-622;-486;-467;-392;-388;-357;-380;-409;-390;-390;-396;-407;-432;-397;-503;-372;-415;-386;-465;-418;-339;-523;-458;-568;-542;-480;-573;-384;-478;-538;-421;-457;-526;-499;-544;-347;-489;-295;-455;-355;-446;-384;-392;-414;-444;-359;-359;-268;-383;-379;-480;-263;-343;-270;-188;-321;-354;-393;-295;-278;-320;-165;-344;-383;-314;-193;-149;-276;-276;-156;-202;-60;-257;-314;-155;-124;-67;-117;-288;-223;-183;-245;-319;-150;-225;-171;-257;-236;-395;-205;-284;-282;-279;-194;-159;-269;-269;-276;-73;-404;-302;-356;
-382;-406;308;-521;-443;-399;-322;-311;-404;-354;-397;-311;-277;-281;-335;-293;-274;-288;-243;-386;-258;-329;-236;-308;-339;-361;-203;-356;-341;-195;-369;-354;-301;-266;-194;-253;-380;-200;-303;-385;-312;-355;-281;-263;-174;-250;-429;-228;-279;-429;-226;-235;-259;-307;-319;-191;-353;-287;-226;-340;-311;-299;-376;-416;-393;-239;-299;-267;-309;-269;-297;-395;-357;-368;-396;-173;-341;-434;-322;-264;-300;-267;-206;-406;-309;-411;-425;-341;-415;-545;-361;-418;-393;-335;-415;-402;-502;-387;-261;-376;-265;-375;-229;-302;-193;136;263;368;451;514;718;842;909;1379;1551;2091;2437;2800;2983;3147;3134;3336;3510;3579;4196;4262;4831;5109;5712;6033;6477;7047;7840;8101;8794;9866;10797;11765;12748;13170;13484;13437;12943;12113;11296;10081;9066;8181;7528;6865;6503;6344;6423;6424;6626;6726;7047;7385;7944;8403;8988;9489;9884;10384;10603;10600;10155;9847;9096;8576;8026;7848;7853;7899;8317;8474;8561;8277;7950;7301;6907;6053;5481;5281;5211;5124;5357;5546;5549;5636;5514;5338;4920;4524;4106;3845;3929;4076;4338;4730;5245;5013;4899;4656;3944;3144;2293;1584;926;385;-24;-211;-381;-390;-558;-402;-454;-526;-268;-444;-264;-333;-180;-381;-364;-441;-205;-266;-160;-275;-327;-227;-225;-276;-207;-303;-209;-383;-359;-460;-383;-435;-396;-300;-329;-415;-301;-530;-313;-335;-337;-323;-492;-402;-345;-222;-382;-232;-321;-333;-326;-285;-225;-200;-298;-239;-226;-176;-116;-115;-98;-199;-139;-279;-215;-101;-182;-90;-30;-13;-151;-37;-76;-77;-107;-155;-25;-45;-1;-156;-90;-70;-91;-91;-76;-100;-128;-149;52;-80;-154;27;12;-22;-151;-9;-58;-202;-164;-119;23;-35;-122;-56;-33;-188;-118;-122;-133;56;
-620;-588;-638;-658;-477;-524;-466;-438;-276;-412;-435;-483;-483;-440;-398;-388;-518;-589;-343;-351;-414;-436;-568;-308;-359;-372;-415;-306;-340;-308;-400;-351;-476;-376;-442;-497;-227;-543;-508;-330;-324;-511;-465;-424;-444;-534;-414;-533;-387;-483;-401;-467;-476;-485;-357;-482;-444;-505;-651;-293;-370;-493;-434;-541;-385;-507;-424;-355;-393;-514;-535;-472;-343;-346;-404;-371;-553;-494;-337;-393;-419;-511;-454;-440;-545;-460;-399;-622;-466;-398;-567;-504;-474;-436;-431;-441;-531;-359;-315;-385;-307;-414;-199;-291;-254;-101;106;223;373;483;405;660;867;1062;1603;1954;2310;2517;2825;2960;3176;3189;3460;3596;3945;4235;4803;5083;5541;5973;6435;7007;7692;7996;8848;9576;10732;11570;12351;13012;13256;13140;12537;11770;10850;9844;8792;7914;7102;6551;6307;6142;6081;6214;6428;6538;6686;7043;7549;8072;8494;9111;9678;9978;10257;10115;9812;9102;8794;8109;7740;7461;7533;7687;7890;8015;7972;7912;7537;6906;6422;5714;5197;4881;4895;4925;5019;5188;5341;5304;5179;4833;4593;4035;3866;3644;3586;3598;4027;4536;4784;4678;4531;4044;3437;2662;1803;1206;558;286;-103;-374;-491;-442;-545;-606;-611;-515;-522;-330;-407;-487;-330;-419;-394;-523;-519;-354;-456;-475;-408;-323;-580;-406;-417;-372;-349;-538;-398;-459;-615;-572;-592;-490;-486;-495;-587;-557;-520;-572;-497;-517;-451;-406;-356;-486;-380;-369;-427;-347;-490;-407;-274;-383;-236;-338;-333;-334;-392;-359;-316;-318;-463;-207;-181;-229;-350;-381;-148;-317;-292;-162;-202;-284;-181;-287;-21;-175;-120;-191;-190;-215;-225;-195;-204;-146;-239;-273;-176;-183;-77;-187;-209;-67;-254;-245;-259;-128;-208;-117;-82;-364;-268;-127;-336;-260;-198;-215;-277;-251;
124;-624;-580;-611;-520;-637;-515;-501;-472;-440;-423;-577;-530;-472;-635;-421;-400;-454;-386;-385;-549;-548;-446;-410;-441;-545;-486;-505;-515;-372;-395;-462;-460;-410;-381;-332;-270;-447;-337;-438;-498;-373;-298;-447;-320;-465;-497;-439;-477;-452;-341;-455;-540;-519;-486;-366;-406;-429;-417;-413;-540;-533;-557;-406;-446;-512;-410;-396;-409;-531;-513;-419;-494;-495;-610;-663;-513;-374;-435;-442;-520;-331;-463;-484;-590;-516;-441;-527;-474;-413;-516;-610;-629;-473;-547;-641;-471;-454;-397;-373;-464;-405;-217;-399;-241;-136;22;296;312;322;540;537;851;1108;1497;1829;2295;2559;2754;3003;3038;3170;3323;3530;4040;4281;4625;5104;5413;5795;6381;6825;7436;8083;8932;9650;10670;11573;12441;13014;13129;12870;12319;11631;10590;9569;8576;7623;6984;6536;6229;6157;6060;6146;6203;6337;6399;6911;7164;7709;8392;8895;9312;9720;10021;9761;9485;8987;8458;7745;7437;7310;7192;7281;7525;7657;7711;7462;7210;6666;6062;5405;5039;4796;4734;4612;4764;4985;5306;5046;4970;4793;4352;3871;3700;3325;3487;3504;3796;4292;4419;4464;3988;3878;3057;2384;1585;798;452;-42;-255;-432;-508;-686;-653;-725;-588;-640;-512;-376;-432;-335;-456;-446;-445;-421;-438;-419;-551;-517;-460;-428;-526;-276;-384;-480;-464;-424;-435;-590;-592;-592;-478;-559;-620;-738;-611;-633;-519;-521;-478;-482;-521;-489;-450;-446;-475;-460;-243;-457;-346;-421;-300;-403;-280;-375;-261;-290;-335;-307;-272;-289;-278;-428;-324;-269;-258;-219;-190;-296;-154;-247;-350;-346;-228;-292;-260;-142;-353;-216;-121;-164;-220;-95;-312;-265;-223;-222;-126;-175;-131;-172;-93;-201;-334;-268;-187;-212;-284;-248;-251;-277;-186;-217;-339;-99;-138;-250;-356;-221;
-600;-538;-545;-433;-512;-473;-458;-462;-448;-454;-576;-491;-490;-293;-351;-421;-291;-338;-366;-264;-394;-344;-351;-434;-327;-411;-349;-430;-437;-253;-373;-330;-395;-435;-335;-387;-311;-463;-401;-370;-383;-368;-307;-362;-379;-374;-520;-563;-449;-383;-454;-401;-453;-430;-432;-445;-461;-354;-314;-548;-281;-325;-389;-543;-387;-360;-315;-433;-333;-427;-340;-428;-476;-271;-375;-332;-414;-482;-381;-348;-436;-395;-418;-489;-403;-544;-431;-397;-484;-350;-468;-427;-518;-411;-658;-434;-507;-462;-390;-480;-262;-475;-187;-264;-145;-49;128;203;165;433;564;753;866;1146;1391;1919;2290;2565;2830;3035;3061;3153;3209;3589;3943;4402;4763;5204;5457;5997;6302;6777;7504;7985;8756;9850;10802;11640;12535;12901;13214;12858;12279;11389;10564;9320;8405;7473;6803;6410;6089;5874;6098;5980;6017;6113;6316;6727;6928;7474;8157;8769;9277;9502;9635;9557;9250;8604;8138;7709;7264;6946;7071;7158;7244;7397;7527;7394;7084;6551;5902;5312;4899;4570;4538;4616;4743;4983;5030;4852;4809;4409;4199;3768;3590;3290;3274;3372;3509;3916;4158;4104;3871;3466;2924;2013;1525;773;370;-149;-174;-450;-592;-645;-573;-596;-703;-525;-495;-421;-537;-468;-304;-295;-480;-458;-459;-364;-336;-289;-355;-486;-575;-551;-338;-432;-434;-514;-554;-511;-478;-419;-507;-582;-564;-485;-531;-462;-537;-487;-431;-431;-452;-529;-433;-474;-405;-480;-394;-319;-399;-443;-382;-304;-275;-367;-409;-350;-324;-270;-266;-168;-502;-295;-328;-211;-414;-179;-223;-245;-254;-191;-105;-273;-315;-182;-183;-128;-97;-68;-63;-204;-116;-215;-110;-147;-118;-180;-144;-115;15;-72;-119;-185;-136;-163;-202;-208;-131;-136;-253;-68;-145;-156;-166;-159;-215;-255;-255;-133;
-341;-491;-515;-387;-336;-296;-289;-247;-273;-359;-260;-273;-281;-301;-355;-309;-394;-351;-243;-161;-389;-237;-259;-309;-383;-221;-336;-230;-283;-364;-371;-297;-288;-176;-274;-345;-318;-495;-332;-304;-352;-209;-258;-344;-429;-243;-278;-322;-391;-351;-384;-359;-377;-410;-361;-430;-346;-237;-251;-410;-374;-340;-250;-358;-392;-356;-221;-292;-389;-380;-286;-364;-411;-237;-368;-351;-309;-310;-184;-346;-226;-363;-384;-303;-455;-460;-450;-390;-359;-293;-326;-439;-394;-372;-333;-377;-362;-326;-316;-289;-244;-321;-290;-263;-50;18;197;277;366;433;538;792;958;1269;1630;2073;2344;2548;2849;3047;2958;3169;3481;3583;3963;4359;4687;5030;5404;6001;6336;6833;7382;8174;8945;9890;10830;11710;12580;12989;13311;12908;12217;11434;10446;9342;8320;7493;6828;6327;5991;5930;5923;5873;6137;6025;6397;6491;6864;7257;8024;8346;8916;9275;9459;9296;9044;8451;7947;7445;6925;6722;6757;6936;7242;7368;7497;7436;6786;6242;5739;5281;4861;4610;4525;4514;4740;4947;5055;4938;4839;4422;4207;3746;3587;3301;3365;3174;3434;3805;3951;3862;3708;3269;2718;1987;1379;946;310;109;-366;-434;-568;-635;-431;-522;-457;-453;-301;-327;-389;-284;-239;-393;-386;-290;-290;-308;-333;-358;-361;-464;-514;-415;-410;-363;-383;-423;-455;-540;-380;-320;-398;-590;-437;-364;-480;-302;-430;-308;-339;-493;-408;-477;-336;-385;-291;-285;-321;-391;-293;-219;-203;-317;-342;-385;-335;-282;-132;-104;-186;-173;-74;-313;-199;-71;-14;-40;-277;-105;-155;-99;-257;-114;-168;-171;-183;-132;-161;-183;-48;-20;-64;-171;-69;-8;45;-150;-87;-180;53;-27;-28;-162;-178;72;-23;-123;-66;-147;-153;-95;-142;-60;-18;-112;-74;-106;-85;-181;
-678;-506;-428;-430;-463;-418;-378;-337;-323;-287;-434;-416;-405;-286;-426;-470;-443;-342;-461;-347;-323;-462;-422;-355;-324;-326;-418;-293;-252;-342;-265;-295;-382;-410;-369;-308;-352;-307;-303;-348;-363;-320;-385;-267;-447;-322;-382;-279;-321;-391;-434;-403;-379;-494;-437;-476;-311;-404;-346;-406;-232;-319;-407;-305;-254;-321;-301;-330;-411;-345;-387;-502;-364;-280;-388;-492;-490;-310;-496;-430;-386;-440;-413;-537;-400;-438;-291;-451;-452;-321;-367;-554;-433;-462;-564;-314;-447;-369;-398;-343;-388;-285;-238;-344;-145;-137;113;394;369;518;476;779;977;1220;1625;2040;2222;2408;2673;2871;3051;3136;3358;3632;3909;4350;4758;5007;5544;5906;6205;6886;7401;8018;8717;9678;10773;11542;12431;12937;13041;12698;11960;11186;10297;8980;8086;7272;6782;6148;5985;5858;5742;5884;5842;5871;5939;6154;6469;6947;7539;8165;8653;9022;9079;9008;8506;8051;7588;7069;6738;6342;6482;6552;6803;7138;7063;6905;6573;6023;5628;4946;4557;4316;4305;4491;4575;4709;4826;4917;4680;4309;4044;3744;3377;3187;3028;3149;3402;3566;3442;3760;3421;3072;2383;1869;1217;702;287;0;-450;-444;-458;-507;-566;-560;-594;-452;-377;-316;-259;-351;-239;-294;-273;-407;-325;-409;-375;-392;-302;-467;-367;-461;-341;-381;-568;-454;-339;-553;-563;-534;-496;-523;-521;-533;-501;-509;-337;-468;-397;-501;-439;-500;-343;-474;-425;-419;-382;-311;-434;-370;-260;-359;-266;-316;-355;-343;-248;-195;-265;-284;-165;-348;-147;-252;-233;-96;-106;-18;-166;-232;-257;-103;-166;-62;-90;-119;-21;-138;19;-158;-72;-150;-152;-93;-55;-92;-186;-304;-188;93;-131;-81;-217;-146;-122;-48;-104;-157;-240;-92;-99;-42;-178;-251;12;-99;-231;-209;
-458;-602;-642;-570;-406;-309;-496;-518;-456;-581;-417;-359;-371;-396;-312;-527;-477;-338;-348;-381;-441;-393;-434;-382;-484;-262;-353;-467;-272;-358;-393;-421;-495;-385;-296;-375;-455;-295;-395;-253;-454;-417;-432;-458;-348;-372;-351;-485;-378;-393;-281;-382;-316;-325;-413;-524;-341;-491;-493;-293;-382;-377;-266;-243;-564;-515;-486;-399;-449;-484;-333;-461;-461;-616;-331;-497;-531;-465;-358;-483;-521;-486;-492;-551;-502;-356;-489;-482;-399;-355;-478;-437;-529;-465;-434;-399;-505;-499;-495;-506;-466;-434;-467;-349;-144;17;-28;160;290;345;545;625;704;1132;1417;1845;2178;2407;2656;2858;2849;2950;3222;3473;3925;4312;4682;5101;5414;5833;6311;6547;7347;7959;8670;9680;10590;11541;12346;12686;12800;12401;11732;11017;10001;8856;7901;7158;6567;6015;5762;5700;5497;5553;5670;5654;5706;5869;6213;6568;7103;7821;8182;8504;8722;8561;8245;7712;7151;6604;6362;6114;6165;6350;6614;6760;6732;6522;6296;5863;5265;4624;4398;4297;4264;4308;4393;4511;4718;4642;4474;4174;3935;3529;3389;3037;2933;3072;3145;3371;3566;3504;3511;2936;2355;1869;1104;660;157;-200;-328;-417;-555;-596;-615;-522;-660;-505;-528;-396;-216;-323;-464;-275;-487;-397;-325;-388;-310;-495;-446;-425;-436;-503;-416;-423;-566;-453;-520;-699;-636;-487;-498;-490;-498;-491;-549;-572;-534;-508;-437;-380;-643;-397;-424;-454;-445;-530;-281;-544;-278;-259;-379;-162;-330;-422;-364;-262;-217;-225;-92;-214;-349;-182;-202;-242;-241;-72;-229;-208;-154;-56;-177;-277;-378;-202;-64;-150;-129;-201;-161;-225;-119;-271;-184;-146;-191;-211;-252;-143;-178;-120;-107;-96;-178;-104;-161;-197;-212;-109;-148;-170;-206;-235;-346;-106;-229;-387;-248;-393;
-608;-566;-641;-403;-380;-342;-564;-450;-389;-612;-253;-411;-279;-371;-445;-412;-443;-402;-353;-334;-388;-293;-301;-328;-359;-393;-294;-368;-275;-338;-456;-297;-385;-399;-327;-370;-453;-322;-358;-474;-506;-356;-466;-382;-354;-354;-286;-445;-430;-418;-349;-383;-508;-358;-381;-359;-331;-288;-392;-489;-424;-232;-275;-381;-409;-346;-350;-292;-385;-377;-349;-345;-436;-391;-532;-364;-484;-368;-367;-353;-341;-366;-346;-535;-467;-380;-387;-404;-453;-457;-329;-480;-463;-436;-558;-414;-466;-337;-467;-280;-385;-364;-325;-271;-265;-219;168;203;288;565;524;561;973;1303;1536;1878;2093;2450;2656;2657;2935;3098;3101;3600;3909;4186;4628;5068;5458;5763;6142;6775;7284;7727;8788;9572;10473;11418;12199;12584;12644;12249;11631;10625;9861;8649;7696;6957;6297;5855;5734;5613;5468;5414;5538;5421;5586;5732;6014;6291;6892;7392;7716;8072;8209;8111;7824;7232;6772;6282;5954;5834;5845;6114;6338;6378;6557;6374;6251;5677;5014;4561;4331;4055;4080;4219;4376;4522;4576;4653;4599;4215;3758;3571;3297;2882;2908;2966;3199;3164;3426;3364;3174;2804;2246;1674;1158;550;214;-100;-343;-453;-546;-591;-600;-590;-730;-582;-474;-558;-397;-316;-341;-430;-388;-410;-365;-336;-336;-471;-464;-413;-436;-571;-349;-532;-468;-450;-451;-556;-464;-508;-605;-530;-481;-465;-512;-556;-505;-561;-548;-541;-406;-497;-438;-312;-317;-391;-375;-420;-353;-264;-364;-383;-350;-260;-262;-299;-208;-146;-174;-296;-297;-80;-304;-229;-170;-307;-191;-140;-136;-99;-198;-255;-249;-237;-179;-249;-219;-209;-250;-206;-114;-227;-161;-56;-185;-272;-167;-266;-241;-252;-203;-173;-192;-156;-233;-240;-181;-237;-186;-101;-209;-331;-349;-245;-182;-115;-166;-303;
-414;-562;164;-486;-354;-386;-397;-467;-373;-474;-249;-330;-411;-168;-259;-368;-280;-274;-346;-348;-193;-382;-262;-264;-282;-288;-214;-218;-269;-288;-276;-309;-403;-287;-262;-402;-419;-361;-317;-532;-388;-462;-285;-419;-402;-393;-392;-286;-177;-214;-389;-358;-406;-265;-347;-284;-420;-225;-226;-440;-276;-381;-429;-304;-302;-359;-276;-381;-340;-297;-552;-341;-408;-390;-248;-357;-433;-531;-489;-356;-366;-384;-356;-367;-395;-249;-292;-475;-479;-371;-453;-409;-369;-341;-397;-466;-490;-258;-353;-300;-321;-373;-434;-444;-278;-153;56;283;427;465;538;620;745;1116;1559;1821;2049;2401;2574;2662;2908;3035;3156;3520;3885;4324;4554;5115;5420;5785;6233;6537;7106;7795;8568;9321;10539;11123;11901;12421;12520;12064;11484;10422;9508;8505;7491;6576;6220;5630;5529;5257;5242;5295;5109;5071;5188;5412;5497;6007;6707;6992;7355;7708;7902;7729;7467;6975;6386;5987;5742;5493;5583;5776;6028;6239;6266;6243;5915;5477;4873;4362;3938;3815;3909;4018;4228;4468;4585;4437;4382;3997;3758;3431;3034;2921;2971;2914;3064;3324;3442;3311;3081;2748;2247;1572;944;544;197;-277;-345;-444;-482;-736;-541;-532;-562;-483;-411;-397;-381;-283;-400;-334;-345;-456;-432;-265;-480;-519;-509;-441;-447;-410;-511;-351;-558;-589;-502;-537;-601;-523;-399;-587;-540;-371;-540;-476;-319;-544;-431;-355;-471;-505;-399;-387;-395;-325;-314;-567;-386;-123;-170;-266;-271;-336;-239;-272;-83;-139;-226;-225;-231;-232;-375;-371;-150;-220;-90;-145;-314;-132;-360;-170;-218;-269;-192;-299;-237;-229;-142;-207;-198;-89;-82;-191;94;-207;-152;-146;-105;-64;-227;-100;-118;-130;-23;-128;-241;-115;-139;-202;-148;-247;-51;-268;-308;-247;-368;-213;
-478;-470;-445;-369;-311;-378;-280;-344;-269;-281;-213;-222;-317;-340;-314;-247;-393;-238;-330;-320;-295;-400;-197;-243;-302;-284;-241;-206;-270;-315;-313;-406;-301;-438;-340;-145;-317;-323;-256;-396;-255;-166;-263;-290;-395;-362;-301;-254;-342;-345;-265;-359;-169;-353;-406;-354;-342;-228;-437;-399;-361;-429;-393;-319;-248;-352;-342;-297;-356;-331;-407;-337;-332;-383;-288;-362;-258;-444;-293;-413;-338;-554;-304;-304;-399;-383;-309;-314;-399;-414;-268;-361;-503;-450;-512;-557;-534;-464;-409;-300;-346;-386;-151;-357;-134;-87;119;144;265;409;520;755;860;1050;1585;1923;2107;2462;2566;2694;2833;2952;3205;3411;3816;4134;4542;4957;5448;5820;6098;6587;7037;7724;8561;9428;10284;11101;11722;12110;12337;11782;11208;10110;9285;8311;7276;6505;6062;5556;5462;5257;5205;5090;5115;4999;4958;5117;5370;5787;6152;6654;7018;7476;7567;7320;7061;6677;6195;5897;5319;5428;5299;5471;5690;5803;6036;5999;5633;5116;4653;4232;3898;3760;3843;3907;4119;4279;4450;4336;4209;4015;3705;3363;2927;2813;2884;2928;3022;3303;3300;3206;2945;2562;2056;1486;992;658;145;-134;-236;-366;-567;-582;-470;-473;-397;-411;-354;-393;-420;-348;-278;-436;-338;-416;-376;-442;-316;-433;-441;-399;-422;-514;-325;-422;-569;-492;-489;-672;-426;-456;-531;-428;-426;-474;-438;-476;-443;-512;-606;-457;-338;-367;-443;-355;-410;-403;-388;-415;-311;-329;-253;-256;-370;-369;-380;-251;-53;-234;-215;-218;-156;-320;-136;-253;-340;-212;-243;-159;-217;-151;-82;-177;-162;-146;-53;-107;-194;-215;-40;-140;-21;-233;-136;-15;-131;-30;35;-37;-101;-121;-46;-157;-107;-146;-112;-66;-144;-180;-98;-162;-215;-285;-267;-118;-242;-248;-156;-204;
-616;70;-527;-361;-455;-442;-372;-563;-381;-515;-293;-217;-468;-421;-325;-421;-320;-341;-308;-497;-373;-295;-165;-133;-388;-404;-348;-313;-329;-326;-242;-275;-389;-440;-290;-558;-391;-415;-349;-438;-351;-428;-366;-408;-438;-332;-335;-432;-392;-448;-431;-423;-362;-360;-379;-310;-333;-366;-517;-452;-391;-519;-362;-415;-383;-403;-344;-403;-480;-380;-421;-489;-369;-592;-423;-417;-507;-513;-384;-518;-481;-428;-345;-441;-399;-464;-503;-603;-469;-480;-533;-420;-555;-511;-550;-473;-486;-550;-528;-456;-565;-397;-438;-336;-336;-94;-27;-70;184;267;262;502;734;1006;1290;1897;2226;2364;2600;2637;2716;2880;3035;3239;3645;4040;4550;4711;5287;5471;6003;6311;6899;7513;8293;9025;10120;10818;11614;11926;11804;11464;10800;9946;8993;7804;7039;6279;5736;5286;5268;5048;4887;4958;4890;4785;4755;4792;5160;5357;5888;6210;6719;6918;7105;6984;6817;6167;5844;5424;5207;5159;5094;5315;5433;5749;5794;5598;5146;4893;4244;3988;3604;3548;3515;3633;3980;4019;4146;4113;4038;3796;3287;3160;2856;2708;2626;2730;2977;3058;3100;2990;2639;2443;1795;1535;972;443;-48;-228;-300;-474;-624;-550;-500;-538;-588;-478;-500;-512;-475;-486;-451;-539;-458;-433;-514;-509;-594;-585;-478;-507;-629;-611;-567;-562;-455;-626;-501;-605;-532;-556;-625;-545;-506;-543;-539;-402;-571;-451;-373;-512;-500;-486;-338;-371;-371;-493;-445;-433;-444;-400;-479;-299;-247;-500;-415;-370;-316;-284;-253;-221;-375;-327;-314;-227;-275;-257;-334;-305;-201;-184;-281;-200;-246;-231;-272;-179;-253;-205;-106;-149;-140;-103;-193;-153;-117;-95;-112;-144;-178;-108;-278;-182;-227;-252;-171;-169;-286;-149;-318;-255;-251;-329;-191;-299;-154;-306;-176;-225;
-330;-618;-408;-287;-237;-359;-184;-307;-384;-320;-342;-262;-291;-310;-259;-276;-348;-301;-279;-209;-150;-248;-212;-425;-300;-310;-142;-259;-206;-320;-304;-343;-394;-336;-381;-383;-383;-391;-349;-324;-241;-413;-323;-363;-234;-371;-401;-467;-310;-333;-453;-468;-277;-464;-346;-329;-440;-352;-352;-361;-366;-414;-371;-255;-365;-416;-440;-262;-372;-499;-421;-391;-320;-446;-249;-480;-326;-350;-419;-396;-441;-356;-416;-463;-433;-353;-482;-415;-352;-521;-466;-533;-435;-480;-494;-555;-400;-462;-308;-341;-441;-365;-386;-247;-140;-31;-52;259;351;468;397;471;855;1064;1430;1796;2031;2456;2470;2632;2850;2866;2989;3235;3609;4032;4338;4884;5148;5464;5880;6345;6740;7200;8111;9028;9971;10750;11340;11515;11689;11247;10490;9673;8549;7682;6739;6150;5822;5336;5093;4939;4954;4844;4742;4709;4678;4817;4963;5383;5806;6143;6551;6842;6899;6800;6472;6167;5638;5204;5046;4820;4816;5047;5221;5379;5665;5476;5191;4861;4301;3732;3468;3360;3516;3610;3822;4183;3998;4023;3786;3552;3364;2900;2811;2722;2583;2790;2821;3106;2961;3056;2715;2320;1943;1445;687;399;-60;-135;-436;-404;-697;-598;-557;-461;-426;-327;-414;-353;-462;-483;-536;-370;-466;-387;-411;-399;-362;-430;-506;-405;-605;-443;-479;-373;-554;-506;-468;-556;-459;-603;-516;-484;-467;-520;-403;-454;-446;-447;-446;-373;-448;-299;-292;-380;-373;-377;-321;-303;-382;-287;-361;-275;-420;-268;-389;-377;-268;-303;-91;-196;-266;-281;-218;-181;-202;-220;-69;-94;-232;-306;-159;-310;-191;-135;-138;-84;-157;-27;-71;-132;28;-61;-192;-152;-47;-184;-208;-26;-84;-104;-62;-106;-62;-199;-43;-156;-189;-221;-189;-177;-124;-188;-282;-175;-295;-166;-124;-211;
-473;-493;-366;-368;-468;-403;-432;-335;-360;-311;-243;-234;-215;-191;-221;-265;-290;-336;-259;-213;-291;-298;-309;-270;-449;-510;-416;-377;-390;-291;-425;-242;-429;-433;-352;-312;-442;-431;-290;-408;-369;-508;-331;-426;-405;-456;-492;-503;-344;-338;-404;-404;-464;-408;-331;-459;-551;-449;-362;-351;-386;-560;-417;-445;-449;-504;-496;-383;-443;-480;-439;-560;-371;-455;-417;-429;-530;-346;-436;-441;-509;-447;-521;-520;-575;-509;-455;-432;-509;-574;-502;-625;-470;-529;-464;-342;-434;-505;-533;-516;-571;-374;-571;-267;-239;-237;-29;9;220;333;340;553;682;1031;1390;1645;1968;2405;2561;2580;2661;2784;3039;3163;3474;3918;4277;4682;5070;5475;5850;6122;6599;7264;8011;8927;9603;10480;11045;11281;11109;10935;10268;9338;8419;7431;6580;5935;5383;5099;4835;4765;4834;4733;4669;4672;4608;4585;4826;4995;5542;6100;6319;6575;6780;6554;6269;5787;5411;5026;4757;4666;4617;4924;5174;5293;5342;5321;5007;4523;4173;3712;3330;3121;3388;3550;3597;3664;3793;3774;3730;3358;3154;2755;2609;2505;2405;2486;2807;2769;2727;2705;2366;2027;1581;1036;663;207;-61;-284;-424;-607;-729;-803;-532;-466;-630;-561;-306;-608;-484;-513;-499;-598;-533;-545;-541;-642;-505;-481;-404;-544;-556;-541;-591;-514;-515;-553;-454;-546;-499;-539;-522;-679;-501;-512;-469;-506;-616;-539;-548;-457;-435;-500;-415;-514;-316;-324;-432;-547;-479;-322;-474;-342;-319;-460;-358;-338;-318;-296;-301;-222;-306;-254;-263;-218;-324;-177;-223;-218;-243;-210;-262;-171;-241;-142;-247;-255;-223;-237;-163;-108;-227;-53;-85;-30;-70;-79;-209;-258;-170;-231;-172;-134;-85;-265;-181;-257;-101;-193;-193;-275;-153;-277;-195;-223;-175;-196;-298;-215;
-363;-391;-425;-345;-317;-286;-247;-203;-266;-283;-198;-213;-258;-212;-225;-195;-116;-226;-352;-333;-292;-267;-321;-318;-403;-260;-280;-217;-295;-257;-352;-327;-302;-354;-378;-239;-261;-235;-400;-374;-401;-269;-259;-454;-348;-267;-240;-385;-338;-269;-357;-307;-449;-469;-383;-417;-371;-372;-325;-269;-396;-120;-209;-242;-279;-188;-472;-361;-457;-398;-432;-239;-397;-261;-375;-470;-436;-401;-303;-337;-440;-418;-351;-498;-476;-414;-439;-382;-454;-367;-324;-511;-488;-509;-409;-484;-456;-383;-396;-354;-393;-372;-412;-331;-203;50;42;292;366;278;372;561;751;1050;1341;1779;2093;2329;2528;2634;2727;2579;2881;3272;3523;3831;4214;4600;5218;5383;5762;5961;6660;7217;7869;8554;9447;10351;10905;11012;10671;10506;9968;8959;8185;7216;6403;5779;5364;4966;4848;4942;4731;4700;4548;4625;4660;4720;4681;5147;5613;5935;6157;6602;6657;6395;6141;5810;5396;5032;4801;4614;4737;4832;5014;5227;5409;5247;4916;4553;4173;3708;3293;3203;3245;3321;3508;3647;3755;3726;3595;3279;3023;2558;2512;2265;2289;2524;2642;2738;2770;2454;2359;2009;1480;1060;546;104;-214;-238;-462;-589;-528;-694;-552;-523;-566;-432;-476;-426;-368;-331;-458;-402;-534;-424;-299;-530;-402;-484;-502;-486;-474;-529;-447;-340;-537;-490;-576;-541;-609;-575;-532;-623;-533;-389;-473;-451;-392;-550;-541;-450;-579;-307;-264;-424;-438;-361;-248;-371;-435;-243;-285;-399;-335;-470;-259;-256;-232;-221;-160;-197;-185;-242;-181;-265;-268;-169;-91;-125;-204;-204;-249;-159;-206;-205;-278;-152;-82;-103;-27;-149;-32;-107;-151;-90;-121;-94;-162;-23;-103;-161;1;1;-73;-151;-145;-157;-189;-177;-137;-205;-161;-262;-185;-163;-302;-207;10;-244;
-225;-358;-458;-372;-257;-298;-370;-297;-309;-195;-265;-285;-307;-179;-138;-304;-326;-213;-259;-348;-242;-170;-171;-332;-342;-153;-203;-257;-322;-316;-284;-360;-327;-295;-204;-294;-254;-353;-387;-355;-225;-320;-260;-303;-260;-339;-345;-199;-208;-301;-325;-424;-264;-337;-291;-285;-274;-352;-336;-210;-416;-312;-209;-295;-379;-440;-299;-386;-401;-316;-288;-300;-396;-397;-454;-339;-346;-375;-236;-276;-552;-318;-450;-422;-455;-403;-435;-362;-292;-417;-541;-411;-409;-448;-424;-449;-447;-376;-385;-338;-360;-345;-341;-274;-299;25;-29;189;238;426;430;614;811;1138;1451;1586;2104;2306;2435;2497;2733;2677;2885;3053;3504;3878;4140;4571;4956;5576;5704;6076;6650;7044;7702;8431;9325;10075;10618;10872;10533;10432;9729;8804;8037;6939;6349;5734;5305;5012;4678;4692;4710;4731;4560;4524;4544;4586;4818;5118;5428;5967;6329;6649;6711;6665;6243;5848;5439;5077;4699;4647;4736;4747;5032;5141;5224;5081;4860;4461;3936;3397;3241;3036;3052;3155;3397;3612;3772;3627;3396;3232;2854;2626;2408;2335;2238;2266;2513;2472;2556;2438;2135;1678;1157;825;518;117;-250;-220;-451;-501;-610;-572;-586;-486;-445;-391;-332;-421;-304;-333;-299;-434;-433;-368;-385;-370;-481;-383;-469;-533;-513;-545;-546;-485;-464;-571;-530;-508;-534;-476;-555;-521;-372;-437;-428;-609;-501;-374;-329;-445;-460;-391;-392;-360;-288;-326;-414;-307;-377;-319;-383;-347;-236;-313;-189;-244;-89;-389;-121;-196;-109;-267;-218;-175;-214;-175;-90;-135;-172;-143;-271;-173;-131;-112;-157;-145;-124;-91;-175;-156;-73;-65;-112;-32;-37;-120;-120;-132;-68;-121;-34;-198;-130;-171;-137;-122;-188;-74;-33;-153;-182;-218;-205;-71;-192;-253;-151;-57;
-482;-397;193;-443;-416;-344;-375;-367;-367;-313;-179;-341;-416;-342;-303;-227;-314;-303;-244;-284;-326;-237;-289;-469;-243;-336;-543;-334;-412;-341;-273;-374;-385;-461;-393;-295;-335;-383;-400;-405;-405;-282;-290;-296;-412;-374;-327;-263;-339;-425;-395;-344;-400;-367;-299;-350;-460;-292;-345;-236;-509;-415;-362;-438;-466;-418;-334;-424;-327;-490;-504;-379;-476;-344;-407;-440;-463;-400;-366;-465;-373;-493;-432;-340;-405;-387;-483;-475;-489;-307;-557;-443;-462;-557;-517;-491;-500;-499;-282;-448;-359;-439;-493;-384;-286;-173;26;135;162;327;364;528;626;832;1233;1698;1998;2226;2384;2374;2544;2613;2709;2811;3305;3689;3955;4479;4885;5391;5598;5937;6423;6982;7651;8246;9126;9849;10304;10599;10551;10130;9290;8621;7491;6707;5991;5456;5008;4812;4618;4466;4604;4487;4421;4430;4272;4446;4528;4906;5267;5845;6282;6537;6596;6513;6110;5739;5278;4848;4510;4434;4593;4629;4869;5010;5038;4870;4650;4168;3793;3360;3033;3023;2922;3082;3215;3427;3473;3418;3302;2926;2571;2393;2243;2091;2013;2184;2259;2356;2430;2197;1884;1553;1305;597;243;77;-293;-447;-559;-656;-661;-600;-572;-559;-619;-630;-446;-449;-433;-605;-357;-434;-365;-531;-572;-537;-525;-524;-505;-559;-465;-563;-564;-751;-590;-487;-558;-802;-638;-592;-582;-573;-576;-521;-594;-584;-546;-592;-493;-538;-496;-471;-416;-484;-454;-481;-429;-492;-460;-477;-299;-476;-243;-303;-402;-346;-347;-392;-211;-291;-258;-417;-470;-273;-234;-222;-166;-176;-241;-287;-175;-205;-148;-233;-254;-182;-168;-164;-131;-283;-171;-98;-16;-49;-95;-197;-199;-151;-141;-102;-246;-198;-204;-164;-99;-237;-330;-219;-173;-239;-172;-78;-317;-212;-140;-133;-262;-415;
124;-310;-366;-321;-320;-217;-215;-206;-225;-198;-65;-179;-313;-117;-192;-205;-192;-232;-218;-175;-269;-267;-112;-202;-228;-140;-346;-205;-197;-147;-127;-253;-255;-200;-211;-159;-220;-366;-278;-278;-320;-242;-208;-221;-251;-232;-282;-201;-255;-369;-393;-202;-411;-402;-175;-202;-256;-274;-300;-181;-255;-224;-269;-371;-240;-390;-261;-352;-337;-342;-169;-286;-245;-327;-262;-446;-312;-359;-372;-230;-349;-357;-408;-277;-381;-413;-392;-361;-491;-417;-370;-487;-570;-421;-347;-464;-360;-375;-268;-362;-303;-287;-422;-337;-189;-105;223;315;303;274;352;605;717;959;1313;1564;1904;2222;2361;2509;2412;2553;2705;2979;3326;3724;4109;4419;4845;5296;5570;6031;6558;6999;7577;8272;9162;9849;10315;10683;10438;10012;9511;8309;7609;6739;5841;5387;4997;4791;4524;4442;4415;4498;4414;4306;4491;4579;4681;4995;5449;5830;6296;6652;6712;6394;6235;5996;5386;4960;4627;4493;4653;4816;4863;5037;5194;5046;4598;4167;3788;3430;3071;2894;2980;3311;3202;3285;3454;3452;3236;2959;2685;2457;2159;1990;2064;2264;2277;2293;2309;2154;1866;1553;1145;711;451;77;-501;-408;-602;-487;-607;-627;-652;-495;-465;-442;-335;-328;-356;-331;-394;-290;-299;-433;-485;-414;-329;-435;-413;-387;-498;-505;-460;-475;-604;-544;-443;-556;-524;-482;-491;-416;-529;-568;-500;-467;-403;-440;-391;-393;-453;-410;-473;-278;-333;-330;-387;-378;-233;-355;-311;-388;-228;-326;-196;-314;-298;-165;-190;-151;-290;-122;-194;-283;-219;-145;-71;-78;-137;-146;-124;-200;-140;-112;-229;-160;-136;-113;-118;-9;-27;30;-131;55;-200;-107;-72;-49;-202;-74;-139;-49;-179;-226;-160;-126;-110;-138;-170;-99;-51;-235;-61;-108;-118;-142;-235;-217;
-464;-294;-453;-319;-430;-194;-403;-327;-336;-205;-395;-108;-370;-254;-313;-275;-225;-308;-229;-139;-292;-237;-343;-312;-335;-339;-395;-324;-241;-300;-292;-242;-378;-294;-427;-421;-251;-201;-345;-220;-475;-353;-400;-449;-388;-443;-403;-408;-355;-289;-460;-330;-418;-435;-412;-429;-389;-332;-271;-399;-330;-425;-268;-431;-417;-409;-254;-226;-351;-409;-371;-274;-447;-351;-456;-381;-301;-278;-423;-407;-368;-517;-464;-364;-438;-491;-374;-337;-438;-459;-398;-328;-472;-401;-456;-486;-395;-389;-347;-456;-278;-406;-308;-438;-274;22;-45;179;145;413;470;395;641;1009;1212;1487;1886;2104;2226;2336;2488;2374;2607;2853;3124;3385;3861;4236;4636;5162;5440;5945;6346;6899;7549;8228;9068;9544;10201;10487;10278;9642;9086;8109;7296;6430;5650;5077;4706;4449;4469;4404;4215;4412;4269;4268;4204;4433;4473;4868;5361;5837;6110;6439;6365;6405;6012;5650;5238;4842;4590;4478;4428;4534;4752;5004;4941;4776;4499;4094;3731;3339;3120;2771;2922;3039;3075;3257;3369;3151;3249;2860;2627;2375;1972;2148;2024;2079;2123;2371;2199;2048;1828;1334;945;547;71;-61;-283;-377;-450;-464;-742;-551;-569;-563;-591;-508;-501;-542;-211;-515;-351;-437;-384;-392;-463;-510;-505;-486;-409;-426;-576;-468;-353;-560;-621;-683;-559;-578;-516;-376;-503;-525;-404;-535;-450;-478;-555;-427;-368;-381;-378;-270;-305;-394;-424;-499;-405;-458;-365;-233;-143;-269;-406;-293;-340;-225;-457;-388;-142;-113;-198;-363;-219;-226;-206;-218;-234;-222;-159;-197;-187;-87;-128;-99;-126;-216;-158;-157;-196;-109;-255;-206;-65;-186;-165;-106;-126;-84;38;-214;-162;-36;-117;-113;-266;-153;-223;-334;-219;-195;-231;-199;-325;-129;-70;-235;-107;-243;
-359;-255;-300;-301;-337;-322;-217;-301;-211;-210;-230;-286;-150;-152;-118;-213;-173;-184;-380;-311;-322;-263;-352;-293;-311;-280;-374;-271;-201;-240;-333;-262;-341;-286;-301;-352;-182;-205;-328;-386;-261;-206;-374;-385;-377;-289;-212;-431;-349;-425;-320;-333;-276;-233;-387;-349;-365;-362;-397;-382;-346;-301;-335;-288;-401;-382;-265;-465;-387;-476;-327;-441;-231;-311;-380;-231;-275;-426;-357;-431;-421;-414;-355;-350;-435;-543;-399;-409;-365;-396;-330;-547;-433;-407;-407;-311;-384;-523;-425;-479;-414;-339;-393;-249;-212;-138;34;-18;374;276;415;558;728;901;1188;1581;1692;2000;2150;2336;2407;2367;2635;2833;3080;3348;3922;4283;4648;5056;5538;5868;6242;6750;7502;8173;8843;9395;9827;10036;9932;9579;8925;8012;7040;6299;5546;4958;4629;4380;4299;4180;4190;4179;4147;4105;4164;4157;4435;4784;5256;5624;6098;6353;6418;6297;5865;5551;5018;4705;4437;4305;4493;4506;4676;4858;4915;4810;4410;4027;3599;3153;3014;2763;2758;2906;3070;3210;3289;3261;3073;2881;2503;2289;2068;2068;2035;2035;1969;2117;2067;1983;1909;1302;827;546;195;-153;-282;-510;-503;-531;-642;-623;-607;-509;-563;-384;-443;-398;-528;-425;-368;-356;-564;-451;-527;-432;-526;-390;-370;-563;-472;-457;-388;-547;-402;-629;-463;-644;-587;-571;-511;-475;-465;-496;-407;-472;-569;-450;-441;-419;-414;-471;-372;-381;-182;-362;-493;-222;-316;-322;-242;-326;-166;-398;-325;-222;-265;-266;-225;-300;-296;-183;-84;-257;-154;-228;-225;-197;-184;-155;-284;-143;-256;-67;-113;-61;-163;-79;-192;-66;-97;-37;-94;-121;-86;-51;-231;-87;-129;-217;-142;-118;-129;-141;-176;-162;-192;-198;-165;-157;-100;-247;-150;-209;-207;-76;-292;-302;
-387;-299;-273;-432;-295;-200;-225;-129;-132;-152;-183;-210;-80;-90;-222;-151;-216;-241;-203;-120;-267;-281;-139;-346;-367;-298;-134;-311;-286;-133;-222;-223;-310;-70;-336;-219;-293;-214;-241;-356;-280;-288;-298;-107;-344;-356;-300;-297;-165;-353;-287;-319;-336;-250;-360;-351;-470;-145;-402;-218;-521;-421;-349;-294;-358;-284;-356;-363;-445;-373;-349;-370;-395;-304;-355;-422;-343;-424;-477;-558;-348;-425;-446;-504;-330;-448;-368;-378;-532;-360;-482;-400;-400;-409;-559;-515;-448;-414;-371;-347;-534;-518;-474;-352;-268;-99;165;173;153;310;343;390;703;863;1220;1557;1711;2071;2199;2233;2302;2239;2560;2744;3052;3376;3653;4327;4333;5054;5296;5771;6188;6441;7115;7856;8571;9073;9557;9764;9695;9312;8598;7708;6998;6055;5280;4758;4353;4101;3991;3952;3998;3933;3904;3866;3864;4061;4106;4645;5012;5538;5825;6057;6134;6089;5642;5185;4906;4516;4167;4114;4401;4297;4457;4569;4711;4560;4232;3745;3418;2952;2882;2688;2632;2865;3084;3119;3260;3208;3019;2759;2606;2286;2019;1932;2174;1953;2133;2227;2165;1887;1689;1227;889;602;171;-194;-425;-432;-582;-660;-660;-607;-735;-539;-506;-472;-410;-419;-399;-467;-463;-481;-469;-461;-373;-555;-479;-459;-429;-467;-480;-524;-391;-470;-457;-529;-573;-584;-494;-700;-570;-452;-588;-509;-453;-555;-463;-491;-461;-415;-501;-401;-341;-420;-425;-298;-460;-403;-474;-293;-317;-359;-368;-264;-376;-288;-355;-46;-152;-208;-181;-343;-195;-166;-133;-216;-40;-205;-111;-156;-166;-99;-191;-124;-183;-85;-173;-3;-31;-103;-121;-150;-184;-126;-126;-161;-93;-58;-58;-17;-178;-35;-10;-204;-242;-116;-143;27;-178;-270;-168;-206;-253;-196;-141;-264;-98;-256;
149;-438;184;-293;-443;-350;-244;-245;-252;-205;-155;-278;-303;-174;-301;-370;-249;-366;-363;-305;-270;-351;-261;-361;-294;-305;-273;-348;-286;-249;-315;-257;-306;-320;-320;-283;-391;-483;-373;-374;-360;-305;-401;-443;-468;-194;-436;-359;-259;-305;-391;-354;-472;-359;-464;-364;-462;-453;-330;-382;-442;-309;-232;-293;-366;-420;-436;-543;-469;-468;-349;-295;-457;-462;-283;-409;-319;-390;-492;-457;-496;-455;-431;-317;-464;-408;-344;-634;-559;-519;-556;-480;-529;-534;-556;-536;-432;-496;-472;-420;-486;-479;-472;-431;-180;-77;-106;42;142;244;314;355;602;773;885;1407;1756;1994;2143;2187;2264;2372;2395;2695;2992;3314;3749;4095;4492;4831;5181;5549;5918;6393;7068;7540;8359;8827;9308;9482;9450;9038;8341;7494;6630;5775;5134;4513;4283;3846;3897;3793;3602;3646;3749;3645;3562;3669;3956;4344;4710;5190;5632;5722;5804;5656;5308;4923;4633;4192;3946;3847;3799;3845;4315;4294;4353;4157;3984;3540;3094;2951;2841;2645;2757;2746;2802;3158;3095;3024;2838;2652;2391;2068;1843;1919;1939;1964;2054;2168;2109;1850;1535;1215;948;469;189;-120;-258;-474;-517;-647;-679;-778;-612;-589;-631;-636;-570;-377;-584;-486;-436;-516;-589;-609;-559;-484;-522;-520;-452;-482;-626;-624;-585;-580;-608;-640;-575;-528;-570;-593;-566;-598;-602;-526;-408;-381;-553;-478;-495;-364;-483;-496;-370;-513;-333;-400;-369;-329;-374;-432;-308;-277;-198;-379;-420;-324;-332;-308;-167;-137;-262;-272;-257;-280;-161;-171;-379;-397;-283;-122;-162;-224;-107;-107;-159;-231;-143;-259;-147;-102;-172;-146;-103;-190;50;3;-235;-121;-103;-146;-173;-113;-76;-165;-167;-10;-213;-200;-207;-46;-245;-203;-185;-179;-110;-280;-245;-227;
-418;-243;-340;-299;-232;-268;-172;-293;-285;-143;-203;-126;-230;-165;-132;-176;-282;-269;-292;-270;-250;-179;-251;-346;-167;-359;-274;-308;-317;-260;-356;-398;-179;-212;-264;-178;-338;-363;-344;-327;-293;-273;-288;-440;-324;-335;-193;-314;-292;-325;-412;-333;-298;-354;-231;-377;-277;-285;-180;-364;-258;-268;-351;-366;-280;-521;-378;-236;-489;-391;-267;-279;-406;-345;-408;-404;-410;-350;-345;-391;-448;-452;-446;-392;-394;-490;-371;-423;-486;-443;-551;-402;-430;-500;-581;-519;-386;-249;-442;-462;-483;-326;-338;-312;-266;-135;-48;98;207;264;487;564;506;830;995;1417;1731;1920;2187;2159;2393;2273;2266;2500;2774;3164;3534;3842;4437;4728;5052;5555;5902;6381;6807;7595;8173;8669;9029;9090;8919;8729;8175;7176;6382;5693;5071;4489;4087;3772;3733;3576;3574;3564;3450;3378;3426;3502;3887;3951;4558;4951;5221;5423;5468;5261;5212;4680;4309;3996;3883;3569;3606;3887;3944;4134;4198;4051;3651;3372;3091;2910;2685;2531;2625;2625;2905;3050;3128;3048;2883;2541;2367;2197;1957;1896;1823;1928;2045;2058;2025;1923;1662;1210;890;467;87;-87;-488;-438;-531;-648;-671;-612;-544;-614;-622;-489;-324;-447;-549;-454;-386;-484;-474;-493;-469;-475;-494;-533;-474;-584;-490;-326;-452;-468;-455;-445;-544;-456;-468;-442;-581;-479;-520;-437;-488;-311;-404;-263;-425;-385;-425;-318;-435;-396;-229;-204;-259;-404;-341;-251;-369;-327;-433;-392;-232;-445;-312;-206;-67;-233;-161;-219;-175;-316;-261;-240;-284;-50;-187;-39;-59;-92;-248;-168;-125;-91;53;-33;-32;-130;-78;-67;-72;-185;-5;97;-10;-43;-58;38;-55;-157;-11;-57;-53;-175;7;-51;-103;-29;-124;-157;-196;-124;-168;-198;-289;-170;
136;-393;-358;-394;-365;-236;-343;-124;-271;-127;-190;-278;-169;-173;-220;-356;-231;-309;-365;-384;-302;-276;-355;-157;-399;-266;-122;-170;-392;-443;-352;-272;-335;-374;-390;-505;-282;-292;-289;-333;-372;-453;-445;-393;-383;-322;-383;-347;-434;-396;-439;-472;-286;-627;-311;-389;-392;-478;-445;-313;-390;-396;-411;-466;-470;-477;-496;-488;-487;-436;-520;-407;-444;-544;-398;-358;-388;-470;-502;-499;-428;-312;-506;-478;-505;-355;-439;-488;-486;-624;-601;-356;-513;-544;-647;-414;-366;-501;-480;-565;-488;-526;-580;-405;-373;-162;-30;21;151;249;326;317;578;740;934;1396;1635;1938;2006;2084;2189;2316;2445;2518;2630;3029;3536;3906;4285;4514;4808;5320;5641;6208;6782;7155;7864;8275;8594;8626;8566;8142;7495;6763;6098;5342;4633;4207;3876;3646;3437;3442;3243;3138;3026;3142;3121;3254;3507;3892;4207;4520;4990;5037;5131;4952;4740;4333;3957;3748;3411;3396;3317;3582;3764;3869;3915;3768;3346;3173;2792;2600;2512;2453;2337;2533;2661;2902;2979;2929;2736;2431;2251;1985;1819;1657;1710;2019;1986;1983;1929;1819;1622;1142;783;405;71;-236;-412;-579;-672;-732;-829;-692;-639;-719;-483;-549;-518;-659;-625;-408;-565;-586;-541;-584;-557;-505;-574;-514;-427;-572;-650;-684;-644;-583;-681;-733;-594;-615;-620;-581;-559;-599;-593;-629;-504;-388;-562;-414;-485;-531;-528;-446;-496;-392;-458;-491;-352;-345;-364;-415;-301;-481;-403;-392;-387;-367;-333;-359;-424;-290;-371;-215;-395;-223;-247;-282;-182;-168;-294;-229;-225;-179;-338;-279;-272;-18;-131;-55;-225;-244;-84;-198;-196;-252;-179;-193;-115;-24;-204;-340;-128;-166;-133;-184;-310;-285;-289;-142;-318;-109;-212;-210;-232;-106;-273;-198;-237;-397;
-430;-267;114;-332;-348;-279;-378;-275;-283;-166;-290;-191;-344;-269;-227;-170;-236;-230;-51;-248;-147;-306;-277;-343;-209;-334;-300;-294;-294;-236;-366;-297;-288;-270;-289;-241;-391;-249;-445;-265;-234;-323;-431;-354;-397;-340;-361;-382;-337;-415;-276;-434;-440;-184;-398;-246;-412;-268;-342;-335;-435;-426;-313;-452;-351;-357;-400;-348;-451;-506;-499;-436;-372;-285;-469;-432;-362;-314;-254;-508;-327;-335;-333;-381;-536;-427;-611;-419;-487;-514;-528;-548;-402;-467;-538;-488;-488;-503;-310;-515;-568;-411;-347;-356;-301;-233;-44;127;210;190;323;316;505;748;1025;1363;1698;1889;2099;2084;2190;2347;2386;2455;2844;3026;3422;3657;4091;4452;4782;5144;5478;5977;6489;7064;7567;7859;8361;8388;8280;7995;7374;6634;5900;5220;4526;4084;3730;3431;3362;3257;3157;3136;3086;3221;3123;3090;3366;3627;4046;4242;4640;4837;4886;4675;4496;4093;3735;3416;3185;3307;3265;3334;3530;3715;3754;3578;3320;3116;2735;2330;2281;2195;2316;2487;2639;2831;2872;2754;2671;2477;2195;2020;1812;1720;1712;1896;2068;2029;1976;1702;1452;1155;870;349;149;-232;-342;-527;-691;-601;-681;-638;-541;-621;-503;-389;-449;-629;-451;-639;-504;-483;-555;-579;-504;-518;-576;-430;-535;-609;-568;-566;-440;-573;-617;-507;-568;-594;-715;-596;-556;-496;-516;-489;-513;-437;-515;-462;-492;-562;-443;-374;-315;-374;-523;-430;-416;-374;-389;-375;-328;-262;-426;-476;-424;-473;-332;-234;-343;-165;-351;-292;-197;-234;-238;-186;-316;-243;-293;-264;-151;-283;-183;-182;-246;-170;-192;-162;-117;-61;-101;-173;-248;-335;-218;-103;-153;-144;-77;-254;-118;-84;-226;-181;-225;-227;-276;-220;-84;-139;-240;-270;-258;-82;-141;-176;-216;-232;
-300;-337;-328;-331;-378;-203;-384;-243;-294;-131;-284;-129;-90;-262;-167;-331;-322;-222;-255;-272;-286;-309;-353;-204;-395;-341;-176;-452;-289;-420;-290;-344;-223;-266;-357;-378;-493;-410;-248;-310;-432;-425;-373;-351;-320;-402;-411;-398;-312;-329;-382;-529;-297;-295;-339;-365;-333;-386;-435;-422;-345;-462;-311;-442;-387;-356;-469;-323;-455;-431;-445;-348;-402;-407;-379;-405;-468;-385;-383;-455;-329;-490;-471;-413;-494;-583;-534;-423;-476;-470;-581;-500;-594;-524;-487;-553;-423;-384;-495;-582;-568;-444;-334;-365;-421;-295;-166;-17;143;148;305;293;525;568;1016;1330;1557;1830;2011;2108;2052;2196;2270;2339;2673;2886;3164;3555;3941;4375;4597;5019;5356;5753;6361;6717;7383;7746;7919;8270;8137;7708;7049;6400;5554;4948;4275;3838;3492;3289;3140;3217;2986;2943;3023;2878;2927;2992;3178;3468;3741;4035;4428;4654;4564;4364;4056;3663;3440;3096;2959;2959;2908;3076;3373;3553;3416;3379;3100;2767;2620;2304;2316;2269;2200;2207;2549;2668;2641;2713;2609;2318;2020;1774;1671;1697;1696;1770;1878;1829;1898;1735;1342;1220;555;391;129;-247;-416;-448;-676;-595;-608;-632;-597;-564;-635;-578;-498;-506;-580;-591;-638;-606;-539;-477;-576;-679;-513;-694;-723;-457;-712;-564;-674;-508;-631;-670;-487;-587;-537;-536;-655;-528;-512;-589;-491;-426;-543;-591;-554;-482;-542;-445;-398;-296;-456;-442;-463;-387;-329;-396;-319;-464;-561;-469;-463;-355;-354;-393;-307;-303;-357;-232;-325;-372;-252;-238;-192;-357;-177;-217;-393;-194;-95;-178;-158;-248;-292;-53;-127;-168;-147;-139;-178;-119;-164;1;-205;-130;-228;-164;-142;-166;-282;-229;-141;-170;-141;-145;-157;-257;-215;-194;-191;-124;-172;-213;-292;-172;
-238;-264;-253;-287;-265;-116;-247;-141;-56;-260;-268;-195;-254;-287;-186;-161;-145;-262;-285;-262;-121;-215;-87;-94;-156;-177;-197;-164;-254;-112;-317;-248;-341;-240;-198;-345;-314;-303;-340;-296;-315;-426;-183;-244;-234;-299;-225;-174;-181;-305;-214;-399;-389;-323;-291;-231;-384;-375;-275;-401;-338;-357;-267;-379;-342;-312;-226;-327;-365;-347;-280;-377;-292;-474;-369;-423;-151;-326;-296;-285;-377;-505;-383;-423;-346;-280;-221;-458;-396;-433;-467;-354;-378;-351;-398;-388;-490;-439;-523;-319;-349;-381;-302;-394;-284;-180;1;69;82;203;315;594;576;865;911;1345;1636;1852;2117;2192;2031;2175;2201;2461;2616;2791;3225;3600;3983;4185;4437;4885;5313;5658;6081;6720;7119;7573;7855;8161;7841;7433;6782;6170;5430;4743;4260;3825;3435;3175;3111;3089;3030;2871;2817;2737;2856;3020;3099;3333;3800;4059;4231;4412;4351;4315;3967;3605;3358;3051;2895;2797;2866;2998;3198;3360;3327;3271;2995;2666;2474;2201;2110;2120;2233;2486;2482;2783;2675;2738;2464;2302;1984;1750;1689;1585;1853;1777;1761;1869;1727;1557;1483;1014;648;357;29;-56;-423;-472;-525;-643;-679;-584;-524;-563;-540;-490;-581;-335;-406;-590;-401;-466;-626;-539;-474;-434;-540;-615;-633;-662;-774;-547;-552;-613;-572;-426;-397;-662;-549;-575;-687;-490;-498;-508;-521;-398;-456;-399;-408;-466;-455;-388;-533;-496;-426;-392;-440;-401;-346;-429;-225;-351;-328;-423;-266;-324;-287;-238;-378;-225;-235;-244;-220;-261;-132;-229;-274;-157;-214;-130;-193;-173;-182;-219;-290;-154;-190;21;-180;-147;-79;-139;-188;-163;-121;-61;-53;66;-95;-62;-119;-97;-147;-160;-192;-107;-144;-200;-195;-224;-253;-85;-315;-101;-278;-223;-245;-150;
-388;-440;-324;82;-316;-241;-212;-399;-368;-262;-249;-242;-363;-267;-189;-296;-293;-290;-254;-274;-231;-201;-264;-332;-257;-295;-315;-374;-457;-390;-325;-404;-224;-196;-318;-373;-326;-346;-418;-300;-252;-418;-470;-469;-534;-604;-264;-326;-548;-505;-489;-435;-388;-396;-356;-411;-377;-412;-482;-343;-513;-411;-505;-416;-382;-396;-372;-367;-379;-298;-409;-279;-546;-482;-540;-395;-306;-490;-498;-507;-534;-485;-629;-465;-480;-461;-477;-639;-525;-533;-572;-421;-455;-515;-519;-525;-580;-391;-368;-493;-475;-398;-401;-347;-192;-223;-58;-75;100;96;243;426;504;700;966;1203;1450;1794;1776;1980;1859;1975;2180;2282;2504;2772;3152;3274;3741;4029;4287;4673;5014;5382;5866;6434;7050;7300;7495;7516;7522;7128;6437;5739;5240;4414;3811;3487;3222;3190;2948;2941;2887;2893;2651;2700;2606;2773;2965;3142;3559;3764;3967;4097;4143;4053;3731;3582;3057;2878;2846;2634;2683;2963;3040;3028;3166;3012;2878;2382;2300;2056;1921;1930;2108;2261;2389;2415;2461;2523;2260;2069;1751;1591;1469;1331;1584;1426;1621;1736;1515;1505;1349;803;559;224;-42;-416;-528;-646;-792;-556;-761;-749;-648;-537;-476;-590;-515;-578;-536;-504;-655;-742;-602;-692;-529;-613;-562;-637;-712;-499;-667;-615;-702;-664;-520;-560;-589;-649;-751;-552;-564;-591;-582;-612;-517;-636;-526;-605;-374;-514;-540;-542;-518;-497;-448;-505;-473;-591;-499;-332;-458;-434;-340;-573;-406;-493;-370;-342;-104;-436;-402;-174;-369;-337;-205;-198;-298;-347;-366;-288;-237;-379;-161;-367;-250;-347;-159;-96;-253;-212;-170;-198;-235;-154;-272;-141;-218;-190;-66;-110;-124;-114;-259;-135;-187;-182;-370;-257;-202;-272;-193;-325;-292;-231;-255;-201;-303;-206;
-358;-224;-415;-242;-451;-299;-229;-371;-230;-232;-353;-286;-200;-246;-117;-300;-242;-228;-377;-313;-209;-198;-399;-312;-279;-366;-357;-308;-403;-266;-439;-360;-332;-286;-322;-358;-254;-295;-426;-355;-369;-326;-398;-362;-413;-451;-386;-351;-407;-474;-314;-387;-467;-425;-348;-406;-195;-405;-411;-473;-350;-315;-327;-419;-411;-399;-385;-416;-404;-317;-375;-439;-352;-480;-472;-393;-375;-428;-530;-502;-342;-445;-566;-327;-413;-418;-440;-421;-410;-417;-527;-427;-573;-468;-467;-554;-561;-477;-380;-469;-324;-372;-443;-442;-461;-171;-62;165;145;47;306;352;598;607;1086;1242;1513;1647;1902;1811;1870;2119;2136;2186;2361;2695;3136;3295;3696;3938;4193;4543;4916;5300;5719;6167;6813;7257;7455;7579;7341;6977;6202;5575;4836;4187;3896;3470;3236;2981;2942;2829;2914;2719;2617;2643;2792;2879;2990;3224;3578;3728;4022;4133;4116;3941;3673;3480;3077;2890;2703;2661;2699;2837;2853;3054;3243;2989;2694;2375;2183;2080;1954;1938;2027;2233;2404;2402;2561;2410;2208;1968;1857;1475;1448;1208;1281;1556;1564;1633;1523;1238;1088;802;494;279;-86;-264;-366;-460;-718;-660;-615;-576;-645;-468;-569;-552;-419;-387;-557;-357;-558;-559;-654;-476;-592;-587;-593;-558;-546;-481;-605;-606;-532;-666;-519;-511;-608;-594;-414;-574;-695;-441;-677;-511;-499;-538;-591;-578;-480;-518;-552;-407;-414;-394;-361;-393;-396;-507;-373;-431;-307;-390;-476;-393;-296;-363;-341;-356;-245;-286;-348;-323;-281;-301;-324;-161;-166;-144;-203;-105;-181;-204;-128;-211;-254;-44;-132;-128;-147;-119;-80;-202;-190;-170;-213;-256;-131;-48;-133;-251;-43;-131;-77;-141;-194;-236;-177;-57;-164;24;-119;-110;-266;-198;-253;-232;-184;-145;
169;-336;1;-398;-235;-382;-218;-384;-253;-333;-174;-199;-263;-308;-246;-406;-178;-288;-214;-249;-267;-310;-269;-243;-208;-485;-363;-280;-390;-386;-360;-434;-362;-439;-407;-335;-365;-478;-322;-226;-322;-255;-341;-438;-403;-424;-431;-400;-515;-377;-322;-362;-362;-220;-470;-387;-584;-436;-344;-336;-347;-455;-370;-470;-455;-389;-338;-394;-350;-305;-462;-474;-464;-443;-480;-401;-484;-449;-495;-394;-485;-501;-563;-377;-477;-568;-470;-500;-495;-363;-508;-445;-422;-539;-503;-482;-424;-506;-417;-464;-571;-571;-387;-491;-238;-157;-164;11;203;157;339;298;486;640;992;1210;1419;1642;1731;1883;1972;1800;2014;2068;2289;2648;2852;3132;3346;3795;4037;4392;4804;5073;5618;6078;6657;6895;7063;7343;7152;6701;6039;5120;4795;4029;3669;3188;2884;2939;2697;2764;2769;2656;2688;2570;2482;2705;2857;3275;3645;3706;3937;4027;4083;3929;3639;3312;3091;2692;2608;2574;2586;2698;2777;2887;3042;2755;2585;2470;2217;2005;1722;1822;1902;2048;2153;2350;2367;2282;2097;1837;1529;1267;1327;1155;1374;1382;1354;1457;1266;1242;1015;636;398;114;-100;-172;-622;-697;-751;-679;-801;-627;-536;-489;-457;-493;-519;-525;-455;-469;-475;-642;-630;-465;-519;-535;-551;-562;-648;-513;-667;-704;-611;-688;-635;-661;-568;-661;-602;-594;-496;-439;-350;-592;-647;-525;-531;-433;-410;-558;-479;-436;-548;-529;-298;-520;-408;-324;-291;-410;-261;-563;-495;-274;-430;-386;-405;-416;-241;-331;-312;-212;-250;-181;-247;-220;-263;-245;-245;-383;-244;-271;-213;-223;-78;-221;-259;-45;-97;-104;-244;-275;-283;-89;-42;-194;-193;-59;-236;-70;-100;-62;-208;-174;-223;-136;-60;-133;-67;-117;-288;-215;-120;-227;-214;-277;-131;-242;
-225;237;274;-378;-264;-183;-74;-215;204;-274;-266;-275;-73;-204;-244;-105;-144;-80;-333;-323;-158;-206;-279;-147;-233;-326;-308;-154;-323;-336;-165;-290;-244;-236;-275;-348;-326;-199;-379;-247;-352;-329;-285;-300;-354;-237;-308;-430;-394;-335;-394;-343;-240;-254;-358;-321;-297;-559;-315;-324;-293;-254;-228;-326;-293;-260;-289;-323;-309;-332;-398;-395;-320;-413;-374;-314;-420;-483;-434;-402;-356;-464;-477;-563;-552;-394;-368;-472;-363;-346;-512;-485;-525;-424;-336;-374;-598;-407;-463;-460;-362;-342;-365;-415;-231;-189;22;112;194;258;294;389;623;822;1106;1363;1490;1622;1758;1716;1769;1954;1830;2069;2235;2502;2809;3193;3556;3795;3957;4402;4685;5080;5440;5913;6397;6745;7016;6912;6902;6313;5822;5114;4465;3982;3536;3068;2965;2775;2729;2774;2777;2546;2642;2582;2581;2710;2903;3146;3526;3772;3988;4136;4017;3874;3569;3364;3010;2712;2593;2555;2578;2841;2900;2914;2992;2925;2730;2269;2067;2030;1831;1783;1819;2145;2226;2254;2275;2210;1942;1789;1607;1398;1241;1343;1304;1208;1353;1333;1328;1216;918;604;348;86;-110;-290;-463;-603;-464;-382;-660;-680;-555;-571;-540;-545;-367;-426;-467;-463;-348;-594;-481;-556;-586;-421;-390;-450;-499;-415;-393;-505;-529;-585;-603;-571;-527;-561;-562;-639;-627;-576;-518;-403;-476;-521;-429;-427;-538;-472;-477;-385;-490;-443;-416;-454;-264;-494;-388;-225;-362;-407;-366;-286;-170;-119;-249;-238;-215;-239;-293;-233;-278;-220;-179;-182;-132;-108;-292;-164;-177;-27;-173;-164;-147;-189;-188;-274;32;-121;-9;-20;-130;-58;-83;-51;-104;-34;-236;-115;-208;-6;13;-125;-262;-122;-97;-91;-145;-97;-124;-101;-158;-304;-225;-160;-163;-163;
59;-302;-319;-347;-328;-313;-152;-428;-232;-60;-97;-231;-184;-89;-243;-177;-119;-292;-425;-235;-151;-280;-396;-402;-321;-286;-369;-441;-298;-198;-320;-436;-499;-548;-401;-396;-439;-313;-413;-370;-331;-379;-390;-434;-373;-421;-345;-440;-519;-367;-357;-507;-371;-430;-554;-482;-391;-473;-500;-447;-479;-427;-434;-342;-448;-386;-441;-467;-460;-541;-488;-464;-476;-442;-441;-681;-499;-488;-427;-406;-405;-536;-372;-375;-479;-567;-598;-455;-582;-322;-542;-520;-521;-496;-579;-561;-585;-558;-484;-531;-396;-679;-424;-449;-341;-210;-126;-21;-1;165;202;334;359;669;913;1034;1197;1592;1693;1676;1668;1756;1746;1879;2049;2424;2727;3006;3365;3716;3751;4141;4513;4779;5297;5637;6142;6604;6849;6848;6485;6075;5455;4767;4149;3635;3166;2817;2726;2551;2443;2578;2490;2516;2445;2339;2470;2533;2721;2919;3179;3577;3652;3814;3905;3695;3516;3081;2940;2564;2549;2379;2487;2514;2778;2851;2883;2581;2401;2162;1776;1626;1571;1646;1826;1835;1952;2174;2063;1923;1915;1685;1259;1246;1108;1076;1079;1192;1229;1114;1070;983;802;522;210;19;-338;-294;-472;-646;-805;-633;-730;-760;-671;-510;-653;-554;-453;-514;-485;-482;-611;-568;-428;-600;-555;-718;-565;-557;-576;-623;-561;-725;-746;-508;-603;-597;-587;-525;-588;-677;-673;-636;-602;-618;-529;-530;-525;-582;-542;-529;-545;-447;-454;-576;-455;-504;-420;-516;-612;-513;-527;-412;-409;-547;-360;-361;-297;-359;-366;-224;-312;-274;-249;-303;-200;-314;-352;-308;-185;-331;-271;-187;-189;-215;-278;-234;-416;-329;-172;-236;-204;-237;-185;-213;-147;-272;-283;-70;-82;-164;-156;-111;-229;-127;21;-211;-197;-283;-150;-313;-191;-118;-179;-119;-357;-266;-188;-161;
-129;-239;-255;-213;-211;-336;-253;134;-302;-243;-243;-236;-234;-124;-195;-79;-173;-233;-452;-274;-229;-318;-286;-294;-388;-279;-384;-224;-336;-388;-337;-256;-430;-297;-263;-430;-436;-282;-382;-291;-482;-409;-388;-321;-460;-472;-506;-513;-521;-291;-477;-564;-447;-455;-420;-428;-545;-432;-449;-592;-344;-579;-418;-508;-501;-382;-445;-400;-571;-520;-506;-501;-625;-395;-554;-434;-483;-386;-578;-396;-379;-508;-386;-691;-459;-497;-524;-541;-556;-797;-686;-534;-556;-552;-658;-638;-603;-502;-552;-449;-446;-646;-355;-350;-413;-307;-270;5;45;80;116;306;408;568;683;1115;1204;1212;1475;1452;1692;1613;1665;1797;2088;2401;2617;2944;3234;3373;3639;3928;4459;4655;5011;5529;5943;6168;6486;6495;6225;5852;5179;4682;4030;3297;2948;2637;2321;2405;2404;2340;2418;2502;2412;2430;2283;2368;2579;2838;3211;3460;3622;3696;3504;3629;3272;2950;2702;2412;2354;2503;2450;2466;2730;2688;2653;2417;2329;1906;1727;1520;1468;1446;1610;1844;1953;1961;2093;1919;1712;1537;1191;1157;1009;904;947;1103;1107;1064;1028;879;652;470;181;-146;-254;-464;-741;-564;-608;-754;-663;-643;-580;-635;-568;-614;-610;-603;-554;-629;-603;-768;-564;-508;-629;-643;-650;-592;-750;-588;-578;-651;-577;-651;-608;-766;-800;-725;-789;-812;-740;-763;-663;-688;-626;-573;-806;-540;-602;-601;-519;-588;-548;-517;-541;-481;-546;-511;-568;-418;-408;-522;-482;-503;-474;-459;-484;-319;-371;-385;-295;-329;-342;-324;-318;-435;-219;-368;-244;-234;-267;-349;-356;-254;-294;-194;-200;-233;-469;-226;-386;-271;-144;-313;-227;-343;-214;-217;-144;-165;-243;-283;-186;-176;-178;-186;-90;-289;-138;-228;-322;-299;-234;-406;-348;-276;-240;-256;
-183;286;-146;-196;-106;208;-169;-95;-124;45;-142;-203;-123;-69;-85;-119;-228;-68;-115;-76;-262;-94;-118;-168;-112;-252;-142;-179;-128;-237;-234;-186;-177;-194;-218;-189;-239;-288;-227;-223;-251;-262;-245;-277;-287;-413;-362;-257;-264;-311;-385;-341;-306;-305;-379;-379;-226;-442;-254;-261;-276;-230;-410;-235;-252;-287;-305;-211;-368;-395;-360;-242;-124;-278;-266;-277;-242;-343;-352;-406;-276;-435;-284;-423;-486;-350;-302;-451;-390;-457;-435;-352;-453;-343;-445;-378;-456;-420;-411;-410;-412;-274;-378;-392;-306;-189;-17;-10;278;314;315;462;496;737;828;1120;1421;1467;1624;1775;1768;1632;1825;1951;2115;2360;2801;3004;3284;3453;3716;3835;4517;4613;5188;5377;5928;6191;6453;6432;6291;5833;5212;4534;4115;3404;2996;2681;2500;2296;2302;2546;2373;2360;2283;2382;2322;2477;2779;2905;3167;3383;3652;3764;3688;3634;3161;3063;2757;2324;2296;2546;2313;2447;2508;2715;2569;2507;2311;2009;1659;1584;1502;1577;1568;1851;1912;2086;2081;2050;1723;1567;1239;1161;1092;1067;1080;1263;1211;1214;970;992;838;480;202;127;-61;-367;-446;-437;-542;-518;-592;-563;-557;-536;-533;-607;-573;-495;-481;-540;-423;-573;-482;-523;-705;-600;-525;-515;-498;-575;-602;-500;-579;-505;-529;-452;-601;-545;-527;-468;-491;-478;-473;-580;-499;-614;-571;-394;-468;-477;-346;-529;-361;-376;-411;-302;-317;-423;-363;-342;-362;-427;-267;-419;-351;-303;-254;-234;-134;-98;-151;-186;-218;-99;-162;-162;-202;-162;-279;-262;-93;-147;-74;-99;-101;-190;-92;-103;-36;-80;-186;-118;16;-148;-31;-56;15;-21;-46;-91;-36;-64;-186;-180;-5;-72;-210;-74;-42;-19;-4;-143;-193;-184;-106;-111;-134;-113;
-310;90;-303;134;-287;-309;-273;-244;-179;-200;-153;-163;-269;-237;-269;-100;-220;-244;-259;-312;-199;-190;-411;-322;-304;-247;-223;-195;-327;-254;-206;-374;-231;-301;-281;-358;-416;-444;-388;-376;-432;-380;-373;-479;-468;-491;-357;-400;-479;-335;-470;-390;-255;-419;-459;-482;-412;-430;-419;-589;-528;-447;-503;-447;-505;-499;-477;-570;-491;-508;-511;-510;-575;-554;-512;-523;-469;-409;-424;-547;-507;-543;-500;-520;-370;-539;-484;-447;-571;-540;-574;-674;-523;-510;-487;-564;-605;-599;-607;-401;-391;-474;-425;-397;-282;-281;-245;3;21;-10;122;251;487;506;805;1094;1240;1445;1433;1494;1571;1551;1563;1594;1943;2230;2606;2864;3129;3394;3511;3872;4127;4423;4796;5236;5718;5978;6128;6038;5834;5337;4958;4315;3737;3120;2595;2326;2201;2083;2030;2121;2165;2087;2098;2038;2111;2139;2432;2692;2958;3237;3312;3397;3363;3237;3078;2756;2347;2316;2062;2021;2089;2199;2377;2355;2390;2226;2020;1762;1563;1450;1303;1426;1499;1681;1728;1907;1929;1829;1559;1447;1202;771;1035;863;992;1050;1134;1026;1033;842;624;379;147;-234;-248;-363;-535;-552;-589;-717;-621;-676;-625;-673;-790;-594;-651;-580;-600;-586;-563;-651;-549;-479;-584;-707;-718;-675;-654;-671;-576;-642;-587;-572;-701;-614;-551;-660;-638;-763;-606;-673;-656;-528;-490;-555;-522;-545;-609;-569;-580;-514;-479;-581;-495;-499;-450;-582;-569;-420;-479;-520;-519;-316;-420;-527;-339;-444;-389;-336;-285;-430;-304;-327;-252;-283;-269;-212;-149;-389;-349;-310;-270;-195;-266;-243;-115;-157;-319;-166;-262;-269;-142;-291;-271;-46;-272;-178;-83;-248;-263;-270;-282;-196;-80;-169;-268;-157;-215;-261;-237;-46;-205;-189;-261;-404;-280;-324;
-231;-399;-126;-186;-348;-138;-193;-186;-169;-241;-153;-210;-287;-220;-237;-69;-220;-347;-324;-129;-254;-160;-258;-249;-256;-314;-387;-282;-194;-248;-307;-288;-225;-291;-461;-353;-306;-344;-551;-266;-481;-424;-433;-276;-386;-368;-280;-261;-339;-273;-313;-417;-443;-388;-345;-558;-391;-445;-363;-405;-465;-536;-435;-372;-363;-421;-305;-431;-438;-453;-515;-493;-264;-365;-547;-372;-392;-412;-441;-538;-420;-399;-417;-590;-493;-413;-491;-591;-363;-435;-427;-632;-519;-593;-456;-589;-493;-485;-499;-548;-611;-360;-214;-416;-429;-303;-179;64;83;48;127;214;297;535;779;1026;1292;1402;1529;1585;1596;1478;1648;1789;2003;2310;2631;2834;3157;3224;3602;3755;4043;4255;4744;5310;5782;5810;5902;5910;5696;5146;4805;4111;3559;2905;2534;2268;2090;1901;2112;1997;2079;2079;2015;1986;1991;2032;2179;2369;2729;3099;3088;2939;3194;3078;2797;2453;2282;2116;2031;1931;2000;2166;2235;2310;2309;2153;1805;1545;1426;1265;1212;1363;1353;1763;1777;1722;1868;1753;1627;1347;1168;1073;902;868;936;907;993;1135;1141;891;732;530;202;26;-233;-442;-538;-509;-628;-604;-572;-641;-745;-508;-575;-458;-522;-534;-496;-532;-581;-527;-526;-556;-703;-641;-502;-709;-547;-559;-527;-632;-661;-605;-596;-624;-612;-766;-776;-608;-639;-600;-567;-582;-587;-607;-702;-497;-564;-454;-443;-473;-555;-503;-445;-372;-470;-366;-429;-420;-287;-428;-469;-316;-548;-361;-398;-252;-360;-426;-296;-254;-304;-251;-256;-269;-305;-250;-277;-321;-104;-250;-254;-103;-262;-379;-272;-337;-141;-344;-251;-177;-176;-89;-186;-182;-161;-177;-250;-145;-186;-197;-263;-146;-303;-203;-35;-220;-148;-188;-202;-200;-252;-152;-301;-233;-269;-242;
-338;152;-263;-253;-351;-283;-348;-352;-266;-254;-313;-298;-356;-225;-212;-204;-297;-369;-259;-291;-397;-330;-307;-370;-490;-480;-257;-347;-312;-432;-259;-462;-403;-438;-410;-368;-417;-544;-488;-464;-327;-433;-608;-528;-584;-453;-587;-381;-418;-592;-513;-343;-456;-583;-405;-408;-603;-507;-529;-548;-543;-432;-424;-412;-528;-578;-541;-466;-515;-453;-494;-464;-421;-484;-392;-462;-552;-552;-612;-692;-487;-684;-544;-539;-577;-632;-628;-748;-566;-542;-550;-624;-594;-673;-643;-556;-621;-678;-627;-627;-432;-609;-458;-655;-389;-229;-234;67;-180;4;128;168;316;630;690;965;995;1311;1533;1472;1448;1463;1627;1731;1812;2072;2255;2641;2972;3074;3382;3523;3786;4236;4590;4974;5331;5604;5676;5671;5500;5082;4407;3901;3375;2736;2336;2047;1873;1883;1812;1746;1676;1805;1709;1589;1638;1799;2103;2153;2333;2653;2824;2922;2820;2717;2366;2143;2178;1813;1675;1742;1798;1739;1849;2008;1986;1780;1631;1411;1277;1114;1086;1071;1296;1415;1561;1688;1759;1565;1447;1336;1195;1022;799;902;833;835;1011;1046;982;890;601;318;133;-179;-356;-449;-529;-683;-565;-816;-744;-587;-733;-711;-705;-583;-735;-611;-637;-609;-610;-695;-489;-652;-709;-616;-677;-664;-746;-782;-832;-774;-558;-764;-755;-684;-623;-708;-638;-620;-581;-608;-671;-716;-478;-681;-643;-644;-555;-595;-532;-614;-551;-547;-480;-474;-551;-468;-495;-516;-460;-542;-522;-577;-534;-511;-449;-290;-395;-452;-261;-425;-252;-406;-312;-374;-324;-236;-228;-279;-365;-327;-275;-341;-350;-367;-229;-322;-348;-124;-153;-65;-95;-314;-117;-82;-274;-218;-238;-230;-237;-187;-181;-207;-194;-174;-294;-226;-208;-219;-212;-219;-250;-291;-216;-164;-301;-236;
-222;274;-93;40;-229;220;9;-88;-202;-182;-101;-199;-159;-238;-313;-257;-328;-199;-217;-250;-280;-218;-237;-224;-199;-216;-312;-284;-358;-230;-310;-272;-213;-358;-272;-305;-463;-410;-355;-384;-382;-267;-362;-429;-403;-355;-300;-311;-435;-329;-383;-417;-283;-381;-441;-478;-541;-243;-370;-257;-536;-256;-345;-429;-271;-426;-407;-391;-375;-518;-515;-405;-542;-552;-462;-297;-419;-609;-373;-391;-449;-403;-404;-475;-502;-462;-473;-614;-526;-605;-644;-538;-694;-399;-467;-555;-463;-529;-474;-457;-444;-453;-404;-319;-330;-203;-119;-17;77;159;260;274;368;468;839;1028;1133;1340;1527;1419;1470;1506;1512;1814;1954;2144;2266;2630;2905;3114;3351;3598;3747;4095;4537;4872;5306;5577;5591;5590;5360;4917;4319;3869;3213;2753;2311;2184;1844;1685;1802;1928;1807;1751;1812;1624;1653;1715;1816;2025;2280;2545;2743;2681;2571;2688;2273;2085;1979;1748;1523;1555;1790;1713;1902;1955;2032;1844;1691;1406;1305;1205;1239;1301;1317;1554;1675;1764;1683;1650;1443;1239;1127;971;840;725;825;926;990;1023;996;957;641;568;150;-46;-154;-274;-402;-426;-528;-621;-617;-499;-587;-570;-580;-455;-602;-555;-445;-462;-362;-480;-549;-492;-627;-595;-478;-563;-441;-486;-492;-553;-374;-573;-506;-526;-607;-666;-685;-364;-660;-595;-359;-493;-441;-413;-620;-433;-418;-518;-540;-494;-550;-560;-389;-566;-432;-374;-419;-381;-409;-444;-422;-411;-348;-391;-253;-384;-148;-276;-187;-284;-349;-299;-290;-146;-151;-259;-148;-161;-326;-206;-143;-154;-103;-280;-160;-242;-94;-93;-222;-92;-156;-132;-239;-239;-127;-98;-88;42;-196;-149;-100;-2;-176;-42;-179;-143;-83;-231;-101;-219;-216;-183;-261;-193;-226;-137;
-113;-186;-274;-38;-139;-243;-305;-160;-186;-98;98;-223;-150;-302;-102;-239;-215;-264;-198;-146;-286;-157;-327;-236;-202;-168;-206;-257;-266;-310;-347;-195;-311;-350;-317;-361;-283;-360;-468;-323;-157;-235;-371;-364;-433;-304;-248;-377;-375;-429;-471;-477;-529;-353;-313;-312;-399;-495;-315;-336;-330;-336;-433;-523;-542;-451;-315;-463;-352;-434;-453;-514;-414;-444;-401;-418;-354;-454;-521;-539;-517;-421;-448;-349;-530;-516;-489;-405;-466;-543;-477;-574;-505;-517;-567;-476;-491;-552;-526;-402;-429;-404;-500;-386;-272;-154;-33;-119;177;91;277;342;308;599;780;1140;1230;1373;1620;1689;1713;1631;1671;1874;1876;2230;2388;2696;2778;3160;3251;3431;3629;3944;4343;4792;5131;5362;5510;5374;5197;4745;4473;3644;3136;2606;2187;1873;1707;1804;1613;1605;1631;1671;1567;1672;1629;1666;1629;1849;2148;2344;2338;2510;2379;2192;2114;1695;1865;1529;1410;1371;1609;1654;1843;1845;1800;1557;1473;1270;1242;858;1114;1013;1307;1389;1344;1739;1702;1560;1459;1251;1096;916;809;888;896;980;1029;1055;1004;719;706;459;175;-44;-245;-366;-511;-624;-517;-468;-638;-536;-480;-615;-495;-494;-547;-481;-502;-422;-547;-660;-460;-525;-591;-547;-521;-511;-694;-542;-631;-576;-433;-577;-478;-399;-556;-495;-410;-458;-561;-549;-554;-533;-379;-509;-409;-302;-347;-463;-475;-385;-465;-487;-448;-478;-293;-311;-386;-318;-417;-340;-310;-360;-315;-275;-332;-291;-286;-289;-219;-189;-439;-276;-180;-183;-262;-276;-329;-149;-165;-181;-135;-233;-163;-118;-146;-51;-262;-105;-162;-119;-96;-99;-154;-144;-150;-74;-190;-177;-121;-279;-40;-31;-93;-12;-18;-109;-104;-224;-147;-195;-60;-182;-223;-38;-143;-295;
224;-192;14;-131;-178;-113;-155;236;-20;-70;-72;-19;-33;-157;-191;-237;-144;-142;-151;-172;-103;-81;-276;-263;-168;-183;-200;-268;-233;-261;-165;-103;-246;-351;-350;-230;-261;-337;-296;-393;-317;-376;-310;-353;-283;-275;-194;-541;-345;-283;-446;-357;-209;-396;-203;-316;-371;-420;-286;-324;-394;-384;-273;-429;-367;-470;-354;-414;-229;-421;-450;-334;-458;-440;-396;-414;-457;-392;-454;-405;-508;-477;-554;-439;-451;-370;-454;-378;-412;-455;-546;-500;-442;-631;-388;-562;-414;-374;-414;-444;-327;-460;-282;-401;-176;-188;-89;85;136;281;227;318;413;631;808;1024;1167;1414;1409;1547;1546;1527;1586;1574;1967;1984;2251;2576;2741;2797;3076;3365;3546;3764;4158;4636;4990;5207;5336;5219;4960;4703;4132;3587;3033;2557;2133;1870;1746;1766;1454;1460;1559;1563;1336;1409;1384;1429;1579;1773;1995;2120;2327;2369;2177;2139;2018;1721;1607;1408;1251;1251;1512;1663;1604;1768;1687;1784;1450;1157;1018;987;907;1053;1118;1203;1481;1389;1585;1547;1300;1240;990;944;807;820;790;920;914;918;970;741;458;427;54;-96;-186;-344;-545;-670;-546;-644;-646;-532;-614;-607;-570;-524;-498;-578;-558;-559;-532;-553;-574;-548;-610;-424;-595;-498;-581;-618;-704;-551;-511;-527;-569;-534;-692;-540;-487;-513;-569;-431;-430;-493;-535;-476;-651;-499;-411;-534;-504;-485;-494;-399;-307;-415;-273;-402;-279;-311;-353;-318;-358;-363;-321;-278;-305;-278;-293;-322;-318;-185;-186;-216;-364;-180;-213;-122;-305;-242;-226;-248;-211;-229;-156;-181;-308;-214;-171;-149;-235;-156;-73;-129;-175;-196;-165;-21;-86;-8;-109;-161;-212;-249;-184;-209;-9;-118;-83;-194;-236;-240;-173;-140;-229;-355;-242;-220;
-401;-299;-152;-263;160;-302;-238;-456;-119;4;-202;-140;-233;-279;-264;-234;-260;-342;-267;-357;-365;-195;-385;-324;-229;-409;-418;-297;-311;-436;-350;-280;-406;-323;-412;-386;-414;-437;-382;-454;-490;-430;-536;-269;-402;-474;-492;-434;-510;-423;-600;-472;-379;-525;-448;-432;-251;-501;-363;-456;-570;-491;-408;-509;-491;-537;-515;-447;-651;-520;-551;-461;-652;-539;-560;-583;-549;-484;-597;-565;-605;-509;-636;-553;-557;-605;-569;-416;-561;-649;-589;-538;-658;-503;-547;-449;-580;-536;-531;-593;-454;-435;-410;-403;-392;-247;-268;-189;-104;-81;51;174;320;410;810;886;1226;1247;1218;1334;1406;1445;1491;1673;1765;2040;2096;2415;2534;2771;2987;3077;3273;3662;3847;4291;4787;4786;4952;5022;4752;4233;3859;3415;2804;2421;1906;1743;1460;1362;1309;1231;1249;1318;1291;1264;1247;1217;1449;1592;1655;2087;2092;2061;2127;1685;1716;1605;1323;1143;1201;1228;1207;1378;1563;1412;1438;1397;1195;1054;913;696;728;849;1005;1049;1293;1353;1379;1339;1249;941;750;589;634;782;802;680;659;834;706;578;418;145;-80;-176;-413;-519;-651;-662;-624;-702;-742;-693;-664;-669;-620;-570;-636;-548;-683;-485;-561;-554;-591;-668;-679;-596;-729;-778;-670;-643;-692;-696;-679;-783;-790;-693;-572;-639;-630;-677;-715;-738;-635;-697;-489;-579;-676;-620;-701;-687;-624;-558;-538;-538;-563;-558;-491;-550;-463;-597;-475;-442;-408;-549;-350;-412;-459;-431;-335;-372;-362;-499;-295;-378;-384;-383;-402;-344;-375;-285;-352;-425;-356;-200;-182;-292;-260;-246;-330;-190;-173;-283;-275;-204;-160;-236;-117;-163;-214;-154;-144;-279;-275;-177;-180;-241;-287;-173;-323;-239;-350;-222;-468;-218;-294;-365;-343;-356;
135;77;-243;-93;-171;-144;-158;-134;-105;5;-116;-41;-220;-24;-182;-141;-204;-186;-180;-269;-280;-281;-201;-215;-309;-315;-310;-308;-331;-250;-223;-371;-259;-491;-305;-287;-338;-338;-352;-380;-346;-215;-373;-622;-374;-310;-421;-494;-335;-464;-548;-357;-454;-482;-439;-406;-239;-443;-358;-451;-332;-494;-422;-459;-478;-579;-481;-537;-416;-583;-500;-456;-456;-396;-513;-535;-543;-545;-485;-556;-517;-525;-459;-491;-527;-537;-586;-626;-436;-586;-516;-547;-644;-671;-470;-577;-493;-567;-521;-580;-665;-371;-483;-393;-408;-197;-134;33;-77;20;65;194;303;443;817;1099;1218;1283;1404;1292;1359;1488;1451;1604;1786;2001;1996;2229;2557;2741;2806;3005;3385;3648;3791;4094;4445;4724;4884;4740;4717;4192;3776;3202;2669;2202;2012;1651;1446;1407;1257;1403;1176;1217;1261;1240;1166;1362;1331;1577;1825;1930;2109;2144;2045;1705;1736;1485;1229;1097;1134;1067;1185;1341;1326;1473;1483;1402;1176;1093;844;784;749;719;1055;1053;1281;1413;1206;1189;994;998;696;624;566;597;673;733;700;710;694;650;387;134;105;-160;-401;-496;-593;-654;-677;-745;-727;-599;-585;-495;-494;-433;-576;-594;-684;-495;-553;-469;-560;-640;-692;-591;-729;-643;-653;-649;-650;-695;-645;-621;-614;-520;-617;-704;-610;-533;-728;-533;-637;-556;-587;-626;-450;-521;-451;-370;-617;-465;-480;-519;-446;-443;-360;-505;-411;-463;-520;-460;-510;-326;-355;-288;-382;-403;-365;-407;-455;-323;-299;-327;-248;-352;-315;-261;-226;-261;-177;-217;-226;-307;-268;-219;-283;-218;-268;-152;-180;-168;-208;-77;-145;-232;-171;-71;8;-236;-229;-159;-235;-282;-159;-203;-135;-140;-225;-187;-289;-185;-187;-98;-292;-203;-279;-328;
-125;11;156;-61;218;-156;249;-34;-161;-11;-1;-130;-124;-60;-86;-147;-223;-111;-212;-158;-190;-122;-258;-212;-297;-200;-341;-244;-144;-297;-223;-346;-346;-289;-261;-391;-298;-358;-385;-440;-311;-356;-424;-358;-450;-249;-303;-306;-301;-294;-329;-400;-366;-307;-444;-339;-351;-535;-427;-147;-384;-408;-366;-396;-282;-530;-397;-537;-376;-295;-460;-391;-433;-377;-406;-295;-458;-447;-503;-456;-376;-508;-409;-438;-460;-436;-446;-423;-507;-532;-415;-572;-472;-520;-546;-458;-483;-444;-526;-434;-496;-448;-447;-388;-250;-218;-48;-79;19;92;26;156;343;581;780;993;1302;1291;1350;1406;1278;1306;1487;1529;1805;1940;2007;2357;2512;2653;2845;2925;3339;3515;3883;4024;4494;4591;4853;4774;4425;4058;3593;3107;2628;2230;1997;1773;1423;1356;1331;1483;1387;1241;1086;1211;1314;1287;1477;1719;1806;1919;2088;2019;2030;1822;1777;1408;1475;1228;1088;1203;1302;1447;1424;1341;1356;1388;1149;1053;903;769;803;893;885;1021;1200;1350;1256;1185;1122;943;742;520;462;703;704;771;740;627;795;563;415;221;-18;-184;-360;-498;-461;-501;-538;-600;-733;-646;-570;-529;-504;-478;-500;-570;-555;-534;-603;-504;-590;-601;-695;-558;-587;-463;-644;-501;-668;-561;-546;-588;-530;-553;-588;-530;-601;-578;-468;-492;-621;-522;-363;-371;-471;-409;-648;-489;-397;-514;-444;-449;-414;-340;-328;-360;-443;-405;-377;-369;-451;-296;-331;-291;-296;-299;-327;-274;-326;-275;-315;-223;-194;-329;-358;-270;-171;-293;-136;-154;-126;-137;-205;-227;-184;-206;75;-117;-156;-74;-181;-110;-109;-82;-168;-53;29;-36;-49;-145;-4;-200;-118;-136;-226;-77;-149;-79;-189;-152;-86;-272;-164;-280;-251;-101;
-233;-310;197;-22;-246;-241;-84;-204;60;-187;-82;-246;-162;-236;-248;-248;-229;-299;-355;-320;-355;-383;-321;-334;-166;-341;-394;-363;-453;-386;-248;-338;-379;-499;-487;-416;-399;-374;-368;-404;-422;-422;-549;-570;-481;-511;-457;-427;-528;-490;-504;-497;-392;-597;-424;-519;-603;-479;-435;-474;-431;-410;-619;-641;-454;-588;-456;-532;-441;-491;-452;-617;-552;-444;-603;-534;-472;-511;-514;-565;-631;-619;-532;-657;-553;-523;-538;-577;-638;-586;-514;-603;-605;-617;-705;-686;-650;-580;-709;-539;-482;-490;-497;-596;-441;-320;-272;-204;-200;-45;14;40;224;350;647;793;1024;1217;1369;1241;1200;1275;1208;1318;1505;1722;1828;2155;2401;2461;2830;2953;2928;3403;3512;4080;4224;4489;4559;4498;4319;3809;3335;2972;2447;2036;1744;1440;1274;1157;1137;1028;1063;1090;900;963;972;1125;1233;1421;1602;1811;1887;2029;1923;1568;1550;1238;975;956;1115;911;1081;1244;1274;1284;1290;1241;1024;830;658;609;631;629;704;934;1039;1095;1091;1023;936;673;566;336;298;405;440;583;776;482;579;437;342;181;-168;-336;-418;-464;-706;-713;-790;-845;-890;-687;-767;-570;-627;-690;-566;-743;-751;-592;-671;-595;-713;-742;-807;-633;-620;-805;-756;-801;-702;-699;-730;-778;-756;-740;-707;-678;-643;-712;-757;-747;-685;-710;-567;-790;-692;-707;-654;-591;-657;-644;-517;-549;-616;-510;-496;-593;-580;-474;-423;-456;-509;-475;-480;-427;-356;-446;-443;-457;-452;-457;-373;-431;-357;-467;-277;-331;-198;-305;-403;-366;-319;-197;-264;-239;-144;-311;-229;-149;-210;-296;-255;-75;-113;-148;-182;-153;-248;-264;-66;-263;-258;-215;-224;-278;-218;-197;-337;-379;-413;-392;-301;-345;-345;-236;-284;-390;
-231;-188;-76;-86;-173;-190;95;-279;-181;-176;-135;-212;-244;-210;-181;-346;-174;-327;-360;-224;-364;-355;-309;-23;-470;-330;-270;-428;-325;-268;-411;-351;-246;-536;-369;-495;-484;-440;-444;-397;-506;-561;-411;-557;-493;-565;-355;-477;-507;-588;-477;-438;-544;-531;-537;-629;-556;-583;-487;-640;-452;-590;-509;-401;-540;-683;-465;-535;-577;-487;-664;-615;-585;-602;-622;-603;-677;-703;-712;-613;-715;-617;-561;-662;-562;-698;-512;-620;-626;-601;-718;-788;-569;-624;-623;-700;-696;-650;-640;-611;-615;-605;-667;-473;-348;-343;-409;-167;-179;-163;72;68;174;352;564;725;901;1092;1134;1222;1077;1170;1212;1342;1525;1682;1826;2095;2355;2307;2556;2807;2923;3244;3473;3756;4174;4377;4465;4342;4109;3623;3138;2708;2264;1851;1495;1410;1183;1156;1196;1030;1070;1084;1017;1039;1045;1023;1282;1537;1653;1787;1946;1898;1815;1716;1396;1215;1086;938;1012;967;990;1077;1289;1303;1318;1048;948;834;620;618;567;530;764;791;913;994;1122;1048;722;683;573;512;375;246;428;431;548;557;480;509;254;-80;-134;-391;-399;-550;-596;-664;-719;-677;-811;-750;-734;-705;-606;-706;-586;-588;-647;-646;-681;-750;-782;-716;-579;-678;-666;-758;-870;-618;-665;-578;-711;-665;-641;-633;-755;-699;-718;-646;-703;-762;-738;-699;-675;-567;-535;-550;-676;-560;-560;-593;-576;-589;-447;-631;-561;-506;-460;-496;-613;-638;-515;-560;-514;-435;-454;-435;-516;-624;-430;-434;-376;-323;-274;-431;-479;-437;-358;-296;-323;-355;-305;-290;-225;-201;-311;-209;-389;-209;-242;-173;-307;-258;-198;-171;-112;-302;-109;-197;-116;-326;-354;-270;-183;-323;-257;-234;-383;-276;-200;-391;-473;-311;-311;-373;-469;-321;
123;-397;-202;-267;-166;-230;-217;-283;-93;-193;-208;-240;-255;-256;-291;-252;-394;-62;-369;-269;-333;-283;-347;-271;-417;-401;-458;-264;-381;-464;-302;-380;-418;-459;-385;-520;-533;-450;-461;-459;-593;-514;-546;-378;-370;-615;-529;-567;-551;-562;-460;-546;-404;-507;-457;-560;-567;-564;-560;-588;-532;-581;-494;-479;-551;-596;-581;-618;-592;-581;-653;-545;-518;-624;-657;-413;-625;-568;-428;-589;-647;-654;-704;-508;-493;-581;-702;-700;-635;-693;-691;-670;-703;-648;-695;-647;-603;-636;-612;-674;-569;-563;-646;-540;-433;-424;-425;-115;-61;6;103;-30;154;333;546;915;809;1027;1047;1282;1234;1096;1051;1264;1307;1583;1900;2028;2249;2405;2496;2765;2928;3103;3428;3658;4034;4183;4314;4107;4051;3689;3227;2844;2294;1668;1447;1344;1222;1116;951;1029;988;1040;979;1028;1099;1173;1159;1473;1686;1837;1862;1794;1722;1553;1452;1241;1058;841;983;866;1038;1078;1209;1302;1280;1189;960;765;677;528;448;498;617;868;955;925;980;816;876;619;596;381;400;378;495;389;517;677;376;406;87;6;-217;-230;-328;-455;-569;-744;-738;-788;-646;-651;-639;-649;-708;-599;-569;-674;-519;-727;-635;-626;-589;-733;-635;-671;-653;-729;-715;-691;-550;-721;-713;-673;-769;-713;-702;-799;-680;-619;-651;-584;-581;-617;-620;-560;-401;-585;-586;-564;-585;-646;-591;-489;-625;-417;-509;-620;-594;-585;-535;-487;-478;-360;-419;-432;-295;-491;-422;-314;-413;-341;-161;-406;-376;-308;-294;-290;-362;-443;-290;-202;-269;-287;-137;-250;-208;-272;-125;-296;-213;-191;-188;-285;-262;-291;-154;-223;-176;-201;-205;-271;-276;-201;-265;-268;-234;-198;-184;-305;-267;-232;-296;-378;-361;-212;-484;-272;
208;318;-49;40;-30;-49;-2;-158;-43;150;-174;-67;13;-15;150;-210;-120;-182;-102;-164;-90;-70;-190;-257;-158;-194;-313;-195;-291;-389;-175;-348;-453;-204;-208;-217;-187;-349;-344;-295;-285;-377;-289;-382;-337;-301;-506;-420;-430;-544;-450;-430;-475;-368;-429;-367;-459;-371;-348;-443;-258;-408;-617;-312;-293;-486;-315;-370;-465;-444;-270;-494;-370;-494;-501;-462;-469;-475;-578;-494;-521;-417;-411;-551;-319;-501;-485;-598;-498;-489;-540;-410;-346;-471;-543;-515;-546;-287;-558;-474;-500;-327;-371;-290;-377;-150;-233;60;144;37;186;154;298;543;781;964;1128;1226;1429;1236;1181;999;1327;1495;1615;1757;1995;2155;2373;2514;2828;2757;3156;3343;3579;3679;4082;4328;4268;4257;4147;3613;3179;2827;2359;1987;1605;1416;1192;1065;1104;1056;982;1004;1097;1000;1026;1259;1461;1511;1663;1903;1864;1880;1764;1632;1553;1412;1195;1040;1020;989;1124;1109;1335;1390;1327;1321;1087;913;736;708;518;717;692;800;971;1038;1023;1020;996;887;801;614;452;481;542;651;697;669;520;606;399;218;-10;-47;-228;-330;-498;-390;-544;-545;-649;-583;-560;-488;-470;-305;-378;-448;-474;-449;-443;-572;-501;-452;-731;-623;-520;-500;-419;-628;-590;-554;-447;-501;-472;-399;-640;-539;-554;-435;-364;-519;-488;-395;-426;-453;-358;-447;-453;-458;-390;-511;-324;-380;-432;-362;-401;-347;-425;-420;-434;-229;-268;-328;-310;-326;-205;-46;-347;-293;-363;-317;-164;-198;-151;-166;-186;-187;-123;-98;-183;10;-129;-55;-70;70;-151;34;111;-51;-16;-22;8;-55;18;-74;-44;-52;19;-139;-94;-110;-87;-50;-74;-181;-206;-128;-188;-116;-318;-183;-130;-128;-287;-133;-175;-259;
-26;-326;-24;-52;-180;-49;-64;-98;172;-29;-19;-175;-142;-204;-165;-292;-177;-368;-253;-291;-321;-204;-277;-349;-411;-466;-367;-443;-268;-361;-400;-275;-376;-518;-383;-444;-343;-430;-442;-378;-422;-539;-512;-606;-422;-379;-551;-533;-453;-422;-584;-604;-526;-407;-371;-432;-468;-456;-391;-628;-407;-476;-496;-396;-720;-501;-416;-505;-526;-457;-500;-464;-582;-598;-527;-676;-588;-607;-658;-640;-580;-678;-434;-574;-563;-636;-750;-573;-678;-569;-661;-612;-682;-636;-674;-600;-590;-528;-484;-557;-694;-592;-520;-509;-527;-364;-396;-64;-93;25;60;99;288;349;585;756;987;1018;1095;1073;1239;1009;1233;1406;1481;1695;1930;2232;2216;2312;2609;2740;2987;3021;3416;3661;3910;4085;4143;4092;3896;3543;3048;2584;2110;1921;1537;1208;1015;879;1029;750;1014;992;797;900;908;1111;999;1410;1474;1558;1702;1663;1602;1573;1212;972;942;964;714;879;960;1101;1135;1091;1238;1026;928;667;701;486;327;466;462;673;785;1013;991;903;647;717;439;398;491;374;520;483;534;665;328;443;310;16;-123;-290;-340;-540;-552;-622;-744;-678;-720;-701;-678;-680;-638;-633;-679;-537;-511;-440;-742;-553;-561;-572;-654;-667;-641;-745;-660;-601;-570;-594;-641;-615;-763;-723;-709;-692;-664;-594;-616;-558;-694;-587;-582;-660;-612;-564;-573;-555;-558;-643;-641;-549;-530;-426;-419;-440;-588;-494;-453;-474;-379;-402;-350;-436;-394;-347;-308;-277;-412;-477;-424;-463;-256;-454;-314;-267;-115;-150;-209;-286;-199;-207;-308;-137;-148;-98;-246;-212;-156;-234;-134;-298;-141;-186;-100;-310;-149;-83;-130;-278;-345;-230;-278;-107;-282;-154;-378;-260;-405;-338;-350;-357;-387;-297;-315;-398;
131;55;131;-233;-14;-55;-84;153;14;193;-81;-25;-33;25;-119;-246;-192;145;-266;-114;-259;-138;-241;-229;-256;-234;-106;-244;-341;-246;-222;-251;-460;-281;-257;-391;-402;-300;-377;-385;-448;-441;-397;-451;-399;-534;-395;-516;-420;-511;-302;-502;-339;-547;-313;-373;-415;-492;-372;-472;-562;-392;-459;-430;-324;-363;-366;-417;-445;-395;-493;-421;-548;-479;-582;-438;-489;-504;-446;-487;-468;-479;-575;-545;-489;-409;-608;-555;-443;-540;-578;-572;-516;-616;-540;-634;-566;-563;-631;-579;-650;-424;-392;-550;-394;-186;-153;-202;-63;6;31;138;281;394;517;801;1004;1181;1260;1238;1171;1262;1194;1280;1497;1743;2019;2040;2345;2495;2595;2792;2979;3204;3350;3740;3962;4015;4145;4036;3825;3307;2994;2478;2047;1721;1301;1220;997;945;998;991;725;915;808;895;914;982;1075;1249;1479;1502;1737;1584;1474;1363;1149;1135;956;765;847;790;848;1025;1087;1266;1089;1114;1044;808;625;604;463;498;644;675;858;874;886;834;781;758;550;338;321;460;498;584;688;572;495;353;300;125;-60;-231;-183;-484;-600;-521;-743;-699;-798;-588;-507;-618;-548;-550;-525;-531;-539;-393;-527;-592;-684;-647;-635;-540;-640;-626;-522;-599;-606;-676;-684;-612;-532;-587;-637;-639;-676;-548;-489;-534;-599;-543;-585;-621;-527;-441;-383;-543;-652;-486;-484;-436;-441;-372;-454;-507;-326;-407;-439;-455;-380;-426;-406;-427;-256;-413;-464;-392;-329;-392;-304;-240;-219;-317;-168;-190;-216;-100;-57;-212;-239;-240;-164;-192;-197;-139;-68;-178;70;-193;-118;-137;-81;-36;-270;-153;-61;-261;-173;-244;-218;-289;-232;-119;-170;-110;-105;-171;-290;-326;-351;-293;-178;-251;-428;-345;
173;145;224;-204;61;48;14;16;234;119;-19;-61;-209;110;-85;-57;-114;-172;267;-129;-118;-276;59;-317;-269;-278;-207;-273;-326;-345;-228;-204;-284;-465;-408;-385;-336;-399;-341;-274;-334;-259;-373;-279;-320;-337;-373;-380;-390;-435;-462;-354;-335;-372;-415;-400;-354;-347;-301;-363;-331;-400;-364;-571;-479;-293;-396;-370;-424;-407;-505;-479;-449;-475;-365;-552;-396;-431;-500;-599;-580;-514;-487;-558;-480;-523;-650;-418;-537;-549;-543;-473;-497;-666;-423;-490;-500;-402;-547;-582;-541;-359;-419;-349;-292;-167;-371;16;17;112;115;168;260;531;570;941;1071;1252;1101;1230;1214;1151;1493;1404;1589;1744;2043;2182;2272;2423;2646;2785;3075;3292;3485;3718;3847;4057;4082;3969;3828;3444;2749;2485;2043;1667;1436;1108;935;924;847;888;809;867;797;723;741;899;1087;1068;1234;1534;1679;1508;1491;1359;1143;972;975;813;675;721;866;958;1061;1053;1199;1005;851;693;475;466;431;456;617;756;958;827;995;912;714;761;468;597;383;482;627;579;688;627;589;518;243;237;101;-155;-298;-442;-646;-495;-581;-604;-570;-562;-631;-532;-565;-489;-352;-456;-594;-641;-507;-429;-496;-511;-535;-526;-656;-437;-475;-576;-602;-545;-462;-615;-553;-533;-515;-519;-596;-410;-475;-461;-503;-525;-565;-533;-505;-403;-365;-563;-426;-468;-505;-404;-389;-301;-241;-432;-338;-480;-306;-427;-428;-503;-356;-351;-219;-216;-221;-257;-360;-333;-221;-176;-46;-136;-213;-264;-241;-271;-145;-149;-94;38;-176;-234;-42;-55;-96;-51;-39;-115;-38;-188;-28;-89;-127;-4;-54;-2;-144;-152;-49;-70;-143;-40;-97;-258;-298;-220;-250;-251;-210;-76;-232;-97;-288;-291;
-264;-178;-76;-156;-171;-195;-143;-73;-132;-100;-56;-118;-89;-79;-230;-246;-169;-246;-246;-200;-317;-175;-340;-414;-413;-325;-259;-406;-349;-399;-404;-304;-556;-366;131;-648;-399;-418;-466;-404;-405;-384;-438;-494;-463;-597;-450;-525;-491;-426;-425;-599;-350;-499;-459;-479;-544;-501;-551;-611;-557;-467;-571;-496;-494;-508;-506;-433;-553;-506;-476;-470;-492;-574;-609;-616;-540;-611;-495;-630;-584;-552;-671;-594;-502;-596;-628;-538;-518;-689;-592;-460;-593;-603;-694;-726;-548;-623;-636;-683;-606;-641;-563;-445;-439;-291;-332;-156;-150;-95;121;6;111;173;419;624;760;1068;1200;1240;1184;1140;1071;1266;1564;1683;1725;1989;2246;2295;2385;2587;2835;3008;3243;3516;3649;3852;3801;3899;3523;3085;2664;2352;1959;1422;1268;897;1044;876;774;958;677;680;634;670;690;593;909;1021;1235;1313;1197;1322;1174;1085;977;758;660;664;608;515;758;847;946;962;967;901;569;576;391;378;457;354;412;771;683;870;848;720;608;706;421;297;229;339;386;454;534;653;444;486;214;76;-278;-241;-403;-329;-616;-525;-736;-556;-829;-675;-572;-625;-618;-557;-553;-713;-706;-507;-647;-618;-676;-570;-622;-637;-788;-613;-706;-547;-569;-670;-536;-717;-725;-761;-692;-599;-648;-664;-653;-631;-611;-590;-686;-559;-593;-652;-620;-630;-549;-515;-559;-665;-464;-566;-362;-498;-525;-573;-463;-463;-489;-361;-345;-296;-398;-222;-446;-352;-391;-322;-290;-275;-233;-275;-122;-255;-136;-273;-228;-248;-147;-164;-35;-146;-195;-104;-157;-83;-293;-141;-238;-331;-118;-231;-168;-239;-155;-189;-183;-254;-233;-304;-231;-169;-139;-218;-202;-307;-345;-166;-219;-313;-207;-373;-241;-340;
-160;-272;-146;-185;-130;-69;-116;-41;-175;-135;-76;-89;-76;-104;-210;-160;-195;-356;-224;-133;-248;-358;-439;-310;-491;-463;-348;-373;-514;-422;-446;-530;-458;-459;-438;-488;-530;-499;-555;-573;-472;-513;-495;-464;-588;-426;-500;-575;-667;-646;-577;-554;-522;-545;-552;-641;-563;-580;-452;-563;-595;-655;-619;-634;-492;-640;-574;-567;-559;-573;-625;-585;-676;-526;-725;-672;-643;-706;-673;-718;-639;-565;-458;-600;-701;-640;-697;-792;-609;-723;-808;-606;-741;-704;-731;-689;-627;-727;-698;-639;-648;-618;-550;-633;-488;-400;-329;-185;-152;-50;-95;-14;129;304;496;733;975;918;1098;1260;1248;1204;1188;1270;1402;1586;1702;1919;2050;2241;2301;2416;2673;2816;2961;3213;3537;3660;3696;3577;3412;2982;2482;2127;1742;1428;1085;957;776;758;719;569;599;523;415;509;509;483;724;856;1071;1298;1057;1031;1202;924;865;767;639;536;526;556;668;772;777;885;854;721;637;487;353;342;205;364;372;521;715;652;758;678;401;334;324;139;250;312;385;389;443;399;361;330;227;-33;-167;-388;-490;-667;-607;-735;-658;-686;-666;-755;-801;-739;-754;-591;-687;-625;-714;-679;-759;-687;-834;-747;-647;-670;-752;-698;-561;-747;-734;-741;-755;-657;-750;-743;-662;-656;-690;-633;-531;-731;-623;-567;-725;-620;-675;-475;-621;-704;-629;-467;-559;-597;-501;-624;-529;-458;-487;-504;-394;-506;-570;-490;-548;-472;-501;-391;-343;-234;-362;-295;-370;-264;-359;-277;-371;-374;-344;-228;-329;-225;-342;-63;-247;-240;-295;-281;-82;-235;-293;-71;-266;-287;-317;-330;-144;-214;-210;-253;-264;-152;-282;-350;-343;-128;-407;-184;-284;-305;-220;-282;-444;-391;-288;-353;-297;-350;
-248;-244;-174;-160;-111;-63;-238;-58;-98;-158;-267;-206;-314;-268;-221;-157;32;-66;-264;-222;-507;8;-363;-356;-505;-541;-417;-539;-372;-475;-535;-473;-491;-518;-563;-541;-647;-497;-477;-531;-557;-580;-522;-538;-564;-636;-606;-676;-665;-640;-637;-595;-582;-621;-564;-593;-482;-553;-614;-581;-649;-611;-612;-596;-615;-603;-576;-646;-625;-691;-694;-782;-748;-676;-722;-793;-744;-637;-666;-703;-721;-716;-640;-724;-731;-700;-654;-772;-770;-752;-590;-835;-757;-756;-744;-772;-805;-751;-684;-829;-788;-667;-640;-576;-471;-449;-398;-315;-295;-138;-215;40;68;211;454;763;773;848;969;1078;1060;1048;1127;1247;1365;1508;1637;1710;2013;2011;2172;2353;2481;2805;2976;3027;3412;3537;3445;3436;3179;2901;2368;2094;1563;1305;1028;621;638;578;666;428;397;394;414;408;383;609;617;800;968;1102;982;1199;1096;965;598;555;331;386;493;470;474;585;679;815;780;742;541;360;176;234;265;243;308;396;619;609;571;509;547;314;219;229;35;138;314;266;436;443;395;184;63;-58;-283;-180;-537;-377;-661;-713;-766;-818;-817;-749;-793;-724;-642;-734;-644;-681;-676;-632;-583;-608;-823;-717;-935;-759;-701;-800;-806;-807;-678;-797;-815;-766;-674;-733;-614;-776;-733;-622;-749;-671;-726;-778;-699;-630;-732;-691;-662;-589;-657;-570;-586;-622;-567;-641;-688;-501;-508;-563;-644;-559;-586;-628;-484;-526;-425;-427;-402;-384;-382;-302;-417;-465;-300;-251;-395;-309;-406;-239;-384;-273;-298;-295;-268;-206;-303;-363;-229;-407;-177;-393;-227;-176;-298;-347;-239;-286;-305;-335;-244;-268;-386;-301;-406;-293;-319;-438;-363;-228;-455;-443;-339;-445;-408;-349;-452;-409;
-185;-105;-107;-29;-87;-260;-84;-66;-210;-209;-191;-135;-143;-260;-205;-293;-167;-213;58;-295;-536;-354;-338;-499;-518;-631;-527;-492;-476;-446;-553;-413;-473;-620;-585;-482;-536;-490;-576;-388;-478;-459;-476;-509;-678;-435;-575;-634;-693;-659;-503;-657;-658;-488;-593;-700;-632;-591;-601;-546;-551;-567;-681;-764;-647;-594;-749;-645;-705;-683;-670;-684;-543;-733;-796;-586;-487;-562;-684;-726;-725;-751;-679;-724;-531;-710;-759;-742;-727;-802;-724;-732;-707;-824;-847;-748;-766;-677;-783;-705;-738;-601;-761;-626;-513;-385;-332;-238;-186;-189;-162;18;117;338;544;515;919;1032;1039;1103;1041;1109;1164;1276;1421;1323;1660;1811;1909;2076;2184;2476;2546;2768;2864;3071;3350;3509;3567;3476;3142;2815;2292;1967;1507;1216;1103;777;727;523;589;643;583;528;525;552;447;519;685;807;1036;1088;1270;1259;1097;967;812;636;592;419;417;509;655;831;808;834;643;690;505;406;283;227;224;336;373;534;722;662;723;509;487;440;305;213;82;68;299;428;409;425;399;271;228;81;-204;-312;-344;-479;-583;-593;-684;-522;-652;-814;-746;-651;-593;-676;-535;-545;-686;-695;-695;-634;-732;-643;-669;-678;-727;-688;-715;-601;-679;-641;-702;-796;-742;-640;-678;-584;-749;-638;-722;-608;-631;-531;-713;-654;-606;-730;-528;-631;-623;-489;-580;-455;-602;-368;-525;-416;-344;-483;-381;-576;-514;-540;-452;-348;-460;-282;-411;-278;-339;-377;-305;-359;-356;-380;-310;-283;-248;-213;-154;-275;-236;-328;-262;-183;-235;-182;-170;-228;-184;-150;-174;-100;-229;-120;-181;-144;-139;-129;-127;-191;-208;-353;-256;-278;-170;-135;-167;-321;-345;-233;-217;-366;-471;-397;-383;-313;
-66;71;-9;-144;-75;-94;-135;-151;-76;18;-148;-88;-140;-127;-196;-267;-169;-170;-194;-136;-232;-171;-117;-253;-179;-63;-275;-242;-369;-141;-273;-319;-409;-417;-478;-514;-347;-458;-478;-459;-603;-381;-408;-423;-503;-537;-466;-374;-603;-622;-636;-414;-542;-556;-629;-551;-569;-504;-469;-514;-526;-517;-576;-722;-446;-474;-524;-477;-471;-617;-554;-464;-578;-571;-563;-610;-536;-555;-567;-564;-579;-605;-569;-658;-583;-691;-619;-634;-666;-651;-637;-646;-668;-667;-511;-556;-624;-647;-623;-677;-726;-581;-609;-589;-493;-415;-357;-262;-12;-134;-30;94;198;337;630;759;978;1036;1008;1041;1154;1160;1163;1289;1349;1652;1778;1959;1890;2092;2161;2326;2506;2810;3091;3180;3570;3611;3542;3567;3348;2855;2435;1922;1624;1426;969;930;821;779;578;509;569;507;496;558;650;588;841;726;1109;1106;1233;1076;1225;1040;920;755;727;569;523;518;647;590;801;861;849;718;593;524;563;291;300;304;455;631;644;720;760;633;511;392;427;241;180;141;268;346;591;406;499;285;263;55;-24;-91;-336;-315;-489;-364;-464;-602;-456;-519;-523;-484;-449;-586;-539;-510;-443;-516;-638;-521;-660;-619;-538;-526;-576;-589;-545;-647;-625;-597;-539;-687;-555;-632;-530;-641;-632;-402;-433;-481;-476;-455;-441;-593;-577;-474;-568;-482;-482;-596;-490;-334;-348;-449;-465;-338;-222;-270;-263;-305;-355;-330;-398;-319;-236;-367;-209;-348;-320;-314;-208;-171;-262;-191;-187;-86;-231;-242;-222;-180;-89;-65;-196;-96;-83;-67;-36;-265;59;-40;36;-35;-129;-5;-181;52;-114;159;-171;-175;-87;-104;-102;-193;-176;-209;-265;-208;-132;-140;-212;-246;-337;-391;-304;-272;
76;-47;-46;-35;-74;-7;-38;-84;-65;0;22;-67;13;-64;26;56;-1;-82;-157;-55;-165;-151;-104;-90;-68;-215;-263;-226;-328;-253;-238;-123;-263;-273;-154;-136;-291;-375;-215;-176;-300;-449;-398;-527;-467;-418;-366;-443;-429;-501;-433;-323;-372;-461;-386;-331;-400;-483;-466;-410;-566;-473;-437;-573;-533;-620;-585;-496;-577;-467;-418;-463;-507;-460;-498;-479;-524;-642;-617;-540;-488;-465;-511;-552;-664;-648;-629;-550;-485;-383;-618;-543;-606;-501;-603;-598;-778;-557;-521;-588;-608;-603;-578;-506;-444;-317;-377;-172;-166;-60;-55;187;219;425;584;783;958;1089;1076;1172;1132;1244;1140;1413;1480;1691;1830;2071;2066;2212;2423;2291;2495;2654;2829;3133;3578;3633;3566;3485;3263;2899;2558;2080;1855;1430;1116;1066;904;817;804;695;670;491;640;571;636;720;833;1082;1125;1122;1253;1197;1221;937;866;758;514;614;453;554;772;821;963;987;877;681;582;496;399;341;315;351;536;593;681;892;770;634;588;453;237;332;313;244;232;362;404;416;456;277;217;67;-38;-106;-279;-395;-575;-464;-532;-422;-653;-585;-572;-604;-552;-477;-503;-536;-588;-551;-483;-597;-571;-393;-421;-421;-425;-524;-583;-610;-535;-554;-552;-552;-512;-571;-619;-500;-581;-588;-437;-565;-483;-507;-351;-533;-482;-423;-532;-374;-369;-417;-511;-343;-364;-366;-408;-216;-283;-394;-439;-419;-327;-397;-402;-282;-350;-159;-289;-232;-211;-283;-174;-28;-228;-184;-72;-221;-133;-30;-26;-77;-54;-126;25;-104;-43;-53;-35;48;-74;42;55;56;-105;-77;67;41;-15;8;-75;-98;-79;-16;-115;-156;-217;-148;-129;-221;-73;-134;-242;-355;-324;-259;-192;-236;
-178;-176;-95;-284;-37;-194;-42;-142;-71;-11;-63;-183;-210;-62;-115;-70;-95;-97;-287;-182;-331;-143;-250;-187;-306;-296;-349;-408;-277;-362;-388;-423;-259;-314;-346;-287;-442;-353;-465;-471;-479;-476;-339;-519;-238;-208;-509;-348;-475;-587;-708;-519;-439;-628;-509;-574;-571;-613;-567;-555;-489;-533;-480;-557;-550;-633;-667;-605;-619;-646;-586;-673;-545;-636;-533;-720;-753;-635;-702;-725;-601;-612;-664;-535;-693;-757;-597;-630;-653;-717;-765;-771;-811;-540;-701;-691;-660;-513;-671;-622;-698;-712;-618;-516;-473;-504;-447;-345;-275;-209;1;-56;193;344;481;704;719;1097;1021;1015;909;1083;1098;1277;1328;1559;1697;1916;1976;1987;2186;2228;2449;2614;2927;3060;3426;3536;3438;3483;3186;2891;2270;1992;1478;1225;1052;956;740;758;653;694;593;464;467;549;550;571;714;906;1053;1099;1290;1117;1119;873;829;793;506;496;292;487;568;700;713;796;823;584;525;343;231;243;133;351;346;356;650;675;743;579;540;349;337;199;161;261;285;389;417;340;335;210;127;-1;-262;-386;-372;-420;-537;-744;-622;-670;-621;-598;-571;-647;-626;-539;-742;-556;-541;-578;-491;-736;-522;-704;-680;-638;-582;-700;-711;-634;-679;-572;-569;-532;-596;-694;-513;-588;-671;-696;-553;-533;-542;-442;-554;-515;-623;-541;-473;-546;-593;-594;-346;-464;-647;-480;-535;-369;-402;-430;-462;-341;-399;-371;-304;-335;-283;-348;-388;-324;-352;-305;-390;-248;-278;-84;-126;-162;-147;-293;-210;-229;-221;-285;-176;-134;-149;-59;-154;-112;-122;-140;-88;-168;-69;-193;-29;-119;-224;-110;-260;-189;-291;-203;-138;-308;-173;-139;-242;-138;-326;-413;-252;-315;-266;-364;-296;-320;
-199;-119;-122;-148;-237;-49;-326;-144;-227;-186;-223;-145;-170;-149;-352;-264;-371;-357;-214;-284;-430;-317;-274;-312;-474;-372;-392;-412;-310;-433;-374;-490;-507;-520;-515;-514;-382;-455;-587;-471;-462;-524;-525;-503;-379;-686;-767;-542;-655;-535;-436;-698;-582;-522;-738;-761;-854;-698;-661;-588;-706;-674;-667;-653;-738;-626;-623;-752;-667;-667;-661;-743;-723;-632;-557;-777;-718;-678;-707;-687;-706;-840;-829;-853;-803;-758;-713;-772;-797;-797;-943;-945;-776;-962;-884;-859;-790;-599;-755;-837;-745;-787;-777;-707;-651;-451;-467;-425;-374;-321;-115;-93;6;219;436;452;823;589;829;915;958;949;932;1168;1286;1490;1650;1816;1918;2081;2089;2126;2488;2514;2819;2954;3170;3441;3364;3304;3161;2906;2348;1945;1534;1275;1017;911;720;610;485;584;479;465;415;494;467;569;588;919;870;1096;1077;1070;1043;879;578;563;429;350;253;392;484;645;710;840;576;639;412;150;173;91;129;245;298;440;511;595;591;582;203;210;119;138;12;-3;174;226;373;355;258;120;122;-113;-375;-505;-469;-569;-572;-740;-612;-698;-717;-742;-750;-543;-591;-747;-526;-658;-843;-566;-732;-638;-581;-509;-545;-662;-723;-666;-748;-706;-843;-792;-768;-753;-642;-711;-609;-696;-692;-635;-673;-694;-744;-708;-603;-685;-605;-601;-539;-621;-592;-533;-543;-589;-614;-607;-572;-511;-534;-545;-539;-531;-426;-511;-454;-378;-409;-367;-483;-309;-306;-293;-390;-199;-302;-303;-206;-203;-280;-290;-242;-260;-224;-77;-121;-344;-143;-148;-120;-325;-247;-266;-317;-226;-344;-158;-262;-311;-226;-333;-357;-301;-272;-286;-325;-269;-291;-251;-369;-346;-336;-421;-345;-333;-481;-518;-563;-363;
-87;59;-14;-139;22;-166;-45;-71;-193;-16;112;-146;-31;-144;-86;-37;-35;-132;-133;-186;-227;-157;-214;-272;-247;-330;-254;-319;-223;-222;-344;-309;-322;-372;-337;-390;-357;-300;-395;-380;-374;-322;-494;-423;-506;-426;-502;-527;-364;-491;-453;-456;-473;-436;-305;-308;-308;-502;-381;-426;-604;-507;-606;-518;-534;-575;-735;-537;-566;-516;-611;-677;-560;-615;-444;-709;-657;-620;-482;-671;-715;-564;-524;-706;-482;-643;-651;-614;-614;-645;-699;-572;-690;-664;-680;-600;-661;-760;-629;-558;-765;-668;-600;-650;-382;-341;-375;-120;-184;-127;-135;86;83;345;562;663;914;884;986;1022;985;1053;1036;1244;1443;1657;1711;1917;2050;2164;2264;2411;2483;2526;2965;3133;3325;3505;3499;3405;3122;2969;2541;2140;1798;1409;1087;967;915;722;823;727;715;709;622;647;661;721;886;1026;1318;1208;1237;1310;1216;1065;957;729;548;452;635;502;652;734;659;699;742;636;549;419;263;330;98;376;567;450;581;768;609;573;545;417;256;211;164;301;368;441;644;353;435;420;193;54;30;-203;-298;-490;-498;-578;-558;-576;-654;-433;-402;-519;-316;-487;-422;-429;-400;-514;-503;-445;-630;-608;-685;-586;-593;-712;-597;-569;-557;-506;-596;-551;-469;-589;-540;-642;-515;-399;-542;-503;-541;-482;-481;-571;-514;-386;-388;-528;-384;-526;-412;-316;-341;-403;-363;-275;-272;-381;-334;-254;-323;-188;-173;-236;-295;-164;-132;-275;-182;-191;-112;-103;-185;-146;-85;-186;-220;-191;-102;-109;-120;-31;-41;-27;-51;104;102;52;-202;-14;-80;27;-26;-106;-21;72;-88;-132;-93;-59;-124;-150;-141;-88;-80;-159;-218;-104;-178;-332;-138;-239;-177;-322;-446;-276;
-168;-100;-22;-90;-20;-289;-171;-228;-104;-148;-107;-108;-122;-136;-96;-37;-270;-194;-122;-230;-251;-312;-320;-437;-295;-387;-389;-312;-408;-458;-445;-403;-536;-434;-342;-450;-466;-446;-374;-502;-422;-531;-445;-606;-504;-500;-508;-588;-517;-402;-390;-467;-662;-685;-518;-610;-508;-763;-838;-550;-497;-741;-271;-502;-644;-585;-804;-632;-718;-657;-661;-721;-664;-598;-846;-707;-531;-692;-609;-668;-581;-766;-776;-720;-786;-722;-746;-773;-773;-816;-775;-687;-623;-727;-825;-688;-746;-771;-740;-790;-761;-752;-752;-691;-618;-499;-506;-317;-208;-282;-9;-79;95;309;434;643;763;847;858;1026;977;1010;1079;1231;1444;1533;1662;1880;1937;2113;2390;2269;2343;2523;2780;3087;3354;3461;3541;3460;3163;2851;2540;1973;1811;1312;1024;905;769;670;529;591;406;484;629;579;429;682;692;892;1060;1205;1151;1210;1162;903;848;414;399;371;314;369;515;554;731;623;732;610;453;310;42;69;223;335;400;490;706;684;616;551;429;380;336;172;257;217;244;415;377;540;411;147;20;-90;-109;-285;-394;-297;-633;-621;-548;-693;-619;-698;-684;-592;-556;-590;-525;-560;-712;-695;-752;-650;-598;-635;-630;-767;-632;-643;-730;-830;-690;-580;-653;-589;-621;-610;-479;-759;-648;-621;-664;-578;-611;-555;-590;-501;-500;-456;-600;-486;-589;-508;-509;-472;-386;-450;-480;-584;-372;-444;-502;-489;-299;-386;-405;-339;-406;-418;-327;-339;-250;-303;-318;-305;-142;-174;-177;-231;-127;-40;-205;-210;-85;-28;-97;-123;-65;-106;-237;-163;-88;-146;-100;-193;-62;-181;-176;-278;-243;-213;-149;-224;-208;-143;-187;-310;-318;-293;-112;-307;-218;-419;-275;-342;-387;-456;-329;-392;
-224;-46;-13;-162;-214;-20;-220;-92;-205;-48;-71;-221;-62;-229;-21;-204;-322;-198;-296;-404;-369;-298;-314;-403;-392;-366;-333;-309;-359;-353;-249;-397;-372;-535;-375;-526;-370;-588;-355;-627;-477;-473;-692;-437;-563;-625;-656;-623;-584;-614;-578;-511;-637;-630;-547;-597;-628;-536;-585;-677;-813;-627;-555;-743;-631;-511;-551;-597;-664;-668;-728;-840;-812;-723;-704;-746;-763;-759;-759;-782;-675;-820;-745;-830;-682;-849;-712;-828;-795;-759;-848;-879;-813;-874;-967;-805;-673;-693;-854;-763;-821;-858;-810;-705;-753;-550;-352;-376;-386;-339;-40;-119;31;206;493;574;752;905;760;945;964;967;1159;1149;1412;1562;1620;1710;2089;2114;2175;2159;2406;2444;2721;3009;3192;3471;3610;3358;2972;2938;2445;1923;1638;1232;1030;766;660;655;579;522;533;421;484;537;494;612;709;843;1138;1136;1158;1104;919;791;764;523;454;364;190;376;373;719;545;619;601;597;389;294;241;118;248;346;251;681;574;633;673;537;698;407;241;117;63;115;338;508;440;382;317;172;20;-92;-132;-285;-426;-542;-642;-730;-555;-746;-713;-627;-686;-434;-589;-550;-577;-610;-550;-701;-664;-649;-615;-592;-659;-677;-562;-736;-584;-609;-558;-601;-498;-570;-581;-707;-743;-668;-592;-620;-607;-602;-682;-569;-525;-632;-497;-566;-555;-569;-641;-604;-509;-661;-505;-503;-445;-344;-460;-449;-408;-483;-560;-320;-419;-501;-404;-349;-424;-218;-291;-264;-285;-117;-306;-193;-227;-120;-154;-173;-147;-160;-166;-152;-95;-131;-175;-100;-126;-43;-328;-148;-191;-100;-71;-168;-180;-174;-69;-229;-317;-242;-124;-360;-74;-229;-275;-188;-198;-322;-399;-283;-284;-405;-272;-529;-283;-422;
-276;-394;-305;-392;-323;-291;-219;-322;-363;-236;-268;-369;-383;-462;-239;-299;-432;-418;-356;-543;-445;-393;-500;-520;-425;-457;-565;-457;-424;-410;-551;-547;-559;-703;-530;-561;-613;-675;-665;-532;-554;-629;-610;-632;-597;-683;-770;-684;-668;-619;-599;-718;-709;-749;-685;-787;-712;-761;-677;-725;-775;-701;-856;-779;-742;-729;-656;-864;-799;-808;-696;-916;-517;-892;-956;-906;-918;-893;-930;-855;-939;-930;-1072;-866;-818;-901;-968;-900;-878;-876;-853;-985;-917;-956;-974;-867;-850;-1034;-875;-1030;-927;-997;-880;-747;-649;-753;-537;-549;-475;-350;-358;-192;-207;20;241;334;573;642;715;753;777;783;945;1266;1278;1508;1575;1643;1959;2109;1982;2211;2292;2452;2626;2872;3087;3152;3348;3346;2963;2576;2275;1739;1246;1143;838;669;474;480;535;285;349;439;265;237;439;453;452;728;776;1026;1005;939;777;814;616;426;257;217;209;210;432;317;438;529;423;269;275;317;39;146;-106;228;301;514;568;623;544;486;417;367;146;163;165;138;159;210;192;251;299;310;4;-123;-263;-451;-522;-546;-678;-607;-780;-770;-826;-713;-641;-620;-608;-610;-667;-609;-700;-732;-664;-744;-691;-769;-746;-661;-739;-736;-609;-833;-853;-755;-782;-741;-741;-767;-667;-723;-776;-675;-688;-708;-807;-755;-684;-794;-644;-670;-632;-575;-756;-664;-757;-607;-519;-526;-505;-573;-490;-488;-458;-500;-543;-511;-568;-462;-406;-356;-286;-298;-389;-325;-159;-384;-383;-162;-296;-203;-283;-220;-302;-325;-120;-306;-208;-263;-255;-88;-228;-203;-323;-122;-254;-208;-139;-141;-241;-219;-260;-134;-356;-154;-267;-319;-375;-280;-527;-380;-368;-426;-297;-376;-412;-425;-554;-560;-618;-612;
-104;29;-55;-117;-143;-66;-82;-60;-75;-201;-144;-317;-157;-195;-218;-246;-255;-314;-275;-275;-345;-203;-325;-281;-348;-281;-414;-342;-353;-407;-410;-514;-460;-573;-417;-597;-561;-434;-295;-276;-419;-367;-442;-586;-636;-487;-655;-519;-489;-594;-542;-488;-492;-419;-643;-659;-746;-635;-658;-577;-751;-652;-554;-550;-610;-541;-657;-638;-584;-620;-632;-762;-715;-653;-647;-503;-592;-587;-843;-804;-958;-814;-817;-719;-781;-793;-743;-844;-853;-811;-796;-767;-1056;-953;-953;-867;-728;-757;-861;-777;-892;-745;-761;-795;-602;-440;-397;-618;-384;-362;-175;-222;-110;228;453;438;654;838;863;893;964;962;1182;1251;1450;1692;1724;1855;2035;2138;2150;2252;2461;2559;2898;3049;3184;3400;3469;3254;2970;2727;2191;1828;1431;1238;881;714;588;636;556;540;387;404;477;376;436;525;807;777;1001;1143;1085;963;990;827;758;371;202;305;177;370;410;640;640;751;756;707;476;368;322;296;105;361;402;631;664;685;726;655;511;381;275;350;180;279;336;548;490;505;480;285;190;16;-201;-325;-486;-306;-572;-542;-609;-632;-475;-556;-620;-730;-528;-506;-569;-529;-548;-544;-633;-396;-643;-605;-568;-623;-620;-579;-654;-559;-594;-627;-553;-695;-624;-486;-542;-561;-738;-619;-628;-522;-350;-490;-513;-455;-372;-564;-486;-571;-475;-426;-420;-523;-326;-395;-374;-373;-344;-392;-340;-353;-219;-328;-383;-158;-337;-209;-196;-211;-356;-194;-111;-105;-169;23;-178;-157;-74;-254;-144;-45;-49;-28;100;18;-66;50;-127;-112;-68;-46;13;78;-63;-18;4;-80;-164;-32;-120;-263;-150;-142;-207;-88;-99;-135;-208;-92;-292;-251;-299;-301;-329;-288;-275;-442;
-130;-98;152;-50;-133;-115;-76;-203;-191;-105;-174;-149;-37;-223;-248;-163;-22;-201;-210;-128;-234;-240;-149;-225;-223;-253;-392;-266;-359;-239;-283;-404;-475;-313;-427;-389;-477;-371;-459;-638;-487;-406;-432;-543;-493;-501;-624;-504;-410;-534;-463;-537;-487;-523;-468;-579;-509;-685;-505;-559;-597;-454;-556;-593;-577;-669;-540;-667;-609;-601;-735;-540;-606;-677;-562;-603;-702;-676;-663;-729;-517;-876;-700;-728;-786;-765;-880;-960;-904;-795;-757;-714;-859;-805;-794;-754;-758;-709;-833;-680;-735;-733;-672;-657;-606;-568;-559;-301;-384;-360;-293;-131;88;238;454;671;753;875;889;937;1121;1018;1013;1351;1527;1594;1750;1936;2099;2051;2075;2171;2395;2561;2813;2928;3170;3295;3438;3338;2948;2623;2329;1730;1519;1209;824;662;555;529;404;343;267;482;226;256;468;556;637;862;982;1034;1131;1017;950;924;594;574;301;336;357;464;528;505;740;868;756;559;556;343;233;310;358;373;371;644;530;791;700;594;568;421;439;207;346;360;234;516;620;589;419;441;232;0;-34;-144;-295;-536;-529;-652;-559;-557;-592;-616;-442;-398;-420;-476;-391;-362;-562;-554;-594;-445;-574;-528;-408;-575;-592;-428;-567;-494;-537;-599;-621;-526;-433;-590;-614;-549;-380;-518;-513;-501;-561;-434;-411;-428;-392;-535;-406;-369;-387;-478;-449;-182;-275;-272;-361;-359;-321;-322;-541;-312;-301;-342;-269;-275;-209;-392;-41;-336;-172;-160;-218;-43;-155;-65;-19;-73;-41;-75;-172;-11;-94;-42;-24;-22;-60;-103;-57;27;9;75;-19;71;-65;-99;-152;15;-63;-171;22;-54;-109;-59;-221;-311;-215;-192;-80;-142;-169;-250;-128;-167;-405;-307;-315;-318;
-36;-147;-115;-162;-149;-15;-93;-117;-157;-69;-154;-274;-222;-138;-216;-227;-172;-195;-375;-136;-266;-360;-273;-334;-373;-331;-412;-432;-445;-295;-363;-344;-353;-511;-409;-459;-390;-618;-484;-466;-575;-437;-459;-659;-552;-644;-558;-509;-592;-667;-498;-614;-519;-553;-436;-522;-525;-542;-681;-634;-661;-719;-650;-553;-696;-761;-704;-665;-713;-560;-687;-709;-680;-714;-735;-694;-553;-631;-642;-751;-612;-830;-785;-847;-712;-528;-922;-634;-812;-971;-1030;-928;-805;-959;-905;-774;-860;-817;-717;-893;-928;-932;-827;-810;-659;-546;-683;-502;-373;-447;-215;-42;129;253;375;675;693;890;830;904;854;905;1003;1162;1466;1458;1702;1826;2073;2053;2131;2056;2218;2321;2470;2746;3043;3204;3201;3027;2829;2461;2041;1706;1378;1094;773;695;533;442;370;383;395;278;350;460;368;489;502;830;983;1085;1046;867;871;595;536;498;282;210;191;207;440;532;647;624;503;495;493;464;279;93;382;350;426;471;721;688;624;593;595;301;311;242;125;313;332;365;463;487;395;381;173;-125;-283;-299;-560;-657;-527;-588;-648;-574;-603;-678;-566;-518;-597;-552;-614;-639;-604;-692;-648;-673;-525;-567;-681;-711;-606;-490;-612;-574;-583;-591;-599;-621;-596;-663;-661;-648;-518;-612;-645;-624;-610;-549;-608;-485;-482;-663;-517;-519;-474;-398;-474;-477;-403;-403;-474;-463;-450;-457;-335;-422;-453;-438;-257;-302;-295;-316;-178;-193;-234;-172;-371;-259;-240;-207;-99;-92;-86;-95;-197;-62;-46;-88;-121;-161;-307;1;-103;-119;-79;-101;-149;-228;-166;-110;-79;-153;-209;-205;-127;-160;-277;-101;-112;-178;-248;-334;-218;-243;-373;-293;-244;-213;-412;-378;-474;-471;
-162;-115;-153;-156;-97;-143;-281;-118;-195;-194;-121;-193;-176;-162;-288;-225;-226;-481;-337;-391;-468;-389;-374;-339;-449;-492;-504;-334;-461;-385;-327;-450;-485;-485;-522;-612;-512;-416;-492;-562;-502;-484;-618;-579;-598;-617;-543;-542;-620;-510;-593;-576;-483;-623;-755;-709;-655;-760;-748;-643;-564;-717;-696;-735;-759;-641;-586;-765;-704;-655;-639;-681;-754;-726;-741;-678;-783;-788;-769;-803;-749;-708;-784;-823;-825;-712;-870;-961;-904;-849;-716;-953;-870;-919;-1065;-1134;-1011;-988;-912;-825;-800;-990;-800;-928;-703;-634;-664;-555;-496;-434;-387;-212;43;118;448;449;599;724;848;770;804;939;946;1233;1249;1425;1604;1819;1806;1970;1941;2075;2227;2327;2565;2711;2985;3073;3107;3017;2774;2543;2052;1700;1273;940;725;454;337;313;321;154;238;308;178;199;236;448;605;828;877;1120;991;1104;850;645;625;425;387;351;323;339;382;543;552;679;613;543;431;287;259;116;274;258;286;473;673;607;595;619;510;354;236;248;274;236;544;383;375;430;495;242;221;70;-163;-375;-448;-419;-662;-631;-572;-666;-680;-627;-649;-653;-625;-676;-582;-735;-629;-550;-539;-647;-653;-565;-605;-665;-554;-552;-620;-599;-728;-603;-741;-738;-624;-692;-734;-592;-673;-632;-640;-685;-683;-609;-570;-545;-689;-591;-547;-403;-439;-538;-497;-456;-416;-424;-456;-423;-486;-356;-446;-363;-382;-375;-402;-358;-232;-159;-264;-299;-279;-251;-356;-249;-159;-93;-189;-256;-175;-182;-27;-28;-19;-49;-52;-182;-216;-133;-30;-136;-152;-79;-204;-165;-160;-91;-66;-103;-121;-84;-149;-194;-174;-187;-208;-247;-256;-305;-363;-273;-340;-446;-463;-475;-493;-409;-416;-589;
-182;-159;-181;-319;-264;-189;-204;-142;-238;-178;-301;-368;-341;-243;-255;-240;-252;-412;-373;-341;-327;-503;-370;-509;-428;-536;-466;-398;-503;-406;-552;-574;-595;-453;-557;-639;-572;-369;-580;-466;-615;-527;-535;-645;-600;-420;-613;-692;-607;-625;-694;-820;-787;-715;-646;-621;-711;-636;-763;-756;-693;-621;-724;-907;-659;-781;-720;-699;-726;-766;-814;-706;-830;-763;-651;-627;-721;-715;-888;-754;-666;-838;-828;-756;-866;-902;-906;-753;-956;-834;-884;-941;-1040;-930;-858;-714;-1087;-596;-895;-952;-1192;-1006;-962;-908;-882;-753;-652;-477;-544;-461;-342;-281;-76;227;396;586;691;644;719;702;808;970;1010;1095;1226;1512;1502;1705;1804;1819;1940;2065;1930;2153;2472;2742;2879;3011;3199;3056;2717;2572;2064;1675;1225;934;565;393;448;314;255;255;217;258;169;182;205;398;448;602;810;998;936;1047;955;638;649;428;293;153;237;254;324;571;611;517;539;498;380;357;161;201;122;267;428;438;544;727;624;487;370;245;160;194;22;228;332;311;399;389;382;196;146;-44;-239;-326;-574;-583;-646;-595;-629;-645;-724;-760;-651;-746;-675;-494;-688;-473;-562;-589;-754;-616;-658;-765;-630;-621;-684;-668;-725;-615;-778;-602;-662;-747;-673;-570;-707;-773;-635;-672;-594;-549;-668;-675;-441;-493;-631;-557;-669;-704;-492;-530;-457;-487;-432;-389;-330;-407;-459;-433;-349;-499;-449;-252;-319;-428;-257;-383;-294;-273;-239;-292;-145;-139;-182;-128;-87;-235;-168;-87;-132;-244;-24;-163;-105;-94;-107;-75;-77;-113;-142;-152;-74;-12;-140;-142;-182;-196;-194;-286;-88;-200;-316;-256;-185;-290;-226;-211;-58;-366;-406;-432;-296;-375;-472;-513;-356;-306;
-136;-80;-32;-66;-178;-170;-195;-166;33;-34;-136;-106;-230;-39;-211;-256;-265;-359;-312;-329;-241;-353;-370;-304;-297;-364;-368;-274;-365;-409;-373;-374;-423;-421;-503;-429;-625;-658;-567;-364;-429;-671;-461;-487;-614;-601;-584;-665;-553;-619;-594;-645;-686;-661;-605;-672;-569;-578;-602;-526;-706;-653;-704;-716;-705;-758;-750;-664;-723;-657;-696;-678;-719;-733;-689;-694;-712;-730;-861;-586;-791;-808;-723;-729;-681;-581;-718;-826;-842;-809;-712;-998;-973;-806;-868;-659;-933;-939;-813;-836;-565;-842;-567;-685;-817;-737;-736;-524;-483;-407;-179;-39;20;309;360;685;745;755;773;810;895;843;1003;1205;1190;1433;1608;1625;1766;1768;1757;1980;2124;2177;2407;2713;3207;3209;3280;3136;2842;2438;2117;1597;1304;974;757;549;466;382;456;258;327;212;217;16;260;463;624;608;766;1009;1118;1033;998;849;534;527;551;460;376;270;304;448;460;701;459;469;416;290;160;301;232;308;517;646;594;739;775;628;572;359;232;235;145;425;419;604;367;398;436;251;78;9;-28;-362;-395;-575;-560;-724;-572;-581;-602;-605;-655;-528;-513;-504;-617;-688;-460;-637;-397;-382;-543;-493;-561;-505;-610;-681;-787;-471;-598;-555;-621;-652;-738;-663;-598;-627;-548;-598;-604;-572;-553;-428;-474;-472;-418;-430;-462;-341;-387;-345;-452;-351;-372;-410;-226;-338;-424;-331;-296;-279;-453;-358;-217;-95;-194;-175;-300;-100;-93;-33;-198;-128;-124;-138;15;-101;-182;-44;-6;-41;-7;-48;-92;-26;-90;-59;-13;-60;5;-36;-154;-60;-195;-45;-98;6;-173;-59;-86;-11;-80;-78;-68;-363;-221;-213;-284;-219;-363;-288;-287;-298;-328;-291;-337;-457;
-184;-306;-229;-362;-141;-266;-334;-200;-270;-189;-291;-359;-326;-300;-421;-428;-498;-397;-354;-417;-487;-316;-422;-425;-414;-379;-520;-560;-468;-497;-580;-529;-721;-515;-783;-662;-740;-678;-685;-591;-687;-708;-627;-738;-738;-745;-782;-680;-703;-608;-759;-873;-704;-802;-834;-862;-773;-803;-775;-897;-787;-907;-868;-766;-801;-816;-824;-644;-960;-905;-746;-861;-941;-844;-773;-885;-967;-797;-918;-849;-816;-931;-883;-998;-911;-842;-881;-939;-949;-964;-927;-891;-1053;-970;-945;-926;-834;-943;-974;-935;-879;-998;-1140;-1011;-894;-694;-489;-881;-420;-532;-469;-415;-232;133;264;445;566;581;652;664;716;746;868;983;1144;1210;1381;1477;1611;1572;1613;1777;1909;2085;2494;2704;3048;3073;3133;2964;2830;2352;1908;1628;1276;1012;728;531;272;257;306;191;22;123;55;21;136;247;503;674;901;964;941;848;778;490;379;399;368;234;285;170;262;235;516;436;365;344;238;-40;56;27;129;154;238;371;510;581;472;359;312;143;121;-56;49;109;175;362;374;371;276;197;-10;-173;-358;-337;-555;-641;-692;-702;-771;-856;-835;-853;-834;-705;-703;-846;-786;-552;-743;-789;-707;-797;-831;-788;-661;-755;-824;-816;-708;-778;-869;-820;-737;-731;-660;-701;-753;-818;-811;-649;-697;-655;-681;-618;-539;-700;-577;-599;-617;-551;-613;-644;-696;-620;-658;-480;-466;-412;-368;-372;-470;-374;-537;-436;-427;-286;-288;-400;-225;-164;-349;-332;-310;-305;-277;-323;-230;-122;-200;-235;-242;-160;-138;-148;-263;-187;-48;-147;-38;-11;-87;-248;-226;-143;-149;-91;-82;-194;-324;-320;-154;-240;-358;-159;-255;-331;-322;-385;-475;-308;-196;-451;-367;-390;-549;-481;-600;-396;
-235;-184;-151;-240;-204;-221;-254;-253;-148;-94;-186;-309;-260;-386;-318;-389;-434;-327;-376;-266;-420;-394;-360;-431;-397;-393;-472;-406;-497;-392;-393;-399;-615;-313;-561;-522;-457;-764;-497;-697;-594;-643;-611;-621;-712;-665;-632;-707;-729;-721;-580;-658;-620;-612;-672;-681;-774;-740;-745;-711;-750;-715;-838;-603;-790;-737;-812;-747;-817;-759;-720;-748;-837;-792;-795;-837;-701;-785;-735;-894;-796;-744;-840;-744;-791;-815;-1019;-822;-931;-858;-857;-818;-823;-902;-782;-697;-966;-1057;-925;-834;-885;-820;-896;-1016;-751;-707;-616;-680;-522;-423;-518;-365;-109;171;506;538;799;889;688;878;796;933;868;1166;1126;1291;1678;1515;1711;1660;1815;1853;1938;2204;2493;2816;3050;3201;3249;3237;2912;2584;2075;1911;1415;1123;767;704;502;414;417;388;224;257;104;190;244;208;507;746;981;1043;1097;957;845;739;594;403;389;483;207;299;402;473;403;485;471;590;464;226;197;226;82;282;523;595;523;597;559;430;391;304;273;76;177;282;238;396;481;384;399;192;58;-33;-164;-369;-408;-585;-628;-737;-650;-645;-673;-620;-698;-542;-549;-649;-586;-814;-594;-681;-666;-766;-611;-513;-568;-564;-639;-780;-758;-699;-685;-555;-646;-916;-591;-611;-607;-571;-621;-675;-620;-478;-628;-578;-448;-622;-485;-543;-333;-539;-499;-502;-468;-337;-322;-483;-405;-335;-278;-412;-440;-281;-378;-309;-262;-315;-291;-234;-396;-303;-176;-287;-148;-57;-5;0;-21;-34;12;11;-14;-9;49;51;-56;-175;49;-50;19;-61;26;-8;21;-118;-124;-29;-139;-93;-196;-249;-141;-39;-94;-18;-208;-78;-201;-154;-235;-88;-394;-265;-189;-311;-298;-350;-322;-410;
-334;-306;-267;-224;-352;-143;-235;-415;-154;-311;-205;-288;-448;-302;-234;-462;-503;-392;-419;-421;-276;-485;-340;-604;-349;-490;-445;-423;-635;-499;-558;-615;-600;-485;-505;-650;-604;-665;-580;-571;-724;-674;-771;-676;-767;-660;-719;-878;-635;-766;-638;-762;-786;-743;-739;-911;-736;-709;-802;-762;-729;-822;-768;-708;-718;-649;-729;-823;-803;-808;-793;-800;-721;-817;-759;-834;-808;-771;-874;-970;-878;-873;-860;-843;-878;-793;-964;-1002;-895;-1055;-965;-1025;-994;-798;-905;-862;-972;-843;-1089;-870;-998;-879;-1006;-786;-905;-816;-774;-672;-682;-631;-524;-381;-156;-68;105;224;314;457;685;624;710;882;1055;1279;1125;1301;1296;1534;1548;1687;1710;1699;1869;2164;2610;2738;2980;3155;3230;3277;2857;2494;2118;1799;1343;924;887;650;617;370;419;333;288;195;286;178;312;335;625;696;908;1137;1016;1021;899;694;509;375;196;139;290;85;230;297;560;547;402;313;421;337;165;5;-3;255;195;360;486;623;486;431;475;186;85;176;135;135;301;333;422;372;263;92;-12;-212;-214;-425;-508;-660;-577;-682;-694;-793;-780;-715;-724;-594;-797;-773;-605;-703;-678;-748;-689;-697;-900;-598;-691;-683;-714;-522;-570;-649;-723;-680;-671;-658;-689;-668;-625;-654;-673;-659;-704;-644;-510;-657;-519;-635;-641;-511;-389;-563;-688;-548;-474;-546;-548;-517;-443;-424;-387;-320;-186;-283;-208;-241;-330;-220;-187;-205;-314;-140;-220;-266;-101;-126;-145;-79;45;-144;-139;-18;-78;153;-103;10;-3;-44;-221;-163;-37;-108;-185;-56;-145;-56;-118;-110;-144;-136;-250;18;-194;-141;-196;-174;-198;-263;-370;-328;-310;-400;-263;-285;-405;-381;-397;-427;-384;-347;
-64;-77;-204;-129;-220;-241;-236;-133;-115;-143;-66;-110;-234;-159;-310;-70;-208;-157;-149;-254;-247;-270;-443;-247;-301;-304;-410;-515;-385;-539;-479;-402;-209;-417;-507;-425;-387;-516;-441;-431;-543;-585;-521;-544;-508;-607;-513;-485;-538;-703;-488;-555;-655;-522;-774;-650;-478;-724;-650;-498;-655;-558;-607;-679;-625;-564;-739;-734;-664;-666;-776;-660;-606;-562;-754;-660;-665;-735;-848;-808;-815;-862;-749;-706;-880;-683;-762;-875;-750;-772;-798;-699;-805;-862;-774;-770;-579;-796;-762;-805;-759;-724;-758;-655;-727;-585;-450;-530;-460;-443;-323;-92;-2;78;240;366;514;703;616;620;784;862;897;692;1282;1293;1507;1715;1904;2050;2019;1972;2166;2295;2538;2981;3260;3344;3333;3292;3145;2893;2465;2015;1473;1224;1016;888;722;602;490;521;366;273;185;279;238;543;842;842;1108;1124;1142;1070;1014;855;680;509;381;454;302;312;375;430;650;724;606;615;419;310;165;169;364;408;421;521;742;656;563;603;278;246;249;225;183;374;375;352;552;532;439;226;156;-2;-300;-209;-307;-450;-637;-657;-761;-451;-451;-503;-525;-501;-525;-439;-497;-546;-417;-616;-609;-571;-724;-595;-669;-516;-583;-586;-611;-556;-544;-570;-630;-639;-439;-560;-580;-525;-456;-479;-402;-336;-421;-520;-604;-580;-508;-519;-382;-330;-263;-326;-382;-324;-239;-161;-231;-214;-249;-255;-369;-218;-240;-233;-146;-147;-113;-242;-113;-55;-171;-28;-73;-127;59;-1;100;124;96;41;-97;115;32;104;80;64;30;197;145;107;54;66;29;35;-6;-1;72;12;26;92;-43;-129;-6;-106;-94;-46;-160;-98;-72;-199;-70;-131;-73;-269;-189;-252;-378;-237;
-281;-81;-217;-99;-90;-115;-225;-242;-224;-268;-85;-146;-94;-81;-207;-219;-312;-317;-324;-367;-343;-243;-77;-344;-261;-358;-367;-399;-489;-437;-605;-512;-637;-428;-464;-515;-542;-525;-627;-556;-657;-600;-635;-503;-564;-488;-518;-741;-682;-737;-527;-744;-529;-710;-662;-677;-673;-722;-584;-667;-728;-634;-671;-630;-726;-577;-647;-631;-625;-750;-791;-719;-680;-773;-695;-828;-576;-657;-737;-608;-698;-771;-680;-846;-746;-804;-848;-831;-781;-695;-907;-799;-714;-788;-792;-908;-848;-715;-849;-689;-778;-868;-878;-789;-701;-500;-602;-585;-460;-462;-542;-255;-247;-50;305;440;558;541;563;451;724;841;726;948;1208;1303;1470;1240;1276;1123;1119;1823;1830;1973;2649;3253;3923;4108;3744;3426;3181;2711;2262;1918;1580;1239;1051;778;620;589;563;430;377;437;408;133;374;439;746;900;1072;1144;1080;1210;1067;854;504;360;181;404;171;266;308;541;387;676;544;445;357;257;217;195;253;223;352;357;665;689;629;390;399;307;100;223;48;96;188;283;476;617;411;292;235;69;-161;-151;-472;-507;-585;-607;-595;-642;-561;-423;-625;-491;-544;-656;-617;-644;-557;-493;-639;-534;-422;-642;-530;-458;-598;-478;-471;-532;-599;-670;-693;-538;-698;-869;-712;-768;-520;-545;-389;-248;-470;-546;-387;-324;-439;-405;-438;-567;-424;-319;-336;-388;-346;-332;-63;-300;-133;-238;-264;-236;-286;-184;-4;-105;-87;-132;-123;-239;-95;-73;-58;-63;-48;-2;8;-21;60;-33;-75;158;29;36;48;106;-41;-10;215;210;28;-3;-24;73;-118;-67;16;49;-81;-20;-31;-97;-7;-133;-92;-121;-95;-69;-233;-113;-113;-215;-278;-201;-220;-316;-224;-255;
-291;-224;-163;-274;-283;-290;-158;-357;-221;-371;-463;-258;-263;-321;-445;-410;-514;-487;-355;-388;-435;-533;-446;-362;-501;-554;-576;-476;-465;-631;-627;-568;-708;-633;-586;-523;-574;-639;-603;-717;-774;-772;-867;-718;-828;-774;-773;-881;-791;-720;-677;-700;-721;-767;-762;-808;-787;-777;-829;-833;-912;-723;-894;-798;-878;-796;-772;-776;-848;-904;-805;-829;-933;-826;-798;-831;-827;-1031;-969;-912;-900;-835;-910;-1035;-1048;-1036;-861;-928;-1015;-988;-1051;-1007;-947;-907;-963;-976;-799;-1103;-993;-1018;-848;-918;-922;-890;-750;-883;-851;-745;-755;-624;-523;-555;-430;-145;-4;72;367;433;458;493;694;658;566;773;903;1131;1226;1112;1326;1248;1223;1554;1681;1627;1981;2034;1962;1892;3268;2538;2503;2526;2241;1984;1558;1226;941;709;577;421;322;281;195;290;57;182;196;352;441;696;902;935;983;991;836;568;290;243;67;-10;-104;121;205;279;381;359;379;238;261;98;-26;-87;35;244;288;411;401;366;259;342;63;24;-30;-264;-33;38;103;147;275;124;166;176;-40;-129;-375;-450;-527;-694;-903;-898;-850;-629;-953;-899;-753;-752;-671;-716;-732;-745;-759;-788;-834;-682;-699;-688;-642;-823;-776;-837;-840;-854;-747;-643;-606;-619;-691;-643;-587;-530;-442;-677;-678;-718;-684;-496;-646;-515;-571;-583;-411;-547;-577;-621;-480;-578;-440;-445;-426;-419;-167;-399;-352;-342;-414;-270;-344;-201;-145;-254;-184;-235;-180;-135;-78;-207;-166;-215;-43;-99;-30;-166;-7;-113;-172;-161;-109;-155;-152;-216;-143;-107;-64;-101;-129;-205;-115;-201;-68;-181;-134;-110;-113;-250;-281;-255;-292;-279;-209;-377;-483;-410;-327;-332;-389;-248;-456;-332;-456;-341;
-89;-179;-210;-284;-292;-189;-215;-269;-347;-346;-266;-303;-308;-373;-258;-260;-291;-235;-336;-430;-301;-335;-377;-368;-449;-537;-442;-479;-471;-624;-552;-474;-489;-608;-577;-654;-548;-585;-430;-638;-569;-584;-601;-656;-517;-618;-724;-764;-565;-596;-631;-700;-517;-625;-653;-741;-704;-664;-759;-666;-768;-704;-623;-828;-772;-751;-765;-871;-832;-821;-728;-666;-861;-855;-762;-659;-781;-893;-783;-916;-710;-810;-844;-981;-918;-870;-874;-885;-855;-827;-801;-929;-987;-872;-923;-749;-917;-928;-814;-934;-897;-970;-917;-828;-787;-662;-645;-654;-668;-561;-500;-583;-127;-167;160;362;289;412;520;548;534;723;748;1014;1046;1112;1364;1223;1388;1450;1421;1511;1585;1707;2030;2342;2498;2667;2906;2990;2700;2310;1757;1414;1010;772;748;867;439;424;383;345;126;306;135;101;379;578;688;854;978;1024;1027;1061;900;679;512;259;152;33;177;287;373;353;375;435;516;374;319;133;138;1;92;197;221;157;412;542;423;237;251;171;132;-49;-4;65;122;282;302;402;254;66;69;-86;-203;-375;-425;-557;-639;-770;-828;-591;-650;-595;-579;-689;-792;-750;-773;-731;-784;-709;-497;-547;-276;-472;-638;-724;-504;-508;-481;-550;-629;-634;-758;-745;-599;-536;-522;-484;-522;-430;-569;-521;-602;-535;-398;-399;-515;-213;-345;-334;-287;-381;-456;-230;-304;-316;-418;-289;-249;-70;-107;-218;-191;-134;-96;27;-4;-142;-16;14;-125;-13;-74;-159;-101;74;-13;-99;34;-79;12;106;-10;50;35;68;-68;123;36;28;-19;118;-25;65;21;-61;-92;-157;-68;-103;-69;-67;-11;-87;-136;-196;-159;-31;-230;-211;-316;-290;-249;-218;-323;-418;-415;-366;
-232;-128;-84;-155;-308;-153;-313;-157;-338;-163;-217;-110;-232;-332;-188;-438;-265;-336;-256;-358;-328;-536;-359;-514;-366;-423;-434;-465;-558;-471;-426;-703;-578;-644;-699;-571;-723;-642;-495;-615;-562;-500;-635;-587;-705;-629;-630;-692;-587;-702;-710;-718;-624;-752;-722;-823;-777;-771;-886;-776;-805;-663;-758;-819;-812;-798;-785;-811;-786;-803;-831;-710;-807;-747;-817;-721;-799;-890;-767;-831;-865;-766;-846;-816;-831;-850;-816;-764;-960;-822;-844;-846;-881;-893;-930;-865;-893;-768;-933;-911;-944;-858;-764;-880;-837;-767;-644;-679;-621;-646;-522;-374;-378;-182;1;261;376;275;398;454;566;673;718;762;862;1136;1195;1333;1239;1242;1281;1302;1584;1588;1962;2245;2481;2645;2781;2695;2493;2169;1862;1357;1005;790;613;497;363;274;172;216;113;43;-27;-48;150;188;503;852;952;976;1024;1093;1023;777;629;266;252;90;58;150;308;424;492;646;509;318;225;196;-68;49;-71;164;306;300;463;524;442;220;148;-12;-60;-56;114;71;72;299;293;430;293;159;69;-141;-412;-586;-507;-566;-514;-626;-703;-581;-541;-477;-730;-643;-437;-377;-405;-582;-510;-509;-546;-810;-776;-618;-772;-530;-512;-563;-373;-401;-563;-699;-663;-687;-606;-624;-399;-512;-452;-487;-357;-432;-537;-422;-454;-400;-421;-522;-290;-390;-435;-302;-440;-238;-175;-253;-176;-218;-264;-403;-347;-237;-74;-245;-21;-57;-85;11;-68;97;-68;-22;-65;56;-68;65;-12;100;43;14;-66;-39;79;-71;83;-46;51;40;186;100;58;-86;49;-21;-46;5;-10;-22;11;-86;-16;-122;-240;-114;-102;-314;-245;-338;-98;-52;-204;-270;-135;-254;-215;-321;-383;-229;
-317;-245;-229;-232;-200;-292;-262;-299;-344;-127;-231;-357;-464;-304;-299;-233;-258;-454;-454;-463;-426;-421;-539;-422;-390;-560;-400;-629;-440;-545;-517;-560;-468;-553;-471;-635;-529;-564;-611;-552;-734;-691;-672;-643;-609;-756;-650;-675;-788;-685;-746;-820;-727;-743;-849;-891;-864;-853;-873;-780;-901;-795;-751;-875;-910;-877;-854;-898;-858;-820;-877;-791;-812;-811;-985;-866;-881;-841;-865;-977;-793;-867;-821;-1134;-889;-936;-896;-1037;-1002;-945;-955;-1084;-867;-980;-976;-902;-984;-943;-879;-957;-863;-948;-956;-745;-797;-715;-611;-762;-709;-620;-453;-426;-318;-254;6;98;208;245;279;296;328;572;607;800;1038;1022;1053;1162;1162;1146;996;1175;1444;1494;1842;1989;2423;2344;2429;2315;2225;1774;1585;1241;860;667;516;340;231;148;181;172;-38;-38;-71;60;97;261;430;516;764;962;692;759;635;370;184;118;-110;-89;-61;124;72;153;190;244;381;230;211;64;-58;-32;-35;77;275;290;294;398;149;41;58;-83;-23;-74;31;72;-4;224;249;53;160;-117;14;-265;-293;-383;-530;-743;-830;-698;-934;-828;-937;-773;-830;-669;-695;-574;-565;-642;-671;-708;-568;-699;-468;-705;-740;-697;-496;-659;-465;-635;-563;-574;-661;-654;-714;-671;-461;-605;-571;-464;-537;-528;-497;-536;-488;-289;-547;-485;-495;-324;-348;-357;-365;-300;-228;-300;-268;-227;-112;-182;-263;-235;-165;-154;-177;-149;-112;-269;-60;-102;-177;-115;-128;-43;-60;20;37;-86;40;-83;13;-116;-58;-108;-33;13;-39;-66;-58;-99;-71;-77;-29;-99;-22;-26;-93;-158;-64;-104;-174;-98;-152;-142;-117;-242;-230;-192;-123;-276;-322;-369;-305;-397;-276;-371;-324;-297;
-358;-388;-378;-414;-368;-307;-386;-389;-355;-420;-420;-441;-516;-580;-531;-494;-543;-592;-539;-586;-455;-619;-553;-713;-684;-617;-763;-666;-836;-763;-552;-629;-670;-704;-895;-776;-760;-766;-747;-910;-875;-841;-855;-916;-758;-1002;-909;-929;-950;-911;-874;-851;-1072;-918;-940;-904;-1007;-914;-970;-1024;-1070;-1074;-962;-1037;-964;-1036;-979;-1026;-926;-1148;-1175;-901;-988;-1089;-1059;-1146;-1140;-1031;-953;-1099;-1129;-1154;-1052;-1059;-1150;-1038;-1094;-922;-1190;-1126;-1082;-1152;-967;-1139;-1106;-1138;-1149;-1149;-1053;-1003;-1131;-1192;-996;-1027;-987;-959;-899;-826;-938;-822;-775;-684;-410;-276;-312;-124;-158;-3;155;258;58;347;374;631;635;764;853;894;841;796;887;1064;1151;1234;1535;1727;2014;2132;2297;2131;1900;1670;1307;984;766;457;327;156;49;-67;-158;-68;-153;-200;-242;-101;-207;-26;228;349;494;736;687;622;542;259;190;4;-135;-156;-172;-153;-64;29;2;112;130;-53;-71;-166;-216;-312;-146;-62;64;6;121;210;-15;20;-5;-177;-302;-226;-284;-312;-193;79;-95;-138;-38;-170;-364;-511;-494;-669;-667;-1102;-894;-808;-931;-980;-869;-1011;-762;-900;-803;-738;-718;-725;-792;-845;-807;-885;-803;-773;-794;-693;-686;-692;-811;-690;-707;-717;-775;-662;-818;-515;-648;-637;-767;-795;-758;-667;-640;-670;-598;-504;-554;-551;-642;-600;-625;-550;-520;-585;-352;-373;-383;-391;-343;-369;-267;-422;-294;-412;-276;-365;-289;-342;-201;-254;-304;-213;-317;-152;-223;-229;-127;-178;-127;-190;-205;-222;-175;-182;-158;-251;-107;-150;-71;-154;-194;-251;-174;-149;-162;-198;-116;-214;-236;-291;-205;-280;-218;-246;-335;-385;-347;-369;-413;-368;-391;-349;-483;-428;-570;-459;-439;-536;
-394;-355;-141;-289;-344;-207;-191;-251;-369;-369;-225;-304;-249;-563;-502;-417;-349;-518;-387;-424;-367;-420;-429;-488;-495;-699;-542;-610;-730;-494;-615;-666;-702;-690;-735;-654;-659;-803;-621;-838;-741;-742;-723;-587;-721;-669;-900;-763;-843;-878;-867;-925;-894;-876;-829;-647;-720;-770;-708;-896;-832;-839;-921;-1041;-902;-891;-984;-870;-902;-752;-946;-934;-907;-920;-995;-953;-968;-952;-985;-897;-1005;-961;-970;-1132;-895;-995;-893;-897;-909;-1017;-1007;-981;-1144;-1026;-975;-1107;-1024;-1002;-917;-1002;-1051;-952;-1018;-917;-793;-723;-681;-713;-708;-691;-558;-532;-343;-267;-34;95;246;183;90;305;192;317;504;522;898;765;954;944;850;848;953;1059;1132;1271;1690;1828;2039;2155;2309;2205;1895;1613;1301;1108;739;651;317;249;233;53;18;-89;-150;-192;-172;-161;-88;208;431;605;589;907;730;598;649;513;156;93;42;-31;-129;-67;-31;133;253;298;232;92;155;2;-82;-226;51;78;257;282;389;319;224;38;19;-61;-181;-81;-91;48;54;33;73;123;44;-33;-123;-278;-450;-552;-672;-735;-719;-810;-801;-785;-819;-712;-746;-674;-683;-700;-627;-661;-684;-603;-619;-637;-698;-749;-745;-565;-556;-561;-557;-585;-686;-606;-636;-581;-669;-666;-689;-506;-590;-432;-511;-379;-389;-491;-388;-344;-333;-355;-336;-479;-301;-288;-343;-257;-284;-134;-338;-299;-254;-277;-278;-138;-161;-174;-3;-239;-164;-161;-44;-154;-84;-47;-156;61;-62;11;7;43;-33;66;-103;-71;-47;-115;-43;-61;-20;-23;56;54;83;-43;-65;-64;-18;-179;-31;-26;-91;-212;-233;-158;-77;-169;-205;-228;-144;-218;-141;-183;-253;-296;-239;-277;-355;-335;-369;-400;
-284;-311;-421;-315;-293;-310;-212;-367;-254;-429;-395;-308;-291;-311;-413;-528;-656;-545;-615;-417;-517;-468;-370;-491;-567;-516;-584;-651;-523;-562;-588;-653;-623;-513;-734;-781;-707;-585;-749;-739;-569;-802;-639;-778;-859;-718;-731;-827;-789;-880;-817;-783;-947;-913;-919;-750;-900;-849;-895;-861;-787;-996;-924;-1024;-709;-891;-851;-1035;-1039;-874;-966;-997;-1004;-1017;-987;-903;-993;-1022;-932;-1069;-1146;-895;-1024;-1058;-1160;-921;-996;-1178;-1009;-1021;-1041;-1105;-1095;-1066;-1056;-1044;-1082;-982;-1037;-1046;-1072;-1025;-1065;-1012;-944;-820;-908;-954;-748;-839;-724;-564;-491;-473;-180;-76;-9;146;133;177;183;322;380;426;654;744;926;782;674;856;859;932;1104;1220;1364;1658;1757;2113;2000;1905;1723;1560;1152;1024;563;403;218;135;76;-98;-95;-125;-313;-286;-253;-50;-72;31;198;401;560;718;699;687;564;368;295;-40;23;-193;-88;-42;-39;65;174;203;16;165;-154;-199;-115;-94;-142;33;157;153;286;370;124;99;-38;-152;-240;-131;-226;21;-42;126;1;50;-10;-154;-275;-367;-413;-650;-703;-873;-947;-772;-790;-727;-1004;-906;-711;-907;-786;-666;-709;-857;-771;-666;-767;-686;-771;-654;-615;-652;-678;-672;-517;-648;-631;-611;-579;-628;-608;-647;-750;-578;-740;-470;-552;-556;-698;-631;-512;-563;-426;-520;-323;-480;-524;-395;-398;-336;-393;-444;-352;-177;-315;-350;-346;-379;-267;-203;-230;-137;-177;-175;-213;-245;-83;-273;-38;-8;-148;-196;-74;-111;-144;49;-2;-199;-39;-111;-51;-71;-123;-95;-81;-27;-25;-75;-85;-32;41;-71;-83;-170;-213;-250;-141;-200;-178;-204;-171;-257;-269;-262;-313;-258;-283;-469;-429;-315;-336;-435;-366;-395;
-250;-305;-65;-272;-297;-279;-140;-330;-304;-322;-323;-347;-305;-434;-237;-372;-306;-327;-552;-377;-359;-411;-377;-475;-599;-453;-389;-518;-578;-500;-438;-543;-515;-490;-535;-587;-603;-716;-529;-617;-702;-683;-750;-537;-665;-667;-569;-721;-780;-766;-774;-941;-819;-825;-731;-782;-865;-902;-817;-996;-757;-947;-919;-751;-834;-892;-876;-874;-865;-831;-869;-723;-806;-997;-827;-926;-997;-800;-1006;-900;-874;-1000;-890;-788;-967;-793;-928;-1015;-973;-1022;-785;-1014;-965;-911;-906;-1028;-981;-990;-1013;-1052;-983;-984;-924;-878;-922;-802;-732;-799;-667;-686;-684;-645;-473;-214;-188;-46;45;89;176;205;215;366;213;414;666;912;787;694;782;868;1067;957;1183;1329;1608;1707;1827;2132;1956;1961;1697;1584;1292;960;624;511;355;147;-11;-28;-68;-17;-217;-270;-219;-139;-70;84;385;474;598;723;811;784;680;347;205;75;9;-94;11;49;126;22;313;289;194;148;12;-98;-27;32;59;108;272;320;356;389;245;205;-67;-51;-261;-202;-118;-90;-46;198;152;199;-6;24;-138;-247;-393;-586;-541;-777;-662;-698;-891;-788;-813;-681;-790;-752;-824;-671;-680;-582;-608;-724;-659;-545;-693;-487;-544;-552;-630;-591;-546;-517;-581;-461;-585;-551;-534;-516;-428;-508;-475;-617;-553;-512;-497;-513;-344;-473;-495;-376;-530;-322;-350;-320;-350;-314;-259;-309;-233;-166;-252;-264;-183;-125;-268;-102;-173;-133;-136;-120;-184;-73;-80;20;24;-66;-47;-55;19;-2;86;101;-53;31;134;154;142;-34;-50;89;58;83;33;59;-127;-23;-73;-44;-122;-32;-82;-103;-42;36;-70;-257;-193;-107;-189;-245;-151;-198;-325;-189;-308;-278;-255;-247;-242;-419;
-173;-118;-274;-291;-210;-295;-420;-264;-268;-222;-368;-215;-332;-293;-379;-463;-294;-322;-393;-376;-521;-406;-375;-419;-548;-459;-523;-558;-580;-451;-607;-584;-580;-630;-529;-706;-753;-708;-595;-643;-561;-664;-682;-609;-676;-684;-602;-612;-819;-811;-803;-817;-793;-786;-786;-784;-725;-762;-819;-827;-792;-964;-874;-850;-859;-929;-852;-874;-851;-874;-933;-839;-810;-862;-963;-865;-865;-874;-883;-827;-896;-841;-907;-1071;-949;-975;-907;-962;-867;-931;-872;-963;-1059;-952;-975;-922;-1004;-1033;-964;-936;-947;-943;-921;-993;-926;-846;-804;-746;-777;-715;-588;-615;-385;-274;-160;-77;-66;122;-81;192;101;399;433;636;605;816;668;753;889;802;899;942;1004;1180;1426;1652;1999;2021;1947;1880;1719;1484;1258;831;685;528;393;202;-16;-45;-181;-107;-259;-230;-72;-150;-78;14;292;424;806;666;806;731;572;353;270;95;-51;-95;-124;82;73;121;103;281;105;184;139;0;-154;-150;63;141;199;359;471;364;342;68;-4;-90;-156;-217;-190;-130;129;163;143;7;19;-22;-170;-339;-589;-625;-616;-658;-807;-836;-780;-685;-758;-874;-710;-671;-732;-623;-606;-592;-759;-733;-767;-672;-638;-636;-599;-639;-608;-580;-572;-632;-574;-690;-644;-639;-551;-407;-550;-649;-505;-477;-543;-474;-428;-548;-462;-380;-451;-438;-551;-414;-457;-363;-321;-350;-364;-291;-239;-257;-180;-183;-119;-182;-209;-156;-168;-91;-105;-43;0;-108;-71;-157;-60;19;32;-68;-37;92;-15;8;-80;-93;-6;-52;105;-88;-3;-69;63;-63;-85;-18;17;23;-38;53;-30;3;-19;-204;-231;-247;-118;-92;-243;-238;-242;-137;-201;-303;-257;-289;-249;-309;-184;-246;-309;-310;
-353;-484;-370;-281;-335;-346;-338;-358;-442;-448;-385;-468;-488;-436;-480;-533;-547;-509;-387;-627;-518;-650;-630;-501;-534;-561;-609;-532;-533;-797;-697;-737;-663;-625;-709;-797;-778;-861;-884;-674;-876;-767;-742;-715;-920;-853;-896;-815;-885;-932;-949;-793;-834;-796;-885;-1078;-931;-846;-883;-930;-916;-921;-841;-994;-1091;-1125;-1049;-977;-1069;-1098;-1078;-983;-1024;-860;-982;-1089;-1086;-903;-1024;-1146;-1038;-1041;-1030;-1026;-1055;-977;-1199;-1145;-1010;-1024;-1046;-1053;-1065;-1125;-1089;-1104;-1107;-1102;-1181;-1108;-1146;-1121;-937;-1108;-997;-884;-1017;-903;-950;-854;-682;-741;-561;-494;-182;-118;-75;-103;-54;-145;-5;140;243;346;564;607;663;606;604;591;718;891;858;1181;1352;1579;1683;1697;1682;1821;1506;1361;1054;832;672;405;215;60;-201;-142;-131;-297;-225;-348;-333;-217;34;-40;146;229;598;746;706;483;458;181;46;48;-123;-185;-163;-91;-18;12;60;114;-55;19;-70;-125;-200;-131;-96;31;89;159;63;163;89;-83;-139;-164;-319;-274;-238;-60;1;-108;-15;-97;-104;-92;-175;-405;-547;-554;-767;-768;-911;-1026;-949;-794;-842;-827;-862;-788;-783;-798;-751;-678;-813;-839;-822;-728;-763;-682;-827;-626;-678;-776;-714;-731;-766;-732;-663;-547;-663;-779;-792;-626;-709;-623;-699;-661;-559;-577;-503;-459;-513;-525;-607;-527;-509;-438;-407;-526;-207;-353;-436;-337;-300;-438;-387;-291;-391;-179;-218;-184;-102;-167;-173;-166;-185;-311;-235;-63;-18;-151;-132;-94;-41;-171;-229;-180;-130;-189;-61;-103;-100;-104;-98;-214;34;-78;-181;-156;-166;-146;-159;-370;-259;-224;-153;-198;-269;-231;-317;-210;-148;-345;-234;-299;-405;-274;-298;-297;-416;-284;-426;-475;
-210;-419;-359;-344;-441;-438;-308;-447;-440;-315;-405;-481;-441;-477;-371;-446;-424;-488;-423;-521;-525;-465;-582;-591;-546;-444;-669;-492;-562;-505;-632;-585;-661;-697;-703;-666;-813;-647;-631;-722;-729;-693;-653;-672;-673;-843;-840;-745;-859;-843;-866;-640;-904;-830;-813;-907;-890;-931;-837;-843;-797;-818;-790;-879;-958;-1033;-884;-933;-1059;-964;-914;-988;-991;-928;-905;-925;-1041;-870;-824;-997;-1074;-1011;-960;-1104;-1162;-1024;-1062;-1021;-1069;-997;-1089;-1016;-997;-1003;-897;-1072;-1058;-1085;-1185;-1093;-984;-993;-1081;-982;-930;-894;-776;-804;-864;-825;-750;-613;-561;-419;-120;-213;-85;-2;-56;-61;-56;345;354;370;528;636;644;672;734;657;701;854;1010;1111;1474;1601;1762;1826;1764;1861;1716;1330;1083;961;493;298;245;93;5;47;-69;-188;-349;-272;-375;-98;86;43;231;398;641;685;605;662;487;238;60;-24;-114;-193;-127;-221;27;113;80;175;43;-110;-97;-77;-97;-227;-128;8;100;295;163;162;127;-51;-87;-178;-295;-136;-247;-134;41;-85;80;136;-60;-168;-258;-457;-428;-556;-586;-703;-858;-724;-886;-910;-932;-749;-799;-779;-732;-683;-808;-875;-660;-724;-801;-595;-692;-706;-714;-674;-662;-666;-735;-711;-685;-631;-567;-584;-576;-647;-500;-560;-610;-642;-573;-517;-550;-568;-474;-646;-424;-399;-535;-470;-450;-347;-397;-304;-182;-165;-335;-323;-205;-232;-309;-279;-311;-325;-218;-166;-92;-115;-246;45;-83;-143;-39;-59;-236;-196;-41;43;-62;-124;-10;-139;-165;-95;42;28;-114;-65;74;-73;-130;-27;-133;-125;-163;-131;-83;-90;-146;-259;-56;-132;-160;-264;-141;-314;-211;-285;-281;-142;-338;-232;-302;-415;-306;-416;-501;-444;
-347;-390;-341;-386;-381;-384;-375;-383;-429;-392;-471;-507;-525;-371;-399;-428;-566;-467;-443;-546;-478;-517;-504;-594;-486;-562;-677;-595;-609;-616;-603;-692;-617;-731;-644;-694;-761;-846;-747;-819;-850;-721;-914;-722;-931;-770;-815;-840;-852;-822;-919;-883;-982;-816;-934;-730;-1002;-911;-886;-978;-869;-942;-1056;-933;-1069;-970;-979;-938;-908;-969;-1001;-879;-1037;-937;-1093;-1015;-1094;-1059;-1018;-1115;-1006;-1076;-1142;-993;-944;-1098;-1004;-1015;-1067;-1071;-1128;-1044;-1144;-1123;-1163;-1028;-1125;-984;-1189;-1087;-1165;-1018;-1136;-1107;-932;-931;-909;-874;-988;-900;-809;-814;-626;-463;-246;-344;-209;-87;-62;-59;33;124;42;361;495;498;511;721;642;620;560;785;822;1075;1198;1515;1655;1717;1760;1566;1441;1365;1075;873;552;356;233;-39;-87;-233;-200;-224;-264;-261;-300;-203;-250;-159;213;326;562;617;591;483;472;195;114;-78;-269;-181;-231;-198;-1;-28;34;14;58;-129;-151;-256;-286;-240;-310;-43;94;-39;112;-55;26;-48;-268;-383;-450;-178;-163;-274;-62;-107;-82;-96;-108;-387;-241;-402;-574;-572;-793;-717;-884;-1051;-1094;-942;-690;-923;-901;-721;-727;-858;-750;-730;-651;-707;-848;-823;-728;-804;-904;-726;-702;-736;-747;-806;-685;-562;-596;-664;-669;-739;-574;-566;-698;-532;-615;-671;-610;-567;-552;-575;-488;-502;-407;-384;-409;-374;-391;-327;-380;-351;-303;-397;-282;-353;-289;-354;-263;-198;-287;-87;-363;-53;-144;-139;-218;-117;-114;-11;-94;-131;-106;-114;-22;-97;47;-123;-144;-71;-19;-146;-25;-49;-168;-29;-157;-7;-288;-212;-128;-124;-208;-73;-251;-120;-164;-244;-305;-247;-271;-197;-177;-249;-276;-236;-267;-321;-330;-365;-431;-514;-391;-434;
-419;-404;-471;-505;-446;-369;-306;-384;-451;-404;-457;-393;-484;-495;-459;-659;-539;-475;-622;-479;-563;-596;-649;-626;-582;-624;-740;-558;-817;-741;-607;-704;-624;-906;-640;-611;-703;-882;-852;-748;-535;-767;-797;-850;-898;-906;-929;-778;-829;-711;-868;-1015;-887;-908;-976;-862;-933;-945;-827;-874;-1082;-964;-993;-1066;-961;-913;-866;-1125;-937;-1049;-1023;-972;-1018;-1048;-894;-1187;-1123;-909;-1034;-1059;-1007;-1099;-1111;-1068;-1132;-1014;-891;-903;-1168;-1040;-1178;-1156;-1225;-1042;-914;-1158;-1063;-1162;-1109;-1128;-1162;-1233;-1150;-1192;-1036;-982;-1098;-1025;-1046;-902;-872;-732;-739;-454;-363;-294;-213;-209;-133;-143;-91;19;316;241;286;388;394;320;559;505;522;483;686;787;1134;1354;1555;1578;1727;1593;1313;1250;893;776;305;301;190;49;-22;-203;-234;-259;-301;-422;-353;-227;-227;-7;183;173;409;614;516;313;330;198;-37;-224;-325;-378;-332;-313;-189;56;-145;-87;-135;-288;-149;-368;-357;-156;-230;-140;40;-23;-40;-22;-96;-180;-313;-425;-554;-420;-323;-359;-237;-175;-19;-62;-137;-398;-499;-529;-565;-730;-736;-837;-828;-961;-978;-980;-939;-965;-699;-824;-776;-656;-834;-761;-775;-812;-832;-835;-753;-592;-800;-672;-648;-801;-650;-697;-652;-623;-779;-539;-765;-616;-677;-658;-562;-690;-578;-623;-636;-397;-477;-525;-557;-503;-520;-465;-459;-307;-410;-382;-399;-237;-472;-384;-319;-313;-291;-258;-341;-189;-268;-323;-188;-149;-189;-82;-291;-159;-113;-199;-218;-119;-176;-127;-135;-153;-196;-104;-47;-116;-57;-157;-166;-170;-200;-215;-158;-296;-139;-117;-216;-107;-114;-203;-111;-173;-262;-234;-156;-362;-304;-274;-288;-244;-241;-322;-320;-410;-394;-468;-402;-413;-413;-459;
-401;-454;-437;-481;-401;-456;-498;-499;-509;-438;-506;-555;-640;-550;-515;-438;-632;-462;-501;-523;-653;-561;-596;-629;-725;-604;-813;-698;-646;-606;-719;-683;-810;-800;-864;-684;-905;-970;-811;-807;-741;-850;-805;-777;-889;-984;-1032;-1014;-1008;-788;-845;-918;-905;-1002;-1008;-952;-847;-840;-925;-943;-995;-1031;-993;-1092;-1037;-959;-1011;-875;-1037;-1105;-1014;-1051;-933;-1081;-1117;-1105;-1023;-1034;-887;-1032;-1126;-1194;-1037;-1080;-1231;-1040;-1113;-996;-1298;-1135;-1043;-1130;-1103;-1124;-1164;-1224;-1062;-1099;-1014;-1233;-1140;-1152;-1079;-1104;-1032;-1076;-1088;-1050;-1133;-988;-889;-842;-735;-450;-342;-276;-372;-199;-234;-61;-162;9;288;74;359;395;402;384;382;269;413;412;688;838;1017;1274;1354;1495;1482;1455;1278;1069;707;501;347;67;41;-101;-192;-154;-140;-382;-429;-384;-461;-409;-331;-193;4;327;334;390;498;337;198;108;-136;-290;-390;-240;-389;-346;-174;-267;-148;-137;-244;-338;-303;-539;-301;-360;-327;-120;-141;-7;-70;-215;-243;-329;-263;-515;-609;-452;-391;-394;-267;-301;-247;-165;-364;-379;-450;-516;-751;-739;-857;-961;-863;-878;-889;-892;-843;-851;-890;-989;-783;-828;-948;-932;-877;-797;-805;-833;-591;-797;-761;-669;-787;-727;-867;-775;-638;-741;-762;-641;-665;-671;-592;-720;-656;-705;-635;-641;-632;-590;-632;-562;-391;-559;-565;-426;-453;-517;-339;-489;-430;-316;-368;-371;-353;-347;-245;-350;-272;-238;-257;-272;-139;-265;-360;-125;-158;-139;-194;-296;-242;-79;-103;-72;-97;-6;-166;-63;-131;-41;-134;-132;-258;-16;-161;-192;-256;-162;-112;-270;-53;-160;-272;-136;-217;-119;-259;-262;-321;-179;-282;-223;-414;-404;-271;-328;-416;-272;-384;-436;-473;-505;-344;-426;
-180;-312;-320;-439;-169;-242;-399;-268;-331;-314;-276;-362;-442;-356;-349;-358;-501;-486;-475;-366;-451;-396;-440;-557;-519;-538;-485;-559;-471;-639;-608;-546;-495;-608;-582;-518;-615;-658;-594;-642;-651;-640;-728;-844;-819;-780;-733;-707;-694;-798;-817;-698;-713;-747;-740;-767;-841;-831;-944;-810;-861;-940;-946;-805;-842;-862;-776;-894;-798;-914;-1036;-983;-1100;-1007;-915;-800;-932;-924;-872;-934;-908;-986;-1026;-855;-922;-1011;-1134;-869;-1003;-880;-982;-887;-939;-946;-1016;-980;-1013;-1059;-951;-904;-932;-800;-993;-860;-915;-891;-789;-851;-874;-796;-644;-697;-594;-359;-225;-170;-326;-82;-170;-76;-21;92;250;290;457;433;340;505;436;454;590;516;650;958;1130;1314;1398;1533;1479;1459;1278;1067;853;512;472;461;102;-55;-106;-123;-281;-137;-316;-403;-183;-403;-192;-9;122;156;405;418;484;262;344;-82;-147;-220;-196;-385;-233;-191;-237;-203;18;-231;-307;-210;-276;-364;-351;-234;-140;-117;-4;9;54;-194;-153;-197;-206;-414;-499;-496;-308;-264;-246;-188;-117;-170;-203;-413;-300;-526;-595;-692;-598;-744;-793;-816;-855;-827;-708;-692;-752;-656;-655;-622;-737;-589;-630;-727;-698;-770;-701;-688;-560;-607;-615;-643;-530;-639;-731;-548;-627;-524;-593;-493;-544;-469;-470;-466;-606;-359;-508;-471;-420;-427;-384;-336;-363;-243;-318;-329;-300;-237;-142;-156;-54;-265;-147;-178;-133;-161;-235;-104;-179;-75;-127;-24;-120;-33;-64;95;-9;34;61;-35;-82;87;-113;13;-113;8;102;89;43;16;73;-130;-78;40;-85;-42;-95;192;111;96;-86;-60;-44;-152;23;-98;-80;-113;-52;-155;-153;-95;-26;-251;-84;-169;-180;-121;-300;-201;-241;-332;
-295;-374;-300;-319;-392;-396;-470;-346;-310;-390;-448;-346;-466;-547;-367;-589;-497;-539;-548;-505;-423;-372;-413;-525;-456;-513;-545;-654;-629;-613;-595;-685;-696;-780;-674;-708;-777;-682;-621;-694;-688;-734;-606;-747;-806;-848;-864;-752;-778;-853;-945;-849;-837;-964;-902;-1022;-795;-887;-915;-1010;-912;-1020;-1021;-851;-1039;-879;-962;-933;-937;-1099;-875;-793;-1073;-1005;-934;-1025;-915;-1060;-1036;-1097;-996;-981;-924;-1043;-961;-1034;-1110;-1070;-1002;-1165;-1072;-962;-1053;-1023;-1052;-1136;-1026;-1096;-1094;-1100;-1117;-1011;-1153;-1086;-920;-1094;-927;-986;-914;-843;-821;-793;-643;-469;-379;-440;-303;-308;-161;-250;-233;-25;84;238;340;269;298;283;281;169;249;470;498;885;798;1068;1167;1246;1213;1191;1083;758;626;306;193;4;-8;-43;-186;-251;-279;-363;-429;-630;-429;-462;-308;-175;125;-9;119;279;246;152;56;-72;-313;-316;-501;-449;-506;-371;-328;-211;-347;-300;-325;-464;-531;-403;-541;-419;-279;-267;-184;-227;-75;-190;-302;-392;-395;-472;-588;-515;-482;-297;-342;-372;-353;-375;-519;-322;-512;-637;-835;-910;-912;-873;-855;-888;-930;-995;-917;-938;-767;-864;-825;-805;-831;-718;-836;-924;-806;-762;-743;-775;-662;-788;-718;-780;-773;-762;-652;-777;-655;-665;-689;-615;-755;-583;-560;-763;-594;-550;-538;-542;-564;-474;-466;-477;-423;-364;-429;-375;-483;-320;-388;-441;-280;-330;-335;-304;-324;-319;-170;-517;-110;-298;-140;-223;-74;-161;-110;8;-100;-195;-141;-57;-105;-81;-153;-138;-102;-33;-75;-265;-107;-50;-49;-8;-117;-130;-177;-184;-175;-38;-151;-216;-226;-98;-202;-78;-252;-32;-121;-217;-219;-347;-193;-222;-203;-340;-347;-357;-284;-252;-196;-341;-363;-357;
-428;-506;-369;-380;-411;-552;-515;-486;-558;-496;-557;-505;-449;-387;-477;-564;-611;-594;-573;-625;-603;-667;-656;-651;-637;-776;-711;-737;-620;-695;-649;-763;-699;-732;-673;-716;-740;-874;-670;-754;-764;-847;-738;-804;-848;-815;-1004;-998;-796;-919;-954;-984;-978;-930;-1147;-1059;-1097;-1069;-1023;-973;-915;-1146;-1116;-1133;-1138;-1063;-1099;-1102;-1085;-1165;-1180;-1009;-1061;-1008;-1074;-1146;-1122;-1142;-1051;-1121;-1123;-1120;-1020;-1117;-1062;-1149;-1006;-1122;-1210;-1204;-1108;-1086;-1182;-1177;-1207;-1340;-1295;-1217;-1184;-1144;-1179;-1119;-1149;-1106;-1197;-1024;-987;-1087;-1017;-1085;-881;-972;-703;-483;-491;-604;-450;-364;-389;-291;-134;-53;-86;-4;102;171;129;193;100;115;107;56;303;336;556;829;936;970;1165;750;809;555;416;332;6;-161;-327;-214;-501;-495;-488;-580;-645;-827;-658;-652;-476;-385;-239;60;-1;5;160;9;-87;-134;-421;-267;-627;-617;-653;-524;-487;-270;-315;-516;-369;-504;-617;-557;-667;-622;-538;-408;-398;-265;-376;-296;-452;-588;-645;-773;-686;-651;-574;-534;-529;-379;-376;-542;-506;-567;-745;-847;-902;-1017;-902;-1135;-1130;-1171;-1017;-1037;-1009;-945;-912;-945;-856;-1119;-992;-972;-821;-877;-871;-984;-941;-892;-805;-814;-820;-906;-899;-785;-880;-674;-586;-827;-757;-764;-868;-835;-704;-660;-761;-735;-606;-540;-743;-646;-609;-628;-625;-569;-531;-509;-552;-548;-431;-486;-448;-388;-396;-370;-489;-469;-472;-328;-345;-367;-424;-408;-288;-354;-232;-351;-213;-187;-140;-228;-241;-223;-184;-220;-156;-265;-257;-157;-208;-236;-225;-359;-256;-254;-271;-293;-203;-294;-221;-334;-250;-255;-350;-256;-224;-358;-326;-425;-369;-268;-321;-385;-367;-261;-349;-317;-531;-374;-369;-449;-456;-481;
-437;-308;-460;-363;-522;-535;-477;-498;-429;-358;-544;-478;-379;-429;-360;-436;-459;-618;-615;-544;-578;-541;-495;-467;-493;-665;-747;-568;-552;-560;-660;-669;-742;-727;-727;-643;-796;-785;-673;-681;-818;-773;-675;-827;-814;-748;-903;-808;-829;-969;-894;-933;-885;-980;-914;-971;-968;-926;-889;-851;-962;-947;-912;-992;-1012;-880;-1041;-960;-1029;-1033;-981;-979;-1028;-1037;-1061;-978;-904;-1036;-935;-932;-1101;-893;-1211;-1150;-954;-1100;-1146;-1261;-1230;-1117;-950;-1187;-964;-1081;-1150;-1072;-1000;-1076;-1076;-1131;-1133;-1096;-1152;-1088;-992;-970;-1026;-1020;-896;-1030;-840;-834;-815;-517;-531;-430;-392;-330;-380;-243;-100;-70;66;137;234;291;157;38;11;95;28;191;332;469;731;755;961;1057;879;849;792;598;409;228;-22;-42;-215;-270;-279;-420;-510;-593;-595;-535;-622;-613;-453;-277;-163;-53;60;250;138;295;-36;-211;-235;-309;-393;-448;-398;-458;-411;-474;-367;-237;-459;-424;-422;-511;-573;-324;-482;-385;-281;-308;-309;-325;-404;-555;-704;-599;-660;-654;-659;-428;-323;-445;-339;-493;-678;-692;-509;-795;-831;-876;-804;-973;-1085;-937;-997;-1019;-916;-863;-959;-844;-1021;-863;-889;-770;-756;-875;-903;-805;-871;-796;-929;-736;-850;-840;-649;-784;-769;-751;-681;-823;-710;-694;-702;-659;-663;-593;-626;-508;-453;-596;-519;-514;-533;-487;-379;-374;-440;-391;-484;-504;-383;-347;-292;-205;-267;-428;-381;-170;-216;-268;-254;-219;-206;-233;-226;-128;-166;-142;-230;-167;-142;-53;-125;-225;-143;-150;-78;-151;-145;-91;-73;-47;-31;-93;-104;-67;-308;-89;-97;-142;-127;-168;-181;-144;-181;-254;-214;-155;-158;-249;-371;-115;-295;-212;-234;-219;-304;-330;-340;-417;-361;-363;-356;-193;
-320;-380;-352;-292;-527;-513;-567;-402;-468;-540;-370;-539;-565;-557;-456;-657;-504;-581;-513;-696;-450;-503;-503;-542;-634;-605;-546;-595;-692;-662;-685;-835;-656;-679;-698;-781;-723;-716;-714;-835;-765;-715;-767;-735;-856;-772;-850;-899;-836;-969;-993;-1034;-924;-1004;-964;-1044;-974;-971;-985;-965;-954;-1021;-1034;-1004;-1009;-1018;-975;-1082;-994;-1081;-1017;-995;-1030;-1025;-1027;-1086;-996;-1051;-988;-1016;-974;-1033;-1150;-1154;-1043;-1002;-1024;-1027;-1082;-1081;-1130;-1089;-1026;-1267;-1136;-994;-1146;-1084;-1030;-1185;-1012;-1127;-1100;-1128;-1098;-1041;-960;-774;-1009;-901;-867;-688;-840;-700;-518;-472;-434;-422;-349;-271;-266;-137;-29;124;14;203;82;78;66;-68;-75;78;223;382;622;704;886;842;931;821;621;496;322;196;26;-189;-223;-196;-499;-356;-517;-585;-653;-597;-646;-637;-498;-437;-190;77;-4;193;83;-9;-91;-304;-359;-475;-398;-502;-486;-583;-359;-528;-452;-370;-484;-533;-548;-462;-585;-687;-430;-408;-466;-344;-311;-469;-475;-508;-708;-584;-634;-539;-593;-470;-555;-434;-521;-352;-568;-663;-715;-818;-868;-994;-904;-848;-1027;-1026;-1004;-981;-995;-934;-951;-923;-937;-946;-998;-823;-836;-893;-888;-862;-946;-843;-816;-710;-762;-792;-728;-724;-802;-829;-684;-797;-830;-670;-685;-712;-657;-745;-639;-739;-694;-490;-589;-514;-427;-488;-437;-543;-644;-395;-521;-526;-492;-309;-411;-379;-447;-476;-408;-448;-305;-349;-349;-262;-253;-298;-265;-68;-298;-169;-237;-198;-175;-226;-238;-113;-199;-211;-215;-256;-254;-174;33;21;-287;-207;-287;-240;-46;-224;-260;-273;-156;-173;-151;-183;-197;-255;-336;-214;-191;-220;-333;-329;-389;-241;-362;-351;-288;-282;-270;-502;-237;-470;-299;-267;
-419;-460;-464;-502;-460;-281;-320;-515;-434;-409;-446;-386;-551;-494;-571;-458;-533;-550;-553;-542;-501;-549;-535;-427;-551;-626;-595;-503;-539;-594;-697;-682;-701;-697;-725;-615;-649;-781;-681;-701;-803;-957;-808;-799;-794;-809;-904;-823;-776;-958;-951;-1006;-1011;-1003;-959;-1029;-982;-958;-930;-875;-1046;-1058;-992;-1050;-908;-977;-963;-923;-1001;-1071;-1053;-901;-952;-934;-1002;-1107;-1034;-938;-935;-1038;-1016;-833;-1027;-885;-1072;-1021;-1062;-999;-913;-1103;-993;-1031;-1081;-1093;-898;-1108;-1110;-929;-1140;-1082;-1107;-1075;-1050;-1003;-1087;-928;-836;-919;-899;-995;-864;-710;-786;-588;-562;-449;-469;-438;-331;-390;-203;-138;48;60;-3;69;105;48;15;84;38;16;187;499;630;746;782;936;872;752;791;531;365;223;32;-72;-241;-230;-291;-446;-546;-587;-682;-557;-577;-556;-545;-325;-275;-149;35;90;154;129;-70;-248;-304;-241;-456;-550;-526;-676;-521;-329;-505;-420;-487;-503;-623;-650;-572;-533;-384;-405;-284;-303;-255;-367;-548;-643;-677;-693;-711;-619;-565;-518;-467;-520;-370;-504;-703;-656;-734;-800;-982;-927;-936;-973;-970;-1074;-828;-1091;-927;-963;-898;-945;-1096;-862;-897;-756;-832;-801;-882;-753;-1005;-878;-840;-778;-742;-677;-675;-576;-710;-744;-680;-758;-793;-751;-638;-756;-621;-605;-660;-554;-673;-702;-539;-541;-410;-535;-425;-360;-491;-491;-447;-429;-386;-398;-398;-364;-389;-448;-422;-380;-415;-350;-335;-259;-279;-204;-241;-230;-178;-172;-233;-62;-166;-100;-157;-166;-17;-24;-99;-166;-197;-187;-70;-131;-153;-212;-101;-252;-230;-167;-296;-154;-61;-174;-211;-136;-188;-173;-181;-57;-225;-227;-241;-302;-203;-239;-44;-367;-198;-322;-271;-348;-328;-166;-318;-265;
-591;-460;-475;-485;-503;-466;-694;-475;-437;-543;-594;-634;-574;-561;-608;-592;-639;-580;-584;-625;-689;-718;-610;-580;-583;-615;-559;-561;-614;-811;-773;-766;-665;-782;-883;-791;-838;-888;-819;-932;-922;-899;-769;-790;-776;-921;-895;-941;-947;-1054;-1009;-988;-950;-951;-1012;-1149;-1061;-1093;-1054;-980;-1071;-951;-973;-1007;-987;-1129;-1011;-1089;-1011;-1179;-1195;-1139;-1160;-1159;-1157;-1141;-1187;-1108;-1156;-1006;-1064;-1087;-1077;-1227;-1234;-1074;-1162;-1288;-1194;-1259;-1154;-947;-1158;-1124;-1188;-1228;-1184;-1050;-1152;-1241;-1095;-1172;-1061;-1066;-1117;-1208;-1086;-922;-1041;-1092;-964;-860;-973;-677;-711;-780;-526;-508;-556;-331;-430;-261;-151;-54;-195;-85;-61;21;-221;-154;37;15;89;229;487;572;633;764;554;619;451;402;216;-42;-27;-152;-391;-403;-429;-598;-576;-626;-659;-733;-675;-716;-685;-565;-375;-144;-10;26;-30;-63;-257;-279;-496;-461;-645;-699;-739;-538;-576;-443;-497;-512;-733;-800;-590;-693;-682;-733;-545;-576;-590;-458;-616;-521;-679;-602;-721;-765;-869;-853;-910;-755;-764;-548;-683;-551;-562;-850;-811;-963;-1027;-1024;-1036;-1277;-1076;-1114;-1081;-1164;-1174;-1115;-914;-1022;-1036;-1025;-949;-839;-941;-974;-948;-919;-1050;-804;-883;-952;-805;-806;-968;-807;-906;-859;-833;-940;-734;-874;-863;-801;-812;-869;-819;-604;-702;-679;-673;-767;-731;-755;-663;-610;-645;-564;-545;-518;-492;-530;-604;-405;-452;-353;-401;-374;-534;-432;-303;-336;-464;-369;-290;-242;-432;-469;-344;-356;-258;-361;-261;-257;-285;-218;-245;-140;-346;-232;-293;-346;-247;-178;-354;-269;-251;-260;-366;-276;-257;-365;-285;-220;-166;-464;-348;-362;-296;-256;-319;-195;-261;-330;-438;-399;-420;-355;-389;-435;-422;-420;-569;-313;
-363;-493;-412;-388;-655;-328;-302;-442;-487;-453;-527;-621;-429;-414;-488;-432;-587;-529;-503;-639;-548;-482;-613;-606;-470;-634;-502;-559;-753;-633;-608;-627;-604;-530;-660;-732;-765;-745;-736;-784;-664;-691;-762;-794;-709;-867;-926;-704;-808;-709;-874;-869;-971;-930;-931;-979;-1002;-867;-900;-976;-931;-926;-1068;-1056;-1020;-941;-1074;-989;-992;-988;-1025;-1022;-937;-1086;-906;-937;-956;-994;-972;-993;-960;-1017;-1051;-1116;-1061;-1016;-987;-922;-1012;-1064;-1104;-1027;-1107;-1158;-1015;-932;-948;-1056;-953;-999;-961;-1089;-969;-1050;-973;-1067;-1123;-978;-941;-996;-998;-893;-679;-750;-613;-333;-426;-374;-498;-376;-338;-113;-8;-70;-21;53;-188;2;-39;28;-52;6;76;257;499;553;753;708;927;665;611;474;195;228;40;-194;-227;-373;-283;-565;-491;-467;-709;-589;-659;-618;-636;-353;-169;-103;17;-17;-27;-108;-144;-295;-404;-393;-568;-540;-622;-530;-445;-610;-400;-506;-531;-567;-571;-521;-560;-584;-647;-436;-477;-345;-538;-406;-658;-639;-670;-700;-694;-842;-671;-597;-524;-533;-579;-497;-678;-725;-806;-953;-866;-1049;-948;-1030;-1035;-1111;-1039;-1105;-1065;-1083;-1004;-900;-1057;-836;-787;-843;-916;-920;-796;-860;-888;-840;-813;-868;-738;-826;-791;-858;-768;-761;-747;-667;-825;-749;-762;-804;-620;-657;-627;-656;-594;-527;-628;-499;-607;-568;-640;-609;-442;-410;-432;-390;-426;-417;-419;-378;-252;-365;-201;-298;-326;-445;-359;-350;-179;-349;-196;-183;-187;-247;-226;-268;-216;-108;-117;-137;-179;-77;-139;-254;-29;-156;-157;-258;-72;-156;-261;-258;-123;-346;-64;-145;-240;-44;-190;-214;-178;-95;-300;-207;-221;-225;-102;-212;-256;-176;-235;-293;-250;-284;-231;-218;-251;-359;-429;-236;
-532;-526;-531;-517;-565;-477;-554;-625;-623;-473;-532;-539;-688;-562;-743;-495;-643;-658;-629;-686;-537;-566;-682;-711;-613;-756;-629;-742;-644;-704;-799;-744;-792;-897;-763;-703;-744;-732;-588;-814;-910;-771;-864;-987;-1002;-826;-1030;-836;-964;-1072;-772;-814;-866;-967;-1002;-1046;-1018;-844;-1026;-990;-1027;-985;-1143;-983;-999;-1029;-1060;-1011;-1045;-1088;-1136;-1162;-1156;-1038;-1047;-1056;-1286;-1048;-1249;-1155;-1073;-1073;-1189;-1130;-1033;-1047;-1152;-1173;-1034;-1171;-1264;-1043;-1149;-1054;-1072;-1190;-1192;-1027;-1308;-1129;-1200;-1115;-1145;-1003;-1194;-1152;-1018;-981;-957;-959;-1141;-917;-857;-653;-778;-553;-579;-491;-484;-515;-370;-262;-312;-218;-133;-122;-69;-147;-154;-241;-68;-34;160;131;185;411;589;707;732;722;508;285;247;93;-98;-318;-318;-471;-534;-701;-699;-763;-793;-739;-832;-691;-710;-560;-449;-103;-159;-120;-18;-210;-224;-441;-348;-629;-690;-771;-688;-781;-581;-600;-579;-576;-656;-789;-725;-658;-693;-575;-629;-589;-517;-581;-588;-679;-714;-774;-825;-865;-939;-846;-792;-810;-687;-605;-514;-722;-644;-762;-783;-1027;-1085;-1070;-1045;-1056;-1088;-1082;-1094;-1042;-1152;-1062;-1081;-1051;-977;-1091;-1081;-1054;-919;-978;-906;-971;-991;-817;-990;-1003;-1005;-888;-843;-814;-826;-802;-844;-928;-902;-641;-781;-781;-804;-701;-671;-793;-696;-767;-597;-782;-740;-634;-579;-584;-567;-600;-535;-474;-502;-412;-340;-380;-480;-491;-385;-477;-472;-425;-405;-333;-480;-418;-359;-384;-279;-367;-290;-198;-240;-274;-328;-419;-166;-226;-205;-264;-303;-329;-307;-374;-305;-263;-284;-117;-262;-143;-282;-346;-262;-294;-227;-259;-296;-279;-274;-295;-246;-387;-318;-265;-341;-338;-398;-306;-344;-345;-373;-364;-310;-523;-484;-289;
-414;-502;-391;-541;-458;-358;-311;-522;-412;-378;-495;-518;-415;-578;-435;-451;-621;-618;-559;-532;-651;-468;-615;-542;-447;-734;-658;-616;-634;-638;-726;-728;-639;-677;-747;-889;-708;-692;-749;-680;-818;-809;-857;-864;-809;-824;-876;-808;-977;-846;-929;-859;-963;-771;-961;-954;-1028;-884;-934;-960;-957;-1022;-937;-980;-894;-986;-1061;-953;-1007;-1003;-978;-1027;-1002;-972;-1053;-871;-955;-930;-1125;-1077;-1045;-991;-991;-1043;-1020;-1058;-1151;-1019;-1058;-992;-1054;-1037;-1079;-1049;-1054;-1071;-1089;-1068;-1177;-1054;-1160;-867;-1157;-911;-1070;-1081;-1112;-1065;-1000;-1024;-842;-877;-743;-713;-676;-626;-608;-628;-593;-514;-427;-437;-290;-84;-22;-206;-248;-393;-232;-270;-225;-16;-103;239;215;447;685;596;520;582;416;305;173;102;-162;-145;-362;-349;-634;-580;-585;-857;-787;-861;-741;-837;-677;-620;-380;-383;-235;-170;-175;-296;-310;-469;-550;-653;-653;-716;-687;-641;-779;-692;-458;-500;-683;-689;-766;-749;-626;-686;-525;-573;-525;-413;-540;-528;-679;-725;-839;-899;-865;-778;-833;-637;-667;-584;-756;-716;-749;-792;-981;-924;-998;-1170;-1067;-1156;-1047;-1092;-1119;-1099;-1030;-1239;-1054;-1113;-920;-951;-963;-961;-856;-925;-942;-1022;-929;-924;-807;-949;-941;-879;-877;-781;-787;-774;-680;-787;-880;-784;-809;-717;-752;-657;-763;-652;-746;-715;-619;-797;-709;-635;-613;-649;-578;-511;-479;-480;-443;-381;-399;-383;-484;-340;-356;-419;-475;-349;-268;-248;-424;-435;-401;-276;-299;-281;-368;-284;-246;-328;-367;-246;-314;-218;-249;-239;-238;-307;-242;-271;-294;-201;-302;-177;-190;-131;-157;-131;-214;-336;-277;-223;-239;-384;-250;-135;-319;-261;-242;-412;-388;-359;-228;-377;-274;-261;-438;-288;-290;-365;-331;-281;
-375;-379;-441;-339;-471;-545;-423;-488;-475;-460;-471;-420;-499;-493;-521;-546;-545;-600;-605;-562;-609;-642;-516;-449;-739;-699;-704;-600;-719;-612;-605;-700;-558;-763;-647;-656;-707;-666;-711;-791;-798;-766;-790;-739;-868;-886;-832;-1027;-958;-800;-821;-985;-801;-834;-1103;-981;-784;-942;-935;-963;-876;-967;-921;-1055;-970;-934;-1021;-1099;-1092;-957;-1137;-1062;-1034;-1020;-1030;-994;-1004;-935;-986;-1055;-986;-1017;-1076;-1022;-1004;-1039;-1129;-1022;-1139;-1149;-1093;-1064;-1113;-1036;-977;-1158;-991;-1071;-1080;-1081;-1175;-1162;-1196;-1091;-1066;-1144;-1016;-1036;-1106;-1038;-950;-809;-770;-752;-647;-679;-819;-637;-647;-505;-421;-406;-368;-150;-270;-313;-276;-65;-293;-300;-179;-19;-113;66;295;509;379;437;557;439;331;206;239;12;-224;-259;-415;-332;-646;-828;-800;-854;-769;-868;-884;-818;-711;-635;-509;-315;-322;-51;-248;-236;-477;-498;-609;-598;-671;-593;-728;-724;-676;-784;-729;-649;-730;-758;-737;-764;-736;-753;-569;-794;-472;-504;-581;-685;-591;-802;-801;-926;-975;-867;-671;-759;-767;-695;-754;-750;-753;-867;-919;-840;-1103;-1098;-1117;-1039;-1089;-1042;-1060;-1096;-1117;-1014;-831;-1062;-999;-923;-1073;-985;-956;-889;-837;-923;-910;-954;-930;-873;-925;-836;-865;-797;-807;-986;-924;-924;-867;-862;-853;-718;-750;-739;-900;-870;-685;-645;-628;-683;-610;-674;-562;-614;-517;-513;-389;-520;-477;-589;-682;-434;-398;-491;-270;-390;-441;-331;-344;-367;-453;-314;-362;-281;-373;-427;-334;-400;-343;-222;-279;-300;-293;-167;-203;-273;-442;-394;-281;-305;-170;-354;-255;-286;-222;-295;-261;-271;-253;-272;-295;-342;-351;-361;-411;-326;-220;-337;-150;-306;-286;-403;-235;-324;-370;-276;-213;-339;-406;-483;-434;-449;
-516;-620;-546;-595;-623;-507;-620;-571;-349;-541;-584;-598;-586;-583;-558;-633;-555;-690;-698;-653;-563;-657;-780;-610;-700;-650;-732;-734;-576;-609;-804;-743;-626;-822;-774;-705;-880;-881;-925;-879;-887;-687;-892;-843;-1025;-816;-950;-913;-963;-873;-966;-998;-1077;-948;-1021;-958;-976;-976;-1108;-1001;-1045;-1091;-1078;-1035;-1196;-1074;-1125;-1160;-1114;-1198;-1030;-1059;-1149;-1053;-1031;-1116;-1037;-1065;-1094;-1061;-1130;-1089;-1128;-1104;-1085;-1194;-1217;-1211;-1218;-1117;-1146;-1143;-1061;-1064;-1114;-1105;-1168;-1266;-1077;-1146;-1109;-1121;-1128;-1100;-1076;-1112;-1291;-1116;-1118;-993;-1128;-1082;-889;-784;-880;-757;-885;-795;-693;-629;-500;-426;-417;-257;-247;-248;-268;-270;-419;-445;-308;-197;-143;-145;137;219;285;305;248;242;152;126;-127;-262;-351;-341;-440;-700;-752;-862;-1067;-899;-992;-961;-1047;-795;-821;-763;-498;-554;-358;-412;-345;-314;-515;-579;-648;-646;-728;-737;-773;-720;-776;-746;-802;-689;-753;-655;-831;-780;-889;-775;-710;-741;-695;-577;-637;-690;-729;-780;-945;-1047;-1032;-882;-885;-786;-710;-769;-834;-807;-831;-899;-969;-1031;-1096;-1147;-1086;-1120;-1201;-1251;-1095;-1165;-1186;-1355;-1204;-1174;-1219;-1093;-1127;-976;-1050;-1006;-1052;-1025;-1044;-967;-1032;-945;-907;-937;-815;-910;-862;-875;-990;-960;-868;-940;-901;-715;-923;-869;-949;-730;-774;-855;-836;-809;-681;-736;-621;-689;-661;-790;-633;-686;-657;-581;-567;-648;-530;-468;-488;-527;-590;-489;-305;-509;-558;-458;-478;-343;-363;-520;-521;-457;-310;-432;-376;-251;-485;-433;-403;-335;-327;-232;-271;-331;-362;-314;-325;-482;-266;-369;-306;-176;-350;-304;-345;-359;-482;-203;-261;-413;-484;-348;-406;-353;-334;-368;-461;-395;-470;-447;-536;-534;-396;-562;-447;-403;
-375;-497;-441;-478;-501;-460;-582;-501;-535;-481;-447;-484;-521;-518;-539;-413;-572;-590;-467;-578;-718;-624;-618;-615;-612;-704;-602;-634;-645;-865;-769;-746;-630;-748;-619;-676;-722;-754;-792;-842;-746;-834;-845;-906;-662;-744;-781;-932;-1024;-936;-949;-850;-989;-967;-869;-994;-954;-979;-1007;-986;-996;-949;-1049;-1170;-904;-1090;-867;-1156;-1114;-1020;-1001;-989;-1144;-1134;-1005;-933;-1054;-1134;-1086;-949;-1123;-1047;-1014;-986;-1020;-1079;-979;-1002;-1093;-1024;-961;-1119;-1053;-1005;-1055;-1076;-1124;-1124;-1068;-1045;-1003;-896;-1129;-1026;-1020;-991;-1150;-1075;-1052;-963;-914;-852;-752;-813;-735;-751;-625;-722;-606;-539;-446;-491;-347;-332;-168;-241;-132;-191;-292;-265;-384;-277;-176;-15;7;218;199;341;288;202;109;-77;-79;-107;-270;-306;-514;-679;-718;-603;-768;-939;-838;-966;-942;-791;-693;-611;-432;-412;-308;-293;-363;-411;-552;-473;-515;-696;-768;-707;-634;-615;-665;-662;-705;-670;-627;-688;-805;-696;-839;-751;-607;-604;-574;-595;-529;-646;-732;-763;-877;-957;-939;-858;-910;-827;-684;-679;-690;-653;-671;-733;-925;-997;-930;-1129;-1113;-1113;-1141;-1171;-1053;-1249;-1118;-1045;-1145;-1052;-1012;-1019;-1043;-1039;-1031;-949;-950;-966;-1014;-961;-792;-794;-910;-804;-851;-846;-868;-751;-868;-897;-923;-804;-663;-731;-828;-750;-750;-715;-670;-790;-702;-658;-631;-801;-613;-659;-607;-662;-545;-452;-441;-413;-444;-500;-317;-521;-486;-478;-602;-558;-458;-414;-301;-446;-381;-335;-308;-374;-380;-328;-288;-364;-393;-238;-270;-386;-348;-387;-407;-285;-372;-370;-304;-340;-339;-262;-395;-305;-353;-237;-209;-364;-348;-292;-323;-334;-426;-246;-419;-333;-293;-221;-445;-346;-336;-407;-460;-377;-383;-314;-478;-397;-359;-437;
-443;-468;-506;-455;-513;-424;-547;-515;-346;-371;-543;-566;-514;-569;-558;-564;-485;-563;-599;-626;-610;-681;-585;-584;-600;-607;-579;-648;-657;-723;-676;-776;-739;-781;-739;-629;-644;-742;-680;-784;-722;-707;-769;-799;-810;-882;-972;-894;-854;-876;-859;-946;-826;-861;-918;-895;-1050;-947;-867;-977;-972;-875;-1069;-875;-1038;-1046;-1021;-1005;-1011;-1042;-1088;-999;-1038;-1023;-1128;-998;-1053;-874;-998;-1011;-1193;-1096;-1121;-1154;-1114;-1170;-980;-1039;-997;-974;-1001;-954;-1190;-1050;-1001;-1067;-1016;-1141;-1047;-1008;-1158;-972;-1090;-958;-1001;-981;-1070;-937;-1088;-1098;-973;-983;-854;-814;-814;-599;-651;-687;-714;-711;-447;-278;-384;-178;-314;-329;-310;-496;-361;-221;-429;-410;-259;-129;-218;48;-36;122;153;71;-30;-193;-175;-231;-218;-561;-610;-635;-655;-835;-937;-921;-1038;-875;-899;-816;-887;-629;-469;-437;-436;-346;-342;-348;-539;-638;-620;-641;-811;-770;-774;-698;-785;-726;-575;-746;-686;-720;-792;-777;-796;-760;-652;-592;-456;-472;-673;-685;-713;-948;-884;-938;-718;-939;-683;-836;-764;-655;-612;-760;-744;-872;-924;-997;-1061;-1092;-1079;-989;-1042;-1217;-1189;-1263;-1090;-1042;-1079;-968;-997;-1074;-1032;-959;-987;-883;-977;-1037;-979;-765;-921;-913;-1023;-850;-917;-864;-749;-712;-795;-842;-858;-775;-704;-804;-700;-795;-769;-727;-651;-701;-614;-821;-648;-772;-603;-552;-664;-653;-526;-620;-534;-567;-514;-415;-512;-598;-407;-524;-564;-542;-543;-311;-325;-462;-402;-358;-331;-444;-443;-350;-291;-323;-293;-344;-471;-426;-208;-349;-398;-302;-305;-284;-300;-279;-284;-342;-226;-163;-224;-309;-191;-240;-222;-405;-361;-226;-326;-169;-133;-306;-117;-305;-312;-437;-384;-440;-205;-254;-228;-461;-434;-368;-419;-375;
-379;-493;-506;-459;-639;-531;-419;-411;-505;-485;-453;-556;-520;-485;-647;-636;-545;-695;-564;-576;-590;-456;-696;-675;-602;-548;-597;-569;-573;-552;-609;-760;-724;-607;-626;-760;-794;-652;-678;-647;-764;-716;-722;-998;-781;-1008;-806;-886;-806;-822;-932;-822;-866;-925;-840;-889;-969;-872;-1081;-839;-996;-947;-1020;-976;-979;-1124;-1081;-973;-1023;-1003;-961;-964;-977;-985;-938;-1060;-989;-929;-1078;-1089;-1040;-1209;-1135;-1070;-1187;-1126;-1064;-1108;-1033;-1184;-949;-1063;-1176;-982;-1112;-1036;-1139;-959;-996;-1048;-1069;-1038;-967;-1078;-1002;-1100;-1022;-1087;-949;-998;-963;-862;-717;-598;-646;-644;-725;-538;-653;-609;-468;-387;-431;-388;-207;-318;-260;-466;-368;-504;-297;-397;-306;-193;-117;31;16;155;32;44;-142;-115;-250;-371;-452;-443;-579;-680;-747;-880;-920;-872;-857;-917;-892;-851;-732;-654;-586;-482;-321;-354;-259;-416;-410;-539;-554;-672;-740;-733;-697;-685;-746;-656;-602;-647;-804;-762;-877;-744;-866;-702;-713;-512;-522;-588;-548;-615;-673;-848;-816;-707;-920;-775;-808;-773;-663;-680;-751;-769;-907;-761;-944;-1072;-1046;-1053;-969;-1069;-1094;-1103;-1046;-1113;-936;-1158;-958;-1001;-1003;-996;-1001;-1068;-1063;-888;-809;-964;-857;-1036;-807;-912;-909;-956;-761;-741;-830;-718;-845;-761;-877;-698;-759;-787;-675;-795;-871;-764;-808;-740;-617;-537;-646;-657;-774;-678;-640;-667;-445;-350;-413;-609;-427;-427;-544;-632;-520;-401;-496;-477;-487;-445;-429;-374;-455;-425;-490;-456;-361;-331;-287;-390;-367;-401;-234;-356;-285;-479;-363;-296;-383;-284;-358;-174;-352;-281;-316;-283;-324;-176;-330;-376;-426;-257;-215;-295;-290;-197;-250;-266;-304;-296;-314;-409;-415;-503;-475;-344;-289;-372;-461;-415;-429;-339;
-464;-662;-845;-583;-721;-585;-607;-585;-651;-590;-756;-588;-562;-748;-594;-730;-721;-742;-713;-764;-765;-655;-835;-736;-703;-762;-685;-795;-738;-803;-858;-852;-711;-858;-847;-754;-785;-946;-935;-987;-961;-929;-922;-974;-952;-1030;-837;-926;-1035;-1048;-1169;-1001;-1037;-1085;-1021;-998;-1007;-1210;-1162;-975;-1102;-1084;-1148;-1233;-1129;-1190;-1237;-1044;-1301;-1115;-1152;-999;-1125;-1121;-1152;-1144;-1189;-1128;-1252;-1202;-1231;-1373;-1231;-1188;-1198;-1159;-1152;-1178;-1213;-1215;-1297;-1149;-1028;-1157;-1219;-1228;-1054;-1193;-1152;-1380;-1172;-1132;-1110;-1208;-1246;-1186;-1071;-1121;-1189;-1103;-1060;-951;-972;-1030;-891;-753;-900;-819;-820;-719;-560;-619;-465;-429;-430;-514;-584;-536;-490;-458;-650;-476;-504;-383;-323;-184;-229;-198;-128;-192;-263;-365;-495;-492;-566;-553;-821;-789;-945;-1006;-1112;-1057;-968;-1056;-1061;-821;-804;-871;-587;-519;-424;-558;-422;-561;-581;-653;-675;-695;-810;-675;-772;-892;-880;-927;-935;-916;-887;-1013;-1085;-1037;-881;-898;-843;-868;-765;-789;-843;-906;-784;-1097;-1014;-1111;-853;-992;-1064;-954;-806;-1030;-831;-934;-975;-1052;-1105;-1092;-1108;-1244;-1108;-1267;-1366;-1303;-1173;-1267;-1269;-1200;-1227;-1186;-1125;-1180;-1091;-1048;-1150;-1136;-1116;-1154;-1076;-1055;-1052;-970;-1018;-986;-836;-994;-950;-992;-902;-1072;-977;-952;-819;-929;-940;-965;-883;-896;-806;-801;-966;-876;-903;-776;-796;-797;-836;-680;-761;-606;-690;-596;-615;-573;-621;-538;-551;-645;-644;-530;-715;-626;-503;-468;-674;-522;-504;-542;-532;-482;-514;-478;-363;-529;-333;-625;-416;-478;-553;-318;-506;-553;-279;-363;-489;-293;-375;-325;-340;-517;-383;-499;-411;-419;-479;-273;-298;-365;-376;-499;-379;-445;-383;-382;-436;-418;-413;-491;-475;-494;-537;-578;-542;-427;
-612;-579;-498;-535;-679;-466;-515;-684;-577;-562;-595;-595;-462;-709;-672;-749;-606;-519;-651;-748;-615;-620;-633;-656;-704;-700;-753;-702;-663;-715;-845;-761;-891;-755;-726;-777;-804;-704;-840;-819;-808;-737;-861;-870;-861;-824;-799;-874;-1118;-827;-974;-923;-890;-981;-948;-1103;-1035;-853;-1068;-966;-980;-1114;-957;-1033;-1112;-1123;-1165;-1220;-1028;-1081;-1071;-917;-1151;-1059;-1044;-1033;-1131;-1152;-1080;-1164;-1114;-1146;-1006;-1153;-1116;-1086;-1269;-1030;-1120;-1156;-1143;-1118;-1162;-1168;-1167;-1182;-1086;-1133;-1134;-1188;-1138;-1092;-1202;-1085;-1079;-1112;-1063;-986;-1058;-1141;-1004;-965;-1000;-831;-839;-964;-870;-802;-873;-679;-629;-500;-518;-471;-486;-468;-552;-641;-498;-575;-495;-452;-378;-313;-278;-142;-176;-124;-110;-322;-279;-256;-475;-324;-512;-704;-692;-677;-863;-845;-850;-956;-929;-974;-1004;-887;-895;-636;-620;-575;-620;-343;-445;-576;-692;-701;-684;-928;-854;-615;-797;-818;-759;-928;-862;-1052;-893;-1000;-933;-962;-881;-920;-717;-772;-674;-721;-606;-679;-911;-983;-1036;-961;-987;-919;-854;-902;-801;-880;-1033;-896;-1029;-1087;-1100;-994;-1235;-1144;-1137;-1209;-1185;-1169;-1239;-1148;-1159;-1285;-1144;-1106;-1024;-1156;-1184;-1072;-1030;-1031;-977;-926;-1082;-958;-996;-1052;-963;-918;-917;-894;-781;-955;-912;-966;-857;-673;-745;-922;-807;-836;-897;-671;-718;-693;-845;-687;-808;-808;-719;-767;-600;-721;-636;-560;-801;-609;-611;-675;-472;-543;-536;-459;-579;-444;-487;-472;-579;-645;-528;-510;-595;-469;-571;-361;-426;-318;-416;-424;-312;-406;-396;-397;-468;-456;-382;-302;-380;-440;-400;-496;-334;-437;-317;-420;-406;-375;-392;-451;-415;-328;-236;-421;-478;-523;-375;-258;-352;-474;-298;-397;-297;-396;-366;-358;-478;-436;-480;-290;
-540;-369;-629;-476;-655;-587;-552;-584;-596;-590;-572;-603;-630;-637;-707;-728;-583;-646;-620;-642;-673;-582;-601;-667;-610;-597;-727;-655;-690;-679;-593;-695;-630;-795;-800;-804;-777;-867;-783;-747;-797;-750;-748;-926;-837;-796;-900;-697;-840;-973;-829;-925;-874;-903;-964;-1027;-941;-1046;-988;-1003;-1055;-999;-905;-1075;-929;-958;-995;-930;-971;-1034;-1002;-1040;-1068;-1129;-999;-1046;-1134;-1027;-979;-1056;-1046;-1018;-985;-1100;-1112;-1012;-1070;-1160;-1059;-1149;-1068;-966;-1071;-1096;-1122;-1106;-977;-1072;-1136;-1027;-1129;-1032;-976;-927;-1001;-1001;-1042;-998;-1054;-1029;-927;-914;-868;-805;-687;-675;-769;-697;-759;-611;-747;-506;-425;-397;-360;-450;-434;-466;-559;-460;-615;-498;-241;-196;-309;-271;-99;-337;-211;-192;-286;-318;-311;-295;-322;-539;-672;-818;-715;-861;-852;-1006;-921;-859;-845;-827;-716;-693;-685;-596;-344;-333;-412;-437;-604;-514;-700;-778;-830;-730;-817;-854;-870;-886;-701;-723;-924;-1010;-859;-869;-906;-863;-855;-816;-877;-813;-707;-817;-822;-862;-926;-881;-1042;-884;-947;-931;-910;-880;-885;-928;-1087;-1076;-978;-1032;-1025;-1204;-1031;-1200;-1282;-1183;-1201;-1054;-1016;-1114;-1110;-1101;-1069;-1115;-1237;-1084;-980;-1150;-1018;-1019;-1006;-816;-969;-1016;-965;-897;-922;-941;-954;-874;-879;-850;-847;-745;-797;-735;-769;-900;-743;-764;-765;-813;-734;-743;-804;-693;-689;-721;-690;-664;-778;-669;-542;-668;-586;-697;-615;-572;-602;-604;-528;-563;-544;-512;-477;-501;-461;-451;-339;-538;-464;-343;-344;-380;-430;-393;-448;-433;-424;-441;-437;-242;-394;-380;-430;-335;-443;-337;-358;-310;-426;-426;-283;-393;-406;-328;-282;-359;-308;-357;-435;-363;-362;-339;-303;-313;-365;-330;-364;-287;-349;-365;-284;-307;-391;-431;
-571;-743;-577;-610;-608;-686;-396;-610;-550;-553;-623;-613;-645;-569;-626;-613;-726;-710;-616;-618;-564;-653;-671;-678;-601;-596;-709;-756;-665;-776;-693;-774;-768;-775;-706;-816;-699;-801;-871;-859;-636;-823;-760;-840;-873;-895;-958;-903;-922;-928;-902;-1042;-970;-898;-984;-1010;-914;-1008;-1026;-1020;-1145;-1034;-1018;-1086;-1122;-1148;-1106;-1084;-1009;-1165;-1108;-1044;-1011;-935;-1088;-1059;-1140;-1175;-1147;-1193;-1031;-1156;-952;-1143;-1113;-1140;-1170;-1054;-1115;-1264;-1157;-1174;-1074;-1121;-1010;-1203;-1140;-1102;-1185;-972;-1139;-1135;-1158;-1092;-1082;-1116;-1055;-1095;-1205;-1128;-993;-1090;-1045;-781;-953;-758;-839;-719;-819;-642;-801;-724;-550;-559;-562;-736;-705;-719;-634;-668;-553;-587;-385;-505;-546;-287;-271;-227;-304;-193;-342;-548;-461;-540;-558;-704;-774;-862;-846;-855;-1014;-1155;-1085;-1093;-1148;-929;-883;-800;-759;-663;-478;-444;-640;-626;-766;-805;-790;-771;-1091;-871;-873;-1033;-913;-825;-974;-1006;-909;-891;-970;-1054;-1003;-1074;-1119;-827;-781;-884;-873;-912;-956;-907;-1011;-1018;-1285;-1066;-1086;-926;-1071;-947;-1011;-1077;-1215;-1206;-1128;-1222;-1362;-1306;-1247;-1325;-1350;-1280;-1346;-1288;-1318;-1263;-1162;-1114;-1302;-1195;-1165;-1172;-1197;-1153;-1115;-1090;-1181;-1033;-1084;-1021;-969;-1113;-1030;-937;-1059;-1029;-906;-991;-929;-907;-990;-933;-959;-776;-844;-833;-781;-808;-870;-855;-804;-801;-825;-868;-868;-781;-710;-938;-791;-664;-818;-708;-584;-700;-768;-683;-634;-653;-594;-620;-535;-542;-573;-543;-606;-520;-539;-476;-578;-451;-464;-591;-445;-441;-456;-472;-454;-498;-592;-421;-597;-479;-474;-575;-472;-551;-439;-441;-447;-460;-482;-405;-413;-305;-340;-269;-325;-378;-380;-443;-497;-524;-345;-522;-461;-388;-589;-457;-506;-376;-428;-485;
-565;-632;-501;-561;-644;-527;-666;-565;-557;-547;-625;-521;-516;-470;-703;-669;-549;-656;-822;-514;-753;-531;-738;-652;-793;-712;-615;-686;-736;-719;-760;-824;-759;-733;-795;-865;-722;-818;-785;-799;-846;-845;-856;-747;-890;-824;-887;-833;-887;-946;-920;-965;-891;-949;-1063;-919;-1017;-993;-855;-1008;-1066;-942;-1097;-1071;-1212;-1089;-969;-901;-1071;-1096;-1077;-1034;-1036;-1178;-1047;-1123;-1180;-1022;-1059;-1076;-1135;-1024;-1012;-1085;-1064;-1169;-1108;-1108;-1111;-1041;-1195;-1059;-1180;-1047;-1122;-1205;-1135;-1116;-1117;-1229;-1146;-1154;-1158;-1117;-1178;-938;-1124;-993;-1004;-1135;-1017;-942;-927;-980;-843;-944;-1014;-906;-1003;-825;-789;-679;-619;-693;-683;-666;-597;-652;-734;-552;-516;-670;-622;-253;-318;-306;-333;-324;-330;-372;-458;-444;-512;-553;-540;-605;-756;-721;-836;-877;-966;-1082;-1079;-1064;-1063;-984;-862;-761;-920;-650;-628;-539;-644;-742;-775;-675;-812;-924;-856;-1037;-890;-1000;-1067;-884;-1006;-934;-963;-1013;-1092;-1002;-960;-1005;-917;-809;-791;-922;-786;-929;-932;-1095;-1063;-1013;-1218;-1068;-1046;-983;-938;-1015;-1022;-1021;-1133;-1106;-1183;-1165;-1203;-1248;-1230;-1300;-1346;-1228;-1218;-1226;-1326;-1251;-1144;-1245;-1206;-1136;-1111;-1151;-1050;-990;-1102;-1110;-969;-924;-1165;-1140;-937;-949;-923;-979;-1129;-1124;-920;-882;-907;-936;-1012;-949;-1000;-925;-987;-903;-790;-858;-809;-802;-802;-865;-647;-808;-742;-740;-744;-626;-606;-604;-592;-648;-537;-717;-516;-654;-663;-658;-612;-774;-569;-589;-521;-720;-563;-671;-536;-498;-492;-574;-535;-471;-512;-354;-447;-457;-472;-427;-392;-526;-473;-404;-463;-402;-458;-525;-472;-508;-403;-292;-343;-509;-249;-301;-213;-401;-414;-441;-512;-343;-423;-329;-389;-392;-407;-425;-454;-392;-506;-294;-456;-369;
-514;-607;-687;-531;-436;-573;-638;-532;-564;-792;-633;-741;-593;-627;-712;-532;-753;-776;-684;-676;-685;-650;-762;-823;-703;-776;-696;-662;-674;-719;-719;-689;-782;-757;-767;-614;-792;-863;-912;-824;-895;-822;-969;-894;-794;-860;-916;-944;-959;-991;-991;-928;-1010;-1078;-967;-916;-977;-944;-1209;-1054;-946;-937;-1019;-1095;-1047;-1134;-1037;-1045;-1038;-1171;-1005;-934;-1085;-1021;-1261;-1121;-908;-1142;-1145;-1202;-1138;-1201;-1143;-1108;-1104;-1182;-1107;-1082;-1043;-1130;-1163;-1090;-1197;-1204;-1187;-1149;-1096;-1201;-1103;-1127;-1124;-1098;-1045;-993;-1083;-1094;-1147;-992;-1107;-1086;-1041;-1001;-1093;-917;-854;-925;-928;-989;-827;-681;-713;-835;-695;-583;-733;-580;-547;-651;-763;-698;-724;-542;-509;-523;-463;-351;-478;-412;-334;-566;-417;-483;-558;-519;-734;-723;-798;-791;-967;-953;-1161;-1089;-1012;-1053;-976;-1061;-856;-931;-828;-785;-763;-742;-808;-820;-831;-780;-697;-822;-865;-905;-966;-926;-877;-954;-1154;-1123;-1062;-1128;-1145;-1090;-1023;-1062;-858;-796;-886;-941;-857;-1049;-990;-1114;-1162;-990;-1028;-1070;-1122;-1102;-964;-1051;-1118;-1037;-1281;-1178;-1178;-1195;-1292;-1096;-1314;-1335;-1302;-1280;-1195;-1249;-1279;-1244;-1295;-1108;-1264;-1260;-1150;-1223;-1140;-1077;-1174;-1103;-1212;-1049;-1054;-1065;-1056;-1098;-1090;-976;-964;-1109;-907;-1011;-1079;-925;-904;-1103;-996;-899;-1003;-884;-972;-926;-813;-906;-891;-858;-691;-916;-699;-783;-729;-710;-743;-756;-754;-792;-749;-621;-776;-683;-625;-622;-658;-596;-658;-544;-651;-721;-632;-628;-510;-651;-521;-389;-637;-538;-461;-470;-462;-468;-353;-519;-446;-581;-383;-516;-508;-410;-500;-432;-379;-397;-435;-510;-570;-379;-427;-445;-427;-375;-339;-554;-389;-436;-368;-480;-337;-496;-405;-437;-278;-426;-395;-434;-474;-551;
-445;-583;-575;-608;-642;-474;-432;-542;-541;-533;-476;-639;-476;-602;-549;-541;-716;-660;-496;-680;-519;-510;-744;-715;-581;-826;-676;-601;-668;-602;-791;-731;-779;-697;-667;-677;-723;-698;-877;-724;-794;-778;-685;-733;-893;-736;-739;-943;-903;-826;-673;-785;-877;-759;-704;-820;-971;-803;-802;-873;-772;-904;-781;-754;-915;-1051;-983;-974;-1078;-876;-973;-983;-893;-938;-1016;-888;-940;-1253;-958;-1129;-1078;-1135;-1122;-1109;-1019;-1009;-976;-997;-1080;-1196;-986;-988;-959;-1075;-1079;-1028;-890;-897;-1069;-845;-998;-1028;-1028;-1024;-916;-1042;-1017;-992;-1146;-961;-989;-915;-1023;-861;-851;-844;-751;-853;-561;-782;-775;-663;-605;-531;-678;-509;-634;-645;-648;-648;-623;-400;-375;-519;-238;-180;-294;-164;-390;-360;-374;-405;-397;-346;-417;-628;-658;-665;-832;-867;-808;-1010;-1176;-1109;-838;-911;-887;-778;-511;-664;-489;-437;-529;-590;-571;-660;-775;-727;-842;-723;-770;-781;-799;-800;-824;-871;-967;-1004;-851;-939;-885;-846;-775;-786;-783;-871;-686;-803;-999;-897;-926;-969;-983;-1083;-924;-815;-911;-1068;-930;-938;-954;-945;-1073;-1143;-1166;-1119;-1202;-1220;-977;-1271;-1107;-1120;-1084;-1315;-1088;-953;-1038;-976;-1068;-1101;-932;-925;-932;-968;-925;-891;-1012;-880;-941;-879;-849;-985;-838;-838;-963;-844;-936;-963;-870;-762;-937;-877;-804;-668;-711;-725;-715;-821;-765;-754;-699;-690;-611;-658;-551;-663;-548;-609;-540;-556;-580;-489;-561;-535;-526;-326;-483;-568;-569;-530;-478;-431;-565;-382;-400;-424;-363;-459;-453;-338;-320;-563;-347;-274;-441;-443;-439;-390;-303;-429;-255;-401;-330;-539;-286;-286;-357;-328;-178;-245;-216;-107;-239;-453;-284;-308;-257;-322;-316;-101;-254;-324;-340;-176;-381;-247;-349;-203;-229;-236;
-595;-687;-825;-684;-626;-748;-749;-760;-704;-594;-555;-759;-705;-692;-721;-663;-801;-737;-724;-682;-588;-687;-637;-809;-823;-864;-760;-667;-859;-866;-765;-752;-942;-805;-907;-837;-838;-943;-817;-853;-926;-930;-867;-816;-756;-1106;-905;-834;-944;-921;-947;-982;-1007;-1005;-936;-976;-974;-1038;-1010;-1060;-943;-1015;-1022;-1127;-1078;-1145;-1172;-975;-1060;-1156;-1140;-1108;-1176;-1167;-1061;-1110;-1224;-1063;-1091;-1153;-1087;-1153;-1187;-1129;-1255;-1150;-1069;-1073;-1186;-1230;-1097;-1102;-1200;-1085;-1082;-1110;-1140;-1139;-1169;-1125;-1095;-983;-1174;-1102;-1131;-1195;-1039;-1047;-1260;-1073;-1048;-1115;-1103;-1045;-905;-934;-815;-901;-794;-789;-777;-848;-701;-714;-687;-703;-750;-725;-702;-695;-617;-691;-472;-637;-606;-538;-607;-537;-527;-630;-651;-652;-739;-626;-695;-724;-648;-844;-944;-1003;-1156;-1116;-1153;-1087;-1066;-1115;-1097;-1031;-869;-772;-717;-629;-629;-782;-817;-961;-771;-842;-1039;-817;-866;-928;-981;-863;-1022;-1028;-967;-1060;-1153;-1161;-1111;-947;-980;-1001;-845;-875;-906;-998;-1118;-1065;-1197;-1161;-1132;-1124;-1035;-982;-1211;-911;-1043;-1041;-1152;-1148;-1176;-1244;-1165;-1348;-1182;-1281;-1261;-1268;-1293;-1290;-1226;-1135;-1221;-1257;-1314;-1282;-1128;-1256;-1172;-1157;-1113;-1155;-1175;-1085;-1112;-1208;-1094;-923;-1133;-1032;-992;-1088;-1010;-1012;-998;-942;-1039;-1007;-882;-928;-1002;-851;-903;-799;-841;-953;-961;-898;-822;-905;-1034;-710;-743;-805;-679;-753;-629;-683;-683;-738;-640;-666;-635;-727;-664;-620;-741;-603;-635;-659;-627;-674;-521;-540;-605;-605;-490;-532;-563;-480;-615;-465;-573;-594;-394;-513;-624;-608;-589;-458;-504;-422;-415;-486;-456;-411;-501;-363;-382;-383;-431;-336;-431;-383;-317;-405;-353;-451;-306;-368;-490;-394;-333;-335;-457;-284;-388;-605;
-560;-601;-642;-391;-489;-560;-540;-544;-537;-585;-645;-556;-714;-658;-615;-658;-426;-771;-473;-603;-651;-610;-544;-646;-675;-720;-688;-714;-683;-619;-682;-869;-714;-754;-730;-664;-731;-692;-808;-762;-767;-832;-830;-733;-708;-748;-866;-691;-812;-809;-946;-952;-826;-815;-895;-962;-817;-876;-956;-808;-957;-862;-1016;-873;-933;-954;-966;-1003;-843;-903;-894;-937;-1153;-970;-1165;-901;-973;-928;-928;-1023;-901;-1024;-1030;-985;-973;-1030;-1097;-1133;-1030;-942;-975;-1056;-975;-1042;-928;-937;-1046;-982;-953;-1006;-857;-928;-1015;-1021;-1079;-1005;-1003;-1069;-931;-888;-1036;-960;-894;-922;-809;-841;-745;-853;-697;-823;-644;-673;-596;-559;-655;-497;-590;-718;-639;-665;-554;-548;-359;-442;-640;-532;-361;-365;-481;-531;-479;-520;-535;-508;-592;-725;-770;-756;-935;-991;-980;-848;-1088;-1030;-991;-833;-846;-733;-678;-640;-444;-706;-740;-543;-629;-637;-562;-700;-753;-870;-801;-841;-725;-828;-959;-859;-940;-983;-962;-1011;-905;-838;-804;-798;-801;-800;-806;-954;-908;-953;-821;-931;-968;-801;-831;-897;-968;-958;-910;-926;-961;-1051;-1103;-1152;-1234;-1208;-1290;-1205;-1207;-1091;-1139;-1072;-1099;-1176;-1145;-1079;-1178;-1167;-1146;-1018;-1067;-1057;-1009;-1114;-904;-866;-1031;-1032;-891;-953;-854;-876;-805;-828;-927;-978;-940;-745;-979;-875;-803;-916;-787;-691;-750;-702;-667;-741;-770;-615;-646;-778;-588;-728;-708;-865;-631;-697;-636;-639;-698;-624;-634;-603;-471;-650;-564;-618;-651;-508;-536;-444;-462;-529;-473;-405;-430;-370;-416;-497;-436;-307;-403;-401;-293;-352;-232;-415;-387;-394;-303;-246;-360;-362;-237;-346;-347;-465;-332;-251;-254;-371;-311;-345;-172;-218;-331;-260;-209;-359;-321;-329;-304;-354;-348;-328;-400;-323;-325;-407;
-669;-554;-829;-755;-703;-662;-530;-590;-580;-648;-790;-581;-649;-663;-786;-606;-561;-693;-664;-750;-786;-721;-759;-742;-686;-780;-728;-633;-818;-723;-782;-729;-788;-733;-739;-812;-1036;-979;-795;-702;-861;-927;-965;-906;-952;-1013;-1014;-941;-969;-909;-958;-1106;-829;-946;-903;-831;-1142;-1022;-1044;-1138;-921;-960;-1091;-1016;-1050;-1074;-1099;-1054;-925;-1149;-957;-1131;-1186;-985;-1079;-1000;-1089;-1191;-1276;-1146;-1162;-1145;-1135;-1160;-1098;-1056;-1242;-1185;-1216;-1194;-1193;-1255;-1284;-977;-1201;-1252;-1250;-1079;-1099;-1228;-1242;-1203;-1144;-1130;-1253;-1064;-1100;-1144;-1139;-1131;-1047;-1019;-1080;-1049;-876;-918;-1002;-954;-997;-885;-719;-714;-745;-859;-808;-778;-725;-820;-778;-811;-830;-793;-863;-629;-618;-772;-659;-695;-555;-636;-681;-829;-765;-921;-871;-672;-871;-1049;-952;-1124;-1120;-1189;-1174;-1091;-1108;-1160;-1024;-775;-994;-880;-724;-683;-766;-828;-868;-905;-876;-884;-879;-957;-1064;-975;-972;-1014;-1088;-1067;-1037;-1114;-1302;-1028;-1077;-1052;-1010;-1053;-919;-906;-958;-1071;-1086;-1090;-1148;-953;-1128;-1151;-1160;-1095;-1037;-1104;-1027;-1053;-1226;-1211;-1244;-1212;-1326;-1310;-1437;-1301;-1280;-1380;-1257;-1342;-1284;-1262;-1273;-1259;-1226;-1211;-1204;-1201;-1266;-1041;-1168;-1172;-1155;-1116;-1061;-1057;-1003;-1016;-1159;-999;-1003;-1149;-975;-966;-996;-973;-925;-932;-982;-956;-931;-893;-1022;-899;-854;-924;-921;-828;-805;-800;-929;-928;-770;-838;-801;-875;-924;-719;-770;-783;-682;-666;-758;-649;-751;-713;-685;-764;-597;-663;-634;-509;-785;-649;-598;-635;-470;-698;-524;-679;-632;-563;-541;-537;-483;-394;-339;-597;-468;-502;-453;-426;-449;-419;-465;-520;-458;-476;-403;-413;-524;-445;-448;-558;-353;-422;-495;-538;-272;-492;-459;-386;-385;-566;-441;-596;-404;-404;
-671;-683;-564;-664;-539;-590;-674;-609;-589;-648;-497;-638;-597;-589;-593;-580;-644;-661;-651;-631;-588;-664;-750;-603;-671;-717;-638;-725;-713;-784;-755;-733;-679;-648;-712;-666;-684;-674;-695;-733;-806;-738;-791;-801;-741;-722;-928;-821;-685;-793;-789;-895;-762;-937;-878;-798;-913;-776;-886;-947;-808;-1019;-935;-940;-929;-984;-992;-947;-887;-880;-1107;-1011;-959;-1002;-1038;-989;-909;-1117;-1017;-1088;-1148;-1100;-1066;-1187;-993;-1094;-1028;-1128;-1135;-1133;-874;-1149;-951;-1003;-1148;-1122;-1044;-972;-1168;-1015;-1110;-988;-991;-889;-1030;-954;-979;-995;-982;-1162;-982;-1008;-1021;-817;-942;-1006;-844;-925;-984;-869;-818;-739;-545;-680;-705;-777;-783;-744;-764;-780;-799;-831;-752;-690;-714;-689;-500;-564;-678;-580;-621;-745;-660;-652;-808;-734;-863;-1053;-952;-972;-1044;-1001;-1045;-1098;-908;-974;-863;-908;-817;-681;-659;-744;-682;-632;-786;-741;-924;-829;-919;-851;-860;-784;-901;-872;-884;-839;-1042;-1095;-1123;-1095;-991;-958;-945;-823;-879;-913;-908;-941;-907;-1069;-1079;-960;-1033;-1028;-1076;-1066;-847;-1016;-1142;-934;-1109;-1028;-1100;-1092;-1183;-1290;-1289;-1280;-1171;-1176;-1092;-1192;-1142;-1237;-1136;-1174;-1275;-1311;-1075;-1087;-960;-1124;-1037;-1005;-1073;-1122;-1079;-939;-985;-978;-868;-933;-992;-909;-965;-919;-987;-918;-866;-741;-874;-925;-908;-891;-875;-776;-600;-774;-728;-791;-787;-842;-665;-777;-709;-714;-713;-777;-798;-648;-789;-732;-579;-647;-720;-732;-593;-543;-614;-637;-544;-690;-558;-500;-567;-550;-574;-530;-432;-457;-552;-538;-533;-496;-519;-559;-321;-465;-391;-523;-358;-373;-502;-461;-469;-321;-404;-333;-390;-491;-323;-408;-424;-404;-366;-478;-352;-336;-286;-438;-395;-260;-315;-329;-311;-347;-322;-366;-292;-379;
-513;-847;-745;-738;-665;-658;-739;-653;-630;-702;-588;-732;-587;-711;-770;-658;-689;-584;-684;-717;-765;-586;-657;-577;-622;-687;-592;-799;-708;-768;-629;-723;-772;-709;-817;-722;-787;-922;-763;-826;-756;-703;-851;-938;-869;-833;-928;-869;-963;-915;-878;-1034;-815;-929;-915;-1003;-913;-871;-902;-1080;-950;-1095;-993;-888;-947;-1001;-1030;-1017;-961;-932;-1064;-1211;-1254;-1028;-942;-1098;-1210;-1012;-1043;-1135;-1044;-1150;-1221;-1141;-1069;-1169;-1173;-1110;-1116;-1254;-1127;-1008;-1007;-1155;-1143;-1107;-1132;-1131;-1150;-1166;-1069;-1228;-1036;-1149;-1057;-1187;-1041;-1083;-1051;-1025;-935;-935;-1122;-1069;-1042;-1021;-1004;-833;-937;-855;-702;-735;-704;-674;-680;-778;-795;-802;-803;-837;-785;-712;-722;-840;-796;-657;-653;-741;-761;-748;-757;-725;-679;-771;-926;-850;-845;-938;-1114;-1077;-998;-1141;-1095;-1145;-1104;-1148;-1030;-1081;-902;-939;-739;-844;-767;-838;-871;-690;-842;-869;-913;-1047;-889;-892;-912;-1046;-988;-1125;-1053;-1025;-1126;-1081;-937;-1149;-1071;-893;-911;-1003;-1040;-1034;-1005;-1049;-1155;-1140;-963;-1298;-1147;-1068;-1147;-1026;-1165;-1050;-1179;-1152;-1200;-1262;-1301;-1316;-1347;-1327;-1216;-1293;-1190;-1250;-1316;-1340;-1179;-1185;-1029;-1129;-1236;-1223;-1272;-1167;-1061;-1110;-1010;-1123;-931;-980;-895;-1047;-1005;-873;-1030;-1018;-1003;-903;-867;-897;-896;-904;-1004;-878;-889;-854;-920;-863;-811;-787;-707;-731;-829;-741;-779;-739;-735;-784;-758;-719;-776;-853;-759;-728;-600;-547;-638;-788;-649;-675;-694;-700;-502;-581;-621;-596;-651;-571;-552;-621;-516;-551;-570;-626;-463;-506;-548;-520;-609;-586;-553;-558;-577;-498;-469;-486;-531;-518;-506;-572;-449;-269;-463;-424;-345;-566;-387;-421;-434;-463;-509;-402;-446;-422;-421;-410;-273;-458;-393;-501;-416;-440;
-689;-710;-674;-751;-727;-697;-689;-508;-691;-687;-721;-712;-718;-851;-700;-751;-658;-729;-616;-709;-699;-807;-766;-585;-819;-704;-701;-654;-697;-704;-759;-723;-789;-726;-767;-698;-743;-816;-848;-810;-805;-774;-783;-645;-812;-717;-853;-852;-916;-779;-952;-964;-848;-996;-885;-795;-996;-826;-1017;-951;-853;-998;-914;-924;-934;-952;-1031;-1103;-868;-1024;-1024;-1017;-1067;-1087;-1082;-1111;-1017;-1062;-1019;-1039;-1018;-1104;-1172;-1188;-1068;-1078;-1200;-1120;-1111;-1197;-1179;-1157;-1175;-1142;-1117;-1001;-1197;-1096;-1223;-1098;-1148;-1038;-1045;-1106;-1060;-1089;-1054;-885;-1100;-993;-1015;-1021;-1122;-993;-1049;-1068;-822;-785;-674;-787;-904;-817;-806;-785;-728;-801;-678;-817;-810;-780;-912;-764;-900;-789;-783;-727;-790;-731;-710;-734;-820;-769;-728;-930;-859;-913;-1024;-992;-956;-984;-1129;-1163;-1118;-1114;-1234;-981;-1013;-976;-994;-875;-796;-952;-909;-932;-954;-772;-932;-1024;-1021;-959;-881;-1038;-933;-989;-1061;-1166;-1112;-1226;-1143;-1075;-1164;-1144;-984;-1050;-1026;-993;-890;-1005;-1045;-1082;-1154;-1059;-1075;-1115;-1243;-1154;-1037;-1090;-1193;-1142;-1245;-1257;-1327;-1255;-1238;-1323;-1337;-1240;-1202;-1404;-1167;-1392;-1230;-1224;-1197;-1090;-1218;-1153;-1151;-1219;-1198;-1266;-1137;-1067;-1145;-1096;-1059;-1040;-1087;-1044;-923;-933;-916;-976;-935;-943;-899;-737;-788;-777;-866;-829;-839;-928;-830;-816;-839;-833;-943;-817;-829;-789;-808;-896;-742;-795;-780;-841;-707;-706;-628;-582;-717;-741;-722;-614;-670;-716;-658;-624;-698;-608;-634;-504;-591;-582;-654;-555;-611;-585;-650;-534;-527;-649;-586;-504;-540;-442;-447;-572;-390;-471;-556;-509;-312;-439;-498;-417;-392;-444;-583;-719;-427;-412;-401;-505;-492;-453;-413;-294;-410;-342;-426;-421;-352;-488;-536;-446;-421;-385;
-761;-609;-668;-660;-535;-784;-491;-681;-581;-669;-620;-609;-655;-535;-594;-723;-628;-628;-505;-631;-692;-647;-557;-741;-659;-651;-650;-733;-658;-547;-521;-718;-574;-705;-794;-657;-762;-715;-693;-827;-803;-871;-687;-767;-813;-796;-819;-817;-962;-823;-894;-832;-828;-733;-734;-931;-907;-778;-895;-870;-886;-1052;-860;-879;-877;-843;-846;-974;-968;-1017;-923;-1047;-928;-951;-871;-962;-1042;-1094;-1208;-994;-1008;-1032;-933;-1006;-1032;-1003;-1023;-1129;-926;-1064;-1118;-983;-1026;-1076;-940;-1127;-1087;-1002;-1123;-1103;-1047;-976;-997;-896;-993;-942;-1013;-1193;-1145;-1061;-904;-912;-826;-852;-945;-1013;-894;-910;-849;-740;-662;-787;-816;-705;-811;-882;-827;-761;-841;-793;-804;-772;-749;-747;-758;-686;-764;-791;-864;-826;-782;-725;-830;-749;-756;-757;-894;-847;-871;-1021;-1115;-1073;-1139;-1146;-1058;-1050;-1020;-835;-845;-893;-770;-932;-832;-779;-901;-965;-996;-1014;-945;-946;-1021;-1051;-964;-1019;-1082;-1170;-1173;-1184;-1222;-1172;-1090;-764;-1087;-1075;-947;-985;-1052;-1099;-983;-1115;-1129;-1099;-1070;-1068;-1041;-1069;-1223;-1100;-1142;-1147;-1101;-1086;-1142;-1257;-1324;-1139;-1256;-1401;-1377;-1251;-1167;-1229;-1292;-1168;-1213;-1270;-1304;-1159;-1036;-1113;-1240;-1211;-990;-1115;-1026;-1055;-1041;-861;-986;-990;-955;-945;-733;-909;-1077;-892;-869;-856;-898;-860;-871;-884;-834;-793;-771;-905;-797;-591;-819;-797;-955;-669;-697;-694;-759;-795;-689;-725;-665;-560;-695;-711;-496;-590;-673;-576;-555;-530;-523;-539;-637;-496;-531;-581;-510;-445;-667;-554;-639;-589;-479;-626;-528;-493;-454;-397;-471;-367;-524;-596;-509;-486;-515;-619;-517;-493;-518;-386;-412;-325;-430;-324;-429;-405;-527;-345;-245;-201;-259;-329;-363;-215;-304;-287;-431;-413;-382;-300;-385;-390;
-552;-624;-647;-660;-772;-626;-719;-717;-680;-538;-509;-543;-722;-608;-625;-733;-662;-725;-589;-719;-743;-718;-604;-720;-735;-735;-676;-569;-696;-649;-601;-695;-758;-642;-752;-827;-822;-829;-813;-805;-685;-712;-674;-818;-810;-805;-838;-816;-738;-849;-839;-864;-774;-961;-912;-920;-763;-819;-787;-838;-975;-897;-860;-807;-904;-857;-936;-810;-912;-970;-971;-1091;-1097;-920;-958;-946;-980;-1066;-959;-1059;-1094;-1049;-1075;-1095;-1109;-1122;-1132;-1096;-1030;-1065;-1125;-1008;-1038;-914;-1092;-1130;-1197;-1052;-1088;-1099;-1145;-941;-939;-1039;-1066;-1024;-1022;-1034;-1030;-990;-1008;-942;-980;-995;-835;-1051;-1090;-893;-926;-962;-883;-815;-764;-858;-746;-758;-883;-774;-780;-777;-889;-824;-795;-835;-769;-735;-646;-727;-691;-698;-902;-904;-672;-825;-841;-857;-814;-1024;-1159;-1117;-1092;-1099;-1207;-1128;-1206;-1033;-923;-1029;-887;-899;-1044;-942;-885;-964;-955;-1026;-1081;-985;-1082;-1127;-1015;-919;-1080;-1022;-1232;-1150;-1004;-1060;-1089;-1064;-1223;-996;-932;-1002;-999;-994;-1026;-1045;-1158;-1110;-1160;-1139;-1051;-995;-1065;-1035;-1100;-1108;-1127;-1100;-1279;-1135;-1243;-1223;-1177;-1285;-1316;-1163;-1190;-1261;-1238;-1222;-1362;-1121;-1278;-1294;-1084;-1235;-1152;-1189;-1134;-1125;-1091;-1091;-940;-1147;-995;-991;-980;-953;-1018;-951;-958;-1046;-844;-870;-930;-1039;-722;-837;-803;-928;-898;-859;-846;-751;-804;-834;-658;-666;-801;-781;-746;-745;-750;-704;-652;-800;-631;-620;-557;-771;-593;-602;-607;-664;-563;-466;-603;-677;-460;-653;-614;-520;-515;-554;-546;-398;-492;-415;-521;-431;-408;-478;-438;-459;-560;-498;-461;-483;-541;-305;-415;-347;-581;-386;-358;-263;-377;-411;-320;-340;-370;-302;-413;-277;-243;-424;-361;-208;-287;-428;-340;-303;-322;-260;-259;-511;-265;-293;
-829;-856;-723;-655;-650;-814;-736;-602;-812;-693;-729;-794;-737;-809;-883;-827;-782;-738;-724;-723;-723;-767;-732;-735;-733;-718;-776;-909;-890;-916;-894;-800;-808;-821;-854;-838;-820;-800;-809;-855;-969;-880;-817;-904;-960;-940;-916;-844;-964;-884;-815;-863;-1034;-953;-936;-1024;-1093;-898;-846;-952;-1006;-923;-948;-913;-1111;-907;-906;-1024;-1187;-998;-958;-1081;-1107;-1055;-1154;-1143;-1181;-1020;-1146;-1104;-1101;-1069;-1067;-1095;-1088;-1130;-1214;-1026;-1180;-1191;-1212;-1103;-1232;-1190;-1039;-1219;-1230;-1035;-1192;-1144;-1172;-1173;-1055;-1193;-1188;-1111;-1109;-1092;-1111;-948;-1070;-1004;-1033;-1081;-830;-1044;-1056;-899;-1060;-814;-912;-1008;-878;-878;-862;-763;-1033;-889;-846;-929;-584;-883;-845;-973;-939;-760;-658;-884;-917;-915;-939;-961;-939;-850;-1111;-1175;-1053;-1302;-1088;-1181;-1240;-1282;-1138;-1007;-1132;-1206;-1043;-1088;-1123;-964;-989;-946;-998;-1068;-988;-1060;-1069;-1090;-1058;-1109;-1102;-1073;-1033;-1130;-1232;-1048;-1204;-1259;-1212;-1172;-1119;-1150;-1045;-1081;-1137;-1183;-1053;-1108;-978;-1030;-1194;-1162;-1063;-1170;-1180;-1206;-1166;-1268;-1181;-1304;-1303;-1216;-1282;-1225;-1369;-1302;-1357;-1247;-1345;-1279;-1315;-1295;-1144;-1233;-1226;-1285;-1291;-1158;-1145;-1240;-1253;-1102;-1202;-1242;-1006;-1158;-1095;-1047;-1034;-1076;-1090;-1065;-1040;-1029;-932;-1030;-837;-893;-913;-987;-863;-866;-985;-977;-811;-903;-898;-778;-772;-921;-781;-835;-801;-693;-659;-810;-693;-743;-752;-711;-607;-797;-593;-657;-632;-699;-716;-687;-669;-582;-722;-619;-567;-501;-806;-441;-607;-538;-608;-489;-557;-534;-486;-539;-471;-434;-504;-521;-468;-496;-487;-412;-575;-616;-475;-478;-442;-450;-397;-464;-463;-422;-375;-418;-437;-392;-324;-357;-482;-425;-315;-411;-323;-441;-462;-325;-341;-463;-210;-408;
-836;-833;-694;-763;-707;-887;-803;-853;-735;-726;-794;-792;-810;-750;-674;-774;-816;-711;-812;-934;-823;-844;-811;-941;-809;-805;-860;-797;-792;-901;-744;-851;-873;-863;-897;-738;-929;-796;-787;-685;-734;-830;-887;-813;-779;-833;-796;-882;-854;-970;-821;-781;-1053;-857;-889;-920;-955;-948;-851;-871;-923;-1046;-940;-882;-1155;-1029;-1084;-1063;-1157;-1066;-952;-1095;-1061;-1112;-1078;-1127;-1097;-1096;-1237;-1086;-1033;-1147;-1127;-1141;-1216;-1046;-1100;-1140;-1156;-1150;-1070;-1035;-1059;-1062;-1100;-1141;-1274;-1160;-1237;-1146;-1042;-1138;-1066;-1196;-1194;-1043;-1105;-1095;-1043;-1184;-1178;-1153;-1090;-1062;-1043;-1172;-1120;-988;-1031;-1000;-1006;-906;-908;-693;-922;-793;-941;-837;-909;-812;-858;-848;-735;-830;-854;-750;-710;-795;-847;-794;-985;-953;-796;-886;-958;-930;-963;-943;-1031;-1081;-1308;-1069;-1192;-1192;-1198;-1274;-1036;-1093;-1072;-1106;-963;-921;-1017;-1089;-1024;-947;-1078;-876;-1107;-1016;-1091;-975;-1121;-1163;-1250;-1221;-1054;-1271;-1242;-1152;-1174;-1131;-1004;-1142;-1007;-1107;-1124;-1061;-1136;-1121;-1015;-1125;-1145;-1143;-1207;-1243;-1130;-1141;-1136;-1140;-1074;-1209;-1197;-1229;-1363;-1282;-1400;-1248;-1356;-1326;-1302;-1100;-1242;-1139;-1222;-1218;-1119;-1078;-1100;-1207;-1137;-1140;-1109;-1120;-1257;-1034;-991;-945;-1059;-955;-990;-966;-861;-961;-966;-867;-824;-910;-803;-856;-836;-926;-943;-823;-930;-842;-832;-834;-800;-774;-704;-635;-826;-632;-701;-748;-691;-596;-626;-617;-653;-722;-580;-670;-713;-528;-577;-567;-580;-630;-572;-680;-505;-573;-581;-572;-601;-647;-535;-560;-516;-574;-728;-447;-474;-485;-536;-511;-577;-334;-557;-344;-433;-383;-530;-210;-470;-473;-453;-396;-368;-260;-383;-515;-524;-331;-324;-436;-405;-377;-346;-379;-359;-265;-292;-351;-274;-260;-436;-548;
-641;-604;-665;-684;-577;-628;-576;-632;-625;-643;-513;-575;-536;-670;-591;-654;-637;-573;-620;-594;-636;-626;-614;-727;-569;-672;-745;-776;-701;-732;-697;-481;-653;-674;-650;-719;-811;-722;-647;-801;-604;-600;-658;-708;-784;-691;-667;-751;-724;-730;-589;-682;-872;-756;-619;-859;-822;-761;-682;-758;-715;-751;-714;-762;-739;-875;-787;-772;-818;-905;-834;-822;-945;-886;-841;-1037;-1010;-949;-979;-839;-906;-964;-1120;-900;-1000;-854;-893;-877;-972;-1024;-1021;-894;-1025;-994;-914;-889;-1010;-964;-1052;-1070;-936;-905;-921;-807;-888;-821;-945;-890;-886;-889;-1063;-777;-838;-827;-947;-871;-722;-752;-862;-660;-684;-706;-646;-811;-726;-711;-819;-743;-777;-595;-645;-697;-632;-710;-703;-598;-695;-675;-778;-681;-716;-763;-862;-775;-783;-863;-923;-1002;-948;-988;-970;-940;-1039;-1081;-995;-989;-964;-934;-849;-889;-867;-897;-911;-936;-848;-961;-946;-861;-915;-966;-1011;-889;-887;-902;-999;-1159;-1247;-1055;-985;-1100;-1005;-1102;-898;-841;-795;-1011;-902;-904;-1025;-996;-1092;-975;-1219;-931;-1075;-944;-971;-909;-917;-858;-1010;-1081;-940;-1104;-1090;-1139;-1113;-1186;-1193;-1051;-1025;-1038;-1176;-1130;-1063;-1076;-930;-993;-1014;-908;-945;-978;-916;-1015;-887;-924;-940;-878;-886;-1000;-900;-932;-860;-752;-678;-740;-629;-704;-780;-784;-743;-664;-712;-583;-544;-612;-599;-518;-697;-699;-628;-636;-571;-564;-589;-374;-636;-604;-520;-459;-440;-503;-493;-389;-439;-566;-433;-530;-510;-465;-371;-480;-393;-457;-375;-546;-329;-408;-471;-395;-397;-409;-409;-354;-321;-487;-342;-310;-450;-288;-353;-402;-254;-270;-306;-197;-261;-278;-280;-156;-278;-221;-292;-250;-282;-139;-164;-124;-171;-202;-205;-228;-228;-137;-211;-97;-199;-362;-122;-123;
-694;-627;-683;-760;-666;-742;-723;-667;-554;-742;-599;-744;-632;-649;-672;-841;-635;-751;-717;-665;-701;-743;-634;-557;-645;-648;-702;-633;-730;-707;-721;-703;-746;-746;-630;-770;-646;-726;-719;-680;-736;-628;-753;-770;-699;-780;-904;-756;-725;-726;-912;-715;-815;-705;-858;-773;-913;-838;-903;-919;-866;-894;-892;-713;-771;-907;-1064;-1032;-951;-958;-903;-994;-880;-860;-945;-958;-829;-1077;-900;-1031;-962;-890;-919;-1037;-1065;-1016;-962;-991;-969;-1153;-1026;-1080;-1073;-961;-889;-1018;-1026;-1188;-1133;-1067;-1052;-1032;-1064;-1108;-980;-1021;-1033;-939;-1077;-836;-916;-864;-900;-810;-884;-914;-889;-889;-923;-737;-733;-689;-686;-594;-689;-788;-691;-838;-735;-865;-569;-700;-700;-593;-677;-653;-771;-657;-786;-883;-770;-740;-848;-816;-835;-856;-943;-855;-1023;-1147;-1038;-1158;-1128;-1166;-1095;-1067;-1031;-1052;-931;-1066;-999;-883;-1007;-820;-1098;-1036;-1107;-1018;-1024;-1016;-991;-891;-1096;-1117;-1050;-1117;-1187;-1126;-1307;-1168;-1227;-1043;-902;-815;-984;-938;-1028;-1075;-1131;-1026;-1121;-1104;-1173;-1100;-1148;-1018;-982;-1030;-1019;-1150;-1194;-1121;-1272;-1258;-1296;-1223;-1269;-1204;-1196;-1137;-1147;-1238;-1105;-1256;-1238;-941;-1023;-1176;-1059;-1081;-901;-1037;-1024;-1123;-1037;-1117;-1008;-982;-952;-862;-988;-823;-834;-753;-722;-797;-889;-711;-846;-729;-796;-851;-691;-765;-732;-765;-681;-808;-742;-608;-682;-631;-621;-638;-744;-611;-670;-572;-511;-652;-582;-489;-609;-481;-552;-588;-521;-534;-443;-485;-510;-583;-441;-495;-543;-458;-384;-516;-396;-476;-500;-464;-469;-455;-392;-258;-410;-503;-424;-363;-429;-311;-395;-370;-425;-425;-275;-233;-299;-238;-293;-210;-283;-278;-283;-251;-152;-164;-330;-146;-90;-170;-200;-279;-232;-248;-383;-288;-259;-254;
-707;-825;-698;-703;-693;-692;-683;-661;-572;-643;-598;-713;-669;-735;-645;-689;-709;-625;-607;-659;-841;-715;-684;-693;-693;-734;-607;-738;-742;-566;-692;-774;-611;-805;-745;-799;-710;-621;-683;-759;-779;-591;-778;-716;-739;-651;-808;-706;-720;-841;-846;-715;-646;-840;-734;-806;-987;-952;-919;-841;-949;-859;-921;-764;-950;-805;-888;-880;-967;-913;-1037;-794;-923;-886;-893;-906;-996;-984;-996;-784;-947;-985;-1012;-1022;-1048;-967;-1094;-1018;-987;-1047;-881;-1038;-1158;-1073;-1016;-1099;-1091;-1047;-1013;-995;-1081;-1121;-1083;-1183;-987;-1039;-1134;-1147;-1092;-999;-1040;-1004;-1128;-931;-791;-876;-886;-928;-997;-880;-814;-782;-857;-864;-761;-875;-888;-826;-850;-832;-703;-653;-742;-738;-601;-799;-838;-811;-859;-877;-853;-791;-962;-922;-1059;-920;-941;-1102;-1095;-1060;-1162;-1178;-1262;-1222;-1080;-1117;-1057;-1082;-973;-1057;-1013;-931;-867;-946;-1149;-1163;-1111;-985;-998;-1111;-1145;-1222;-1201;-1185;-1296;-1252;-1197;-1221;-1239;-1143;-1134;-969;-1068;-1101;-1088;-1180;-1013;-1096;-1097;-1252;-1184;-1031;-1204;-1272;-1123;-1250;-1199;-1085;-1166;-1158;-1142;-1240;-1222;-1272;-1230;-1264;-1412;-1272;-1355;-1358;-1125;-1213;-1241;-1182;-1119;-1162;-1346;-1111;-1165;-1078;-1105;-1202;-1169;-1137;-990;-1098;-1093;-979;-1077;-1058;-1006;-836;-922;-891;-847;-793;-766;-870;-717;-901;-814;-765;-739;-810;-682;-792;-604;-593;-764;-743;-615;-671;-661;-623;-622;-706;-634;-753;-674;-631;-614;-524;-639;-577;-602;-506;-586;-548;-475;-571;-625;-556;-517;-516;-473;-563;-558;-527;-399;-353;-492;-485;-404;-358;-396;-347;-439;-279;-338;-455;-338;-295;-420;-312;-455;-265;-286;-345;-278;-362;-231;-273;-360;-299;-315;-180;-204;-245;-208;-164;-243;-206;-195;-197;-220;-214;-252;-290;-219;-112;
-802;-694;-792;-778;-739;-848;-805;-763;-729;-739;-762;-665;-645;-691;-693;-626;-746;-567;-731;-725;-883;-770;-684;-733;-721;-675;-697;-718;-820;-765;-724;-774;-780;-723;-789;-729;-767;-804;-903;-799;-757;-809;-842;-714;-767;-803;-720;-854;-807;-706;-1000;-915;-815;-847;-739;-985;-816;-1001;-816;-778;-905;-885;-948;-899;-1129;-947;-963;-925;-849;-937;-1064;-993;-793;-985;-986;-975;-1047;-899;-1060;-1020;-1036;-1011;-1044;-1130;-1163;-963;-1105;-1096;-1055;-1171;-977;-1149;-1127;-1073;-1115;-1164;-1176;-1077;-1159;-1193;-1153;-1066;-1168;-1092;-982;-1094;-1048;-1037;-1107;-1034;-1078;-1095;-1074;-990;-934;-1074;-1077;-1110;-1063;-915;-784;-939;-964;-1020;-880;-988;-913;-831;-929;-812;-888;-966;-679;-806;-848;-1020;-939;-819;-837;-889;-891;-887;-855;-930;-1043;-1014;-1016;-986;-1203;-1099;-1234;-1260;-1079;-1170;-1218;-1168;-1064;-1088;-1043;-1060;-1110;-887;-1039;-1078;-1147;-1037;-1000;-1102;-1279;-1130;-1108;-1169;-1144;-1231;-1251;-1311;-1275;-1237;-1134;-1185;-1169;-1197;-1257;-1281;-1122;-1078;-1077;-1191;-1210;-1098;-1232;-1162;-1228;-1243;-1219;-1199;-1141;-1203;-1160;-1284;-1183;-1267;-1312;-1296;-1207;-1321;-1388;-1323;-1293;-1298;-1341;-1384;-1326;-1390;-1343;-1162;-1180;-1226;-1198;-1256;-1053;-1010;-1209;-1221;-1074;-1142;-1038;-1037;-940;-1067;-950;-869;-844;-830;-976;-974;-929;-835;-920;-945;-897;-939;-783;-748;-856;-726;-637;-650;-725;-700;-585;-658;-610;-627;-640;-696;-606;-694;-589;-479;-464;-668;-545;-607;-553;-525;-490;-553;-603;-457;-549;-455;-517;-449;-508;-433;-556;-542;-506;-491;-424;-462;-502;-380;-371;-448;-420;-378;-388;-408;-314;-291;-271;-435;-250;-270;-313;-356;-408;-254;-395;-258;-373;-218;-189;-203;-252;-244;-208;-283;-262;-212;-296;-239;-245;-286;-301;-142;-337;-224;
-802;-752;-678;-684;-740;-755;-589;-780;-686;-720;-706;-773;-731;-696;-701;-579;-648;-676;-511;-635;-743;-682;-701;-641;-680;-550;-556;-736;-608;-680;-705;-818;-706;-646;-605;-680;-817;-649;-741;-687;-567;-757;-813;-816;-831;-629;-749;-572;-736;-564;-704;-742;-791;-792;-810;-604;-757;-788;-719;-892;-867;-806;-763;-813;-899;-846;-851;-776;-911;-911;-915;-728;-761;-994;-891;-954;-915;-920;-908;-929;-957;-1079;-869;-927;-950;-991;-1104;-1070;-847;-899;-1117;-986;-1067;-1087;-1079;-1099;-1037;-1032;-1030;-1051;-983;-1086;-917;-957;-1151;-1179;-1083;-1099;-881;-1108;-1004;-811;-820;-961;-956;-970;-1010;-896;-686;-767;-812;-794;-825;-725;-841;-693;-902;-782;-812;-768;-741;-757;-841;-863;-794;-820;-854;-806;-936;-843;-861;-875;-753;-826;-969;-814;-960;-1020;-1094;-1168;-1281;-1110;-1251;-1156;-1226;-1030;-1042;-1040;-947;-946;-849;-840;-877;-849;-1040;-1007;-1117;-1137;-1096;-1138;-1101;-1172;-1012;-941;-1107;-1174;-1262;-1186;-1052;-1216;-1099;-1064;-1164;-994;-1096;-1101;-999;-1164;-1108;-1248;-1007;-1070;-1122;-1052;-1165;-1168;-1091;-1178;-1214;-1193;-1259;-1151;-1193;-1208;-1294;-1303;-1186;-1187;-1249;-1275;-1311;-1108;-1172;-1233;-1091;-1112;-1062;-1166;-1133;-1046;-1128;-922;-1040;-975;-1000;-1005;-982;-773;-868;-941;-829;-735;-867;-770;-735;-790;-830;-687;-728;-701;-755;-679;-577;-741;-535;-627;-519;-666;-612;-418;-586;-623;-428;-487;-577;-526;-510;-490;-487;-535;-463;-557;-352;-392;-580;-429;-635;-501;-442;-417;-516;-500;-421;-344;-364;-440;-436;-463;-373;-352;-319;-235;-264;-380;-352;-244;-226;-301;-314;-330;-353;-146;-255;-247;-196;-217;-266;-194;-189;-117;-68;-159;-183;-121;-215;-108;-72;-92;-197;-95;-54;-224;-51;-185;-188;-182;-105;-104;-52;-88;
-874;-796;-892;-878;-970;-839;-784;-831;-670;-717;-725;-732;-674;-822;-673;-748;-859;-669;-719;-618;-663;-663;-712;-713;-663;-702;-758;-625;-729;-637;-768;-714;-698;-692;-663;-679;-727;-867;-804;-683;-654;-725;-749;-645;-794;-777;-856;-631;-722;-790;-794;-872;-720;-805;-740;-926;-800;-863;-701;-857;-824;-964;-678;-1010;-829;-860;-896;-994;-1022;-825;-826;-976;-986;-916;-877;-945;-901;-930;-1043;-918;-1037;-938;-983;-1063;-918;-991;-1127;-979;-1171;-1050;-1013;-889;-901;-920;-1101;-1087;-1039;-960;-1126;-1150;-1009;-1045;-855;-1090;-1031;-1141;-1090;-1027;-890;-941;-1127;-954;-887;-872;-892;-876;-900;-920;-845;-754;-742;-806;-762;-806;-796;-839;-916;-883;-1084;-791;-954;-708;-902;-848;-838;-861;-997;-795;-957;-871;-972;-865;-891;-893;-930;-1160;-901;-1042;-1062;-1029;-1179;-1048;-1135;-1113;-1046;-1029;-1114;-1050;-1088;-1065;-1025;-959;-955;-923;-1068;-1109;-1084;-1118;-955;-1210;-1079;-984;-1096;-1127;-1166;-1209;-1255;-1127;-1172;-1123;-1149;-1179;-1099;-1155;-1036;-1141;-1160;-1154;-1164;-1129;-1106;-1204;-1189;-1151;-1129;-1050;-1167;-1149;-1115;-1140;-1196;-1252;-1143;-1164;-1268;-1257;-1173;-1258;-1222;-1359;-1131;-1153;-1164;-1276;-1101;-1165;-1261;-1071;-1183;-1150;-1123;-1090;-1022;-1045;-1031;-891;-936;-941;-904;-976;-941;-935;-925;-810;-844;-766;-717;-755;-754;-666;-638;-697;-622;-664;-587;-434;-587;-517;-590;-630;-562;-727;-591;-637;-547;-455;-454;-443;-406;-448;-455;-602;-619;-339;-503;-400;-296;-449;-436;-521;-402;-296;-393;-420;-397;-358;-348;-218;-305;-303;-307;-278;-247;-358;-239;-233;-234;-230;-200;-282;-232;-286;-248;-152;-126;-204;-222;-202;-285;-57;-86;-238;-79;-183;-107;-75;-84;-54;-83;-66;-94;-72;-150;-63;26;8;-238;-86;-319;-33;
-967;-906;-950;-724;-883;-847;-693;-669;-842;-814;-742;-749;-648;-766;-733;-769;-608;-770;-775;-783;-694;-773;-669;-837;-706;-661;-775;-770;-672;-706;-733;-710;-814;-676;-736;-741;-782;-753;-687;-747;-840;-729;-779;-801;-703;-771;-697;-795;-768;-781;-786;-881;-851;-830;-790;-749;-848;-819;-816;-828;-808;-930;-849;-758;-780;-838;-837;-815;-872;-945;-897;-927;-859;-1006;-935;-1020;-1037;-910;-1017;-935;-1055;-1001;-965;-975;-1045;-1145;-923;-1115;-1150;-1127;-1038;-967;-1120;-980;-998;-966;-1033;-1116;-1048;-979;-987;-1163;-1060;-955;-1036;-1136;-923;-1092;-1163;-969;-840;-857;-976;-962;-945;-964;-1077;-1066;-1024;-952;-965;-861;-766;-957;-866;-791;-966;-1048;-881;-783;-811;-867;-896;-826;-876;-927;-797;-914;-1058;-1006;-951;-926;-801;-975;-1054;-1034;-1107;-976;-1100;-1144;-1277;-1205;-1228;-1183;-1122;-1114;-1052;-1084;-1041;-1181;-1086;-1076;-1022;-1105;-979;-1017;-1044;-1049;-1157;-1175;-1166;-1026;-1268;-1044;-1150;-1301;-1246;-1335;-1221;-1307;-1075;-1363;-1190;-1152;-1101;-1204;-1129;-1182;-1246;-1326;-1146;-1231;-1183;-1205;-1191;-1202;-1145;-1256;-1270;-1277;-1304;-1155;-1181;-1379;-1254;-1189;-1250;-1242;-1148;-1348;-1194;-1225;-1216;-1252;-1167;-1146;-1188;-1054;-1194;-1073;-999;-1006;-959;-947;-907;-1194;-1134;-1054;-806;-847;-816;-946;-825;-924;-749;-838;-838;-661;-727;-661;-669;-636;-664;-636;-572;-518;-698;-495;-565;-392;-572;-492;-456;-636;-420;-472;-538;-452;-554;-427;-317;-476;-483;-447;-553;-382;-508;-337;-371;-472;-395;-484;-381;-436;-356;-365;-284;-371;-338;-258;-388;-374;-355;-345;-298;-236;-216;-170;-250;-253;-328;-102;-247;-162;-139;-102;-360;-193;-169;-266;-87;-199;-149;-115;-202;-141;-153;-38;-57;-137;-127;-185;-220;-90;-37;-81;-90;-137;-20;12;
-791;-895;-823;-910;-828;-895;-656;-806;-886;-701;-668;-794;-748;-703;-758;-654;-664;-624;-717;-669;-777;-655;-798;-911;-645;-650;-590;-775;-680;-614;-730;-759;-716;-727;-720;-681;-760;-630;-813;-670;-651;-795;-846;-740;-669;-702;-736;-700;-776;-897;-833;-951;-753;-767;-722;-848;-753;-871;-896;-764;-801;-746;-885;-909;-684;-841;-827;-820;-911;-884;-890;-953;-771;-1005;-911;-930;-848;-903;-1057;-870;-907;-946;-1035;-1110;-963;-940;-993;-952;-1101;-965;-975;-1061;-991;-1161;-1033;-1062;-1094;-1034;-1104;-1054;-1156;-941;-999;-1052;-1016;-1165;-1050;-1034;-963;-954;-865;-890;-878;-954;-1038;-947;-895;-894;-768;-873;-799;-814;-812;-844;-744;-832;-687;-906;-838;-956;-835;-886;-895;-886;-920;-962;-909;-946;-912;-943;-888;-847;-998;-999;-893;-1021;-1011;-1166;-922;-1101;-1150;-1219;-1306;-1213;-1174;-1090;-1106;-1040;-962;-1022;-1012;-1058;-1052;-1022;-1064;-982;-1081;-1035;-1119;-1004;-1106;-1107;-1079;-1216;-1232;-1229;-1329;-1197;-1201;-1192;-1251;-1093;-1170;-1091;-1227;-1186;-1212;-1106;-1127;-1166;-1124;-1347;-1100;-1227;-1254;-1038;-1159;-1281;-1231;-1239;-1294;-1213;-1348;-1350;-1101;-1296;-1168;-1327;-1329;-1187;-1206;-1164;-1251;-1184;-1192;-1000;-1168;-1091;-1067;-1067;-953;-1102;-932;-991;-971;-1052;-987;-904;-857;-911;-977;-788;-803;-672;-641;-693;-635;-667;-808;-685;-616;-700;-557;-647;-605;-532;-571;-526;-566;-520;-561;-409;-531;-504;-482;-563;-431;-250;-279;-387;-420;-247;-327;-278;-351;-352;-431;-331;-366;-293;-256;-238;-368;-275;-363;-278;-221;-255;-280;-213;-240;-300;-100;-184;-99;-261;-242;-217;-183;-185;-167;-83;-18;-147;-76;-166;-135;-89;-64;-101;-143;-173;-150;0;-71;-68;-113;-78;-21;-85;-41;-83;-154;-61;-74;31;-38;-115;112;-38;
-901;-988;-918;-870;-932;-930;-890;-913;-899;-793;-624;-765;-799;-689;-742;-814;-718;-841;-815;-692;-661;-768;-806;-658;-811;-899;-847;-789;-869;-795;-916;-714;-861;-785;-746;-801;-769;-741;-619;-740;-700;-786;-690;-808;-845;-794;-698;-985;-845;-775;-785;-908;-799;-877;-770;-652;-889;-922;-808;-787;-909;-884;-884;-943;-895;-999;-872;-1002;-922;-998;-969;-910;-868;-816;-925;-929;-1017;-1011;-940;-1058;-1004;-894;-1033;-910;-1066;-1064;-1003;-1047;-1000;-1089;-1021;-1076;-953;-1109;-1016;-1079;-1104;-1159;-1167;-1078;-1096;-949;-1070;-1149;-937;-962;-1052;-1110;-934;-956;-1053;-957;-980;-1099;-1021;-1028;-1067;-856;-856;-1023;-961;-874;-918;-918;-831;-981;-983;-837;-855;-843;-980;-928;-841;-769;-899;-925;-1014;-1014;-903;-923;-928;-1117;-838;-1083;-991;-1091;-979;-1108;-1116;-1209;-1358;-1126;-1323;-1241;-1245;-1226;-1131;-1085;-1081;-1132;-1172;-1150;-1060;-1145;-1229;-1062;-1123;-1102;-1133;-1165;-1224;-1204;-1163;-1295;-1249;-1234;-1163;-1346;-1292;-1218;-1154;-1147;-1243;-1236;-1270;-1105;-1326;-1267;-1208;-1190;-1268;-1144;-1109;-1236;-1262;-1188;-1206;-1349;-1279;-1334;-1373;-1184;-1226;-1262;-1216;-1366;-1281;-1457;-1115;-1341;-1190;-1228;-1103;-1327;-1146;-1081;-1150;-1097;-966;-1055;-992;-999;-1024;-1063;-1068;-1135;-993;-1013;-918;-913;-698;-855;-785;-837;-815;-818;-753;-666;-624;-711;-622;-570;-536;-638;-615;-692;-542;-549;-448;-591;-615;-537;-623;-415;-385;-476;-465;-433;-449;-378;-495;-311;-370;-265;-380;-401;-394;-387;-301;-280;-317;-316;-332;-394;-328;-298;-245;-263;-229;-291;-50;-100;-273;-141;-219;-274;-153;-130;-167;-245;-147;-262;-53;-133;27;-106;-63;-219;-101;72;-102;4;42;-48;-171;13;-5;49;-45;-34;-86;-60;162;-58;7;-76;-159;3;-65;-158;
-846;-752;-904;-733;-833;-762;-802;-767;-844;-701;-700;-736;-770;-776;-660;-646;-759;-789;-687;-653;-689;-621;-637;-701;-636;-626;-619;-664;-690;-673;-797;-652;-596;-762;-573;-728;-667;-673;-573;-497;-681;-686;-737;-654;-711;-742;-692;-708;-719;-607;-662;-698;-773;-669;-794;-745;-729;-695;-573;-691;-752;-643;-704;-821;-727;-822;-863;-926;-767;-693;-713;-901;-940;-776;-964;-862;-827;-827;-802;-1059;-991;-916;-985;-973;-965;-1073;-1000;-1147;-968;-818;-865;-910;-974;-986;-887;-971;-1010;-1012;-879;-1021;-984;-868;-1087;-1007;-1183;-880;-1064;-848;-830;-957;-899;-799;-986;-785;-891;-926;-907;-813;-881;-803;-885;-740;-918;-728;-708;-748;-812;-735;-773;-791;-820;-725;-793;-821;-822;-733;-969;-805;-863;-939;-1000;-920;-941;-966;-1099;-948;-1040;-1099;-1090;-1161;-1015;-1172;-1259;-1212;-1135;-1051;-1104;-1034;-1038;-1097;-1049;-1045;-1013;-963;-1046;-1066;-1030;-1017;-914;-1100;-1003;-1072;-1191;-1148;-1114;-1097;-1264;-1271;-1162;-1173;-1130;-1133;-1088;-1139;-1147;-1193;-1117;-1190;-1048;-1070;-1208;-1318;-1224;-1111;-1098;-1141;-1215;-1206;-1129;-1264;-1270;-1351;-1173;-1234;-1187;-1128;-1085;-1095;-1188;-1288;-1170;-1067;-1225;-1270;-1074;-1087;-1146;-931;-989;-927;-926;-907;-1016;-939;-785;-827;-854;-884;-843;-825;-761;-753;-559;-549;-638;-560;-618;-649;-571;-775;-612;-572;-623;-478;-491;-433;-444;-558;-483;-478;-487;-439;-464;-412;-405;-263;-228;-424;-197;-294;-320;-348;-322;-162;-143;-354;-140;-230;-217;-100;-275;-167;-110;-311;-157;-277;-109;21;-209;-145;-228;-18;12;-93;-139;-105;-46;-47;-26;52;14;11;37;12;-85;-54;9;-8;-68;148;54;-37;19;43;70;180;8;189;84;92;-44;98;52;183;69;15;114;125;-28;87;
-763;-783;-822;-861;-852;-762;-805;-806;-770;-664;-553;-809;-683;-575;-605;-738;-702;-729;-697;-661;-620;-600;-573;-700;-687;-575;-696;-666;-619;-600;-704;-685;-704;-627;-654;-702;-665;-767;-502;-655;-625;-704;-649;-645;-619;-529;-686;-615;-492;-687;-676;-517;-768;-736;-629;-518;-623;-674;-709;-660;-733;-721;-690;-757;-664;-700;-788;-736;-726;-766;-760;-760;-873;-856;-813;-741;-931;-744;-662;-877;-878;-846;-812;-913;-907;-720;-847;-887;-983;-838;-1025;-816;-860;-845;-847;-926;-875;-895;-1005;-855;-956;-827;-878;-810;-891;-1010;-816;-860;-667;-883;-845;-861;-872;-794;-741;-747;-787;-694;-724;-776;-741;-772;-591;-632;-635;-777;-719;-723;-695;-675;-642;-636;-638;-669;-702;-828;-729;-744;-754;-785;-832;-602;-869;-758;-975;-804;-920;-1008;-917;-996;-991;-1083;-1152;-1077;-1072;-1046;-1012;-995;-1029;-947;-916;-1014;-952;-955;-1069;-922;-1007;-963;-1018;-960;-989;-914;-994;-1124;-1030;-1208;-1294;-1047;-1258;-1097;-1151;-1114;-1120;-1038;-1060;-1052;-1056;-1185;-1167;-1039;-985;-1139;-1206;-983;-1128;-1134;-1130;-1042;-1116;-1036;-1207;-1143;-1216;-965;-1108;-1075;-1120;-1114;-1111;-1093;-1130;-1199;-1125;-1182;-1000;-1083;-1058;-958;-848;-922;-875;-918;-991;-909;-1061;-831;-802;-891;-754;-705;-743;-639;-637;-656;-690;-554;-677;-547;-519;-576;-597;-442;-529;-431;-556;-374;-374;-440;-333;-405;-373;-328;-269;-360;-381;-203;-207;-204;-203;-258;-183;-298;-280;-179;-144;-20;-87;-115;-195;-200;-42;-77;-20;-94;-203;-171;-129;25;-83;-21;-135;-260;-15;75;-34;-7;19;-78;-42;73;-5;-12;71;110;-48;12;-13;161;175;145;122;85;203;186;238;99;202;112;53;285;208;29;142;25;83;196;108;220;147;37;
-986;-1024;-914;-871;-894;-941;-821;-795;-857;-781;-724;-784;-791;-821;-896;-784;-761;-768;-777;-860;-827;-821;-693;-735;-737;-813;-792;-614;-744;-761;-673;-716;-829;-848;-668;-636;-652;-640;-777;-655;-804;-604;-698;-752;-610;-808;-658;-649;-801;-843;-785;-746;-715;-718;-806;-796;-751;-565;-778;-642;-856;-792;-642;-690;-696;-797;-803;-790;-760;-721;-885;-854;-783;-845;-795;-994;-1024;-896;-834;-789;-846;-873;-855;-897;-877;-981;-961;-1018;-891;-1031;-973;-1012;-959;-906;-919;-1056;-872;-1065;-1011;-1012;-951;-1018;-1003;-894;-1048;-891;-904;-990;-947;-935;-992;-908;-940;-998;-907;-938;-798;-843;-769;-817;-832;-739;-819;-670;-738;-711;-795;-781;-764;-759;-751;-662;-841;-843;-767;-869;-838;-785;-815;-920;-900;-909;-828;-1094;-921;-1010;-949;-1027;-1163;-1113;-1202;-1268;-1191;-1219;-1179;-1045;-1207;-1054;-1172;-1079;-1118;-1131;-1069;-1027;-1062;-1111;-1164;-1111;-1174;-1000;-1171;-1132;-1237;-1184;-1261;-1192;-1303;-1315;-1252;-1136;-1226;-1230;-1266;-1124;-1145;-1179;-1148;-1158;-1179;-1164;-1259;-1185;-1182;-1153;-1202;-1178;-1286;-1207;-1175;-1215;-1248;-1149;-1290;-1325;-1249;-1347;-1243;-1207;-1251;-1061;-1283;-1271;-1235;-1373;-1226;-1118;-1006;-1193;-1052;-1038;-963;-1015;-1010;-992;-896;-888;-914;-894;-905;-945;-707;-819;-836;-789;-785;-588;-550;-688;-626;-711;-447;-602;-536;-479;-529;-350;-470;-469;-468;-530;-260;-358;-326;-293;-251;-357;-377;-263;-294;-357;-325;-282;-183;-304;-299;-235;-141;-106;-238;-166;-127;-159;-32;-232;-117;-240;-164;-135;-102;-65;-211;-86;-158;-76;-122;-193;-12;11;16;-140;-42;-66;268;13;113;-8;86;35;31;135;220;121;2;82;-19;125;111;88;114;89;262;148;162;161;164;179;-22;78;-16;98;
-882;-973;-866;-940;-844;-694;-782;-895;-893;-848;-876;-862;-716;-725;-757;-830;-825;-872;-816;-686;-753;-738;-750;-651;-705;-731;-695;-573;-663;-674;-637;-586;-732;-754;-713;-604;-631;-720;-695;-818;-793;-750;-860;-582;-809;-742;-676;-705;-762;-682;-665;-604;-657;-782;-771;-606;-846;-659;-826;-826;-898;-729;-705;-681;-814;-883;-791;-847;-718;-839;-805;-856;-857;-819;-770;-710;-742;-808;-794;-756;-902;-879;-1034;-1009;-933;-881;-981;-980;-1068;-891;-885;-1151;-1012;-921;-1035;-970;-1113;-1076;-988;-900;-996;-926;-1101;-1142;-925;-1137;-1097;-951;-948;-870;-1018;-842;-842;-859;-945;-746;-638;-756;-865;-732;-739;-662;-645;-787;-624;-768;-759;-745;-722;-779;-737;-731;-718;-809;-805;-866;-786;-837;-801;-852;-977;-893;-934;-800;-950;-942;-1046;-1065;-986;-1092;-987;-1085;-1160;-1142;-1165;-1078;-1130;-1095;-1113;-994;-1094;-1053;-1134;-1064;-1143;-1017;-1046;-1036;-1122;-1198;-1036;-969;-1100;-1143;-1227;-1162;-1245;-1207;-1262;-1288;-1191;-1180;-1082;-1244;-1246;-1247;-1193;-1189;-1168;-1218;-1382;-1295;-1236;-1204;-1149;-1208;-1228;-1240;-1323;-1255;-1314;-1386;-1327;-1230;-1354;-1282;-1125;-1258;-1155;-1091;-1244;-1233;-1138;-1210;-1260;-1160;-1057;-1107;-987;-1025;-1083;-1017;-965;-1027;-838;-1037;-816;-744;-733;-968;-864;-846;-654;-681;-750;-692;-727;-483;-719;-552;-565;-425;-480;-493;-421;-539;-581;-487;-460;-384;-426;-343;-340;-325;-316;-367;-241;-236;-144;-256;-249;-205;-192;-127;-183;-171;-273;-42;-60;-118;-152;-70;3;-33;-151;-130;-98;12;-21;-65;-22;17;69;43;2;60;118;36;78;18;114;89;109;175;122;132;134;113;101;138;265;117;197;188;197;170;270;264;174;192;237;168;152;21;276;79;147;227;107;-15;
-936;-963;-852;-991;-965;-969;-785;-951;-914;-720;-826;-688;-831;-805;-750;-816;-770;-783;-767;-781;-699;-676;-713;-657;-768;-620;-762;-748;-676;-609;-700;-643;-799;-694;-781;-712;-740;-764;-662;-822;-757;-598;-628;-717;-768;-661;-534;-787;-704;-649;-636;-581;-756;-686;-789;-698;-690;-639;-728;-784;-728;-780;-862;-921;-787;-914;-644;-594;-768;-788;-618;-866;-770;-804;-755;-987;-899;-849;-894;-902;-873;-958;-852;-856;-840;-970;-832;-882;-986;-1074;-898;-967;-885;-1014;-933;-880;-876;-1013;-980;-915;-953;-952;-1021;-927;-1006;-1020;-926;-864;-918;-939;-918;-972;-914;-905;-830;-922;-846;-854;-821;-747;-706;-732;-629;-749;-655;-714;-816;-683;-783;-677;-651;-679;-674;-772;-816;-727;-854;-833;-845;-622;-765;-722;-830;-960;-836;-976;-930;-1003;-1021;-1148;-1140;-1140;-1207;-1168;-1002;-1173;-1104;-1191;-1005;-1129;-1064;-1125;-1240;-1192;-1100;-1025;-1047;-1104;-964;-1142;-1117;-1186;-1190;-1178;-1225;-1198;-1167;-1226;-1143;-1172;-1146;-1303;-1237;-1133;-1333;-1232;-1275;-1086;-1104;-1133;-1180;-1113;-1197;-1051;-1179;-1174;-1325;-1123;-1182;-1140;-1292;-1206;-1028;-1309;-1161;-1205;-1114;-1260;-1100;-1098;-1245;-1158;-1157;-1181;-1126;-1039;-997;-978;-1120;-1124;-950;-1041;-1130;-885;-896;-813;-865;-909;-751;-689;-763;-591;-709;-697;-683;-659;-657;-593;-570;-631;-559;-505;-544;-409;-334;-460;-433;-413;-378;-418;-409;-379;-305;-256;-261;-288;-120;-254;-197;-173;-136;-189;-88;-114;-98;-179;-61;-92;-7;-49;-72;-36;120;-52;-103;-143;-13;-4;164;125;-127;119;129;147;178;287;235;315;95;98;234;276;279;192;252;301;356;336;303;199;349;213;333;354;344;327;274;334;287;215;258;261;188;388;197;249;152;221;290;168;
-925;-1004;-1034;-900;-881;-1085;-897;-855;-814;-953;-735;-840;-895;-828;-863;-865;-926;-822;-909;-873;-804;-868;-831;-793;-805;-803;-709;-583;-719;-571;-686;-755;-781;-775;-755;-798;-818;-762;-758;-673;-697;-751;-609;-722;-782;-632;-623;-677;-735;-794;-666;-713;-699;-750;-814;-782;-823;-742;-759;-748;-853;-645;-762;-850;-799;-806;-776;-828;-795;-680;-840;-773;-734;-748;-1011;-761;-888;-838;-927;-946;-853;-938;-862;-889;-913;-913;-921;-887;-942;-1028;-931;-1034;-947;-865;-863;-921;-982;-911;-930;-868;-1134;-897;-1045;-1028;-882;-984;-1039;-1076;-1097;-953;-1041;-834;-980;-1052;-951;-792;-829;-839;-915;-787;-836;-799;-786;-778;-771;-856;-704;-621;-735;-601;-738;-759;-698;-773;-733;-752;-769;-797;-871;-849;-953;-762;-765;-964;-998;-954;-894;-951;-1127;-1192;-1016;-1235;-1092;-1193;-1165;-1242;-1215;-1110;-1037;-1001;-1180;-994;-1128;-1178;-1024;-1043;-1030;-1090;-1153;-1189;-1193;-1228;-1187;-1103;-1181;-1209;-1319;-1223;-1171;-1247;-1198;-1096;-1171;-1247;-1109;-1209;-1193;-1152;-1156;-1229;-1221;-1178;-1232;-1189;-1213;-1158;-1271;-1277;-1121;-1102;-1163;-1198;-1265;-1336;-1240;-1253;-1199;-1228;-1232;-1184;-1255;-1210;-1326;-1147;-1259;-1153;-1074;-1149;-1073;-897;-1055;-1044;-1117;-924;-910;-881;-934;-881;-906;-850;-784;-710;-680;-695;-685;-554;-548;-538;-529;-492;-447;-331;-388;-398;-306;-421;-322;-293;-410;-385;-336;-248;-179;-157;-241;-158;-102;-152;-120;-70;-202;-172;-181;-4;-65;8;-74;41;-12;24;-90;97;39;46;-33;221;93;52;165;189;113;109;109;118;164;217;270;218;120;311;327;311;365;377;331;332;318;418;210;386;436;241;234;407;339;436;322;211;361;315;186;241;149;349;404;281;330;242;301;106;
-1009;-978;-1071;-1238;-1007;-916;-915;-955;-925;-903;-1046;-924;-827;-981;-853;-881;-799;-881;-859;-820;-798;-782;-836;-824;-726;-771;-778;-842;-717;-840;-624;-858;-761;-626;-791;-700;-711;-699;-718;-716;-826;-717;-755;-793;-702;-549;-743;-730;-760;-720;-751;-802;-770;-757;-828;-705;-716;-726;-898;-709;-871;-870;-823;-719;-680;-762;-884;-858;-876;-931;-807;-752;-809;-983;-913;-929;-887;-980;-826;-882;-915;-819;-931;-844;-1056;-1068;-912;-1004;-919;-980;-1033;-959;-975;-860;-970;-978;-1037;-1022;-1035;-972;-1019;-867;-964;-1064;-952;-1051;-997;-977;-1049;-977;-1056;-963;-971;-784;-982;-843;-913;-830;-790;-899;-807;-894;-636;-869;-836;-761;-767;-644;-719;-630;-777;-779;-718;-922;-902;-866;-855;-779;-784;-787;-805;-909;-837;-873;-1037;-977;-1023;-1017;-1158;-1235;-1155;-1171;-1207;-1265;-1178;-1106;-1207;-1256;-1074;-1056;-1150;-1194;-1164;-1068;-1156;-1231;-1103;-1239;-1316;-1157;-1239;-1203;-1218;-1394;-1298;-1283;-1267;-1210;-1355;-1247;-1219;-1332;-1191;-1231;-1212;-1282;-1193;-1218;-1381;-1209;-1189;-1291;-1242;-1295;-1194;-1237;-1243;-1259;-1324;-1305;-1299;-1212;-1209;-1126;-1376;-1217;-1253;-1190;-1315;-1254;-1215;-1169;-1182;-1164;-1095;-1043;-1077;-1105;-1024;-1112;-1090;-1045;-1045;-927;-995;-856;-856;-766;-987;-686;-870;-790;-687;-759;-520;-567;-515;-633;-728;-477;-497;-455;-451;-586;-431;-289;-368;-528;-268;-177;-361;-283;-321;-263;-205;-215;-86;-145;-167;-56;-49;-130;-151;132;13;139;83;-105;68;56;147;7;76;36;62;69;18;174;198;93;253;120;151;305;297;306;230;355;377;227;206;360;408;347;381;241;332;303;355;319;319;308;473;317;398;428;333;271;346;347;383;378;355;259;404;67;223;155;239;146;
-978;-1132;-1100;-991;-886;-932;-938;-899;-803;-851;-734;-804;-805;-845;-802;-816;-713;-794;-810;-677;-668;-663;-827;-762;-766;-745;-752;-675;-725;-652;-791;-770;-643;-680;-588;-749;-587;-659;-717;-506;-705;-528;-589;-682;-629;-572;-813;-559;-763;-649;-740;-737;-696;-569;-556;-604;-590;-618;-679;-673;-711;-673;-779;-701;-690;-663;-807;-676;-696;-764;-820;-656;-765;-768;-731;-663;-830;-759;-654;-829;-856;-783;-811;-803;-761;-833;-786;-841;-938;-937;-886;-956;-949;-954;-902;-1022;-845;-812;-952;-958;-957;-878;-824;-977;-996;-905;-861;-934;-892;-944;-876;-843;-919;-737;-914;-806;-793;-704;-698;-708;-655;-745;-740;-763;-738;-804;-678;-781;-759;-782;-569;-657;-714;-756;-745;-655;-656;-752;-685;-832;-858;-713;-778;-874;-828;-889;-1023;-939;-1099;-1114;-1081;-1108;-1048;-1122;-1194;-1071;-1061;-1109;-988;-974;-1165;-964;-1013;-990;-1028;-1188;-1100;-1033;-1151;-1196;-1133;-1191;-1229;-1277;-1163;-1189;-1195;-1281;-1166;-1253;-1110;-1123;-1108;-941;-1209;-1207;-1244;-1223;-1181;-1111;-1272;-1184;-1230;-1238;-1120;-1350;-1127;-1187;-1153;-1254;-1174;-1236;-1071;-1061;-1055;-1151;-1257;-1188;-1247;-1124;-1127;-1091;-994;-1152;-1103;-1159;-1058;-1107;-874;-984;-935;-836;-920;-896;-910;-761;-591;-761;-745;-802;-642;-603;-596;-682;-671;-449;-398;-479;-178;-393;-399;-473;-273;-319;-335;-210;-297;-258;-163;-98;-91;-12;-42;-123;-85;0;-21;-67;94;-22;-4;88;224;-11;208;111;207;55;120;287;129;191;237;225;224;206;228;270;251;183;258;341;380;487;534;499;303;344;479;444;402;625;469;641;528;534;496;513;444;507;549;529;574;518;563;409;406;609;486;491;572;449;475;482;433;490;437;315;396;263;
-1020;-1026;-1047;-1033;-993;-934;-877;-862;-1006;-1078;-801;-700;-747;-752;-827;-805;-738;-764;-737;-710;-717;-703;-591;-725;-635;-659;-708;-745;-696;-573;-672;-639;-628;-769;-678;-585;-745;-588;-714;-663;-566;-710;-594;-685;-563;-644;-481;-678;-639;-680;-646;-668;-681;-697;-775;-599;-711;-700;-634;-721;-584;-745;-857;-715;-833;-755;-606;-681;-764;-603;-693;-734;-768;-690;-728;-806;-723;-775;-666;-835;-779;-800;-823;-804;-748;-750;-883;-829;-806;-914;-884;-805;-859;-888;-837;-905;-926;-857;-930;-912;-894;-840;-980;-872;-963;-923;-931;-890;-848;-719;-818;-905;-746;-881;-937;-965;-905;-833;-657;-871;-754;-747;-868;-692;-748;-709;-721;-695;-814;-644;-681;-851;-701;-654;-807;-852;-785;-768;-717;-805;-718;-816;-932;-974;-931;-1006;-977;-958;-1063;-1071;-1044;-1166;-1089;-1187;-1159;-1112;-1252;-1157;-1076;-1181;-1151;-1230;-1069;-1065;-1118;-1129;-1062;-1207;-1325;-1141;-1342;-1254;-1196;-1285;-1248;-1167;-1300;-1230;-1222;-1275;-1299;-1195;-1243;-1131;-1221;-1193;-1216;-1101;-1244;-1284;-1280;-1257;-1228;-1229;-1150;-1216;-1166;-1118;-1143;-1172;-1180;-1230;-1336;-1246;-1157;-1317;-1222;-1333;-1204;-1210;-1059;-1218;-1176;-1139;-1093;-1087;-1013;-1122;-1029;-1047;-1037;-978;-972;-969;-962;-935;-876;-739;-841;-724;-644;-688;-585;-581;-714;-429;-680;-456;-370;-411;-422;-321;-375;-418;-311;-267;-306;-278;-31;-195;-150;7;15;26;-48;71;88;82;148;118;5;64;155;146;109;89;157;159;280;208;163;282;261;335;260;339;148;403;316;379;488;360;364;423;381;514;460;472;554;453;423;457;449;445;457;639;567;561;514;438;544;500;598;635;518;453;511;660;502;490;472;576;588;480;450;371;453;434;318;444;
-1125;-1142;-1297;-1044;-1172;-1080;-1046;-1025;-1040;-862;-821;-818;-999;-904;-829;-842;-827;-807;-770;-738;-663;-862;-651;-821;-719;-697;-767;-595;-891;-763;-705;-774;-734;-597;-684;-704;-676;-705;-760;-624;-664;-605;-747;-622;-651;-648;-715;-775;-661;-753;-780;-734;-740;-782;-640;-656;-669;-716;-653;-743;-742;-594;-699;-757;-791;-802;-713;-800;-706;-723;-750;-770;-752;-855;-775;-937;-887;-680;-849;-875;-827;-805;-913;-842;-855;-806;-766;-875;-865;-839;-983;-930;-973;-962;-956;-933;-795;-885;-925;-809;-962;-809;-994;-833;-1065;-906;-956;-884;-927;-914;-879;-892;-945;-920;-950;-808;-850;-806;-639;-822;-826;-881;-757;-762;-831;-812;-954;-745;-776;-735;-682;-824;-813;-691;-886;-708;-785;-796;-910;-967;-776;-868;-843;-1012;-926;-868;-900;-1059;-967;-1137;-975;-1094;-1192;-1138;-1002;-1115;-1206;-1058;-963;-954;-1051;-1071;-1232;-1219;-1017;-1173;-1095;-1103;-1137;-1300;-1108;-1262;-1247;-1236;-1217;-1273;-1359;-1303;-1269;-1305;-1290;-1192;-1317;-1216;-1138;-1236;-1189;-1226;-1281;-1329;-1347;-1167;-1225;-1254;-1171;-1247;-1274;-1251;-1317;-1293;-1306;-1335;-1265;-1377;-1320;-1321;-1239;-1281;-1310;-1212;-1179;-1178;-1151;-1111;-1057;-1206;-1176;-1133;-1180;-1153;-1072;-974;-965;-889;-855;-810;-809;-861;-642;-734;-757;-713;-706;-715;-659;-449;-444;-405;-426;-405;-412;-409;-375;-305;-396;-283;-286;-268;-151;-57;-213;-16;-154;-53;-16;19;34;-100;-62;118;161;88;246;87;264;155;147;221;279;190;236;296;304;276;379;343;361;414;471;575;379;370;395;612;542;486;556;594;543;553;674;471;473;578;429;700;611;558;473;563;564;545;538;561;584;485;527;472;746;451;562;506;375;467;426;520;458;403;228;345;
-1147;-913;-1080;-962;-1031;-959;-1030;-947;-872;-863;-1016;-803;-882;-799;-796;-793;-850;-617;-773;-843;-744;-766;-632;-805;-685;-817;-780;-666;-680;-636;-702;-610;-737;-685;-529;-618;-689;-642;-644;-688;-588;-533;-771;-591;-606;-710;-493;-640;-593;-437;-742;-703;-582;-672;-729;-671;-655;-560;-500;-624;-681;-561;-565;-580;-560;-762;-614;-715;-614;-555;-758;-718;-842;-742;-798;-736;-810;-709;-694;-635;-621;-748;-797;-850;-856;-802;-881;-816;-737;-820;-922;-931;-908;-863;-770;-877;-894;-866;-812;-888;-822;-843;-824;-981;-844;-808;-769;-906;-808;-807;-801;-698;-777;-739;-672;-849;-677;-736;-783;-716;-608;-787;-754;-720;-833;-712;-675;-745;-715;-751;-622;-711;-703;-748;-794;-623;-636;-776;-723;-714;-631;-740;-753;-750;-852;-911;-859;-978;-870;-1029;-961;-935;-1027;-988;-1104;-1114;-1105;-1072;-994;-1047;-1088;-1101;-1160;-1150;-1054;-1139;-1185;-1199;-1158;-1172;-1110;-1124;-1098;-1247;-1270;-1138;-1254;-1137;-1220;-1237;-1184;-1129;-1180;-1130;-1105;-1091;-1158;-1176;-1230;-1333;-1247;-1303;-1297;-1358;-1149;-1134;-1184;-1293;-1267;-1253;-1134;-1313;-1260;-1257;-1080;-1265;-1251;-1129;-1143;-1106;-1251;-1197;-980;-1084;-1069;-1119;-1002;-1056;-1021;-1087;-967;-959;-930;-1024;-782;-702;-840;-699;-629;-613;-494;-549;-653;-431;-476;-448;-484;-358;-284;-297;-246;-276;-276;-182;-92;-76;-180;-41;-73;-83;105;-96;-74;200;105;147;166;204;132;330;119;139;298;321;315;308;401;400;355;172;431;309;424;476;488;531;350;528;447;409;438;517;458;504;608;549;741;537;717;576;654;477;654;699;654;736;525;595;733;799;556;771;626;673;786;616;690;749;598;614;631;599;712;584;462;675;611;386;377;231;
-964;-1081;-1127;-1094;-983;-1181;-960;-927;-961;-800;-750;-754;-854;-965;-730;-965;-732;-684;-689;-619;-819;-725;-661;-662;-763;-631;-682;-613;-621;-720;-748;-650;-673;-543;-642;-721;-601;-665;-708;-560;-601;-727;-542;-521;-585;-474;-545;-443;-630;-647;-566;-661;-657;-578;-696;-740;-636;-621;-490;-481;-690;-656;-687;-599;-457;-603;-519;-500;-585;-627;-603;-662;-626;-726;-652;-538;-611;-719;-689;-732;-783;-660;-546;-628;-729;-715;-835;-779;-630;-691;-757;-697;-710;-743;-766;-645;-751;-781;-727;-856;-825;-900;-768;-776;-722;-702;-746;-695;-707;-829;-660;-666;-687;-871;-838;-719;-654;-752;-566;-559;-602;-608;-650;-581;-749;-606;-605;-581;-692;-630;-603;-642;-695;-381;-672;-672;-653;-707;-647;-622;-717;-666;-760;-708;-729;-665;-977;-981;-970;-826;-914;-1089;-1035;-892;-965;-1025;-902;-932;-873;-1186;-978;-1042;-1013;-1043;-1095;-1000;-1059;-1054;-1151;-1121;-1105;-1274;-1192;-1272;-1222;-1296;-1161;-1157;-1218;-1133;-1127;-1232;-1197;-1048;-1183;-1263;-1178;-1208;-1226;-1262;-1197;-1256;-1190;-1288;-1153;-1290;-1136;-1281;-1135;-1212;-1161;-1174;-1119;-1351;-1180;-1183;-1133;-1225;-1072;-1196;-1151;-1163;-1090;-1265;-969;-1010;-1067;-958;-977;-849;-804;-807;-879;-659;-716;-862;-719;-640;-551;-584;-576;-494;-460;-508;-443;-564;-332;-443;-268;-364;-189;-293;-58;-50;-140;-284;-103;-133;42;86;29;42;153;94;74;234;218;193;402;139;280;324;309;284;443;331;458;449;561;454;573;422;507;573;698;584;572;683;563;606;593;711;724;583;802;676;782;724;793;729;716;683;679;814;865;728;787;732;926;835;837;643;902;764;912;730;681;740;761;798;606;624;590;790;646;592;632;465;436;563;
-1012;-1152;-1044;-1097;-1044;-1003;-914;-999;-971;-995;-953;-852;-983;-989;-882;-774;-949;-943;-787;-855;-728;-876;-760;-837;-754;-649;-699;-717;-761;-734;-692;-722;-668;-695;-513;-654;-622;-530;-566;-479;-543;-646;-609;-459;-546;-604;-554;-415;-623;-695;-666;-449;-582;-537;-567;-490;-578;-559;-619;-704;-609;-576;-674;-594;-582;-601;-454;-658;-620;-454;-580;-640;-636;-681;-707;-679;-670;-652;-658;-666;-603;-784;-698;-649;-757;-747;-760;-700;-780;-743;-830;-905;-820;-689;-704;-675;-742;-728;-795;-826;-760;-718;-801;-751;-793;-629;-826;-788;-683;-724;-742;-685;-751;-741;-750;-738;-681;-770;-576;-701;-653;-638;-605;-541;-533;-481;-645;-539;-668;-668;-464;-538;-581;-613;-657;-625;-616;-580;-623;-631;-836;-837;-709;-698;-695;-894;-1002;-801;-823;-863;-1002;-971;-1018;-995;-870;-1094;-1109;-932;-1151;-876;-1090;-1091;-1024;-1117;-857;-1068;-1092;-1133;-1126;-1001;-1134;-1173;-1177;-1241;-1254;-1116;-1085;-1143;-1175;-1254;-1299;-1088;-1100;-1129;-1235;-1202;-1232;-1181;-1195;-1375;-1257;-1241;-1230;-1130;-1102;-1220;-1209;-1236;-1322;-1214;-1293;-1312;-1189;-1240;-1125;-1228;-1106;-1085;-1286;-1229;-1076;-1020;-1030;-1083;-1018;-1123;-945;-1045;-910;-984;-901;-743;-818;-814;-771;-709;-691;-727;-691;-547;-557;-558;-327;-501;-418;-463;-400;-296;-307;-336;-374;-125;48;-140;57;-2;-30;30;-27;51;129;107;154;163;220;202;344;343;356;194;296;291;411;413;428;650;534;529;608;381;538;599;633;496;542;736;705;771;865;755;854;719;790;818;846;866;778;777;802;735;827;911;814;988;851;780;843;825;754;882;778;841;945;875;938;711;807;684;772;832;706;608;588;754;594;634;642;661;509;555;
-1321;-1189;-1242;-1124;-1145;-1099;-952;-1036;-1087;-1034;-877;-979;-969;-1040;-903;-1056;-798;-1027;-861;-936;-1018;-977;-775;-819;-867;-788;-841;-833;-880;-747;-780;-742;-807;-816;-724;-741;-734;-718;-644;-742;-646;-761;-643;-610;-712;-749;-710;-771;-652;-609;-635;-772;-616;-661;-662;-725;-626;-654;-674;-737;-686;-665;-801;-779;-603;-767;-708;-585;-792;-740;-824;-746;-723;-599;-761;-702;-838;-840;-859;-716;-769;-767;-857;-689;-835;-987;-720;-869;-964;-680;-832;-755;-850;-854;-857;-921;-963;-911;-955;-922;-893;-901;-791;-1023;-890;-822;-943;-840;-894;-851;-781;-893;-810;-888;-784;-860;-804;-897;-675;-741;-630;-805;-520;-735;-707;-704;-768;-728;-779;-635;-690;-824;-643;-842;-687;-680;-878;-759;-741;-901;-855;-783;-860;-780;-773;-909;-1059;-1032;-1092;-918;-1095;-1138;-1237;-1209;-1156;-995;-1047;-1079;-1091;-1064;-1270;-1270;-1084;-1045;-1158;-1175;-1240;-1222;-1304;-1347;-1120;-1321;-1356;-1382;-1271;-1403;-1432;-1385;-1413;-1322;-1354;-1386;-1398;-1343;-1262;-1464;-1351;-1415;-1319;-1450;-1435;-1436;-1409;-1289;-1329;-1316;-1252;-1339;-1299;-1299;-1349;-1306;-1385;-1294;-1348;-1361;-1427;-1377;-1360;-1230;-1209;-1226;-1204;-1188;-1248;-1163;-1052;-1135;-1102;-986;-1101;-1036;-797;-882;-865;-859;-659;-810;-855;-623;-703;-662;-536;-515;-530;-380;-432;-451;-392;-291;-361;-230;-351;-144;-135;-100;-129;-3;-66;-78;40;162;122;22;223;236;177;364;114;161;399;395;335;427;393;465;445;380;498;510;559;564;501;521;626;624;631;598;699;710;673;732;694;701;955;822;823;824;750;805;865;724;876;863;802;831;795;916;925;820;722;697;834;800;691;750;810;894;767;767;706;759;580;663;715;581;583;443;548;381;
-1113;-1219;-1216;-1071;-1189;-1177;-1180;-1148;-1042;-1082;-1075;-1041;-1060;-915;-1015;-878;-933;-965;-923;-869;-835;-742;-719;-967;-869;-742;-814;-859;-809;-708;-758;-782;-657;-637;-636;-626;-641;-647;-737;-637;-847;-678;-609;-690;-599;-629;-772;-655;-519;-534;-695;-659;-603;-664;-607;-808;-702;-600;-732;-633;-606;-721;-694;-678;-675;-726;-659;-758;-893;-752;-775;-709;-777;-743;-625;-770;-812;-719;-832;-836;-825;-799;-699;-691;-711;-718;-777;-740;-751;-720;-737;-766;-909;-740;-813;-858;-839;-786;-777;-915;-758;-856;-764;-771;-853;-748;-752;-791;-750;-820;-899;-854;-678;-703;-718;-756;-677;-720;-649;-678;-672;-665;-723;-770;-608;-618;-756;-681;-599;-628;-605;-684;-746;-607;-644;-725;-725;-801;-762;-865;-796;-629;-705;-736;-897;-1018;-932;-968;-1093;-994;-1109;-899;-1197;-1060;-1031;-1231;-977;-1101;-1069;-1142;-1140;-1055;-1354;-1205;-1200;-1247;-1203;-1099;-1232;-1263;-1234;-1284;-1311;-1218;-1236;-1244;-1293;-1337;-1449;-1353;-1410;-1273;-1347;-1419;-1366;-1256;-1322;-1416;-1352;-1223;-1345;-1338;-1419;-1350;-1403;-1316;-1374;-1261;-1352;-1234;-1383;-1326;-1312;-1308;-1293;-1309;-1195;-1243;-1275;-1266;-1208;-1168;-1220;-1184;-1042;-1065;-1245;-1062;-1022;-989;-846;-817;-845;-965;-814;-804;-757;-804;-714;-563;-543;-540;-456;-439;-409;-335;-390;-231;-286;-240;-77;-184;-181;-69;-154;-132;-79;81;176;163;117;190;88;238;350;360;395;505;448;522;516;369;478;412;588;535;636;666;749;699;830;660;724;645;709;730;767;835;769;780;855;869;938;866;862;946;856;988;947;820;880;990;850;1099;1021;840;908;893;965;1026;845;913;981;960;939;899;917;969;951;855;735;776;809;683;729;731;596;571;536;362;
