-169,53125;192,78125;-46,25;-68,0625;-132,03125;-28,09375;-135,6875;-201,78125;-151,09375;-581,3125;-170,09375;69,75;-137,1875;-238;-231,25;-266,96875;-97,21875;-217,6875;75,90625;-182,78125;-198,28125;-50,78125;-39,71875;37,25;-115,125;-70,6875;-101,5625;-19,21875;-4,40625;-44,71875;-88,125;-79,53125;-26,96875;62,5625;1,3125;-131,625;-64;117,625;-53,75;33,5;-161,71875;-14;17,3125;-43,71875;-211,65625;-110,9375;-125,4375;-80,21875;-128,21875;-161,3125;-196,9375;14,3125;-42,0625;268,1875;129,5;-356,75;184,5625;-163,40625;-116,125;-115,34375;-223,9375;-27,96875;-208,625;-140,53125;-22,21875;-205,625;43,125;-19,40625;-160,21875;15,9375;-58;-154,28125;-177,90625;-156,625;-227,5625;-25,34375;-149,0625;-106,46875;-57,6875;-86,3125;-160,34375;-89,6875;-8,90625;-50,1875;-87;-93,25;-16,96875;-146,9375;-273,625;-185,53125;-104,09375;-102,21875;-100,84375;47,84375;-129,25;-60,375;-80,96875;-179,59375;-277,5625;38,28125;-27,59375;-275,6875;-47,59375;-101,625;-307,375;-167,53125;-117,3125;1332,4375;-175,3125;-474,875;-84,15625;-226,5625;-108,75;-65,03125;-77,5625;-19,3125;-31,5625;-67,9375;-223,4375;-219,375;-247,34375;-19,6875;-210,1875;-85,90625;-67,90625;-184,5;-123,6875;-116,5;-191,75;-41,125;-92,9375;-192,84375;-55,84375;-89,0625;14,40625;-52,28125;-174,96875;-23,34375;-4,53125;-74,28125;-261,6875;-107,3125;-58,34375;-54,8125;-124,75;86,71875;52,25;-172,90625;-153,40625;-77,1875;20,46875;-80,375;-154,625;1134,15625;-42,375;-61,09375;-65,6875;-118,59375;-110,09375;-100,71875;-151,6875;-178,8125;-125,4375;-9,0625;40,5625;-15,78125;106,15625;-1,84375;-120,0625;-11,75;-31,78125;-206,6875;-102,53125;-116,4375;-52,78125;123,5625;-8,03125;19;-199,25;83,3125;-171,71875;184,65625;-136,65625;-237,34375;93,75;-203,40625;-185,875;127,53125;-99,1875;-60,71875;-83,71875;55,9375;-106,625;-32,03125;42,28125;80,0625;-210,34375;-151,5625;-107,90625;97,5625;7,15625;-45,59375;-33,34375;95,65625;-56,90625;-71,15625;-10,84375;166,78125;4,25;-48,09375;-127,84375;-10,46875;-288,75;-225,125;-105,28125;-418,71875;51,65625;-158,78125;-81,5625;-72,59375;-83,96875;-137,125;-71,09375;-265,84375;-20,90625;-169,8125;-28,09375;-166,125;-213,875;-147,96875;-54,34375;-341,125;364,5625;-152,21875;-1671,34375;61,375;-242,9375;-302,28125;-301,78125;-292,4375;-292,75;-241,15625;-2634,75;-35,3125;-283,84375;-88,46875;74,375;-235,875;-399,84375;-529,03125;40,71875;100,15625;-48,15625;-171,84375;-134,53125;20,84375;-162,78125;10,84375;59;-24,84375;-453,1875;-423,34375;-495,625;-268,625;-142,28125;-236,25;-373,65625;37,84375;-55,25;10,90625;-86,9375;-95,53125;194,53125;-164,6875;3243,25;35,1875;102,90625;81,375;113,03125;-104,5625;54,8125;58,4375;10,8125;595,4375;-26,46875;-144,5625;96,78125;-68,1875;-57,375;667,875;-262,84375;157,46875;245,34375;-69,3125;14,90625;-279,375;82,0625;-98,96875;736,5;-36,28125;259,25;79,84375;474,71875;-90,03125;84,28125;-227;196,375;4,46875;119,34375;203,84375;43,6875;-12,15625;79,5;214,5;339,46875;-149,46875;-136,4375;174,8125;68,78125;179,5;
-80,09375;-87,84375;-153,03125;137,34375;-20,75;-160,90625;-149,15625;-113,53125;70,0625;-67,46875;139,3125;57,625;-12,5;-194,3125;-25,6875;45,65625;-560,75;-61,625;11;-26,8125;-267,15625;198,5625;-132,15625;-233,875;59,6875;-96,25;77,8125;91,15625;-167,75;-10,71875;-287,03125;-67,71875;84,40625;-87,96875;-285,8125;116,65625;-75;-112,03125;-299,65625;-46,9375;17;-33,03125;-37,90625;-69,46875;-136,65625;-70,125;-113,0625;37,53125;-205,75;-56,28125;-95,03125;33,78125;-71,8125;-60,71875;-65,28125;-104,21875;18,09375;-4,78125;31,34375;-96,5625;-193,53125;-214,09375;-134,03125;147,53125;-1232,65625;227,625;-63,5;17,78125;-155,1875;-167,71875;-184,59375;51,75;-178,84375;-97,09375;48,6875;-217,96875;-154,34375;-33,28125;-119,84375;-203,21875;-30,75;-11,84375;-179,4375;-68,15625;-27,375;-257,375;-212,625;46,25;-175,96875;-68,25;-246,4375;-90,125;-145,6875;-58,0625;-315,15625;-102,53125;20,0625;-77,375;25,21875;-42,84375;-224,59375;-28,65625;-317,5;-138,3125;-120,9375;-11,25;-169,5625;-108,46875;-45,0625;-71,21875;33,9375;25,25;-234,9375;-176,5;33,3125;-54,96875;-96,8125;-31,03125;-96,875;-13,875;-60,96875;-10,84375;-26,15625;-195,875;-141,96875;-63,625;-81,90625;-128,59375;-302,71875;1,28125;-76,59375;-102,5;-221,5625;-208,53125;-211,34375;-118,1875;-198,46875;-118,1875;-119,28125;-261,59375;-211,90625;-13,21875;-60,40625;-43,0625;-149,34375;-196,1875;-208,625;-218,71875;-157;-43,875;-131,625;-215,0625;-74,59375;-313,8125;-199,25;-23,8125;-125,59375;-10,6875;-70,65625;-232,71875;-61,84375;-178,84375;-220,75;-177,875;-117,375;9,125;-198,375;-213,90625;-202,3125;-167,3125;-202,96875;-37,90625;52,625;-193,53125;108,125;-132,21875;145,71875;-110,34375;-211,28125;-0,3125;-122,40625;57,65625;-107,40625;-85,25;-87,15625;-89,625;-4,78125;-246,46875;-295,53125;-93,78125;-123,4375;14,0625;119,625;37,8125;-80,75;-109,09375;-133,59375;-56,625;-159,34375;-22,6875;-39,34375;21,5625;71,3125;-192,0625;56,5;-58,6875;-130,3125;-4,1875;166,25;-184,96875;-84,34375;-95,375;-16,96875;-383,5;-292,28125;57,15625;-250,59375;-158,65625;-272,6875;-88,40625;-168,65625;-80,9375;-208,65625;-116,875;-171,71875;-119,375;-255,625;-15,5625;-262,125;183,0625;-88,3125;-511,5;596,03125;-104,75;-18,15625;-509,96875;430,09375;-305,25;17,0625;-97,125;-30,53125;-456,375;-206,21875;-480,09375;-198,03125;-483,09375;-410,8125;-214,6875;-70,25;-628,75;-572,15625;-567,65625;-569,96875;-425,96875;-551,1875;-583,6875;-431,6875;9,3125;-258,9375;-26,84375;-231,9375;-439,6875;-599,09375;-450,1875;2311,6875;-642,5;3,5;65,40625;41,0625;-39,25;-106,53125;-271,96875;21,75;-100,8125;-180,40625;-75,28125;251,8125;-48,84375;484,71875;44,34375;-234,6875;207,8125;97,96875;89,1875;-167,28125;53,90625;642,4375;504,8125;-219,875;-158,46875;-60,4375;13,96875;-83,71875;630,71875;-110,21875;567,03125;45,46875;331,875;-140,0625;-174,4375;-121,84375;-120,9375;478,1875;367,78125;455,34375;128,84375;-143,40625;-73,34375;451,75;113,0625;6,1875;-157,5625;222,34375;-98,34375;107,03125;371,4375;-165,15625;-87,125;-8,25;84,1875;
159,5;236,65625;299,90625;404,71875;190;179,90625;439,28125;-485,1875;-1037,90625;94,5;-13,4375;125,625;165,1875;63,15625;-64,03125;-3,5625;132,34375;238;29,03125;-23,84375;103,65625;-9,6875;1849,71875;205,96875;-180,78125;235,59375;98,03125;227,65625;138,5;189,03125;158,15625;-110,53125;66,59375;220,84375;299,9375;187,1875;234,84375;4,96875;229,4375;159,53125;307,65625;-73,25;219,8125;136,09375;129,625;194,15625;83,125;337,75;97,78125;115,78125;266,21875;25,0625;148,65625;33,84375;117,5;55,75;201,875;186,25;19,4375;162,90625;-1;272;133,53125;211,9375;218,71875;110,21875;289,78125;125,5625;53,34375;-83,53125;158,71875;46,25;-43,90625;189,46875;177,125;-101,90625;-18,09375;-45,46875;-23,46875;188,71875;180,34375;160,78125;-31,9375;38,15625;30,65625;298,53125;30,125;58,15625;4,40625;84,75;174,875;91,65625;51,25;63,53125;136,40625;35,65625;199,09375;275,8125;150,4375;57,3125;183,78125;172,59375;46,78125;91,46875;225,65625;167,90625;6,40625;185,40625;114,3125;-113,09375;17,65625;237,3125;178,875;-67,4375;102,5625;52,78125;-37,96875;103,59375;195,125;188,40625;233,5625;116,71875;-98,4375;-7,59375;101,9375;80,0625;145,46875;89,65625;-10,34375;78,84375;158,15625;87,1875;51,21875;17,46875;155,9375;209,53125;24,3125;183,59375;-113,9375;189,5625;172,125;34,3125;370,84375;217,90625;-14,125;69,625;212,9375;231,3125;310,71875;43,75;141,3125;-42,96875;57,40625;-17,5;482,28125;307,15625;80,75;50,5;51,71875;146,625;159,84375;79,28125;57,1875;89,0625;95,96875;280,125;167,03125;147,96875;45,375;153,21875;-68,375;149,9375;67,53125;71,84375;-6,28125;127,21875;192,125;44,125;154,6875;104,3125;125,5;280,59375;21,78125;194,90625;291,59375;-24,03125;339,40625;193,15625;147,90625;116,0625;237,125;139,84375;127,59375;70;178,65625;226,40625;274,0625;235,03125;-23,625;250,21875;143,0625;218,84375;196,71875;212,5;354,5;71,34375;8,40625;67,6875;177,46875;77,75;149;8,78125;177,75;337,28125;58,25;-158,9375;-8,40625;54,9375;-113,0625;-54,6875;93;-91,78125;134,5;116,21875;97,4375;157,78125;-4,78125;-40,34375;43,21875;-192,09375;128,5;51,875;304,15625;-247,6875;-51,90625;328,625;57,9375;-206,8125;-459,75;114,84375;-271,96875;-101,5625;-302,4375;206,71875;-308,875;-177,90625;-148,0625;-2398,1875;111,09375;146,0625;191,21875;280,3125;-403,59375;517;-389,40625;191,09375;63,5;-409,875;284,625;164;889,84375;642,90625;-497,03125;155,3125;-215,09375;-185,3125;193,03125;221,4375;-1614,75;398,5625;22,84375;300,46875;11;307,03125;254,28125;321,78125;182,96875;835,59375;-3422,25;474,0625;26,75;622,15625;666,4375;243,625;252,0625;217,5625;458,34375;312,1875;390,84375;103,59375;1048,71875;284,375;722,1875;1464,71875;-1601,40625;875,34375;185,1875;669,96875;828,9375;567,15625;811,5625;634,03125;-0,75;134,96875;661,1875;86,40625;117,96875;176;223,46875;268,5625;200,03125;409,9375;371,5625;142,4375;470,9375;205,40625;309,375;203,0625;330,6875;166,21875;
-182,75;-53,09375;23;-112,6875;-85,84375;-268,84375;114,0625;-282,84375;-116,0625;-294;-68,65625;-126,46875;-287,46875;-237,34375;-130,625;-461,75;50,3125;-250,34375;-302,71875;-208,8125;-319,71875;-160,3125;-89,25;184,625;-212,96875;-471,84375;-273,96875;-286,0625;-262;-255,8125;-329,21875;166,375;-259,375;13,53125;17,875;-179,96875;-150;-217,53125;-340;-316,84375;-154,53125;-185,46875;-62,15625;-185,90625;-106,59375;-269,5625;-83,03125;-208,78125;-199,90625;-216,59375;-155,125;-253,71875;-207,59375;-34,34375;-200,875;-299;-127,96875;-131,34375;-123,15625;-380,65625;-186,53125;-39,09375;-124;-335,25;4,625;-23,875;-10,375;-237,03125;-212,78125;-207,8125;-98,25;-328,4375;-22,8125;-107,5625;-227,9375;-94,5625;-75,3125;-120,65625;-226,03125;-376,09375;-109,0625;-154,625;-244,3125;-60,34375;-264,03125;-117,375;-279,9375;-55,59375;-358,96875;-241,84375;65,46875;-165,34375;-192,1875;-77,5625;-361,40625;-301,4375;-143,125;-462,21875;-347,21875;-80,03125;-114,84375;-253,625;-114,875;-323,375;-384,8125;-279,4375;-350,1875;-218,125;-198,3125;-169,5625;-17,53125;-225,84375;-230,6875;-60,625;-264,4375;107,40625;-20,34375;-119,96875;-186,53125;-377,25;11,625;-34,84375;25,46875;-238,0625;-125,40625;-234,40625;-139,03125;-349,84375;-210,3125;-347,15625;-328,125;-106,75;-63,65625;-207,21875;-210,65625;-298,625;-308,46875;-435,65625;-185,1875;-169;81,34375;-249,78125;-215,09375;63,90625;-135,8125;-180,78125;-234,9375;-208,34375;-216,75;-174,46875;-369,71875;16,875;-63,09375;-177,46875;-124;-138,59375;-235,4375;-208,46875;-226,96875;-135,6875;-143,25;-45,125;-238,125;3,34375;-253,6875;-169,59375;-72,8125;-376,78125;-149,78125;-100,40625;-152,21875;-225,0625;-196,71875;-78,5;-24,65625;81,40625;-103;141;-58,90625;-204,5625;-136,03125;-155,65625;-81,09375;-130,34375;-236,34375;-207,8125;-82,8125;-186,5;-242;-121;-99,9375;-101,8125;-33,90625;-145,53125;-263,625;75,40625;-1373,84375;-113,90625;-44,1875;-68,21875;-286,1875;-51,34375;-203,09375;-77,46875;-105,96875;-192,9375;532,65625;-213,03125;-200,4375;-267,21875;-220,5;-26,25;-86,96875;-134,5;-58,8125;-138,59375;-89,65625;-180,125;-299,71875;-69,75;-327,53125;-52,28125;-285,5625;-118,0625;-262,84375;-260,0625;-224,8125;-84,15625;-104,75;-212,5;-233,28125;-163,875;-34,90625;2228,21875;-488,53125;-198,15625;-320;-209,96875;-292,96875;-458;-554,75;-328,96875;51,71875;163,375;-352,96875;-91,28125;107,59375;-283,78125;-127,0625;-3030;-331,4375;-112;-748,8125;-518,1875;-304,5;-517,0625;-136,8125;-220,84375;-65,28125;-305,8125;-203,28125;10,0625;-377,1875;-425,40625;-269,84375;-325,96875;-240,5625;69,9375;-152,4375;-244,5;-103,4375;-234,78125;-264,84375;-303,71875;-61,65625;-383,375;-152,78125;-83,78125;-64,375;133,1875;268,84375;-171;-126,125;-169,3125;-46,875;369,59375;539,53125;-84,34375;-155,96875;-73,4375;19,8125;-73,53125;857;961,65625;-176,5;620,71875;1018,65625;-86,375;-199,75;-149,90625;-387,21875;-411,4375;-124,65625;636,4375;301,90625;-75,3125;-84,21875;307,15625;-155,75;88,21875;-390,6875;2,34375;149,21875;-129,34375;27,9375;-112,5;-147,28125;-162,84375;-137,8125;-113,71875;
-104,09375;11,09375;-358;126,125;1889,5;-185,5;-34,03125;-9,6875;4,78125;-129,3125;41,15625;-33,53125;-72,03125;2173,75;1,09375;-60,53125;-191,6875;-155,15625;-199,375;-116,625;168,90625;14,625;107,15625;166,4375;100,25;-108,9375;-105,90625;-156,96875;-157,34375;-241,375;-147,6875;71,125;-8,8125;-119,75;-105,3125;-191,0625;-120,03125;-230,125;-195,84375;-78,96875;-148,3125;36,4375;154,625;-197,59375;-95,875;-58,34375;-93,8125;-170,25;0,21875;39,46875;-26,28125;-60,84375;-78,875;-31,78125;106,40625;-110,46875;22,25;-267,71875;85,65625;-230,34375;-196,28125;-175;-149,0625;-127,78125;49,9375;41,84375;-351,65625;-105,28125;66,4375;-49,40625;-159,84375;41,59375;-14,125;-74,4375;6,40625;-180,9375;-51,40625;-227,28125;21,71875;-240,75;-24,09375;-38,5625;-37,90625;4,28125;-133,6875;-138,53125;-129,4375;-372,34375;-135,5;-6,90625;-210,09375;-182,0625;-35,96875;-5,875;113,59375;-84,625;11,125;-190,875;-121,4375;-168,03125;-158,125;127,5625;-191,21875;-46,65625;-73,90625;195,96875;-121,90625;-58,3125;6,75;-152,28125;-79,5;11;-94,9375;66,53125;-227,3125;-245,71875;210,40625;-216,96875;-97,15625;-33,3125;61,59375;-14,25;-93,84375;-52,9375;-117,84375;-124,5625;-20,125;-283,03125;-140,03125;-155,5;-28,09375;-94,4375;121,84375;-327,96875;-24,71875;-106,96875;-47,625;-18;-114,40625;42,6875;-34,6875;14,53125;-151,78125;-295,28125;-193,21875;-36,65625;-80,34375;-49,09375;-124,21875;-268,96875;-51,96875;-36,4375;28,125;-38,5;-40,125;124,21875;47,25;-215,9375;-326,8125;-113,59375;-86,8125;92,3125;-12,59375;-213,9375;-153,96875;-107,03125;-53,96875;17,15625;21,875;8,875;-38,03125;-54,15625;60,8125;81,1875;-11,6875;-18,53125;-122,5625;132,90625;-8,84375;-12,53125;-98,1875;-84,9375;160,9375;-26,59375;-90,65625;129,71875;-59,40625;118,1875;11,625;49,15625;-151,5625;-34,5625;-44,65625;-240,21875;341,875;251,9375;164,46875;-7,96875;-62,96875;-53,21875;-259,53125;-290,34375;-74,25;-216,125;-116,3125;-82,125;-105,34375;-70,90625;-157,15625;-346,1875;360,1875;-167,9375;-7,21875;135,8125;-41,90625;19,875;142,96875;36,875;-249,15625;-18,875;38,09375;-140,96875;-194,875;-233,46875;-146,53125;-61,6875;-84,5625;-179,5;-288,8125;-157,59375;-96,96875;-177,1875;-412,21875;58,1875;-414,125;168,21875;-313,84375;-100,875;-410,40625;15,78125;-156,8125;-280,90625;16,78125;-338,65625;-347,96875;85,6875;-554,09375;-654,75;-390,15625;-232,28125;-270,0625;-398,25;-200,59375;-24,625;-317,71875;-261,53125;106,0625;-24,28125;-305;-293,09375;76,09375;-243,4375;-222,46875;-130,34375;-28,84375;-344,96875;-100,59375;99,125;-129,3125;35,25;206,4375;-59,84375;-12,71875;136,28125;-64,53125;37,625;108,25;129,875;85,78125;79,6875;-79,375;114,34375;385,21875;-133,15625;83,34375;427,75;-71,875;43,15625;820,8125;701,5625;-2420,6875;1314,40625;579,53125;83,78125;-56,21875;640,3125;-88,09375;-98,5625;-67,09375;902,4375;97;24,21875;38,125;-2584,15625;668,90625;40,1875;-143;52,65625;137,6875;326,46875;8,125;443,71875;-15,09375;36,375;-98,34375;-267;-71,25;53,90625;215,40625;-14,03125;
-179,875;-216,28125;-127,5;37,5625;-179,46875;-45,8125;-64,96875;-89,9375;-31,375;136,90625;96,15625;-18,875;-63,21875;-460,9375;-13,25;189,5625;-121,75;130,625;-50,96875;6,5;104,34375;-122,53125;-58,5625;147,90625;86,4375;73,84375;-254,84375;129;183,53125;232,15625;48,71875;19,78125;-130,9375;89,375;53,90625;118,9375;27,46875;-253,1875;41,25;92,71875;62,4375;73,625;79,75;77,40625;117,78125;-57,1875;-114,09375;-68,65625;171,46875;69,0625;30,8125;81,28125;231,03125;84,78125;-210,9375;97,3125;-367,625;-28,34375;-82,21875;14,40625;127,15625;97,875;44,9375;-117,59375;-44,25;15,125;-115,75;98,71875;178,25;-139,875;-174,65625;175,90625;54,90625;119,84375;62,96875;-204,8125;-1,59375;-34,84375;193;2,9375;-86,28125;71,90625;145,6875;25,34375;137;0,5625;25,375;-75,15625;73,40625;57,21875;-76,46875;46,5;47,84375;100,5;158,96875;37,3125;155,8125;202,9375;314,375;-25,4375;132,84375;35,15625;215,5;-54,78125;116,65625;31,71875;313,5625;-62,90625;-157,28125;191,59375;80,46875;-0,15625;1,65625;-61,875;188,21875;81,90625;45,09375;73,5625;11,09375;82,125;124,40625;42,875;46,71875;-24,375;-46,90625;75,875;164,9375;134,375;140,875;-35,59375;259,46875;237,84375;41,25;-139,78125;-22,78125;-35;269,4375;8,65625;65,1875;121,34375;-6,03125;261,625;-72,15625;73,78125;126,9375;-69,875;108,5;112,84375;132,53125;60,8125;80,03125;-68,34375;-57,75;71,21875;192,8125;-162,375;166,625;-118,15625;50,34375;127,8125;94,4375;18,625;-16,28125;207,0625;103,3125;-21,125;119,3125;-16,375;175,125;36,90625;261,03125;292,28125;163,53125;198,1875;92,25;60,1875;151,28125;236,96875;75,625;-40,34375;124,3125;257,9375;-142,375;129,5625;132,875;295,5625;195,6875;154,46875;56,59375;276,65625;154,96875;32,25;4,5625;0,3125;212,25;128,9375;390,09375;272,6875;105,375;267,1875;272,1875;109,0625;111,125;-160,0625;-111,875;211,6875;16,375;-55,84375;96,125;202,09375;183,6875;-101,1875;122,25;49,03125;221,34375;78,40625;19,5625;29,46875;66,09375;-173,25;-36,59375;-4,75;-94,71875;-115,78125;-72,46875;142,5625;50,125;-46,625;-51,3125;194,8125;-137,59375;95,25;-320,09375;198;-60,21875;-308,40625;277,625;19,125;-109,25;-98,0625;7,5625;-881,59375;-154,78125;-136,25;0,84375;-338,8125;8,875;136,90625;194,875;82,28125;-14,75;-306,03125;-550,84375;117,0625;-247,59375;-203,84375;-121,59375;-329,0625;-177,4375;-67,21875;-314,8125;175;-37,125;-78,09375;-300,1875;205,25;173,25;-2,8125;225,875;14,71875;-79;-112,53125;0,84375;291,84375;162,03125;204,5;213,78125;251,875;36,375;2989,9375;1215,28125;114,15625;657,09375;647,25;78,5;442,375;27,125;688,4375;114,9375;875,28125;164,25;373,84375;413,90625;7,40625;-75,6875;103,625;878,65625;93,5625;738,34375;58,4375;128,40625;49,5;214,75;853,21875;264,40625;2092,84375;538,6875;335,96875;24,78125;-113,25;-94,6875;243,03125;499,65625;267,03125;416;134,46875;404,34375;253,21875;52,75;292,625;
-323,90625;-137,15625;-357,3125;39,21875;-252,625;-12,9375;-286,46875;1289,1875;-445;-347,03125;-71,59375;-46,28125;471,1875;1380,15625;-408,8125;-194,625;-52,09375;-242;-154,4375;-52,34375;-132,84375;-40,40625;-449,40625;-362,3125;-341,1875;-175,1875;-270,03125;-257,59375;-203,9375;-226,90625;-150,0625;-229,90625;-341,375;-254,90625;-97,90625;-265,34375;-304,15625;-118,78125;-156,5;-98,6875;-270,15625;-325,125;-202,21875;-204,75;32,8125;-106,28125;-197,28125;-59,65625;-129,9375;-352,125;-85,46875;-226,46875;-28,8125;-179,5;-135,9375;-312,25;-196,1875;-180,3125;-233,46875;-270,28125;-182,09375;-335,875;-398,28125;-206,3125;-247,4375;-61,15625;-168,625;-223,46875;-148,5625;-336,71875;-276,125;-457,75;-78,34375;-239,375;-233,1875;-218,03125;-219,40625;-61,0625;-256,65625;-232,8125;-135,8125;-385,53125;-476,0625;-202,03125;-253,3125;-98,5;-160,59375;-233,71875;-74,75;-154,21875;-197,125;-300,65625;-382,3125;-51,71875;-326,34375;-208,875;-71,25;-157,8125;-192;-439,0625;-439,28125;-387,0625;-215,25;121,25;-311,90625;-313,375;-106,875;-373,3125;-82,9375;-225,03125;-257,53125;-283,46875;-275,5;-171,1875;-143,3125;-301,90625;-272,28125;-225,96875;-253,375;-249,34375;-259,25;-239,5625;7,96875;-50,875;-125,3125;-191,53125;-246,25;-151,5;-424,65625;-390,5625;-146,03125;-138,375;-436,875;-235,59375;103,71875;-216,875;-158,125;-191;-215,46875;-146,21875;-138,46875;-360;-74,8125;-358,875;-320,53125;-120,90625;-120,875;-325,6875;-326,5;-182,3125;-263,53125;-210,1875;-212,0625;-295,28125;-15,71875;-116,875;-400,78125;-223,625;-315,46875;86,8125;-159,65625;-98,4375;-364,4375;-377,53125;-277,90625;-250,59375;-112,65625;-212,25;-114,09375;-351,21875;-106,75;-22,25;-334,8125;-56,1875;-200,40625;-301,90625;-229,21875;12,25;-203,90625;-7,28125;-25,125;-49,59375;-170,15625;-151,6875;-72,65625;-57,40625;-266,375;-40,21875;-250,5;-337,03125;-384,09375;-253,78125;-57,71875;-230,1875;-154,71875;4,28125;-73,3125;-127,46875;80,71875;-466,4375;-209,59375;-61,15625;-377,25;-188,15625;-201,6875;-375,53125;36,84375;-0,4375;-319,21875;-280,53125;-114,28125;-195,65625;-399,375;-231,46875;-318,0625;-307,40625;-260,875;-323,65625;-312,3125;-120,9375;-475,15625;-86;-208,53125;-217,78125;-220,46875;-252,1875;-281,4375;-350,625;-295,84375;-169,5;-418,625;-405,09375;-87,21875;-251,84375;-389,625;-234,125;-535,03125;-387,625;-267,28125;-437,46875;-539,09375;-463,40625;-358,65625;-465,8125;-545,34375;63,09375;-494,15625;-430,53125;-445,03125;-411,8125;-342,78125;-202,0625;-82,78125;-269,15625;-204,78125;-637,25;-679,78125;-33,65625;-478,125;-426,25;-45,96875;-2566;57,75;-212,9375;-20,59375;-378,15625;-266,875;-57,46875;-243,3125;-422,5625;-312,96875;-136,3125;100,65625;34,09375;-94,5;52,4375;3,6875;-70,34375;224;-1087,28125;-251,15625;370,25;-113,65625;-715,21875;490,0625;450,125;580,78125;-116,9375;-185,5;-302,84375;-261,96875;743,53125;-212,96875;489,6875;4088,0625;-142,34375;-18,78125;-58,625;463,3125;118,65625;-206,875;356,15625;462,125;-50,78125;-329,625;168,875;648,8125;-130,25;-106,875;137,5;-231,4375;-250,5625;-84,78125;-1484,5;246,90625;-141,15625;-1631,28125;-332,9375;40,9375;-149,96875;
327,8125;402,96875;101,1875;145,96875;-126,8125;21,90625;113,03125;-47,4375;73,0625;214,8125;370,4375;-1820,40625;174,0625;-104,625;27,0625;53,46875;258,125;76,125;128,21875;163,1875;17,4375;156,375;324,46875;79,34375;27,125;181,1875;247,28125;-65,84375;149,375;247,28125;101;147,15625;83,03125;133,8125;101,34375;134,5625;79,78125;150,46875;202,59375;316,0625;100,8125;231,96875;127,875;209,25;274,8125;244,625;101,125;132,46875;203,25;226,875;201,71875;166,625;233,03125;204,71875;104,125;107,1875;144,375;79,6875;-19,0625;98,375;194,15625;180,09375;244,65625;62,875;86,75;-55,375;46,03125;117,40625;197,46875;244,59375;184,625;229,59375;169;-17,625;161,75;222,40625;239,65625;87,9375;241,8125;212,3125;19,5625;81,78125;251,6875;113,3125;259,71875;164,40625;111,53125;4,1875;-63,65625;86,1875;138,40625;231,6875;125,65625;-47,625;67,625;21,78125;-29,625;162,9375;287,59375;229,8125;85,9375;207,5625;248,40625;329,21875;323,9375;307,75;154,46875;280,125;174,375;167,6875;57,125;164,71875;272,75;85,25;223,21875;136,84375;366,0625;302,78125;137,34375;127,5625;16,65625;103,40625;70,46875;78,5625;178,4375;196,6875;28,96875;154,8125;173,25;311,53125;253,90625;170,03125;181,1875;43,75;107,90625;81,40625;28,84375;-102,8125;371,75;47,96875;73,125;55,0625;193,8125;86,8125;-105,90625;64,59375;55,6875;124,0625;147,03125;41,59375;186,3125;130,84375;233,65625;212,09375;142,84375;-51,59375;47,0625;-10,28125;96,65625;151,65625;-22,25;242,71875;45,84375;96,9375;12,4375;132,84375;101,875;129,40625;385,5625;130,9375;321,15625;85,9375;181,9375;325,28125;168,40625;185,0625;54,21875;16,21875;102,53125;373,625;198,59375;243;298,21875;351,9375;211,59375;175,5;181,53125;245,03125;75,25;342,25;176,21875;316,71875;185,25;69,65625;227,125;50,4375;75,28125;229,25;225,25;80,28125;286,03125;115,8125;230,28125;89,21875;98,96875;83,125;217,3125;269,5625;50,25;194,875;120,84375;298,8125;191,375;281,84375;13;112,4375;240,1875;152,15625;106,65625;149,65625;46,5625;203,90625;57,46875;118,59375;119,0625;298,5;-2,28125;32,625;36,1875;161,0625;167,96875;-20,75;166,0625;-38,4375;-224,9375;-57,9375;265,53125;-327,5;-153,90625;-101,40625;164,40625;-51,71875;168,1875;-48,875;-68,78125;-47,21875;-199,5;107,40625;-78,96875;-207,0625;339,0625;401,90625;3085;-430,75;445,9375;-27,5625;143,53125;-270,34375;342,3125;280,3125;-18,25;286,625;-734,40625;117,125;23,96875;64,78125;-95,34375;-27,375;-168,3125;127,0625;171,34375;1016,96875;47,5625;-340,5625;384,71875;252,96875;361,875;72,875;273,15625;161,90625;46,8125;354,1875;528,9375;209,59375;168,59375;-92,53125;1,90625;769,15625;792,84375;307;573,28125;202;161,8125;269,875;353,71875;947,96875;194,46875;91,59375;950,8125;374,4375;398,28125;333,96875;23,40625;367,9375;681,59375;164,875;104,84375;803,34375;617,5;538,8125;477,875;314,75;595,5625;479,78125;301,6875;-4,46875;141,125;320,96875;192,71875;236,125;
93,5625;198,25;-249,65625;-197,40625;-247,5625;-318,75;-105,96875;-15,3125;-68,5625;55,90625;-82,90625;29,875;-175,40625;-207,8125;-98,59375;-238,4375;-233,71875;-61,1875;-35,09375;-69,09375;42,59375;-116,28125;-149,03125;-187,4375;-137,90625;-100,0625;-157,5625;-121,625;-70,6875;-61,15625;-26,34375;-196,1875;-287,71875;61;-138,625;-114,96875;-130,1875;6,8125;-318,65625;-320,46875;-51,59375;-67,84375;109,71875;-310,3125;-130,96875;13,15625;-148,84375;-141,65625;-145,6875;66,96875;-57,21875;-132,90625;-209,3125;-57,90625;-360,5625;-172,1875;-139,53125;-60;-166,3125;-112,09375;-179,78125;-345,5625;-191,78125;-164,53125;-193,5625;62,4375;-106,96875;-249,21875;-290,625;-74,625;-241,78125;-140,6875;-294,25;-175,1875;-182,625;-81,4375;-10,28125;-370,09375;-324,375;-103,71875;-328,8125;-121,78125;-304,0625;-170,15625;-92,65625;-105,90625;-110,3125;-178,125;-74,6875;125,4375;-199,53125;-141,0625;-287,71875;-71,21875;-177,53125;-103,375;-242,53125;94,1875;10,125;-86,03125;-34,21875;-262,125;-5,1875;-175,65625;104,71875;-233,3125;-47,625;-33,625;-181,46875;-53,03125;-136,09375;-200,8125;-162,125;3,0625;-1;-186,75;-71,96875;-155,0625;-127,4375;-140,40625;-104,46875;-247,125;-63,25;-138,59375;-140,6875;-324,09375;-287,625;-179,03125;-69,59375;19,1875;-216,21875;2,09375;68,09375;-150,40625;-188,3125;-170,1875;-199,6875;-68,21875;-161,4375;-81,5625;-306,40625;78,5;-68,21875;-472,03125;-253,625;-232,125;-28,6875;-78,59375;-136,03125;-47,21875;-271,90625;-112,6875;-38,65625;43,15625;-18,5625;-107,03125;-92,40625;-191,8125;-188,65625;-87,8125;-147,03125;-127,6875;-370,65625;160,15625;-55,96875;-77,5;-189,875;-227,46875;-174,25;-113,0625;-146,5625;21,28125;27,9375;-4,4375;-157,65625;-15,96875;-142,46875;-2,4375;-10,40625;114,1875;-111,8125;-142,90625;59,59375;-22,46875;-121,25;-178,78125;-160,71875;-76,65625;15,125;-75,78125;-28,03125;-102,46875;-135,71875;19,6875;12,09375;36,78125;75,40625;-9,0625;-104,71875;30,8125;39,9375;-43,40625;-83,65625;36,21875;-10;31,09375;-262,15625;-300,4375;-233,875;-164,9375;-120,5625;-116,0625;-118,46875;-117,3125;-216,15625;-299,375;-299,09375;-220,5625;-53,15625;-233,09375;-200,28125;-66,65625;-162,96875;-198,6875;-59,625;-56,3125;-281,40625;-92,21875;-203,125;-251,1875;-521,84375;-330,9375;-246,03125;-206,375;-333,3125;-436,21875;1931,4375;-486,53125;-213,0625;-370,0625;-233,875;-233,3125;-254,0625;-278,78125;-197,125;-430,28125;164,1875;-505,3125;-591,34375;-441,9375;-359,625;-366,96875;-564,09375;-384,875;-176,90625;-307,96875;-499,40625;-159,125;-174,09375;-260,96875;-149,4375;-260,125;-364,84375;-351,75;-313;-343,84375;289,65625;-136,1875;-246,25;48,53125;-42,25;26,4375;-209,34375;99,46875;-193,0625;-423,34375;134;-147,5625;213,6875;-116,40625;72,875;-105,75;189,3125;-246,53125;1535,5625;-35,71875;579,28125;-25,3125;3,375;-122;-113,28125;816,9375;713,4375;-32,40625;163,9375;-46,125;596,8125;-155,15625;465,78125;-109,6875;3,78125;-85,375;-156,34375;387;-43,3125;598,625;-104,9375;-286,4375;842,125;-247,46875;375,8125;152,75;199,375;16,3125;6,65625;-20,5;-125,96875;91,53125;151,5;-105,53125;
12,8125;496,03125;-146,65625;130,125;274;429,5625;105,34375;-43,53125;205,375;103,21875;106,3125;-69,6875;263,5;-65,40625;94,34375;184,5;143,84375;296,125;338,6875;244,8125;10,28125;133,15625;83,65625;308,6875;249,6875;1,5625;80,5625;269,15625;147,71875;224,65625;280,875;61,40625;168,96875;-83;-64,46875;30,0625;364,46875;14,1875;33,5;141,3125;33,46875;158,59375;-177,90625;50,53125;80,59375;196,84375;98,34375;250,59375;188,28125;-47,78125;184,8125;252,25;-34,1875;213,0625;273,625;113,875;284,96875;-8,5625;15,59375;19,8125;142,71875;140,5625;93,46875;142,28125;26,25;134,03125;183,15625;74,5;143,4375;-2,375;-63,9375;55,9375;-73,0625;193,15625;258,125;-71,40625;312,28125;-65,375;1,40625;41,125;161,75;-71,8125;155,25;49,59375;211,3125;95,96875;159,21875;48,46875;140,09375;281,21875;205,1875;71,0625;-26,5625;-94,15625;190,90625;74,34375;-153,625;97,0625;58,21875;90,15625;5,21875;185,40625;148,375;-57,46875;85,625;129,78125;32,5625;19,09375;108,3125;138,0625;103;119,53125;257,1875;286,9375;313,53125;3,71875;334,0625;-44,84375;124,4375;100,375;141,0625;79,09375;152,65625;247,53125;-66,4375;189,25;28,96875;156,59375;74,75;196,0625;163,9375;86,25;230,46875;19,4375;186,375;162,21875;-60,78125;232,4375;69,1875;310,625;91,125;352,78125;62,96875;-158,53125;-90,59375;44,5;19,5625;82,90625;116,78125;-4,1875;54,875;355,71875;64,6875;203,125;20,28125;61,75;154,3125;125,59375;94,96875;194,90625;70,1875;151,125;277,59375;-45,625;146,6875;28,96875;-36,5;13,46875;63,84375;99,875;152,21875;258,15625;128,46875;170,625;90;267,25;142,09375;89,40625;279,6875;280,03125;134,4375;169,125;71,625;261,90625;26,3125;159,875;67,53125;46,75;101,78125;147,40625;-58,53125;164,78125;149,96875;230,09375;197,09375;31,21875;169,90625;-11,78125;63,625;132,875;190,75;152,71875;352,8125;184,78125;223,8125;74,28125;-76,5625;21,40625;51,875;207;203,4375;-76,78125;141,0625;89,28125;-16,25;-37,0625;79,15625;57,03125;365,21875;-99,59375;44,875;263,0625;292,09375;261,25;-192,5;130,71875;-59,3125;52,5;28,46875;-140,65625;97,875;208,53125;-74,53125;8,0625;-10,1875;504,34375;-279,03125;-210,6875;9,9375;-186,21875;-8,21875;-176,625;-82,125;31,09375;56,375;-53,03125;-1,25;-86,96875;81,46875;310,5;-241,90625;121,03125;-56,40625;-60,8125;-66,53125;-43,03125;213,71875;-876,0625;18,5625;55,8125;31,5;-175,46875;-61,75;195,28125;-191,28125;59,90625;236,65625;-211,125;448,25;101,46875;205,5;-254,65625;395,625;164,4375;-39,875;-50,375;261,3125;75,59375;225;467,03125;-2601,09375;760,65625;261,0625;-424,84375;182,65625;1298,84375;177,375;799,5;196,4375;266,125;78,1875;99,40625;780,34375;679,5;216,75;968,59375;586,03125;278,25;377,59375;212,6875;373,90625;130,9375;437,15625;713,53125;770,53125;259,9375;777,96875;19,84375;226,75;289,28125;34,4375;195,53125;17,9375;879,875;45,15625;415,9375;211,78125;128,96875;209,0625;365,125;
-238,59375;-193,0625;145,09375;19,0625;-2021;50,5625;-129,4375;78,59375;1,46875;-20,28125;73,28125;144,09375;42,71875;-56,09375;26,9375;208,375;-17,6875;266,09375;-1915,8125;-43,8125;-4,59375;-24,5;101,375;62,875;256,34375;-98,46875;120,875;195,96875;43,9375;6,6875;-141,09375;-6,1875;121,9375;8,875;-28,71875;-129,34375;15,4375;-176,125;111,53125;-29,4375;198,09375;6,8125;-13,34375;9,90625;273,40625;29,625;21,28125;-50,96875;74,59375;73,03125;190,1875;166;-75,90625;-109,875;109,3125;-184,34375;-45,78125;-74,09375;41,9375;27,5;-143,25;90,53125;-20,4375;110,0625;-50,21875;46,78125;149,6875;-33,53125;3,375;6,25;-115,9375;-32,34375;113,03125;-22,65625;56,3125;-19,65625;-230,4375;-111,5625;-29,5625;-116,5;-53,9375;19,34375;25,59375;125,65625;145,71875;-113,21875;-24,90625;-80,40625;-153,71875;-108,53125;23,84375;75,15625;-53,46875;27,25;19,625;-65,75;113,5625;217,75;131,71875;140,125;-185,25;-63,15625;113,4375;138,5;130,9375;40,375;316,8125;115,71875;48,34375;-109,90625;66,65625;-36,53125;5,9375;34,46875;157,90625;2,96875;-130,40625;35,15625;23,375;53,5;14,3125;125,71875;-23;-59,65625;183,0625;90,0625;-60,375;-8,9375;-49,59375;97,84375;-47,25;143,3125;-111,125;37,28125;-49,4375;-149,03125;199,96875;144,9375;28,5;113,625;-117,34375;103,28125;-66,21875;-191,375;-186,9375;-178,125;-95,4375;-79;-137,0625;119,09375;-100,9375;30,5625;122,03125;56,5;-198,96875;-31,625;-118,03125;112,3125;-13,4375;58,1875;-50,71875;98,8125;120,03125;5,75;170,8125;-54,21875;-22,78125;-25,84375;73,53125;74,21875;-44,28125;-95,375;76,96875;100,0625;62,0625;6,34375;26,78125;-7,8125;-42,125;-135,4375;-227,21875;-152,71875;145,90625;-45,96875;24,90625;52,21875;60,15625;13,78125;18,78125;150,0625;19,09375;-7,875;90,375;51,625;159,96875;188,75;319;12,53125;-11,84375;-127,34375;63,8125;190,21875;175,65625;-8,21875;-86,375;31,0625;115,90625;12,25;98,25;197,15625;248,625;183,25;-37,4375;76,53125;-12,40625;162,125;89,875;-18,78125;-19,03125;-145,03125;-119,6875;122,25;53,03125;57,75;-151,65625;-53,71875;-105,6875;15,03125;167,34375;-205,21875;-122,25;53,84375;86,1875;-173,9375;-254,09375;-269,40625;-115,59375;-178,0625;-226,125;-448,84375;-117,53125;13,96875;35,65625;-82,0625;-119,40625;-236,34375;-97,125;-224,15625;39,3125;-275,46875;-213,625;43,96875;-554,84375;-107,84375;82,59375;-13,5;-2116;-107,40625;-292,40625;-192,125;-88,09375;-22,6875;-84,21875;137,125;-30,09375;-121,40625;-150,90625;-311,96875;-77,46875;-72,125;206,09375;-72,71875;15,40625;-49,125;94,84375;5,1875;280,21875;295,1875;32,3125;354,5;470,03125;46,1875;-73,9375;394,125;43,375;-3766,53125;294,5;802,25;-47,4375;693,0625;50,125;559,15625;10,84375;-0,03125;581,3125;85,09375;783,96875;147,84375;548,28125;796,46875;-18,40625;144,9375;-134,03125;-70,3125;252,40625;120,34375;126,28125;-69,03125;202,21875;-14,0625;27,125;93,46875;-43,375;186,71875;199,625;41,0625;-197,15625;2467,15625;1,3125;45,5625;
-209,40625;-68,09375;-174,8125;-17,40625;-380,59375;-240,875;-257,65625;-30,65625;-105,5625;-313,125;-267,5;-254,875;-240,46875;-129,3125;131,78125;-404,03125;-47,96875;-152,09375;-174,34375;-66,625;-51,6875;9,90625;-1596,90625;-87,21875;-99,65625;-188,46875;6,75;-24,65625;9;-124,6875;-55,84375;-93,21875;-129,09375;-128,875;-97,9375;14,40625;-163,59375;-45,4375;-28,875;-31;-328,15625;-73,59375;-116,1875;-193,46875;155,96875;-76,8125;-259,5;-213,65625;89,375;-137,84375;-151,4375;39,28125;-286,03125;-36,09375;-132;-6,09375;-38,25;-89,78125;-87,875;-188,96875;-64,5;-115,15625;-55,1875;-260,53125;-229,84375;-214,75;-165,34375;-71,1875;-202,65625;28,0625;-147;90,78125;35,78125;-35,71875;-201,0625;-124,71875;-197,40625;-78,71875;-229,0625;-88,875;-238,6875;93,375;-118,78125;-2,3125;-37,71875;-203,5625;94,03125;-120,65625;-162,40625;-0,5;-230,75;-214,90625;-204,75;-129,84375;-125,375;-76,15625;-289,625;-329,53125;-340,71875;-325,9375;-292,59375;-145,59375;-95,9375;-242,625;-250,65625;123,75;-153,96875;-220,75;-222,8125;-146,71875;-157,9375;-1,875;55,90625;-194,21875;-215;-126,53125;67,0625;-156,5625;-23,09375;-165,625;-27,84375;-194,40625;-270,3125;-2,84375;-96,15625;-237,375;49,34375;36,71875;34,9375;-23,8125;-179,15625;-57,5625;-174,25;-55,34375;132,84375;49,90625;-123,09375;-145,78125;-134,65625;-287;-163,28125;-219,90625;-220,4375;-138,78125;-196,125;-67,5625;-204,96875;-3,875;-39,5625;-91,5;-178,625;-231,875;33,0625;-166,1875;-92,375;-133,0625;-253,34375;-186,875;-308,25;-181,40625;-89,3125;-45,34375;-35,09375;-75,5;-204;-56,34375;37,15625;-28,5625;-150,34375;-187,125;-218,5625;-124,78125;-1,59375;-163,78125;-165,71875;-113,40625;-70,4375;218,40625;21,6875;-30,53125;-68,8125;-2,59375;-156,90625;-86,9375;21,9375;75,25;-170,875;69,78125;-77,65625;-1,6875;74,625;114,59375;-56,21875;-111;-47,09375;61,78125;125,71875;168,46875;-67,28125;23,125;-166,5625;-219,25;-58,75;-77,40625;-217,625;-67,34375;4,1875;-159,65625;61,0625;76,5;80,1875;-14,9375;-155,34375;-175,71875;-297,65625;-173,875;-93,40625;-0,375;-152,71875;-206,90625;-297,03125;-22,53125;-73,21875;-144,15625;-298,3125;8,40625;17,28125;-291,09375;-95,34375;-154,46875;-214,875;-79,21875;-146,78125;-33,5;-61,78125;-271,71875;-122,28125;-444,28125;455,375;-301,03125;-363,8125;-275,59375;-350,1875;-24,6875;-225,90625;-273,0625;-75,75;-393,25;-242,65625;-159,15625;-276,9375;-268,34375;-281,5625;-298,875;-184,46875;-216,75;-160,40625;44,90625;-278,34375;-47,25;-226,5;-313,5625;-45,34375;7,03125;-188,34375;-26,75;-113,8125;-55,375;-557,21875;-67,8125;-57,625;-27,09375;-115,25;43,125;-1,1875;-22,28125;264,84375;66;126,5625;-148,65625;208,15625;100,75;-53,90625;139,96875;417,40625;56,40625;587,5625;54,0625;585,96875;603,53125;195,96875;411,46875;323,375;-15,71875;63,34375;615,34375;285,125;159,6875;781,25;544,28125;-89,96875;202,5;404,09375;568,5;659,53125;649;82,84375;326,34375;-333,375;1,3125;130,5625;402,875;25,34375;1784,8125;115,9375;122,09375;59,625;-127,6875;780,75;-168,53125;
58,78125;-104,375;-146,375;92,15625;-263,4375;65,59375;316,375;-123,46875;36,15625;25,9375;91,53125;112,5;-174,125;34,25;-3,25;109,5;-23;-19,15625;-121,59375;85,46875;-61,5625;25,9375;173,1875;-36,5625;199,25;-226,3125;-69,71875;29;11,71875;-109,34375;-147,625;-183,6875;110,8125;124,59375;45,03125;21,5;107,78125;-64,59375;189,21875;-282,9375;76,4375;1,03125;-75,28125;103,9375;-42,15625;75,375;44,0625;14,3125;51,4375;125,375;-77,71875;-126,3125;-132,21875;-0,875;-133,96875;65,125;-54,96875;124,09375;-95,34375;101,5;-73,4375;38,71875;-56,5;57,375;-17,625;110,21875;6,6875;-94,625;-141,84375;130;8,625;-63,34375;-6,0625;25,8125;-190,625;177,65625;0,8125;179,625;-51,3125;-45,71875;30,65625;-179,625;-99,78125;-51,96875;-102,96875;-161,09375;106,4375;167,59375;76,1875;167,25;148,625;-64,375;-38,40625;-56,71875;-6,15625;-109,0625;-71,125;-122,15625;108,25;-0,71875;40,5;-148,21875;46,09375;-2,65625;101,90625;-50,1875;-146,875;-42,03125;-71,46875;81,71875;189,8125;72,75;73,3125;-61,4375;-12,84375;-78,3125;-19,625;39,8125;122,09375;243,625;110,71875;-25,03125;22,46875;54;-29,15625;-185,625;1,4375;-27,8125;70,1875;19,9375;-55,0625;135,5;-83,125;-84,875;-249,25;-18,75;128,84375;-101,3125;-98,53125;-51,9375;-178,65625;-73,59375;-141,96875;28,875;-168,6875;-60,25;59,15625;-184,90625;3,4375;102,875;-17,96875;131,78125;-181,59375;-107,03125;52,5;89,40625;-48,375;63,375;76,5625;-4,40625;15,5625;-94,03125;-44,65625;83,0625;173,40625;-115,71875;-13,5;-10,6875;55,09375;188,125;-236,03125;-147,375;-49,5625;-26,46875;80,875;-35,25;185,15625;-39,59375;59,25;-41,21875;131,125;76,53125;13,84375;-151,8125;63,5;132,71875;31,1875;117,65625;222,34375;157,4375;39,4375;137,84375;-7,625;157,84375;110,375;64,15625;-25,1875;206,6875;45,65625;-147,4375;-61,375;104,0625;75,5625;-72;-30,65625;53,375;-0,1875;45,375;19,78125;2,96875;-44,21875;91,46875;-154,09375;-44,46875;17,28125;102,65625;46,25;-85,5;-114,4375;-38,5625;-22,0625;108,71875;-113,59375;223,15625;-47,625;-100,03125;-53,15625;-140,34375;-85,375;109,71875;-20,75;14,125;-162,6875;-46,90625;-61,1875;-13,3125;41,375;-13,5625;-254,46875;-141,5625;-130,90625;-116,4375;-300,84375;-257,625;-324,59375;-80,5;-162,6875;-24,71875;-265,15625;-208,875;-170,125;-49,4375;-98,65625;-126,0625;-351,34375;137,21875;-194,375;80,9375;307,0625;-11,6875;-366,125;-175,59375;-18,3125;-132,28125;-176,5;-134;-380,75;161,71875;2873,625;-417,84375;-10,65625;-79,625;209,75;-82,3125;66,0625;163,78125;21,0625;99,21875;61,8125;53,4375;146,3125;389,59375;-162,34375;406,28125;388,375;391,84375;-14,71875;175,21875;-88,75;-1,9375;196,3125;1156,28125;78,4375;4038,34375;59,75;-150,90625;183,46875;928,71875;36,4375;-19,15625;17,5;4,0625;73,75;-2038,84375;885,03125;44,53125;51,09375;-253,125;179,625;72,875;311,9375;136;171,84375;381,6875;-10;71,65625;-244,3125;90,5625;-149,875;60,90625;
150,4375;201,8125;-245,1875;174,03125;-109,5625;-158,375;141,375;110,5625;-102,125;183,71875;-68,40625;-115,125;-206,625;48,0625;-254,625;-19,15625;-79,6875;-33,78125;-130,1875;-24,5;-238,96875;-219,90625;26,03125;-150,53125;-35;-15,28125;-20,84375;-108,03125;24,65625;-121,8125;-99,21875;-89,5;73,15625;4,96875;3,40625;-174,1875;-136,625;-46,75;-67,375;-107,1875;-193,09375;-60,6875;-113,40625;160,25;-237,125;13,78125;-81,03125;126,09375;-78,59375;-351,96875;-229,75;54,90625;-185,25;-122,125;-183,15625;-57,625;-13,40625;-259,03125;-15,15625;-199,0625;-30,25;130,28125;-140,59375;15,625;-136,09375;-113,28125;-103,40625;-66;-13,25;-286,78125;-146,3125;49,0625;-52,3125;-86,53125;3,1875;-70,21875;-260,125;-46,84375;-85,84375;-355,9375;-68,28125;-74,125;-19,59375;-193,875;-97,4375;-181,21875;-72,1875;-97,21875;-44,375;-25,96875;38,6875;-174,28125;-160,90625;-86,96875;-162,59375;-124,4375;-145,84375;-318,84375;-52,46875;-104,21875;-8,875;-81,34375;-26,03125;-36,0625;-62,125;66;-188,0625;-171,5625;88,28125;10,8125;158,34375;-121,34375;-208,96875;19,65625;122,59375;100,65625;28,34375;121,5;-295,21875;22,78125;-90,875;-219,125;93,09375;61,15625;114,125;-179,03125;55,5;-53,8125;227,96875;32,6875;-28,125;41,25;-79,46875;-106,625;-156,15625;-172,46875;-13,90625;114,65625;66,40625;-90,625;48,28125;144,65625;-106,65625;-34,875;-233,90625;-72,5625;-222,03125;63,84375;128,21875;-149,96875;-79,78125;-75,21875;58,53125;-42,0625;-113,03125;-185,4375;25,21875;4,71875;136,09375;78,625;-39,28125;-285,625;-135,78125;-159,15625;-60,65625;66,0625;48,53125;19,5;3,34375;113,875;-47,28125;-169,3125;237;-37,4375;-51,625;144,53125;159,03125;-8,5;17;-59,375;151,65625;56,46875;180,53125;-54,6875;-82,75;36,90625;-92,65625;124,75;147,09375;82,5;213,71875;19,28125;-19,5;-102,8125;-57,96875;-32,8125;40,5625;111,34375;-129,40625;-71,4375;180,78125;-62,9375;2,125;124,15625;150,59375;50,40625;135,1875;190,53125;209,90625;111,5625;-97,4375;6,4375;36,78125;-87,25;-178,28125;37,28125;-9,96875;142,375;101,03125;11,34375;80,6875;-14,8125;94,34375;-71,09375;-187,53125;-145,28125;-387;-115,5;-62,28125;-109;-55,75;-164,0625;102,15625;-220,3125;-99,75;-260,3125;-108,5;-105,28125;-77,3125;-163,5;9,9375;-362,3125;-11;-327,90625;-115,3125;218,9375;-57,8125;-145,1875;-408,59375;-188,0625;-26,53125;43,6875;-47,28125;-209,09375;-213,71875;-204,71875;-81,125;-294;-224,09375;-185,96875;2119,59375;-2,28125;123,875;-25,25;19,3125;162,9375;-272,4375;687,71875;-574,53125;86,3125;61,90625;-92,84375;98,1875;-129,125;49,375;84,96875;-226,21875;2294,9375;-36,40625;113,4375;431,625;55,9375;70,15625;291,71875;551,90625;31,5;122,875;17,28125;612,5;191,40625;422,65625;-145,625;448,21875;63,03125;-116,1875;181,125;726,5625;38,1875;-88,125;79,625;48,75;848,0625;661,84375;771,21875;117,25;225,625;16,25;178,90625;-96;-3,125;95,90625;-102,75;371,3125;57,53125;429,90625;317,53125;111,125;38,90625;-26,40625;208,90625;
212,90625;67,84375;200,53125;-143,59375;214,28125;278,71875;-65,34375;112,09375;33;-98,4375;91,875;-50,40625;4,25;-190,75;-19,21875;289,875;266,4375;-72,625;185,0625;-76,84375;98,875;65,96875;8,65625;217,5625;21,40625;-64,71875;318,9375;172,71875;-9,875;-68,25;1,03125;-62,34375;71,25;-19,28125;-26,78125;-28,40625;-50,5625;-154,125;-3,46875;-12,25;250,59375;154,375;210,25;-51,03125;54,6875;-128,6875;58,125;256,03125;310,03125;293,90625;204,09375;34,5;-200,8125;39,3125;-80,40625;-7,84375;74,875;199,6875;163,03125;26,9375;-181,28125;37,03125;327,71875;24,90625;63,46875;19,21875;-38,53125;243,625;86,71875;92,9375;364,53125;133,8125;-79;51,0625;-29,8125;-46,03125;-36,3125;88,28125;-115,28125;-46,9375;2,65625;-50,875;93;68,6875;46,375;97,6875;-40,40625;49,65625;176,65625;85,53125;38,21875;142,8125;-24,5625;111,09375;-82,625;126,71875;157,21875;99,3125;240,28125;-59,8125;-32,46875;39,28125;118,46875;-83,1875;-19,625;210,625;-33,8125;233;128,59375;98,125;-14,03125;-204,53125;171,09375;-1,96875;170,4375;132,875;48,1875;140,15625;254,71875;223,34375;252,5;15,875;-149,09375;57,96875;-45,6875;183,125;-25,1875;173,75;-20,1875;60,71875;74,8125;39,1875;16,59375;-131,75;107,1875;20,75;-109,4375;65,96875;57,9375;15,625;18,25;77,9375;-15,59375;-20,34375;-83,46875;138,625;203,34375;83,75;128,84375;28,03125;62,28125;180,96875;-176,9375;86,40625;-118,28125;-6,71875;39,875;8,40625;85,84375;-10,5625;-5,03125;193,625;-25,96875;69,0625;92,6875;94,4375;91,6875;139,4375;37,90625;-18,21875;159,625;150,8125;16,8125;293;56,71875;156,03125;222,8125;141,1875;135,875;-4,3125;123,59375;-27,28125;124,8125;77,46875;137,6875;225,28125;215,8125;132,8125;167,875;19,15625;20,875;30,375;159,40625;232,625;358,875;153,8125;29,65625;150,53125;146,65625;200,25;100,09375;220,84375;17,65625;131,125;127,40625;49,9375;-50,6875;62,71875;223,6875;49,3125;-84,53125;225,53125;-270,65625;111,78125;48,78125;165,4375;-120,96875;-60,0625;6,375;272,65625;340,75;47,90625;-69,15625;-21,78125;185,875;69,4375;81,40625;-30,15625;2,0625;146,96875;51,4375;76,53125;-155,40625;109,1875;-85,5625;-6,4375;40,53125;-49,875;27,25;-137,75;-50,96875;-47,59375;-55,875;-9,8125;76,625;-188,1875;-171,21875;-277,09375;-149,46875;42,875;24,375;-102,84375;-147,34375;23,5;78,15625;5,8125;67,875;-197,28125;-200,65625;-232,25;-79,59375;-62,21875;-41,6875;1,875;-54,15625;32,96875;-26,71875;-212,0625;59,8125;-51,3125;-0,5625;20,90625;-94,28125;194,84375;155,6875;64,75;630,25;-141,5;65,6875;219,71875;-38,15625;48,5;120,25;281,09375;222,625;636,4375;62,15625;229,625;574;339,15625;72,03125;578,84375;652,375;-161,71875;4319,875;196,71875;713,28125;1026,1875;1096,5625;83,375;107,78125;225,5;196,125;159,4375;-107,46875;347,65625;209,78125;476,9375;-145,71875;139,21875;197,75;434,9375;235,15625;452,1875;-62,53125;169,75;274,78125;-171,90625;134,40625;-718,09375;
-117,53125;105,75;-45,8125;-96;-145,8125;110,71875;-273,875;-186,53125;-207;119,46875;-141,15625;-112,1875;-127,8125;-166,5625;-190,0625;-138,1875;-202,3125;-58,125;-124,46875;-166,5;-104;-220,3125;-357,625;1395,5;-149,65625;-49,53125;24,5625;-205,75;-151,53125;-87,15625;-145,75;-261,46875;14,09375;-320,1875;-203,75;-89,8125;-261,34375;-225,28125;52,71875;-99,5;-7,84375;-190,53125;43,90625;-93,1875;-184,71875;-107,03125;36,09375;-237,65625;-277,625;-40,625;-121,375;63,25;-45,40625;-317,375;178,09375;-144,6875;-76,4375;-33,90625;-168,03125;-324,96875;11,21875;-97,5625;-140,9375;-93,34375;-193,15625;-34,4375;-123,65625;-56,84375;-67,21875;-54,625;-50,5625;-75,8125;-155,03125;-98,25;27,53125;-308,375;-25;-131,25;19,875;-91,625;-46,15625;-290,1875;-90,3125;-60,5625;-77,8125;-228,8125;-12,3125;-2,65625;-8,84375;13,15625;-178,8125;-84,9375;-281,8125;-73,625;-98,40625;-3,65625;33,75;-107,125;-51,25;104,625;-85,65625;-136,40625;-172,65625;-114,96875;-79,6875;-25,5625;-69,4375;36,71875;27,15625;-112,59375;262,96875;8,96875;98,8125;-156,25;-81,75;-190;-136,1875;-60,8125;-240,375;-91,375;-102,46875;-147,8125;-10,9375;-171,625;-5,375;-226,5;-27,5;-101,71875;38,875;-122,90625;-38,75;-19,9375;-4,65625;10,875;36,21875;7,8125;-252,03125;-87,21875;-104,78125;-74,59375;-157,9375;67,84375;-65,90625;183,6875;41,28125;-10,375;28,46875;-80,375;63,125;-54,53125;-153,5625;-8,96875;78,25;135,5625;-50,46875;-2,09375;1,34375;-151,875;-34,65625;46,875;41,90625;-314,90625;-61,65625;-254,4375;3,4375;-44,34375;-124,9375;6,4375;38,40625;-40,03125;-61,78125;-41,78125;-56,84375;41,84375;-19,4375;64,96875;-3,40625;-85,65625;-83,71875;-94,0625;19,28125;120,875;103,59375;-31,03125;116,90625;-25,34375;-256,90625;-77,625;-92,46875;84,4375;-106,34375;72,40625;168,6875;-50,1875;97,34375;22,875;-179,09375;72,0625;-35,96875;-135,8125;32;-85,0625;-69,625;-63,90625;86,25;56,5;-33,71875;64,875;-211,625;-81,59375;-66,8125;-13,46875;-171,25;0,90625;136,46875;-326,0625;-7,65625;-270,21875;-91,28125;85,0625;8,9375;-52,5625;-36,4375;-217,625;-151,375;-63,90625;25,375;-199,65625;-89,71875;-285,4375;10,3125;-11,5;20,9375;17,28125;-0,59375;-217,5625;-139,125;-220,125;-308,46875;-110,4375;-366,6875;-127,40625;-109,53125;-255,375;-220,21875;-25,78125;-176,875;-82,75;-390,5;-228,5625;-277,21875;-68,34375;-99,34375;-314,09375;-55,03125;-55,625;-128,15625;-227,03125;-124,84375;-133,78125;-136,28125;-77,3125;-158,4375;-3,125;-244,40625;-203,125;-112,4375;-334,75;-253,5;-121,21875;-111,71875;22,46875;-335,3125;281,21875;-26,375;444,46875;265,65625;100,71875;115,59375;375,65625;163,8125;289,75;387,9375;366,53125;35,40625;409,59375;289,4375;131,5625;643,875;-147,25;494,59375;715,53125;-6,34375;527,84375;126,53125;1205,28125;461,25;-3038,4375;96,21875;164,75;-12,78125;675,6875;194,59375;-158,03125;224,78125;-404,75;-263,3125;-15,625;367,9375;-128,84375;319,59375;53,65625;99,625;243,34375;-41,15625;289,90625;84,375;-91,78125;78,53125;73,78125;
-91,53125;48,15625;-10,46875;-36,96875;-208;-122,65625;-85,53125;-36,15625;89,5;-78,875;-13,0625;-71,65625;-92,8125;154,78125;-74,84375;-99,84375;-1160,625;81,15625;123,90625;-45,09375;151,34375;47,125;-167,5;-248,21875;-107,21875;74,875;-76,40625;-45,1875;-26,9375;-82,21875;-212,03125;58,1875;153,84375;-155,90625;-114,8125;-32,6875;36,21875;31,90625;62,3125;120,4375;138,15625;-30,28125;116,40625;108,46875;148,96875;-131,78125;-19,6875;-140,40625;-70,03125;-157,96875;220,96875;209,28125;189,3125;-100,5625;85,46875;-159,3125;71,8125;230,9375;282,90625;16,75;-67,21875;-280,21875;98,03125;-34,9375;49,84375;-3,28125;68,65625;-67,46875;-168,78125;196,21875;-43,09375;-64,3125;131,15625;29,3125;-62,90625;77,1875;5,84375;-37,90625;76,0625;-172,625;170,34375;136,5;137,53125;-62,90625;-103,8125;-65,6875;90,96875;48,9375;-73,28125;-56,53125;122,8125;56,625;-39,125;134,125;114,53125;-141,75;-112,90625;-19,9375;149,71875;-112,96875;87,15625;88,3125;19,78125;115,125;25,15625;-158;-121,5;15,0625;-32,90625;134,875;70,34375;146,90625;87;-60,125;68,15625;176,78125;-84,09375;9,46875;14;42,40625;49,9375;-68,375;28,15625;-36,5625;-29,78125;172,21875;-117,625;167,53125;-135,46875;394,40625;-74,59375;-11,40625;163,5625;-120,53125;-85,9375;-1,5;68,625;190,84375;17,0625;-36,15625;-43,6875;2,5625;-97,71875;95,5;-12,9375;100,84375;-81,6875;87,46875;82,34375;-93,375;93,96875;122,71875;27,90625;136,65625;-12,28125;-100,25;98,09375;-25,625;25,90625;97,5;-5;68,21875;438,53125;14,15625;182,96875;-140,8125;110,6875;114;139,5625;159,15625;-82,75;71,59375;123,03125;4,03125;36,78125;185,75;-172,625;166,78125;130,34375;263,15625;-68,40625;-65,0625;55,03125;24,28125;-65,375;-121,71875;39,59375;89,09375;9,4375;-115,0625;178,21875;29,03125;-26,53125;220,8125;-147,84375;-135,9375;264,65625;84,34375;-38,15625;12,34375;-5,5;-79;-68,3125;157,75;3,75;62,4375;-85,3125;-38,28125;253,40625;265,5;-87,59375;105;44,75;-6,15625;16,4375;-20,90625;-99,0625;-134,78125;-60,71875;57,875;96,8125;-49,28125;99,34375;-107,84375;-160,46875;-152,59375;-34,375;-127,5;122,9375;48,75;-73,40625;-155,53125;169,15625;77,34375;20,53125;9,65625;148,78125;-112,09375;32,21875;-70,78125;-291,5;26,9375;-168,03125;73,59375;-9,09375;61,53125;36,3125;1,28125;-256,625;-273,75;-112,65625;-168,78125;187,375;-88,0625;-124,375;-167,40625;-205,375;-138,90625;-186,75;-171,15625;-146,34375;119,8125;-25,53125;8,78125;-15,3125;-3,46875;-214,65625;-32,875;-166,15625;20,09375;18,71875;-19,625;35,125;-38,28125;-11,0625;-3676,53125;617,875;150,875;327,96875;-9,15625;93,15625;257,71875;221,875;413,0625;306,15625;1,65625;219,75;67,1875;542,34375;222,25;1828,4375;165,75;-57,25;240,71875;765;-2,65625;453,4375;173,25;266,375;362;801,34375;245,96875;268,5625;700,4375;363,6875;546,59375;728,125;205,15625;59,21875;222,875;-67,59375;94,96875;14,34375;59,3125;-22,0625;8,15625;96,90625;224,03125;356,28125;294,6875;
-31,3125;147,75;-38,09375;-115,5625;211,28125;-119,96875;-28,34375;-79,1875;149,40625;62,3125;59,03125;87,0625;-40,3125;133,5625;-86,71875;44,15625;259,125;64,6875;318,90625;173,625;-2,15625;67,0625;-168,3125;222,9375;-71,25;-66,40625;-161,03125;173,4375;86,125;175,25;-14,375;56,9375;65,96875;-162,875;734,84375;-82,4375;135,84375;-69,375;195,65625;-32,28125;-143,5625;202,875;-111,71875;184,8125;-108,96875;-83,59375;208,65625;-1,125;33,59375;109,5;-45,375;-80,5625;-8,59375;61,96875;-107,25;132,53125;158,40625;49,4375;82,40625;25,8125;-3,84375;-39,625;137,3125;-113,625;-49,40625;257,9375;32,96875;-73,125;82,03125;-127,84375;-93,625;-102,6875;-99,5;-118;88,625;110,625;87,40625;9,46875;240,46875;-157,90625;-59,96875;66,5;9,03125;-177,59375;174,9375;-23,75;88,03125;228,34375;142,09375;-46,4375;34,5625;-113,28125;-27,59375;-51,28125;-48,15625;-41,9375;37;2,53125;-9,25;-48,34375;-3,1875;-198,96875;-83,9375;-137,875;-53,6875;-43,1875;-43,90625;89,46875;48,5625;117,65625;11,9375;61,28125;50,8125;28,5;203,5;-89,5;189,65625;51,65625;-111,59375;42,6875;128,4375;306,8125;99,4375;21,71875;-36,625;-98,3125;35,03125;5;-34,15625;60,90625;299,15625;103,65625;112,59375;68,8125;129,125;106,09375;-43,3125;-50,09375;-72,25;-188,09375;59;108,84375;-102,375;125,75;-21,9375;45,875;128,65625;128,625;-39,59375;100,9375;-82,625;3,8125;65,75;112,1875;23,34375;277,53125;151,53125;-63,375;-152,96875;136,96875;-13,53125;-14,125;-29,6875;34,6875;93,25;-2,15625;113,9375;146,375;63,71875;72,65625;-86,9375;-256,875;195,28125;-43,78125;192,3125;30,4375;69,84375;86,53125;236,21875;180,75;-139,40625;62,34375;106,34375;137,46875;138,40625;-25,75;13,0625;196,0625;111,1875;29,625;114,09375;17,9375;19,9375;32,15625;103,84375;22,09375;37,875;114;-5,96875;-76,5625;-31,5;-88,9375;-44,4375;-13,75;-23,9375;184,3125;93,4375;-76,59375;45,65625;-178,125;-20,375;-23,90625;70,59375;119,21875;-136,46875;47,125;18,4375;33,875;-14,84375;22,75;175,75;73,1875;41,4375;185;-9,46875;1,3125;-85,21875;-56,1875;-26,6875;14,65625;-74,65625;103,75;42,59375;-43,4375;-3,03125;114,8125;7,59375;-188,15625;-85,375;-131,9375;-128,90625;-94,6875;-194,78125;-70,84375;-178,75;-36,46875;-21,03125;-145,9375;-50,8125;107,71875;7,625;-111,34375;-66,65625;0,4375;40,8125;6,875;-235,96875;40,78125;-34,25;-1,875;-285,03125;-6,71875;-55,875;-54,6875;-128,3125;-110,375;-38,8125;-12,5;151,875;8,09375;-216,25;82,03125;-23;237,03125;285,375;-103,84375;313,75;264,28125;111,90625;91,15625;504,96875;-58,8125;305,1875;306,5625;109,3125;388,34375;435,34375;304,03125;43,40625;-91,96875;832,28125;294,9375;292,375;173,75;115,71875;497,28125;869,25;3685,75;66,21875;787;620,3125;131,875;-106,96875;189,375;772,59375;634,875;203,09375;59,90625;298,84375;-8,8125;-54,5;161,65625;1650,1875;51;466,125;49,84375;59,8125;144,25;326;-5,65625;
-213,21875;-233,53125;-58,34375;-77,8125;-205,71875;-106,28125;51,65625;-239,65625;-80,25;-19,875;-359,78125;-107,96875;26,71875;-1448,59375;269,3125;-166,90625;19,4375;198,28125;-148,03125;-119,46875;170,375;-52,28125;-129,03125;-171,78125;-2,53125;-27,8125;187,875;-220,46875;-181,1875;20,4375;-106,1875;58,8125;-16,1875;-39,84375;-171,625;-31,78125;-33,84375;-268,65625;41,59375;28,3125;-146,8125;16,3125;-20,5;-103,0625;-10,28125;-113,375;-79,6875;146,65625;-194,46875;48,625;-47;-65,53125;-143,03125;-123,3125;10,40625;3,625;-121,125;-107,28125;-82,53125;-150,03125;95,4375;-207,96875;-65,625;-179,34375;-157,1875;-140,5;-159,09375;-112,1875;-241,65625;-12;-22,84375;-154,40625;150,65625;-62,21875;38,875;-182,03125;-137,8125;148,71875;-19,09375;111;-134,03125;-17,84375;-13,78125;-137,5625;-78,625;-95,5625;2,65625;23,25;-9,375;-170,375;-7,375;-291,09375;-91,4375;-71,4375;-0,21875;-241,78125;-51,46875;63,28125;-283,5;-171,875;25,53125;39,40625;-31,53125;79,40625;-105,875;-350,21875;-35,84375;-152,9375;-193,6875;50,96875;49,84375;105,53125;-76,15625;-4,1875;-64,53125;-78,8125;-49,375;-86,15625;-308,46875;83,03125;-18,53125;1,1875;89,625;-174,125;-112,09375;32,625;-148,125;111,625;-192,03125;-39,71875;2,59375;-166,71875;-144;8,5625;139,15625;-65,90625;-137,84375;-105,53125;-4,96875;41,09375;-165,03125;32,5;15,75;-132;-148,15625;-230,34375;-64,5;-204,03125;-123,375;-202,65625;-3,78125;-28,03125;13,03125;-115,75;-3,375;-11,65625;-64,03125;-197,96875;-73,65625;-164,34375;20,15625;-111,40625;-191,15625;76,875;20,25;-107,875;32,125;-82,6875;-12,8125;64,25;32,59375;35,53125;-111,3125;63;-193,0625;-214,28125;-227,03125;-108,15625;74,9375;-161,65625;294,375;61,5;-159,71875;-168,65625;70,125;121,53125;9,03125;-44,78125;110,96875;42,125;19,84375;76,75;29,6875;-210,40625;-93,46875;-289,375;-187,09375;-12,96875;-169,15625;-317,0625;-192,1875;63;-124,9375;-69,625;-128,4375;-89,15625;110,65625;-43,90625;-41,0625;-120,15625;-170,28125;-191,1875;-38;-62,875;-143,09375;-40,96875;-234,4375;104,6875;-74,0625;60,84375;-109,15625;24,71875;150,5625;47,1875;-15,5;-60,8125;50,71875;-198,0625;-11,125;-60,9375;-145,5625;-481,5625;-108,09375;-28,03125;-13,625;-167,03125;-81,4375;-359,4375;-139,5625;-224,34375;-205,1875;-254,0625;39,15625;-156,90625;-101,5;-145,65625;-44,5;-104,625;-142,34375;-143,125;-26,34375;-177,28125;-95,65625;-28,6875;-47,21875;34,78125;-75,65625;81,375;-73,59375;-57,03125;-340,34375;2,40625;66,375;-169,875;-237,3125;5,4375;98,75;53;93,375;-58,5;25,40625;-95,3125;18,1875;187,65625;46,8125;-38,28125;6,5;23,53125;203,5625;223;-32,34375;314,3125;323,90625;327,9375;110,09375;-223,03125;13,6875;347,96875;692,8125;321,9375;328,46875;-212,8125;-266,8125;731,3125;737,9375;194,03125;34,09375;2320,75;-68,53125;87,34375;457,90625;204,90625;-39,9375;-1016,40625;-104,40625;185,75;-2594,3125;663,34375;204,53125;74,8125;251,59375;387,59375;-39,90625;-144,59375;289,25;658,3125;64,625;69,75;-127,40625;52,8125;
-190,71875;-188,3125;-76,71875;-28,71875;-93,09375;-259,4375;-16,28125;-237,8125;52,84375;-29,21875;-94,4375;-147,9375;-32,125;-1683,34375;-28,40625;148,34375;-95,09375;-155,59375;-162,125;-61,0625;-43,125;-225,90625;-123,4375;-132,125;-128,0625;-34,5625;37,5625;-107,25;-29,1875;-19,65625;-39,78125;-1,25;-125,125;59;-131,4375;-3,65625;-21,09375;-304,34375;-152,90625;-191,6875;-37,46875;-96,5;60,40625;-38,34375;-131,46875;-129,9375;-21,625;-36,53125;-165,125;20,625;-78,21875;100,5;35,6875;22,53125;-32,96875;-15,46875;-151,75;90,3125;185,4375;52,3125;-48,15625;-244,4375;-34,03125;-198,75;-99,6875;183,90625;-42,09375;16,1875;-43;-245,09375;127,59375;-99,4375;-1,125;-160,75;12,78125;-155,125;18,8125;4,28125;-122,84375;77,65625;93,6875;-226,59375;-158,53125;-65,875;-172,75;-188,65625;-328,3125;-176,28125;-77,78125;-190,15625;-174,75;-142,71875;-126,40625;-3,4375;-68,59375;-64,5;-144,59375;-20,65625;-294,75;-55,125;-266,53125;-328,125;131,09375;-126,84375;-118,5;-51,78125;-153,40625;-102,3125;-233,65625;-187,53125;-122,46875;-143,71875;-23,1875;118,84375;-1,21875;72,1875;31,625;-106,6875;-89,40625;88,0625;-162,65625;70,6875;-6,15625;227,90625;-141,96875;14,46875;-0,75;-25,875;174,5625;57,875;-4,9375;-122,15625;-142,25;130,90625;-77,71875;41,3125;37,84375;-11,75;-183,34375;-98,96875;-11,59375;-33,15625;-89,53125;-151,96875;-258,1875;-204,5625;-106,75;85,25;-91,875;-44,3125;-190,375;31,15625;-83,8125;-198,21875;192,59375;-95,21875;-60,625;-102,4375;-237,75;-126,46875;-38,65625;13,65625;-290,625;-201,09375;-156,125;-77,75;-3,1875;-106,4375;-190;-81,5625;-41,65625;7,28125;-143,84375;25,25;-26,5;128,40625;34,15625;203,625;0,28125;52;-16,0625;98,21875;140,53125;-99,59375;-38,8125;-16,03125;-168,46875;17,5;-91,1875;103,96875;202,625;7,75;52,21875;48;-138,96875;70,6875;22,5625;-92,5625;42,3125;-102,65625;-81,96875;-121;-181,625;-34,875;-127,125;-166,25;-205,25;65,78125;22,71875;-126,125;-36,875;68,21875;32,59375;-111,3125;-177,59375;-152,8125;-196,28125;-141,53125;38,90625;-153,90625;-47,34375;-42,75;68,6875;-145;-96,03125;-202,65625;-238,34375;-163,90625;-31,0625;-62,96875;41,875;-31,28125;-182,8125;-152,21875;-226,8125;-365,6875;-280,03125;-211,15625;-207,25;-100,8125;-153,4375;-32,09375;-37,28125;-63,21875;-200,40625;-304,625;-169,75;-94,96875;-246,28125;-100,84375;-155,78125;-85,9375;-140,09375;-29,4375;-208,71875;-288,6875;-180,96875;-195,5;-168,71875;-101,6875;-205,84375;-122,375;-556,53125;-290,625;-321,65625;-239,375;-114,1875;-30,875;-78,25;-83,03125;42,125;-183,3125;-10,71875;194,53125;-103,9375;195,65625;66,96875;122,46875;73,25;145,40625;275,53125;346,1875;336,9375;214,5625;10,125;340,1875;295,5;31,125;-116,25;402,21875;65,8125;692,5625;-84,5;139,0625;-13,53125;206,6875;-51,28125;-2061,09375;-11,46875;53,65625;585,15625;-60,53125;519,4375;540,03125;409,46875;375,9375;750,34375;-1,53125;966,65625;25,1875;-122,53125;129,53125;187,46875;227,03125;-124,09375;358,375;-65,15625;30,3125;171,03125;-84,75;
259,78125;-240,03125;-178,09375;-289,9375;50,5;-127,21875;-225,65625;-196,25;23,5625;-260,90625;-241,15625;-152,96875;-115,90625;-23,53125;9,03125;-66,1875;176,1875;115,5;-42,21875;-130,46875;-180,25;48,6875;8,15625;103,9375;35,5625;-50,5;-206,59375;-145,8125;-229,1875;-101,375;-69,21875;-197,8125;-131,3125;-235,78125;29,125;-115,5625;-156,15625;-32,15625;-169,1875;64,21875;-64,9375;32,375;-71,15625;110,21875;-142;-90,75;-93,34375;210,71875;-18,25;-191,4375;184,125;-9,15625;49,84375;-101,375;-207,40625;94,96875;-206,90625;-174,09375;-155,375;50,84375;-52,46875;-16,71875;-195,84375;-181,875;-170,59375;-150,8125;-125,53125;5,375;-47,78125;-201,34375;-105,09375;110,71875;24,40625;-7,34375;-72,15625;116,84375;-116,5;10,09375;-122,875;-28,28125;96,625;223,09375;-28,0625;-70,71875;-162,34375;-29,8125;-177,6875;-177,125;-64,46875;-111,25;94,25;-202,53125;-161,53125;-294,90625;-101,40625;-159,78125;1,6875;-177,5;74,40625;4,84375;165,53125;-135,8125;-54,5;-134,09375;-25,15625;-25,9375;115,53125;-173,5625;-167;-74,625;-207,65625;-119,75;200,8125;50,96875;-98,28125;-235,5625;5,1875;-49,65625;-238,5;6,4375;-52,96875;-82,78125;-40,375;-175,59375;64,59375;-21,09375;14,78125;-160,9375;12,46875;-25,6875;22;-164,875;-220,5;-38,46875;91,34375;35,28125;-200,71875;23,84375;-19,4375;-185,1875;-104,75;-78,3125;-43,5;-55,3125;-123,5625;-47,09375;-215,59375;-58,1875;-22,84375;-2,0625;-63,96875;-49,9375;31,375;-86,5625;-42,46875;34,8125;-54,375;-88,84375;-25,78125;-9,09375;5,875;-92,21875;-99,90625;11,84375;-58,90625;126,03125;14,15625;18,34375;51,25;-116,15625;67,15625;-154,53125;36,53125;-101,125;-158,25;-119,1875;51,78125;-92,59375;73,78125;116,21875;128,6875;51,5625;5,78125;-108,96875;-178,34375;-83,8125;-248,53125;-142,96875;-54,3125;-16,78125;54,21875;176,71875;177,28125;-21,3125;-45,78125;33,125;25,34375;-127,5625;55,84375;-103,75;-195,9375;-204,03125;-105,5625;-95,46875;60,0625;174,28125;-158,21875;-53,4375;8,375;83,71875;-70;-133,03125;-151,1875;-20,6875;32,65625;35,53125;-150,15625;-65,75;27,3125;-17,0625;21,71875;-45,09375;-168,5;-36,75;-131,96875;-293;-251,375;-184,125;-244,15625;-72,03125;-97,59375;50,625;-28,65625;-68,75;-71,25;-150,3125;-9,84375;123,5;-96,03125;-189,4375;-128,4375;-117,71875;-8,84375;-50,84375;-62,4375;16,5;-222,3125;-71,78125;-142,25;-257,625;67,96875;-25,03125;-42,65625;-9,21875;-161,03125;119,71875;-132,21875;94,46875;-229,375;-57,4375;-273,78125;-75,3125;-87,15625;105,0625;44,65625;-302,375;-144,6875;-95,03125;60,59375;196,34375;-39,3125;43,96875;-144,75;70;131,25;62,96875;-45;151,8125;136;32,4375;282,15625;41,0625;272,5625;354,71875;205,375;95,46875;171,09375;-2,34375;442,09375;382,34375;87,96875;-95,34375;481,21875;480,46875;590,8125;530,75;-97,78125;637,59375;393,6875;34,65625;442,09375;493,1875;254,3125;464,53125;-14,65625;-76,15625;-109,1875;-11,90625;383,84375;283,75;-0,6875;2482,0625;-105,0625;-156,90625;-95,34375;263,21875;251,9375;-39,5;56,78125;2,5;
-287,4375;-126,6875;-483,1875;5,0625;1824,625;-271,78125;88,6875;190,875;-131,03125;-54,34375;12,84375;449,6875;-125,78125;-249,71875;-244,1875;-149,90625;-148,71875;-201,34375;-159,40625;9,59375;-241,0625;-248,03125;-227,21875;-250,59375;-372,78125;-34,21875;-103,53125;-176,84375;-61,875;-1,59375;-6,09375;7,125;-262,125;8,78125;-152,25;-230,8125;-79,75;-122,03125;-239,25;-151,84375;-117,6875;-287,65625;-247,8125;-136,4375;-163,03125;-88,25;-184;-195,84375;-134,40625;-127,78125;-14,5625;-286,53125;-220,8125;-116,78125;-175,03125;-103,9375;-227,3125;-24,09375;-112,125;-94;-38,53125;-90,78125;-137,34375;-121,6875;-169,75;4,03125;70,375;-184,40625;-134,5625;-181,3125;-145,5625;-178,53125;-108,625;-244,71875;-125,03125;-199,5;-289,4375;-154,03125;48,59375;-161,125;-183,75;-254,84375;-153,75;-210,21875;-68,5;-98,65625;-83,0625;-14,40625;-86,0625;-207,53125;-85,5;-80,4375;-227,03125;-43,09375;111,6875;-93,21875;-156,65625;-16,53125;-36,40625;-77;-195,1875;-170,375;-231,25;-255,65625;-198,0625;-239,84375;-167,59375;197,15625;-49,9375;-168,1875;-11,125;69,0625;71,875;-184,4375;-250,5;13,3125;-22,65625;-65,625;47,59375;-205,6875;-61,0625;-280,03125;-103,875;-72,71875;-288,4375;-238,03125;-166,3125;-198,375;-88,96875;-57,4375;-101,65625;108,03125;-178,5625;-27,03125;-252,15625;-93,25;-59;-186,03125;-116,78125;-432,875;-218,46875;46,8125;-193,75;-139,0625;-25,6875;7,9375;-211,0625;-31,09375;-201,3125;-122,71875;-153,8125;5,21875;-32,78125;-75,75;-152,9375;-63,21875;-146,65625;25,59375;-332,0625;-109,9375;21,65625;-141,53125;-269,90625;-89,84375;-115,1875;-99,5;-142,65625;-36,71875;-60,6875;-11,25;-116,75;-0,5625;-56,15625;22,34375;29,78125;6,40625;-76,25;-44,875;34,5;-51,875;110,0625;48;-78,8125;-235,53125;-76,75;-149,21875;96,75;-44,3125;-38,625;-91,53125;-100,25;1,46875;-1,8125;192,34375;106,9375;-113,15625;-68,96875;-33,96875;-292,96875;-27,53125;-196,5;-70,15625;-4,34375;-189,53125;-265,96875;-207,625;-188,9375;17,4375;-61,09375;-11,0625;-36,5625;-247,90625;-91,03125;-13,125;-49,59375;-120,46875;-114,75;-67,25;226,96875;-47,6875;-87,65625;-49,21875;30,4375;-159,4375;-223,6875;-41,15625;-112,625;-157,21875;-207,15625;-227,78125;-20,875;-125,65625;-127,25;-83,59375;57,3125;-48,09375;-23,84375;-175,34375;-102,25;-169,5;-276,84375;-263,125;-161,9375;-184,15625;-178,5625;-170,5;-40,25;-202,125;-220,9375;-143,78125;-309,0625;-91,40625;-88,28125;-50,125;-6,15625;-79,84375;-164,03125;-109;-105,84375;-233,4375;-350,15625;-46,96875;67,53125;-112,5;41,25;-194,09375;-67,21875;497,625;-104,5625;24,4375;-104,15625;-34,71875;178,5625;-33,40625;98,53125;168,6875;245,03125;141,5;151,5625;21,9375;242,84375;118,90625;93,8125;280,78125;104,15625;4,90625;-187,96875;279,90625;44,84375;-119,84375;-142,90625;326,5625;174,125;340,6875;145,46875;-12,34375;483,71875;-61,1875;545,125;41,1875;324,9375;137,6875;735,40625;14,21875;-185,1875;553,5625;69,53125;161,59375;356,5;397;150,90625;-93,5625;129,1875;-142,125;-80,28125;5,15625;-38,09375;278,40625;77,6875;28,25;
25,78125;137,25;35,53125;316,9375;-168,34375;-57,5625;-555,96875;-135,78125;1,125;-1857,8125;-129,9375;-41,25;-56,625;-153,71875;1,875;78,40625;18,03125;-114,28125;78,125;-111,1875;39,03125;-160,375;32,75;32,65625;115,46875;-10,90625;237,59375;-24,9375;-134,0625;109,125;-246,71875;-86,34375;-153,09375;9,625;63,0625;-98,71875;188,21875;19,46875;87,78125;-54,34375;-11,28125;30,9375;-88,21875;-34,5625;-86,09375;-271,09375;-27,59375;-55,125;-64,75;-46;-33,25;-158,6875;-46,78125;128,28125;-83,25;-83,8125;-159,90625;-12,875;-39,65625;91,3125;-89,3125;20,5625;40,3125;-49,34375;-176,25;-161,28125;-27,375;-77,53125;-120,78125;-84;45,21875;-186,5;85,09375;72,21875;62,3125;-46,40625;75,59375;-28,09375;-73,34375;-54,75;-255,53125;118,9375;231,0625;85,5625;30,03125;275,9375;-160,84375;-61,8125;114,875;-69,53125;-57,625;-91,59375;-31,65625;-10,59375;-207,96875;-18,46875;228,15625;-169,21875;148,40625;1,0625;-108,53125;-73,84375;-236,71875;-34,3125;-85,625;-60,8125;78,90625;-43,125;-124,78125;-98,03125;174,125;24,3125;147,46875;-14,65625;-12,0625;114,9375;40,25;18,1875;-117,40625;36,15625;-70,46875;53,75;-30,03125;-104,03125;13,625;-269,96875;-97,15625;-86,625;58,28125;90,5625;26,65625;-63,75;123,6875;7,28125;74,375;-115,15625;-153,375;-223,9375;-49,9375;-113,625;-68,125;-33,625;11,4375;-78,84375;67,3125;-66,625;-154,4375;41,75;154,8125;23,875;93,28125;-35,40625;-93,5625;-45,21875;-107,90625;-132,71875;21,875;-65,84375;11,78125;-40,21875;-59,9375;-140,3125;-57,9375;60,65625;65,84375;-143,71875;81,5625;65,25;72,65625;47,5625;26,9375;-49,59375;45,21875;54,53125;119,1875;-36,78125;-47,375;-18,0625;-156,1875;-107,6875;42,875;23,09375;168,40625;-51,84375;27,375;-108,03125;-55,90625;-71,3125;69,1875;24,6875;42,5625;-75;-129,15625;4,09375;-72,125;-226,65625;67,78125;-171,71875;132,875;-261,53125;-111,09375;66,78125;50,6875;160,40625;-109,875;22;29,4375;-134,96875;85,3125;-133,96875;50,75;88,03125;-43,625;39,09375;-275,9375;18,6875;-49,96875;-4,40625;-59,4375;-183,0625;19,84375;-185,0625;165,125;-186,40625;103,96875;139,5625;-65,59375;100,21875;147,5625;129,34375;191,53125;-122,0625;-271,6875;-46,21875;68,75;18,375;-252,375;-54,125;-168,8125;-19,375;-3,15625;104,375;24,46875;-63,5625;23,1875;77,34375;-122,125;-96,90625;-48,59375;82,78125;65,15625;42,9375;18,78125;65,90625;-133,5;-87,875;154,75;96,75;-45,625;-179,46875;158,4375;-13,875;-2,59375;61,15625;94,90625;-67,0625;-160,6875;34,75;-11,96875;87,03125;320,65625;141,875;112,4375;95,5;83,5;87,0625;84,28125;267,09375;155,96875;157,3125;-127,40625;124,46875;89,25;23,75;99,9375;452,90625;402,875;356,28125;403,78125;231,125;-14,40625;434,875;726,6875;61,09375;-76,875;298,25;226,375;759,5;127,96875;125,3125;398,6875;-85,125;-86,21875;541,40625;56,34375;-0,40625;854,625;-2244,875;-15,3125;116,34375;102,78125;341,125;253,25;87,6875;560,5625;408,53125;105,8125;62,5;232,46875;1,3125;
-115,3125;-96,21875;-1,6875;-112,875;-118,875;-255,90625;-513,53125;-179,34375;-235,84375;135,84375;33,3125;-238,28125;-314,8125;-51,53125;30,21875;-112,59375;-296,0625;-195;723,09375;-147,65625;-364,21875;-238,1875;-201,5625;-115,15625;-83,375;-333,6875;-334,5625;-185,78125;-145,09375;-169,96875;141,96875;-312;33,46875;-81,75;89,125;-319,53125;-269,21875;-63,84375;-68,40625;-98,5625;-142,71875;-170,96875;-77,78125;-176,125;-195,75;-128;-36,53125;-84,375;-301,4375;-136,3125;-21;-253,9375;-128,40625;-123,25;-183,96875;-128,28125;9,8125;-30,46875;-108,1875;-207,03125;44,8125;-172,25;-63,46875;19,5625;-243,46875;-134,53125;66,125;-277;-52,4375;-145,625;-56,75;21,5;32,1875;-21,6875;11,375;-30,96875;-276,71875;-79,15625;-304,4375;-259,125;-286,5625;-103,5625;-120,3125;8,875;-87,625;-112,96875;-214,5625;-156,125;202,25;-32,4375;-226,4375;-148,75;-281,34375;-42,0625;-171;-257,875;-45,34375;-190,375;-108,4375;-167,78125;-228,53125;-88,96875;-91,03125;-313,59375;-237,8125;8,09375;-326,21875;-51,5;21,03125;-173,34375;-178,90625;-72;-101,40625;-228,03125;-22;27,28125;-55,5625;34,3125;270,25;-14,71875;-197,84375;-249,0625;30,53125;-54,15625;-182,28125;-117,15625;-238,375;-80,96875;120,96875;-97,0625;-248,46875;-228,4375;45;-268,6875;-65,03125;-56,21875;-92,5625;-145,8125;-379,21875;-36,40625;-17,46875;-107,0625;-154,5;-179,6875;-193,875;-103,4375;-159,53125;-271,59375;-137;-193,84375;-147,375;100,5;-230,5625;-200,15625;-234,75;-177;-292,1875;-121,6875;-82,625;-21,03125;-197,1875;-152,25;-109,28125;-86,65625;88,5625;71,6875;-139,40625;-207,65625;-167,1875;-100,71875;-54,34375;27,09375;-152,4375;-6,0625;-56,8125;-300,34375;-172,875;-287,96875;-99,78125;49,71875;-111,9375;-179,125;-46,59375;-246,96875;-111,625;129,25;-329,65625;7,59375;68,9375;-16;25,0625;-110,96875;-96,34375;-332,875;-7,75;54,09375;-115,59375;-205,5;-137,90625;-210,3125;-161,34375;-225,40625;-133,53125;-220,4375;63;-119,34375;-146,5625;-130,96875;-95,28125;39,28125;-46,875;-158,84375;-133,1875;-253,5625;-163,9375;-120,59375;-39,875;-113,3125;-272,15625;-264,59375;31,78125;-100,46875;-377,71875;23,6875;-45,53125;-222,8125;-214,5625;-81,46875;-149,3125;-183,6875;-103,4375;-312,65625;-199,5;-66,625;-112,96875;29;-212,15625;-182,8125;-203,53125;-174,34375;-176,25;53,75;-115,65625;-118,53125;-377,53125;2,90625;-207,53125;-99,46875;-172,09375;-229,46875;-122,03125;-35,75;-217,75;-221,09375;-47,78125;-198,5;-24,84375;-27,34375;24,75;-107,09375;-265;-198,375;-112,40625;-247,71875;-22,84375;49,28125;-161,53125;-12,875;-96,25;-63,8125;37,09375;18,34375;87,4375;107,5625;-52,15625;257,1875;235,03125;82,71875;17,59375;104,75;182,15625;55,1875;-19,6875;95,59375;186,65625;291,65625;-212,9375;26,28125;327,59375;150,59375;730,34375;-119,46875;387,9375;-6,875;2895,84375;-150,0625;-284,9375;118,34375;-177,09375;296,84375;391,9375;-43,46875;-183,09375;3,65625;107,6875;-97,71875;382,46875;217,1875;372,1875;294,375;-35,875;-38,25;-161,75;-204,65625;-211,53125;66,6875;-2612,625;86,625;-35,84375;-93,28125;
-358,84375;-739,46875;-359,71875;-132,59375;-192,625;-434,0625;-184,0625;-236,3125;-52,46875;-120,5;-221,09375;-291,0625;-273,09375;-179,5;-242,40625;-98,03125;-253,8125;-408,90625;-192,375;-128,875;-388,375;-127,1875;-287,65625;-250,4375;-136,09375;-301,5;-67,375;-246,8125;-188,71875;-404,96875;-116,65625;-332,25;-238,46875;-221,8125;-281,3125;-186,375;-292,53125;-180;-436;-221,1875;-57,625;-287,53125;-382,625;-201,625;-135,5;-221,03125;-182,40625;-396,5625;-208,28125;-163,65625;-181,21875;-316,3125;-315,6875;-301,34375;-219,9375;-332,3125;-405,3125;-395,46875;87,4375;-279,78125;-154,78125;-171,125;-150,5625;-112,375;-69,34375;-321,4375;-124,25;-169,25;-69,4375;-303,75;-158,25;-219,0625;-221,09375;-90,6875;-241,375;-178,09375;-86,0625;-46,625;-150,71875;-189,75;-162,4375;-157,5625;-196,03125;-218,875;-212,84375;-168,78125;-294,59375;-386,6875;-405,46875;-90,8125;-271,28125;-337,65625;-354,75;-185,1875;100,28125;-287,71875;-213,875;-197,9375;-214,96875;-236,78125;-343,375;-134,96875;-354,75;-176,875;-125,25;-201,46875;-212,59375;-113,1875;-243,03125;-339,1875;-61,40625;-296,875;-83,0625;-107,875;-228,1875;-197,9375;-283,125;-113,84375;-432;-497,0625;-216,90625;-168,4375;-211,9375;-240,53125;-335,25;-175,875;-214,75;-118,96875;-219,34375;-390,03125;-190,875;60,84375;-305,875;25,09375;-244,90625;-103,46875;-158,96875;-350,5625;-172,78125;-127,1875;-83;-271,40625;-228,90625;-347,46875;-91,40625;-306,78125;-121,34375;-171,15625;-134,78125;-52,78125;-267,71875;-152,625;-350,625;-94,78125;-328,3125;-101,8125;-262,96875;-158,46875;44,0625;-43,28125;-194,6875;96,90625;12,34375;-207,625;-60,28125;-331,9375;-123,5625;-145,8125;-139,5625;-237,78125;-274,40625;-220,90625;-266,6875;-85,84375;144,65625;-343,46875;-239,875;-326;-256,375;-131,75;-51,40625;-251,90625;-151,59375;-155,46875;-40,65625;-308,15625;-212,3125;-93,125;-162,875;-280,21875;-195,3125;-100,375;-254,34375;-287,71875;-29,03125;-150,59375;-139,9375;-10,21875;-145;-224,5;-138,03125;43,46875;-124,5625;-152,6875;-222,53125;-216,5625;-222,71875;47,5;-386,3125;-221;-109,9375;-265,8125;-172,125;-198,59375;-222,84375;-247,84375;-266,34375;-172,8125;-184,46875;-104,25;-32,25;-302,8125;-117,96875;-286,0625;-181,40625;-104,9375;-178,8125;-311,59375;-84,53125;-395,28125;-94,71875;-322,59375;-198,21875;-221,875;-535;-341,78125;-252,28125;-296,3125;-293,375;-72,03125;-232,625;-47,65625;-341,21875;-127,21875;3,625;-127,46875;-170,03125;-188,8125;10,03125;-281,8125;-232,28125;-14,53125;-167,25;-266,59375;-36;-151,59375;-125,1875;-225,21875;-247,5625;-114,8125;-226,78125;-131,625;-405,53125;-153,46875;-130,125;42,15625;-211,1875;-145,5;-193,3125;-258,5;-165,84375;164,46875;-28,03125;-173;-21,46875;22,90625;60,5625;-5,53125;16,5625;-84,875;46,59375;96;-47;277,9375;192,75;-7,0625;-25,65625;219,875;183,84375;-106,34375;-300,4375;81,3125;367,1875;-335,59375;102,25;377,6875;446,59375;505,46875;441,375;257,46875;-2219,03125;-523,59375;545;-99,3125;227,6875;242,5625;-314,71875;-118,75;95,53125;-106,96875;409,6875;-376,46875;136,125;-81,71875;19,125;335,0625;195,9375;-181,34375;118,84375;-280,96875;
-180,78125;-41,34375;0,53125;-87,0625;-120,75;308,09375;-70,1875;-231,9375;268,34375;84,59375;285,71875;-216,3125;1945,375;-141,375;129,9375;-57,5625;-124,21875;44,09375;29;41,8125;238,96875;59,84375;77,09375;-65,6875;60,75;92,25;-31,3125;-220,59375;91,34375;-22,28125;151,34375;-118;7,28125;66,125;-28,28125;-58,40625;-96,65625;72,65625;217,59375;52,40625;-97,03125;-43,8125;120,59375;39,09375;16,375;-13,9375;48,59375;28,625;-0,3125;-199,21875;101,0625;149,34375;138,6875;105,375;237,96875;-31,125;158,15625;95,46875;-11,28125;117,40625;86,34375;-22,71875;-127,25;70,59375;-20,375;66,03125;-58,75;135,6875;233,40625;182,71875;120,59375;162,375;-81,40625;-131,65625;65,78125;109,1875;26,90625;74,0625;34,625;-104,4375;-2,59375;-15,4375;162,125;19,59375;-79,375;5,125;182,5;225,625;171,21875;122,90625;11,71875;84,78125;256,21875;77,09375;149,46875;196,71875;15,9375;-157,46875;122,53125;-63,875;-43,78125;-262,59375;-110,8125;-23,6875;-135,5;-151,90625;-47,15625;18,6875;-16,84375;214,6875;187,28125;54,125;135,40625;32,09375;-72,5;95,5625;25,875;7,0625;-9,46875;-133;89,625;251,46875;105,875;47,8125;-127,59375;55;93,71875;-93,8125;192,4375;52,8125;430,875;25,46875;59,28125;173,09375;143,09375;-60,59375;101,21875;16,1875;0,1875;-222,46875;-20,375;29,375;107,875;89;122,28125;71,28125;-43,4375;4,09375;-110,09375;60,4375;-19,09375;169,96875;-55;24,1875;138,03125;-39,53125;66,5;2,0625;-140,53125;21,09375;176,9375;17,625;71,96875;120,96875;55,65625;-0,875;95,8125;65,46875;143,3125;55,84375;72,6875;176,96875;-49;20,96875;-22,15625;82,1875;18,5;139,25;63,75;242,8125;330,34375;67,03125;95,5625;115,21875;155,4375;214,0625;136,375;-51,3125;164,25;8,75;368,96875;66,53125;156,9375;164,3125;330,625;158,8125;-67,03125;-162,875;48,1875;57,4375;45,375;-102,4375;74,03125;22,625;73,0625;166,3125;157,96875;246,6875;-95,40625;78,40625;4,96875;63,40625;97,625;-33,40625;188,03125;30,65625;153,875;136,9375;8,9375;-109,6875;103,9375;180,34375;156,15625;-14,625;139,1875;-17,59375;266,75;68,90625;49,3125;-126,03125;26,75;-14,78125;43,875;15,96875;-92,375;31,59375;24,90625;82,84375;82,65625;93,625;-49,28125;186,6875;-103,1875;34,03125;80,53125;-87,90625;177,21875;-81,6875;-27,90625;-116,75;48,625;112,90625;15;-69,15625;44,5;193,15625;94,28125;206,5625;18,21875;60,4375;132,09375;151,28125;150,90625;172,53125;104,125;177,40625;31,71875;52,25;177,03125;-93,28125;213,875;233,78125;207,9375;159,8125;443,125;68,1875;375,1875;125,8125;-278,34375;318,9375;178,21875;146,71875;98,90625;89,53125;338,5625;170,53125;282,28125;44,375;419,84375;120,0625;434,90625;455,6875;413,0625;122,78125;462,3125;314,75;458,3125;107,125;30,40625;118,3125;4026,1875;30,34375;111,0625;393,5625;447,71875;380,09375;198,3125;574,09375;249,71875;221,15625;204,71875;3,625;114,09375;417,59375;399;144;192,53125;71,46875;200,5;67,9375;
-83,5625;-55,15625;109,96875;-4,34375;-29,15625;-29,78125;163,75;-105,40625;-64,6875;-39,65625;110,78125;-87,53125;-388,4375;-201;-153,28125;-96,875;-236,65625;-186,40625;-251,40625;-105,5;104,875;-150,125;-98,5625;-76,6875;-55,09375;54,5;-197,15625;-244,96875;-56,84375;133,15625;-200,15625;-152,75;44,84375;176,40625;-144,625;-243,65625;-197,75;-106,5625;-2,90625;-72,28125;105,71875;-120,71875;34,90625;-185,40625;-3,8125;2,59375;-8,625;-21,96875;0,375;-104,875;-7,875;-33,59375;-89,03125;235,09375;9,125;-64,03125;-17,59375;-18,71875;69,46875;-46,0625;-109,15625;-176,1875;-119,15625;-93,34375;-148,625;-17,84375;-144,53125;7,84375;-37,875;3,75;-154,375;24,59375;-24,5;-29,09375;94,78125;48,53125;-222,21875;-80,40625;45,09375;-279,15625;-128,53125;11,21875;-77,9375;-216,3125;10,15625;-21,3125;-39,46875;-7,8125;-244,3125;-32,6875;-331;-94,09375;-35,90625;123,96875;-95,59375;-25,25;-118,40625;16,5;-147,5;27,375;-36,3125;-77,09375;32,15625;-134,875;-79,71875;-10;-12,8125;-61,71875;-56,0625;80,28125;-136,25;-25,9375;114,4375;-163,40625;-59,40625;174,8125;160,3125;54,625;-2,28125;-55,5625;-134,5625;-36,53125;131,375;13,09375;52,125;-6,5;83,40625;-138,6875;50,34375;-178,78125;34,09375;-0,53125;136,5;-36,34375;-75,4375;136,09375;8,84375;-18,3125;-111,5625;-30,59375;4,5;-31,125;-67,4375;-141,8125;-142,53125;-104,84375;-4,40625;107,40625;51,6875;220,6875;15,5;-143,875;52,46875;-12,625;-20,5625;-66,40625;-61,9375;26,3125;-85,375;-91;-180,9375;-29,15625;6;-29,6875;143,46875;-59,1875;-111,0625;44,53125;-64,6875;-237,15625;-135,625;157,5625;-73,96875;-56,09375;-31,15625;60,90625;19,25;-54,53125;32,96875;90,3125;-1,125;67,8125;-70,46875;-26,15625;67,21875;-56;154,5625;-22,125;-113,46875;246,46875;56,59375;-117,34375;142,71875;-227,8125;306,78125;21,90625;155,25;-99,78125;56,03125;-181,1875;-75,125;-69,78125;-68;-0,1875;4,34375;-207,15625;-188,46875;-32,84375;-325,4375;-130,8125;-54,0625;40,59375;-158,0625;-17,96875;-97,375;20,0625;66,90625;-29,78125;47,875;20,96875;-41,84375;148,6875;-32,90625;-42;-88,625;56,6875;-135,5;-27,875;-10,34375;22,5;-32,78125;-70,8125;-89,90625;-82,9375;-127,375;1,78125;32,09375;-197,9375;-47,03125;-2,15625;119,25;71,125;7,625;-219,8125;-60,75;-38,78125;-110,59375;85,40625;-26,53125;44,4375;-251,6875;-265,84375;-50,5625;43,875;-98,5;-96,625;-76,53125;115,78125;153,03125;-25,1875;-31,90625;149,5625;-20,53125;-149,71875;-14,34375;-568,4375;206,5625;-76,53125;-58,71875;-56,875;63,28125;77,34375;2,71875;126,875;63,15625;206,1875;133,03125;102,53125;205,75;33,71875;173,96875;98,875;136,53125;182,625;315,40625;12,625;347,90625;-60,09375;421,0625;207,40625;160,625;-20,09375;357,78125;335,625;214,96875;343,46875;342;-200,75;399,75;75,125;214,09375;68,09375;3064,90625;-24,4375;330,53125;-30,8125;262,5;-0,53125;454,625;417,25;78,71875;47,25;-324,5;439,6875;-445,84375;245,625;-50,96875;166,25;109,09375;-189,0625;
-204,9375;-49,96875;49,0625;-2262,71875;94,4375;44,1875;-271,9375;-246,65625;-228,96875;-390,78125;46,78125;-164,125;-288,78125;-4,375;-243,03125;-243,90625;41,40625;-123,71875;16,125;11,25;-308,96875;127;-150,4375;-154,65625;-129,03125;-93,59375;66,5;19,40625;-139,1875;-170,34375;20,3125;-272,46875;-44,15625;-209,28125;-22,28125;-81,40625;-82,1875;-65,1875;-243,625;14,21875;-190,5;-33,53125;-31,125;-124;97,65625;43,46875;-210,84375;-185,5;-134,96875;-263,21875;-149,90625;-36,53125;-35,96875;-81,28125;20,0625;213,4375;-67,21875;-82,4375;-13,21875;-5,84375;-167,4375;-318,25;-49,09375;-128,9375;-95,96875;-117,75;-199,84375;-197,0625;33,84375;-134,90625;6,03125;-151,75;-138,96875;53,9375;-25,78125;-158,9375;-83,1875;-173,40625;-171,3125;-0,625;-77;-46,25;-145,34375;-106,4375;-28,625;-0,84375;-150,25;-76;147,28125;-89,96875;188,1875;21,1875;-309,6875;-123,125;78,8125;-4,75;-104,71875;-81,25;-162,5;-236,9375;-158,625;-168,5;-168,6875;-175,90625;-40,21875;-200,1875;58,90625;-25,65625;106,125;34,28125;-149,84375;-194,53125;207,65625;-53,625;-135,28125;-32,59375;-283,21875;-85,71875;-118,375;-24,6875;-265,8125;-183,96875;-132,28125;-86,90625;-20,21875;-122,65625;146,4375;24,125;-106,3125;-106,09375;81,875;-37,71875;-150,59375;-73,25;-99,65625;-105,375;-204,3125;-81,6875;-99,90625;-154,625;-146,84375;97,4375;-271,90625;-30,65625;-149,59375;-147,25;-14,5;-156,03125;-145,875;-95,65625;-168,40625;15,0625;-77,3125;-71,8125;-329,3125;-97,78125;-84,03125;-153,34375;-97,625;-179,125;-18,5;-46,375;-41,53125;92,625;-212,90625;-6,75;32,5;-279,25;24,03125;-0,28125;56,0625;-18,96875;101,28125;-41,34375;26,46875;24,90625;-63,28125;-240,25;-18,875;-44,28125;93,5;58,15625;-106,5625;-54,625;137,40625;-184,03125;-39,46875;77,3125;7,5;76,78125;-36,34375;-27,375;-33,4375;-55,21875;-11,875;-128,4375;-52,875;-35,59375;120,8125;-214,65625;103,90625;-355,96875;18,78125;-179,59375;-38;-105,65625;-320,65625;-23,71875;-148,875;-56,96875;-236,25;-207,0625;-91,90625;-82,15625;-188,875;-223,09375;-24,375;-199,21875;-117,78125;-113,375;-31,90625;-208,9375;-129,1875;-174,09375;-139,46875;-91,59375;23,34375;-224,25;-70,75;-117,09375;-20,78125;5,71875;-45,40625;62,0625;36,0625;67,53125;-21,59375;-224,59375;-147,28125;-88,78125;-120,4375;-76,78125;-72;-213,21875;-283,875;-106,40625;-23,96875;47,9375;-31,15625;-122,09375;-202,96875;-124,25;-214,6875;-37,8125;-61;-165,03125;-33,09375;1,65625;-94,59375;-33,625;-198,78125;-56,5625;112,59375;66,5625;-184,375;-141,75;-27,75;54,40625;30,59375;-81,40625;33,09375;-90,1875;-148,625;-127,09375;31,25;-48,0625;-29,875;4,65625;139,03125;86,03125;-42,4375;26,03125;47,78125;-118,6875;180,25;160,1875;186,71875;-202,78125;119,59375;-22,46875;3044,15625;239,78125;161,53125;17,28125;209,75;192,78125;519,125;199,90625;375,0625;311,40625;1,53125;63,375;258,59375;279,125;401,78125;585,28125;150,71875;222,28125;36,46875;-13,75;430,75;-104,5625;2371,0625;26,03125;-80,75;-30,03125;-1981,125;476,25;187,28125;138,84375;
83,0625;-88,96875;-65,25;18,375;-15,8125;236,90625;169,71875;126,96875;-31,9375;-167,59375;-45,9375;-29,9375;-206,90625;-210,25;-153,6875;-305,1875;-109,53125;-1,46875;111,15625;-283,40625;-9,34375;2,375;-306,65625;-105,3125;-76,125;-58,09375;-57,0625;-20,1875;-110,78125;50,34375;-111,6875;-170,34375;-148,34375;123,625;-132,125;-134,0625;-232,3125;-68,9375;-129,15625;-157,625;-222,34375;-42,625;63,625;-28,6875;124,9375;-160,1875;-5,28125;-47,59375;-70,25;59,4375;32,5;-81,25;-133;-6,4375;-30,1875;60,78125;173,5;156,5625;90,875;41,21875;-86,21875;-120,8125;8,90625;-6,4375;175,53125;77,90625;-30,40625;59,125;-201,34375;-70,09375;177,46875;-97,625;-77,34375;44,25;99,59375;-120,6875;-165,625;-248,1875;36,21875;-44,25;64,84375;-237,09375;-70,6875;-176,3125;24,4375;-109,6875;60,375;-171,75;-97,71875;-34,5625;-101,59375;-39,125;-5,4375;-159,71875;-310,75;-53,59375;16,78125;-17,28125;27,15625;16,125;-88,03125;-0,1875;-156,71875;35,4375;272,90625;-52,0625;-32,875;-32,875;46,59375;187,46875;114,5625;47,25;41,21875;134,46875;141,53125;-293,40625;59,875;54,09375;-81;-35,09375;-94,75;74,34375;228,65625;-23,625;223,84375;-215,5625;-62,5625;224,6875;153,3125;42,5625;5,9375;-128,34375;68,96875;70,75;41,28125;4,6875;25,96875;1,71875;-146,8125;-267,21875;-246,9375;-187,4375;69,40625;-62,53125;-169,15625;-94,25;36,65625;-162,65625;42,375;-41,53125;96,71875;13,78125;-24,40625;132,03125;-70,46875;-49,8125;-108,78125;-332,90625;73,46875;-34,875;-83,34375;48,5625;-54,8125;40,125;139,1875;-186,375;-62,34375;93,21875;-26,28125;25,59375;129,53125;185,0625;-38,78125;-107,625;-15,625;32;51,6875;8,90625;90,40625;-49,40625;-62,34375;111,40625;-388,46875;100,0625;67;-71,90625;-56,03125;-5,71875;33,71875;169,46875;-13,8125;94,8125;-18,25;81,875;-153,21875;-14,09375;66,65625;-43,5625;-196,9375;-90,90625;44,4375;3,09375;83,65625;138,28125;33,5625;-59,6875;-40,90625;116,34375;-1,6875;-2,6875;28,8125;-3,09375;31,5;-80,875;124,3125;-136,09375;38,65625;-43,4375;16,125;191,90625;-0,8125;-88,875;9,78125;98,3125;-148,9375;23,34375;-14,125;161,5;12,4375;-178,28125;14,28125;-137,1875;-8,65625;-243,625;-43,15625;21,9375;-160,21875;-131,90625;104,71875;132,375;-243,34375;-180,65625;156,65625;123,75;-217,53125;-297,15625;14,375;71,9375;-141,46875;93,625;88,375;48,875;6,90625;109,125;50,6875;-220,28125;109,5;-189,5625;40,40625;9,59375;-174,5625;-85,78125;247;-31,5;82,0625;107,96875;0,34375;-7,8125;-132,9375;-83,40625;51,34375;-107,125;-92,78125;58,34375;73,0625;130,46875;-75,59375;101,5625;340,5;136;-150,125;43,46875;179,0625;-39,96875;76,21875;183,875;242,625;74,71875;237,03125;117,375;5,8125;139,4375;5,78125;445,34375;207,3125;369,71875;-6,84375;483,15625;329,71875;225,03125;89,28125;311,71875;1012,03125;398,5625;56,0625;12,34375;-21,65625;531,4375;226,90625;294,25;160,6875;199,21875;75,875;273,78125;349,4375;-339,5625;-688,96875;453,8125;-11,21875;-49,4375;
118,28125;-522,84375;-127,6875;-287,09375;-17,15625;-59,5625;-286,21875;-74,34375;-194,21875;-251,09375;-28,09375;-68,84375;-135,59375;-201,15625;-144,25;-151,90625;93,5625;-240,5625;-238,53125;-179,15625;-337,75;-121,78125;-206,46875;-163,9375;19,65625;-21,21875;-19,1875;-95,21875;-58,9375;55,71875;-97,71875;-177,59375;-38,9375;57,5;-56,8125;-148,625;-157,8125;-226,9375;6,90625;-148,84375;-161,6875;17,84375;-176,46875;-10,125;-41,625;20,09375;-41,65625;108,5;178,53125;-123,34375;-124,75;-1,90625;-90,5;-160,125;-129,875;186,90625;-14,28125;-33,5;-249,8125;-156,9375;-66,71875;-71;-271,1875;-190,34375;-163,96875;55,03125;-9,40625;-198,03125;12,25;-142,8125;-174,84375;-6,75;-175,59375;-54,28125;-129,0625;-190,96875;-122,0625;-73,40625;-85,84375;-201,40625;-59,40625;-16;-14,71875;5,46875;114,3125;-85,84375;76,6875;-67,9375;77,65625;-81,4375;34,09375;42,5;-184,84375;91,1875;18,6875;-67,09375;-109,0625;-90;1,3125;-79,8125;-255,65625;-214,96875;-25,125;25,28125;-175,5;49,59375;-9,65625;47,28125;100,5;-111,21875;-113,25;300;43,75;14,84375;15;-13,53125;201,375;-74,5;-110,21875;-10,84375;23,53125;76,9375;-126,53125;-76,1875;-229,75;-55,75;-10,1875;-20,6875;-94,875;-73,625;-63,25;-60,71875;1,59375;62,53125;-80,8125;-55,1875;-86,59375;-62,78125;-198;-86,96875;-116,625;-90,03125;-143,8125;-169,5625;-44,875;-120,1875;-30,65625;-198,6875;7,21875;-141,8125;-162,5625;-128,125;57,15625;70,9375;159,15625;99,25;-7,28125;-138,9375;-66,75;-48,34375;56,3125;-171,34375;43,75;57,625;67,53125;-100,03125;-0,875;-173,8125;-90,46875;90,96875;-7,15625;-91,46875;-155,1875;-222,71875;-95,125;-160,6875;-66,59375;11,6875;53,125;-107,6875;-163,21875;-50,0625;-176,96875;-108,96875;71,4375;-133,1875;-312,6875;-255,46875;-55,3125;-34,65625;243,09375;-87,96875;-98,28125;30,1875;-152,78125;15,9375;-1,40625;136,65625;-127,5625;-73,8125;-168,65625;-116,25;-57,125;27,5;-44,34375;-52;-266,3125;-112,78125;-128,875;-102,6875;-104,71875;120,90625;-55,71875;-9,25;-126,78125;-237,0625;-272,53125;-217,90625;-11,3125;-92,09375;-203,90625;-59,15625;300,28125;-284,28125;-109,8125;-88,71875;4,875;-51,15625;-17,84375;-44,46875;62,65625;-60,59375;-309,1875;-210,9375;-217,78125;-139,5;-145,6875;-56,09375;-6,96875;-61,4375;-313,34375;-273,78125;-32,25;-119,375;-154,59375;51,75;-79,375;9,25;61,125;-28,0625;-156,15625;81,6875;-83,34375;58,0625;80,65625;72,21875;-36,5625;140,25;67,03125;-55,1875;-8,03125;-214,03125;52,9375;-31,28125;92,625;119;63,09375;47,90625;-78,59375;-104,46875;5,25;93,46875;-37,75;3,375;93,46875;-47,75;72,25;94,0625;27,53125;-144,84375;4,90625;261,0625;-12,03125;118,09375;179,71875;108,0625;220,34375;0,6875;79,25;253,40625;348,6875;198,96875;343,40625;279,21875;55,65625;1090,5625;12,65625;23,1875;-56,28125;282,28125;301,78125;269,84375;136,0625;-59,4375;-107,5625;132,65625;-357,53125;-138,40625;310,03125;126,40625;-30,15625;379,75;269,125;216;216,40625;702,84375;-2325,6875;69,09375;228,28125;59,90625;
28,59375;98,28125;-125,84375;343,4375;105,0625;130,1875;-127,5625;-210,6875;-178,25;6,84375;-32,625;-248,8125;-36,09375;-40,9375;12,125;94,28125;276,90625;-82,5;103,28125;-126,40625;-34,34375;-230,5;234,875;-47,78125;202,34375;156,125;110,59375;116,1875;4,1875;154,53125;30,8125;109,78125;31,78125;33,5625;149,625;98,65625;49,03125;67,03125;-58,1875;-86,34375;36,25;19,84375;124,3125;6,71875;67,90625;-39,65625;-94,5625;-20,03125;156,6875;-173,375;-59,5;329,65625;126,84375;-55,9375;-49,875;111,46875;-0,625;64,875;-56,65625;-14,03125;-208,375;237,9375;48,65625;-44,5;-58,71875;133,53125;58,96875;171,59375;-138,40625;-103,25;-55,46875;140,9375;5,375;92,375;20,46875;12,0625;-44,1875;31,84375;4,5625;-157,34375;-63,90625;147,8125;109,5;16,375;-100,59375;17,96875;-11,03125;-74,90625;4,5;-56,71875;180,84375;1,625;-29,03125;-1,0625;119,71875;136,34375;-2,6875;83,25;-108,1875;-105,28125;-0,0625;131,9375;-117,375;-123,96875;-21,15625;167,34375;165,3125;75,46875;-129,875;-63,875;240,28125;68,0625;110,5625;-43,84375;37,5;153;-40,65625;65,84375;3,09375;-143,6875;8,65625;131,03125;49,65625;128,40625;-1,53125;-179,6875;-79,59375;148,15625;120,5625;200,84375;-8,125;-81,40625;189,96875;182,125;42,09375;77,1875;1,6875;150,96875;68,8125;-47,09375;-19,5625;-6,03125;-76,0625;10;-245,25;18,625;-43,375;8,46875;-114,78125;-113,03125;106,03125;-142,53125;-13,5;79,65625;-62,96875;49,96875;95,5;103,21875;27;-172,46875;30,1875;36,125;30,8125;172,625;9,40625;-124,5;-79,46875;-229,03125;-61,5;-45,75;264,09375;85,1875;-71,90625;-40,28125;108,03125;-81,65625;29,71875;-54,75;-80,875;-39,90625;39,34375;83,84375;-159;155,6875;80,65625;-70,9375;37,0625;234,75;148,75;86,71875;197,21875;305,1875;55;9,78125;101,25;8,0625;156,1875;122,25;116,5;255,6875;57,09375;-91,40625;-148,09375;12,09375;-44,1875;-104,78125;70,9375;-54,90625;39,90625;-108,90625;108,6875;-146,78125;31,21875;-119,78125;20,0625;123,40625;22,40625;-18,6875;144,78125;107,1875;15,34375;43,75;-180,90625;77,90625;264,375;77,59375;-134,8125;35,46875;-69,125;-6,25;-50,78125;-83,5;-162,9375;-59,875;2,0625;-11,71875;-32,34375;172,4375;-281,25;-212,6875;-12,78125;7,78125;-12,03125;-4,25;138,8125;61,46875;151,78125;-193,28125;180,03125;201,4375;23,28125;45,0625;201,125;-73,1875;37,375;246,125;291,8125;-70,125;38,875;221,1875;126,28125;-54;-113,09375;40,8125;22,8125;121,75;170,15625;151,75;207,625;-86,28125;125,78125;79,65625;27,03125;-121;82,28125;171,21875;96;351,09375;59,46875;-81,1875;173,9375;276,84375;76,5;227,1875;241,5625;558,09375;140,78125;302,71875;267,21875;210,25;332,40625;271,96875;250,90625;306,34375;170,71875;93,21875;319,09375;291,03125;171,5;305,21875;504,21875;492,1875;-1296,6875;-40,03125;29,4375;125,78125;3578,96875;2870,03125;-70,8125;452,09375;121,375;80,46875;179,59375;124,625;306,5;430,84375;558,96875;67,65625;113,03125;350,25;
-49,46875;42,0625;59,96875;-82,125;-99,65625;-191,90625;-321,625;-93,4375;24,5;79,4375;-91,75;114,9375;73,8125;-35,3125;-111,0625;-99,5625;-176,8125;-62,625;-168,8125;-12,21875;43,625;53,34375;-59,59375;-17,9375;-5,28125;-74,375;2,1875;-49,96875;3,9375;-22,75;72,25;-40,4375;69,4375;-6,5;-152,21875;-1,375;125,5625;50,96875;18,78125;174,4375;-7,75;-26,34375;-47,125;-249,90625;-199,5625;134,75;-171,28125;121,65625;56,96875;-64,25;-16,96875;-70,0625;26,0625;105,03125;-119,53125;30,28125;-126,875;-92,8125;73,0625;-240,90625;0,71875;-10,59375;-173,0625;-92,1875;-160,125;-238,09375;-57,28125;-14,5;-177,625;-3,25;16,625;-186,15625;23,03125;-84,5625;-93,6875;56,28125;30,21875;-221,125;212,125;-54,8125;-47,3125;-259,65625;-21,59375;24,21875;13,375;-100,1875;86,625;-47,71875;-68,75;-42,3125;-220,78125;-93,15625;-104,4375;24,9375;78,9375;-120,40625;-114,5;-181,53125;-263,34375;-124,65625;-218,5625;-141,96875;-76,125;-16,9375;12,78125;-17,09375;70,46875;-99,96875;242,71875;346,375;79,84375;-15;-5,34375;194,03125;-30,84375;181,84375;29,1875;-147,65625;-164,46875;90,15625;-131,09375;-24,125;164,0625;-4,3125;-103,25;-144,875;-82,96875;84,25;-55,5;105,71875;-60,4375;42,5;-76,90625;79,34375;174,3125;-22,9375;41,4375;-22,90625;-70,03125;-304,53125;-30,90625;126,78125;-66,59375;22,1875;-286,875;-193,25;94,28125;-5,28125;-227,9375;-273,78125;-63;80,96875;-29,75;-10,1875;-37,53125;-158,75;-17,84375;102,75;-120,46875;-185,25;48,46875;-65,3125;-129,875;-10,125;-88,1875;-131,40625;-39,09375;-159,78125;-135,25;33,0625;-96,28125;-91,375;-113,78125;-103,0625;-13,03125;-43;44,78125;30,84375;53,15625;-8,0625;21;-15,09375;76,59375;183,21875;-82,84375;-174,46875;166,6875;309,46875;203,28125;143,78125;-23,28125;-13,15625;82,90625;136,9375;-54,84375;-5,40625;-80,46875;-126,6875;-70,40625;-99,21875;38,09375;30,46875;44,15625;-59,09375;-80,4375;83,03125;-3,5625;-176,03125;-17,59375;-28,96875;-144,875;158,34375;-81,40625;201,75;20,3125;-10,46875;-100,9375;40,25;58,34375;127,03125;211,1875;-111,53125;-262,53125;-28,40625;-72,46875;92,65625;100,65625;-84,5;-12,15625;-268,4375;-298,875;-82,59375;-36;-126,375;-75,9375;26,75;-125,84375;-0,46875;-226,5;-113,71875;24,34375;-230,1875;-11,03125;-10,5625;-125,09375;-172,5625;-13,8125;109,5;-152;-83;209,59375;68,8125;46,375;-44,28125;-14,375;26,1875;-8,21875;-157,65625;-68,5625;283,25;33,46875;-21,28125;-116,9375;86,625;-9,625;-68,34375;-131,21875;-192,375;143,71875;-51,375;-84,5625;294,03125;35,1875;-157,53125;133,03125;83,28125;26,59375;144,5625;-44,4375;101,75;227,625;64,65625;148,875;104,96875;205,5;-1591,34375;323;307,28125;343,78125;-3,71875;60,78125;223,21875;163,1875;135,3125;82;306,9375;74,84375;213,53125;129,46875;243,625;-4,03125;278,75;367,1875;201,75;216,28125;160,53125;-58,3125;134,96875;25,4375;154,84375;424,25;384,625;338,125;288,28125;228,21875;418,5625;270,625;181,3125;-93,625;728,25;
-147,40625;-242,28125;-76,78125;162,1875;-340,15625;-141,03125;288,65625;117,40625;-207,25;-158,21875;-115,625;-145,03125;-204,28125;-431,0625;-212,25;-226,28125;-169,71875;-129,125;108,5625;-285,96875;-261,03125;488,71875;-37,9375;5,96875;-154,625;-72,1875;41,0625;-65,59375;-87,71875;-154,21875;135,5;-263,53125;-249,78125;-85,75;-43,21875;-134,375;43,25;49,3125;-100,375;-13,65625;-21,8125;-108,8125;130,6875;-22,1875;-35,625;63,09375;-214,125;-40,75;-104,53125;-68,9375;-188,09375;-348,5;14,96875;16,46875;-13,625;144,84375;-96,15625;-282,65625;19,84375;-175,125;13,65625;-90,03125;-73;-139,125;-112,8125;58,96875;-109,5625;-236,21875;-63,3125;-327,28125;-41,53125;221,84375;-166,40625;-184,59375;-165,125;-64,28125;-22,03125;-146,90625;-69,0625;-162,96875;7,90625;73,4375;-14,6875;-320,5625;-6,8125;-221,3125;18,59375;19,28125;-3,59375;-34,15625;-199,96875;-134,90625;-60,34375;-105,21875;-125,90625;-189,65625;-140,46875;-98,6875;-40,5625;-131,6875;-105,59375;-17,09375;-210,5625;118,09375;-57,25;33,90625;-198,5625;-220,0625;249;-79,09375;-18,96875;-172,59375;-118,875;126,71875;-9,90625;-241,3125;-249,40625;18;-100,15625;-177,53125;-104,25;-190,15625;-201,9375;-270,0625;-254,125;53,1875;-141,03125;-1,875;-148,1875;-51,46875;59,40625;-363,25;10,9375;-133,9375;28,875;-179,90625;-207,65625;-242,09375;-306;85,78125;-227,75;-294,3125;76,65625;-176,03125;-135,65625;-76,8125;-383,28125;-134,28125;-122,40625;-76;-113,78125;-228,3125;-48,03125;22,5;-139,9375;-31,03125;-119,03125;-115,25;-170,65625;-330,8125;-160,3125;-161;-204,1875;-141,65625;-65,84375;-128,65625;-301,125;-112,90625;-130,53125;-308,65625;28,90625;-180,0625;-242,71875;-180,59375;-160,90625;-250,65625;-190,1875;-64,84375;-121,40625;-82,25;-307,75;-42,375;-54,90625;-168,625;-149,46875;-116,3125;-48,21875;78,875;42,125;-152,4375;-0,375;-73,0625;-118,71875;21,96875;-20,21875;-240,40625;-37,15625;-66,59375;-244,78125;-147,75;-116,3125;70,03125;-296,125;-195,125;-164,15625;-253,65625;-135,46875;194,53125;-226,8125;-212,09375;-341,46875;-260,875;-178,6875;-140,0625;-109,53125;-135,09375;-181,21875;-156,28125;-114,65625;-343,59375;24,71875;-286,5625;38,40625;-249,5;63,96875;-245,90625;-87,0625;-408,0625;-288,0625;-164,65625;-280,0625;158,5;-133,65625;-112,71875;50,875;-110,84375;-310,625;-24,21875;-172,5625;-339,65625;-112,28125;-27,46875;-192,75;-56,96875;-41,75;-102,84375;-220,375;43,875;-88,21875;-114,46875;-61,5625;-198,65625;-198,21875;23,8125;-91,71875;-180,875;12,40625;-132,0625;-255,90625;-18,125;-3,3125;-101,34375;2;-29,78125;-91;-104,09375;-31,90625;-36,75;-167,34375;-235,4375;-56,75;-15,125;-72,90625;-54,21875;84,5625;1,84375;-10,03125;-194,78125;-4,8125;87,3125;11,09375;-256,15625;62,53125;-183,34375;159,875;-166,5625;-161,65625;45,1875;4,75;21,28125;31,53125;121,46875;405,78125;230,75;-173,875;59,03125;237,34375;230,25;6,3125;108,21875;195,25;341,34375;-162,90625;519,8125;-68,5625;643,6875;-72,21875;224,09375;97,625;93,3125;155,59375;0,1875;-125,71875;657,21875;174,59375;-302;-14,625;-48,375;133,90625;63,90625;
-94,40625;377,28125;2,53125;-208,34375;-38,03125;-67,03125;-237,9375;-165,34375;135,8125;69,6875;-17,28125;83,9375;41,71875;1,15625;-4,03125;15,03125;18,375;34,78125;-51,0625;64,71875;-22,78125;176,5;108,46875;18,65625;133,375;94,15625;64,40625;252,53125;165,5;136,8125;8,1875;-334,625;-15,875;84,9375;49,125;32,15625;39,65625;71,03125;71,21875;-55,71875;0,375;196,5625;208,4375;13,84375;-65,3125;126,15625;198,875;-61,1875;28,34375;-187,15625;62,03125;-44,09375;6,9375;208,46875;-1,15625;101,71875;71,71875;70,53125;-163,8125;-82,90625;45,0625;-19,625;75,125;-121,46875;28,125;55,21875;69,40625;96,34375;-100,40625;-87,25;178,125;-6,75;141,75;-25,25;94,65625;-74,0625;19,375;-6,875;-129,46875;43,03125;15,28125;159,28125;-37,40625;2,25;255,96875;86,875;137,90625;37,3125;233,03125;-114;57,625;73,25;75,21875;103,90625;13,25;108,40625;24,9375;-36,1875;-138;-35,65625;-73,21875;-27,75;-31,46875;68,125;20,4375;12,46875;-68,25;67,6875;-19,34375;112,0625;258,65625;86,46875;76,40625;111,96875;-155,5625;35,65625;-26,125;44,65625;-59,9375;-43,34375;-56,28125;-162,5625;176,125;310,71875;-74,15625;-28,125;174,8125;109,1875;99,28125;277,65625;92,34375;-108,5625;292,8125;22,8125;218,6875;-119,3125;-137,625;90,71875;188,90625;-147,25;-172,9375;85,90625;-120,0625;164,84375;-118,65625;286,40625;171,0625;42,90625;-166,4375;217,59375;10,71875;55,125;-23,9375;65,4375;70,59375;145,3125;116,75;37,46875;2,625;23,78125;-162,53125;-68,25;293,6875;184,34375;12,21875;-34,75;17,625;224,46875;-30,9375;215;269,8125;-17,53125;83,65625;164,34375;171,03125;241,6875;-65,5625;-39,34375;151,875;66,59375;-18,84375;138,15625;235,40625;320,25;212,3125;222,65625;128,875;31,5;-80,46875;73,4375;30,53125;93,4375;-10,5;159,59375;196,65625;182,96875;126,5;145,84375;258,125;73,15625;29,15625;189,46875;-163,21875;106,375;-37,03125;53,3125;97,4375;97,5;64,8125;94,40625;86,34375;55,09375;-77,78125;102,53125;180,3125;-23,25;164,5;31,71875;-123,3125;-28,21875;53,1875;-127,15625;23,34375;175,5625;-42,1875;11,03125;-83;39,96875;-8,03125;202,40625;107,375;54,21875;41,71875;31,5;19,84375;112,84375;47,25;31,09375;-91,09375;-69,3125;74,84375;157,46875;-2,03125;41,5;256,59375;122,875;-18,875;140,5625;2,75;-58,6875;-31,25;77,53125;139,1875;171,0625;-203,875;-33,125;71,5625;-196,15625;-33;283,34375;-13,875;135,03125;61,25;137,3125;-11,1875;79,34375;96,59375;95,625;192,53125;242,0625;172;161,6875;358,5;5,9375;22,09375;134,5625;167,84375;75,28125;164,6875;227,03125;-45,71875;181,71875;385,1875;118,6875;208,5;240,53125;98,0625;143,53125;250,15625;163,5625;325,78125;74,1875;376;216,53125;151,21875;256,5;354;281,34375;385,53125;193,59375;327,15625;502;151,75;2456,90625;211,21875;491,5625;200,3125;270,40625;219,78125;274,4375;18,84375;222,875;443,75;141,59375;277,5625;41,71875;650,3125;212,59375;327,65625;334,9375;
-251,1875;-145,875;-243,9375;-93,96875;-193,21875;-145,28125;-225,625;-183,90625;-296,625;17,375;-222,40625;-158,84375;-280;-253,875;-168,53125;-231,25;-118,75;-296,9375;-363,625;-306,3125;-122,96875;-215,84375;-170,15625;6,65625;-107,34375;-196,1875;-271,40625;-75,59375;-287,78125;-242,125;-275,375;-157,09375;-338,53125;-455,3125;-339,125;-73,53125;-184,78125;-107,625;-128,3125;-167,46875;-298,28125;-105,59375;-38,625;-172,71875;-111,53125;-115,9375;-232,0625;-298,28125;-202,375;-401,28125;-88,09375;-25,625;-290,6875;-168;-283,125;-135,21875;-35,25;-51,21875;-199,3125;-241,75;-214,03125;-248,59375;-150,25;-314,6875;-101,84375;37,15625;-189,34375;-233,1875;-59,03125;-211,8125;-117,96875;-195,78125;-241,5625;-143,4375;-326,625;-57,53125;-246,40625;-146,90625;-51,625;-72,96875;-152,78125;-236,71875;-298,8125;-186,34375;-295,375;-205,71875;-225,78125;-68,3125;-215,96875;-517,375;-213;-184,6875;-16,5;-120,59375;-88,8125;-199,90625;-112,625;-40,9375;-33,78125;-51,15625;-328,6875;58,25;5,375;-98,25;-321,34375;-70,0625;-43,03125;-168,375;-172,125;-141,84375;-257,3125;-283,625;-93,1875;-37,25;-34,0625;-123,71875;-147,15625;-472,875;-115,25;-229,1875;-163,0625;-198,375;-325,03125;-224,0625;-309,8125;-141,40625;-63,0625;-21,5;-126,15625;-155,09375;-150,8125;-197,1875;-161,28125;85,46875;-151,96875;-30,0625;-175,03125;-78,8125;-192,90625;-284,84375;-382,96875;-135,625;-151,9375;-391,4375;-285,25;-308,25;-76,15625;-89,65625;-174;-240,03125;-229,84375;-215,6875;-125,03125;-314,75;-213,40625;-234,65625;22,8125;-237,75;-377,25;-202,4375;-130,375;-118,0625;-117,09375;-52,84375;-133,0625;-178,28125;-126,8125;-260,3125;-217,15625;-215,6875;-146,78125;-299,1875;-238,375;-289,09375;-241,5;-104,21875;-250,59375;-300,59375;-87,15625;-0,34375;-164,21875;41,71875;-139,25;-208,03125;6,84375;-12,71875;-106,21875;-20,9375;-29,59375;-71,09375;-299,78125;-126,4375;-147;-244,1875;-190,21875;-64,84375;-149,125;-187,40625;-282,78125;-203,5625;-137,34375;20,53125;-45,125;-174,3125;-207,125;-265,21875;-236,625;-219,59375;-181,09375;-238;-332,625;-190,8125;-108,84375;-224,9375;-79,125;-197,75;-88,84375;-160,6875;-182,53125;-229,25;-151,71875;-269,15625;-70,46875;-194,34375;-249,53125;-47,1875;-174,125;-225,59375;-285;-248,5;-59,1875;-244,0625;-201,9375;-432,9375;-175,15625;-167,34375;-65,03125;-160,3125;-55,21875;-250,96875;-230,03125;-347,5625;-105,71875;-191,53125;42,34375;-157,4375;-19,03125;-99,1875;-333,78125;-75,5625;-54,78125;-300,28125;-230,9375;-200,78125;-176,75;-121,375;-216,0625;-262,875;-124,5;-100,53125;27,96875;-168,65625;-236,75;-153,3125;3,15625;-131,34375;-225,65625;-78,53125;-66,65625;-236,46875;-282,875;-66,15625;-195,28125;54,84375;-257,03125;-283,71875;-96;-61,09375;-150,84375;101,03125;-153,0625;-241,90625;-3,71875;-150,15625;-255,625;-132,15625;-117,90625;-72,75;-126,5;-98,09375;144,34375;197,96875;-69,03125;50,46875;54,96875;205,0625;144,40625;165,0625;-16,28125;-23,4375;-339,46875;122,46875;-49,34375;-14,5;142,84375;-2248,25;357,90625;-113,0625;-139,4375;128,75;-165,46875;151,28125;-107,46875;11,96875;-162,40625;3128,96875;-134,53125;32,25;-993,3125;-250,21875;
-1216,9375;246;72;-24,78125;-3,9375;133,625;-201,40625;-67,4375;141;-216,34375;175,0625;247,84375;-22,59375;97,59375;186,21875;37,375;180,375;53,09375;252,40625;-3,78125;90,8125;-0,15625;13,09375;132,28125;10,25;63,0625;174,90625;-3,0625;-73;70,90625;66,875;186,28125;122,34375;9,15625;136,65625;17,8125;189,53125;101,25;-234,875;-134,65625;177,5;160,59375;233,125;380,78125;55,5;229,375;-48,3125;145,71875;177,84375;286,4375;248,59375;-88,625;60,34375;-17,125;163,34375;-8,1875;-35,625;206,03125;26,21875;-16,125;92,1875;-104,46875;-71,3125;119,53125;98,28125;145;155,5625;200,84375;83,625;-37,90625;37,09375;76,21875;35,375;72,96875;79,375;202,09375;-24,0625;158,90625;-4,875;265,0625;278,71875;-156,65625;12,40625;7,59375;100,28125;42,9375;269,96875;206,375;73,375;173,6875;85,5625;82,65625;56,96875;51,5;315,75;242,84375;264,65625;252,375;337,8125;193,15625;-8,84375;201,9375;12,375;274,46875;193,65625;259,09375;105,6875;119,84375;131,3125;72,4375;218,25;235,5;99,46875;-37,65625;194,71875;162,5625;-78,46875;-4,21875;44;94;25,5;24,21875;327,21875;-34,875;-72,65625;211,34375;258,4375;-64;113,03125;69,9375;250,9375;137,0625;104,65625;35,375;13,03125;-8,21875;-20,78125;126,71875;236,9375;125,71875;101,21875;60,28125;227,03125;-104,78125;102,84375;161,84375;54,25;72,21875;199,03125;84,4375;76,8125;337,5;134,90625;41,40625;-66,53125;123,46875;62,09375;99,96875;33;-58,28125;129,71875;40,84375;-74,09375;104,34375;124,5;238,40625;124,53125;128,21875;249,375;6,28125;-1,21875;120,625;72,40625;245,34375;77,03125;96,3125;134,78125;276,59375;333,375;92,0625;-55,25;-13,03125;259,40625;316,875;91,0625;172,84375;83,28125;128,6875;89,28125;365,03125;28;98,28125;134,53125;-120,53125;41,4375;-99,5;-69,90625;-215,84375;9,625;42,28125;171,625;44,03125;74,65625;-35,40625;261,8125;232,40625;5,90625;-75,46875;60,125;18,53125;141,5;199,03125;75,40625;215,375;150,5625;-88,84375;83,40625;-156,6875;30,5625;213,78125;43,09375;158,40625;207,59375;-25,28125;233,5625;-29,8125;88,59375;-80,65625;5,96875;-82,15625;135,46875;50;208,09375;-37,125;157,25;-10,5625;116,1875;18,25;66,71875;-7,28125;166,46875;-859,65625;194,90625;42,90625;24,1875;156,34375;126,375;252,75;8,53125;88,34375;33,28125;11,34375;89,1875;67,21875;86,4375;312,3125;89,21875;138,125;111,09375;95,84375;308,8125;-7,8125;48,09375;214,8125;104,21875;175,1875;-41,96875;142,71875;75,4375;18,9375;90,09375;129,75;173,3125;-47,46875;197;121,34375;77,84375;251,25;278,21875;208,09375;136,59375;192,1875;214,40625;297,9375;251,21875;222,5;12,25;284,96875;139,34375;86,96875;293,53125;294,65625;481,5625;385,90625;211,46875;378,65625;257,625;391,40625;176,46875;274,65625;220,1875;197,1875;337,46875;300,03125;675,4375;160,9375;20,78125;170,9375;694,1875;491,5625;285,21875;263,25;124,71875;293,875;338,5625;56,875;275,78125;104,21875;474,34375;104,71875;
-278,6875;-131,65625;-338,40625;-131,53125;-14,6875;-245,40625;-227,15625;-274,875;-196,5625;25,53125;-300;-178,71875;5,40625;-75,46875;-156,96875;5,84375;-299,625;173,5625;-207,1875;-166,625;-356,28125;-313,59375;-252,6875;-217,65625;-124,3125;-123,6875;-302,3125;31,28125;-220,875;15,84375;54,28125;-342,625;-33,96875;-234,59375;-207,65625;-132,21875;-136,40625;39,125;84,4375;-225,71875;-183,03125;-96,59375;-116,75;-98,28125;-228,21875;-101,46875;-119,84375;-93,6875;-184,59375;-166,21875;-134,0625;-97,75;26,875;12,53125;-109,8125;-71,65625;69,71875;-176;63,875;-243,96875;-69;-268,75;42,09375;-142,34375;-119,9375;-250,15625;-91,90625;9,34375;-244,21875;-44,40625;-132,59375;75,96875;-9,90625;-87,15625;-109,15625;-175,90625;-33,34375;-214,84375;-92,1875;-320,46875;-365,625;-94,5;-240,90625;-5,65625;-116,125;-115,28125;-106,875;-14,875;-336,1875;-205,09375;-179,84375;-114,78125;-87,78125;-40,71875;-155,21875;-154,28125;-191,375;-82,15625;-42,78125;123,96875;-193,09375;31,4375;-10,625;-216,21875;-187,3125;-215,4375;-229,6875;-233,65625;-106,03125;-201,9375;99,84375;-120,4375;122,34375;-16,96875;-64,5;54,03125;-295,53125;-178,40625;-165,28125;-78,75;68,25;-44,9375;-268,03125;-134,53125;-242,9375;3,03125;1,4375;-106,0625;-128,96875;30,3125;34,125;96,1875;56,9375;41,46875;-86,5625;-108,4375;-326,96875;-66,71875;-144,5625;-188,21875;-202,875;-300,59375;-419,71875;-186,3125;-391,625;-55,15625;-94,9375;-240,9375;39,0625;-243,65625;-127,96875;-70,875;-90,09375;-237,75;-157,03125;-24,96875;-303,0625;-184,5;-27,46875;-101,59375;-363,25;-90,28125;-248,0625;-85,59375;-307,78125;-234,28125;-134,125;-54,34375;-44,4375;-231,5625;-278,25;-178,34375;40,0625;81,71875;-135,8125;-75,3125;-178,25;-0,71875;-161,84375;-54,375;39,65625;-76,96875;-117,46875;-31,09375;88,59375;-78,53125;-59,03125;19,25;55,3125;23,09375;-62,21875;13,53125;-53,96875;-6,625;-243,46875;-116,125;100,90625;-1,5625;-2,59375;65,78125;16,15625;-51,875;125,25;-172,0625;-100,03125;-65,34375;-127,34375;-94,90625;2,375;19,5625;-96,09375;-324,40625;-200,59375;-111,1875;-319,03125;-304,5;-253,21875;9,84375;-245,9375;77,6875;-96,125;83,375;-301,625;-69,78125;18,96875;-156,625;-132,6875;-43,1875;-280,40625;-281,25;12,375;-50,5625;-302,3125;-101,34375;-208,75;-136,78125;-165,78125;-84,9375;-214,4375;-203;-111,9375;-96,46875;-53,90625;-281,84375;-104,96875;122,40625;36,46875;-152;-102,90625;-94,65625;-30,6875;-6,25;-216;-181,625;104,53125;-18,78125;-133,34375;-330,46875;-251,4375;-84,65625;-29,28125;-145;-25,09375;-83,84375;-21,0625;-254,40625;-198,125;19,53125;-175;-254,875;-352,96875;-69,25;-81,46875;-121,46875;-37,40625;-109,90625;-43,0625;-133;-82,40625;-329,65625;6,8125;-98,40625;-30,59375;-18,28125;49,125;-145,0625;64,96875;-6,125;87,8125;-15,65625;63,40625;-1,125;-23,25;58,125;-100,9375;4,59375;101,84375;123,125;-115,6875;254,3125;11,375;-198,15625;-41,8125;-61,46875;-317,34375;34,59375;147,8125;211,59375;-94,34375;229,15625;-43,15625;128,9375;83,25;-54,5625;-94;-28,53125;-87,25;-115,53125;-203,71875;0,78125;
-234,9375;-150,03125;-79,4375;-93,15625;-90,0625;-80,6875;-37,90625;146,625;40,96875;18,90625;-206,375;-99,625;-181,4375;-71,625;-65,78125;-37,84375;-169,34375;-10,34375;-224,40625;-180,65625;-48,09375;-128,03125;-263,21875;-229,15625;-39,9375;-66,71875;95,8125;-261,40625;95,40625;-334,84375;-230,25;34,5;94,25;-103,625;-263,40625;-152,28125;-91,09375;-126,125;-226,8125;-26,09375;-39,75;45,03125;-136,46875;-31,46875;-16,40625;51,34375;91,71875;-80,875;-160,6875;-13,4375;226,6875;-99,1875;-162,84375;-159,71875;-199,125;-91,96875;-122,5625;-52,3125;32,65625;64,46875;-238,03125;-140,59375;-190,3125;-35,75;-77,78125;-108,59375;185,28125;-27,90625;34,375;-194,5;19,5625;-125,4375;32,59375;-138,53125;-196,5;33,5625;-26,5625;-176,8125;-279,78125;-280,125;-34,125;-16,28125;-73,34375;63,1875;56,28125;-123,78125;-152,25;-205,0625;-97,8125;-68,75;-292,34375;-55,84375;-47,71875;-75,71875;-140,4375;42,59375;-12,90625;-17,375;-12,96875;37,40625;-107,96875;-168,28125;149;-11,90625;-451,46875;-37,1875;-74,15625;42,53125;35,25;-19,25;64,5;-203,15625;-176,46875;-111,6875;76,5;-80,75;-102,1875;-119;-87,53125;-242,6875;-183,375;-16,09375;-28,03125;-84,59375;-19,5625;-16,9375;-285,40625;-60,5;5,15625;-0,65625;32,8125;-187,5;-145,25;43,03125;-176,03125;43,90625;-45,9375;-184;-49,625;-77,75;-335,96875;132,03125;-195,4375;138,5625;46,1875;-211,65625;-30,71875;-81,8125;-126,1875;-34,90625;-9,15625;-15,78125;-194,34375;-27,59375;68,9375;-27,625;-237,1875;-116,5;-304,71875;-55,96875;3,0625;-72,625;-142,34375;-119,03125;-206,9375;-94,15625;-220,71875;-31,15625;-88,5;-224,53125;-142,625;-120,8125;-45,15625;86,59375;-100,59375;-188,78125;-32,5625;201,03125;-21;-38,78125;-85,03125;-142,5;51,65625;36,28125;28,125;-73,6875;-29,9375;39,40625;86,5625;54,15625;2,75;59,90625;27,46875;-192,03125;31,5;-150,4375;-197,84375;49,375;16,09375;-14,5;-148,75;-143,8125;-181,21875;133,03125;70,125;-201,40625;-305,34375;-161,5625;-283,3125;-136,4375;-149,0625;-84,625;-105,46875;-160,03125;-200,6875;-258,25;33;-86;-5,78125;-33,625;-102,28125;-57,84375;-53,90625;64,25;-24,71875;-340,28125;-243,875;147,78125;-76,59375;-108,8125;-196,0625;-289,6875;-206,96875;-71,4375;-62,96875;37,75;29,96875;-204,625;-200,90625;-222,8125;-125,65625;-198,96875;31,28125;-172,1875;-107,15625;-144,28125;-78,34375;-99,4375;79,875;-135,8125;-151,15625;-199,375;-73,8125;47,65625;65,875;-70,3125;97,3125;-72,53125;27,28125;-135,5625;-87,84375;-122,1875;-74,96875;205,0625;46,84375;-254,84375;-140,90625;-182,625;27,8125;-56,96875;-123,5625;23,53125;-40,625;13,40625;-253,96875;-77,4375;-213,5;-89,1875;-241,4375;-37,84375;-216;67,125;-87,15625;-56,625;-42,1875;-55,125;52;115,5625;61,9375;-44,15625;-62,96875;-83,6875;53,53125;-141;-40;-157,65625;121,78125;-87,28125;42,21875;1,71875;215,15625;6,71875;194,90625;376,125;67,875;144,15625;34,34375;192,25;255,8125;-136,3125;173,53125;68,5625;-43,375;346,8125;-190,40625;241;-127,1875;210,25;157,375;-81,1875;
1249,78125;-138,71875;179,21875;422,96875;-77,8125;-29,53125;-49,84375;17,8125;97,03125;-173,375;110,875;96,65625;109,03125;155,25;157,5625;-113,8125;-56,53125;-16,53125;61,03125;-48,96875;-215,21875;-113,25;-16,0625;-36,625;-108,90625;232,28125;119,3125;67,65625;194,4375;35,53125;-59,40625;-115,53125;-71,875;105,03125;-82,90625;-240,5625;-157,46875;-200,15625;-90,65625;49,875;52,125;20,6875;-180,90625;-114,0625;40,15625;-151,90625;-56,03125;55,5625;25,84375;-70,625;157,09375;172,9375;-160,8125;-15,1875;29,1875;1,03125;-20,46875;43,15625;-242,78125;-136,6875;-2,78125;221,53125;-151,59375;-268,34375;-102,3125;19,875;-87,90625;-261,5625;-106,3125;-63,4375;-81,21875;-46,03125;69;31,6875;110,75;38,1875;-28,65625;-27,84375;-54,75;-171,28125;-105,78125;-246;-271,6875;73;27,1875;-70,75;-100,6875;58,78125;-13,125;-86,875;-122,53125;-39,5625;106,09375;40,3125;58,125;-153,3125;13,96875;53,0625;-46,59375;5,125;-23,96875;8,15625;-113,46875;179,8125;31,34375;58,0625;103,375;334,375;-99,40625;234,5625;-164,65625;-114,9375;40,90625;-143,84375;139,90625;198,75;-99,03125;-128,875;-165,09375;-122,3125;-215,4375;82,8125;-146,625;74,40625;-7,15625;-35,09375;-14,65625;123,71875;62,46875;276,21875;110,4375;37,375;-95,75;6,84375;-66,15625;156,21875;38,78125;165,03125;115,4375;24,03125;-191,375;9,625;-219,84375;-10,375;-136,03125;81,03125;100,25;-136,6875;-13,21875;218,78125;-98,09375;17,21875;98,15625;-14,125;135,25;65,5625;-98,9375;-61,53125;123,03125;-39,0625;229,21875;-32,46875;35,59375;198,65625;-0,75;-92,65625;43,5625;103,21875;-75,90625;84,4375;31;110,84375;16,25;132,46875;-110,65625;-199,5;-79,21875;16,34375;98,09375;125,1875;-98,75;-86,03125;180,84375;266,25;250,9375;-25,15625;19,46875;191,25;87,0625;-114,59375;97,71875;-182,53125;103,15625;-48,90625;-91,40625;116,59375;19,4375;-170,03125;39,4375;126,625;-132,125;-102,5625;26,21875;-156,625;-102,5625;-16,09375;103,375;-74,90625;-170,125;-122,625;102,375;154,5625;132,125;-35,34375;-202,9375;67;-82,125;-3,375;81,125;18,9375;49,09375;68,5625;56,03125;68,59375;-1,59375;47,21875;65,09375;-60,28125;81,5625;79,3125;34,9375;-166,125;-168,8125;-8,09375;25,40625;-1331;51,84375;-103,28125;57,0625;10,5;-29;167,03125;-174,125;-38,25;14,28125;76,09375;-55,125;73,25;37,09375;-156,9375;188,28125;85,71875;59,28125;-138;-46,9375;-136,6875;-127,625;99,15625;42,75;17,1875;-159,1875;137,21875;-157,0625;142,4375;-42,96875;1,75;-145,1875;88,125;54,34375;69,25;6,75;64,5;41,78125;35,625;-80,21875;136,78125;-258,15625;67,53125;2,78125;-7,78125;140,65625;117,46875;128,875;56,8125;20,9375;47,65625;-100,84375;118,46875;203,28125;-176,78125;-125,375;-4,9375;-35,28125;-22,78125;143,34375;181,9375;178,21875;223,28125;199,84375;-78,53125;288,1875;189,75;15,5;111,34375;288,75;-69;-10,40625;220,1875;169,96875;256,875;242,15625;296,09375;373,59375;106,34375;-2159,03125;336,5625;-74,8125;-4,28125;-98,53125;283,21875;
-413,65625;-88,0625;-225,8125;-306,21875;-357,6875;57,4375;-306,78125;-216,59375;-131,125;-307,40625;-164,875;-239,6875;-81,375;-259,5;-363,84375;-73,1875;-65,125;-240,15625;-193,625;-173,53125;-154,46875;-264,25;-155,4375;-260,6875;-49,34375;-145,59375;-254,5625;-232,8125;-52,09375;-307,28125;-303,78125;-21,25;-55,71875;-152,78125;-93,6875;-130,5625;-171,375;-200,125;-201,6875;-253,5625;-164,5;-83,09375;37,875;-111,71875;-7,4375;-363;-232,65625;3,4375;-60,78125;-184,40625;-73,09375;-217,75;-366,6875;-220,25;-128,6875;1,25;-129;-120,09375;-40,09375;-182,21875;-161,25;3,46875;-204,96875;-227,53125;-247,40625;-7,6875;-314,625;-89,96875;-304,59375;114,1875;-191,28125;-100,90625;-17,8125;-190,875;-149,96875;28,1875;-169,6875;-322,0625;-125,71875;-139,78125;-46,78125;-225,3125;-102,46875;-74,125;-147,4375;-180,125;-200,1875;-62,46875;47,9375;107,03125;-269,125;-110,28125;-272,53125;-134,1875;-217,25;-232,1875;-103,28125;-224,59375;-282,3125;-130,375;-216,09375;0,375;15,75;-168,3125;-212,84375;-181,6875;-93;-227,34375;-131,40625;-32,40625;-127,9375;-171,5;-218,375;-467,21875;-169,625;-119,25;-112,3125;-281,59375;-319,6875;-234,84375;-101,9375;-171,59375;-272,15625;-114,625;-281,71875;-95,5;-100,21875;-14,40625;-88,84375;-237,65625;-48,34375;-31,21875;-81,625;20,5625;37,65625;-303;-138,65625;-4,96875;-96,875;-180,84375;-166,1875;-196,6875;-152,65625;-245,21875;-54,25;-93,4375;-27,5625;-265,46875;-72,96875;-108,125;-8,53125;-44,125;-146,46875;-158,0625;-192,6875;-282,59375;-238,8125;-146,6875;-148,75;-270,9375;52,1875;-46,9375;-237,34375;-153,5;-240,53125;-125,1875;-234,96875;-28,46875;-58,8125;1,3125;-194,3125;-121,21875;-170,15625;-6,40625;-133,71875;27,53125;15,40625;-119,5625;-205,375;-229,15625;-118,34375;-112,40625;-138;-218,46875;-216,875;-0,09375;203,625;57,84375;-40,09375;-27,625;113,375;-248,59375;-112,75;-117,40625;-174,5;-147,6875;-277,03125;-283,125;-165,125;-162,15625;-390,28125;-328,625;-209,25;-257,59375;-135,53125;-42,46875;-148,6875;-170,28125;-203,53125;-58,375;-243,46875;-103,875;-239,65625;-286,9375;-326,6875;-48,90625;-98,75;-140,125;-368,5625;-256,25;-164,6875;-222,46875;-244,3125;-227,28125;3,5;-202,625;-119,40625;-358,34375;-135,6875;-122,375;-229,15625;-85,8125;-187;-154,3125;99;-62,375;-209,6875;-136,65625;-78,15625;-248,4375;67,59375;-453,15625;-127,59375;-75,40625;-214,6875;187,6875;-16,0625;-270,625;-381,46875;-236,15625;-280,96875;-225,28125;-320,8125;-70,75;-98,40625;-229,15625;-79,34375;-85,34375;-130,78125;-53,21875;-50,34375;53,53125;-173,625;-11,21875;10,6875;-61,21875;-68,65625;-82,84375;-14,4375;-292,21875;-85,0625;-21,71875;-124,15625;61,03125;32,65625;72,75;-55,6875;-47,90625;23,59375;-95,8125;-77,5625;-79,09375;-233,6875;-46,78125;3,75;-212,59375;-145,03125;57;-17,59375;-163;226,75;27,71875;-125,40625;-43,8125;-210,875;-146,5;43;130,5;40,90625;-321,03125;173,96875;249,5625;143,21875;-101,9375;-85,1875;173,1875;18,5625;34,65625;-184,65625;-24,09375;44,21875;-145,75;289,9375;42,09375;-277,46875;-7,8125;168,46875;138,5625;21,625;86,71875;
34,875;61,53125;-126,9375;200,125;-141,46875;-89;49,6875;-8,9375;63,25;-154,40625;-43,96875;-10,1875;52,875;61,8125;-138,28125;-21,59375;12,96875;-93,96875;-91,0625;-82,625;6,65625;21,125;-28,09375;20;-1;-6,25;51,0625;-23,90625;-89,0625;63,90625;74,46875;-89,03125;-136,75;-49,75;32,84375;62,875;-35,375;-35,9375;-126,71875;1;-67,21875;-85,3125;100,375;-236,0625;-24,46875;57,28125;28,75;-15,09375;-113,15625;-45,15625;-4,71875;49,78125;-7,4375;-230,46875;-25,09375;98,15625;-169,375;-55,71875;-58,34375;-227,28125;-2,28125;-43,59375;-8,78125;156,21875;-106,5;9,8125;140,96875;7,46875;-60,28125;156,125;-84;-81,28125;-75,375;-2;89,1875;7;105,71875;-1,75;17,1875;165;-125,28125;88,125;25,5625;8,25;137,5625;-15,15625;62,875;-2,875;-134,3125;-124,90625;-65,65625;-208,09375;70,53125;27,71875;45,125;61,09375;-27,0625;-18,15625;29,4375;-20,4375;-51,40625;-9,46875;27,6875;86,1875;-14,65625;-296,25;0,21875;-15,5;-60,875;-80,375;122,8125;-45,59375;72,8125;-125,625;134,25;38,5625;-59,8125;-12,4375;-94,375;-181,6875;80;-125,5625;7,03125;10,3125;-33,28125;241,9375;-147,65625;51,75;84,40625;8,96875;-108,875;54,65625;65,78125;129,09375;135,59375;168,0625;141,875;38,15625;-54,09375;-87,59375;-64,75;10,75;-103,46875;201,71875;-66,9375;-81,84375;10,3125;214,40625;103,25;-5,75;79,46875;128,09375;275,625;123,65625;175,9375;-85,78125;-100,53125;-0,8125;-46,75;28,9375;-77,28125;86,71875;-139,25;47,46875;-94,0625;-41,125;291,625;2,125;-109,03125;-32,3125;-155;-93,84375;-81,40625;100,03125;172,5625;56,46875;-168,125;106,4375;184,78125;27,125;8,90625;120,34375;-57,84375;14,40625;-11,53125;90,1875;175,28125;-8;131,75;143,03125;107,03125;39,75;-143,25;13,59375;130,21875;40,65625;-95,3125;-23,5;-369,09375;-133,8125;-9,90625;38,03125;-99,625;-55,03125;-90,375;-49,0625;128,28125;44,21875;-123,59375;-40,78125;-226,28125;-141,65625;-23,71875;89,40625;55,03125;-35,0625;-18,6875;72,3125;59,375;-25,90625;-80,59375;126,375;11,40625;-216,8125;23,8125;-124,375;-112,3125;53,65625;65,0625;-37,75;126,96875;-114,21875;52,3125;-192,25;99,125;-105,125;-182,4375;91,53125;-50,5;5,125;-69,375;-62,5625;-37;66,75;22,59375;69,4375;216,75;209,78125;91,40625;29,3125;-22,53125;-80,96875;-5,125;-43,0625;-127,96875;-107,9375;96,8125;-30,1875;162,5;13,75;118,40625;56,8125;-21,0625;54,96875;111,375;62,59375;89,3125;-14,4375;-70,8125;52,78125;251,3125;258,1875;7,46875;170,90625;184,1875;-66,84375;49,03125;102,15625;114,125;39,5625;118,5;136,96875;160,875;153,21875;109,5;95,59375;-4,71875;-0,875;235,375;265,90625;100,375;80,4375;-36,9375;167,5625;81,3125;308,5;328,40625;121,25;246,71875;186,1875;241,75;84,28125;196,4375;178,78125;232,90625;145,875;308,9375;205,75;100,0625;560,875;171,8125;232,25;444,59375;17,8125;270,6875;242,8125;227,84375;-611,90625;182,75;443,875;
-314,5625;-625,0625;163,28125;13,0625;122,3125;50,4375;-30,96875;63,59375;-55,125;21,875;-152,15625;116,53125;-15,59375;196,09375;-100,1875;-44,40625;-73,0625;91,75;-51,375;48,03125;-108,3125;119,40625;107,34375;-60,71875;4,96875;54,46875;-157,90625;-125,84375;30,75;-77,6875;21,75;25,0625;161,625;-203,5625;1,46875;-202,28125;51,5625;-39,8125;-44,375;23,65625;-65,5625;-1,375;166,875;76,03125;-159,09375;-14,09375;75,9375;-40,65625;-105,375;-73,34375;110;121,6875;-42,4375;40,5;-59,96875;-142,46875;125,84375;-126,34375;-195,65625;-49,1875;-32,0625;202,9375;-103,15625;-153,5;55,96875;222,65625;156,34375;148,59375;23,8125;65,15625;-52,53125;32,84375;-1,8125;178,25;-80,53125;-107,4375;-15,53125;-85,125;-59,71875;-61,65625;172,71875;133,0625;-92,5625;138,15625;195,375;-29,09375;-0,5;30,46875;-69,65625;-108,1875;163,71875;223,5;-98,875;-53,28125;117,15625;73,71875;-5,28125;-178,3125;-21,21875;163,03125;-43,1875;-205,03125;101,4375;-92,21875;-14,53125;-94,15625;-277,8125;5,3125;-119,28125;-108,625;-50,40625;10,28125;29,6875;-41,28125;117,625;151,90625;-57,1875;14,53125;105,8125;-129,53125;-91,625;-11,34375;182,75;-167,6875;24,5;-35,46875;16,71875;8,84375;20,15625;58,46875;242;-62,28125;-18;125,4375;-37,21875;0,3125;116,03125;-26,8125;-122,75;-207,8125;-160,46875;-155,0625;-40,59375;-200,59375;144,03125;179,625;273,25;31,71875;76,78125;-193,3125;61,84375;113,125;69,75;87,78125;19,28125;-16,6875;-81,96875;27,34375;-97,46875;-98,28125;90,03125;-5,8125;73,84375;4,625;-72,90625;-50,78125;32,96875;82,625;-2,15625;123,875;189,9375;181,1875;184;-46,6875;91,53125;-152,1875;202,3125;-38;100,96875;39,375;128,71875;175,9375;221,5625;243,90625;122,09375;-16,15625;60,21875;236,65625;327,71875;-46,03125;100,59375;162,5625;30,25;-33,96875;-125,0625;-136,1875;-173,6875;-30,15625;-37,625;26,15625;64,34375;-0,4375;-44,0625;-14,78125;-40,8125;-185,1875;134,78125;127,875;1;4,59375;-43,5625;-112,59375;-167,4375;-44,28125;-79,75;-85,625;-196,34375;17,78125;139;30,8125;-168,84375;40,59375;-129,78125;-35,53125;112,1875;-6,71875;-33,78125;-3,71875;5,40625;-94;-22,65625;-88,59375;74,71875;-221,375;14,65625;-16,0625;4,5625;34,78125;79,1875;3,78125;-31;-12;-79,71875;236,5;-168,28125;56,46875;81,84375;200,1875;11,15625;49,53125;197,15625;120,15625;60,5;-52,0625;-172,71875;-33,5625;62,15625;175,03125;119,0625;84,8125;-47,28125;34,625;31,6875;-210,3125;33,375;44,71875;68,75;-34;24,09375;211,5;0,96875;108,9375;50,8125;-93,125;72,1875;226,15625;195,875;87,0625;-15,375;-6,6875;131,90625;140,4375;106,5;66,875;-17,625;119,65625;239,03125;258,09375;238,5;179,8125;339,625;266,03125;382,96875;32,9375;107,09375;70,21875;262,65625;279,34375;-1,4375;196,4375;124,09375;222,4375;193,46875;179,71875;117,875;22,75;236,375;84,78125;18,8125;-78,8125;51,25;174,375;-624,1875;143,625;346,21875;58,53125;71,6875;135,15625;274,5;-1728,09375;
-86,875;-107,84375;-264,15625;-209,65625;-6,34375;-1235,46875;-112,1875;-143;-128,53125;-354,09375;-129,5;-165,625;-206,125;-273;-305,34375;-257,5625;-31,71875;-212,875;-119,15625;-107,4375;-248,9375;-103,15625;-83,625;-5,53125;-129,25;-251,34375;56,71875;-107,9375;-388,53125;-395,59375;-112,34375;70,96875;-219,84375;-302,65625;-119,21875;-256,3125;-176,65625;75,59375;-286,6875;0,375;-135;-136,78125;-207,3125;-59,90625;-45,1875;-83,625;-138;-42,03125;-117,25;-205,5;-213,40625;-366,6875;-5,09375;-128,65625;-239,90625;-155,34375;-174,8125;-319,84375;-338,78125;-301,65625;-307,40625;-145,96875;-156,375;-73,5625;-175,875;95,84375;5,0625;-162,0625;-222,0625;-189,78125;-153,625;-80;-187,5625;-222,875;-198,34375;-131,84375;-114,15625;-136,25;-165,28125;-235,21875;-333,78125;-190,15625;-232,75;-178,5;33,84375;-130,28125;-139,3125;-60,4375;-346,15625;80,59375;-233,21875;-108,1875;-128,5;-103,53125;190,0625;-34,65625;-103,375;-22,625;-146;-205,46875;-231,1875;-181,46875;-96,84375;-80,90625;-271,125;-272,46875;-129,125;-174,5;5,09375;-153,125;-81,5625;-71,375;-26,625;-33,75;-273,375;-214,65625;-98,3125;-125,90625;-144,28125;-288,9375;-31,0625;-124,5;-236,96875;-186,1875;-288,5;-174,21875;-129,21875;-307,21875;90,0625;-112,1875;-23,09375;-66,3125;77,625;-251,03125;-140,53125;65,78125;-285,6875;-223,90625;-305,40625;-46,8125;-104,59375;-76,8125;-111,09375;-154,84375;-204,5;-53,15625;20,46875;-227,9375;-58,625;-163,75;-222,5;-45,25;-69,125;-214,90625;-97,15625;-97,0625;11,21875;-30,625;-239,5625;-23,75;-188,5625;-155,34375;-237,40625;-255,8125;-68,03125;-142;28,71875;23,0625;-125,4375;-275,09375;-106,90625;-65,90625;92,3125;7,25;-93,90625;239,53125;83,03125;-167,6875;-123,78125;-139,65625;-159,46875;-138,125;-54,28125;75,53125;-155,21875;132,875;-142,53125;-80,75;80,78125;-35,3125;38,375;-105,71875;-248;-353,4375;-118,90625;-138,75;-137,1875;-176,53125;-60,34375;-141,25;-240,25;-122,1875;9,6875;-61,46875;-172,84375;14,5;-199,09375;-22,65625;-295,4375;-192,6875;-278,96875;-69,15625;-103,96875;-272,40625;-62,8125;-311,84375;-204,59375;-270;-60,90625;5,875;-43;-8;-18,5;-273,28125;-125,1875;-104,625;-163,15625;-38,6875;-83,53125;-158,9375;-173,6875;-324,4375;-185,875;-200,53125;-295,21875;-232,3125;-44,65625;-104,875;0,9375;1,84375;-69,21875;-201,71875;-139,125;-101,0625;-71,375;-135,65625;-124,3125;-62,8125;-210,375;-77,5625;-78,5;-124,34375;-35,71875;-123,78125;-142,46875;-151,625;-114,59375;-145,65625;-77,59375;126,25;-246,46875;-55,4375;39,25;-159,9375;-93,28125;73,125;35,5;-85,09375;-45,1875;-48,46875;78,40625;-129,53125;-20,9375;-211,8125;-359,4375;-84,28125;-339,3125;-95,75;-156,5;5,21875;-56,4375;-68,8125;-37;-118,84375;-106,9375;145,5625;-40,90625;-109,875;-34,125;191,4375;92,5625;13,15625;22,03125;12,71875;-157,8125;21,375;-65,0625;-179,0625;-74,90625;-36,09375;45,4375;105,6875;-63;-27,125;8,09375;128,1875;48,46875;36,78125;-22,3125;-57,875;41,6875;-71,125;98,28125;-59,3125;-66,40625;-122,125;-110,9375;-23,59375;-410,78125;572,5;
-126,71875;-123,96875;174,5;92,59375;-122,875;-54,4375;28,53125;503,65625;-41,0625;-83,875;6,90625;-5,46875;-42,5625;99,53125;-58;-23,375;-269,15625;-57,15625;-20,8125;89,9375;-19,75;18,59375;31,3125;-0,28125;22,375;58,46875;178,65625;60,125;114,9375;-158,4375;46,59375;55,5;173,90625;-57,625;-49,34375;114,65625;10,375;-51,34375;89,15625;-9,4375;-7,5;-135,8125;-79,34375;87,09375;21,03125;-175,28125;-26,6875;96,53125;-158,4375;74,5625;-155,90625;-50,6875;-100,34375;-75,78125;-12,71875;-61,34375;-58,59375;139,53125;18,46875;70,78125;-46,09375;24,875;39,875;-64,75;46,6875;-5,65625;-155,84375;106,34375;132,59375;155,125;-1,09375;-25,21875;160,75;65,78125;-51,875;73,40625;-68,0625;-60,375;137,21875;-147,71875;116,875;-94,8125;-22,28125;256,46875;182,78125;-190,34375;183,84375;61,59375;21,875;127,65625;11,03125;137;-22,09375;-36,78125;305,5;167,9375;-9,3125;-6,96875;108,71875;41,4375;-171,375;215,125;206,90625;-8,84375;14,34375;-64,34375;-113,71875;30,71875;204,03125;146,1875;66,1875;169,125;-107,21875;257,6875;24,6875;146,75;-82,125;-160,21875;-62,5;53,46875;70,71875;-216,6875;180,21875;78,25;-71,75;51,03125;50,28125;-93,40625;101,90625;-172,5625;-115,75;164,8125;15,90625;255,34375;10,09375;89,90625;-4,375;-71,28125;-31,875;-158,78125;-162,5;-63,46875;76,28125;-6,4375;-110,875;-81,25;63,875;37,0625;33,125;305,53125;113,75;38,5;185,625;200,65625;181,9375;203,125;-13,40625;-124,0625;-39,40625;-115,96875;-167,0625;149,09375;-147,5;153,5625;-154,09375;44,875;-66,0625;-4,4375;191,375;-110;17,875;14,53125;66,71875;215,875;68,5625;-71,03125;222,71875;-9,875;-26,6875;322,59375;10,59375;109,90625;39,46875;181,25;221,21875;204,125;151,59375;196,34375;194,03125;346,15625;-40,71875;239,71875;14,9375;185,1875;-75,6875;-80,8125;-72,40625;5,84375;28,4375;155,6875;245,625;-11;-10,53125;84,21875;111,71875;46;111,3125;-116,25;46,53125;202,25;169,25;53,78125;123,75;-123,6875;75,28125;29,3125;35,78125;239,875;132,1875;-157,09375;-47,875;-17,21875;188,09375;23,3125;0,6875;74,5625;-45,84375;148,375;94,09375;130,40625;169;142,4375;142,9375;69,5625;182,03125;46,15625;-28,1875;78,3125;194,59375;119,59375;48,9375;-18,65625;45,4375;67,96875;-49,625;173,1875;84,78125;213,59375;142,75;139,53125;64,625;-4,4375;149,625;28,53125;109,84375;38,65625;250,6875;304,125;60,59375;73,78125;-74,8125;120,0625;250,84375;117,59375;88,96875;-67,65625;127,4375;165,28125;61;139;183,375;169,09375;237,3125;27,34375;-59,125;175,125;271,0625;195,625;201,21875;153,96875;-169;142,5;21,15625;249,40625;144,84375;463,3125;139,1875;186,21875;243,90625;151,96875;171,90625;239,9375;74,59375;266,875;182,21875;135,5625;30,21875;225,09375;34,15625;189,65625;-52,5625;184,78125;129,8125;202,65625;370,96875;-19,9375;40,875;257,5625;365,09375;203,3125;56,71875;23,65625;-56,5;158,625;156,8125;253,75;208,21875;164,96875;392,5625;-1613,0625;
-129,25;-1,0625;103;-80,71875;-12,75;-157,53125;-158,5;-50,03125;-206,21875;-305,1875;99,21875;70,21875;160,875;188,53125;-77,84375;-173,875;-103,4375;36;-3,40625;-59,15625;158;-104,71875;76,6875;-194,25;75,90625;188,875;86,84375;-87,0625;37,4375;-213,96875;-19,875;102,9375;-198,71875;-29,84375;-166,46875;-26,875;-181,90625;-50,4375;159,3125;-113,03125;6,34375;106,3125;98,625;18,84375;17,84375;200,65625;-84,6875;-58,53125;110,5;-137,0625;-159,90625;-93,71875;38,125;-166,9375;-171,5625;-101,5625;-112,6875;-11,78125;-154,78125;-41,96875;-138,40625;-310,0625;-105,3125;-113,28125;-36,625;-88,125;38,09375;88,5;-57,28125;-35,625;-11,75;-61,3125;27,1875;-127,34375;136,1875;61,21875;-67,96875;-200,59375;-80,5625;-139,0625;198,8125;47,40625;-188,90625;36,46875;103,4375;100,59375;-6,65625;-162,25;-104,65625;-135,78125;-121,25;-27,65625;-97,96875;76,5;72,6875;-79,28125;-15,34375;-173,4375;-180,96875;-28,46875;-26,15625;59,375;-170,375;131,375;-174,25;42,125;-37,28125;19;223,78125;93,5625;-190,875;-39,4375;141,28125;-42,40625;61,6875;64,90625;-72;-176,875;10,28125;12,28125;-96,90625;28,96875;-42,78125;-153,0625;-210,71875;-152,59375;93,46875;-172,8125;-29,21875;-12,09375;19,9375;207,5;141,4375;39;124,0625;-102,0625;4,0625;-257,25;-128;-113,84375;-292,3125;-256,34375;-118,8125;-69,40625;101,34375;-73,21875;-9,5625;-6,40625;24,9375;9,875;120,15625;26,59375;-139,59375;-5,125;-86,90625;-1,46875;-91,875;-65,15625;-132,59375;-14,09375;-289,84375;-141,34375;-54,71875;-79,46875;112,09375;-117,71875;7;-169,3125;15,6875;-147,3125;-11,1875;-34,375;-49,125;-104,4375;-225,625;85,53125;83,1875;-39,25;162,78125;98,71875;-8,9375;-25;-141,75;105,8125;205,375;150,6875;53,84375;139,59375;356,09375;107,53125;-57,9375;3,71875;128,59375;-96,59375;4;-102,46875;-74,6875;12,75;138,8125;33,25;70;-77,5625;-230,125;17,46875;-107,8125;-106,34375;-1,71875;-139,40625;-82,28125;-25,96875;36,6875;22,125;85,25;-91,75;41,21875;-159,875;26,5;74,9375;-116,53125;72,625;-92,6875;-73,125;21,34375;-68,90625;-25,875;4,25;-168,09375;-134,375;-41,40625;-71,90625;31,3125;138,71875;-211,9375;-53,6875;-17,4375;-120,53125;-64,40625;-293,5;52,0625;50,5625;7,46875;168,5625;-125,1875;76,21875;-105,5625;-40,8125;-4,5;91,625;-29,59375;60,53125;-152,46875;4,4375;14,03125;115,6875;185,9375;-41,4375;108,59375;89,9375;-111,15625;123,5625;42,21875;171,375;150,53125;46,625;-20,5625;-124,5625;-114,28125;-26,4375;-33,90625;76,84375;-49,25;312,3125;-57,71875;125,6875;-132,21875;-107,46875;-173,53125;105,5;161,375;157,28125;73,5;350,28125;171,65625;124,28125;115,4375;71,03125;156,8125;11,9375;298,5625;-15,125;-2,1875;10,625;57,6875;120,5;46;131,6875;-52,5625;103,65625;0,46875;146,53125;-2,3125;166,5;321,46875;292,6875;-0,90625;76,78125;-54,78125;317,8125;-2091,15625;360,84375;72,59375;44,59375;177,96875;150,78125;219;-424,0625;56,46875;149,15625;-39,875;88,34375;
-62,15625;44,625;-177,46875;-145,5625;58;-58,75;112,34375;-231,4375;-127,125;-18,3125;-207,0625;38,03125;-292,78125;-33,40625;-79,71875;-130,34375;-193,75;53,59375;-12,59375;15,75;16,21875;-171,4375;-154,28125;-85,75;-288,53125;-155,125;-10,40625;-132,0625;-169,78125;-294,5625;109,59375;-43,75;-276,71875;-140,78125;-162,65625;-154,5625;-49,75;-67,59375;-86,5625;25,65625;-242,3125;-25,46875;-176,6875;-155,78125;-135,90625;-25,25;18,875;-36,4375;-297,875;-12,875;-28,90625;96,84375;142,40625;-66,21875;-296,09375;-131,3125;-19,53125;-120;57,375;-132,78125;-48,25;67,3125;-184,5;67,375;-197,84375;35,375;-331,46875;-149,9375;8,78125;-56,0625;-134,65625;-28,5625;143;-180,53125;23,34375;-96,65625;55;-229,9375;-10,03125;-63,25;-156,78125;-150,9375;8,4375;-172,875;-239,71875;-50,4375;-165;-48,03125;-105,4375;-179,90625;11,03125;162,4375;-246,15625;78,625;89,8125;58,90625;99,28125;-107,625;-58,09375;33,0625;48,96875;-149,375;-114,78125;-83,53125;1,09375;73,0625;-8,21875;29,65625;200,84375;23,28125;58,75;-196,8125;-95,875;-69,1875;-69,75;-143,34375;-107,625;-198,15625;-15,4375;-199,90625;-135,90625;-164,21875;-217,71875;-150,03125;-116;-75,78125;-103,625;-41,28125;116,3125;63,6875;-14,46875;4,84375;-225,5625;-57,71875;-77,375;-29,9375;-44,0625;-27,46875;-108,90625;-170,65625;36,5;-160;-52,65625;-163,59375;-136,03125;5,03125;-93,96875;-18,5;4,78125;-27,625;100,21875;-262,78125;-113,53125;-171,46875;131,8125;129,46875;-156,09375;-317,09375;-166,5625;-65,25;-218,59375;-57,71875;14,8125;108,0625;-145,0625;-62,03125;-42,0625;-8,15625;-97,96875;-109,65625;-109,15625;-12,53125;61,8125;-138,8125;21;-120,84375;-237,75;-263,9375;21,5625;50,84375;165,4375;-42,03125;-82,46875;-122,34375;-8,8125;110,28125;113,15625;89,875;-9,90625;-12,34375;149,3125;144,875;-81,9375;130,375;3,84375;-145,5;-302,84375;-355,28125;25,9375;39,25;-254,6875;-70,625;-41,4375;-134,875;-11,40625;-232,125;24,875;-187,3125;-2,40625;-303,0625;-177,34375;-209,875;99,6875;-16,15625;-107,6875;100,8125;-149,96875;-281,0625;-72,8125;-196,34375;-162,65625;-190,8125;-236,5;-276,15625;7,09375;-32,5625;-35,3125;-70,25;-230,34375;67,15625;108,625;-99,59375;-250,875;-261,96875;-189,625;-117,59375;-212,75;-119,375;3,3125;67,40625;-21,53125;-234,28125;47,4375;-23,875;18,65625;-29,28125;-87,59375;-15,28125;-114,09375;-32,59375;-276,40625;38,3125;100,28125;-80,28125;-178,78125;-153,1875;-35,84375;121,40625;-181,125;120,21875;4,65625;-93,1875;-92,03125;80,65625;-9,65625;93,78125;256,28125;-129,90625;154,5625;19,84375;68,65625;135,53125;1,15625;47,90625;-123,78125;-27,28125;-27,28125;142,53125;-61,40625;98,84375;56,125;-53,21875;-225;132,71875;70,3125;-96,375;52,125;-11,21875;-13,75;-197,71875;126,15625;-89,21875;29,5625;9,0625;1,625;203,3125;-80,59375;128,6875;109,28125;78,5625;-78,75;-41,4375;92,65625;44,1875;123,25;-25,6875;-117,3125;156,9375;264,5;75,6875;72,90625;0,6875;-56,96875;-128,4375;76,625;-128,71875;11,375;135,0625;-11,375;33,96875;
-28,59375;15,65625;89,9375;134,53125;52,46875;-190,4375;135,9375;-216,4375;11,3125;69,8125;35,6875;81,84375;-50,28125;41,34375;-132,8125;57,65625;41,625;-36,125;-167,75;-73,25;-102,40625;-197,90625;1062,65625;38,53125;3,15625;133,375;-104,46875;-159,65625;-81,90625;-160,46875;-168,8125;-43,96875;17,75;-184,25;-145,65625;40,5;32,375;33,65625;-87,09375;-42,3125;-20,6875;-296,875;-106,5625;19,53125;118,4375;13,59375;-52,65625;-78,875;-119,90625;-2,15625;46,0625;16,46875;44,3125;-137,25;-183,96875;-121,40625;-89,34375;-70,4375;-192,90625;-119,25;35,03125;-6,90625;1;29,5625;-61,09375;-289;-76,1875;84,375;8,125;-39,96875;-190,25;-5,71875;-11,0625;116,9375;-58,84375;32,84375;-66,5;-1,96875;97,5;-13,34375;151,5;46,46875;-157,5625;-190,71875;-51,90625;26,5;38,125;-49,6875;-164,09375;-185,21875;-117,5;10,6875;-93,90625;75,09375;-11,5;-27,4375;-243,09375;15,84375;58,34375;132,34375;-156,3125;-129,375;-26,46875;-253,125;-270,25;2,40625;-103,25;-237,75;-121,28125;-200,96875;-59,625;29,84375;12,25;-4,28125;-110,40625;-79,65625;69,21875;-114,75;127,75;-100,84375;69,875;-99,75;98,53125;-95,375;-33,5625;-133,1875;44,125;18,15625;-136,53125;-57,34375;-1;-52,84375;3,75;-36,9375;-25,21875;-146,875;46,3125;-44,875;100,875;84,9375;-62,125;-139,875;-162,8125;-137,8125;84,875;-49,75;78,71875;-22,03125;-160,03125;35,5;99,96875;156,1875;-115,15625;-40,59375;-0,53125;-45,25;-99,28125;85,1875;-132,6875;60,5;-37,5;-26,4375;-174,71875;-10,28125;-105,03125;205;94,53125;63,25;108,15625;148,1875;223,71875;47,21875;110,84375;-150,0625;2,34375;-44,9375;-17,09375;92,21875;72,875;86,46875;133,5625;-74,75;91,15625;87,59375;-11;-166,15625;58,5625;380,65625;145,15625;57,96875;65,90625;-117;-199,375;-31,40625;87,53125;6,78125;87,34375;-118,59375;-196,09375;-132,875;-68,75;-141,46875;-76,71875;-62,25;-138;-131,375;-65,9375;-91,46875;-17,96875;-26,5;-67,125;-52,78125;-149,5625;53,0625;-44,125;-147,5;-40,40625;85,75;-140,5;60,375;-164,5;-81,5;-137,03125;-43,59375;-78,34375;-179,53125;-31,09375;-110,9375;-71,84375;-74,1875;92,65625;-99,9375;-4,25;-43,4375;169,375;48,3125;-48,875;127,84375;81,53125;-4,15625;-6,40625;35,3125;-154,625;33,1875;-151,4375;165,53125;74,25;99,5625;-84,375;98,09375;35,21875;-63,84375;-8,96875;-8,75;-125,21875;-110,90625;230,03125;96,1875;1,46875;69,25;181,5;129,65625;46,84375;204,3125;52,1875;23,65625;-33,59375;171,03125;-124,4375;57,9375;233,59375;-82,1875;302,6875;-6,125;38,96875;110,84375;90,6875;-44,9375;53,8125;58,21875;172,65625;-12,03125;387,625;161,21875;125,09375;83,125;100,21875;308,34375;102,75;-45,5625;200,59375;119,78125;17,59375;58;151;89;21,5;57,34375;30,03125;58,875;-13,625;29,03125;-50,8125;134,9375;49,9375;-92,71875;117,46875;-134,75;-25,65625;201,125;129,875;43,09375;150,6875;50,03125;162,46875;171,875;39,09375;-102,125;42,90625;78,75;
-165,75;-179,6875;62,21875;-135,9375;-231,6875;-76,84375;-127,46875;5,375;-210,4375;117,0625;-137,1875;115;-80,125;-91,5625;-87,71875;-98,375;-5,5;-142,53125;-152,625;27,03125;-73,5;-22,875;-201,71875;-179,1875;-114,25;73,375;-184,78125;-60,6875;-13,71875;-144,0625;-140,96875;-77,40625;-83,625;-56,09375;-109,15625;-104,625;26,09375;-95,4375;-133,3125;-178,15625;-256,46875;-16,875;89,375;12,4375;-122,96875;-195,5625;13,53125;-33,8125;15,40625;125,8125;-182,25;-155,875;-63,9375;-163;-136,46875;106,0625;-139;-26,53125;-210,625;61,0625;58,40625;-210,21875;-46,375;-126,84375;28,71875;59,8125;54,5625;-50,6875;0,25;-27,5;97,53125;-77,75;-78,9375;50,5625;1,03125;-280,90625;-14;4,25;-101,28125;-94,59375;21,59375;-91,34375;61,84375;101,125;-77,15625;-28,40625;-21,875;-246,34375;-291,8125;-102;-192,90625;-9,125;-122,46875;47,5;-162,53125;-28,53125;-103,84375;60,09375;-145,65625;-144,09375;-36,3125;-134,03125;-151,34375;-119,28125;-22,84375;-192,84375;-11,875;-125,4375;-125,625;29,40625;38,5;-149,40625;86,09375;-141,25;-83,8125;-263,34375;55,59375;28,6875;-257,65625;-123,5;-257,15625;-152,78125;-175,96875;37,9375;38,4375;53,4375;-160,28125;-95,65625;-98,71875;-20,09375;-29,875;108,65625;-201,34375;-156,53125;-71,21875;-190,28125;41,03125;-302,1875;-274,75;-29,53125;-220,75;-11,09375;6;34,1875;-38,875;-254,40625;-107,96875;109,875;-117,71875;-246,03125;-7,15625;214,15625;-122,65625;-145,5;-151,46875;-154,34375;58,84375;-53,3125;22,40625;75,3125;-18,21875;-82,875;-69,75;-40,75;-185,4375;-226,25;-26,375;-7,34375;-95,90625;-24,84375;-3,15625;-50,03125;129,09375;60,71875;-35,84375;74,46875;-58,84375;-238;58,6875;-7,8125;-49,15625;-39,125;104,40625;140,28125;-44;253,625;138,375;109,3125;-0,40625;-9,40625;228,375;17,625;73,0625;-169,75;-217,3125;-12,09375;-7,9375;-6,875;-141,03125;-336,1875;-173,84375;-37,0625;-209,53125;-15,90625;131,03125;8,46875;-160,59375;-34,90625;97,625;-113,40625;6,96875;-102,5625;-201,375;-131,4375;-112,90625;-164,65625;-137,15625;137,5;113,6875;31,84375;63,09375;-173,6875;-76,90625;-167,8125;-205,21875;-15,71875;-77,21875;21,5625;-200,59375;-74,9375;-104,0625;-171,40625;-68,78125;-70,09375;26,46875;-59,8125;-131,75;68,4375;-153,6875;-182,1875;-121,46875;-84,8125;-89,8125;153,28125;7,46875;-168,96875;58,9375;-64,75;-83,625;-33,875;44,25;-75,6875;23,15625;-76,3125;143,0625;201,4375;25,96875;143,15625;24,65625;93,8125;-118,0625;-57,28125;-0,90625;58,96875;50,03125;117,875;22,46875;136,90625;-127,1875;85,78125;76,15625;97,25;-79,5;98,96875;-16,03125;-256,21875;73;80,40625;331;200,6875;-1,75;-94,28125;91,0625;158,8125;-18,1875;63,0625;-92,34375;-80,375;213,15625;28,28125;148,3125;-385,75;67,53125;-36,03125;-112,09375;-170,96875;86,34375;-50,875;-11,90625;-159,65625;74,71875;43,59375;83,09375;-0,65625;131,0625;-77,1875;-31,90625;-43,03125;180,65625;-14,875;216,96875;-181,6875;95,96875;-60,53125;-57,21875;79,34375;-67,625;-61,75;15,3125;119,625;
50,21875;-60,03125;329,34375;-63,03125;54;-16;-24,3125;2,5;-34,0625;-89,375;-37,53125;-20,75;198,59375;-104,78125;-56,375;6,21875;44,8125;40,59375;-1,21875;-237,4375;-177,25;-137,46875;-141,78125;-144,9375;36,4375;18,125;-169,8125;151,03125;-90,03125;-115,5625;-31,78125;-111,125;-36,75;-145,28125;77,59375;41,375;41,28125;-49,125;-58,5625;-140,71875;-96,4375;-209,6875;102,46875;-173,9375;-8,875;208,40625;95,46875;70,5625;-162,78125;-75,40625;-29,28125;-11,90625;-96,5;-178,875;52,625;0,8125;114,96875;-26,8125;-84,46875;-119,625;-186,34375;-41,3125;71,90625;-8,75;-2,625;38,53125;-168,78125;69,0625;-178,625;-86,0625;-190,21875;-92,4375;-72,6875;149,09375;70,4375;-4,9375;-236,65625;-57,09375;-35,875;223,03125;-97,4375;48,59375;24,625;14,625;-167,875;-136,15625;-31,4375;42,625;-33,09375;7,4375;19,4375;-6,6875;119,4375;-145,71875;26,9375;57,03125;-101,875;0,28125;-11,1875;149,21875;-50,21875;-10,15625;20,96875;-14,84375;-184,3125;4,84375;27,625;23,3125;-122,1875;-34,1875;85,65625;-10,625;131,5625;-10,78125;239,28125;57,25;-97,3125;-214,4375;7,90625;-104,8125;-309,3125;-132,6875;-80,6875;-208;-211,5625;182,21875;-152,6875;-55,21875;-70,21875;-81,6875;-133,625;29,09375;-220,9375;132,34375;117,78125;-301,21875;-163,09375;-142,125;-259,0625;-90,5;-66,75;-162,4375;74,46875;-57,25;-179,03125;-108,6875;-116,40625;-58,0625;-210;-61,46875;3,53125;118,25;-57,59375;-133,3125;-37,4375;-181,15625;-103,25;-78,78125;-76,65625;-211,96875;-188,3125;11,78125;-152,40625;-12,8125;70,3125;47,125;98,34375;33,90625;56,1875;93,1875;-48,875;70,5;-59,53125;57,71875;4,75;-18,5625;-24,15625;-138;-96,6875;-123,375;-104,0625;-40,59375;26,78125;-169,75;125,6875;-156,6875;60,59375;51,21875;34,8125;13,65625;268,09375;64,9375;-12,3125;-222;-94,9375;66,75;-182,09375;-47,3125;-38,25;-8,5625;-211,03125;-41,375;30,5;-126,03125;15,6875;-316,15625;-36,75;-143,375;13,6875;-146,1875;-203,03125;-147,40625;153,875;-65,9375;-142,4375;-33,59375;22,8125;-39,90625;27,1875;-135,96875;94,28125;14,28125;15,3125;-228,78125;-23,71875;-109,3125;52,8125;-123,875;-133,8125;-72,3125;-49,90625;15;-44,3125;-111,21875;71;-98,25;126,0625;52,90625;6,75;76,65625;30,78125;-171,6875;-12,53125;-23,3125;-46,625;-1,4375;179,78125;-67,375;49,125;-14,75;82,21875;-144,71875;70,4375;104,46875;10,25;-183,0625;124,78125;171,71875;-9,78125;186,65625;53,46875;77,875;101,96875;85,59375;16,53125;122,28125;-62,09375;15,90625;50,0625;-111,5;105,0625;120,5;147,78125;-49,0625;-177;-11,1875;-48;-11,375;-45,59375;165,28125;84,875;62,21875;24,75;-8,03125;181,25;44,25;38,5;57;183,1875;-108,4375;240,96875;21,65625;44,78125;138,5625;-28,28125;-31;-28,65625;36,8125;43,71875;49,8125;286,28125;-78,59375;149,5625;59;42,6875;37,5;-2,375;200,40625;-57,90625;13,3125;352,96875;134,03125;70,40625;222,46875;-44,46875;-47,125;157,46875;91,5;-39,375;77,75;
11,9375;174,5625;120,59375;179,375;78,5625;316,125;129,375;127,84375;91,8125;1581;-26,96875;73,21875;106,96875;-9,75;235,84375;-12,84375;-4,03125;35,28125;29,96875;-48,6875;18,96875;-48,15625;186,375;-172,40625;201,46875;72,1875;37,5625;74,65625;17,28125;-18,03125;-175,6875;110,25;63,15625;143,375;-9,5625;23,4375;168,28125;-54,4375;100,84375;-51,5;239,5625;10,09375;51,65625;145,46875;145;-110,46875;62,28125;7,375;88,6875;-26,8125;70,40625;114,6875;241,125;281,8125;79,34375;-56,59375;-20,0625;89,875;157,21875;-15,65625;-10,25;-35,96875;-18,8125;-148,59375;-141,40625;87,75;343,8125;-106,8125;202,25;111,90625;60,875;102,53125;2,84375;2,71875;154,125;118,0625;6,15625;54,15625;130,90625;95,875;89,0625;-7,0625;74,75;-66,53125;55,5625;5,28125;-4,34375;253,09375;373,75;-80,1875;-18,25;231,6875;50,78125;85,90625;100,875;-47,125;-87,90625;28,09375;21,65625;140,75;90,21875;13,125;42,84375;56,84375;-66,78125;-63,59375;55,3125;185,6875;102,84375;-37,8125;-62,5625;-43,4375;126;-43,34375;185,125;-5,40625;-48,6875;19,3125;-207,4375;74,03125;-151,1875;183,0625;61,84375;81,28125;67,96875;47,59375;-137,09375;-100,5;-78,09375;181,15625;115,84375;86,4375;69,96875;148,46875;157,0625;-34,40625;163,46875;76,875;1,03125;-23,09375;32,53125;81,59375;-92,78125;-23,3125;50,40625;123,90625;72,09375;-22,0625;149,28125;98,1875;144,03125;79;182,59375;6,6875;-92,96875;-19,78125;125,71875;-250,65625;37,375;-110,03125;-37,46875;-113,5;-161;54,5;-190,4375;47,40625;80,4375;101,03125;112,84375;-47,21875;28,0625;48,46875;-123,46875;-60,09375;-43,5625;-15,40625;28,78125;243,15625;-7,65625;160,8125;136,40625;-41,78125;109,0625;240,28125;176,5;253,96875;170,15625;191,0625;328,4375;44,3125;159,3125;44,28125;-11,21875;196,21875;101,34375;-52,3125;-135,34375;113,15625;89,4375;114,0625;0,53125;-46,5;-50,34375;120,96875;53,59375;148,84375;-26,46875;128;22,53125;172,3125;-67,28125;-17,46875;112,3125;91,3125;-38,6875;241,3125;101,15625;141,65625;-95,90625;-42,53125;88,46875;139,03125;114,5625;110,90625;81,4375;-119,5;33,9375;1,6875;81;37,25;109,65625;190,46875;64,375;-21,34375;277,65625;86,75;-134,375;253,5;22,75;153,21875;-86,21875;-177,625;86,21875;104,1875;130,96875;64,09375;-65,9375;179,15625;0,625;45,15625;81,25;112,53125;9,5;-56,4375;81,625;63,09375;95,5625;138,96875;308,65625;-3,25;-14,90625;227,84375;32,71875;52,375;78,46875;66,75;95,84375;-147;49,40625;57,34375;-0,75;240,59375;-8,53125;73,1875;-17,84375;161,09375;197,6875;-72,375;83,375;156,09375;25,4375;122;117,96875;-35,09375;108,0625;210,90625;103,875;133,40625;224,59375;122,0625;73,28125;172,125;199,25;26,59375;6,21875;115,3125;106,53125;110,34375;200,15625;38,09375;201,28125;46,9375;82,875;11,625;144,375;241,8125;117,6875;345,21875;80,03125;114,6875;37,5;18,625;19,75;-109,9375;102,59375;316,3125;151,25;138,5;78,75;17,1875;
-54,15625;-39,78125;-148,96875;-75,15625;-279,5;154,34375;-205,28125;-125,59375;-413,0625;-153,59375;-122,6875;-46,1875;85,65625;65,5625;-98,25;-230,09375;-93,28125;16,75;86,0625;-96,71875;87,125;1,0625;15,15625;-124,03125;-64,03125;-61,9375;-103,59375;-179,65625;-87,25;8,375;-149,78125;95,46875;77,875;-47,1875;58,03125;-49,9375;-67,5625;-52,96875;47,875;-30,875;-340,4375;26,875;-92,21875;-127,71875;-74,28125;-183,53125;-148,15625;-121,09375;-98,71875;-224,34375;-151,90625;-200,125;-110,5625;-279,34375;61,53125;-116;-222,0625;-135,40625;-202,8125;-131,65625;11,8125;-114,8125;-106,875;-41,4375;-18,0625;-23,15625;-289,03125;-176,65625;-98,4375;-109,96875;2,90625;11,59375;-130,6875;-58,28125;-112,125;-56,90625;-77,15625;-209,875;-155,15625;-103,40625;-279,84375;49,59375;28,3125;-137,53125;-5,375;39,375;-35,09375;-253,28125;-192,0625;-93,21875;-79,375;-57,75;-63;-97,03125;-52,6875;-21,125;-227,125;-146,15625;-114,34375;10,40625;-282,5625;-109,15625;-65,0625;-36,40625;-172,90625;-164,6875;-180,46875;-237,75;-80,5;-140,78125;-311,21875;-43,40625;-280,84375;-113,375;-164,375;-195,71875;-206,5625;-208,8125;-99,8125;-150,78125;-127,40625;-180,375;-119,125;-238,125;-130,53125;19,375;-100,1875;-29,90625;-141,25;-314,53125;-207,03125;-67,9375;-18,59375;-16,90625;52,3125;-259,8125;-117,78125;-174,59375;-241,46875;-267,46875;-378,0625;-177,625;-480,125;-118,5;-153,625;-93,46875;-53,0625;-190,65625;-114,53125;-114,21875;-213,1875;-193,34375;-181,65625;-23,15625;-33,0625;17,09375;-127,53125;-290,75;-181,3125;-403,28125;-216,75;-49,28125;-260,75;-192,15625;-265,65625;-289,03125;-53;-6,46875;-263,03125;-68,75;-132,03125;-112,5625;-68,84375;-171,875;-143,25;3,75;-105,4375;70,28125;-214,25;-94,4375;-154,03125;-25,125;-140,84375;-152,71875;144,09375;-7,46875;-7,375;-102,6875;212,625;112,84375;-137,59375;48,875;224,8125;-57,5;-81,96875;-187,78125;61,34375;-366,84375;-371,0625;-104,15625;-202,59375;-291,65625;-40,9375;-187,0625;-208,03125;-123,5625;-166,71875;55,25;-314,21875;-24,71875;-6,28125;-53,0625;15,625;-197,15625;-141,40625;58,8125;12,28125;-161,53125;-114,46875;-100,15625;-15,0625;66,59375;109,28125;-9,3125;-54,46875;40,0625;-272,78125;-149,96875;17,90625;-217,125;4,90625;-144,65625;-136,9375;-341,1875;-253,25;-97,84375;-179,5;-285,75;-59,9375;44,3125;0,90625;103,03125;66,1875;-111,71875;44,46875;1,5;-104,75;-47,03125;-78,9375;5,8125;-51,90625;1,3125;-42,75;17,59375;-38,78125;34,375;-157,53125;-8,25;-56,75;-194,65625;24,84375;22,78125;160,03125;181,6875;76,53125;4,25;8,09375;-108,5;-129,5625;72,09375;-64,90625;294,21875;-28,75;-90,65625;107,625;-68,59375;125,875;-39,125;6,28125;-148,6875;-94,3125;-86,5;173,5;-54,28125;-208,65625;80,59375;-13,625;183,75;18,9375;-11,03125;-12,75;-128,21875;-126,1875;-124,84375;-69,3125;246,875;-0,75;233,125;79,0625;-38,09375;24,40625;-74,03125;-87,09375;34,3125;28,90625;-52,125;-173,25;-76,25;31,125;-151,5625;17,9375;-119,71875;-86,8125;115,78125;120,21875;-74,90625;16,625;69,8125;-357,46875;-137,8125;
-35,625;145;-134,3125;-83,3125;1750,25;-81,03125;-46,53125;11,25;60,125;102,90625;105,6875;122,09375;105,9375;15,09375;146,84375;-0,71875;-119,6875;-292,59375;-3,9375;13;-33,1875;-17,53125;240,34375;-179,96875;-88,5;56,5;-39,25;-151,375;-10,40625;-94,625;-79,78125;-79,75;22,8125;140,09375;113,90625;-76,46875;-137,59375;32,96875;60,53125;207,375;-50,25;-103,53125;-97,40625;247,4375;-129,53125;177,84375;-141,59375;78,4375;120,4375;-150,53125;38;10,875;-57,75;-68,90625;5,3125;104,8125;-215,375;-110,90625;212,0625;119,15625;87,03125;-31,0625;-29,6875;121,28125;-21,5625;2,21875;-51,28125;90,125;-147,6875;43,25;-73,875;155,625;101,09375;16,34375;10,90625;-59,375;-34,65625;-112,25;154,3125;104,8125;157,09375;-98,53125;39,84375;-54,40625;87,40625;-27,5625;113,59375;-54,28125;32,1875;37,09375;-138,875;-82,625;-337,8125;15,8125;-72,46875;-105,65625;-140,09375;-29,5;177,09375;-46,375;-201,65625;184,21875;-11,3125;2,3125;-106,96875;-54,78125;-17,6875;-27,84375;-102,6875;-35,34375;-12,09375;95,4375;-158,21875;13,03125;34,8125;-99,84375;-103,09375;-173,78125;-202,09375;-52,375;-67,125;30,03125;-198,125;-52,15625;-229,375;-247,25;-40,03125;-135,34375;-37,21875;130,53125;-65,8125;-74,5;149;5,59375;-199,96875;-133,75;60,8125;-202,40625;-92,5;-173,5625;-106,4375;-66,0625;-47,46875;88,5625;113,90625;-230,5;-84,96875;-58,6875;-75,78125;-50,125;144,75;-140,125;-81,9375;-220,5;-171,84375;-148,15625;-60,65625;-80,1875;-199,65625;-167,875;-50,125;-232,1875;-124,6875;-67,21875;-141,21875;-137,3125;-31,6875;111,40625;-52,15625;-26,28125;-55;48,34375;-39,65625;167,78125;47,34375;43,96875;-126,1875;55,53125;-76,1875;-20,09375;-23,1875;165,4375;-10,1875;-4,59375;60;160,625;-19,65625;-22,9375;33,09375;-57,28125;193,28125;96,21875;-128,28125;-170,96875;-30,3125;-155,59375;-174,53125;-25,8125;8,5625;110,15625;-187,5625;-115,09375;39,90625;44,46875;17,90625;6,125;64;-113,625;-121,46875;-32,875;-73;30,75;31,90625;175,625;-189,6875;-15,9375;-71,09375;-106,75;-66,9375;-133,78125;-130,65625;-51,09375;-31,375;61,40625;-34,90625;-50,8125;30,09375;190,78125;75,71875;84,84375;-108,84375;22,71875;56,0625;161,03125;25,34375;-87,8125;62,1875;16,09375;14,46875;80,28125;-58,875;-99,625;162,15625;37,28125;119,90625;15,375;154,9375;97,84375;50,28125;151;191,40625;-13,75;-44,875;133,625;-77,5;26,8125;12,625;47,21875;93,84375;-10;24,53125;209,6875;-124,71875;129,5625;-1,59375;-42,59375;47,75;-94,9375;-155,125;189;-30,9375;223,3125;118,875;10,53125;39,21875;121,65625;195;239,84375;-36,1875;50,125;-160,625;55,21875;39,375;-108,6875;-119,71875;135,125;63,625;-11,4375;-89,40625;50,1875;269,25;254,15625;111,125;133,96875;98,5;1,84375;111,65625;116,875;27,28125;10,53125;85,03125;68,46875;-48,78125;56,78125;-127,71875;60,34375;90,03125;-74,9375;29,78125;136,96875;152,3125;-1,25;67,84375;-4,21875;384,53125;265,3125;67,0625;59,0625;-10,15625;123,15625;
-58,71875;-257,46875;33,875;-233,78125;-152,6875;-68,90625;-161,0625;-72,15625;46,5;33,71875;-25,25;-115,4375;164,59375;-166,09375;-109,21875;-62,53125;-178,15625;123,25;-52,21875;-166,34375;-28,375;-18,34375;-122,46875;48,28125;52,0625;26,46875;-253,21875;-262,65625;-123,25;-114,75;-0,78125;-33,5625;-143,8125;66,6875;-290,8125;-61,09375;-140,625;-330,1875;-65,8125;-349,3125;160,46875;-335,25;-190,15625;-82,15625;91,65625;-102,8125;42,75;-62,96875;-134,1875;-239,59375;-151,125;-34,625;98,75;-40,8125;-110,28125;48;-19,5625;-70,96875;-234,90625;-199,28125;22,46875;22,15625;-195,4375;-80,5;88,3125;-118,59375;63,78125;-255,3125;-52,15625;-304,6875;27;-202,15625;-133,84375;30;216,84375;9,84375;-49,4375;-159,6875;45,90625;51,96875;17,59375;-206;-202,28125;-168,09375;33,46875;-20,09375;-131,4375;-147,46875;-108,75;-142,1875;-111,90625;34,125;-246,5;-89,59375;-45,125;-114,34375;17,5;-129;-272,75;-53,25;-155,875;-91,28125;-124,40625;-132,75;-127,6875;67,8125;-103,03125;-170,5625;-183,15625;-135,59375;-169,40625;-121,96875;-53,03125;-154,875;-6,21875;-119,0625;-51,09375;-92,625;-238,78125;-87,25;-338,5625;-140,1875;-293,25;-423,0625;-185,4375;-201,96875;-146,28125;-256,3125;-158,875;-68,75;-360,40625;-113;-30,1875;-5,5;-164,84375;-345,3125;-126,5625;-270,59375;-283,375;-206,21875;-63,9375;-241,65625;46,21875;-243,15625;-145,5;93,40625;-65,46875;-117,5;-55,03125;-153,03125;-119,8125;-173,78125;-180,0625;-19;-22,6875;-39,15625;-197,28125;-162,625;-96,84375;-212,71875;-107,15625;-130,21875;-78,1875;-259,09375;-98,1875;85,0625;-230,5625;-217,25;-287,5625;4,1875;-246,625;-141,25;-267,875;-164,3125;-51,1875;-129,25;-152,1875;-24,21875;-35,375;-26,6875;-128,8125;-93,84375;-75,59375;-76,5625;-204,8125;-53,84375;-189,28125;69,71875;-57,125;-165,5;88,65625;-99,0625;-73,78125;118,03125;137,8125;-251,09375;-213,75;-102,28125;33,625;-83,15625;-261,75;-231,25;-248,71875;-162,1875;-211,71875;-320,53125;-164,8125;-59,9375;-161,59375;-48,59375;-183,59375;-118,4375;-161,6875;30,125;-53,71875;78,8125;-115,40625;-84,875;-361,40625;-278,71875;-275,125;21,65625;-15,75;85,40625;-174,1875;-129,71875;-231,875;-353,03125;-239,0625;-55,125;-176,5;-51,40625;-110,84375;13,96875;-183;-223,21875;-125,96875;-29,90625;-54,15625;156,75;-43,125;-262,125;-146,0625;-216,96875;-8,15625;-96,09375;66,90625;48,1875;-130,8125;87,09375;-134,25;-102,46875;18,25;36,53125;73,40625;-176,40625;-246,28125;-235,03125;-149,375;-299,25;-79,71875;-233;14,125;-58;57,34375;164,5;5,8125;-101,84375;-51,65625;-51,90625;-35,59375;-172;75,46875;15,53125;-128,90625;74,71875;1,8125;-115,375;-148,40625;76,03125;-170,0625;38,40625;50,5625;-57,96875;15,71875;-59,21875;-89,96875;74,59375;-122,75;122,9375;108,53125;-20,6875;-127,375;-62,0625;41,125;-46,84375;64,75;139;115;-258,75;-18,03125;-4,71875;-146,3125;65,1875;-58,90625;16,4375;-49,28125;7,625;7,125;-15,3125;-319;-121,875;-131,34375;-14,625;52,75;50,65625;63,84375;57,6875;-121,46875;30,46875;
-14,28125;36,125;-82,5625;7,40625;-94,96875;26,5;-83,40625;-68,53125;-67,6875;-76,59375;-7,96875;-100,03125;35,65625;48,40625;-2,25;-18,59375;107,0625;72,125;-38,125;-178,46875;262,125;-202,71875;16,34375;-60,6875;-101,03125;-208,28125;21,40625;101;-17,875;20,40625;20,96875;-173,03125;47,71875;-163,75;27,1875;5,625;-36,875;18,625;-217,25;-103,0625;-190,28125;-182,1875;45,53125;-243,65625;-221,40625;-55,96875;-18,3125;-100,78125;-253,96875;-143,96875;-223,09375;-2,125;-172,78125;-66,34375;-84,09375;-49,8125;54,71875;-8,3125;-55,3125;-31,9375;-205,625;-120,1875;-147,1875;-166,03125;32,5;-75,25;-101,4375;-48,09375;97,625;101,03125;24,59375;-29,25;-13,34375;8,375;-113,84375;9,6875;17,90625;-149,21875;-79,375;56,46875;-143,78125;11,84375;87,28125;102,28125;-84,96875;26,6875;-101,65625;-90,21875;-106,65625;-80,46875;125,65625;-35,53125;-99,65625;-57,375;-81,125;-145,25;-94,1875;-114,6875;43,46875;-37,71875;85,4375;-201,09375;-48,46875;-6,09375;-132,21875;-11,625;-265,15625;-70;-423,84375;-95,875;-96,40625;54,53125;27,59375;-2,875;178,125;-325,46875;11,21875;-179,78125;-86,3125;-138,1875;65,125;-23,03125;123,15625;68,0625;-144,375;25,125;-228,84375;8,0625;-108,3125;-126,46875;-216,1875;-81,53125;-72,65625;-26,5625;5,15625;46,34375;-188,4375;33,84375;-191,5625;-107,46875;-131,0625;-156,46875;-285,0625;-196,84375;-258,21875;-163,6875;-216,15625;-31,71875;-30,3125;-109,15625;-86,59375;-149,0625;-3,09375;-65,125;-188,28125;-59,25;-219,6875;-82;-118,78125;-284,71875;-234,3125;107,5625;2,46875;-81,1875;-144,9375;-190,09375;-103,875;-60,625;-141,03125;-189,59375;-142,96875;-126,125;-88,84375;-19,46875;-160,3125;-97,21875;-11,375;-227,71875;-6,90625;-98,1875;-363,625;-218,53125;43,09375;51,96875;21,71875;-12,15625;-136,78125;59,875;22,71875;-170,375;-22,28125;-2,5;126,3125;81,0625;-87,34375;136,84375;-116,6875;65,40625;-177,5625;-100,78125;42,15625;-70,71875;-183,21875;-73,40625;-148,46875;15;-8,78125;-139,9375;-226,0625;46,6875;25,375;60,59375;-77,875;-104,03125;-157,90625;71,625;66,8125;-34,25;-35,15625;7,125;74,40625;38,34375;-24,75;-14,15625;3,125;34,65625;109,71875;13,28125;23,5;-265,53125;-35,78125;-185,65625;-149,78125;-96,0625;-36;-16,59375;-55,9375;83,5625;-71,125;-67,53125;-66,4375;156,1875;-74,03125;-41,90625;-83,90625;-112,53125;113,0625;-45,9375;60,90625;44,84375;-47,40625;142,125;-38,6875;27,1875;104,59375;52,28125;-130,84375;-4,0625;-7,8125;79,8125;24,5625;-4,15625;-100;79,65625;49,28125;-49,71875;96,96875;165,9375;-29,03125;-261,75;22,375;44,46875;21,71875;81,75;10,0625;-36,9375;141,125;30,5;-26,6875;77,34375;59,59375;157,9375;41,03125;42,9375;10,8125;150,46875;-13,65625;99,03125;197,09375;103,8125;37,78125;137,71875;-41,5625;319,28125;-17,40625;-36,09375;-206,21875;22,84375;42,15625;79,46875;-155,0625;5;29,84375;76,3125;56,0625;17,03125;-46,65625;173,40625;6,875;-177,375;1536,34375;-50,65625;-11,1875;166,9375;171,1875;-88,90625;49,96875;-147,3125;29,1875;220,65625;
-116,875;75,8125;109,59375;-106,4375;-119,59375;-66,15625;-134,28125;-168,625;-49,40625;-32,875;-123,03125;38,15625;39,9375;-140,28125;-136,03125;-86,5;61,34375;-225,4375;-75,75;101,15625;-66,0625;1,5;-38,5;42,96875;-70,8125;-195,6875;-155,125;26,4375;-49,46875;-9,78125;-60,6875;-15,4375;31,375;-141,34375;-131,90625;-1,875;132,3125;-31,5;105,9375;-76,4375;-68,125;165,78125;-65,9375;189,125;0,53125;-89,03125;298,375;-156,4375;-243,84375;153,90625;-77,46875;-1,125;-35,8125;60,875;-118,96875;87,875;130,15625;94,625;-186;-144,8125;115,0625;247,875;-2,875;-38,96875;12,34375;90,28125;60,9375;-139,78125;-132,40625;-18,125;60,65625;-50,15625;-115,59375;38,53125;13,21875;53,5;-87,75;-133,65625;27,9375;36;-85,28125;-97,5;-166,21875;-71,5625;-77,375;-168,65625;-93,5625;-164,25;-28,4375;129,8125;-25,96875;-168,0625;136,40625;-36,34375;-97,125;11,09375;-54,21875;36,375;-172,34375;99,46875;-184,4375;-17,4375;-12;-82,03125;45,96875;-22,1875;-111,8125;-109,34375;-29,03125;-98,0625;-23,03125;-62,25;89,875;60,09375;41,25;70,15625;-28,9375;-204,15625;25,53125;2,71875;-101,28125;-173,5625;-2,78125;-7,96875;-21,40625;-273,53125;-204,375;-238,0625;-148,5625;-258,28125;-102,75;-58,96875;-28,0625;98,78125;36;-34,5;-142,625;11,59375;-24,15625;82,96875;-100,875;18,5625;-62,8125;49,625;-171,4375;-49,1875;-76,34375;-239,375;56,4375;-109,96875;-70,90625;-111;-36,46875;-174,46875;-119,8125;-35,6875;-246;-155,0625;-81,75;-165,375;-193,78125;-91,21875;-56,53125;-17,59375;-6,03125;-48;-37,53125;62,78125;-69,5;-136,3125;-47,9375;113,9375;-145,71875;-0,40625;92,6875;-2,78125;-170,8125;-113,25;76,5625;-62,28125;134,75;-167,9375;-163,5625;63,71875;222,21875;79,78125;143,53125;19,5;165,75;32,46875;-269,84375;-98,8125;41,28125;201,90625;-61,5;-3,125;-152,125;-86,78125;0,71875;75,09375;99,40625;61,40625;-66,125;-184,0625;-37,5625;-69;-24,375;-54,21875;-102,5625;-157,1875;-106,25;-118,5;-87,84375;-58,9375;-25,5;-174,78125;-156,625;-65,6875;145,09375;-89,1875;-144,21875;-22,78125;-55,90625;80,625;-136,40625;-82,09375;-112,84375;-93,96875;-271,5625;-150,21875;-57,78125;-119,78125;59,90625;-82,53125;-79,1875;109,78125;-128,46875;12,5625;97,65625;256,75;15,84375;32,9375;-27,96875;189,40625;-3,9375;71,5625;-89,96875;141,59375;-98,40625;-248,03125;-46,65625;43,0625;6,65625;201,0625;144,46875;-82,0625;-130,5625;-81,5;12;0,90625;31,4375;1,90625;11,125;152,40625;259,90625;-13,375;-67,375;-35,8125;65,71875;-204,6875;-86,40625;2,65625;243,25;64,25;111,15625;79,21875;-40,84375;11,75;-31,59375;119,21875;-108,75;160,875;94,5;130,5625;-99,71875;39,09375;197,09375;-182,3125;-78,03125;55,25;-110,0625;144,4375;-73,71875;-50,6875;70,6875;-15,46875;-24,0625;-54,65625;5,78125;-83,5625;118,1875;31,875;54,34375;-3,53125;139,0625;-55,5625;178,5;278,0625;1,375;-86,09375;-110,875;-118,34375;74,84375;117,59375;60,53125;85,8125;-54,90625;75,0625;-80,65625;-196,40625;
-223,71875;-391,8125;-141,3125;-101,90625;-297,34375;-217,15625;-158,21875;8,09375;71,125;-370,75;-213,4375;-203;-201,21875;4,8125;-324,53125;-211,4375;-128,0625;-93,03125;-99,5625;-173,03125;-120,34375;-226,78125;-147,84375;19,5625;-67,28125;-199,40625;-98,1875;-258,34375;-219,09375;-305,0625;-98,125;-326,21875;66,1875;-21,46875;-106,15625;-103,875;-48,71875;-209,46875;-166,90625;-220,0625;-206,84375;-120,46875;88,28125;-195,15625;-266,9375;-223,34375;-132,875;-185,03125;-351,90625;-422,03125;-426,5;-213,375;-88,09375;-323,15625;-304,28125;-110,1875;-271,46875;-84,8125;-224,03125;-588,90625;-165,125;-201,21875;-124,96875;-149,90625;-297,46875;-296,375;-175,0625;-332,03125;-275,78125;-5,46875;-68,40625;-300,96875;-201,0625;-134,375;-181,3125;-110,71875;-245,1875;-106,5625;-125,8125;-340,96875;-237;-461,65625;-59,6875;-170,15625;-88,8125;-265,21875;-142,0625;-172,5;119,90625;-239,96875;-362,40625;-293,4375;-127,03125;-167,15625;-231,59375;-271,5625;-240,84375;-210,25;-365,6875;-372,03125;-357,6875;-176,3125;-24,125;-83,6875;-174,625;-117,1875;-58,84375;-29,1875;-405,8125;-169,375;119,0625;-132,84375;-222,625;-66,9375;-76,28125;-30,03125;-253,6875;-66,625;-311,96875;-323,53125;-111,65625;-198,40625;-360,96875;-398,3125;-351,90625;-242,75;-268,21875;-310,6875;-134,78125;-242,46875;-179,78125;-370,65625;-374;-317,90625;-273,6875;-234,21875;-74,15625;-373,71875;-338,59375;-197,5;-293,21875;-218,9375;-196,90625;-267,78125;-83,65625;-229,09375;-99,96875;-113,09375;-219,71875;-170,21875;-92,78125;-5,1875;-288,84375;-241,21875;-252,96875;-216,03125;-125,34375;-321,40625;-248,1875;-267,9375;-218,46875;-100,09375;-243,96875;-348,40625;-332,90625;-231,21875;-303,53125;-250,40625;-454,46875;-128,375;-180,09375;-256,5;-81,9375;-266,15625;-261,34375;-238,375;-105,28125;-95,875;-303,5;-348,3125;-339,25;-244,40625;-182,25;-140,8125;-306,46875;-43,09375;-153,5625;-82,90625;2,75;-83,1875;-140,1875;-322,5;-113,28125;-197,15625;-422,75;-351,5;-155,75;-187,03125;-304,5;-332,125;-336,34375;-186,90625;-289,53125;-415,625;-380,84375;-204,78125;-249,59375;-231,34375;-362,96875;-263;-467,65625;-398,75;-276,84375;-119,34375;-273,1875;-244,4375;-184,375;-320,90625;-414,21875;-187,71875;-324,875;-81,65625;-149,3125;-133,40625;-147,375;-26,25;-231,5;-296,25;-157,1875;-260,625;-308,4375;-145,90625;-226,53125;-166,03125;-134,53125;-337,53125;-206,90625;-77,4375;-251,5;-252,125;-127,09375;-90,0625;-200,8125;-288,21875;-162,65625;-115,53125;-170,28125;-53,53125;-160,65625;-166;-89,8125;-181,6875;-264,75;-258,40625;-214,84375;-204;-158,25;-280,25;-98,8125;-49,90625;-31,3125;-49;-330,5;-98,34375;-15;-124,53125;-259,5625;-175,25;-208,78125;7,625;-0,96875;-98,25;42,3125;-20,59375;57,78125;-58,96875;-186,5625;49,625;-306,875;-114,15625;-87,375;-49,75;182,4375;-164,4375;-278,46875;-119,8125;-70,71875;32,9375;48,03125;-133,28125;2,6875;-198,46875;-164,875;-258,34375;-87,28125;-113,90625;-85,375;12,03125;-240,96875;-236,71875;-7,5;-106,34375;-199,40625;-284,8125;-77;-57,875;-82,6875;-5,125;-166,625;-75,4375;-320,3125;-169,78125;-200,8125;-41,90625;79,78125;-83,28125;-165,25;-224,6875;-229,875;-255,34375;
1,40625;8,0625;55,40625;-50,65625;-1,03125;-59,53125;-32,875;-138;-198,78125;226,6875;-54,75;160,15625;-19,21875;-38,75;5,5;-214,3125;112,1875;-111,6875;-35;43,5;89,09375;-25,25;-275,03125;-18,0625;-14,40625;-35,4375;-189,90625;-218,40625;7,8125;-59,71875;-161,9375;-226,65625;-97,28125;-64,09375;-88,28125;16,59375;-29,53125;98,46875;-90,71875;-118,96875;127,78125;98,3125;-103,6875;24,25;-54,96875;-42,78125;-126,3125;-11,5;61,09375;-81,0625;-108,4375;16,5;32,0625;-117,65625;-143,09375;-94,9375;10,53125;-54,375;-46,21875;-129,78125;92,46875;-85,5625;223,0625;-102,5;-289,9375;-139,75;-0,28125;132,25;-108,28125;130,09375;-2,4375;162,09375;363,75;138,25;-8,84375;14,03125;-10,09375;128,9375;-9,8125;-61,3125;-113,28125;157,8125;125,53125;162,65625;-30,21875;-30,625;-31,34375;-119,125;-35,75;23,4375;158,15625;100,15625;-192,15625;24,4375;89,53125;-75,65625;-134,03125;-20,875;150,625;18,3125;122,3125;167,96875;16,8125;74,21875;-65,90625;-41,3125;-62,90625;-168,71875;-94,78125;-40,5;130,125;-93,09375;60,25;116,15625;-10,625;-311,78125;-62,59375;22,21875;-185,53125;-24;-92,90625;140,0625;-74,1875;20,9375;-87,21875;28,25;-114,78125;-202,15625;-149,21875;-83,9375;-54,59375;28,9375;-35,84375;-109,59375;-196,5;-125,75;-122,5625;-180,5625;-135,15625;-82,21875;109,21875;-4,5;-357,4375;135,15625;-329,0625;39,53125;34,3125;-47,6875;185,28125;-37,34375;-60,34375;36,3125;90,03125;28,9375;-97,875;71,25;37,03125;-51,03125;-52,90625;38,75;-166,8125;-123,375;26,71875;-38;-78,78125;-12,90625;353,5625;47,8125;68,625;-98,96875;-43,90625;-51,53125;77,46875;12,28125;-82,21875;-71,71875;-219,84375;112,03125;22,65625;72,875;13,125;-138,78125;53,96875;-33,03125;9,75;341,84375;-2,53125;-66,90625;60,8125;-3,4375;23,78125;-48,8125;-188,84375;-8,9375;-253,6875;-45,84375;-91,71875;-100,53125;64,5;-14,0625;-211,5625;57,3125;-176,9375;-34,125;-24;-32,09375;-72,28125;-266,34375;-4,125;-12,6875;201,0625;22,65625;62;-124,375;180,9375;-5,375;-41,84375;-67,5625;-2,03125;-201,4375;-79,65625;0,1875;138,34375;26,8125;190,90625;32,3125;-101,96875;69,8125;87,78125;-18,6875;155,71875;96,34375;7,40625;3,53125;138,09375;205,875;50,03125;-63,3125;65,03125;-88,90625;237,875;-109,71875;49,6875;-121,65625;-105,28125;73,375;61,5;66,40625;57,875;-142,15625;51,125;-75,5;-40,59375;116,75;-64,59375;-90,71875;180,53125;-254,34375;0,625;329,75;105,84375;154,34375;13,71875;67,53125;-66,9375;166,40625;-6,5625;-2,4375;148,5;124,03125;12,78125;210,125;-0,78125;248,71875;133,65625;175,34375;227,28125;-122,46875;155,9375;154,25;212,5625;77,8125;89,90625;26,28125;71,875;105,8125;18,46875;67,40625;-2,75;-68,09375;12,625;149,25;-2,46875;90,3125;-32,6875;97,53125;-94,5625;104,75;297,21875;35,8125;159,15625;41,9375;91,3125;-107,3125;54,28125;-192,46875;226,4375;142,0625;198,1875;172;-104,34375;-38,90625;86,8125;-30,375;22,90625;79,71875;-131,46875;-10,21875;71,34375;67,03125;
-153,21875;-283,5;-85,75;-133,6875;56,34375;-348,46875;-57,96875;-44,28125;-316,34375;-161,09375;-53,40625;-288,625;-94,46875;-295,9375;-35,1875;-112,625;-210,8125;-448,625;-48,65625;-261,9375;-329,9375;-187,375;-203,46875;-178,875;-358,65625;-202,625;-282,09375;-211,84375;-159,28125;-339,53125;-299,96875;-219,375;-140,34375;-288,1875;-296,9375;-145,0625;-271,0625;-174,8125;-147,4375;-58,40625;-269,5625;-134,09375;-52,65625;-276,96875;-102,3125;-84,78125;-228,71875;-250,03125;-279,65625;-159,15625;-284,5625;-277,03125;-89,34375;-300,125;-103,71875;-244,1875;-121,375;-322,375;-185,15625;-159,375;-40,96875;-126,09375;-58,5625;-328,96875;-146,71875;-103,71875;-412,25;-355,3125;-424,09375;-198,9375;-371,8125;-194,625;-116,90625;-196,46875;-317,90625;-254,9375;-249,0625;-65,21875;-111,375;-134,3125;-272,25;-112,65625;-175,71875;-281,78125;-362;-213,5625;-247,8125;28,5;-51,375;-222,03125;-65,25;-21,25;-227,46875;-189,40625;-2,15625;-275,59375;-190,96875;-275,125;-110,875;-43,84375;-168,625;-55,59375;-310;-307,5;-340,5;-110,90625;-135,4375;-111,09375;-106,53125;-77,8125;-126,1875;-160,0625;-386,53125;-229,1875;-119,65625;-311,21875;-125,6875;-213,34375;-248,3125;-213,59375;-351,15625;-278,9375;-162,28125;-197,4375;-233,90625;-116,875;-268,5;-293,9375;-248,75;-142,84375;-114,625;-162,625;-62,03125;-166,71875;-358,40625;-295,28125;-252,6875;-91,09375;-252,34375;-121,5625;-252,75;-167,65625;-147,6875;-330,59375;-156,8125;-297,65625;-212,625;-210,90625;-210,125;-397,4375;-297,75;-107,875;-293,15625;-159,15625;-57,78125;-173,28125;-34,09375;-207,96875;-328,5625;-224,84375;-232,78125;-279,28125;-203,21875;20,8125;-227,59375;-84,96875;-217,34375;-113,6875;-428,5625;-239,3125;-267,46875;-323,65625;-320,125;-219,9375;-108,75;-255,25;-24,65625;-230,25;-275;-141,03125;-285,53125;49,40625;-112,46875;-254,84375;12,46875;-49,40625;-196,9375;76,8125;-117,3125;-49,0625;-106,65625;-108,9375;-271,3125;-94,375;-350,96875;-181,75;-309,21875;-339,78125;-250,21875;-77,21875;57,1875;-252,21875;-3,34375;-200,40625;-179,8125;-134,65625;-174,46875;-204,28125;-34,34375;-165,8125;-270,4375;-234,96875;-250,5625;-179,71875;-152,03125;-171,9375;-237,6875;-235,125;-77,34375;-198,4375;-258,65625;-15,46875;-158,03125;193,90625;-75,5;-106,375;-45,5625;-47,40625;-188,4375;-116,125;-250,84375;-130,6875;-201,625;-24,875;46,78125;-113,375;-313,46875;-167,84375;-198;-308,0625;52,21875;-146,96875;-241,21875;-33,21875;-149;-124,6875;-188,34375;-233,21875;-107,625;-178,75;-16,6875;-201,9375;-47,96875;-212,375;57,84375;7,5;-106,78125;23,4375;-91,15625;59,125;-89,5625;-201,84375;5,03125;-52,46875;22,6875;-156,59375;-183,65625;-79,15625;-187,34375;-51,84375;1,6875;14,15625;-208,34375;-136,59375;-141,84375;0,40625;36,03125;-233,09375;-176,53125;9,65625;20,34375;-20,71875;-29,71875;-48,75;-178,4375;-291,59375;-36,0625;82,15625;40,8125;-37,40625;-210,6875;-33,84375;118,4375;-54,625;-19,0625;-120,9375;1,21875;7,34375;-20,125;8,375;-164,71875;-147,875;-104,5625;163,75;-39,4375;39,21875;110,40625;0,53125;-273,1875;-20,6875;-236,6875;61,28125;67;216,46875;66,9375;-196,65625;33,65625;-31,1875;-142,5625;72,21875;
104,125;113,3125;-30,59375;96,875;69,625;66,3125;158,59375;57,25;111,21875;241,375;221,84375;6,03125;-31,1875;193,5;146,84375;202,8125;174,34375;66,875;62,09375;48,5625;182,6875;254,53125;249,625;189,71875;100,03125;-58,625;-113,21875;36,90625;-92,28125;-27,0625;73,15625;232,28125;-33,5;63,125;71,15625;63,71875;148,6875;218,875;46,28125;78,4375;93,4375;141,75;49,03125;103,125;187,15625;-94,5625;55,875;-45,84375;263,9375;20,71875;3,8125;94,5;219,59375;105,46875;244,78125;-62,6875;-77,34375;-47,84375;184,71875;0,90625;28,1875;-172,15625;22,9375;77,0625;70,59375;118,59375;46,5625;17;132,1875;29,1875;243,1875;35,90625;-2,6875;26,3125;125,90625;47,3125;84,96875;32,21875;-38,71875;-21,53125;-77,34375;36,84375;150,375;163,40625;-102,21875;7,875;106,125;174,5;88,03125;-59,34375;-87,59375;131,28125;197,09375;102,59375;1,5625;199,96875;187,625;55,65625;142,96875;154,1875;-195,8125;208,125;48,5625;-64,9375;19,34375;-10,6875;130,375;-32,40625;51,84375;91,375;49,53125;21,53125;124,96875;103,21875;76,3125;-264,40625;123,28125;-31,3125;-13,28125;-87,625;-59,875;-253,71875;-75,78125;198,875;-40,3125;41,84375;84;-8,3125;-148,21875;206,28125;113,96875;179,53125;12,875;50,0625;91,3125;34,21875;-201,75;-124,40625;-17,625;54,59375;-34,5625;-44,34375;-25,15625;6,1875;156,8125;18,34375;-104,875;70,6875;279,625;-28,375;164,65625;71,75;-21,15625;166,375;137;119,3125;-57;131,0625;80,59375;-132,84375;-2,84375;114,375;64,84375;2,46875;318,21875;92,21875;-87,84375;46,5;-161,46875;-96,625;-21,03125;-43,375;220,25;-17,84375;204,75;-6,25;-18,40625;66,5625;94,53125;-80,65625;136,96875;86,03125;165,71875;250,3125;26,3125;-8,84375;266,90625;255,28125;146,1875;84,46875;20,9375;-9,9375;43,8125;-74,5625;98,03125;-157,28125;162,5;4,0625;133,84375;181,96875;-137,59375;204,71875;49,5625;-64,4375;-107,5;88,625;169,25;-124,28125;-52,75;-24,71875;203;29,875;142,9375;-214,34375;-258,875;215,6875;156,28125;36,25;-73,90625;-49,625;16,03125;-90,25;83,125;50,90625;88,625;213,53125;-154,6875;-140,9375;153,5;77,71875;94,375;2,34375;-30,6875;100,65625;217,96875;97,21875;-4,71875;77,4375;-70;249,1875;209,59375;177,625;164,75;81,9375;158,03125;173,15625;163,71875;146,65625;205,4375;116,28125;140,96875;270,4375;250,03125;-197,65625;60,8125;-83,4375;6,375;27;224,28125;158,84375;163,53125;161;80,71875;89,21875;118;180,21875;-87,78125;53,0625;331,78125;28,25;142,375;121,84375;112,625;137,75;98,5;183,0625;67,84375;244,125;65,6875;264,875;41,84375;-2,40625;251,9375;171,09375;283,6875;396,34375;173,65625;140,84375;68,28125;52,65625;57,65625;187,90625;87,46875;16,625;34,59375;144,34375;-190,1875;-9,40625;105,125;52,75;29,1875;33,15625;8,75;134,53125;0,4375;149,90625;48,65625;44,125;246,34375;-14,84375;283,15625;62,3125;104,25;188,65625;-100,25;89,4375;166,59375;-121,875;5,28125;182,78125;
-39,5;-198,28125;-5,28125;-120,84375;-91,53125;37,78125;-295,9375;-162,28125;-125,3125;-179,625;-281,40625;-108,8125;-252,96875;-64,25;-275,65625;-258,09375;-267;-382,0625;-151,03125;-258;-337,46875;-88,71875;-348,65625;-85,9375;-239,34375;-105,03125;-227,75;-309;-131,21875;-343,125;-392,53125;-46,5;-271,5625;-360,3125;2,5625;-289,65625;-76,09375;-64,09375;-7,75;-264,71875;-102,8125;-146,125;-133,625;14,03125;-387,96875;-72,40625;-198,90625;-350,53125;-52,8125;-214,875;-193,5625;-185,0625;-79,75;126,03125;-202,65625;39,59375;-105,71875;-391,28125;-134,5625;-266,375;-242,3125;-159,1875;-81,53125;-141,25;-160,4375;-125,25;13,1875;-48,25;-144,75;-55;-265,78125;-265,15625;-220,78125;-144,15625;-24,1875;-440,8125;-142,625;-223,09375;-37,40625;-30,15625;-138,5625;-388,875;-110,8125;-198,875;-106,65625;-28,125;-157,875;-191,8125;-247,34375;-117,25;-49,46875;68,59375;-17,125;-171,65625;-117;-68,5;-353,09375;-44,40625;-184,375;-157,03125;-107,21875;-233,53125;-103,75;33,875;-65,4375;-217,09375;-309,4375;-442,71875;-35,78125;-137,375;-218,21875;-258,375;-143,40625;-163,09375;-43,21875;-172,84375;-239,46875;-100,8125;-246,8125;-249,125;-240,46875;-355,1875;-216,15625;-267,21875;-362,84375;-316,375;-247,71875;-152,03125;-133,75;3,75;-180,875;-177,5625;-221,40625;-152;-288,25;-136,625;-101,90625;-65,65625;-324,59375;-145,53125;-170,5;-197,84375;-264,53125;-220,28125;-86,09375;-73,6875;-363,40625;-261,90625;-36,78125;46,0625;-136,96875;-135,4375;-229,15625;-175,53125;-180,4375;-56,59375;-66,9375;-183,15625;-271,90625;-222;-133,03125;-28,53125;-261,09375;-154,46875;-167,125;-105,75;-117,0625;-147,65625;-156,9375;-181,09375;-175,03125;-297,9375;-230,6875;-190,03125;46,375;-294,71875;-160,6875;-67,21875;-135,34375;-15,75;-259,78125;30,21875;-202,75;-92,6875;4,15625;-218,25;-77,0625;-55,40625;-27,09375;-101,78125;29,75;74,09375;-121,65625;-154,34375;-144,625;-192,65625;-201,59375;-147,59375;-66,84375;-225,5625;-136,53125;-129,375;-105,71875;-201,15625;-159;-139,0625;-79,0625;-64,75;-60,25;-83,90625;65,125;-96,5625;-195,75;-284,40625;-171,125;-105,65625;-49,46875;-85;-97,9375;-156,21875;-247,5625;-102,5;-181;-82,875;-308,03125;-98,5;-189,4375;140,71875;-246,8125;-213,5625;-67,28125;-204,03125;-114,09375;-195,40625;-140,15625;-84;79,125;-52,4375;-154,09375;-6,03125;-174,96875;-38,53125;-100,75;-157,625;-188,71875;-122,71875;-4,4375;-177,8125;-171,09375;-201,28125;-148,625;28,03125;-160,28125;28,59375;1,875;-93,4375;-132,21875;-287,0625;-37,8125;-106,28125;-9,125;-5,9375;-27;61,3125;-10,78125;-62,59375;108,03125;164,875;-24,75;-79,8125;47,28125;54,40625;-111,28125;-143,84375;-106,625;-83,40625;-53,0625;50,34375;2,375;-232,8125;-0,75;-102,09375;-74,78125;84,34375;-108,4375;-61,71875;97,75;-92,59375;9,09375;13,03125;-51,0625;72,40625;-250,125;103,3125;-71,78125;-71,90625;-149;0,40625;-95;-137,9375;126,25;-138,25;-10,5;-107,03125;257,3125;-77,03125;-135,03125;-77,53125;-160,5;-204,34375;-17,46875;116,46875;-320,78125;-49,65625;-171,6875;-4,84375;-11,1875;-55,90625;232,46875;-2,53125;
-248,46875;-68,75;-159,4375;-108,25;-163,0625;-5,65625;106,0625;-169,78125;5,875;-152,75;-147,84375;-125,84375;-250,8125;-186,03125;-37,3125;-359,1875;-65,8125;-207,9375;-224,875;-174,875;-40,84375;-20,84375;-59,65625;-248,6875;-255,65625;-196,09375;-54,84375;56,5625;-49,21875;-284,28125;-285,5625;-328,15625;-123,96875;-122,25;-125,09375;-392;-74,0625;-89,1875;-79,15625;-34,1875;-4,65625;-363,03125;-308,4375;9,5625;-151,21875;-85,53125;35,34375;27,34375;-92,0625;-253,8125;-255,5;-192,125;-181,03125;-66,125;-199,9375;-168,1875;-249,0625;-142,03125;-119,5;-90,4375;-191,5625;-180,59375;-212,4375;-184,1875;-120,875;-148,09375;-247,34375;-270,53125;-206,9375;-235,03125;-99,1875;-65,0625;-88,875;-183,75;-261,15625;-240,53125;-317,84375;-316,8125;-106,40625;-199,28125;-134,125;-216,71875;-77,875;27,03125;-36,9375;-251,21875;-226,46875;0,4375;-1,375;-123,28125;60,53125;-84,84375;-171,34375;-65,03125;-229,8125;-208,5;-171,40625;-14,15625;-22,40625;-174,71875;-313,5625;-113,5;-283,5;-445,125;-56,375;-8,125;-19,96875;-267,09375;-207,78125;-141,8125;62,0625;-111,03125;-49,09375;-191,34375;-61,5;-99,96875;-217,3125;-319,53125;-282,90625;-268,1875;-296,09375;-318,9375;-259,59375;-79,46875;-276,53125;-159,25;-208,0625;-291,78125;-243,8125;-449,125;-224,59375;31,9375;28,90625;-84,53125;-37,34375;-45,46875;-99,625;-365,65625;2,59375;-165,90625;-70,3125;-222,4375;-366,625;-266,65625;-164,84375;-200,21875;-342,125;113,90625;-65,03125;-217,4375;-202,90625;-46,375;-316,5;-137,625;-232,90625;-202,1875;-0,0625;-116,75;-352,4375;-176,03125;-39,65625;-228,15625;-266,375;-138,75;-297,3125;-274,34375;-159,6875;-212,1875;-250,03125;-214,65625;-138,90625;-101,34375;-250,25;-202,8125;-192,71875;-92,8125;-126,59375;-74,75;-242,4375;-453,375;-332,78125;-185,5;-169,96875;-256,0625;-151,71875;-113,59375;-64,65625;-146,78125;-94,25;-29,71875;0,625;102,28125;-87,1875;-171,625;-222,25;-57,75;-216,3125;-102,53125;-34,5625;-265,03125;-303,28125;-330,4375;-64,8125;-237,28125;-165,59375;-202,15625;-176,71875;-127,0625;15,8125;-179,1875;-92,125;-311,3125;-116,96875;-124,25;-167,84375;-198,8125;-63,46875;-213,71875;-118,53125;-276,125;-248,84375;-107,25;-3,75;-191,28125;-271;-323;-180,90625;-73,625;-140,25;-205,9375;-132,875;11,78125;-295,8125;-133,0625;-6,65625;-14,625;-29,59375;65,59375;-102,0625;-125,90625;-211;-123,53125;-117,34375;-208,21875;-166,8125;-168,15625;-240,53125;74,03125;-175,28125;-163,4375;-148,1875;-221,4375;-129,78125;-292,34375;-258,28125;-293,65625;-29,125;-91,25;146,75;-283,15625;-11,40625;-109,15625;93,03125;20,4375;-215,15625;-133,59375;-74,8125;-59,46875;-136,28125;99,75;-144,375;-146,8125;-155,125;-118,8125;-197,6875;-18,78125;20,15625;-274,46875;-66,59375;-38,4375;-107,78125;-70,5625;-83,90625;-117,03125;-48,71875;-156,15625;33,28125;73,71875;-164,1875;-79,46875;-226,625;-268,875;-248,59375;-176,21875;39,34375;22,125;-217,0625;-0,90625;-28,5;-62,03125;112,0625;-300,71875;117,0625;-172,53125;-304,25;-54,46875;-250,1875;-43,4375;-75,5;-3,3125;34,78125;-38,4375;-115,34375;-148,125;-128,9375;-220,5;67,3125;-1591,09375;90,125;-196,1875;
31,78125;-29,875;61,1875;-126,9375;-28,03125;-10,40625;-61,78125;-69,03125;-72,28125;-18,34375;24,15625;-103,09375;-93,9375;-61,0625;-167,65625;-33,34375;-0,03125;172,71875;-142,28125;57,4375;-167,96875;-50,0625;131,09375;-45,8125;-24,53125;-141,625;-67,4375;38,40625;17,875;6,96875;-131,53125;-75,1875;-25,6875;108,96875;195,625;282,6875;53,34375;102,3125;-5,71875;-42,09375;-52,8125;17,875;-145,625;137,65625;-181,375;3,21875;-106,34375;53,875;112,71875;18,28125;-66,1875;-176,1875;-176,25;191,21875;-114,71875;-123,78125;-33,3125;-190,375;-14,46875;-190,75;-24,03125;4,53125;-240,6875;-209,03125;-69,875;-120,625;-257,3125;-165,25;-133,40625;-177,40625;121,21875;-246,34375;-138,53125;-124,375;76,03125;-152,65625;39,4375;-25,78125;-197,40625;63,09375;-0,1875;-172,53125;-9,71875;187,75;-62,1875;-75,59375;-99,4375;9,25;129;127,46875;106,375;-47,21875;-121,40625;155,5625;-68,5;-93,75;125,625;56,875;27,875;-8,40625;35,5;-44,375;-158,09375;-1,28125;-183,875;-68,375;-119,25;-82,5;-127,84375;-174,71875;82,53125;-208,34375;74,34375;125,15625;-6,34375;80,6875;253,4375;-25,28125;-89,59375;9,15625;8,78125;-56,875;69,625;-167,0625;-49,8125;75,5;78,90625;-77,59375;-123,03125;-137,3125;-157,1875;-142,25;-47,8125;28,40625;111,1875;-154,21875;12,6875;-12,625;34,5;-234,78125;-270,90625;-320,90625;-75,59375;-114,46875;-179,6875;-8,9375;221,59375;-10,90625;27,6875;48,6875;190,875;-39,125;-70,6875;-149,3125;-42,875;90,6875;-50,09375;-87,3125;78,34375;-30,28125;-17,125;-42,53125;40,96875;-35,40625;69,125;-160,21875;-146,90625;-9,625;-1,25;-18,625;79,75;13,59375;-126,21875;-87,5;15,125;-280;26,4375;4,46875;79,40625;-252,5;259,90625;-50,625;-21,5625;125,375;115,03125;224,8125;234,4375;435,8125;248,65625;139,90625;20,46875;-138,25;-174,53125;-61,625;4,375;-57,65625;-25,46875;-97,15625;-135,65625;-173,53125;26,71875;60,3125;-32,125;-78,25;-76;-26,6875;-209,28125;-112,1875;32,125;112,3125;-30,46875;-75,0625;-70,65625;-80,53125;-1,6875;98,53125;5,53125;-101,6875;50,65625;184,71875;-94,875;132,96875;35,625;-25,84375;199,21875;-182,96875;-32,84375;2,09375;27,1875;-33,3125;83,25;46,96875;-31,125;98,0625;1,375;183,34375;-21,3125;-27,6875;135,71875;-52,84375;58,90625;-128,15625;-10,78125;58,28125;107,5;75,59375;-51,5625;-224,9375;90,0625;90,09375;7,28125;-148,21875;-0,40625;-24,25;-83,3125;21,84375;-103,8125;8,6875;-74,71875;-20,9375;159,53125;-41,40625;-83,96875;62,21875;-43,09375;135,84375;22,03125;5,875;80,15625;4,78125;109,875;32,125;44,8125;23,9375;21,65625;-289,53125;-135,25;-147,0625;312,84375;-22;100,0625;27,875;94,90625;-51,53125;-142,28125;34,84375;-145,40625;-11,90625;-172,21875;124,40625;31,375;131,34375;146,34375;-5,1875;-50,71875;-21,875;70,28125;-86,46875;54,3125;-92,28125;-69,125;4,03125;-17,9375;88,78125;286,4375;-128,3125;36,125;40,59375;-11,84375;38,625;-20,28125;44,34375;166,75;-194,125;43,75;-57,53125;189,09375;267,65625;61,34375;309,125;
-41;-13,3125;-36,8125;-208,40625;-180,375;-359,4375;-151,40625;-217,40625;55,3125;-112,8125;-208,65625;30,78125;-220,78125;-142,46875;-240,21875;-99,625;-107,53125;-104,375;-7,5625;-43,59375;-224,46875;-80,6875;-81,59375;-301,09375;-213,53125;-71,96875;-181,78125;-177,46875;-215,15625;-245,4375;-0,5;-55,5;-193,3125;-234,09375;-259,5625;-256,34375;-294,9375;-346,46875;-176,84375;-173,71875;-174,5;-41,9375;-186,09375;-168,0625;-126,28125;-80,28125;-160,65625;108,5;-71,65625;-107,8125;-302,21875;-109,625;-90,40625;-106,1875;-154,75;-248,875;-53,21875;-230,59375;-245,125;-373,78125;-179,90625;-298,1875;-219,1875;-123,4375;-185,09375;-2,78125;-216,03125;-243,46875;-170,875;-121,90625;-34,4375;-219,96875;-115,625;-236,8125;40,8125;-54,03125;-88,78125;-117,53125;-236,875;-86,4375;96,34375;9,09375;-31,9375;-194,53125;-225,125;-219;-116;-230,46875;-59,1875;-84,375;11,03125;89,5625;-120,625;-127,6875;-105;-137,4375;-117,5;-114,1875;-246,1875;-95,28125;-140,96875;26,78125;-147,09375;-155,125;-354,90625;-119,03125;-64,53125;-108;-200,9375;-317,0625;-143,1875;-89,78125;-209,46875;-73,65625;-231,8125;14,9375;-28,03125;-318,59375;-180,34375;-244,46875;-65,71875;-150,1875;21,6875;-152,34375;-126,1875;-150,96875;-81,75;-106,21875;-211,1875;57,96875;-67,875;-140,125;-124,1875;-185,21875;-45,40625;-167,375;38,21875;-89,5;-27,96875;-130,90625;-282,03125;-288,28125;-173,71875;-202,3125;-15,6875;-84,15625;-162,6875;-132,6875;-29,46875;-232,71875;-158,375;43,375;-188;-76,09375;-229,4375;-158,71875;-269,6875;-163,8125;-103,71875;-223,5625;-49,28125;-276,53125;-296,5;-224,75;-99,15625;-226,96875;-122,71875;-203,0625;-332,34375;71,375;-139,46875;-74,875;-236,40625;-85,5;-317,3125;-115,28125;-93,6875;-38,0625;-140,75;-221,34375;-220,25;7,65625;20,59375;0,34375;12,28125;-16,9375;132,625;37,125;112,375;87,8125;-48,71875;-34,1875;80,84375;-114,71875;-51,65625;-104,3125;10,3125;-171,15625;-107,3125;-81,71875;32,875;125,4375;-104,0625;51,65625;-102,6875;-217,75;-182,71875;-191,5625;-128,21875;35,03125;33,75;-26,5;-68,34375;65,65625;19,03125;17,96875;-200,5;3,125;-84,84375;-82,125;-146;-56,125;-42,96875;66,84375;172,875;64,21875;-144,78125;-125,75;-126,15625;-146,1875;-35,5625;-254,125;109,46875;-61,25;-93;-39,75;-12,4375;0,9375;-5,71875;185,34375;-106,59375;-58,53125;145,09375;-13,34375;11,75;-62,78125;144,28125;59,625;-63,09375;-48,0625;-356,59375;-79,25;-294,46875;-66,25;-65,40625;-84,3125;-200,75;45,34375;147,25;-138,90625;67;-5,625;35,40625;30;-10,71875;-236,46875;-85,9375;-86,53125;-208,03125;-10,625;169,34375;60,3125;-62,25;-44,9375;-186,125;-160,15625;22,15625;-37,59375;169,1875;30,09375;83,125;-96,6875;90,5625;43,40625;-80,8125;-65,40625;-220,4375;-89,3125;-189,03125;-73,25;-93,40625;-131,8125;12,5625;-88,375;-122,84375;35,8125;35,0625;-110,28125;-69,40625;-22,8125;24,3125;177,53125;-153,21875;-26,75;-7,5625;-114,53125;290,96875;-107,1875;12,15625;-151,25;103,21875;-78,875;0,46875;-66,15625;68,40625;-132,375;18,96875;64,5625;4,90625;130,09375;
-97,28125;-26,09375;54,53125;-157,15625;128,9375;42,5;-115,0625;-238,875;-60,75;12,625;-142,59375;-175,0625;-220,03125;46,875;-131,28125;-34,71875;-225,375;-245,875;-183,25;-125,75;2;-116,84375;-66,4375;-3,84375;-94,1875;-19,25;-144,5;19,78125;-227,65625;-67,84375;-350,6875;-115,125;-67,78125;-92,1875;80,8125;-98,125;-47,5;-162;-150,125;-56,90625;44,28125;-40,84375;-71,875;-106,875;-71,1875;-316,625;-287,78125;-111,15625;41,96875;-131,34375;49,0625;-170,375;75,75;-96,8125;-27,3125;-149,28125;-127,1875;-116,71875;-255,625;-259,0625;-217,78125;-74,96875;-147,84375;-127,625;-98,75;-37,25;-136,34375;-199,84375;-301,46875;-136,71875;-157,25;-209,59375;-96,71875;-143,875;-169,09375;-164,34375;-262,78125;-200,625;-105,8125;-107,3125;-128,09375;-147,5;-4,96875;-55,84375;-166,375;-109,96875;-171,71875;-84,21875;43,09375;-202,5625;-182,28125;-109,5;-75,59375;-5,71875;-88,25;-158,9375;-199;-63,5625;-179,75;-259,78125;-102,75;-88,34375;-261,71875;-56,90625;-121,25;-375,8125;-12,4375;-158,40625;-101,125;39,84375;-115,125;-159,8125;-67,6875;-58,53125;103,71875;-118,875;-238,1875;-86,78125;-103,09375;-78,25;-193,84375;-178,6875;-228,03125;-125,46875;-133,625;-149,875;-99;-136,59375;-253,0625;-292,8125;-223,3125;-25,03125;-164,3125;-187,09375;-2,6875;-144,75;41,375;-254,0625;9;-293,6875;-216,6875;-57,0625;-64,65625;-139,9375;-257,6875;-41,53125;-304,5625;57,21875;-171;84,875;-235,59375;-85,28125;77,9375;-94,9375;-76,625;-10,03125;43,34375;-237,4375;-152,65625;-211,875;-237,78125;-253,5;-105,96875;-13,5;-135,0625;18,1875;-166,84375;-29,96875;-4,46875;-53,5;-154,53125;-55,4375;-146,1875;12,375;28,03125;-110,5;-23,53125;-262,09375;28,125;-25,78125;24,4375;112;18,65625;-21,78125;44,1875;34,90625;98,125;190,8125;194,71875;61,8125;-44,625;-89,5;47,28125;-220,1875;-158,65625;-66,90625;-115,625;64,09375;-161,78125;128,8125;78,875;13,78125;-9,0625;-137,03125;-28,84375;-92,5625;-177,65625;-107,4375;-167,625;-100,71875;-163,9375;-157,46875;-49,65625;-23,09375;-54,1875;-173,21875;-96,53125;30;24,34375;-14,53125;-226,9375;144,8125;-82,34375;111,15625;-73,75;-131,40625;-113;-48;-197,1875;65,3125;-229,65625;8,65625;87,5625;55,75;52,375;-95,28125;-59;-160,5625;46,375;47,09375;-80,15625;-6,375;76,9375;-137,28125;103,5625;-118,0625;-14,5625;1,90625;-63,90625;-91,46875;199,875;-143,71875;-37,3125;-214,09375;-156,59375;14,875;-47,6875;48,34375;-277,53125;-151,875;-211,34375;68,25;26,34375;-130,875;26,25;-72,03125;-47,78125;13,28125;85,84375;84,25;99,09375;-9,90625;24,4375;12,96875;-45,59375;110,90625;52,90625;-11,8125;46,65625;47,4375;175,5625;109,0625;-54,53125;-110,40625;-12,34375;224,90625;97,09375;134,875;9;-64,34375;-9,1875;-20,1875;-48,875;41,21875;-142,4375;22,375;17,6875;39,125;-121;-14,96875;21,90625;-217,71875;-52,59375;-207;32,625;-16,9375;-76,28125;-34,0625;78,15625;160,28125;-44,46875;-152,625;-150,15625;25,03125;83,3125;-193,875;12,75;56,65625;64,875;231,15625;
94,25;131,5;295,0625;-47,28125;-11,21875;-56,71875;96,75;-59,59375;180,84375;38,125;-45;151,03125;62,28125;-235,4375;-44,875;-57;-191,03125;97,5625;-84,96875;11,90625;-10,25;112,78125;-105,4375;-41,5625;19,9375;75,53125;-15,34375;129,28125;-78,65625;63,8125;-22,15625;-25,78125;1,71875;-88,4375;-21,15625;3,75;154,21875;86,875;149,9375;78,46875;-113,53125;-131,59375;91,25;85,65625;-73;39,375;-46,03125;-62,53125;-160,28125;5,15625;-79,25;-59,96875;299,21875;76,15625;36,625;-50,5;119,84375;-185,96875;23,875;-109,71875;-69,59375;-13,90625;-72,15625;202,4375;-53,34375;-71,375;-148,96875;-24,15625;-87,8125;-143,78125;-35,65625;-22,625;-48,28125;28,25;-19,28125;142,71875;-23,25;-52,0625;-79,875;-115,875;54,75;0,875;110,96875;164,8125;-219,84375;62,78125;99,75;-68,03125;-145,1875;33,25;125,15625;-127,3125;63,625;96,125;-6,4375;12,09375;-115,84375;-235,40625;-129,96875;-47,90625;-129,6875;-2;224,84375;48,4375;-130,1875;34,03125;-103,8125;-9,75;20,90625;206,8125;-88,0625;29,96875;65,0625;-34,03125;28,40625;-178,5;-114,03125;0,6875;25,125;-150,9375;-89,125;17,3125;-152,3125;-42,65625;-185,3125;84,09375;120,8125;-62,65625;220,75;-69,40625;221,09375;-135,6875;93,9375;-60,71875;-22,5;93,90625;-267,65625;-49,96875;46,625;-105,1875;-14,53125;-21,1875;-23,4375;75,96875;9;-97,34375;-2,65625;-20,59375;251,9375;6,96875;255,375;125,96875;72,8125;-49,5;50,53125;-65,21875;107,3125;-20,59375;94,53125;75,4375;-140,75;73,625;-218,5625;-21,71875;-95,1875;266;18,875;103,53125;160,59375;-31,9375;9,65625;-62,15625;31,8125;-50,6875;48,65625;108,09375;-2,5625;-154,28125;-97,5625;-60;58,875;200,9375;370,28125;185,875;179,0625;252,03125;321,8125;105,625;325,96875;199;335,90625;45,8125;188,34375;57,4375;48,90625;46,25;187,46875;66,96875;-63,90625;112,375;-194,375;179,5625;9,65625;155,25;90;-220,6875;5,625;118,59375;-59,15625;257,84375;44,375;199,96875;256,21875;-23,40625;112,21875;14,53125;-54,75;181,78125;28,96875;-111,46875;-148,78125;-10,25;-35,59375;-57,28125;-30,9375;149,46875;-6,15625;-28,03125;71,375;100;36,4375;-68,28125;124,25;148,3125;23,3125;230,84375;-59,375;27,84375;-53,3125;58,375;18,1875;109,46875;20,1875;48,71875;187,375;258,65625;100,875;135,25;57,65625;228,9375;240;232,9375;60,40625;-13,5;167,59375;8,65625;303,21875;147,8125;100,34375;-13,0625;231,96875;139,71875;181,75;126,625;131,3125;-10,625;210,90625;221;-131,1875;-101,9375;160,3125;19,21875;208,96875;179,65625;191,65625;131,125;165,71875;214,09375;152,09375;126,78125;187,34375;234,75;198,3125;33,46875;188,125;135,65625;8,34375;142,5625;132,15625;32,0625;144,90625;168,28125;-19,8125;258,25;73,90625;306,59375;60,09375;40,90625;1,9375;-6,6875;-60,78125;258,03125;148,1875;70,5625;206,34375;11,5625;44,375;372,53125;286,625;138,78125;121,8125;116,59375;-15,21875;189,65625;232;350,71875;-51,5625;50,125;-1,59375;83,96875;
26,3125;-121,5;-209,9375;-257,1875;-40,5625;-99,6875;-203,9375;-140,53125;-230,6875;-172,96875;-331,0625;-139,8125;-137,25;-120,21875;-236,1875;-361,5;91,6875;-258,3125;-115,1875;-179,53125;-59,5625;-55,46875;-204,75;-66,96875;-225,34375;-152,6875;-121,46875;-95,625;-223,34375;-26,5625;-195,53125;-130,03125;-398,9375;-306,34375;-194,40625;-341,0625;-85,6875;-40,40625;-115,09375;-6,9375;-284,71875;-329,1875;-383,875;-28,125;-30,625;-304,625;-246,40625;-463,96875;-334,96875;-121,1875;-216,09375;-230,4375;-329,90625;-366,03125;-202,75;-254,71875;-303,1875;-138,96875;-331,9375;-338,5625;-275,40625;13,375;-143,25;-121,75;-283,40625;-82,03125;-234,3125;-162,34375;-350,65625;-201,09375;-117,8125;-112,65625;-392,46875;-53,5;-251,75;-236,5;-43,46875;-189;-247;-240,59375;-382,21875;-81,53125;-103,71875;-270,90625;-165,1875;-128,9375;-80,65625;-64,8125;-104,28125;-172,34375;-347,8125;-305,09375;-329,9375;-239,53125;4,96875;-174,09375;-267,78125;-217,21875;-118,59375;-182,8125;-194,3125;-260,53125;-300,59375;-110,65625;-405,40625;-119,03125;-98,15625;-282,625;-140,3125;-144,875;-107,5625;-53,40625;-81,5;-85,9375;-162,03125;-109,09375;-322,5625;-226;-224,875;-88,4375;-125,90625;-215,375;-113,71875;-97,84375;-223,4375;-221,09375;-199,75;-1,9375;-119,78125;-264,0625;-131,875;-187,8125;-179,5625;-276,03125;-196,15625;-126,90625;-153,28125;-317,8125;-201,375;-239,875;-340,0625;-401,40625;-120,875;-389,875;-213,59375;-340,3125;-252,09375;-147,9375;-260,71875;-51,875;-143,34375;-124,78125;-59,5625;-106,8125;-148,03125;-238,1875;-275,5625;-67,8125;-246,1875;-211,875;-248,53125;-352,8125;-217,625;-191,96875;-308,5625;-254,125;-224,625;-173,03125;6,3125;-318,8125;-70,65625;-136,125;-95,5;-76,0625;-188,0625;-97,375;-56,40625;-331,15625;-393,3125;1,4375;-183,96875;57,125;-140,625;-82,3125;8,03125;30,625;50,59375;73,90625;60,03125;105,5625;-8,0625;173,65625;-158,125;-214,46875;-4,875;-36,03125;59,46875;-150,21875;-76,59375;-78,5;-175,75;-98,03125;-46,3125;-187,125;-299,3125;-97,75;-253,75;-114,75;-226,125;-88,03125;-77,40625;-236,78125;-78,3125;-325,90625;-155,4375;56,65625;-126,71875;-221,84375;20;-22,65625;-220,40625;-206,3125;-151,6875;-96,65625;-97,1875;-70,78125;-245;-267,875;-302,0625;-60,5625;-142,71875;-203,78125;-67,90625;29,25;-79,375;-74,46875;-130,84375;30,65625;-175,59375;22,3125;-170,09375;-189,90625;-107,96875;-59,96875;-250,28125;63,65625;-130,875;-141,90625;74,53125;-141,46875;-118,9375;-26,0625;-165,34375;-270,25;-133,9375;37,1875;-175,6875;-111,28125;-131,25;-41,75;75,125;-96,03125;-215,03125;-94;-177,28125;26,03125;-180,1875;-102,28125;-90,34375;-309,25;5,375;-127,4375;-57,75;-143,65625;-24,25;-110;-128,375;-205,125;-66,5;-101,1875;-77,3125;19,03125;-212,625;-87,0625;-160,40625;-73,09375;-24,65625;-26,3125;-114,46875;-261,65625;-246,5;-247,875;-97,9375;-154,3125;-40,78125;-222,15625;-280,59375;-232,875;-218,90625;-153,15625;4,84375;-143,78125;-33,9375;58,21875;59,5625;-46,875;-88,9375;-194,1875;-72,28125;-136,71875;-131,03125;30,75;-3,6875;-200,8125;-246,3125;-246,125;-281,375;-119,375;23,59375;-86,25;
113,1875;104,96875;255,4375;130,53125;-41,5;211,34375;108,96875;160,0625;-9,25;133,78125;115,9375;211,84375;-105;-52,75;97,9375;251,03125;98,96875;142,21875;132,75;112,5625;-69,53125;214,625;191,78125;118,65625;191,25;33,78125;71,125;21,9375;173,71875;24,28125;-20,28125;195,8125;185,25;-15,4375;154;302,21875;208,71875;308,0625;49,1875;77,875;187,4375;-83,84375;232,71875;126,78125;72,75;-90,09375;104,46875;75,28125;-54,34375;196,15625;-143,25;152,15625;142,1875;-142,9375;20,9375;-18,03125;22,84375;148,28125;169,25;91,75;128,71875;142,53125;128,28125;147,53125;241;153,4375;139,71875;153,375;267,15625;62,375;118,8125;8,375;-43,375;96,34375;100,65625;155,28125;199,25;147,1875;149,4375;-128,1875;-77,8125;108,1875;94,96875;208,9375;245,875;25,21875;65,9375;64,5;200,875;50,90625;-20,34375;147,65625;19,28125;-66,71875;-35,21875;-29,5625;43,03125;84,84375;76,25;270;300,9375;113;59,6875;19,25;98,03125;273,4375;77,4375;280,71875;-66,46875;87,46875;-19,4375;65,25;-24,5625;155,53125;18,625;385,59375;226,28125;-13,625;-1,46875;73,0625;82,8125;-21,75;-40,4375;110,59375;-29,15625;48,375;149,90625;141,8125;155,3125;227,59375;165,78125;144,28125;305,125;329,34375;123,96875;252,375;195,875;-113,71875;90,40625;-0,1875;42,90625;105,375;-126,3125;-2,28125;214,34375;121,625;-19,59375;280,15625;236,1875;237,8125;303,90625;-48,59375;152,34375;143,625;305,4375;149,875;138,5625;147,90625;105,53125;-5,46875;102,875;-11,25;36,59375;-75,15625;-3,03125;157;50,90625;-38,96875;104,625;255,78125;-26,15625;212,9375;193;147,375;-34,0625;46,71875;92,15625;259,15625;-67,15625;135,75;250,5;169,9375;122,15625;343,375;197,65625;330,84375;514,53125;352,0625;411,40625;528,46875;304,625;112,0625;324,84375;157,125;33,1875;231,0625;106,78125;41,5;254,03125;147,15625;245,78125;-7,90625;313,0625;173,375;-51,5;137,28125;183,125;78,84375;121,90625;1,4375;271,625;55,90625;85,34375;259,53125;69,9375;68;50,625;295,15625;120,21875;231,6875;173,9375;147,53125;-61,09375;170,65625;108,90625;107,75;162,84375;266,125;188,40625;175,15625;167,375;204,21875;160,625;252,25;254,40625;354,84375;326,09375;203,90625;98,6875;246,9375;284,96875;247,625;69,21875;-2,59375;273,40625;21;-84,25;258,625;79,6875;181,84375;93,875;113,9375;191,75;227,125;57,0625;250,65625;164,125;99,78125;209,09375;-23,4375;235,6875;60,0625;1;234,96875;222,75;165;-68,09375;-14,5;266,40625;295,40625;376,9375;226,53125;302,65625;232,6875;279,6875;180,40625;330,09375;171,5;159,34375;86,28125;221,65625;38,21875;130,4375;442,6875;59,4375;-81,40625;58,75;144,96875;181,78125;150,03125;89,96875;201,3125;-4,875;65,5;143,09375;177,90625;87,65625;205,21875;229,59375;147,09375;218,5625;-19,03125;-29,3125;83,9375;143,375;206,46875;110,125;67,90625;89,09375;-46,3125;125,53125;293,625;23,34375;84,40625;155,71875;7,71875;103,5;130,1875;446,625;-79,125;
-29,90625;149,1875;-19,875;-4,46875;103,375;-100,78125;116,5;-93,1875;26,375;131,65625;42,84375;64,6875;106,53125;-9,21875;367,625;65,375;21,65625;-48,625;-165,21875;-80,28125;82,71875;-2,875;-6,65625;7,65625;69,1875;-51,9375;60,34375;17,28125;131,03125;166,5;117,46875;12,71875;30,03125;46,4375;-8,84375;23,53125;-39,03125;-118,15625;15,03125;-8,0625;96,3125;125,5;-57,65625;20,875;20,65625;0,4375;160,53125;177,15625;-42,34375;-159,09375;114,8125;-74,625;8,03125;29,6875;-134,375;-87,53125;-64,3125;66,25;-108,09375;-112,78125;-144,4375;151;-140,75;71,34375;50,5;29,09375;-143,375;-38,5;-36,625;47,15625;259,59375;-89,96875;-56,1875;110;-194,78125;-188,3125;-178,03125;28,5;-142,25;-9,09375;-12,5625;45,21875;-28,8125;-92,125;-77,6875;-14,40625;15,75;-145,96875;-32,3125;4,3125;-217,59375;12,90625;121,625;-32,28125;155,875;59,8125;172,9375;165,65625;-74,1875;94,59375;-80,625;148,6875;93,125;-98,875;-102,84375;-171,21875;-3,875;-97,15625;51,5625;151,84375;219,53125;153,5625;30,0625;52,46875;281,90625;20,71875;194,3125;-88,96875;-49,9375;-52,875;163,65625;12,15625;158,40625;-128,6875;-17,03125;-61,6875;-14,5;98,9375;-192;271,09375;-59,09375;-8,40625;183,34375;-10,5625;-73,15625;31,34375;152,15625;150,8125;68,1875;-118,125;-158,375;-296,9375;2,84375;-32,75;-31,375;15,34375;22,875;38,40625;178,125;-21,03125;298,71875;75,96875;274,46875;-151,46875;8;-151,15625;-5,53125;-52,09375;-74,78125;-128,90625;-130,90625;-23,125;-32,25;-123,09375;-96,625;-164,75;-67,5625;80,9375;-82,1875;122,0625;157,84375;91,6875;-67,5;152,84375;-147,125;-116,5625;32,96875;-82,4375;197,125;200,71875;69,3125;90,78125;257,28125;156,96875;222,78125;346,4375;343,875;388,46875;237,1875;140,4375;154,4375;207,46875;135,90625;132,90625;239,375;-89,46875;-199,875;-65,75;136,75;-58,21875;-186,96875;108,84375;245,59375;-13,6875;69,25;105,15625;-48,25;-49,59375;40,15625;95,8125;120,25;125,875;63,375;3,84375;48;29,4375;125,71875;-124,125;62,3125;117,875;234,65625;95;100,4375;73,71875;151;158,8125;37,4375;-14,75;101,875;-10,375;189,8125;-36,84375;201,84375;192,0625;92,34375;178,4375;59,125;92,9375;147,1875;-30,21875;135,71875;9,40625;263,78125;88,1875;94,4375;191,71875;21,875;144,4375;114,71875;-50,4375;71,59375;34,1875;-79,625;20,46875;-35,96875;106,78125;-44,40625;62,125;38,875;20,8125;76,9375;286,84375;55,8125;113,28125;111,46875;-68,9375;-136;-57,4375;34,28125;116,6875;140,3125;131,53125;124,625;46,5;180,4375;184,40625;278,65625;114,96875;47,9375;114,4375;73,0625;40,59375;150,28125;-16,4375;146,78125;-1,34375;78,21875;86,9375;61,40625;42,5;129,65625;285,1875;147,75;104,3125;149,8125;-14,40625;103,3125;242,09375;185,03125;-73,71875;-20,75;126,875;54,875;-67,21875;-123,59375;107,59375;192,09375;48,9375;18,15625;296,21875;-62,96875;74,46875;156,125;-109,75;91,59375;92,625;97,25;30,03125;-46,5625;1702,28125;
-48,34375;112,4375;-127,5;146,90625;57,96875;-103,59375;-41,84375;22,9375;93,625;56,21875;-114,9375;-302,4375;-9,53125;65,78125;55,4375;-175,375;99,5;106,78125;23,625;249,875;-96,34375;-70,78125;-88,84375;-120,28125;89,40625;-210,78125;149,1875;-197,625;-129,9375;-13,3125;-126,6875;-17;-214,09375;39,8125;-35,1875;-189,6875;209,9375;-50,75;-57,90625;-32;-174,25;-22,90625;-7,125;-168,28125;-63,03125;-44,3125;-3,28125;-162,75;-98,9375;-13,375;-156,46875;-236,21875;-201,6875;-41,5;123,0625;35,875;-143,75;158,78125;31,34375;-48,03125;-228,09375;-126,75;52,28125;-90,1875;-376,03125;-265,4375;40,5625;50,3125;-27,4375;90,34375;3,25;-241,34375;-30,78125;-84,78125;121,125;207,03125;32,28125;-49,6875;-147,84375;-105,53125;29,40625;-217,71875;86,03125;-165,6875;-93,3125;-241,9375;-52,40625;-66,71875;-258,90625;83,8125;5,90625;15,34375;14,375;-19,0625;0,34375;41,875;9,59375;78,46875;69,28125;56,75;202,375;87,5625;143,09375;-15,09375;-69,46875;-110,96875;-163,875;-283,28125;-133,53125;-143,25;-66,15625;344,25;214,46875;39,90625;-147,71875;160,34375;-84,375;-270,625;-222,4375;-231,53125;-220,875;-1,09375;-148,875;-163,53125;-15,34375;-126,875;34,4375;-136,03125;20,21875;7,3125;-125,3125;126,75;-105,6875;105,46875;140,0625;219,40625;87,8125;-120,4375;-182,21875;-182,375;-157,9375;-19,75;-94,875;-10,875;-78,6875;140,75;68,125;2;25,65625;174,125;-37,375;-11,8125;125,90625;-43,78125;-46,5;158,875;-200,84375;-127,0625;-150,5625;-110,875;-101,03125;8,34375;-293,59375;-142,1875;-35,09375;8,40625;85,65625;58,46875;-231,46875;84,875;-65,15625;-126,125;2,59375;7,9375;51,125;209,375;-21,46875;-165,40625;49,15625;5,28125;79,90625;15,4375;-43,75;185,75;185,40625;293,5;301,46875;331,6875;549,40625;131,4375;172,8125;138,0625;32;-150,625;136,375;-133,1875;-160,25;-149,375;14,375;15;-76,0625;-54,875;-41,4375;-87,28125;18,65625;63,65625;-4,15625;-165,6875;-27,46875;24,59375;69,6875;-67,34375;-84,125;194,25;-15,6875;-134,03125;-26,21875;165,75;-110,90625;-86,1875;2,875;-124,75;-23,09375;148,84375;221,21875;-137,4375;-36,625;77,09375;-51,75;160,65625;98,40625;268,59375;8,8125;152,25;13,3125;82,03125;164,15625;80,875;-221,3125;32,9375;-33,4375;-133,3125;-16,75;-181,25;36,71875;22,28125;20,4375;-121,75;-100,6875;-121,34375;154,71875;110,09375;-67,09375;60,09375;150,40625;53,3125;20,3125;-140,90625;49,34375;103,9375;-76,21875;101,21875;13,9375;211,59375;-104,71875;179,65625;36,15625;83,09375;42,1875;189,78125;-20,78125;193,6875;93,9375;-15,0625;73,03125;145,6875;121,5;167,21875;-37,71875;149,375;48,34375;183,875;140,34375;123;-95,3125;136,96875;79,3125;-10,28125;117,1875;-2,34375;104,40625;121,6875;173,71875;258,125;88,5625;-1,1875;193,59375;-38,4375;55,8125;40,5;-99,3125;93,53125;-17,4375;156,71875;178,625;-145,15625;88,03125;-16,46875;15,59375;-46,15625;149,375;184,96875;-47,03125;119;-73,71875;122,3125;148,25;84,09375;-34;3,03125;
122,1875;255,59375;92,46875;-109,28125;-44,5625;-54,34375;91,625;117,5625;185,0625;86,875;-82,03125;-7,21875;44,84375;-28,125;147,3125;50,09375;-102,4375;-60,71875;-4,5;-63,15625;26,25;50,84375;-315,59375;-94,3125;-17,4375;-32,15625;-232,65625;-20,90625;-52,875;-20,4375;214,125;8,65625;-68,375;98,1875;146,5;145,28125;-210,03125;-25,5;59,6875;11,375;15,5;10,5;-117,90625;3,59375;57,65625;76,21875;122,875;270,15625;-8,3125;-180,21875;-27,6875;45,125;117,15625;-29,625;52,03125;-35,40625;64,75;-81,8125;-68,46875;-186,3125;111,15625;-13,6875;-16,25;155,8125;-51,40625;25;-0,15625;50,34375;-203,75;-7,65625;144,96875;7,6875;-23,1875;-68,625;56,6875;-186,375;20,6875;29,1875;83,71875;-29,46875;44,53125;-114,21875;215,0625;-11,625;99,34375;213,34375;-3,15625;158,59375;-1,375;64,125;-88,21875;-196,40625;165,5;-14,40625;-119,28125;18,5625;206,84375;103,625;22,21875;103,65625;40,3125;-38,1875;-87,25;-135,875;-208,78125;12,4375;143,34375;-53,65625;63,84375;-103,59375;-58,90625;44,28125;191,90625;132,84375;274,53125;73,0625;21,875;-117,3125;-24;7,5625;64,3125;-81,53125;-57,46875;35,09375;22,21875;150,40625;81,3125;31,3125;-24,21875;175,8125;182,3125;-47,90625;91,6875;201,28125;49,4375;-22,0625;82,40625;82,78125;-15,125;195,15625;23,40625;-156,5625;187,6875;-63,4375;-3,90625;-4,90625;21,46875;-18;103,40625;198,25;-85,28125;359,09375;105,1875;-47,09375;-184,3125;-67,8125;-8,5;-15,46875;-60,21875;-126,25;-108,90625;-2;-110,96875;-230,4375;24,84375;-58,25;120,25;121,65625;210,625;131,5;31,125;-17,15625;-88,78125;-5,90625;243,5;-24,65625;-55,0625;142,75;86,9375;-1,53125;121,1875;-75,125;229,71875;198,25;209,28125;143,15625;293,1875;431,71875;339,65625;179,25;226,125;214,8125;-22;-88,5625;-136,125;78,71875;91,6875;110,9375;58,4375;63,84375;38,78125;-155,5625;14,25;-87,5625;111,6875;-117,59375;-177,03125;146,71875;-74,78125;73;-14,78125;-95,125;99,09375;237,65625;-130,6875;47,53125;-13,4375;5,59375;164,125;18,21875;-114,03125;304,09375;130,53125;293,875;240,09375;8,78125;-36,03125;-71,96875;161,90625;149,4375;109,3125;336,34375;158;248,53125;96;237,09375;84,09375;-100,96875;140,96875;-0,59375;-11,9375;117,96875;204,0625;-47,4375;-6,625;6;97,15625;75,9375;-25,875;61,125;114,8125;-45,59375;189,0625;69;116,8125;244,21875;228,6875;7,78125;15,21875;22,34375;28,9375;261,34375;7;111,1875;-33,28125;201,21875;138,03125;264,90625;65,8125;272,1875;-83,1875;38,4375;190,3125;-98,46875;144,875;12,96875;200,3125;73,34375;65,34375;294,34375;-29,4375;-39,9375;216,78125;192,59375;129,25;52,59375;38,75;143,625;-61,375;341,875;27,59375;96,15625;63,71875;74,75;-47,90625;152,1875;-117,40625;67,15625;126,9375;101,3125;50,3125;130,59375;247,1875;118,25;183,34375;190,3125;301,0625;-88,6875;59,84375;-42,65625;68;267,625;-1,53125;52,375;209,75;258,21875;112,53125;-81,375;109,8125;-16,5;
-72,4375;81,53125;29,90625;-87,03125;-54,125;94,96875;-277,34375;-3,59375;-188,40625;-107,9375;15,8125;-112,65625;17,09375;107,71875;-215,4375;-141;-119,5625;-188,96875;-53,84375;-158,5625;-153,34375;-81,15625;-44,65625;217,96875;24,1875;-163,8125;-128,65625;-279,65625;29,625;-163,0625;-106,09375;-109,78125;-200,625;-81,9375;-111;-258,84375;-127,34375;-29,75;-97,96875;76,6875;-40,9375;-209,8125;-224,8125;-171,375;-106,3125;-30,8125;-229,71875;-137,21875;-206,15625;-153,71875;-58,125;-153,0625;-262,65625;-26,78125;-110,1875;-40,0625;-123,78125;-123,28125;-316,9375;215,4375;39,9375;-186;-173,3125;-52,625;-64,34375;59,65625;-182,4375;-209,09375;-117,65625;-168,8125;-33,875;-162,09375;-93,34375;-69,1875;-51,4375;46,46875;-139,09375;-133,09375;-125,75;-388,25;-52,34375;-169,25;-140,25;-227,03125;-53,40625;-54,90625;-201,21875;-317,25;-246;-178,21875;-175,15625;-74,78125;-184,71875;-113,46875;-269,96875;-139,46875;-240,21875;-137,84375;-100,40625;-141,09375;-205,40625;-17,8125;-91,15625;-208,09375;-54,09375;-31,21875;-228,40625;-32,375;-13,09375;-47,8125;-7,34375;141,46875;91,6875;-69,71875;87,0625;27,03125;-274,28125;-29,53125;-197,40625;-105,53125;-239;-188,875;-102,21875;-97,375;-268,1875;-171,40625;-208,90625;-8,59375;86,46875;-131,0625;-46,59375;-142,1875;-37,65625;240,71875;207,21875;-35,8125;-104;-163,21875;-378,375;-51;-321,8125;-119,1875;-114,5625;-227,90625;-167,34375;-228,6875;-253,09375;-14,75;-33,34375;-90,78125;86,625;126,03125;-34,96875;-21,5;-239,625;-178,5625;-101,75;-259,09375;-391,15625;-112,375;-193,03125;-248,6875;-183,625;-29,1875;-306,78125;-97,15625;-74,28125;20,6875;211;133,4375;10,46875;-141;-55,59375;-48,875;-179;-1,96875;-177;-193,03125;103,5;55,5625;-11,9375;107,40625;6,40625;-59,5;-49,28125;266,40625;234,71875;225,84375;421,40625;142,9375;-41,78125;-52,09375;125,40625;95,0625;74,46875;-37,71875;-162,625;-246,8125;64,78125;5,875;-153,09375;-254,9375;-235,84375;-66,84375;55,71875;79,5;129,03125;-135,5;-11,21875;-338,4375;-85,0625;-314;-30,03125;-89,5;-53,40625;-76,65625;-64,34375;-18,09375;54,125;-111,6875;104,03125;86,6875;-86,84375;-149;-143,0625;-50,71875;-113,53125;181,09375;-85,625;-147,1875;-67,21875;-89,5;-51,84375;-94,21875;118,03125;150,40625;-28,59375;-65,71875;-129,84375;148,21875;-20,90625;-112,375;32,1875;-162,90625;-124,15625;-68,28125;105,25;-24,59375;-124,71875;-114,34375;-141,1875;-161,96875;-37,65625;-163,8125;101,5625;13,75;26,59375;299,6875;83,4375;9,84375;100,90625;43,53125;-171,125;112,90625;166,125;-94,375;-128,8125;-216,84375;-72,125;86,625;-83,6875;76,96875;-14,25;99,375;-99,8125;-60,65625;-65,28125;-235,59375;-249,5625;100,65625;15,625;-229,5;-44,28125;-179,78125;-91,375;-82,53125;-33,9375;35,15625;128,3125;-118,90625;76,9375;52,09375;-69,3125;102,46875;51,78125;-206,3125;154,4375;68,21875;-170,34375;29,9375;-83,03125;-7,9375;8,71875;-157,25;-87,03125;-23,09375;-35,09375;-55,40625;-227,4375;105,65625;-42,71875;183,84375;79,9375;169,71875;162,25;-2,96875;-25,125;-19,8125;131,90625;0,1875;
27,125;-32,28125;-138,25;19,5625;-77,71875;-15,375;106,78125;45,96875;106,53125;-43,5;-20,375;77,4375;-19,4375;170,5625;-140,375;-190,1875;-26,75;75,53125;79,625;-268,625;85,25;-81,875;308,34375;123,625;-72,5;120;129,8125;-82,15625;-163,5;-97,15625;-76,875;-157,3125;78,1875;-64,875;-77,75;-82,0625;41,46875;276;-86,0625;-122;-63,03125;-7,3125;-94,5;-53,3125;-119,40625;-160,78125;-133,5;-91,9375;-6,34375;-58,15625;-125,53125;54,65625;-211,3125;-101,15625;-139;-45,1875;48,125;-52,5;-178,125;-168,5625;335,375;113,3125;-22,3125;-33,875;19,34375;-62,625;-183,21875;7,59375;-208,5;65,09375;-203,875;-153,1875;-146,375;39;97,15625;58,59375;86,96875;33,375;161,75;-92,28125;1,6875;-70,21875;-51,65625;11,40625;-84,1875;35,71875;-30,125;45,34375;78,5;-205,9375;-63,84375;100,21875;-82,6875;-81,84375;48,125;61,4375;202,53125;-43;-194,9375;-261,71875;87,1875;-202,9375;7,15625;42,875;-57;-154;-151,28125;-84,15625;-120,9375;-73,84375;34,84375;53,75;151,75;131,4375;94,46875;167,3125;-130,75;-162,34375;-77,5;19,5;-1,3125;-24,59375;-65,125;-78,3125;26,0625;18,3125;-76,03125;-97,5625;-153,09375;185,21875;169,5;24,96875;64,6875;110,84375;235,8125;205,40625;23,78125;-35,875;-44,90625;-36;-33,9375;-170,71875;0;-10,71875;-63,25;-88,40625;53,875;142,78125;31,1875;411,53125;24,875;95,9375;220,65625;50,40625;-4,15625;-51,125;-35,90625;-47,71875;-208,65625;-119;-7,96875;49,9375;98,96875;40,46875;7,4375;53,90625;15,5625;146,875;23,21875;-72,125;148,09375;103,21875;7,1875;186,65625;-19,78125;-56,0625;-124,09375;57,65625;67,125;143,3125;135,28125;84,875;67,5625;241,5;29,0625;176,59375;222,9375;307,8125;183,9375;313,03125;137,78125;303,25;75,1875;-24,625;-73,0625;45,4375;24,875;-179,96875;-73,96875;-56,90625;35,09375;-49,5;88,5;-61,1875;112,875;65;-59,40625;96,6875;-20,78125;191,65625;-159,46875;-32,28125;-44,78125;-84,28125;14,8125;-16,28125;-17,25;-121,5625;-30,40625;23,3125;191,53125;-47,9375;-169,90625;104,5;97,125;-27,625;160,6875;58;-10,9375;241,96875;41,78125;195,9375;148,9375;277,5625;-12,8125;5,5625;-22,34375;300,90625;159,625;23,1875;42,625;-18,25;-190,0625;67,78125;49,9375;48,46875;-154,5;68,75;-71,71875;15,46875;19,4375;148,71875;-21,34375;218;-1,46875;118,53125;151,6875;80,4375;48,71875;44,8125;75,5;42,125;194,875;8,40625;203;36,28125;148,59375;100,3125;151,15625;218,78125;282,4375;152,8125;-42,96875;87,03125;-11,46875;10,03125;165;43,96875;74,84375;76,75;44,71875;-53,1875;39,34375;2,59375;139,09375;44,4375;171,84375;94,125;69,875;-33,8125;51,03125;78,40625;-45,75;6,15625;-45,53125;-11,96875;-289,625;114,65625;73,0625;52,4375;41,4375;47,59375;56,28125;-4;-62,78125;-78,25;23,5625;-66,6875;145,75;138,4375;4,59375;102,125;70,65625;195,59375;16,53125;-44,5625;-13,03125;45,8125;38,4375;-43,8125;
-229,84375;-73,375;-143,875;35,1875;-160,875;-30,4375;-137,4375;-100,1875;-129,15625;-174,90625;-142;-171,8125;-22,40625;-92,15625;123,84375;-33,59375;-69,28125;83,25;-12,96875;-95;-12,15625;-167,75;46,1875;23,8125;106,9375;-227,90625;4,0625;-96,5625;-283,71875;-205,0625;67,3125;-133,90625;-137,15625;-113,46875;-189,6875;-127,5;-60,53125;-179,3125;-112,25;-244,15625;21,09375;-97,9375;-34,0625;-32,78125;25,15625;94,15625;-179,34375;-116,5;-392,625;-149,40625;-145,8125;-279,03125;-197,125;-107,125;-263,34375;-96,71875;-235,40625;5,78125;-187,21875;-146,375;-195,90625;-181,1875;-85,15625;-102,09375;-94,625;-205,78125;-44,15625;-203,15625;-1,03125;15,9375;-8,65625;-214,9375;-201;-82,40625;-163,1875;-81,71875;-19,6875;-3,9375;-116,84375;-121;-231,75;-133,96875;-264,4375;-24,21875;-143,09375;-210,90625;91,09375;-211,15625;-75,875;37,875;33,90625;26;19,3125;95,5;135,375;-125,8125;37,40625;-159,9375;-225,65625;-49,1875;-327,34375;-229,65625;-184,78125;-268,65625;-80,8125;-192,5625;-235,5;-231,71875;-112,8125;-162,59375;50,375;71,96875;-60,03125;-221,84375;-308,78125;-206,40625;-141,4375;-29,40625;67,4375;106,53125;-103,96875;-230,65625;-6,375;224,875;-44,4375;-89,40625;-185,8125;106,1875;-211,75;10,1875;-75,59375;189,75;128,625;0,53125;-5;-33,125;-41,46875;56,65625;9,53125;-201,0625;-92,1875;-255,03125;-243,96875;-14,375;-276,4375;-5,25;29,25;-39,1875;-13,0625;138,40625;349,71875;297,375;-48,21875;96,8125;-232,15625;-37,84375;-89,125;-77,09375;-26,25;-118,15625;34,9375;-116,9375;-47,40625;-234,4375;-55,03125;111,84375;84,625;169;-214,40625;7,6875;67,6875;124,75;-83,1875;-66,0625;34,5625;113,59375;-286,75;-89,25;-181,8125;-61,09375;12,8125;1,25;37,5;147,1875;45,53125;261,21875;269,65625;279,90625;186,90625;35,03125;182,84375;111,40625;3,78125;-162,21875;134,65625;-7,40625;72,40625;-164,15625;-102,625;-79,4375;-274,3125;-149,53125;-46,125;69,40625;-182,125;-25,875;-91,5625;-145,375;134,09375;84,5;-122,5;-217,9375;-18,59375;-148,40625;41,8125;-66,9375;-30,84375;-65,3125;92,5625;-68,9375;83,625;-173,09375;-239,3125;190,15625;66,09375;-60,9375;-120,34375;-74,4375;8,34375;100,40625;-181,4375;79,6875;116,5;-78,75;60,21875;117,3125;38,46875;-30,84375;-56,15625;-73,875;-48,96875;-129,40625;-110;-15,21875;-139,90625;-216,1875;-135,25;-0,84375;53,96875;-151,75;6,59375;-20;-63,84375;-26,40625;187,21875;-94,78125;-192,15625;-183,0625;174,125;-171,46875;108,09375;19,5625;103,9375;64,03125;85,46875;-181,5;-255,75;76;37,78125;-1,40625;-17,40625;-51,71875;102,5625;-158,625;-154,21875;-55,53125;-104,4375;282,5;17,8125;41,53125;-47,65625;-95,40625;-5,1875;116,03125;88,53125;-53,9375;-170,5625;-17,96875;-16;32,53125;51,6875;8,90625;-129,15625;99,21875;150,84375;65,5;-53,9375;45,90625;27,25;27,84375;229,78125;47,15625;-20,625;28,75;129,28125;-90,34375;-73,3125;76,1875;-39,84375;-133,34375;101,0625;-155,78125;-86,5;-36,09375;-322,71875;159,1875;-111,46875;98,625;-5,3125;-50,78125;
-69,59375;265,375;-99,25;29,3125;90,4375;33,375;19,84375;-4,40625;-80,59375;158,0625;135,34375;26,4375;102,25;98,65625;67,21875;-67,6875;155;-18,0625;73,5;219,28125;-170,1875;111,6875;-100,09375;64,40625;136,4375;-54,21875;-37,625;-76,65625;81,625;-27,1875;101,84375;159,8125;-19,75;80,9375;96,78125;106,28125;211,8125;-20,46875;44,1875;39,5;174,5;117,90625;249,25;37,53125;-18,0625;-158,09375;-87,71875;-153;-164,3125;-209,28125;24,75;239,375;-53,65625;-1,5625;57,84375;27,71875;-76,34375;-200,15625;-64,8125;42,03125;171,65625;153,15625;-55,90625;21,3125;112,125;-98,34375;113,65625;55,09375;72,15625;235,0625;-21,6875;-202,40625;-109,8125;73,625;3,71875;-93,28125;-116,34375;96,4375;180,84375;23,15625;-21,34375;-150,46875;-82,5;23,5625;30,65625;42;-61,53125;27,8125;-20,1875;31,65625;-140,625;-70,375;157,375;76,125;89,3125;48,96875;113,875;138,96875;-65,375;116,53125;-197,46875;51,84375;-25,5;6,90625;70,9375;-28,71875;-12,1875;-14,59375;166,78125;-112,09375;134,53125;92,03125;242,1875;42,5625;350,28125;40,40625;18,84375;-75,84375;46,875;-172,5625;90,1875;207,75;28,15625;-126,4375;-50,53125;-98,90625;-6,9375;-120,84375;-33,21875;154,375;191,65625;33,40625;249,125;223,34375;122,4375;161,5625;-159,4375;4,09375;-36,59375;35,78125;-58,78125;-86,875;-122,21875;55,125;47,53125;125,25;31,78125;198,5625;146,84375;155,125;301,09375;10,78125;18,1875;200,375;140,34375;11,40625;2,0625;-21,53125;-170,34375;-2,90625;56,09375;37,78125;-42,1875;93,03125;-76,65625;-72,8125;-36,6875;31,09375;180,71875;-3,9375;131,75;283,03125;124,84375;-0,6875;7,90625;82,9375;-1,875;15,8125;-130,78125;67,9375;186,5625;8,40625;137,6875;284,375;159,46875;306,875;339,5625;277,46875;164,15625;295,75;194,53125;87,5;106,75;-18,15625;-20,84375;-79;-121,25;-1,75;-125,40625;-5,8125;-34,625;-4,40625;-84,5625;-93,78125;139,09375;-95,09375;-22,21875;-13,78125;-32,96875;26,25;28,90625;39,96875;-170,03125;10,96875;-8,78125;27,90625;-55,125;-352,90625;-213,46875;44,09375;-62,5;106,65625;181,84375;185,21875;50,15625;270,375;72,09375;61,09375;14,65625;176,625;131;-55,375;85,03125;16,84375;-75,34375;208,4375;23,46875;162,59375;23,8125;-117,5625;14,9375;-96,65625;144,5625;-48,4375;5,125;168,78125;3,40625;171;-49,375;95,03125;-25,0625;216,90625;79,03125;83,96875;24,59375;153,59375;-118,46875;172,03125;141,84375;123,59375;14,65625;300,90625;189,6875;-116,3125;136,8125;-225,625;14,59375;132,875;54,15625;218,65625;-74,9375;-13,59375;237,40625;-5,75;-14,3125;139,53125;1,0625;40;60,84375;-30,9375;-15,65625;-111,03125;1,1875;-74,34375;131,25;132,90625;-57,1875;-74,59375;74,21875;-34,6875;-88,46875;203,09375;80,21875;48,5625;4,84375;24,5625;97,46875;-16,0625;5,4375;148,96875;103,3125;-154,53125;-51,0625;29,625;239,40625;97,46875;-30,40625;-26,5;-6,3125;-87,28125;-15,59375;-163,5;226,375;119,46875;7,90625;15,6875;128,25;-85,15625;-163,78125;167,78125;
103,5;43,59375;270,875;62,8125;-290,78125;-224,3125;183,0625;-147,53125;30,75;25,8125;93,5625;-29,25;44,0625;-192,96875;89,4375;47,25;27,8125;50,34375;-50,125;55,65625;-95,9375;105,875;155,3125;41,78125;60,15625;0,71875;295,3125;-145,21875;138,875;78;6,40625;-66,65625;171,59375;19,8125;-88,59375;163,9375;-147,5625;-39,8125;-117,15625;-56,375;-92,84375;51,65625;78,34375;62,71875;27,65625;-94,25;-42,28125;57,03125;-16,625;-24,5625;-100,34375;22,59375;-118,625;84,3125;-140,96875;-95,375;27,40625;-164,5;-208,59375;47,375;-47,625;-17,625;-93,96875;-280,375;-105,4375;4,5625;112,25;-42,25;-23,09375;-74,4375;-61,875;11,59375;28,4375;-0,84375;-250,09375;73,6875;36,53125;-126,8125;94,5;-195,84375;2,96875;20,40625;126,0625;167,71875;-108,78125;81,4375;-127,71875;25,0625;88,53125;-10,71875;-51,90625;-17,53125;67,03125;-88,84375;4,84375;-84,1875;130,03125;-50,5;117,8125;169,40625;195,875;77,21875;-245,375;81,4375;-57,75;-73,375;29,625;135,125;-227,5;-3;44,03125;-116,46875;205,90625;-67,59375;182,96875;212,75;-48,375;29,6875;-36,09375;11,75;163,59375;-109,8125;17,40625;-36;-226,25;8,375;-45,34375;60,21875;98,90625;199,03125;116,53125;50,15625;28,03125;215,6875;101,21875;249,375;25,875;49,03125;-285,59375;-224,1875;-89,9375;181,5;-39,125;-250,625;-167,625;-60,3125;54,90625;190,0625;158,28125;24,0625;376,125;196,5625;188,65625;151,78125;61,15625;-71,75;-144,40625;74,625;-262,875;147,4375;-59,5;-174,875;82;74,9375;95,03125;-51,34375;81,28125;20,3125;78,53125;140,9375;12,03125;48,90625;-85,46875;203,78125;-12,59375;23,4375;-47,34375;-88,65625;73,78125;-52,6875;1,84375;197,21875;121,21875;167,03125;219,15625;248,9375;230,71875;417,59375;577,96875;160,03125;61,9375;232,0625;73,0625;147,9375;167,59375;210,6875;33,28125;179,9375;-207,78125;65,28125;-112,375;-121,28125;-121,625;283,5;-117,46875;187,375;26,34375;105,375;102,28125;51,4375;-191,1875;109,96875;-133,28125;-4,96875;66,65625;-63,0625;-90,625;-295,4375;-177,90625;138,59375;68,71875;-18,15625;186,5;208,25;152;58,71875;19,625;-143,5;120,6875;-12,875;129,0625;107,59375;-102,71875;-24,46875;-26,71875;-76,3125;201,78125;24,3125;32,40625;26,0625;2,09375;137,21875;-41,34375;-22,40625;79,90625;33,3125;-96,5;85,125;141,9375;-27,625;225,96875;78,78125;-21,03125;-57,59375;226,4375;-18,65625;112,5;154,1875;139,78125;235,6875;0,78125;57,09375;-31,5625;120,96875;146,8125;-98,53125;263,71875;98,53125;120,46875;223,03125;158,34375;43,84375;121,9375;-122,03125;23,59375;134,03125;-37,09375;70,875;38,84375;198,4375;147,53125;223,0625;202,84375;-137,59375;23,03125;70,5;-146,4375;-55,21875;275,46875;352,9375;85,65625;19,53125;238,5;51,6875;-181,46875;67,21875;-32,4375;-64,25;-50,71875;151,09375;-25,25;293,84375;139,5625;178,8125;123,0625;-148,21875;-144,875;-163,6875;-157,78125;40,875;184,65625;-19,75;37;118,8125;162,375;3,1875;-6,8125;128,40625;-70,96875;39,625;
-257,25;-97,84375;-175,71875;34,6875;-154,4375;0,78125;7,96875;-113,8125;-82,09375;-389,4375;-25,46875;-2,625;-20,25;-105,09375;89,25;25,6875;-38,78125;63,78125;-272,71875;-154,625;65,84375;-169,71875;122,0625;-257,96875;-307,75;-11,125;-148,1875;-234,8125;-156,96875;-250,375;56,875;-49,15625;98,125;-41,96875;-160,21875;-34,65625;34,53125;-213;-54,40625;-10,5;24,375;-134,71875;-275,53125;-134,71875;-101,59375;4,28125;-233,75;-188,3125;-16,65625;-59,96875;-1,34375;-346,28125;-98,21875;-322,8125;-89,125;-223,21875;5,96875;-277,4375;-202,40625;-160,5625;-36,6875;-101;-359,53125;-203,46875;-261,03125;-94,96875;-64,0625;-107,125;64,71875;-118,53125;-202,78125;14,78125;-10,34375;192,4375;72,4375;-204,28125;-1,25;-104,6875;-118,9375;-30,40625;135,53125;7,71875;-254,1875;-103,96875;-307,1875;-227,875;-184,28125;-311,4375;-327,1875;-121,625;-101,1875;-112,0625;33,375;53,15625;78,71875;-130,21875;19,5625;-28,96875;44,34375;-104,9375;-93;-213,8125;-187,375;-62;-64,875;-12,3125;-33,6875;-90,46875;-144,5;-68,75;102,03125;-80,59375;10,28125;46,78125;59,125;153,40625;-78,9375;-134,53125;-121,125;-125,3125;-18,6875;-510,0625;-263,65625;-109,65625;-147,5;-124,4375;-321,59375;160,34375;95,96875;58,84375;132,96875;29,1875;183,5625;160,1875;107,40625;-181,75;118,46875;-3,9375;-70,125;-4,625;-274,40625;-113,75;-43,75;-171,90625;-227,5625;48,21875;-156,59375;120,0625;-77,84375;85,59375;41;61,90625;105,625;222,75;-80,15625;248,75;66,5;74,0625;-95,40625;-95,625;37,3125;-188,875;-305,21875;-256,1875;-138,96875;68,78125;-140,53125;71,3125;-125,71875;-89,53125;72,375;-15,0625;52,96875;75,28125;80,9375;-19,09375;99,125;-76,78125;-93,90625;73,5;58,3125;184,75;232,8125;56,75;272,78125;162,84375;92,46875;417,59375;282,78125;218,4375;12,25;101,59375;14,875;-193,46875;30,9375;-54,8125;-143,96875;37,3125;8,71875;-3,71875;-167,9375;-134,46875;-106,0625;-8,6875;-172,75;-190,1875;-135,875;-215,90625;-91,90625;-255,5625;-25,53125;63,65625;-134,75;-85,90625;-34,4375;-143;-3,4375;-179,8125;-62,03125;-70,53125;-185,34375;223,375;22,53125;102,125;-44,96875;-166,28125;39,6875;-118,4375;-10,84375;1,875;330;-160,4375;60,75;57,8125;30,46875;145,25;-229,53125;-186,8125;25,3125;-14,84375;-66,71875;55,34375;131,75;-283,28125;-120,65625;-320,03125;-244,09375;-80,4375;89,25;-33,5625;-54,1875;95,34375;76,78125;-99,40625;-151,78125;114,375;118;-127,65625;-50,90625;-16,46875;-210,9375;-146,09375;-8,28125;-125,5625;-54,71875;-32,4375;-211,1875;-46,9375;-277,9375;-13,6875;-101,09375;127,625;-22,1875;133,96875;-61,4375;24,9375;61,6875;-92,6875;-204,6875;-188,15625;62,65625;30,0625;38,625;48,5;-212;-129,25;37,125;-108,96875;-203;28,25;-40,21875;-183,90625;-95,875;14,71875;190,65625;-136,625;-111,53125;8,53125;-26,375;-41,46875;-98,90625;-108,3125;16,28125;18,78125;76,75;-161,15625;176,9375;-187,0625;110,375;69,84375;11,15625;-200,625;8,65625;-122;-99,1875;-75,46875;-221,53125;-161,8125;52,5625;-134,40625;
-29,21875;62,875;-130,09375;-124,84375;42,46875;9,25;-35,40625;-165,125;-23,21875;120,25;148,78125;164,1875;39,65625;-84,71875;-63,125;40,3125;-114,40625;-49,28125;-48,875;96,75;52,875;46,15625;205;-10,15625;12,625;-1,78125;59,4375;-107;69,75;1,375;-77,34375;89,34375;167,0625;-62,78125;-49,5;71,375;2,25;52,625;130,0625;-168,03125;-56,8125;-205,21875;117,75;83,34375;-9,28125;-51,53125;-199,0625;-57,90625;-34,90625;46,625;251,375;-0,71875;72,125;-76,53125;-119,09375;-62,75;-55,1875;-220,21875;-189,40625;-150,375;-145,6875;26,875;21,28125;83,15625;-176,21875;51,25;46,84375;-68,46875;35,59375;-85,28125;-153,09375;-119,6875;-54,1875;-263,96875;26,40625;46,75;-112,6875;-189,1875;-174,59375;109,1875;-11,65625;-55,46875;267,125;-141,78125;-158,5625;-143,03125;10,8125;-67,15625;-166,21875;7,1875;10,75;49,625;-55,1875;108,25;71,5625;-68,25;-91,625;-52,15625;-171,53125;-146,5;-106,75;-53,90625;90,1875;26,625;-26,6875;109,5625;-29,96875;184;-0,875;30,5625;221,5625;243,03125;171,34375;383,3125;92,375;26,34375;-42,15625;122,59375;-69,8125;-229,625;-75,8125;-142,21875;-62,65625;118,0625;-32,125;150,34375;-208,5625;9,21875;-40,78125;52,125;244,90625;230,78125;180,71875;227,21875;243,40625;47,6875;89,09375;-77,90625;58,71875;20,3125;61,5;-34,46875;-21,59375;108,25;19,96875;92,25;32,34375;-91,21875;131,0625;325,8125;473,53125;212,125;185,8125;248,625;62,375;287,25;211,84375;-30,5625;148,53125;-78,125;-128,03125;-235,5625;69,4375;92,21875;55,9375;215,625;240,8125;112,1875;183,40625;99,15625;76,375;188,8125;-187,5;-122,9375;-45,03125;44,65625;9,90625;45,59375;2,125;255,15625;186,90625;379,46875;224,5625;218,78125;98,25;329,46875;456,09375;533,1875;390,59375;401,5;380,03125;180,65625;178,96875;-92,09375;-66,03125;34,84375;-19,09375;36,03125;89,28125;-37,84375;-64,90625;60,6875;178,6875;20,4375;-134,59375;-64,5625;135,75;-143,71875;129,96875;-25,21875;15,8125;-248,40625;146,03125;-12,71875;-3,84375;-115,59375;-61,65625;56,65625;91,75;-0,25;-206,3125;32,09375;105,40625;150,8125;14,34375;131,9375;90,375;80,0625;162,78125;36,375;-110,40625;80,84375;311,6875;25,125;331,0625;142,5;51,78125;125,90625;191,34375;-83,96875;-60,78125;-8,21875;-92,3125;-54,96875;264,28125;90,84375;-23,125;3,5625;14,84375;8,71875;28,09375;29,3125;-9,96875;315,34375;-62,4375;77,0625;-64,71875;-30,6875;-75,59375;-96,03125;88,59375;-7,40625;-12,9375;233,6875;39,96875;72,5;187,8125;195,375;85,15625;-76,875;-12,21875;-124,90625;62,28125;133,96875;-96,25;-56,78125;-108,40625;57,84375;-48,71875;15,25;-40,15625;-3,03125;-96;1,3125;-59,0625;259,09375;-33,1875;81,5;-113,875;24;123,78125;38,46875;-35,15625;87,75;197,09375;-24,3125;246,21875;102,96875;-49,125;-74,8125;147,5625;-46,9375;1,4375;106,4375;93,40625;78,34375;-28,625;-117,65625;93;62,125;30,09375;-95,6875;-225,96875;-84,375;10,03125;-132,9375;-145,3125;-108,65625;-82,53125;-79,5;
-152,90625;-26,90625;-64,40625;-223,1875;-93,625;-98,34375;-83,9375;-201,625;-331,78125;-92,6875;-81,25;-147;-143,96875;-217,3125;-181,65625;-40,78125;-100,4375;-149,09375;-256,9375;-346,8125;-111,15625;-122,90625;66;-353,3125;-80,25;-62,40625;-160,40625;16,75;-181,4375;-256,96875;-207,53125;-35,96875;-34,59375;-135,34375;-234,875;-214,34375;-99,6875;-267,46875;-283,46875;-152,9375;-198,125;110,09375;-266,84375;88,5625;-144,25;-211,5;-66,9375;-88,3125;18,5625;-272,53125;-123,09375;-205,9375;-231,40625;-112,3125;-107,8125;-14,75;-193,4375;-65,03125;-88,625;-234,875;6,46875;-29,46875;-66,84375;-278,3125;-199,15625;13,84375;-279,75;-173,21875;-285,78125;-336,53125;-240,25;-135,96875;-243,71875;-110,25;-129,40625;-211,75;-91,5625;-238,5625;-144,625;62,8125;-142,09375;-132,03125;-39,59375;-91;-159,09375;-295,59375;-245,625;-12,53125;-272,90625;-175,84375;36,96875;-61,0625;-205,65625;-15,0625;-165,21875;-243,4375;-141,75;170,0625;-116,84375;127,8125;-251;-109;110,0625;-73,78125;-155,28125;-213,84375;-199,5;-250,59375;-244,96875;-114,09375;8,3125;41,125;102,03125;88,875;146,78125;-98,1875;45,03125;-83,0625;-3,40625;-192,5;-245,4375;-412,96875;-170,6875;-327,4375;-140,59375;-158,875;-143;-73,78125;76,125;-65,71875;37,46875;-80,65625;86,59375;-15,71875;81,59375;122,90625;0,625;-102,25;-371,96875;-207,09375;-314,96875;-219,375;-173,15625;-224,53125;-273,90625;-109,84375;-37,15625;-90,03125;41,65625;297,28125;159,125;338,40625;99,375;72,84375;190,78125;93,125;146,78125;-55,71875;-133,21875;-227,65625;-86,28125;-206,3125;-113,875;-186,78125;-19,59375;103,0625;208,625;9,65625;-18,375;29,0625;-59,8125;-49,28125;-33,1875;1,15625;-21,53125;-73,15625;24,8125;-56,03125;-25,15625;8,375;306,34375;210,75;328,875;118,4375;281,09375;332,375;513,09375;114,96875;192,0625;312,59375;292,34375;15,46875;-24,21875;168,28125;204,4375;-100,34375;20,75;-223,1875;215,5625;-16,25;-159,75;-224,5;-54,5625;-201,53125;-344,34375;-259,34375;-85,90625;-259,1875;-94,34375;-102,53125;-63,46875;-8,09375;-168,25;1,28125;-172,46875;169,65625;-22,90625;-243,625;-27,9375;-91,90625;-128,375;20,625;25,125;-12,59375;96,65625;-40,90625;-340,40625;-1,59375;-36;-41,28125;-65,75;-52,5;22,125;123,8125;150,5;42,625;-200,65625;-159,40625;-162,40625;-86,875;-106,1875;0,125;-130,25;23,9375;-81,59375;-165,4375;-82,53125;-214,6875;-66,4375;51,15625;-38,875;-91,03125;-24,3125;-46,9375;-122,71875;-60,34375;-213,4375;-239,59375;-88,34375;-150,25;182,625;-69,375;-110,78125;1,5;-134,875;-107,21875;-94,78125;12,53125;4,4375;92,71875;106,78125;76,90625;-27,9375;92,46875;-57,46875;-130,53125;-121,21875;-99,5625;-215,8125;-32,8125;30,1875;-129,25;-419,375;-69,90625;-125,125;-148,84375;-145,625;-352,90625;62,5;47;74,0625;62,125;-126,8125;-41,28125;-252,9375;-68,8125;-49,875;-199,5625;-190,5625;-11,46875;-271,59375;-211,96875;-210,3125;-144,59375;-245,75;-189,65625;49,78125;-129,15625;-217,9375;-140,78125;-145,9375;91,71875;-113,875;-17,15625;-130,0625;27,4375;-131,9375;-165,5625;-98,71875;-29,15625;
-127,25;-53;-98,5;-263,40625;2,96875;-47,375;-25,5;76,5625;-59,96875;82,125;-5,5;-49,34375;140,5625;-102,71875;86,96875;-36,21875;-16,59375;13,25;22,0625;-46,40625;-36,4375;-138,03125;-44;-8,53125;11,125;198,15625;-178,1875;-146,5625;-68,75;-5,375;23,28125;-203,625;-196,53125;112,875;-163,84375;-100,6875;-62,21875;63,1875;23,6875;-163,875;-183,71875;-143,8125;-88,75;7,90625;-169,5625;-104,0625;-37,78125;-133,1875;-21,09375;-129,6875;37,53125;7,5;-52,21875;-229,28125;-206,5625;-227,21875;-154,875;-126,8125;-134,78125;-136,09375;-107,40625;-11,5;-10,78125;-222,875;-107,9375;-6,9375;-141,0625;-6,53125;-78,15625;-80,375;-216,46875;75,5;-250,5;-71,40625;-106,9375;-159,1875;-254,09375;135;-150,5625;-283,125;-62,28125;-84;-285,65625;-249,6875;-88,9375;-183,25;-27,96875;75,9375;-191,5;-214,5;0,9375;-28,625;164,71875;106,15625;-223,09375;-33,09375;-248,6875;29,84375;-44,75;-19,125;-61;-94,15625;-125,125;-86,59375;-155,9375;-160,5;-138,6875;-11;-214,96875;-14,96875;63,8125;135,375;50,96875;-47,71875;50,78125;126,09375;35,59375;-117,8125;-88,28125;-38,375;-14,65625;59,4375;-121,46875;-52,96875;-99,875;46,46875;-26,65625;-104,6875;33,15625;153,84375;91,75;187,6875;226,28125;206,96875;305,625;88,78125;54,75;117,40625;62,875;-122,5625;-264,5625;-110;-69,3125;-173,15625;-109,28125;-0,03125;-15,8125;101,4375;182,75;62,53125;242,3125;127,59375;230,125;5;95,15625;160;338,3125;186,03125;29,4375;-253,25;-324,875;-133,34375;-58,0625;-113,71875;28,875;-3,15625;295,875;-80,875;62,9375;242,25;89,09375;-20,71875;-6,8125;49,375;-65,09375;1,34375;50,90625;135,09375;211,96875;170,3125;325,28125;127,09375;298,28125;197,21875;352,9375;356,0625;290,125;502,78125;357,90625;308,96875;391,78125;236,40625;127,8125;219,03125;113,25;98,5625;-85,78125;-104,8125;-303,71875;82,5625;-286,84375;89,09375;-63,96875;89,90625;-318,25;-90,84375;-4,6875;9,34375;-97,25;68,4375;-94,8125;-113,46875;-99;-108,4375;65,40625;-86,90625;-73,90625;-73,875;-146,4375;-198,3125;-149,46875;-74,71875;-62,71875;146,375;-88,6875;13,625;-34,4375;-110,09375;130;-4,71875;121,71875;-50,34375;-293;11,96875;-104,34375;51,1875;35,40625;29,65625;-187,3125;-67,46875;-53,34375;111,53125;-10,09375;-21,53125;-60,90625;-76,65625;-166,53125;-131,1875;-276,5625;12,21875;103,71875;-7,71875;69,53125;-29,125;47,125;12,375;194,59375;-133,90625;-83,6875;-42,375;35,84375;-249,03125;-210,03125;54,34375;44,96875;59,03125;-158,46875;-51,65625;0;-155,0625;68,21875;24,84375;18,09375;72,5;9,28125;92,84375;109,90625;-78,09375;-193,3125;82,9375;159,6875;-12,4375;7;-168,5;-140,4375;-158,53125;-39,78125;65,4375;-29,25;66,8125;-186,71875;3,5;-98,21875;-75,71875;-78,6875;-16,84375;173,34375;-46,25;-117,09375;33,625;-3,25;-113,40625;191,78125;95,75;-159,125;-97,96875;-113,375;-172,84375;-96,25;40,71875;-83,5625;-26,4375;-97,375;-93,375;2,375;-157;-1,71875;-76,59375;-35,90625;-80,5625;
-85,25;55,28125;83;-9,96875;-247,75;-37,3125;22,21875;-32,53125;78;193,53125;140,4375;-64;-61,59375;-64,5625;69,0625;207,375;-1,5;79,34375;-116,90625;83,8125;-18,4375;-122,65625;190,5625;-88,96875;-54,40625;-81,4375;-166,46875;-111,71875;-21,03125;119,3125;91,15625;-14,53125;154,53125;-71,78125;138,03125;-42,46875;-26,5625;-11,84375;-150;116,28125;85,1875;-157,40625;-251,28125;-34,28125;176,4375;25,46875;-302,65625;-288,875;106,125;-185,84375;-74,875;158,21875;56,40625;-124,375;12,09375;-42,21875;169,59375;-88,28125;77,3125;-57,15625;-69,65625;-10,90625;-98,4375;-10,78125;162;55,90625;-134,78125;-183,5625;41,40625;133,4375;28,3125;-28,96875;-56,46875;-304,1875;-13,90625;-29,5625;-37,53125;26,3125;-112,875;-89,1875;98,53125;-42,1875;161,15625;194,09375;-106,15625;-85,8125;10,5625;2,34375;140,75;26,09375;37,875;152,6875;69,90625;-133,28125;224,25;-90,71875;93,625;-91,25;-46,53125;-187;45,5;5,5;47,90625;81,03125;22,84375;80,28125;-73,65625;-118,1875;59,09375;-51,59375;105,3125;199,75;288,59375;163,75;3,6875;-29,84375;110,75;-92,65625;7,5625;-95,8125;-4,5;-127,4375;-93,25;-200,15625;-113,59375;49,75;-78,8125;32,1875;119,09375;303,90625;342,125;250,09375;208,21875;336,8125;237,84375;201,9375;58,96875;178,78125;96,40625;140,6875;26,5;106,9375;3,40625;42,125;-6,25;10,5625;157,5625;115,71875;194,90625;370,375;263,8125;332,28125;272,53125;286,71875;378,9375;151,8125;200;88,9375;157,5;-139,0625;215,53125;-12,8125;142,8125;117,09375;58,59375;108,78125;73,375;145,0625;383,5;256,90625;129,875;12,3125;183,625;177,34375;-31,875;99,65625;271,25;291,0625;324,8125;230,46875;473,5625;442,34375;570,4375;586,65625;420,65625;600,71875;602,0625;690,25;491,5625;497,375;403,28125;384,03125;201,59375;166,375;262,0625;188,21875;-38,1875;88,40625;-4,6875;-4,25;33,1875;199,4375;241,1875;21,84375;44,625;-64,40625;71,84375;119,03125;19,34375;190,40625;53,0625;134,59375;-114,9375;169,34375;12,125;3,21875;220,875;69,875;14,34375;141,6875;28,375;252,375;-51,6875;237,03125;261,8125;175,71875;-39,53125;-113,40625;311,46875;139,3125;133;96,21875;149;169,1875;93,375;54,53125;111,5;202,0625;135,125;215,1875;-107,5625;44,65625;83,375;98,75;36,28125;84,625;-81,46875;247,25;176,25;41,1875;-53,5;124,96875;224,34375;50,125;30,0625;176,96875;234,5625;214,8125;-180,25;186,90625;187,4375;170,78125;132,375;202,59375;217,40625;-107,6875;48,125;74;216,34375;169;45,96875;-26,15625;-40,3125;185,8125;52,125;20,28125;104,625;91,78125;96,75;150,40625;83,65625;251,71875;71,84375;252,28125;50,59375;1,3125;14,71875;97,84375;112,03125;57,03125;151;127,90625;123,1875;49,75;86,90625;21,28125;211,1875;171,375;-75,75;38,875;159,75;6,875;-1,6875;145,8125;191,75;128,9375;127,90625;-9,875;126,34375;139,28125;6,125;143,5;-2,71875;119,5625;219,09375;238,4375;-20,15625;69,875;-9,59375;56,46875;
-43,125;-112,78125;-174,96875;-191,375;-304,28125;-83,78125;0,65625;-96,9375;-32,40625;-249,125;-47,8125;-77,53125;-117,46875;-317,46875;-143,53125;-113,875;-177,40625;-89,21875;-50,125;-252,9375;-62,15625;-340,375;-167,65625;-106,375;-123,59375;-297,96875;-290,1875;-233,15625;-244,5;-226,09375;-168;-142,21875;-209,5;-118,3125;-238,21875;-3,03125;-381,59375;-180,84375;-179,71875;12,28125;13,4375;-195,6875;-229,5;-70,25;-199,625;-59,6875;-90,59375;-257,375;-145,96875;-180,8125;-432,6875;-418,21875;-320,09375;-296,71875;-222;-122,625;-379;-40,46875;-393,5;-329,65625;-71,90625;-284,6875;-213,5;-66,875;-175,625;-134,9375;-185,28125;-87,0625;-233,3125;-97,1875;-189,15625;-171,4375;-273,34375;-14,8125;-243,8125;-93,84375;-164,0625;-105,6875;-213,875;-104,75;-88,875;-159,15625;-76,28125;-287,34375;-226,40625;-234,8125;-42,53125;-341,15625;-155,5625;-207,375;-230,34375;-197,4375;101,84375;-5,5;-42,5625;-133,5;-125,375;25,28125;23,125;-63,34375;-99,78125;-170,75;-202,8125;-257,96875;-189,25;-357,84375;-278,34375;-243,96875;-235,75;-15,90625;-43,34375;-212,1875;-72,09375;-11,625;-83,71875;10,46875;-216,625;-77,125;-146,78125;-426,25;-68,9375;-325,4375;-328,65625;-133,40625;-236,875;-288,84375;-232,75;-343,78125;-17,25;38,34375;-91,75;22,25;39,8125;-115,59375;-29,96875;-80,15625;-91,59375;-64,4375;-113,59375;-164,5;-9,96875;-71,28125;-184,34375;-52,75;-111,5;-94,25;-180,4375;-167,4375;32,3125;-114,71875;88,09375;85,84375;43,09375;-18,6875;25,375;-24,96875;7,125;-10,59375;-228,78125;60,8125;-160,3125;-142,71875;-216,59375;-118,6875;-49,0625;-2,75;-81,6875;93,84375;-47,6875;197,53125;105,9375;93,03125;148,09375;-11,125;-205,625;101,9375;-106,59375;281,375;120,90625;291,5625;216,0625;76,34375;219,40625;203,9375;404,625;477,5;301,0625;274,3125;361,28125;231,3125;420,5;137,125;1,8125;-48,5;-61,5;-167,1875;-239,65625;-311,28125;-300,09375;-98,5;-127,28125;-129,5625;-102,53125;-331,59375;-321,28125;-2,9375;-33,75;-121,8125;-68,90625;-322;-206,875;48,40625;-276,8125;-201,40625;42,5;-200,6875;-168,84375;-41,40625;42,03125;-7,25;375,46875;109,96875;-168,03125;78,25;27,84375;-0,875;-109,78125;-61,125;44,84375;-38,125;76,0625;-89,125;-95,09375;36,875;-21,53125;-174,15625;-201,25;4,875;-189,21875;63,03125;-175,65625;-83,46875;-35,125;-113,28125;-25,21875;-241,09375;28,6875;-171,6875;-83,78125;44,46875;47,625;-46,9375;9,40625;-40,125;40,34375;-74,53125;-63,65625;-175,40625;55,6875;-121,15625;-88,0625;112,09375;-131,03125;-109,6875;-159,25;-168,5;-187,5;-33,65625;-120,4375;-226,4375;-100,84375;-7,59375;-37,21875;150,21875;37,125;-18,5625;-127,6875;-189,96875;135,84375;-81,25;86,15625;-21,84375;-194,96875;-91,8125;-225,9375;69,0625;189,9375;-220,5625;31,53125;-202,9375;-68,90625;-18,9375;-150,53125;88,4375;-65,4375;-99,9375;-81,09375;6,625;26,78125;11,4375;-6,25;67,6875;-94,09375;-100,59375;-67,15625;-104,0625;-150,40625;-153,03125;-213,1875;-118,6875;70,09375;-25,3125;-17,1875;-159,0625;5,25;-93,6875;-37,71875;9,875;53,125;-37,71875;
-53,84375;-150,25;-17,5;-240,90625;-134,0625;143,09375;1,9375;-226,875;-211,40625;-110,0625;-181,53125;-109,59375;-8,40625;-293,40625;-138,59375;48,03125;-6,75;-190,65625;-118,34375;164,6875;-296,3125;-71,84375;-72,78125;-254,875;104,71875;-229,1875;-196,90625;-128,84375;-118,625;-329,78125;-120,75;-165,71875;-164,59375;-215,8125;-416,15625;-253,28125;-269,0625;-102,15625;-175,09375;-9,34375;-196,28125;-251,8125;-345,15625;-158;-125,34375;-123,15625;-149,46875;-16,21875;9;-154,3125;-210;-124,90625;-219,78125;16,21875;-90,03125;-9,46875;-7,6875;-251,1875;-194,5;-108,46875;-292,40625;-29,0625;-147,125;-240,03125;-19,4375;-180,5625;-54,375;-89,1875;-264,3125;-182,4375;-41,625;-75,21875;-262,71875;-101,625;51,46875;-50,375;-206,875;-359,03125;-312,15625;-130,65625;-150,4375;-0,6875;-302,21875;-151,1875;-128,15625;-171;-125,71875;-157,5625;22,96875;-99;2,1875;-80,40625;-19,5625;-144,6875;-425,625;183,53125;35,15625;-286,375;-60,28125;41,5;-41,46875;-83,4375;-13,21875;-265,46875;-55,53125;-172,65625;-68,53125;-125,625;14,8125;-74,1875;-117,71875;84,75;-33,375;17,71875;210,75;49,78125;-96,9375;-19,90625;-147,6875;-47;-151,6875;-204,8125;-258,96875;-414,3125;-262,3125;-242,6875;2,8125;-57,46875;56,59375;-44,78125;174,3125;188,3125;197,46875;105,875;277,125;220,46875;24,34375;-56,6875;-143,53125;-196,28125;64,875;-17,625;-102,15625;-270,53125;-237,15625;-112,84375;-14,03125;45,78125;230,28125;179,28125;47,4375;362,0625;139,96875;-42,78125;80,53125;234,03125;7,09375;29,40625;71,59375;-67,28125;-104,25;-195,90625;-226,09375;30,5625;-129,625;-167,09375;181,53125;227,75;-2,8125;226,1875;29,09375;94,9375;-77,71875;23,4375;131,15625;-31,59375;66,375;-88,125;46,46875;308,5625;88,71875;437,84375;374,84375;332,1875;528,75;-1,46875;438,875;292,15625;445,40625;386,3125;232,6875;239,59375;-28,90625;128,65625;18,0625;82,3125;157,6875;-86,46875;-108,90625;-135,6875;-37,8125;-164,28125;-2,6875;-52,71875;-123,5;133,46875;-275;-76,65625;-69,46875;-122,84375;-97,65625;-162,6875;-200,25;-90,1875;71,84375;23,4375;43,84375;-61,1875;-214,875;-97,1875;10,6875;-71,46875;132,59375;-198,9375;-105,21875;111,71875;-113,1875;123,53125;-10,71875;-167,03125;69,6875;100,40625;140,25;-13,46875;191,15625;2,84375;-66,21875;65,875;206,9375;-6,25;39,75;183,6875;-154,53125;-75,875;-135,09375;112,125;-77,8125;-94,1875;115,34375;-88,3125;99,40625;-80;30,875;-24,96875;-48,25;-184,4375;-33,96875;-3,03125;-72,40625;-47,0625;-20,53125;-99,78125;4,875;68,125;67;84,59375;-8,125;-131,65625;-141,03125;-133,5625;93,5;-104,71875;-118,25;36,9375;-210,875;5,21875;55,5;-87,5;2,59375;-169,6875;-102,6875;28,5;-177,09375;-25,1875;-10,625;-275,90625;68,96875;192,78125;-34,53125;103,0625;21,53125;7;-61,78125;1,03125;-1,375;-58,90625;-122,65625;-265,78125;-132,96875;-104,875;-147,40625;246,8125;-19,9375;-163,34375;98,09375;-333,09375;-5,40625;-86,15625;101,03125;154,71875;25,9375;-40,78125;-81,84375;-35;-115,6875;-13,4375;-110,71875;-161,28125;-6,34375;-23,28125;
162,71875;-104,28125;12,59375;-129,6875;-128,9375;-2,6875;-112,25;-14,75;110,5;128,71875;-163,6875;-151,90625;72,375;-98,6875;-87,9375;35,0625;87,75;-106,53125;24,9375;114,8125;-204,8125;-88,5;156,125;-13,125;-12,65625;-0,875;-27,3125;89,8125;-12,09375;65,8125;8,28125;-111,75;29,875;72,34375;-127,4375;-109,90625;88,78125;1,96875;109,4375;-37,46875;-45,375;184,59375;-38,375;-93,40625;-42,28125;-24,84375;-19,875;190,84375;92,34375;111,84375;-48,03125;-63,6875;-0,1875;155,21875;-3,1875;-33,71875;27,15625;-69,1875;-184;80,40625;-51,78125;137,90625;-85,5625;-100,34375;65,125;69,8125;91,59375;-67,1875;-167,65625;-134,8125;-69,625;-73,96875;-171;-14,25;-22,1875;7,09375;100,75;-90,53125;-15,6875;-8,6875;69,75;-44,96875;-116,625;-195,78125;21,78125;115,28125;222;86,6875;96,625;-149,8125;172,78125;-55,15625;56,71875;-5,28125;-169,71875;-33,78125;2,875;-30,09375;-96,4375;-7,0625;-87,21875;201,65625;192,6875;-105,65625;105,09375;-53,96875;-60,875;-81,15625;-15,3125;-92,5625;-215,34375;16,5625;158,8125;92,71875;107,96875;22,6875;81,59375;127,5625;72,03125;-126,875;40,0625;-33,78125;-36,53125;-41,9375;-209,46875;18,46875;24,6875;166,0625;146,90625;100,28125;207,71875;54,28125;147,125;265,75;152,625;90,34375;246,375;22,03125;62,15625;-11,75;-214,5;120,625;256,4375;31,1875;46,625;109,3125;163,25;226,34375;200,84375;251,3125;138,25;229,53125;247,34375;180,53125;230,5625;-16,75;210;310,875;38,46875;24,84375;246,9375;-6,28125;-17,78125;42,8125;109,25;-32,78125;170,125;234,59375;274;29,9375;183,125;30,65625;85,09375;90,40625;300,875;384,03125;125,8125;205,0625;293,125;199,5;343,90625;281,03125;423,6875;645,3125;297,375;292,09375;395,21875;535,1875;358,90625;356,8125;443,71875;300,6875;314,4375;57,90625;137,53125;236,09375;154,15625;17,96875;-76,46875;10,40625;-43,3125;71,625;32,59375;-146,3125;133,96875;-132,90625;-38,28125;-142,5625;-37,6875;29,84375;137,0625;-130,96875;161,625;151,28125;88,375;137,4375;-64,625;-116,03125;-93,03125;49,125;188,84375;35,96875;187,21875;210,9375;20,15625;60,1875;-68,65625;58,9375;-151,90625;83,09375;150,625;23,25;142,3125;245,6875;135,4375;231,6875;-76,78125;103,625;61,5625;15,21875;22,875;78,875;168;-55,09375;-222,09375;-82,75;35,0625;-41,6875;-21,71875;150,21875;53,90625;100,28125;265,21875;171,875;100,40625;-39,625;-39,21875;4,78125;284,6875;204,28125;-26,90625;-46;-27,75;73,28125;56,8125;-41,4375;52,90625;3,625;64,6875;111,53125;169,75;154,09375;179,0625;105,53125;-95,5;208,78125;3,40625;109,40625;64,15625;28,40625;87,65625;112,15625;168,90625;111,53125;-98,90625;110,5625;133,875;145,15625;93,6875;-2,34375;5,75;2,90625;-91,21875;57,28125;-98,59375;-114,625;80,40625;8;112,46875;143,34375;13,0625;83,1875;84,5;-8,96875;-199,53125;54,0625;159,8125;-55,0625;242,28125;66,5625;152,71875;82,625;-32,875;17,4375;168,03125;103,5;-121,34375;120,09375;-40,4375;175,25;
-123,53125;-170,03125;-49,125;-214,8125;14,875;-124,78125;-72,25;-1;-119,75;-182,65625;-174,53125;-41,65625;-117,375;-52,8125;-109,0625;3,3125;-70,5625;-176,90625;-105,875;-18,09375;-347,3125;-174,78125;-44,28125;-307,09375;-165,25;-335,71875;-32,46875;-132,78125;-254,78125;-169,21875;-309,78125;-165,0625;-44,15625;-171,25;-20,4375;-159,625;-157,78125;-158,71875;-84,15625;-238,90625;-61,3125;-325,53125;-12,625;-278,625;-123,75;-145;21,84375;-162,0625;-364,25;-468,1875;-114,5;-208,1875;-21,71875;-31,6875;-315,53125;-124,8125;-399,625;-337,90625;-94,25;-42,125;-188,9375;-238,875;-192,40625;-246,65625;-337,8125;-283,96875;-135,1875;-194,84375;-353,53125;-361,40625;-394,5625;-57,03125;-44,875;-340,5;-305,78125;-176,28125;-277,15625;-103,75;-163,21875;9,46875;-76,96875;-79,59375;-174,15625;-100,34375;-156,375;-201,90625;-33,09375;50,3125;-175,84375;-226,15625;-265,125;-217,53125;-327,6875;16,53125;-223,25;-72,4375;-234,125;-434,25;-210,3125;30,6875;-19,03125;102,0625;-144,34375;-90,4375;-96,78125;-7,09375;-180,5625;-122,28125;-316,0625;-29,125;-253,9375;9,71875;125,28125;-206,03125;64,9375;29,03125;140,875;-116,25;-49,875;-108,28125;-262,96875;-127,34375;-260,53125;-181,34375;-199,59375;-164,75;-33,3125;-214,46875;-107,03125;-122,3125;125,40625;52,0625;139,875;47,59375;115,6875;113,28125;72,53125;-60,75;-120,65625;-192,96875;-276,09375;-25,6875;-207,15625;-154,96875;-293,125;-38,5;-33,34375;-33,03125;-147,625;75,15625;-60,84375;137,8125;-130,59375;123,21875;-2,3125;238;-124,5625;-104,3125;-184,71875;-187,375;142,03125;-80,8125;-305,875;-238,8125;-228,375;-0,625;103,40625;168,375;22,71875;-17,6875;36,4375;161,75;1,59375;-88,15625;47,0625;73,9375;128,75;91,90625;-67,5;151,40625;-5,65625;45,96875;164,8125;333,5625;379,40625;370,6875;253,625;308,8125;205,46875;326,53125;275,15625;142,46875;-47,75;-75,625;-234,78125;20,75;-47,0625;-339,71875;-128,4375;-297,78125;-99,53125;-99,96875;-134;-327,90625;-75,53125;-322,78125;-270,375;-224,46875;-94,78125;-134,875;-181,28125;-185,125;-143,78125;-205,8125;-114,0625;-70,4375;-88,71875;-86,09375;-90,4375;-72,28125;-21,25;-245,5;-123,1875;36,34375;-49,84375;0,65625;-66,3125;-112,59375;-129;-251,46875;-26,53125;47,15625;203,53125;-21,3125;-293,78125;-162,15625;74,46875;-170,25;-44,15625;-100,25;-165,5;-28,0625;-292,78125;-221,375;-235,75;18,21875;-330,09375;-56,0625;-69,34375;-49,03125;-218,4375;7,75;-36,96875;-279,875;-198,8125;-49,5;-122,625;-220,6875;-348,09375;-64,84375;-11,84375;-138,0625;-195,5625;60,6875;-96,53125;-98,375;-9,8125;-193,84375;-140,75;-239,125;-109,84375;-81,15625;-10,59375;-47,90625;-231,125;-170;9,75;-115,96875;-19,21875;-12,5625;-245,4375;-38,03125;-159,125;-228,25;-153,0625;-172,3125;-196,46875;-89,40625;-115,25;-209,59375;-115,9375;-57,9375;-131,5625;124,4375;30,28125;-16,09375;-113,65625;-43,53125;-32,8125;-285,375;-174,59375;-323,5625;-348,3125;-78,0625;-240,9375;-325,84375;-329,5;-13,8125;-45,40625;-197,9375;6,25;82,1875;-50,78125;-128,78125;-22,75;-65,84375;7,25;-190,96875;-9,71875;55,5625;
200,59375;299,8125;251,25;-20,875;239,40625;241,1875;181,59375;74,90625;166,75;151,09375;52,15625;-32,5625;158,375;134,9375;9,21875;43,3125;220,875;39,65625;-32,71875;57,875;-74,59375;74,15625;-28,15625;225,3125;140,125;182,84375;20,4375;0,5;26,78125;186,3125;98;203,8125;197,625;173,03125;37,6875;72,09375;108,1875;-36,46875;120,625;212,21875;104,15625;187,25;-26,28125;95,53125;126,3125;16,21875;83,40625;63,375;-116,4375;213,5;68,28125;41,1875;35,9375;193,75;181,125;209,90625;279,4375;218,375;106,40625;237,4375;-2,46875;147,0625;36,6875;18,15625;-14,75;39,25;104,34375;-33;-110,8125;193,125;201,6875;75,4375;130,21875;88,71875;-10,25;-34,03125;241,0625;276,09375;116,65625;312,5;192,09375;95,15625;261,125;-68,78125;-44,21875;85,5625;-18,625;103,1875;220,6875;111,75;28,1875;29,96875;242,0625;185,21875;-26,03125;143,25;17,34375;259,5;26,25;343,0625;130,9375;375,0625;227,0625;-4,125;162,71875;60,375;249,53125;-3,5;119,375;42,28125;163;343,6875;112,0625;146,6875;209,03125;113,9375;314,6875;189,03125;36,75;7,4375;123,75;211,96875;135,59375;10,375;-90,59375;33,71875;191,21875;306,90625;152,625;241,15625;229,375;355,0625;409,78125;420,4375;289,53125;257,28125;266,15625;304,8125;309,46875;271,3125;135,40625;-0,59375;-172,75;165,59375;197,53125;10,40625;256,1875;176,6875;297,09375;83,15625;274,53125;293,21875;529,6875;231,875;316,65625;290,9375;295,8125;288,875;201,8125;167,34375;-60,03125;15,09375;119,8125;138,375;392,34375;148,59375;276,6875;382,34375;354,5625;153,71875;250,09375;532,5;423,34375;234,375;333,53125;325,8125;192,8125;381,71875;282,09375;368,5625;543,59375;143,75;368,125;422,4375;619,71875;457;627,625;704,53125;533,90625;669,4375;393;467,125;268,15625;368,9375;178,6875;104,09375;184,5;147,625;282,9375;-169,625;-15,46875;-84,875;104,28125;5,09375;55,03125;264,34375;47,59375;196,53125;44,59375;239,46875;314,5625;216,0625;-37,1875;128,40625;30,65625;179,21875;168,34375;-62,9375;33,75;-122,625;85,0625;37,15625;254,96875;304,15625;107,71875;518,0625;-101,5625;191,9375;234;200,0625;436,59375;125,375;283;111,6875;14,28125;131,03125;91,9375;102,6875;98,46875;231,5625;205,46875;113,40625;83,96875;78,5;-11,65625;169,8125;83,3125;213,84375;228,4375;141,125;140,3125;353,90625;96,125;85,53125;301,34375;158,5625;224,09375;147,03125;107,28125;266,625;224,8125;243,375;253,75;177,96875;3,6875;35,25;66,09375;288,1875;124;180,5;164,5;-141;103,78125;227,75;217,5625;130,15625;82,9375;-41,96875;122,09375;211,5;-12;139,71875;117,65625;46,875;-83,46875;226,625;162,59375;35,28125;208,03125;150,8125;18,09375;67,34375;150,5625;234,9375;390,125;52,4375;235,25;278,71875;201,03125;119,625;47,84375;75,96875;62,46875;80,3125;245,84375;41,40625;285,78125;8,875;167,71875;301,5625;128,96875;270,5;117,03125;64,8125;-38,9375;215,09375;47,375;122,375;264,03125;7,65625;
-131,5625;-200,8125;-124,15625;-158,84375;-243,0625;-81,65625;-169,15625;-249,59375;-169,875;-37,09375;-199,6875;-182,4375;-158,0625;-212,25;-130,15625;-81,96875;-137,9375;-203,90625;-261,625;-219,03125;-191,78125;-21,59375;-163,71875;-185,4375;-154,75;-227,90625;-140,625;-126,125;-118,6875;-184;-94,34375;-193,5;-87,65625;-6,78125;-132,71875;-98,875;-95,96875;-202,03125;2,6875;-192,5625;-131,78125;-174,71875;3,5625;22,25;-92,375;-204,4375;-223,78125;-251,25;-380,375;-489,40625;-239,46875;-189,875;-339,78125;-277,4375;-200,75;-111,53125;-107,9375;-277,40625;-115,625;-237,8125;-356,875;-215,96875;-112,8125;-334,25;-262,78125;-80,46875;-122,78125;-269,09375;76,03125;-128,03125;-266,625;-234,40625;-489,09375;-72,21875;-194,03125;-237,875;-468,8125;-333,84375;-146,625;-175,0625;-326,46875;-246,96875;-243,6875;-309,03125;-251,75;-425,125;-122,84375;-215,40625;-314,15625;-349,3125;-178,8125;-131,78125;-446,09375;-235,90625;-281;-74,0625;-153,71875;-295,125;-73;-72,1875;-91,5625;64,65625;-77,8125;-115,625;39,5625;-243,375;-279,25;-211,625;-193,03125;-177,96875;-82;126,9375;-140,21875;-101,96875;256,34375;-34;119,28125;-53,4375;-98,09375;-169,46875;-333,09375;-346,8125;-254,78125;-131,5;-192,84375;-291,6875;-23,0625;-0,5625;-76,8125;102,0625;164,78125;271,75;120,9375;-34,875;-57,90625;17,9375;-189,78125;-22,84375;39,34375;-43;-58,6875;-24,8125;-144,34375;-139,6875;-163,625;-136,34375;-275,03125;-124,46875;-79;103,40625;218,875;168,5625;187,09375;32,34375;78,90625;73,34375;204,8125;25,6875;-8,5;60,96875;15,75;-258,0625;-315,5;-243,3125;-223,03125;-159,25;17,09375;93,9375;-13,78125;79,59375;-85,1875;-100,96875;199,1875;-66,1875;-113,875;-23,46875;-118,34375;8,0625;280,71875;188,375;2,53125;198,1875;214,84375;201,5625;447,65625;340,34375;437,90625;524,25;221,5;-82,59375;41,28125;235,8125;230,59375;159;117,3125;-203,15625;-213,65625;-114,21875;-131,71875;-193,03125;-106,40625;77,96875;-216,875;-80,8125;-385,875;-283,9375;-178,15625;-137,84375;-127,65625;-163,59375;-7,125;-186,65625;-184,3125;-186,90625;-58,65625;-140,625;-216,28125;-190,65625;-207,84375;-310,8125;-107,375;-144,90625;48,4375;-26,3125;-125,84375;-40,75;-17,25;-445,6875;-340,15625;-150,28125;-85,6875;-92,15625;-62,84375;20,5;-136,125;-148,21875;-28,375;-104,90625;-206,65625;-35,0625;-234,9375;44;-92,59375;55,78125;-159,5;130,53125;-30,25;-137,625;-162,15625;-242,625;-160,65625;112,375;-262,625;-180,09375;-101,53125;-7,78125;-283,34375;-160,8125;47,375;-6,78125;-289,59375;-180,0625;-224,65625;-4,21875;-191,46875;-123,25;-289,9375;-166,40625;-73,3125;-164,25;-184,1875;-286,53125;-12,65625;-372,4375;-116,84375;-217,625;-109,28125;-95,34375;-74,125;-88,5;-234,4375;-299,75;-73,65625;-125,40625;-305,125;-227,53125;-156,375;-181,875;-11,65625;-77,25;-167,5625;-334,53125;-156,59375;-226,21875;-306,875;-149,75;-202,46875;-199,15625;-141,03125;-120,78125;-97,03125;-391,15625;-96,40625;-203,65625;-128,6875;-344,21875;-56,15625;-97,59375;-99;-123,34375;-109,9375;-224,28125;203,34375;41,0625;28,5625;-224,59375;12,34375;-100,1875;-144,78125;-275,28125;
110,03125;70,53125;7,90625;26,875;73,34375;-141,8125;-54,21875;36,84375;-42,6875;62,9375;-180,875;91,15625;36,09375;-303,53125;99,9375;24;-32,71875;-26,5625;124,5;-52,125;-177,5;35;155,71875;35,8125;-16,09375;-94,21875;0,5;-19,0625;32,125;-107,65625;68,28125;157,875;126,59375;43,21875;15,34375;-99,03125;-101,53125;92,78125;-82,09375;-56,875;57,75;76,53125;-135,21875;119,03125;-61,65625;135,09375;-117,84375;-58,25;-125,625;-60,625;-68,59375;75,96875;8;44,53125;159,21875;-50,21875;-63,34375;-73,5;6,6875;-113,28125;-73;66,90625;-73,25;88,71875;-11,5625;71,6875;-111,75;-116,09375;-180,25;-71,84375;118,21875;3,25;-146,3125;-184,375;25,09375;-52,75;-75,9375;106,1875;129,59375;-101,0625;113,875;192,71875;80,53125;71,625;-202,375;221,9375;-72,0625;158,9375;109,96875;-78,34375;46,75;58,46875;141,09375;-125,4375;-128,40625;-24,9375;-89,125;-25,3125;-14,53125;-10,09375;7,0625;199,03125;102,71875;-100,625;10,65625;-17,15625;-62,125;46,09375;26,3125;234,03125;227,46875;358,09375;387,15625;392,0625;299,8125;213,53125;131,84375;-10,375;-234,28125;63,0625;46,375;-56,96875;65,0625;-111,625;-99,71875;83,96875;44,84375;90,15625;136,78125;99,71875;24,90625;257,625;182,53125;226,40625;80,3125;203,625;172,4375;171,34375;185,59375;-105,28125;98,71875;-29,53125;115,84375;-115,78125;106,46875;92,90625;38,96875;100,53125;174,28125;38,4375;290,15625;249,53125;346,59375;383,4375;229,75;289,875;242,5;136;391,71875;244,59375;14,125;121,03125;-0,65625;1,125;43,84375;83,5;34,875;79,53125;80,9375;132,0625;57,34375;97,90625;207,875;219,375;194,53125;203,25;227,65625;52,8125;179,46875;55,5625;224,4375;484,4375;392,875;490,21875;448,03125;506,6875;414,25;347,28125;575,625;351,21875;445,9375;414,90625;379,21875;223,28125;251,0625;67,53125;146,1875;78,625;16,125;93,375;149,625;122,625;96,9375;94,8125;36,21875;116,90625;-16,25;-220,65625;-39,84375;71,90625;118,4375;112;43,875;112,96875;23,125;44,09375;-66,3125;7,75;-103,78125;148,5;185,71875;74,59375;78,75;26,9375;129,9375;17,96875;30;-42,28125;-213,5;-74,5625;151,25;-15,84375;287,3125;51,5625;-23,75;-43,15625;-92,875;-59,28125;-121,875;-129,46875;-52,53125;76,53125;103,5625;266,3125;-129;76,625;131,25;126,1875;-46,53125;-47,9375;40,03125;202,625;-156,875;46,5625;22,125;42,09375;-161;-19,625;2,75;-112,40625;-59,03125;63,46875;-50,9375;187,40625;-28,0625;-213,375;5,4375;82;-140,75;-63,25;-10,3125;123,0625;-13,59375;-20,21875;115,15625;119,65625;-108,09375;33,8125;-99,03125;151,8125;42,53125;-31,40625;-172,6875;-148,90625;148,125;-39,03125;40,4375;100,40625;4,78125;-11,5;-95,71875;-31,53125;-293,3125;-145,71875;125,9375;231,90625;-218,1875;39,90625;-15,28125;109,9375;-133,5;-148,84375;-149,25;-150,15625;6,34375;106,625;77,21875;83,71875;220,15625;-140,65625;-18,59375;-52,375;43,875;80,5625;19,4375;163,9375;-97,9375;-89,25;331,625;-160,4375;
-93,125;-62,375;-50,84375;-51,46875;-51,9375;-121,15625;54,46875;6,375;67,78125;137,96875;-212,25;-128,40625;-27,03125;-89,5;-277,34375;1,625;-40,875;-67,34375;-34,78125;-105,78125;152,53125;108,5625;9,9375;-164,59375;-109,65625;-97,46875;-6,71875;-11,46875;-147,3125;-44,65625;-151,96875;36,40625;141,40625;-48,96875;20,125;-68,84375;-137,78125;132,875;-78,03125;68,71875;207,46875;-59,09375;-6,0625;-22,65625;-37,15625;-58,75;74,4375;-19,1875;-210,53125;-68,03125;-5,46875;-176,9375;-138,03125;-236,40625;-222,09375;-86;-109,09375;93,6875;-288,59375;-72,96875;81,375;78,5;-163,78125;-12,125;-34,5;-27,6875;-63,15625;178,09375;192,46875;-52,4375;-54,09375;-262,8125;-38,625;-15,84375;-26,21875;13,6875;-254,9375;11;-141,75;-193,46875;-0,65625;173,84375;43,6875;-89,34375;11,8125;46,71875;-84,34375;-167,1875;49,15625;-103,71875;-134,53125;-146,78125;123,75;22,53125;-75,3125;74,53125;-102,375;37,15625;247,3125;-47,4375;-101,46875;13,59375;76,59375;164,625;2,71875;-58,46875;-198,34375;-81,21875;-153,875;4,4375;164,34375;108,84375;206,4375;175,96875;46,125;242,1875;290,375;31,1875;64,65625;-138,1875;-72,09375;-109,4375;84,90625;-88,6875;-244,40625;-246,09375;-14,9375;-95,375;42,8125;16,21875;262,28125;205,75;505,75;234,96875;217,65625;80,875;50,09375;164,90625;29,53125;46,28125;121,875;22;52,46875;-97,75;100,96875;26,875;-103,09375;3,40625;132,875;218,78125;185,5625;87,71875;382,4375;440,59375;494,5;455,4375;45,25;253,5625;253,625;30,78125;297,5625;167,28125;-14,40625;-77,3125;16,25;-49,28125;169,625;142,125;225,65625;299,25;37,34375;303,96875;185;336,5625;127,65625;234,375;176,53125;264,21875;311,03125;265,9375;222,875;437,0625;334,53125;519,53125;674,8125;533,6875;691,9375;619,625;406,75;504,40625;293,90625;423,59375;215,59375;201,9375;352,5625;277,78125;212,96875;-9,71875;0,65625;124,6875;-44,90625;83,4375;-118,71875;-62,75;-103,09375;-20,25;33,34375;-46,5;-71,9375;-245,40625;-120,375;28,65625;-112,25;59,21875;33,25;-148,96875;-57,8125;-20,75;6,03125;59,59375;-17,3125;75,28125;61,09375;223,59375;-76,15625;-79,1875;-69,53125;81,625;101,8125;277,28125;83,75;134,1875;91,625;-76,375;-53,625;42,84375;-56,53125;-65,28125;-130,625;-22,5;-4,59375;89,1875;3,46875;-0,0625;53,78125;199,5;219,375;0,4375;-133,96875;-52,875;-274,4375;-12,3125;29,375;154,5625;1;14,09375;29,71875;28,15625;0,25;135,375;-29,125;-156,78125;36,96875;-23,1875;-262,875;-132,25;151,71875;67,375;-6,15625;114,25;92,6875;163,90625;109,90625;134,90625;-30,46875;-68,375;-70,25;40,78125;-86,46875;-134,75;3,40625;128,375;-52,6875;18,75;-32,65625;64,3125;-68,96875;110,65625;86;13,90625;29,9375;-135,5625;-117,78125;-111,65625;67;-26,46875;-18,25;-0,09375;40,3125;100,65625;56,1875;-174,59375;-147,125;-316,625;-65,4375;-18,65625;25,28125;-170;-265,90625;-63,84375;105,34375;239,40625;32,875;-122,90625;77,84375;-99,40625;-264,09375;-63,1875;0,8125;95,15625;
-73,09375;-68,3125;-43,25;90;-120,15625;-144,0625;-231,96875;-99,40625;-87,5;-84,15625;90,90625;-29,9375;135,28125;-14;-160,90625;-46,59375;-86,5;87,09375;-118,65625;-73,34375;54,25;-70;-92,375;-174,1875;-10,59375;-72,53125;-233,9375;25,5;-220;-62,5625;-204,21875;-147,46875;-122,21875;-20,9375;-21,5;53,5625;-122,4375;-94,78125;26,90625;38,78125;165,6875;-316;-127,375;-82,59375;-201,84375;-4,21875;-58,03125;88,59375;-11,71875;-158,5;-166,53125;-133,375;-132,5;29;-207,4375;-13;-259,96875;-222,6875;-195,40625;-107,1875;-261,8125;-19,1875;-348,15625;-72,09375;-1,03125;43,5625;-36,59375;-30,28125;-193,90625;242,84375;-218,84375;-182,59375;-110,0625;-49,46875;11,25;-56,28125;12,75;-17,375;-36,21875;-4,65625;-82,21875;-109,75;-113,78125;-30,09375;-84,375;-88,59375;-96,28125;-21,71875;-236,1875;-21,5;-210,46875;-162,78125;-164,09375;-118,875;-72,90625;53,0625;19,15625;-55;1,71875;48,59375;-34,78125;-0,90625;2;-78,0625;-113,8125;2,8125;-116,46875;22,34375;-361,84375;-122,5;-52,71875;177,46875;309,21875;26,25;129,5625;201,78125;94,71875;53,53125;-150;-115,8125;-238,0625;110,96875;-164,53125;-123,59375;-142,28125;38,25;-237,21875;-54,53125;89,3125;269,90625;361,59375;140,59375;184,25;273,625;270,75;49,1875;77,34375;17,375;35,0625;-172,28125;-73,875;70,34375;122,84375;-182,875;-78,34375;-102,5;107;21,71875;20,90625;276,3125;207,53125;242,375;339,625;157,46875;296,3125;278,25;240,8125;80,8125;308,625;1,375;57,4375;97,09375;-23,5625;40,0625;127,75;-18,125;83,71875;249,53125;242,59375;314,65625;184,53125;248,71875;241,65625;140,25;301,40625;136,40625;149,875;400,53125;218,8125;264;485,09375;403,25;211,71875;635,6875;447,28125;373,46875;709,6875;655,21875;524,3125;409,28125;555,375;493,5625;312,1875;198,46875;39,34375;373,125;99,34375;231,375;-215,75;-74,71875;-116,8125;-40,25;-4,28125;-292,25;-52,4375;-25,625;158;37,03125;108,6875;127,875;120,0625;-0,5625;-108,375;184,125;-22,875;52,09375;-133,28125;17,28125;30,21875;-60,46875;84,03125;204,84375;-16,75;220,09375;16,71875;85,75;52,53125;-207,5625;-25,6875;18,71875;48,84375;83,96875;-98,8125;124,75;82,34375;17,25;-152,25;-35,34375;77,6875;-47,6875;10,8125;167,6875;5,625;99,53125;-28,21875;192,21875;137,96875;-34,21875;102,375;138,3125;-121,3125;-85,75;-36,375;24,90625;58,28125;191,1875;-24,875;-165,09375;99,125;-112,59375;-11,5625;63,09375;58,3125;-26,71875;-96,3125;-195,90625;-0,46875;-209,59375;46,78125;218,1875;52,1875;-5,46875;22;-70,53125;4,5625;-23,03125;-76,90625;115,40625;18,65625;9,34375;-24,03125;45,0625;368,1875;40,15625;-149,3125;-125,75;40,6875;100,5625;-0,1875;-61,53125;155,21875;-59,5625;-4,5625;-206,625;-34,53125;54,90625;-26,375;-41,0625;98,5;81;-85,53125;102,90625;25,03125;-26,1875;99,84375;-39,4375;49,78125;30,1875;-144,6875;58,5625;1,6875;174,59375;-140,40625;67,875;63,0625;-6,125;95,15625;-108,40625;64,25;0,4375;
-90,90625;228,25;164,9375;22,8125;-186,09375;2,3125;86,65625;32,625;137,59375;63,96875;-63,90625;-62,3125;115,21875;-56,3125;-12,46875;-80,0625;76,59375;89,40625;-130,21875;-107,03125;53,59375;-48,96875;4,375;-57;5,8125;-48,4375;190,3125;10,40625;-56,90625;-58,34375;-148,78125;15,8125;185,53125;-72,71875;-19,78125;131,125;-11,875;77,78125;28,84375;-20,78125;128,40625;-40,59375;-31,9375;-40,5625;-35,09375;-96,0625;49,8125;-233,90625;-88,5625;-274,65625;-31,15625;-116;-199,75;-87,375;156,6875;-79,3125;-288,125;9,34375;157,03125;79;-83,90625;16,25;58,65625;-47,21875;-11,375;-106,15625;31,4375;37,4375;-206,84375;-61,34375;-124,1875;-131,75;-78,6875;17,21875;66,96875;-131,75;-160,5625;41,90625;-82,28125;144,53125;-38,75;-204,9375;-16,0625;-283,375;-275,53125;-109,21875;-87,09375;45,125;-55,1875;109,34375;-149,3125;-145,21875;-24,34375;108,96875;78,28125;-53,71875;67,1875;99,65625;72,40625;69,9375;160,9375;123,5;16,3125;-18,71875;77,3125;146,28125;-193,0625;87,875;106,28125;-85,5;-36;296,125;166,4375;267,8125;136,46875;118;249,4375;151,0625;127,78125;114,875;203,1875;-20,71875;98,15625;94,5;11,8125;188,21875;-198;229,3125;266,8125;125,71875;316,375;56,625;191,46875;394,25;201,375;166,84375;25,03125;155,40625;166,21875;78;203,21875;-194,875;-38,96875;-63,46875;19,5;32,4375;23,5625;-34,96875;9,5;172,53125;527,65625;226,90625;310,21875;143,875;278,9375;379,84375;197,125;143,625;257,34375;131,03125;137,59375;-220,1875;-4,375;146,09375;-71;330,0625;39,25;113,75;268,84375;393,15625;151,375;187,03125;184,3125;219,65625;153,625;260,75;111,25;261,59375;207,28125;544,34375;421,03125;504,53125;553,5;527,53125;991,6875;834,15625;594;609;725,875;419,78125;529,53125;406,40625;297,4375;288,375;204,84375;59,75;26,78125;75,40625;-134,9375;115,78125;64,0625;-51,59375;-180,65625;-53,75;-109,3125;116,34375;64,5625;-199,375;-158,65625;-0,625;52,1875;-35,1875;18,1875;152,5;81,65625;-19,5625;-67,34375;-10,1875;70,6875;107,3125;171,875;183,59375;63,96875;134,90625;155,3125;72,0625;115,5;3,3125;5,34375;103;167,5625;131,84375;11,21875;32,03125;227,46875;91,03125;42,1875;-266,0625;-26,375;-12,5625;172,40625;111,5625;-14,9375;48,875;132,5625;-89,03125;173,65625;-55,5625;46,09375;116,09375;241,03125;-137,3125;13,84375;-27,5;90,09375;-140,8125;29,84375;118,65625;-83,90625;-145,625;43,03125;-203,21875;27,4375;74,03125;139;-31,0625;53,8125;45,1875;230;49,96875;121,53125;-7,0625;287,71875;157,875;-25,1875;-33,75;105,09375;-133,9375;65,59375;-114,125;44,59375;21,75;-108,21875;76,25;-35,8125;-41,71875;-19,90625;-82,34375;-21,6875;24,28125;-66,03125;-160,1875;17,375;75,8125;102,15625;-63,84375;63,6875;-38,65625;-114,53125;138,375;240,3125;0,25;-200,78125;79,9375;-258,90625;-60,15625;79,21875;-71,375;65,9375;-9,90625;14,34375;-49,75;58,0625;-224,8125;2,84375;25,84375;51,28125;56,4375;119,65625;-7,09375;
117,34375;-211,8125;100,0625;4,71875;79,65625;-72,09375;-9,8125;-86,6875;81,875;-55,09375;121,09375;28,46875;59;-89,96875;23;6,0625;238,5625;166,90625;25,875;-180,34375;-244,1875;94,625;-243,03125;-72,96875;43,25;-49,28125;-100,40625;32,8125;-52,625;-3,1875;-198,75;170,25;-28,53125;3,5625;-7,71875;22,125;7,9375;-55,28125;86,875;-176;-120,96875;-234,6875;-176,3125;-161,53125;-292;-21,4375;6,15625;-14,46875;-155,28125;43,5;-149,71875;-62,09375;173;55,75;-90,4375;-68,34375;-119,75;-102,0625;1,84375;-83,71875;-37,3125;30,28125;-57,65625;-57,84375;191,4375;90,25;-83,96875;-45,625;-90,8125;-89,8125;-84,59375;-122,4375;-80,5;65;114,21875;-230,21875;-150,90625;-82,5;52,71875;126,1875;26,96875;-63,875;-234,4375;-26,71875;39,21875;-128,15625;-83,5625;-60,75;38,75;-165,8125;77;77,0625;149,875;-34,34375;-171,15625;33,125;-13,78125;-73,0625;58,90625;-56,28125;-70,53125;13,875;62,25;195,8125;-67,96875;-46,59375;-81,15625;-40,40625;-45,84375;-262,3125;-4;200,25;228,84375;161,5625;186,15625;144,1875;128,9375;96,375;61,5;22,6875;-128,1875;-24,1875;46,59375;7,875;-106,625;-11,84375;-160,90625;35,1875;94,65625;84,8125;210,21875;247,75;360,625;305,78125;315,5625;212,15625;125,15625;136,53125;-219,28125;152;82,4375;-36,40625;68,21875;-100,53125;-66,8125;-124,6875;151,96875;12,46875;133;189,5625;402,09375;216,5;210,21875;190,34375;243,5;241,03125;264,40625;335,5625;379,34375;321,15625;235,34375;65,09375;0,84375;207,125;96,78125;98,1875;395,46875;517,59375;256,25;495,96875;325,71875;120,1875;259,53125;145,5;105,71875;283,75;297,03125;250,1875;196,78125;302,875;654,0625;649,21875;508,9375;722,625;741,125;611,125;652,875;750,96875;615,40625;513,875;569,09375;278,34375;387,65625;459,59375;231,8125;176,96875;223,125;64;-6,875;104,40625;52,0625;-49,59375;31;-134,90625;-85,375;-228,8125;-21,625;-1,71875;59,0625;7,96875;-51,34375;204,5;-42,34375;-96,84375;-255,4375;-39,1875;197;169,90625;-75,78125;75,5625;101,03125;50,90625;175,71875;125,40625;292,84375;-1,59375;66,90625;-46,46875;38,625;57,28125;-108,90625;-54,28125;76,125;18;53,34375;-55,125;57,9375;61,40625;60,25;35,8125;-197,5625;46,59375;0,34375;-115,25;-66,4375;113,09375;114,875;193,3125;125,53125;28,0625;75,34375;-194,625;-69,40625;-152,21875;87,5625;15,46875;-84,9375;176,875;-95,65625;-149,90625;-98,46875;22,71875;-113,8125;47,15625;-52,5625;-44,625;11,28125;72,0625;-42,875;186,1875;-223,90625;-42,59375;-87,5625;-70,25;-98,875;0,4375;-164,21875;-38,25;-5,28125;-65,0625;-58,96875;53,09375;185,4375;56,625;196;142,875;-34,6875;88,4375;151,125;-180,4375;89,4375;-66,40625;-194,8125;60,75;31,90625;2,6875;-21,75;-29,3125;44,40625;-364,125;-225,125;-363,5625;170,625;83,125;66,1875;-180,4375;-72,53125;-12,5;104,4375;45,34375;16,28125;365,75;-138,53125;-195,5625;50,78125;225,6875;-60,78125;150,21875;147,75;-85,65625;
88,75;-139,34375;-116,25;-145,0625;-56,875;124,5625;31,59375;-136,8125;-142,40625;47,875;73,28125;113,96875;7,71875;-138,40625;-59,5625;-177,1875;42,375;79,3125;-120,625;-199,375;-147,71875;-280,75;-48,1875;-261,5;17,4375;-221,75;11,125;153,15625;-104,09375;-157,375;-33,59375;19,65625;-102,40625;-41,25;-37,96875;-129,375;-130,90625;-28,96875;-69,71875;-190,15625;-97,875;-221,8125;-61,40625;86,78125;-254,4375;-57,8125;-138,59375;21,25;-118,3125;-20,59375;38,90625;-287;-110,8125;90,625;-204,96875;64,28125;-69,71875;43,84375;-328,46875;-156,40625;-130,96875;-44,71875;-199;69,21875;-3,125;-28,625;-285,96875;-258;-232,4375;-197,09375;-65,5;18,78125;-137,40625;-53,28125;-223,0625;-203,25;-300,59375;-316,25;17,21875;37,03125;-54,46875;-148,1875;37,46875;8,65625;-115,5;44,71875;-93,4375;30,3125;-243,59375;50,65625;-124,4375;-111,625;-19,53125;-78,1875;38,375;-112,21875;47,40625;24,8125;-20,28125;-74,59375;-154,71875;-44,84375;216,1875;147,90625;-21,5;-215,375;-27;-109,84375;197,1875;-207,34375;-48,3125;90,9375;193,75;277,90625;73,375;285,34375;151,6875;137,1875;141,5;-125,375;164,28125;-39,0625;-32,375;-287,1875;-136,34375;-48,9375;-90,4375;308,59375;-71,84375;250,65625;296,5625;295,15625;304,21875;138,90625;140,28125;269,0625;292,15625;64,65625;301,65625;24,3125;125,40625;25,4375;-134,21875;2,25;-111,78125;41,625;-78,21875;149,65625;-26,875;277,21875;287,6875;166,65625;226,78125;162,5625;212,375;347,09375;456,28125;265,25;65,78125;147,125;42,34375;90,09375;-168,125;-145,375;-53,15625;148,53125;138,4375;291,34375;134,25;286,25;338,0625;642,21875;324,96875;384,78125;453,75;359,53125;144;237,4375;319,90625;206,65625;556,625;549,25;547,3125;724,78125;848,25;632,96875;621,75;503,15625;442,3125;571,96875;525,1875;463,8125;469,8125;487,40625;314,34375;132,375;22,96875;96,9375;185,25;-86,28125;56,34375;40;86,21875;-105,59375;-241,96875;77,03125;144,25;-121,8125;51,6875;-16,1875;-10,8125;-127,875;-41,875;197;-59,9375;32,59375;62,125;26,25;87,03125;34,3125;22,59375;291,40625;255,6875;-5,21875;26,5625;73,875;107,875;-63,5;-41,09375;-142,78125;-7,84375;-18,84375;47,25;-65,75;-148,375;-25,75;-261,28125;-89,25;-116,96875;-102,4375;2,03125;-33,96875;-31,28125;-20,875;127,53125;-122,28125;63,3125;-160,125;-17,8125;26,9375;-47,125;-66,9375;104,5625;57,34375;-194,125;122,40625;-102,0625;-39,90625;-93,75;-23,1875;44,1875;191,21875;-31,84375;-60,875;-29,28125;-135,21875;-174,96875;27,59375;-154,90625;-166,8125;-125,875;-7,65625;112,03125;-37,40625;-81,53125;-275,5625;12,09375;-179,25;-61,25;-128,40625;59,125;-176,6875;16,78125;-74,78125;-27,5625;18,40625;-105,8125;-10;-92,75;-110,90625;-51,78125;-90,75;-28,21875;205,375;-12,125;-135,03125;-18,375;-35,3125;-58,03125;22,8125;-202,625;-83,25;68,5625;-47,84375;23,34375;-80,25;9,46875;39,375;-18,6875;-150,9375;34,84375;232,625;-27;-94,8125;-179,0625;-236,46875;2,96875;192,75;8,40625;-113,0625;
-156;102,28125;-162,8125;16,59375;-162,59375;117,375;-27,21875;-55,6875;23,21875;264,0625;-35,96875;-62,65625;17,15625;55,125;-109,65625;-82,46875;-4,875;60,75;-72,21875;171,125;-225,65625;61,03125;-56,6875;87,59375;42,84375;-93,5625;-6,75;20,15625;46,3125;112,9375;102,21875;52,375;79,90625;-108,03125;-106;-80,75;-93,90625;-120,34375;35,9375;-38,65625;-145,4375;125,375;-283,21875;-115,125;-35,40625;-112,375;-10,3125;-120,78125;-150,03125;76,125;138,15625;-76,8125;27,21875;81,78125;11,03125;-172,3125;134,53125;-63,34375;82,53125;64,90625;60,96875;-25,71875;84,25;-120,625;-127,96875;-33,59375;-101,28125;5,84375;-58,25;-116,15625;79;66,21875;-125,8125;282,34375;-137,0625;-34,09375;150,25;20,0625;17,75;48,84375;-24,9375;-94,25;-15,65625;-84,5625;-113,125;-127,84375;27,46875;82,09375;108,875;103,34375;-126,78125;122,96875;-52,59375;24,75;0,5625;-20,78125;228,34375;57,96875;-184,78125;-76,90625;17,1875;-16,9375;11,75;102,8125;-221,03125;-16,84375;-210,4375;-122,1875;-61,875;117,96875;138,25;480,1875;382,84375;340,5;264,9375;372,25;164,875;308,8125;126,84375;150,3125;25,9375;-123,84375;133,46875;-33,6875;-93,40625;-28,6875;13,4375;195,5;271,90625;176,125;9,1875;229,625;539,9375;151,65625;333,40625;319,96875;234,8125;74,46875;110;118,21875;56,75;109,34375;-234,46875;162,71875;15,5;26,34375;162,75;17,21875;208,9375;400,0625;513,6875;196,4375;457,1875;144,28125;508,96875;738,78125;540,1875;603,0625;297,9375;176,71875;122,34375;-29,28125;-11,71875;102,21875;144,5625;155,71875;204;428,40625;422,59375;574,46875;84,0625;284;404,28125;334,90625;450,1875;262,96875;422,84375;216;690,25;541,5;753,375;693,09375;561,03125;523,21875;752,03125;726,9375;778,09375;578,875;619,0625;647,46875;573,3125;510,5625;559,46875;368,875;323,75;217,25;249,71875;302,75;167,09375;48,6875;-6,90625;175,9375;9,21875;171,875;-73,4375;64,03125;96,15625;-23,28125;-23,1875;83,71875;145,09375;116,84375;128,84375;11,03125;52,1875;107,96875;65,28125;155;239,375;166,40625;191,3125;138,65625;-57,3125;-43,28125;59,8125;46,59375;141,625;151,15625;172,09375;151,25;273,25;172,09375;150,875;95,53125;123,09375;52,4375;-16,5625;60,53125;16,125;41,09375;-154,6875;-27,03125;218,21875;33,90625;1,25;-103,34375;256,5;-3,625;43,0625;19,8125;39,65625;-82,34375;99,125;-37,375;21,625;20,96875;-110,4375;179,59375;100,46875;50,5625;-124,625;5,90625;137,125;-76,3125;158,1875;78,875;289,03125;152,53125;243,5;19,6875;79,0625;39,34375;-12,5;-14,71875;10,3125;-31,65625;30,09375;257,375;71,375;100,65625;-122,65625;104,0625;-104,0625;-59,5625;-75,03125;195,75;153,4375;10,4375;-55,25;4,25;24,65625;-24,40625;166,8125;20,53125;-36,125;150,03125;75,75;-143,71875;37,03125;92,25;218,03125;17,96875;74,03125;-42;142,53125;97,34375;-20,21875;82,3125;47,75;-5,375;25,75;-21,71875;125,65625;-16,84375;122,46875;57,90625;61,75;-49,09375;137,9375;42,96875;
-80,03125;-130,4375;-97,21875;10,9375;67,78125;-114,78125;-36,375;-170,96875;-170,53125;-35;-71,15625;-176,5;-32,4375;-164,40625;-245,9375;-118,40625;-119,34375;-72,59375;-79,53125;-206,46875;-264,0625;93,875;43,46875;-83,21875;-106,71875;-105,03125;-292,71875;-163,0625;-114,90625;-48,21875;43,0625;-226,125;-11,6875;4,0625;100,0625;100,78125;-113,65625;12,78125;-52,9375;-51;-87,75;19,4375;-133,15625;-251,75;46,5;-217,53125;-85,53125;13,625;-29,75;-147,34375;-186,40625;131,125;67,15625;-73,5625;-192,125;43,59375;-65,1875;-324,84375;-125,625;-149,1875;-226,96875;-307,5;-97,625;-11,21875;-14,96875;-160,8125;-110,8125;-43,53125;-53,375;-26,84375;-192,75;-42,3125;4,28125;54,34375;45,59375;-128,53125;-105,4375;-128,875;-233,25;-154,03125;109,8125;-5,03125;-177,03125;-185,25;-42,84375;-112,125;-137,375;-88,3125;-196,0625;-207,21875;213,96875;-117,21875;-113,25;17,40625;-67,28125;-43,53125;37,90625;-358,28125;-57,59375;1,625;-180,28125;107;16,15625;117,8125;115,40625;58,25;-45,25;-157,4375;-40,65625;86,46875;6,3125;113;191,125;245,78125;229,5625;258,4375;249,78125;109,9375;-42,71875;69,34375;-101,28125;168,59375;-74,78125;-310,34375;-111,25;87,53125;110,875;96,25;152,8125;120,53125;9,1875;131,6875;317,9375;292,25;244,90625;76,875;178,75;206,125;198,34375;252,28125;171;-116,9375;-213,59375;86,375;-220,6875;-175,5625;152,34375;59,75;223,21875;273,90625;219,5625;450,625;508,34375;287,9375;364,8125;233,40625;439,5;268,125;133,625;193,375;113,28125;-40,15625;-67,25;-137,4375;-15,375;241,5625;206,8125;336,9375;408,71875;424,9375;534,1875;502,1875;421,59375;430,4375;246,1875;279,125;179,1875;278,5;450,34375;303,78125;486,8125;610,625;752;817,15625;693;876,5625;823,375;770,75;712,9375;620,625;528,03125;470,09375;562,03125;482,75;414,125;306,78125;258,8125;95,40625;43,15625;7,625;-214,9375;-184,1875;49,6875;71,1875;41,625;15,1875;51,03125;-34,09375;18,5;59,28125;57,59375;-114,21875;70,8125;58,3125;-115,65625;132,96875;88,21875;-22,15625;45,09375;71,3125;-37,625;-44,6875;129,09375;221,0625;29,96875;-34,46875;-146,25;-74,375;-32,1875;-31,75;41,6875;-21,625;148,46875;119,53125;-89,03125;-1,40625;190,90625;114,78125;77,625;-236,71875;-18,71875;46,84375;-126,875;49,0625;-41,6875;34,71875;196,5625;-51,125;-20,875;-41,1875;33,59375;77,53125;-10,71875;40,375;144,625;-51,09375;-131,75;9,65625;-85,25;11,25;-124,03125;-75,96875;-14,125;24,5625;27,28125;71,4375;-50,53125;81,5625;106,625;13,4375;1,375;-12,1875;-47,78125;33,09375;-174,125;-214,21875;16,84375;-95,78125;-179,4375;-118,28125;11,40625;-18,875;4,84375;-178,125;70,3125;153,8125;-84,46875;-225,34375;-52,625;-206,59375;-55,46875;-129,625;-83,03125;0,0625;25,25;-153,03125;75,3125;119,5625;107,5;-53,96875;18,9375;46,34375;-32,125;40,03125;3,03125;5;43,46875;-0,25;88,3125;-45,96875;-54,5;25,5;132,1875;147,34375;-82,4375;-103,0625;-142,03125;-140,65625;-117,6875;-66,375;
-60,4375;156;-22,59375;60,53125;-134,34375;-32,9375;-47,0625;-7,90625;326,96875;-66,78125;47,6875;67,53125;-51,4375;165,78125;48,90625;316;189,53125;-66,9375;27,4375;-112,53125;16,4375;158,34375;-79,40625;-106,625;54,1875;-39,25;-106,8125;51,3125;-20,34375;-140,71875;-4,0625;-94,8125;-79,90625;57,96875;-48,03125;-139,65625;-109,34375;-52,78125;-16,15625;50,53125;-75,71875;-16,375;71,21875;94,28125;40,6875;-116,5625;-123,34375;38,75;34,09375;76,5;236,875;48,9375;-95,96875;-165,125;90,1875;-47;29,75;69,0625;-134,1875;11,46875;-183,78125;-23,3125;-71,3125;-22,5625;-24,5625;-164,0625;-129,28125;-75,15625;-31,1875;109,875;-49,71875;-50,4375;-115,46875;-4,25;115,8125;165,78125;-117,5;50,84375;66,34375;-27,125;-90,78125;137,0625;157,59375;-122,53125;60,375;24,84375;2,5625;34,0625;41,125;1,21875;55,59375;8,25;-91,65625;-76,3125;8,5;105,09375;-15,875;-29,0625;-38,8125;-27,78125;61,53125;17,3125;12,5625;7,875;-110,8125;-4,25;153,375;-42,46875;9,71875;26,6875;18,09375;106,40625;213,84375;377,6875;352,3125;457,59375;332,6875;202,6875;87,125;44,34375;-2,125;65,53125;220,78125;-13,71875;153,84375;153,5625;147,53125;107,625;190,40625;221;244,28125;401;240,65625;423,875;466,4375;437,875;253,78125;417,375;131,5625;95,90625;213,5;48,4375;227,59375;-19,34375;103,59375;-51,34375;-91,875;185,25;285,90625;207,59375;459,5;465,5625;273,09375;475,71875;411,9375;417,90625;470,46875;411,34375;273,1875;231,84375;72,40625;106,3125;-75,875;86,0625;-107,40625;237,3125;44,53125;335,5;446;407,21875;457,6875;632,3125;469,1875;314,125;194,5;485,125;132,46875;341,21875;315,78125;406,1875;397,625;770,125;673,6875;896,4375;792,34375;908,0625;716,1875;831,59375;807,34375;851,125;609,90625;495,28125;449,4375;454,40625;342,15625;308,78125;-72,75;53,09375;131,15625;136,21875;89,90625;51,5625;-89,1875;6,34375;23,28125;40,71875;14,90625;21,6875;-71,09375;37,21875;15,21875;132,46875;30,75;256,625;95,84375;79,53125;111;-145,03125;61,03125;231,8125;-50,6875;100,78125;47,625;48,53125;78,96875;116,40625;33,28125;-74,40625;-20,1875;98,8125;129,6875;168,59375;-213,25;117,125;-140,78125;-44,375;-147;-118,875;-70,78125;-65,03125;44,65625;-57,59375;65,0625;156,75;22,875;75,78125;-41,0625;-46,34375;-120,5;107,0625;113,28125;159,75;-42,25;147,9375;103,0625;3,8125;-65,34375;17,5;-83,03125;29,21875;240,09375;105,625;11,5625;-22,65625;24,625;204,5;-34;17,90625;161,03125;114,8125;-31,0625;-33,09375;-135,25;-80,09375;109,1875;-139,625;-182,34375;-72,03125;-35,8125;-74,40625;-58,09375;-102,375;130,125;-9,40625;-101,78125;200,375;-370,78125;234,09375;-24,46875;216,59375;211,3125;-9,3125;111,5625;65,1875;117,65625;78,9375;96,5625;204,03125;-118,71875;-41,71875;63,96875;-125,65625;-84,1875;134,875;134;-167,84375;84,53125;-196,34375;-20,1875;36,375;16,59375;11,09375;-16,375;88,46875;291,34375;-36,9375;-42,71875;-99,84375;159,5;133,65625;
-143,34375;-80,125;144,46875;-167,0625;-237;6,3125;-29,75;-24,875;58,96875;57,28125;-13,5;-59,0625;155,4375;-14,28125;76,71875;-93,15625;15,1875;-43,4375;-53,0625;125,9375;111,1875;93,3125;156,46875;-31,5625;32;-53,53125;-200,25;-1,3125;-49,71875;90,90625;63,09375;-215,90625;-104,46875;-63,875;-57,75;-61,59375;32,03125;3,46875;-94,6875;18,46875;-31,5;-25,09375;22,0625;-61,28125;-170,34375;-30,21875;54,4375;27,65625;-32,71875;61,84375;3,5;-53,25;-319,5;-63,21875;-104,8125;26,9375;-7,03125;117,59375;-75,5;-104;3,5;-1,0625;-32,21875;-14,375;12,625;-188,625;-58,71875;70,09375;100,25;160,90625;-150,03125;-234,71875;34,3125;-11,40625;20,90625;266,9375;-77,71875;-181,96875;-252,3125;-113,96875;-93,84375;55,0625;38,375;-39,65625;2,65625;-117,34375;-88,1875;-74,5;-26,9375;-89,53125;-11,28125;-162,28125;-169,4375;-26,59375;298,78125;-18,25;-151,125;15,65625;62,5625;-3,90625;-112,34375;41,21875;-111,3125;-38,75;193,65625;80,3125;174,96875;49,25;271,03125;70,59375;58;413,65625;256,625;101,5625;299,71875;475,625;204,9375;129,3125;247,75;172,53125;26,875;-39,71875;-15,90625;59,5;27,1875;-38,4375;60,625;93,21875;183;224,75;368,03125;340;451,65625;521,59375;427,4375;224,65625;55,0625;187,40625;106,625;154,78125;270,34375;44,53125;-65,3125;42,46875;-41,375;-39,59375;134,40625;199,9375;73,21875;245,53125;314,65625;406,84375;255,8125;521,125;517,5625;492,96875;491,21875;359,46875;549,625;370,375;62,21875;60,15625;89,78125;-91,75;10,96875;-75,34375;74,5625;318,125;388,6875;440,96875;355,46875;409,59375;598,59375;410,5625;415,03125;376,15625;83,78125;429,625;386,78125;530,875;662,5;744,34375;833,6875;922,53125;886,90625;750,3125;681,71875;726,46875;583,71875;756,21875;645,125;524,40625;570,96875;404,34375;314,6875;352,40625;341,03125;89,21875;-69,21875;33,3125;-128,84375;-77,875;-53,75;-157,1875;-31,0625;51,6875;98,5625;-117,46875;1,5625;-54,53125;17;140,53125;-203,625;2,28125;38,5625;77,75;-64,03125;43,0625;26,84375;-56,03125;121,59375;8,9375;32,03125;-33,96875;-8,65625;-111,78125;105,25;164,1875;110,96875;-122,5625;49,46875;-120,65625;-12,90625;113,875;33,875;-78,0625;-111,09375;-158,40625;187,375;-26,125;94,34375;30,53125;-48,78125;240,4375;-7,25;160,1875;8,3125;-47,28125;145,6875;34,84375;-7,15625;88,34375;-37,65625;-178,59375;-21,34375;26,78125;6,125;33,125;-151,5;84,6875;-1,0625;-96,1875;-116,5625;15,4375;-194,09375;-200,03125;-205,6875;111,5;-25,53125;-135,5;68,46875;-25,03125;12,9375;19,3125;-83,46875;-34,03125;-82,625;79,90625;106;1,625;3,75;-51,28125;-27;145,5625;-12;73,625;231,09375;-70,25;44,75;175,875;133,5625;-163,34375;-32,0625;-26,78125;58,96875;-60,25;-173,3125;-173,40625;264,875;174,3125;73,5625;164,78125;215,375;90,625;-122,21875;-13,6875;-35,625;-12,6875;-30,46875;18,8125;56,84375;24,25;96,6875;-34,1875;8,625;22,3125;-176,3125;-32,0625;120,1875;98,21875;
-192,03125;101,15625;-52,28125;0,46875;-119,40625;-89,46875;-121,25;-89,34375;-33,5625;-125,84375;-147,84375;-119,34375;21,375;-102,75;-115,5;-104,59375;10;-35,09375;-279,5;-325,15625;-181,9375;-175,96875;-299;-207,15625;24,65625;-239;26,5;-169,34375;-175,15625;-59;-104,34375;-25,3125;0,21875;-2,1875;-198,46875;-201,8125;-197,625;-251,6875;-16,8125;-65,59375;-203,9375;-209,5625;-88,3125;-63,3125;-44,59375;-113,03125;-129,65625;43,46875;-276,46875;-220,1875;-114,8125;-84,78125;-90,71875;-110,34375;-87,25;-207,53125;-221,34375;-263,1875;-352;-271,34375;-134,8125;-42,1875;99,59375;180,75;-335,34375;-280,125;-120,84375;-4,90625;-61,03125;-185,875;-181,8125;-64,9375;-4,03125;95,3125;-125,3125;-163,75;55,625;-270,3125;-66,03125;83,53125;-135,78125;-117,375;-35,1875;-19,40625;126,78125;-16,625;62,09375;-73,125;-51,5;-99,9375;-97,0625;-166;-35,5;175,1875;-39,875;-24,09375;-40,6875;-78,59375;-51,125;18,90625;-136,75;59,03125;-19,96875;108,4375;-206,90625;-68,59375;-58,09375;-266,875;-7,53125;-71,84375;136,3125;33,5625;144,96875;191,90625;214,0625;179,84375;362,5625;66,3125;218,875;-165;-15,375;125,90625;-51,28125;174,25;-85,5625;-116;28,5625;-70,59375;-75,4375;349,0625;258,15625;180,40625;398,53125;353,0625;361,8125;378,53125;422,40625;191,40625;364,4375;160,34375;190,625;27,1875;-128,625;-85,78125;53,6875;128,34375;-99;41,96875;93,875;423,90625;298,34375;216,65625;111,03125;430,375;153,28125;522,5;468,28125;284,53125;218,5625;16,59375;101,96875;13,09375;-35,9375;-39,6875;28,4375;159,96875;250,34375;446,84375;277,5;378,9375;423;291,09375;318;277,4375;331,4375;432,75;468,4375;389,09375;541,625;458;585,96875;450,40625;646,21875;632,71875;797,28125;699,59375;817,4375;540,25;615,625;582,25;353,5625;578,8125;433,15625;419,375;507,28125;159,71875;351,59375;-90,09375;132,46875;25,46875;-176,375;-125,125;-2,28125;-247,75;-22,40625;-160,90625;-87,09375;-130,25;-125,15625;-59,90625;-62,28125;-93,0625;-44,375;-168,125;-44,1875;-58,75;35,1875;-113,3125;15;36,125;-12,71875;-66,71875;79,21875;-152,75;105,125;-68,09375;-126,65625;-130,84375;-80,40625;-20,03125;-46,90625;-41,5;-169,8125;-154,3125;-247,40625;-116,46875;-192,59375;-161,1875;-105,84375;-287,03125;-214;4,875;-159,65625;-25,6875;-81,09375;71,25;116,25;-153,75;-106,625;-220,3125;-94,5;-25,125;124,15625;-106;-43,4375;-67,53125;-27,9375;-229,1875;-117,21875;-245,46875;-360,8125;-97,125;-42,625;-124,4375;-95,625;-92,75;27,34375;-188,125;67,09375;-65;-6,1875;-265,875;-110,125;-121,125;-188,65625;-152,9375;-67,0625;-76,3125;-213,625;-9,96875;-148,84375;91,90625;-133,71875;-204,625;-28,96875;-26;21,625;-249,75;-60,34375;-233,25;7,4375;-85,8125;46,71875;21,625;-128,59375;-67,8125;78,125;-231,78125;-235,78125;-255,21875;-232,375;-118,46875;101,0625;37,71875;-169,9375;-211,1875;-175,03125;-47,34375;-127,375;-17,90625;-31,53125;177,71875;-81,28125;-14,4375;-150;33,5625;94,6875;-40,03125;-67,875;-207,8125;
-119,125;278,1875;15,5625;67,15625;-14,15625;-282,53125;103,65625;83,03125;-66,90625;58,5;43,6875;138,1875;-81,90625;58,46875;-227,4375;152,6875;-146,0625;-128,625;-94,28125;-18,46875;-61,25;-157,84375;-147,3125;-104,78125;-109,5625;-156,34375;-39,46875;-47,46875;39,65625;4,75;-18,53125;-34,96875;-117,15625;6,28125;-83,59375;127;-29,375;-125,09375;66,71875;-302;-115,375;-192,625;27,5;-26,84375;-44,65625;-71,875;61,75;67;85,53125;-42,71875;33,84375;-19;-94,625;114,03125;-276,71875;26,0625;51,375;18,09375;-45,5;104,21875;-5,65625;-24,96875;65,59375;87,5625;-80,53125;6,375;-48,1875;134,125;-62,34375;41,21875;249,3125;9,84375;57,9375;-11,78125;147,84375;9,75;65,3125;121,9375;125,1875;-24,1875;149,4375;179,15625;21,59375;129,84375;28,59375;151,40625;98,09375;163;35,21875;-62,4375;37,125;-145,9375;25,5;246,9375;82;-56,59375;-87,9375;-68,90625;-55,5;114,21875;54,71875;234,4375;24,4375;30,625;222,28125;180,90625;71,90625;95,75;132,375;16,4375;-40,1875;412,28125;156,71875;373,875;439,40625;309,46875;103,5;296,53125;178,15625;203;295,21875;120,1875;199,8125;151,0625;138,4375;182,21875;-30,53125;109,125;383;169,03125;389,5;472,5625;578,71875;499,53125;623,96875;508,0625;397,03125;643,28125;539,5;70,40625;131,46875;49,625;134,3125;51,75;-4,15625;238,09375;14,46875;160,5;291,59375;257,53125;367,3125;448,375;373,5;337,71875;415,625;484,8125;558,4375;512,25;434,65625;408,09375;167,03125;104,125;28,625;116,3125;41,5625;-103,3125;262,4375;215,59375;519,46875;417,8125;439,09375;607,21875;562,0625;533,3125;448,9375;589,71875;445,84375;519,59375;437,1875;693,625;693,71875;949,1875;750,625;837,125;990,21875;740,5625;797,90625;790,59375;580,8125;751,5625;897,125;802,84375;601,90625;536,0625;423,4375;277,78125;171,875;79,9375;25,1875;83,875;0,21875;20,25;76,5625;-58,75;-85,09375;-109,34375;151,875;51,71875;129,1875;57,34375;4,4375;23,75;114,6875;140,46875;22,875;96,71875;300,4375;-15,9375;25,90625;85,9375;141,375;157,0625;189,09375;196,375;152;12,46875;-1,96875;-38,125;-103,78125;20,46875;-11,96875;54,625;73,6875;14,40625;224,59375;13,46875;-36,65625;121,6875;-142,875;113,1875;31,46875;-113,03125;154,125;-210,75;-66,78125;-16,875;-125,4375;-2,90625;88,09375;-193,4375;79,875;-25,5625;-173,1875;129,90625;137,875;-110,6875;25,375;-53,8125;112,03125;-85,15625;-138,15625;94,09375;66,1875;28,65625;-152,125;54,84375;-195,40625;-135,09375;124,09375;59,5;158;-24;-6,625;42,3125;-82,28125;-124,875;-171,15625;-98,875;-91,21875;37,46875;244,46875;129,21875;19,3125;86,65625;46,71875;-84,6875;2,125;1,25;43,03125;-59,15625;94,6875;211,9375;104,6875;11,5625;40,1875;127,71875;-28,625;31,625;153,90625;43,84375;-3,5625;-72,5625;80,59375;-56,375;-102,125;-101,53125;47,5625;35,375;34,875;-37,875;-61,34375;72,53125;-132,21875;198,5;-34,78125;104,65625;14,3125;-50,4375;-59,09375;65,3125;
-213,71875;-10,6875;-494,4375;-285,03125;-183,78125;-288,25;-289,40625;-157,21875;-181,8125;-62,84375;-52,5;-188,5625;-286,5;-225,65625;-294,15625;-342,25;-386,71875;-433,8125;-292,59375;-309,90625;-427,53125;-299,75;47,40625;-145,4375;-51,5;-492,5;-47,65625;-302,21875;-195,34375;-146,40625;-429,65625;-255,96875;-278,28125;-368,21875;-228,90625;-194,71875;-194,75;-357,25;-396,59375;-233,5;-335,1875;-102,28125;-178,5;-188,75;-274,75;-315,90625;-159,84375;-330,4375;-133,9375;-291,375;-241,25;-288,84375;-296,21875;-366,65625;-129,96875;-302,8125;-283,4375;-361,84375;-166,40625;-150,3125;-197,40625;-48,78125;-46,40625;-236,5625;-173,09375;-206,5;-301,25;-213,1875;-287,21875;14,34375;-446,21875;-209,125;-389,40625;-70,09375;-110,125;-217,3125;-210,90625;-151,65625;-311,375;-357,625;-96,53125;-120,21875;-47,25;-67,84375;-271,375;-48;-204,28125;-241,9375;-315,375;-3,9375;-84;-191,71875;-251,21875;-285,625;-221,1875;-81,90625;-173,4375;-179,625;-229,625;-119,3125;-239,5625;-186,625;-89,34375;-80,15625;23,84375;-82,34375;-178;-40,8125;-234,25;-152,4375;-23,0625;-94,53125;107,09375;120,3125;254,625;205,1875;192,625;111,0625;224,4375;68,3125;2,9375;190,3125;40,46875;-159,09375;-460,625;66,375;-134,9375;-253,34375;148,46875;166,0625;258,53125;333,0625;458,78125;282,5;263;251,34375;336;241,4375;200,28125;56,25;10,375;-123,875;-179,25;-214,03125;-205,90625;-119,625;-60,09375;-42,4375;117,6875;255,28125;370,15625;277,0625;361,34375;277,0625;564,28125;245,03125;324,15625;316,09375;142,84375;70,25;-177,59375;-280,09375;-81,46875;-262,5625;-121,28125;-120,0625;188,34375;343,375;408,3125;568,875;642,53125;740,625;593,84375;445,25;371,125;333,6875;381,03125;170,3125;289,28125;648,5625;482,40625;687,75;550,3125;787,1875;900,75;845,53125;971,09375;751,09375;823,8125;698,875;619,34375;683,40625;478,53125;549,21875;216,59375;216,34375;10,5625;-126,625;120,9375;-165,46875;-218,125;-285,9375;-208,84375;-377,96875;-106,3125;-207,59375;-101,8125;-357,3125;-175,53125;-68,5;-341,15625;-361,25;-125,625;75,28125;-178,25;-236,90625;-167,84375;-5,03125;-158,46875;-26,28125;-157,09375;-42,625;31,21875;-168,03125;-101,5625;-310,40625;-158,3125;4,1875;-200,6875;30,65625;-125,5;-128,125;-48,0625;-416,09375;-62,53125;-74,5;-158,875;-94,4375;-223,65625;-135,53125;-212,25;-222,03125;-65,75;-59,65625;-294,59375;-256,40625;-226,15625;-293,21875;-298,25;-116,75;-267,40625;-405,1875;-268,6875;-130,1875;-206,875;-150,75;-183,625;-304,03125;-323,0625;19,4375;-273,65625;-248,53125;-196,625;17,03125;-354,59375;-288,03125;-152,1875;-157,84375;-72,8125;-255,75;-58,53125;-229,65625;-125,4375;-164,15625;-140,84375;-193,84375;-240,5625;-349,28125;-299,75;-37,40625;-323,9375;-253,375;-219,75;-426,34375;-150,75;-135,28125;-28,28125;-98,28125;-67,3125;-126,78125;-137,03125;-301,96875;-220,90625;-151,375;-123,65625;-145,3125;-73,65625;-230,53125;-143,34375;-122,8125;-55,4375;-168,40625;-125,125;-36,0625;3,65625;-313,125;-228,125;-180,53125;-319,5;-190,25;-30,6875;-71,65625;-103,71875;-250,0625;-216,09375;-106,375;-279,71875;-130,59375;-114,0625;-98,625;
77,8125;10,625;-77,3125;-227,6875;97,40625;-98,3125;87,78125;111,75;-73,65625;-73,21875;87,5;-182,4375;14,78125;47,0625;-122,78125;45,71875;-67,96875;-202,3125;-52,46875;-162,8125;-126,71875;-116,3125;46,75;-5,53125;-101,59375;-198,25;-40,09375;-79,625;-69,125;42,375;-9,84375;-119,1875;-45,53125;138;-128,0625;-23,65625;-248,34375;-51,78125;-59,15625;-52,875;-198,15625;-50,28125;4,59375;-66,4375;-90,15625;153,6875;88,3125;-26,0625;28,53125;254,8125;-8,34375;99,125;-14,40625;43,3125;-74,40625;-107,40625;-105,21875;148,125;-45,1875;-176,46875;-45,09375;-91,375;114,59375;-77,125;-123,78125;-74,96875;-76,96875;-61,09375;189,53125;64,75;-14,4375;-215,03125;-56,96875;-43,34375;-123,375;-157,71875;10,59375;-23,8125;-48,9375;30,84375;-85,625;11;-6,34375;-150,9375;118,875;-105,4375;-13,0625;-185,125;-109,40625;-218,21875;-83,65625;-39,65625;-118,4375;-10,78125;-71,46875;23,03125;-47,875;105,09375;101,34375;175,28125;53,15625;41,03125;-108,625;191,1875;201,46875;-3,03125;-7,5;-280,6875;-151,03125;91,28125;173;96,5;108,28125;289,03125;430,96875;419,78125;415;293,25;373,40625;201,8125;452,375;146,625;162,59375;163,9375;168,96875;164,34375;41;99,1875;232,5625;407,1875;602,5625;633,34375;463,75;536,40625;760,75;532,65625;450,25;492,8125;581,65625;330,90625;125,46875;256,34375;232,25;102,03125;57,03125;89,65625;292,28125;229,375;286,625;458,84375;509,28125;424,5;398,3125;704,5625;558,6875;608,71875;678,375;648,5625;417,53125;259,90625;10,75;-18,28125;50,375;141,65625;25,40625;260,75;241,4375;414,375;506,375;700,8125;783,46875;806,09375;892,9375;752,90625;606,75;477,53125;587,625;821,875;775,53125;921,0625;945,75;1020,5;1118,1875;1071,40625;1164,5;1206,65625;1301,78125;1009,15625;1132,65625;906,71875;845,875;804,0625;754,4375;702,40625;676,125;484;170,25;50,40625;135,0625;171,3125;152,34375;13,75;188,21875;145,375;70,5625;155,65625;13,1875;-92,28125;-60,3125;89,21875;54,5;-92,75;25,625;288,75;169,4375;127,6875;163;-78,75;274,65625;191,09375;79,125;40,78125;165,09375;110,375;66,25;43,90625;20,21875;116,78125;23;-24,40625;-68,21875;177,78125;-34,125;33,3125;87,40625;198,875;8,125;-177,03125;24,875;-77,8125;-126,28125;-250,0625;-114,84375;111,78125;77,875;-12,8125;14,34375;23,375;10,84375;-24,1875;-17,09375;-92,5;107,125;-92,59375;128,09375;-6,0625;91,34375;109,5;121,75;52,09375;-84,21875;-94,375;-38,84375;243,125;78;26,21875;141,46875;109,28125;80,25;-41,90625;-60;183,28125;1,625;257,21875;278,5625;54,5;-155,6875;-23,71875;50,15625;166,4375;-36;-32,78125;-125,5;-10,03125;-3;-89,3125;-88,375;23,15625;-57,75;70,6875;-128,625;45,78125;117,53125;215,5;171,21875;-83,6875;202,75;8,84375;138,34375;-26,59375;39,21875;190;-20,28125;56,9375;133,875;-147,78125;121,59375;-69,0625;167,5625;196;89,78125;-1,90625;170;242,40625;-69,71875;146,40625;186,40625;44,03125;-129,6875;159,3125;
46,46875;181,0625;62,25;82,09375;-82,3125;60,1875;82,15625;102,46875;100,25;111,65625;-73,0625;136;45,15625;36,25;-45,53125;91,34375;55,53125;92,96875;110,0625;285,9375;-4,1875;11,65625;-116,34375;0,375;140,96875;-63,28125;103,59375;-110,8125;83,40625;244,5625;-49,53125;206,03125;-45,78125;-5,21875;-24,625;41,1875;26,09375;111,75;94,71875;-21,40625;-107,5;-26,75;78,5625;117,6875;-176,125;57,71875;41,40625;229,8125;-6,0625;-62,25;-98,5625;-45,75;-36,625;-80,3125;-20,125;167,28125;11;73,78125;-50,25;106,625;189,09375;36,78125;-5,90625;-81,28125;65,84375;17,5;60,84375;72,0625;121,96875;-1,84375;6,71875;-77,8125;36,1875;62,375;126,46875;-53,53125;147,6875;15,84375;321,90625;182,28125;174,125;-64;-73,125;4,03125;264,5;355;124,96875;25,1875;192,59375;173,5625;65,65625;294,125;64,3125;5,09375;180,15625;220,71875;76,96875;100,21875;-24,21875;78;123;118,1875;119,625;258,5;107,5625;283,96875;87,75;119,5;151,0625;-80,59375;319,46875;35;407,5625;417,25;486,90625;617,96875;440,875;581;629,125;596,03125;565,6875;265,34375;422,125;221,25;149,28125;166,375;77,875;338,40625;431,21875;252,09375;562,125;696,21875;753,3125;724,84375;712;582,84375;459,53125;485,28125;597,21875;452,09375;423,75;393,96875;315,6875;319,65625;267,9375;342,34375;137,75;317,15625;343,28125;569,75;579,75;361,4375;710,9375;774,03125;696,1875;819,25;917,5;814,5;624,53125;364,25;326,75;112,0625;44,75;139,625;232,0625;101,125;242,53125;409,03125;634,46875;660,1875;1035,40625;834,0625;971,1875;1204,6875;856,59375;834,46875;870,90625;539,4375;963,125;894,40625;1054,4375;1229,71875;1350,9375;1275,96875;1230,5625;1253,5;1156,84375;1092,21875;1108;1006,5;983;1168,125;1029,03125;895,03125;548,0625;689,28125;453,75;334,8125;252,6875;110,25;52,3125;229,0625;83,21875;-75,375;134,15625;153,28125;-42,03125;125,6875;-78,125;47,8125;-90,03125;96,28125;159,125;268,375;303,375;83,0625;325,125;474,75;254,53125;86,375;469,0625;502,3125;175,53125;49,25;231,46875;104,96875;77,125;230,5625;205,625;351,9375;227,40625;346,75;188,65625;-98,28125;86,78125;114,65625;411,03125;43,84375;110,84375;157,0625;9,125;113,1875;69,25;227,71875;68,03125;234,78125;107,0625;-61,78125;185;154,6875;17,71875;70,78125;253,1875;33,5625;261,84375;200,40625;-8,9375;-43,40625;-172,875;64,9375;25,5;34,40625;85,84375;155,75;82,34375;150,875;-22,71875;128,65625;31,5625;103,21875;228,96875;-36,5625;52,1875;27,28125;171,375;138,1875;215,1875;100,21875;-61,0625;-6,28125;14,4375;133,28125;-17,5625;91,8125;174,6875;74,3125;81,3125;141,125;200,09375;48,5;209,15625;5,125;-169,34375;244,09375;15;-72,46875;-95,6875;134,0625;-64,21875;104,1875;51,6875;137,15625;354,5;269,5;346,5625;308,625;20,0625;94;234,15625;193,21875;125,03125;142,40625;101,3125;123,9375;99,625;226,28125;53,25;109,125;145,25;46,59375;
-78,5625;-74,3125;-84,6875;150,5;70,03125;39,375;59,90625;67,40625;119,9375;119,34375;-139,65625;0,40625;-99,34375;-199,96875;-171,0625;-304,875;-148,4375;-170,96875;-106,1875;33,75;21,875;-234,3125;-92,5;16,53125;69,71875;-136,53125;-314,3125;-29,625;-44,96875;-159,5625;-117,15625;84,21875;-65,25;-15,59375;140,96875;62,28125;-11,96875;-121,96875;21,46875;-130,78125;-82,28125;35,71875;-62,59375;-22,53125;-120,125;86,75;-43,25;-158,65625;-114,40625;-147,0625;-172,0625;-188,46875;-193,625;-10,84375;-6;99,21875;-148,375;-62,5;-164,125;-166,9375;-47,3125;-172,3125;-184,40625;-196,4375;-45,625;135,65625;-163,1875;-52,6875;-168,0625;143,125;-172,1875;-138,90625;-62,59375;-22,40625;-98,28125;-64,09375;-80,4375;72,65625;-60,6875;-170,375;-195,6875;-51,84375;65,34375;200,15625;-3,09375;-109,71875;-125,34375;-35,40625;-203,65625;-57,78125;-97,46875;-166,8125;-147,46875;-24,25;99,65625;140,09375;-167,6875;109,0625;-92,9375;157,0625;-46,78125;43,78125;148,53125;10,78125;206,1875;29,9375;181,375;-215,375;-74,90625;165,5;33,4375;50;336,125;171,6875;423,09375;313,9375;425,90625;459,0625;371,96875;336,65625;306,09375;169,40625;273,4375;207,0625;-8,8125;-66,6875;144,96875;103,78125;245,96875;199,5625;294,9375;506,09375;497,96875;632;380,59375;557,9375;521;394,0625;419,78125;263,5625;316,84375;205,4375;14,5;57,1875;198,71875;136,15625;97,9375;240,4375;189,40625;350,21875;248,4375;432,1875;529,84375;675,03125;464,125;801,0625;747,25;559,0625;575,6875;254,65625;351,84375;97,28125;-126,3125;-36,5625;-34,78125;156,125;428,1875;393,0625;617,09375;826,78125;729,46875;1043,28125;1074,3125;1051,84375;910;877,1875;699,65625;750,90625;796,875;991,6875;1097,25;960,84375;1213,78125;1069,6875;1149,9375;1223,8125;1110,65625;1144,21875;1034,28125;964,40625;1032,59375;917,25;788,03125;573,5;368,5625;286,75;551,9375;125,0625;111,15625;49,21875;3,21875;-41,15625;2,125;82,84375;-38,3125;111,5;-28,3125;45,1875;-92,875;-80,0625;-4,09375;-72,03125;70,34375;98,65625;-18,96875;169,09375;-50,15625;-10,8125;-46,9375;1,34375;73,53125;33,625;213,375;8,71875;179,84375;-137,1875;81,9375;-38,59375;-21,1875;31,8125;172,15625;-96,65625;26,53125;24,28125;43,46875;-230,59375;-105,125;-65,78125;-128,6875;-147,4375;-84,46875;83,78125;-29,5;-23,375;-9,8125;-185;45,1875;136,125;-34,125;11,03125;-71,78125;-173,28125;-9,1875;-77,3125;-7,5;-19,8125;-26,3125;-19,15625;-364,875;12,9375;-284,9375;-23,25;46,90625;-111,84375;-61,03125;213,21875;33,21875;60,3125;-77,5625;13,28125;55,78125;67,28125;32,28125;-84,96875;-127,25;-50,40625;-79,375;-164,59375;-163,28125;-141,65625;-120,46875;-11,78125;-98,75;-184;64,125;-103,28125;33,53125;38,90625;-62,21875;-78,28125;-319;126,78125;-3,03125;-120,125;-234,4375;-223,71875;152,09375;-119,9375;100,59375;-25,5625;205,625;-140,6875;148,5;-93,125;135,34375;-69,65625;119,71875;68,28125;-73,28125;267,6875;58,375;87,84375;-52,84375;58,78125;128,1875;-88,59375;50,21875;5,625;51,78125;47,59375;
148;256;261,4375;118,9375;88,375;169,40625;31,03125;-38,40625;262,0625;36,1875;207,96875;-72,46875;-25,65625;11,65625;131,21875;-203,59375;51,28125;117,90625;-120,0625;16,6875;46,4375;184,21875;180,9375;-74,375;-57,40625;105,9375;-47,15625;-8,65625;47,71875;-3,59375;195,53125;127,875;85,40625;203,90625;94,875;126,5;126,6875;-141,40625;170;157,34375;75,40625;58,46875;135,21875;101,25;11,25;131,6875;53,96875;-2,46875;224,65625;-12,84375;88,875;33,8125;53,84375;-2,78125;53,03125;-32,96875;185,40625;235,21875;28,71875;-20,34375;-63,71875;-34,21875;113,15625;139,46875;-6,5625;36,8125;114,625;239,03125;10,15625;110,84375;241,125;104,90625;48,25;184,125;59,40625;93,5;221,09375;122,34375;97,65625;26,96875;-53,46875;-125,09375;304,21875;-2,34375;86,0625;148,53125;307,25;15,15625;68;32,46875;165,6875;-25,4375;68,375;239,59375;92,71875;165,75;-2,4375;-21,71875;176,09375;98,125;42,40625;211,46875;191,8125;162,46875;279,6875;151,1875;129,5;36,9375;130,40625;196,3125;102,1875;354,25;392,96875;377,4375;478,90625;529,5;569,375;437,96875;410,8125;477;384,78125;492,875;371,375;22,15625;142,5625;327,78125;148,75;333,28125;273,84375;425,125;466;562,25;758,96875;868,8125;580,75;511,0625;707,71875;610,8125;502,25;665,71875;450,28125;316,71875;179,3125;376,0625;397,65625;232,875;282,0625;384,96875;361,25;515,03125;386,375;684,15625;766,8125;670,25;1021,75;871,65625;930,4375;896,25;698,78125;584,28125;336,59375;140,375;186,46875;87,1875;157,46875;96,65625;188,1875;536,53125;699,875;1002,375;1031,125;1200,875;1236,34375;1212,71875;819,875;1162,4375;834,4375;913,53125;856,75;1203,9375;1010,71875;1098,5;1345;1624,5625;1328,71875;1441,59375;1421,1875;1250,4375;1265,375;1029,84375;1060,6875;1122,9375;955;856,96875;652,34375;535;366,4375;325,0625;234,84375;62,9375;84,78125;-21,4375;68,09375;-148,625;6,3125;24,40625;88;140,03125;-14,96875;70,625;-83,15625;82,09375;149,53125;272,84375;295,09375;194,40625;275,96875;323,625;326,625;9,6875;31,84375;215,5;352,65625;252,5;212,40625;97,90625;178,5;-61,65625;70,21875;280,3125;129,15625;220,28125;117,53125;44,4375;78;103,65625;-2,125;24,5;77,5625;148,21875;109,125;-10,71875;85,1875;235,8125;-66,5625;-9,5625;-2,09375;82,75;107,15625;68,6875;95,03125;-36,6875;223,46875;45,5625;313,125;61,3125;131,84375;-87,3125;66,96875;106,75;21,71875;1,84375;236,09375;232,3125;14,71875;228,90625;74,28125;92,0625;95,6875;-39,125;37,09375;-49,96875;75,6875;90,21875;100,71875;121,375;158,46875;25,34375;16,25;69,21875;10,53125;-205,75;206,5;-131,75;41,71875;90,96875;-91,25;97,03125;25,8125;-71,5625;74,09375;85,90625;43,46875;51,90625;220,40625;51,1875;159,90625;87,28125;17,1875;39,1875;58,21875;269,21875;346,53125;100,5625;-79,96875;278,21875;221,4375;215,53125;307,71875;33;177,125;139,53125;-12,78125;187,78125;84,15625;130,9375;-63,0625;250,28125;193,03125;-161,125;
25,0625;96,46875;-168,15625;-189,65625;-201,6875;-104,1875;-54,53125;51,09375;-210,96875;60,875;-62,6875;10,03125;-125,5;-306,65625;-84,625;-156,90625;9,875;-77,59375;-133,84375;-81,59375;-8,65625;-171,3125;-310,1875;129,59375;-127,5625;-112,75;-91,96875;-254,46875;-191,5625;-198,5;-17,21875;-431,59375;-151,46875;-187,03125;5,625;-300,59375;-68;2,40625;-158,53125;-32,0625;-22,46875;-233,34375;-110,4375;-187,6875;-173,375;-97,71875;138,78125;90,3125;-216,0625;-121,40625;-109,34375;-108,46875;80,375;-69,3125;-58,25;-74,5;-173,375;-10,40625;38,0625;-2,59375;-318,5625;92,84375;127,96875;-313,59375;-18,8125;-111,0625;11,71875;-77,1875;-64,96875;52,875;36,84375;21,15625;-14,46875;-113,53125;-391,5;-98,25;40,03125;-151,84375;11,28125;-155,5625;-105,84375;13,03125;-61,09375;-89,875;4,5;-134,5625;-64,4375;-113,9375;-49;-169,78125;-152,375;46,6875;-193,75;-117,65625;-126,34375;-139,375;-73;-289;-91,96875;-5,65625;-41,625;23,96875;-45,125;347,21875;-91,625;30,875;50;-107,625;-140,53125;-173,375;102,71875;11,21875;16,375;316,4375;386,09375;217,65625;157,375;268,46875;313,65625;97,71875;308,28125;95,4375;74,21875;147,4375;208,15625;-62,9375;-107,0625;124,625;275,1875;175,03125;257,9375;563,9375;625,03125;477,09375;502,34375;421,59375;246,375;606,59375;389,4375;286,3125;255,59375;286,65625;91,4375;120,46875;160,0625;-184,53125;0,84375;188;111,28125;145,125;223,59375;441,9375;716,75;633,53125;932,1875;851,21875;785,84375;701,6875;597,90625;347,28125;239,15625;224,71875;39,59375;-157,3125;59,5;3,9375;299,34375;638,5;624,125;689,375;639,9375;1067,71875;1100,15625;1079,15625;931,84375;808,875;684,75;795,65625;771,28125;801,4375;850;1172,78125;1038,1875;1380,15625;1282,375;1259,28125;1296,59375;1250,46875;1057,1875;1031,1875;972,0625;812,15625;833,53125;631;728,71875;379,1875;305,75;68,625;-35,5;-3,84375;-138,25;-18,53125;-68,46875;-113,3125;-161,78125;-91,125;-74,78125;-75,5625;-132,15625;-256,15625;20,375;63,84375;40,1875;75,40625;99,65625;1,5;294,125;47,84375;108,84375;114,25;174,09375;25,125;234,65625;99,40625;41;-108,25;146,15625;9,4375;-105,03125;39,25;15,96875;-82,90625;-74,96875;102,40625;-102,71875;36,96875;-244,5625;-104;-93,625;-30,5;63,21875;-17,96875;56,25;-116,46875;-15,375;160,8125;-238,1875;-41,71875;-77,78125;3,5625;-124,5;-116,9375;28,53125;9,5625;-145,96875;2,71875;-78,03125;-14,15625;-264,84375;70,96875;136,46875;-316,28125;-3,40625;22,09375;-122,28125;-213,125;-15,03125;-40,53125;7,84375;-78,59375;102,3125;-228;60,15625;-198;-173,3125;-58,71875;-167,5;-27,15625;-101,84375;-234,125;-20,34375;22,6875;-105,4375;75,09375;-204,375;-226,0625;-19,53125;-266,0625;-46,53125;-188,59375;-166,5625;24,96875;-198,71875;-173,375;-224,59375;-160,71875;-179,84375;-15,4375;-71,84375;23;-194,0625;-25,375;-153,78125;-45,125;0,53125;-24,53125;43,5;-76,1875;-62;-211,25;-158,21875;-328,78125;-15,03125;-102,71875;-55,9375;136,0625;11,4375;36,21875;-223,9375;67,84375;
-45,3125;67,65625;108,15625;-73,34375;-128,78125;67,6875;126,78125;-184,4375;-82,78125;18,59375;-153,40625;69,1875;24,5625;-80,75;-9,375;-60,0625;-57,03125;-103;-119,9375;0,03125;104,5625;-189,375;-37,0625;99,6875;-24,53125;-71,40625;-116;-103,40625;56,34375;-43,375;-134,125;-125,09375;-176,875;-198,625;-96,53125;241,125;-212,1875;-39,90625;-83,28125;-38,1875;-27,15625;16,1875;245,09375;97,03125;30,3125;116;116,25;221,40625;137,3125;-55;-80,65625;18,71875;7,6875;12,40625;78,03125;-97,75;122,5625;3,1875;39,03125;1,3125;-216,8125;-238,09375;-64,15625;1,75;168,46875;153,375;-148;-130,3125;-110,53125;97,71875;-246;-66,3125;-27,1875;35,09375;-38,6875;-19,5625;34,28125;36,4375;-33,875;-73,28125;-8,28125;88,28125;116,5;44,90625;-2,15625;-94,59375;137,53125;249,71875;99,28125;-42,03125;-177,09375;33,40625;85,78125;-17,34375;-71,25;5,0625;15,25;-48;-38,96875;162,40625;8,3125;-8;232,8125;298,28125;136,6875;50,28125;100,9375;-99,1875;106,0625;-24,90625;237,34375;-5,65625;394,625;337,1875;498,1875;138,75;488,21875;403,875;395,8125;341,09375;349,78125;330,125;341,90625;6,90625;495,71875;-152,4375;424,90625;230,59375;220,625;361,125;462,875;560,21875;566,78125;835,125;583,53125;638,65625;699,71875;605,40625;468,28125;419;359,5625;195,96875;163,125;169,15625;214,46875;152,25;233,6875;309,875;343,90625;540,9375;469,6875;446,75;496,40625;613,71875;815,8125;813,59375;829,375;783,9375;689,21875;599,4375;573,53125;335,8125;467,03125;53,0625;217;172,40625;146,125;586,71875;638,59375;783,59375;1227,53125;1235,9375;1342,78125;996,25;1253,1875;1085,59375;924,8125;865,09375;907,59375;949,125;974,71875;1218,875;1165,90625;1452,28125;1382,25;1310,71875;1323,40625;1406;1235,4375;1133,4375;1102,3125;811,4375;942,625;814,34375;606,8125;398,59375;461,8125;127,03125;180,03125;51;128,59375;-258,0625;2,21875;-190,71875;45,53125;-157,0625;-100,9375;-104,125;24,90625;81,21875;72,40625;-55,65625;0,53125;87,65625;116,5;291,375;326,6875;-40,5;-29,8125;168,3125;163,875;64,5;209,375;252,59375;82,8125;-11,40625;268,875;78,40625;240,34375;10,84375;6,21875;94;75,53125;-59,25;-69,78125;122,9375;78,15625;-76,375;165,125;70,46875;-142,3125;-35,125;-83,125;1,34375;4,75;44,09375;-88,96875;105,71875;138,53125;70,0625;-38,125;67,40625;-36,625;-143,9375;63,125;229,25;85,5625;-7,90625;36,59375;0,96875;21,46875;-34,28125;207,71875;-169,21875;-13,125;7,1875;36,53125;-25,84375;102,46875;-65,8125;-78,71875;51,25;126,21875;26,21875;40,0625;-6,5625;75,125;-15,6875;-16,71875;196,25;-42,875;-41,9375;40,4375;-7,75;-73,34375;-40,03125;252,40625;-84,25;199,3125;156,4375;11;158,5;-141,375;-116,46875;-49,84375;71,0625;225,4375;176,21875;83,34375;104,25;-18,75;-96;395,25;248,125;191;191,9375;1,09375;29,8125;-20,46875;94,59375;-66,5625;111,78125;-141,40625;-62,4375;23,1875;-102,71875;218,90625;-100,71875;149,6875;368,3125;
137,34375;102,65625;118,125;4,71875;33,25;-7,40625;101,59375;117,78125;66,90625;200,125;-117,3125;-107,40625;-112,34375;-24,53125;47,40625;-155,84375;50,25;67,71875;62,75;-111,46875;45,9375;214,84375;-126,84375;-53,1875;-8,46875;-29,28125;-107,3125;-112,625;-20,03125;11,03125;179,0625;-24,8125;-2,75;88;-15,625;125,9375;252,34375;-100,25;177,03125;-109,9375;100,4375;-36,28125;42,84375;2,09375;5;-150,375;93,03125;15,3125;47,46875;205,96875;-76,96875;148,1875;-108,1875;67,78125;-76,71875;-43,4375;-73,21875;393,46875;204,625;-4,3125;225,3125;97,5;17,84375;138,96875;177,375;133,15625;7,125;147,59375;207,8125;241;31,84375;-52,625;143,625;9,4375;71,15625;-36,96875;-48,21875;41,53125;117,1875;-35,25;-64,21875;76,75;150,3125;59,875;84,5625;-64,84375;39,90625;-43,65625;211,59375;-240,21875;151,09375;94,125;370,21875;365,65625;12,09375;204,4375;-19,8125;79,875;-106,5625;-30,875;13,75;47,125;115,125;63,09375;203,96875;229,5;291,375;121,71875;162,5;235,40625;121,34375;70,5;140,625;427,90625;478,75;618,65625;482,78125;504,46875;419,4375;426,09375;337,25;372,1875;492,53125;174,1875;337,15625;291,5;63,5625;327,25;192,65625;498,4375;609,46875;415,09375;355,75;845,78125;490,71875;536,125;854,34375;677,65625;650,28125;504,09375;545;453,21875;243,34375;82,46875;228,1875;220,625;227,90625;167,40625;188,8125;629,09375;307,03125;496,0625;606,25;752,28125;844,96875;1113,75;910,96875;656,03125;647,625;545,125;431,53125;-17,4375;217,34375;52,46875;132,53125;166,375;201,15625;490,9375;729,53125;764,9375;1004,5;1217,40625;1272,03125;1301,78125;1238,875;917,65625;1125,46875;734,46875;981,5625;1068,0625;1236,9375;1254,15625;1421,4375;1363,15625;1359,96875;1527,96875;1419;1256,375;1333,25;1321,75;1272,4375;1150,4375;1043,96875;576,28125;442,78125;545,03125;384,84375;255,3125;262,15625;308,53125;-7,65625;-43,53125;-8,96875;94;159,375;-19,78125;178,875;-3,53125;52,84375;-92,78125;6,8125;120,15625;200,0625;75,96875;184,21875;19,125;297,96875;211,15625;-132,1875;-31,03125;248,71875;95,75;306,4375;-44,125;266,375;99,375;92,53125;42,53125;63,96875;65,4375;209,0625;5,84375;-104,4375;-61,125;63,8125;67,78125;35,75;86,40625;19,9375;269,25;108,46875;28,53125;32,8125;81,8125;221,34375;-69,75;-73,875;37,03125;-3,46875;-25,8125;-68,59375;-83,15625;74,625;75,03125;116,5625;16,125;36,96875;138,03125;120,25;18,71875;304,0625;46,625;5,78125;7;72,53125;-179,96875;89,5625;-39,59375;42,9375;176,875;-9,90625;97,65625;213,125;211,5;263,65625;-27;117,71875;-112,3125;-79,71875;-63,9375;350,0625;14,40625;87,34375;90,625;-46,625;-27,96875;157,375;45,8125;-236,46875;88,53125;74,21875;42,125;193,96875;128,90625;-176,0625;73,1875;-19,4375;252,625;123,28125;83,71875;-7,03125;189,15625;163,09375;367,46875;88,125;305;143,625;-223,59375;64,28125;211,375;120;59,03125;78,34375;146,71875;179,5625;-72,09375;290,21875;60,96875;-169,21875;-86,875;
-139,78125;-9,90625;35,28125;62,6875;90,21875;-149,4375;1,40625;14,375;-101;-2,125;-46,1875;-67,96875;26,375;-57,03125;-195,71875;15;162,90625;-27,65625;-152,9375;-123,28125;25,65625;-34,09375;-198,375;-71,25;-9,25;-183,84375;-212,6875;-59,0625;-49,625;-129,9375;57,3125;-11,5625;204,9375;-76,21875;-6,5;6,53125;-129,0625;-53,65625;-138,5625;-243,5625;-106,21875;-140,21875;-139,71875;51,96875;79,125;-44,875;-27,625;-103,6875;1,03125;-218,34375;-226,53125;141,875;-183,84375;32,84375;-20,84375;-24,09375;-50,375;-114,53125;-285,3125;-15,21875;44,90625;-108,71875;12,15625;106,59375;62,46875;-18,5625;-112,15625;-141,15625;133;-57,59375;144,625;167,8125;-104,28125;-42,96875;6,125;-5,125;-75,1875;109,5;112,09375;164,71875;79,375;-238,9375;-84,4375;5;37,53125;37,9375;33,78125;13,59375;113,21875;177,5;-159,65625;-18,09375;-210,84375;-40,53125;105,28125;23,03125;-82,75;-176,90625;-83,5;-5,34375;109,375;224,125;270,21875;323,96875;188,625;-1,84375;-62,90625;-85,375;-125,59375;-195,84375;-83,96875;179,625;107,5625;154,03125;301,71875;513,28125;460,4375;471,1875;298,5625;116,65625;312,03125;292,84375;230,625;210,96875;172,125;139,40625;90,78125;283,28125;346,90625;289,75;485,15625;478,6875;517,71875;714,875;657,15625;739,71875;719,71875;751,4375;585,21875;669,4375;403,5;422,40625;360,0625;229,8125;145,4375;205,375;84,125;224,25;295,9375;377,625;491,375;756,3125;671,96875;595,65625;703,90625;816,40625;833,34375;990,25;674,59375;576,03125;418,03125;300,21875;-125,875;-109,4375;72,25;158,84375;364,5;518,28125;700,09375;892,28125;1203,0625;1073,03125;1232,46875;1055,875;1067,1875;993,59375;894,09375;800,5625;1068,625;882,90625;1126,59375;1060,34375;1187,125;1332,3125;1634,84375;1378,21875;1381,21875;1115,90625;1257,71875;1008,375;897,5;899,34375;708,875;642;620,0625;338,78125;455,40625;346,375;107,5625;31,84375;-14,625;54,34375;138,53125;46,5;-2,15625;-150,625;-30,6875;-108,375;149,5;21;229,3125;43,5;127,40625;115,65625;454,4375;140,4375;230,53125;82,65625;24,75;215,1875;119,25;22,3125;158,09375;171,1875;-138;-9,15625;72,75;-187,28125;221,65625;163,375;263,25;-43,1875;18,375;60,59375;-146,3125;-165,40625;-27,71875;-82,3125;81,5625;65,75;7,90625;15,375;-85,65625;-115,28125;37,625;-1,25;114,40625;-117,25;-86,46875;-55,90625;61,78125;7,375;-114,40625;-143,125;30,34375;-107,28125;-60,09375;-140,75;73,40625;-169;-33;24,28125;-24,1875;-197,78125;-276,90625;-50,84375;-19,0625;196,5625;-95,09375;-46,375;-184,40625;2,4375;14,78125;-28,15625;-20,75;-55,21875;-11,9375;144,96875;-17,375;-18,78125;-17,875;72,15625;-107,9375;-74,78125;42;-6,65625;-183,1875;-171,28125;191,78125;-7,65625;-160,40625;-98,75;-64,5;-97,90625;-47,9375;17,8125;-94,53125;155,625;15,84375;-89;79,40625;74,4375;13,03125;-39,71875;79,21875;141,8125;-37,4375;30,40625;-285,5;19,5625;60,0625;-128,8125;132,46875;123,0625;66,5625;220,40625;-118,84375;-81,84375;-132,59375;-31,28125;
-21,59375;116,5625;-28,40625;-89,96875;-87,0625;-84,5625;-205,09375;89,375;207;81,71875;57,625;-309,375;23,96875;-29,875;66,40625;-73,3125;240,15625;102,84375;47,875;63,53125;-218,0625;-136,96875;-93,3125;-301,375;-148,96875;-256,59375;-91,59375;-133,21875;-106,4375;-130;-120,3125;-90,90625;-178,46875;30,21875;-145,84375;171,46875;-159,0625;45,03125;-44,09375;-222,5625;-240,1875;-114,75;-106,75;-15,0625;-341,84375;200,75;-16,59375;-91,65625;-142,71875;-138,75;79,46875;-30,03125;-48,1875;-108,34375;157,8125;72,46875;-30,875;-7,875;-142,78125;-8,625;-149,3125;-35,25;-173,96875;-186,3125;0,34375;-28,65625;-95,5;-93,4375;-198,125;-192,53125;-96,25;-201,46875;-59,59375;-27,75;61,96875;164,4375;96,09375;-135,46875;-79,5;145,1875;-83,5;14,84375;131,8125;13,375;-156,3125;-195,03125;67;124,875;99,40625;-17,09375;21,25;135,0625;252,03125;-68,21875;-113,875;-119,6875;-86,125;67,5625;95,625;-249,125;-25,0625;50,96875;56,4375;73,03125;248,96875;129,46875;180,03125;-40,5625;-66,34375;117,8125;14,46875;143,9375;272,25;254,59375;351,84375;507;495,90625;393,53125;222,4375;258,65625;435,0625;326,03125;296,5;12,71875;143,90625;-57,84375;231,75;210,53125;263,84375;305,09375;529,125;429;657,75;750,84375;687,90625;879,59375;946,4375;662,6875;857,03125;586,90625;483,5;654,96875;228,1875;243,71875;175,53125;268,59375;158,28125;259,28125;292,71875;338,59375;254,53125;555,46875;557,6875;739,875;901,71875;985,53125;914,28125;904,53125;889,75;552,03125;391,71875;175,8125;-61,59375;92,46875;4,375;41,375;349,65625;414,53125;563,71875;998,25;1035,4375;1174,28125;1448,09375;1402,34375;1242,0625;983,90625;1136,375;1042,8125;1097,75;659,09375;1021,125;1401,59375;1207,96875;1201,75;1386,40625;1520,375;1511,21875;1397,1875;1253,3125;1217,46875;1051,5;875,96875;948,6875;739,0625;626,65625;676,5;314,09375;342,125;224,84375;180,8125;103,09375;20;14,1875;87,8125;-163,78125;-312,90625;-64,9375;-88,3125;104,1875;-99;-246,53125;215,375;359,53125;488,625;163,25;92,71875;-72,6875;61,15625;90,3125;19,53125;151,84375;131,78125;87,5625;-5,40625;15,53125;-79,59375;48,90625;-42;10,03125;-74,125;114,5625;-115,84375;86,46875;59,46875;-111,59375;33,59375;-63,03125;-61,40625;23,125;-71,34375;-75,53125;38,03125;-18,28125;18,78125;93,875;-56,5625;-23,59375;73,125;52,1875;-254,84375;-34,8125;-34,4375;94,8125;3,6875;-136,3125;-88,4375;-56,75;9,4375;8,71875;-35;25,6875;135,6875;-246,125;-151,0625;-112;161,8125;221,1875;117,75;93,03125;59,21875;117,59375;62,9375;22,46875;7,625;-118,75;-42,90625;29,71875;63,6875;-3,46875;-77,59375;-31,46875;41,9375;-196,71875;-28,15625;-78,25;-3,65625;-141,59375;-83,25;95,75;53,53125;-81,34375;-49,9375;143,09375;-101,875;99,78125;-76,53125;-17,8125;-138,8125;-18,875;-48,0625;-58,71875;-62,25;-7,28125;307,46875;80,375;64,3125;-2,8125;-5,8125;13,71875;236,03125;-112,5;-61,84375;-60,78125;142,8125;39,96875;-121;99,65625;-125,28125;-84,40625;-163,09375;
-181,40625;-38,6875;-48,21875;-111,1875;-224,4375;-154,9375;-85,28125;-97,5;-2,875;62,5625;-99,1875;-169,25;-224,03125;13,71875;-107,78125;-136;-24,5;-118,96875;-39,78125;46,34375;-10,125;-209,4375;-253,9375;-206,1875;-128,75;-196,65625;24,15625;-67,28125;-134,125;-163,46875;-54,75;109,53125;53,4375;0,625;-133,875;-146,9375;-166,625;-99,78125;-81,3125;2,5;15,53125;-151,125;-189,28125;-229,8125;-171,84375;-169,90625;16,65625;-23,8125;-48,09375;-124,875;-97,5;-130,90625;-164,40625;-74,6875;-22,78125;-66,78125;-197,6875;23,65625;-165;-153,90625;-78,25;-197,625;54,9375;-21,1875;-272,78125;22,40625;-143,6875;-57,96875;-86,78125;-42,71875;-67,0625;-214,71875;-54,46875;54,5625;-37,875;-226,15625;-36,09375;-70,46875;-152,1875;-155,21875;18,53125;35,40625;90,40625;122,40625;34,75;-165,34375;108,75;-26,84375;31,53125;-9,8125;-167,8125;53,0625;61,25;105,0625;85,75;59,6875;30,15625;15,6875;12,9375;225,75;226,4375;14,96875;78,90625;106,84375;266,9375;357,1875;-22,40625;35,46875;90,3125;143,15625;245,46875;271,21875;98,75;36,6875;368,90625;357,3125;478,78125;393;244,09375;474,75;517,96875;348,875;276,9375;69,03125;132,53125;97,75;410,65625;127,90625;204,5;370,09375;433,5;536,4375;530,53125;650,84375;787,6875;764,6875;728,4375;876,03125;700,8125;607,09375;710,75;598,09375;373,9375;306,96875;18,4375;180;-67,15625;298,53125;128,9375;255,46875;540,46875;586,0625;682,375;734,25;953,46875;1060,96875;1184,34375;951,5;626,6875;463;404,75;464,875;124,625;99,125;-89,25;44,8125;-50,5;229,75;782,65625;986,625;1043,96875;1413,375;1421,25;1316,4375;1368,5;1071,90625;942,96875;984;1027,71875;834,9375;1090,21875;1267,6875;1449,59375;1484,15625;1395,90625;1602,6875;1349,03125;1110,4375;1400,53125;1136,09375;1025,59375;827,9375;878,8125;815,75;636,6875;397,6875;378,03125;431,3125;295,8125;51,15625;70,875;174,6875;-80,5;-121,96875;-206,0625;-51,40625;-228,90625;-156,9375;27,71875;-68,09375;164,375;35,40625;106;100,375;50,375;40,8125;-61,15625;63,46875;82,25;87,78125;-60,21875;176,625;68,125;16,8125;161,65625;36,15625;174,6875;-64,40625;-131,59375;-133,53125;17,125;-87,5;-237,65625;154,96875;-73,53125;-102,46875;-267,84375;17,1875;23,09375;-93,84375;5,75;4,71875;-93,65625;-223,40625;-32,40625;-91,625;-115,8125;23,9375;225,3125;-169,75;-237,78125;4,40625;-206,875;9,75;-109,46875;-108,6875;-125,96875;-1,25;-96,46875;-59,09375;-197,8125;2,75;-98;-29,34375;32,46875;132,21875;119,40625;14,53125;-168,5;24,84375;-29,03125;-127,3125;-125,84375;-25,9375;-93,4375;-190,21875;-28,25;49,6875;-0,59375;-350,125;-31,90625;-138,46875;29,84375;-15,25;-2,15625;15,3125;-253,25;-96,59375;-24,0625;-321,59375;110,0625;-166,8125;-97,8125;-83,75;69,40625;149,03125;-90,03125;-88,03125;-88,09375;-83,5;-77,59375;-52,46875;158,46875;51,90625;-17,125;90,25;50,84375;93,15625;33,3125;90,9375;-149,84375;24,46875;3,3125;330,4375;79,59375;-252,96875;-23,1875;-48;-121,46875;-125,875;
10,15625;-103,28125;-136,875;-3,90625;-4,71875;-100,4375;-1,8125;27,4375;28,5;-38,5625;-128,15625;-4,3125;83,71875;-3,75;257,625;-93,46875;-14,46875;33,53125;-26,375;-102,03125;57,625;-250,21875;-64,34375;-90,375;-148,59375;-67,125;-16,5625;-142,78125;73,4375;-113;-89,5;-150,28125;-41,34375;-143,65625;-109,0625;-103,875;-104,8125;85,65625;-71,0625;-53,34375;10,03125;102,375;-309,28125;-209,1875;-63,59375;-110,375;-105,28125;-62,1875;68,75;194,6875;68,375;-315,90625;-168,78125;-397,84375;-119,96875;-135,46875;-199,1875;-167,4375;-90,75;-101,375;87,84375;-214,75;-83,125;-50,0625;-101,34375;8,3125;-235,03125;-41,4375;34,15625;-159,28125;28,71875;-111,1875;-192,03125;-91,625;-109,375;-222,4375;-77,84375;-163,6875;-33,40625;12,90625;-81,15625;-110,75;-205,5625;51,6875;124,0625;-115,09375;-163,53125;-207,71875;87,875;6,71875;30,65625;115,65625;68,21875;-72,84375;-58,5625;25,3125;5,3125;-105,84375;79,53125;-131,96875;17,125;221,15625;1,625;-15,03125;86,6875;90,78125;-24,5625;8,1875;137,96875;-197,34375;170,90625;166,28125;154,875;320,65625;420,65625;224,84375;527,8125;451,78125;481,59375;583,84375;426,75;264,40625;277,3125;272,34375;232,1875;185,71875;332,09375;6,34375;223,84375;193,78125;512,875;502,03125;606,46875;453,78125;756,21875;446,8125;852,9375;651,9375;623,625;622,09375;337,15625;389,75;59,21875;82,125;110,5;121,15625;220,6875;240,96875;99,0625;285,28125;329,84375;432,28125;624,59375;617,46875;761,96875;871,5625;975,25;854;757,78125;372,34375;474,125;185;313,84375;-124,59375;-32,71875;-124;269,9375;339,4375;608,28125;919,3125;1070,3125;1467,25;1517,875;1471,40625;1350,6875;1226,84375;1193,03125;1004,71875;864,34375;988,84375;1022,65625;1067,375;1131,125;1512,84375;1478,96875;1525,84375;1487,84375;1387,3125;1509,21875;1316,125;1317,28125;1221,5;822,28125;758,84375;660,46875;601,4375;314,75;303,34375;262,84375;63,25;-138,46875;-130,71875;13,25;30,03125;-104,59375;-152,1875;-342,59375;-89,125;29,53125;-309,5625;-139,59375;15,84375;59,8125;156,71875;251,8125;75,5625;82,53125;47,375;16,21875;-160,6875;-21,03125;-108,625;25,375;62,40625;-58,25;237,34375;-37,21875;-98,34375;58,59375;-93,28125;-9,8125;44,25;120,25;9,9375;189,90625;-92,5625;-43,46875;25,53125;8,53125;-103,5;-29,5;95,625;-24,09375;24,71875;-50,46875;-17,21875;-120,625;-148,46875;-143,59375;-195,78125;161,0625;44,53125;53,65625;-122,53125;-23,78125;-138,625;-5,65625;-54,375;-58;-150,15625;-142,125;-145,46875;-179,90625;-105,25;9,15625;19,28125;-111,5625;-23,5;-104,1875;-46,59375;-37,8125;17,40625;162,65625;-33,1875;42,71875;-151,375;-212,9375;-289,75;-121,9375;-265,5625;-271,21875;111,625;-10,875;-183,375;52,125;-237,0625;-312,90625;-75,0625;-92,28125;-43,3125;-31,6875;-72,25;-266,4375;-181;-17,5;-129,375;-195,78125;-175,125;-57,28125;-51,875;-189,8125;-185,6875;-93;-228,46875;20,28125;9,15625;54,28125;66,84375;-27,375;-18,28125;52,90625;-10,125;-182,65625;85,46875;84,09375;-30,40625;-71;-95,65625;-68,8125;-208,625;
129,96875;280,03125;195,1875;-49,59375;194,75;-89,625;76,25;103,4375;266,9375;250,8125;-108,65625;87,5;67,96875;114,75;29,78125;5,15625;30,21875;34,375;34,34375;88,40625;196,71875;-76,3125;-17,0625;-110,78125;-155,5;13,09375;-6,03125;-85,75;116,375;-4,34375;-58,28125;16,96875;207,5;-110,09375;-56,625;28,875;38,0625;113,3125;-21,3125;10,21875;-94,15625;-126,78125;-43,125;-222,9375;-95,5;85,59375;36,4375;22,25;58,65625;150,09375;120,53125;52,3125;197,78125;-16,875;93,8125;18,9375;92,46875;139,3125;23,09375;37,4375;169,21875;73,15625;35,84375;99,375;-33,65625;45,03125;24,28125;-99,65625;185,96875;91,28125;76,625;164,53125;136,96875;50,375;277,59375;90,53125;-103,90625;186,40625;-30,875;75,625;18,5625;96,46875;276,875;123,75;177,28125;158,40625;177,375;-45,59375;163,84375;-99,46875;49,375;20,125;11,40625;-32,1875;228,46875;1,53125;90,21875;-233;-198,59375;37,25;166,59375;172,71875;177,1875;287,46875;198,5;182,71875;185,78125;75,28125;7,03125;268;69,125;212,03125;396,59375;314,84375;427,09375;534,34375;661,71875;534,8125;332,1875;484,3125;556,90625;404,15625;571;377,5625;349,375;241,21875;276,90625;109,75;355,09375;541,0625;495,6875;703,0625;779,5625;878,46875;875,28125;724,90625;730,8125;842,28125;667,1875;842,5625;843,8125;683,375;404,71875;420;294,4375;331,875;247,46875;217;228,71875;584,75;326,4375;684,875;613,75;1046,25;1172,09375;1336;1367,375;1252,4375;1101,65625;809,3125;762;551,25;175,96875;48,65625;241,5625;161,40625;270,09375;599,0625;986,1875;1090,5625;1491,5;1550,0625;1686,96875;1928,90625;1490,375;1365,90625;1302,4375;1099,25;1304,65625;1134,125;1362,78125;1508,25;1544,75;1475,5625;1487,53125;1477,8125;1492,15625;1635,875;1627,78125;1593,25;1410,9375;1309,21875;1172,15625;1063,59375;904,46875;679,53125;582,3125;523,09375;460,71875;163,1875;163,375;221,53125;47,96875;73,21875;32,75;257,125;216,4375;-172,0625;170,09375;38,3125;248,625;30,53125;175,6875;209,25;249,1875;138,59375;289,84375;99,6875;122,8125;264,9375;63,53125;54,40625;125,1875;203,0625;138,9375;182,625;272;32,75;164,03125;145,375;331,875;404,09375;102,96875;131,125;65,3125;129,3125;166,8125;-32,59375;222,4375;169,125;33,125;299,4375;247,6875;14,5625;282,0625;3,28125;186,5;124,25;272,34375;155,125;58,28125;62,0625;230,3125;104,25;-191,6875;158,3125;46,59375;31,875;-58,78125;68,53125;50,15625;18,28125;76,46875;-135,21875;30,125;-46,28125;223,875;-9,21875;236,8125;210,8125;72,875;5,46875;-91,5625;28,03125;30,15625;-1,34375;199,5625;153,90625;-17,8125;145,78125;-131,03125;-128,65625;238,5;31,09375;17,5;-57,875;266,53125;-90,78125;-6,125;-9,59375;-13,21875;-63,875;105,40625;147,03125;11,84375;161,78125;101,8125;-17,65625;36,375;-50,4375;276,625;24,03125;72,3125;131,625;320,09375;251,875;101,09375;120,625;-51,90625;137,125;69,15625;198,5625;158,8125;309,90625;135,4375;177,6875;213,03125;354,4375;-66,625;152,625;
-90,71875;-264,5625;-91,5;-292,0625;-72,65625;-302,40625;-159,09375;-47,03125;-47,9375;-403,875;-174,78125;-113,65625;-280,25;-149,71875;-180,5;-297,15625;-306,0625;-61,875;-328,90625;-232,875;-283,75;-243,15625;-320,6875;-183,03125;-423,21875;-156,21875;-239,6875;-298,46875;-275,28125;-242,5625;-303,65625;-195,90625;-274,59375;-322,78125;-345,78125;-472,21875;-283,46875;-97,21875;-350,4375;-244,125;-222,90625;-85,625;26,5;-134,625;-293,9375;-368,03125;-432,75;-284,6875;-325,75;-166,78125;-165,6875;-348,5;-265,5;-314,46875;-234,6875;-312,5625;-138,8125;-34,9375;-380,90625;-350,09375;-243,40625;-144,21875;-126,8125;-269,65625;-245,125;-211,53125;-237,28125;-330,9375;-199,53125;-273,71875;-186,0625;-190,1875;-326,3125;-140,1875;-214,71875;-360,09375;-313,375;-255,40625;-352,53125;-0,9375;-100,125;-266,1875;-173,78125;-284,46875;-216,59375;-130,78125;-207,25;-175,09375;-184,125;-271,625;-277,71875;-114,71875;-249;-42,5;-124,6875;-366,78125;-36,96875;-118,9375;-349,5625;-171,5625;-210,5625;-270,53125;-63,375;-16,3125;45,1875;-56,0625;-79,375;-109,84375;-216,78125;-164,375;-180,96875;-183,125;-79;91,125;167,03125;173,6875;325,9375;268,8125;303,84375;183,40625;141,21875;107,34375;286,25;120,09375;303,9375;-22,125;241,46875;-73,75;-55,59375;88,0625;329,90625;491,71875;458,96875;527,46875;670,71875;468,34375;604,21875;754,84375;607,4375;660,125;586,25;315,21875;310,5;-43,34375;135,71875;84,9375;-52,15625;-43,59375;75,8125;152,4375;250,96875;526,9375;523,34375;665,0625;730,8125;1037,78125;1074,125;1027,71875;904,125;685,53125;444,71875;246,4375;-71,34375;-171,03125;-301,4375;-181,53125;34,9375;303;541,1875;1008,40625;1220,09375;1295,6875;1473,4375;1485,03125;1352,28125;1173,125;1000,4375;941,90625;803,875;929,6875;1150,375;1193,21875;1217,8125;1304,53125;1333,375;1251,96875;1711,46875;1457,75;1500,65625;1409,1875;1186,09375;1153,78125;820,8125;641,6875;551,5;427,21875;402,5625;91,125;-7;52;-122,78125;-112,375;-82,125;-394,0625;-355,5625;-321,125;-297,53125;-38,28125;-354,59375;-199,4375;-155,84375;-107,125;-130,53125;2,75;5,5;-100,90625;-248,6875;-111,34375;-29,125;-137,9375;193,53125;-52,84375;-192,78125;-109,03125;-234,25;-270,125;-153,875;-176,59375;-170,84375;-68,03125;-13,5625;-214,90625;-73,5;76,21875;-214,15625;-162,3125;-131,03125;-195,28125;-269,375;-305,875;-246,65625;-308,09375;-307,96875;-154,28125;-427,65625;-307;-176,65625;-219,03125;-299,6875;-251,25;-267,53125;-385,875;-104,96875;-164,1875;-263,1875;-175,5;-4,6875;-233,59375;-160,125;-261,96875;-155,09375;-209,78125;-155,625;-203,9375;-170,40625;-229,90625;-347,40625;-294,6875;-295,84375;-306,125;-455,40625;-254,96875;-46,90625;-300,875;-275,71875;-177,78125;-309,96875;-287,34375;-293,0625;-133,125;-261,78125;-166,25;-213,75;-242,5625;-160,625;-296,71875;-144,09375;-109,96875;-201,9375;-278,84375;-304,375;-71,53125;-341,8125;-336,59375;-130,375;-72,71875;-275,1875;-35;-32,53125;-169,125;-33,65625;-30,875;-237,65625;-265,125;-137,84375;-261,9375;-192,5625;-18,96875;-63,4375;70,6875;65,71875;-319,90625;-274,71875;-213,6875;-288,21875;-57;-93,25;-0,6875;-232,09375;-291,53125;
152,15625;113,15625;260,90625;108,4375;168,5;165,71875;183,59375;147,4375;7,84375;78,15625;265,78125;87,1875;133,4375;276,59375;130,59375;-40,53125;-103,15625;-16,9375;5,9375;-4,59375;9,4375;85,375;-8,6875;18,84375;-63,53125;-127,96875;-181,0625;-105,34375;23,3125;-32,625;-43,375;51,8125;148,09375;67,4375;-182,46875;80,21875;-25,1875;62,28125;41,1875;98,25;-17,09375;184,03125;203,78125;84,28125;7,28125;24,625;-38,1875;61,53125;2,8125;-105,71875;269,6875;-3,4375;142,53125;224,15625;33,03125;88,53125;166,78125;230,15625;-27,53125;-83,1875;5,90625;-120,0625;-118,125;88,84375;134,65625;19,125;92,15625;-47,9375;-35,5;49,15625;27,59375;-49,03125;48,875;96,25;-79,15625;244,53125;4,5;46,90625;25,40625;131,875;255,375;90,5;186,34375;112,40625;-92,625;-72,15625;-48,09375;17,8125;-1,125;-92,6875;-195,34375;78;134,5625;-14,8125;50,96875;210,0625;66,09375;342,21875;97,28125;59,4375;-161,375;154,21875;125,375;126,5625;298,1875;372,40625;251,9375;73,75;86,96875;199,84375;-46,75;64,84375;261,75;326,8125;589,5625;419,71875;812,90625;736,8125;435,6875;567,25;434,21875;269,90625;409,5;392,40625;252,25;231,90625;234,375;307,34375;309,125;447,28125;514,03125;359,6875;666,59375;608,0625;766,78125;928,09375;886,0625;857,34375;678,75;767,78125;758,5;705,25;618,03125;159,3125;291;127,8125;168,96875;131,59375;236,0625;247,15625;542,03125;599,96875;685,34375;915;1435,3125;1204,53125;1082,8125;1001,4375;1099,28125;879,71875;767,71875;337,6875;268,46875;114,3125;119,59375;72,40625;283,0625;399;768,25;1159,375;1440,3125;1738,53125;1760,15625;1856,34375;1703,125;1557,5;1200,71875;1219,46875;1312,3125;1401,90625;1531,625;1716,09375;1578,09375;1694,21875;1799,625;1752,8125;1777,96875;1672,96875;1599,15625;1559,25;1470,625;1401,65625;1209,28125;948,03125;931,75;821,15625;569,25;540,65625;247,03125;139,75;44,4375;145,875;87,21875;23,03125;32,65625;151,03125;-20,46875;128,25;127,78125;19,75;63,9375;97,65625;150,375;211,78125;101,90625;109,71875;114,25;67,28125;168,71875;160,46875;71,34375;121,5;115,40625;103,1875;78,8125;117,96875;73,3125;-28,65625;51,40625;83,28125;454,90625;26,71875;103,75;141,28125;190,3125;48,4375;114,09375;23,375;-41,71875;22,78125;-95,5625;101,3125;112,71875;-90,75;120,59375;180,1875;247,125;17,25;56;-68,4375;30,25;28,59375;206,78125;-137,6875;-71,3125;229,53125;-9,65625;193,875;-186,5;35,25;-160,28125;148,3125;39,03125;34,28125;-206,15625;-55,6875;74,875;273,375;166,40625;-44,71875;52,75;3,53125;156,375;-135,09375;-136,78125;103,375;116,9375;45,0625;76,1875;93,75;-5,6875;20,1875;-121,1875;67,75;43,34375;-121,96875;-195,0625;-158,34375;67,09375;-173,875;19;-62,71875;-22,6875;201,78125;35,21875;102,96875;124,9375;34,28125;-8,5;-104,65625;205,9375;-73,0625;-146,53125;109,1875;143,6875;-16,84375;-47,96875;213,5;52,4375;179,53125;158,53125;154;183,28125;112,125;92,125;153,71875;122,90625;92,4375;97,90625;293,5;
24,375;-35,5625;-143;-115,6875;-100,03125;46,78125;-107,15625;-95,40625;82,78125;92,34375;-149,46875;138,34375;83;76,65625;37,5;-108,125;-42,15625;-39,25;24,21875;-10,90625;-54,34375;-212,34375;-120,09375;-58,09375;-77,8125;44,96875;-42,0625;-350,53125;-229,75;-83,53125;26,53125;-175,46875;-183,375;64,21875;-104,53125;-122,4375;-193,25;-41,21875;-245,59375;-105,0625;-206,65625;-88,6875;-80,1875;-40,09375;-61,5;-14,625;157,25;-165,40625;40,5625;-121,40625;-180,9375;-162;91,5625;-141,40625;-86,46875;49,21875;4,90625;-158,3125;67,03125;-52,46875;-28,5625;-106,03125;-167,125;-100,125;24;-195,375;-174,78125;-219,625;-176,625;-55,90625;-153,03125;59,53125;-66,5;-73,15625;-67,5625;2,28125;32,28125;-34,03125;-172,46875;-71,9375;-233,5;-64,5625;-350,375;-103,9375;46,75;-156,9375;-33,71875;-53,5;-118,4375;-131,8125;-53,71875;-49,9375;-146,8125;93,90625;36,375;0,875;-112,0625;-27,15625;-86,9375;-60,8125;-28,78125;-131,4375;-33,71875;258,46875;-28,3125;225,84375;112,84375;-73,0625;-22,65625;92,59375;-187,375;-116,09375;51,21875;151,21875;358,5625;224,25;467,0625;138,96875;270,09375;375,15625;587;453,6875;304,625;242,21875;272,34375;214;210,0625;123;354,46875;264,65625;360,78125;463,875;566,53125;631,71875;868,625;747,53125;750,78125;752,125;627,53125;700,78125;521,78125;363,0625;369,0625;343,46875;36,28125;26,65625;105,5;100,28125;123,375;227,34375;355,71875;446,78125;731,3125;769,9375;882,78125;1100,90625;1105,625;1001,25;1136,40625;710,40625;509,28125;280,09375;224,75;42,15625;-52,65625;113,15625;335,15625;312,5;620,6875;1250,59375;1554,3125;1741,78125;1969,9375;1756,375;1919,5625;1636,375;1374,5;1264;1120,6875;1354,78125;1226;1343,625;1530,65625;1634,5625;1595,8125;1587,34375;1836,1875;1819,375;1784,0625;1620,78125;1486,34375;1280,78125;1086;1077,90625;703,40625;671,65625;656,21875;334,46875;244,71875;-24,34375;302,4375;4,09375;-250,875;-248,65625;-279,78125;-268,28125;15,96875;-234,28125;-223,9375;-218,46875;-108,65625;-124,96875;-16,75;118,46875;213,71875;18,84375;146,71875;-119,8125;85,6875;-66;19,21875;84,875;117,375;0,53125;116,875;12,8125;-111,75;41,625;128,875;-90,875;159,625;-41,125;-56,5625;86,34375;-69,21875;-51,53125;-181,09375;-130,03125;40,71875;-108,9375;9,28125;-151,5625;-36,75;-94,15625;-124,875;57,1875;8,25;133,78125;-59,3125;4,96875;31,8125;-111,375;-252,375;-269,5;-157,96875;-114;-212,53125;-98,09375;14,1875;-28,125;-3,3125;-110,875;-11,125;-60,21875;147,75;-46,40625;4,65625;-25,8125;-5,71875;-62,75;-67,375;-48,59375;-198,6875;-2,46875;18,71875;-107,53125;-157,6875;-143,78125;-54,1875;-128,09375;-113,15625;17,34375;-23,09375;-113,21875;-233,84375;-13,3125;-79,34375;-21;-1,6875;-30,625;-30,625;-291,78125;-100,71875;-77,3125;-260,21875;-127,6875;-55,6875;-48,4375;-371,59375;-78,625;-190,34375;43,59375;-218,71875;138,34375;33,96875;-73,8125;-56,96875;25,625;-275,3125;-31,375;-150,03125;-18,21875;-3,625;-100,875;-112,5;7,9375;-49,65625;65,84375;-52,4375;-149,21875;
-109,5625;23,40625;197,375;17,75;101,4375;100,6875;173,25;-186,28125;-42,3125;197,09375;-26,3125;71,34375;-80,03125;-90,1875;7,125;-82,5625;49,9375;-80,75;-26,15625;66,4375;70,625;-52,5;-145;-47,125;-8,75;-173,59375;-64,21875;-40,28125;-109,59375;69,34375;303,625;-2,21875;-252,71875;-32,09375;130,46875;-84,03125;51,46875;-44,90625;22,21875;-125,65625;14,53125;91,4375;50,28125;-108,15625;-54,40625;-90,09375;174,21875;-38,3125;26,03125;55,34375;142,25;42,40625;-21,5;30,4375;-69,96875;-37,03125;59,4375;40,03125;-69,78125;-54,78125;-65,8125;-91,75;17,3125;10,3125;-37,40625;-136,0625;-32,15625;-118,53125;-69,5625;132,9375;-153,96875;-190,25;-174;-160,78125;63,15625;-35,25;60,09375;-58,96875;-166,0625;64,78125;-87,65625;224,65625;74,34375;20,21875;46,84375;-84,34375;-166,5625;-91,09375;-55,96875;203,25;73,03125;7,6875;-96,09375;-183,8125;7,15625;-96,34375;30,3125;28,75;-156,21875;-93,09375;84,65625;-85,0625;-4,0625;316,25;321,40625;261,625;182,5;-23,75;221,28125;-20,71875;-126,375;136,625;-7,6875;403,25;341,84375;501,71875;320,9375;463,5;607,0625;436,28125;373,40625;647,53125;478,75;407,34375;402,5625;297,84375;213,75;88,25;300,6875;380,40625;431,15625;323,5;555,3125;714,34375;665,9375;743,25;919,4375;925,84375;842,1875;831,25;717,6875;512,90625;536,09375;376,375;184,75;149,15625;122,15625;153,21875;93,1875;369,125;388,6875;463,1875;837,1875;796,90625;1054,53125;995,5;1402,9375;1144;1158,6875;980,53125;544,28125;325,34375;214;42,375;31,96875;10,40625;354,625;496,625;669,625;1291,5;1587,6875;1777,28125;1985,21875;2106,8125;1785,09375;1602,71875;1363,8125;1302,84375;1163,15625;1150,96875;1186,21875;1308,375;1418,09375;1692,1875;1773,0625;1942,25;1962,15625;1951,40625;1669,65625;1961;1559,5625;1555,15625;1477,59375;1031,65625;987,46875;804;556,40625;583,4375;100,875;76,78125;142,09375;-1,34375;83,03125;-84,5625;89,40625;36,78125;-153,78125;80,78125;60,71875;-194,46875;137,3125;-3,40625;13,96875;201,40625;-43,6875;98,78125;241,75;106,4375;-21;-70,125;-71,125;139,90625;131,5;108,15625;259,8125;37,53125;10,875;64,1875;-66,625;55,5625;82,75;-8,21875;49,15625;4,59375;54,125;65,5;-4,6875;-104,21875;-230,65625;-83,5625;-37,53125;78,75;-65,75;65,03125;-109,96875;-186,5625;-104,90625;132,84375;-345,59375;-262,03125;144,71875;173,625;-98,375;109,71875;132,5625;-93,53125;-40,8125;-77,71875;-122,875;-191,53125;17,9375;-149,34375;-95,40625;-189,03125;-54,25;139,65625;-276,5;27,09375;-229,5;-201,21875;-19,125;-33,84375;-14,875;-62,25;-131,0625;-54,71875;-41,5;-82,09375;-77,25;15,46875;-181,90625;-112,03125;-284,5625;115,3125;-13,96875;-73,0625;-179,84375;-43,0625;-10,8125;150,5625;-117,28125;-1,71875;9,8125;106,84375;-62,125;-169,40625;69,90625;-191,1875;-77,1875;-13,4375;3,75;-5,0625;-81,3125;45,59375;4,0625;-41,4375;137,9375;-52,09375;115,875;-0,90625;-78,46875;-94;-20,78125;127,1875;27,03125;11,75;61;171,375;0;-72,1875;
219,1875;259,5;180,8125;326,09375;154;-12,78125;-3,28125;147,84375;246,59375;33,96875;215,09375;7,46875;209,46875;217,1875;279,0625;-132,53125;198,65625;162,75;143,09375;2,09375;39,125;148,28125;-24,375;32,75;104,96875;15;129,9375;-89,90625;-33,34375;124,625;-3,1875;218,375;75,0625;42,53125;173,59375;25,5625;88,65625;57,65625;72,71875;161,46875;-26,90625;162,84375;134,59375;36,59375;205,8125;111,34375;-200,3125;31,6875;-53,5625;137,53125;70,90625;45,4375;-145,3125;48,4375;237,21875;5,03125;-30,25;-17,25;163,09375;168,28125;-29,0625;-70,46875;71,75;-6,6875;156,03125;63,4375;133,53125;236,6875;-75,71875;40,125;341,5;190,625;256;-0,21875;-53,25;336,90625;45,96875;34,5;168,03125;62,34375;36,65625;128,21875;61,53125;138,8125;117,84375;10,5;-136,21875;139,34375;163,78125;114,59375;84,25;350,46875;152,375;308,0625;180,25;100,53125;135,65625;-171,53125;74,15625;-37,625;118,90625;64;259,03125;233,0625;326,3125;310,3125;435,53125;423,6875;208,5625;177,71875;49,6875;66,875;316,84375;334,34375;85,71875;556,53125;471,5625;401,5;565,40625;652,28125;699,40625;623,96875;659,59375;616,90625;420,84375;453,96875;451,3125;503,25;480,125;391,03125;642,9375;659,5625;732,84375;823,40625;1029,46875;799,9375;1083,375;999,21875;1092,15625;1011,25;797,03125;787;564,78125;287,4375;503,375;154,875;320,03125;199,15625;365,65625;341,15625;495,21875;633,34375;1016,03125;1058,59375;1099;1416,3125;1401,90625;1248,40625;1240;1015,3125;725,0625;257,5625;450;308,4375;172,625;280,1875;388,9375;640,90625;1107,71875;1476,75;1946,28125;1993,53125;2111,84375;2222,15625;2012,59375;1980,75;1563,25;1473,0625;1374,5;1482,78125;1440,71875;1795,5625;1754,71875;1985,3125;1951,21875;2107,84375;1982,9375;2053,1875;1939,46875;1876,375;1643,65625;1616,46875;1412,125;1215,53125;1152;924,9375;655;464,3125;468,28125;342,96875;251,59375;175,59375;132,84375;-20,8125;-5,8125;171,0625;221,65625;226,90625;238,59375;311,9375;27,875;312,59375;260,6875;225,75;-3,375;205,78125;395,03125;389,875;202,8125;-36,21875;211,96875;147,46875;64,9375;72,96875;240,65625;91,71875;142,40625;-20,46875;11,6875;229,09375;114,125;281,78125;299,8125;240,3125;70,59375;115,21875;112,59375;82,96875;140,78125;69,8125;283,1875;304,21875;97,34375;102,84375;-68,59375;100,15625;17,5625;201,875;204,875;220,3125;118,15625;-81,5625;86,1875;282,34375;342,03125;-31,375;180,6875;135,15625;-30,5625;19,78125;111,78125;227,15625;264,90625;187,4375;88,8125;48,90625;101,375;346,03125;-112,03125;262,78125;-20,8125;128,28125;69,1875;5,3125;65,90625;10,75;29,71875;147,71875;32,125;30,625;97,34375;-38,46875;52,625;26,75;122,6875;6,53125;287,4375;258,71875;46,5;69,28125;155,84375;91,0625;-53,25;157,28125;-67,125;234,8125;-20,03125;235,15625;78,78125;305,25;143;37,53125;118,5;-165;144,96875;-68,875;366,5;222,40625;34,8125;177,25;263,3125;106,96875;217,65625;227,875;134,78125;243,9375;118,75;194,90625;313,4375;143,96875;
214,59375;-127,53125;-165,4375;-178,34375;-68,625;-202,40625;56,9375;-29,6875;50,40625;-13,9375;-184,15625;-20,5625;-139,90625;-48,6875;157,90625;-72,03125;84,6875;-111,53125;-37,28125;-97,625;-135,0625;-219,1875;-240,4375;-115,21875;12,28125;-108,65625;-151,8125;30,09375;-88,53125;-192,625;-217,125;-43,53125;62,6875;-145,375;-198,4375;2,1875;-49,8125;56,375;-318,65625;-104,34375;-121,28125;-38,375;-171,15625;-195,375;-29,96875;-46,5625;-66,1875;-86,84375;-38,78125;-60,96875;-221,5625;-147,3125;-114,09375;-116,5;22,84375;-70,96875;-113,125;-169,3125;-227,34375;84,9375;-121,78125;-268,09375;-58,71875;-90,0625;-60,6875;32,40625;-45,09375;-77,0625;-123,4375;-239,96875;-131,34375;-101,25;-160,71875;-239,6875;-86,0625;-67,15625;-105,65625;-205,78125;-91,59375;-105,46875;-81,5;-181,5;-56,34375;-139,28125;-204,78125;-297,3125;122,46875;68,34375;69,5625;19,71875;21,15625;-187,59375;50,09375;-20,84375;-233,25;-173,3125;26,84375;74,96875;-110,6875;17,0625;-71,4375;169,9375;1,34375;48,4375;340,25;204;166,65625;139,6875;54,5625;-207,1875;-58,84375;-18,90625;177;91,5625;41,34375;192,0625;241,03125;382,09375;400,03125;394,40625;490,25;427,90625;303,90625;360,15625;325,5;197,875;153,8125;-48,78125;286,65625;208,6875;379,375;456,90625;722,4375;632,21875;663,6875;713,875;815,71875;1024,5625;1058,40625;961,03125;855,0625;630,875;389,9375;151,71875;191,75;96,1875;101,875;-9,15625;82,40625;112,1875;-11,4375;493,625;587,3125;915,625;870,4375;1044,78125;1236,8125;1123,65625;974,40625;765,5625;456,875;113,5625;-25,8125;-38,15625;213,96875;262,46875;148,28125;614,53125;805,34375;1330,9375;1549,875;2008,15625;2244,3125;2237,21875;1770,8125;1589,4375;1409,15625;1338,09375;1215,75;1093,03125;1262,28125;1411,40625;1523,09375;1712,375;1821,09375;1666,53125;1829,59375;1826,28125;1727,3125;1659,40625;1784,34375;1389,375;1350,53125;1047,4375;1105,8125;517,28125;476,9375;528,9375;358;30,21875;36,25;-11,78125;-95,5625;-71;-1,09375;-143,59375;12,625;-67,9375;-183,375;-117,59375;-72,03125;-25,9375;89,59375;-82,3125;35,34375;124,1875;78,59375;115,46875;-180,84375;-70,40625;-38,21875;62,5625;-4,59375;-80,03125;14,09375;-93,21875;130,9375;-250,15625;26,4375;-350,84375;-152,0625;-30,59375;155,9375;-159,625;-34,5;-134,84375;-163,25;-34,40625;-244,15625;-162,65625;-39,8125;-208,53125;-190,90625;-59,25;-110,9375;-14,65625;3,375;-235,71875;-130,125;-72,9375;61,1875;-13,625;-20,34375;-15,875;-85,59375;-103,375;-161,96875;-129,8125;68,59375;-56,75;30,15625;-121,875;-135,40625;63,0625;8,8125;-112,96875;-268,46875;-240,9375;32,0625;-180,375;-15,09375;-2,28125;15,6875;-147,65625;-197,75;-15,34375;3,4375;-7,34375;-140,09375;-182,03125;-29,71875;-272,40625;-119,09375;-233,6875;-232,125;-123,4375;116,1875;-255,21875;-177,25;-355,59375;52,71875;135,625;-206,8125;-100,28125;-176,46875;-288,53125;-223,5;-142,28125;24,3125;-221,1875;56,25;-167,09375;-310,0625;73,40625;-98,46875;-74,625;-210,4375;3,40625;6,3125;2,34375;-168,34375;-140,4375;-19,1875;79,5625;-180,375;-103,84375;66,625;21,71875;-20,28125;-125,5625;
82,6875;209;272,65625;129,28125;-12,9375;295,28125;-24,40625;145,375;-45,46875;197,375;163,40625;104,3125;191,0625;-26,28125;20,03125;11,1875;-92,90625;70,90625;89,09375;-27,9375;83,40625;-8,0625;32,1875;-157,3125;153,6875;34,375;-115,25;16,46875;-77,59375;59,25;103,625;79,625;-117,125;170,90625;126,9375;-13,40625;-3,375;96,21875;-136,28125;-75,15625;-113,84375;100,6875;-99,3125;32,65625;48,53125;128,84375;-93,15625;31,09375;-73,8125;-184,1875;171,90625;-34,09375;-146,875;-1,375;132,6875;132,28125;-11,4375;-136,9375;27,5625;175,5625;-101,71875;-23,15625;57,1875;88,875;36,90625;132,15625;-89,3125;28,9375;75,5;52,875;-116,3125;-64,9375;-98,9375;64,875;52,4375;-130,5;-18,90625;-127,09375;153,9375;72,25;63,5625;75,65625;163,8125;232,90625;110,59375;-48,65625;102,96875;303,6875;96,09375;69,4375;35,15625;89,28125;263,21875;168,53125;132,5;19,28125;57;19,3125;13,5625;50,34375;110,875;130,875;173,9375;483,3125;494,3125;505,125;251,71875;305,46875;262,78125;118,9375;12,6875;281,25;379,40625;346,46875;445,59375;459,6875;478,875;511,28125;524,53125;610,65625;699,59375;735,75;804,40625;627,15625;546,8125;409,625;361,71875;329,59375;475,71875;520,9375;535,625;536,1875;645,5625;709,375;838,84375;918,78125;1159,5;1005,625;1273,46875;1071,625;1031,78125;665,15625;587,9375;335,09375;329,1875;289,5;138,21875;111,5;307,6875;376,125;266,6875;694,78125;869,28125;971,25;1363;1255,15625;1422,6875;1329,8125;1083,625;983,09375;787,625;495,625;148,09375;161,0625;152,75;236,5625;310,96875;739,75;1209,53125;1613;1952,5;2270,625;2581,5625;2525,03125;2340,125;1881,1875;1617,84375;1356,625;1353,78125;1375,15625;1509,96875;1487,21875;1807,71875;1741,875;2123,5625;2132,59375;2293,125;1880,53125;2113,15625;2001,65625;1757,875;1562;1475,8125;1242,03125;1110,0625;972,40625;584,09375;571,5;312,53125;281,21875;281,25;96,5;64,46875;124,9375;-40,375;12,8125;57,4375;15,125;183,5625;103,4375;101,125;74;393,34375;131,25;207,84375;395,84375;17,21875;-32,1875;58,625;114,3125;149,75;306,25;240,28125;76,65625;115,0625;72,6875;-48,875;118,8125;147,5;161,78125;259,5625;133;304,09375;156,28125;97,1875;184,3125;166,09375;276,84375;-71,0625;151,84375;-59;-33,15625;131,1875;119,96875;-22,71875;165,34375;-28,90625;-51,09375;204,9375;139,1875;98,90625;228,4375;-6,8125;260,28125;22,09375;116,6875;157;117,71875;211;172;17,5;94,8125;-13,4375;100,8125;275,78125;85,4375;141;19,6875;210,5625;107,0625;13,25;38,75;93,53125;40,5625;83,5625;-0,90625;81,21875;-33,65625;-93,375;137,375;64,28125;18,65625;-129,15625;-54,5;30,15625;159,25;-55,5625;-25,90625;17,21875;176,375;-0,9375;-57,09375;176,28125;79,09375;222,125;135,59375;-72,8125;-43,40625;125,9375;109,71875;58,8125;-54,84375;106,78125;123,5;74,03125;29,28125;120;-4,59375;-104,03125;112,3125;132,125;170,09375;206,9375;68,1875;71,625;90,9375;-58,59375;-26,65625;311,34375;160,5625;
63,09375;17,875;166,6875;124,9375;118,0625;-32,875;239,4375;-6,71875;150,59375;66,21875;-37,15625;165,6875;96,71875;-103,125;-24,5;-213,84375;-69,90625;8,40625;-152,0625;68,21875;122,8125;-126,8125;-104,34375;66,96875;-60,1875;162,84375;85,875;168,125;-10,375;-4,65625;108,6875;-39,1875;61,46875;-7,1875;-64,8125;104,53125;-22,78125;-61,03125;22,84375;2,21875;5,6875;80,40625;-14,15625;33,09375;46,375;-24,21875;155,71875;-113,5625;126;34,28125;-13,28125;-13,40625;167,65625;-48,34375;158,65625;36,71875;-24,0625;234,53125;-25,96875;81,90625;79,03125;18;16,375;-83,46875;-6;-33,03125;19,46875;-82,6875;162,53125;-26,71875;16,3125;-93,21875;16;65,71875;-82,21875;-100,8125;-61,125;176,5625;-93,875;-46,09375;10,65625;-19,53125;-17,375;-72,65625;37,125;-19,71875;42,0625;-110,3125;47,25;-16,5;251,53125;7,1875;4,3125;240,1875;131,53125;-44,75;119,5;-39,28125;122,65625;146,28125;-50,4375;192,375;272;265,34375;11,1875;389,3125;415,28125;153,46875;218,5;27,15625;55,40625;18,125;126,8125;200,84375;357,8125;291,96875;550,46875;500,5625;584,625;589,71875;642,625;711,09375;701,78125;359,34375;495,15625;534,6875;389,03125;340,40625;212,71875;451,125;513,59375;585,875;737,34375;556,0625;935,15625;731,125;1189,5625;1149,375;1041,90625;1395;1096,15625;777,4375;627,875;555,875;554,25;154,28125;177,0625;225;250,65625;520,375;281,8125;645,90625;782,375;712,78125;1121,21875;1268,84375;1393,34375;1184,28125;1084,9375;868,8125;868,9375;638,21875;218,5625;71,875;196,09375;72,375;519,125;767,28125;1150,8125;1564,59375;2066,84375;2354,53125;2565,40625;2551,1875;2166,4375;1835,75;1724,75;1632,34375;1338,96875;1423,46875;1527,96875;1712,21875;1724;1815;2038,78125;1980,8125;2073,375;2101,5;2214,65625;2033,96875;1684,8125;1683,59375;1444,40625;1239,90625;980,75;937,65625;743,375;613,34375;402,6875;134,75;342,5;43,8125;-172,75;184,40625;-43,90625;5,40625;133,6875;182,90625;192,71875;-63,3125;23,53125;-107,90625;95,375;311;516,9375;152,84375;51,4375;3,40625;36,78125;-167,96875;54,9375;-15,625;106,875;140,71875;63,875;-54,59375;172,59375;-90,71875;-48,3125;207,96875;196,5;107,71875;-81,125;92,34375;-43,3125;-205,625;-66;170;-112,875;-71,5;-70,34375;-59,71875;-163,6875;171,21875;-47,59375;8,90625;67,0625;51,03125;306,0625;77,96875;-43,125;16,15625;157,6875;105,625;-63,75;134;53,0625;199,65625;-31,90625;38,65625;100,09375;0,84375;162,9375;-24,0625;171,96875;112,875;85,21875;-44,4375;-167,9375;176,96875;153,625;-16,875;-23,6875;57,125;93,6875;79,03125;151,25;-3,875;-82,1875;5,90625;115,5625;-113;18,40625;-59,3125;138,03125;5,5;108,0625;140,15625;141,34375;117,875;-60,71875;57,75;65,53125;0,21875;168,65625;-65,28125;132,65625;127,25;44,375;40,625;17,21875;262,75;97,1875;26,3125;0,15625;46,5625;68,40625;212,5625;195,15625;203,375;-166,03125;135,53125;34,9375;31,4375;-24,125;107,125;147,09375;-49,59375;-48,40625;86,28125;
198,28125;265,03125;267,375;24,4375;96,625;84,65625;249,46875;150,34375;145,375;116,90625;-19,53125;-139,5625;34,59375;-73,09375;30,9375;91,53125;13,59375;80,34375;-33,34375;96,1875;179,5;23,21875;-15;21,3125;-51,6875;-123,53125;-24,375;51,65625;-8,1875;-98,96875;38,96875;2,9375;-131,46875;104;-129,0625;126,09375;-179,625;37,3125;-98,03125;-29,3125;-176,875;-59,8125;-17,28125;-23,34375;-207,71875;-108,125;44,46875;100,46875;-146,375;-33,75;-137,8125;-146,46875;-63,03125;-21,1875;-198,625;93,3125;-33,15625;262,5625;104,90625;-70,9375;102,625;82,9375;16,09375;26,65625;57,375;33,625;-6,0625;87,59375;4,0625;122,78125;-143,34375;-0,9375;158,25;-23,90625;53,5625;3,21875;70,6875;73,5;-95,875;-31,6875;71,75;154,5;41,3125;58,625;-303;244,65625;-81,53125;-23,15625;-80,625;145,0625;154,0625;124,90625;211,40625;67,65625;63;27,6875;-63;-46,78125;112,1875;64,0625;20,34375;208,59375;264,59375;187,9375;269,84375;462,25;366;221,65625;171,21875;189,53125;227,625;336,53125;330,6875;161,625;471,5625;261,9375;499,09375;441,65625;614,0625;719,84375;736,09375;710,90625;754,03125;573,125;558,71875;524,75;550,3125;379,46875;271,875;576,34375;462,21875;626,0625;631,09375;734,15625;816,4375;907,125;1133,125;1381,6875;1187,90625;1133,96875;983,0625;777,59375;702,0625;466,46875;420,03125;286,21875;334,3125;301,6875;157,6875;50,21875;396,5;620,46875;832,34375;918,0625;1240,90625;1246,375;1491,90625;1243,8125;1145,96875;898,84375;831,46875;692,09375;461,53125;140,34375;-3,40625;386,46875;427,125;624,9375;1265,5625;1586,6875;2090,96875;2417,4375;2750,15625;2628,09375;2523,53125;2154,34375;1764,1875;1683,0625;1359,84375;1530,28125;1404,96875;1541,0625;1711,71875;1886,40625;2075,90625;2182,5;2077,5625;2238,75;2089,28125;2107,5;1898,5625;1694,75;1589,78125;1266,03125;1273,375;810,25;865,15625;582,65625;145,5625;231,65625;225,1875;64,21875;72,0625;-27,4375;283,125;190,59375;75,53125;-23,9375;-78,78125;110,3125;59,65625;9,90625;370,46875;234,5;277,15625;200,65625;85,0625;25,75;-11,4375;21,9375;-111,65625;-38,03125;60,09375;78,84375;-127,5625;135,125;-131,59375;-135,78125;-59,09375;30,25;59,9375;65,5625;-12,96875;142,65625;69,15625;7,84375;68,875;-105,3125;-177,375;16,1875;160,71875;235,53125;2,34375;165,78125;81,3125;70,1875;192,03125;-31,5625;10,0625;-249,96875;-100,5;67,46875;-106,28125;-130,125;129,34375;175,34375;17,0625;74,84375;94,09375;143,0625;224,59375;61,34375;55,21875;4,1875;-55,625;-0,4375;43,21875;-248,625;62,09375;157,34375;114,53125;-55,59375;76,96875;57,78125;-76,28125;80,34375;3,09375;-82,78125;-176,25;-86,03125;229,75;124,03125;122,0625;-10,5;202,875;38,09375;49,15625;116,25;70,5625;-63,8125;134,4375;181,6875;46,9375;-89,71875;-44,78125;-79,53125;-62,84375;5,1875;-144,03125;130,40625;3,53125;133,125;40,0625;-160,03125;199;156,5;90,1875;101,75;-100;75,5;95,375;3,875;34,6875;0,5;8,03125;34,9375;122,5;32,875;110,46875;131,9375;
171,375;101,1875;445,71875;231,625;143,1875;159,40625;179,9375;447,96875;197,21875;173,78125;246,5625;239,625;251,15625;415,5625;360,375;127,625;86,03125;365,78125;213,1875;336,75;-108,65625;317,28125;181,125;152,96875;318,34375;276,1875;341,28125;255,84375;90,6875;254,28125;194,1875;81,40625;231,5;-53,3125;181,84375;237,625;217,375;171,875;238,46875;265,65625;-18,9375;40,4375;209,625;79,15625;152,40625;223,78125;342,46875;217,28125;204,875;55,25;128,375;219,78125;267,125;265,96875;278,53125;96,375;158,9375;211,6875;396,15625;437,03125;43,59375;107,5625;150,59375;121,15625;399,09375;217,15625;107,65625;130,09375;276,4375;297,40625;383,78125;-57,46875;153,65625;72,40625;234,09375;205,125;275,84375;331,375;219,78125;432,65625;85,375;200,96875;14,0625;450,84375;318,875;254,46875;163,4375;125,40625;325,09375;65,03125;132,625;168,625;213,34375;323,59375;146,0625;350;83,0625;39,75;258,0625;326,875;386,375;409,46875;311,65625;486,28125;557,15625;627,875;427,90625;284,78125;208,90625;504,3125;295,65625;296,59375;183,1875;362,59375;514,96875;516,40625;597,25;560,59375;847,40625;836,71875;885,4375;887,59375;952,6875;1213,1875;745,59375;651,4375;478,59375;441,03125;538,125;516,875;738,21875;810,15625;778,4375;1150,75;1014,03125;923,03125;1142,28125;1255,09375;1382,8125;1400,875;1247,34375;1051,125;683,03125;639,4375;415,46875;357,0625;351,96875;432;441,5625;471,34375;565,84375;987,96875;910,8125;1287,65625;1415,28125;1766,96875;1631,5625;1621,5625;1317,15625;1254,28125;1028,625;577,53125;449,9375;603,6875;39,03125;197,0625;608,84375;669,59375;1295,9375;1986,375;2380,53125;2811,65625;3109,5;3002,375;3073,875;2485,40625;2097,03125;1937,78125;1485,28125;1867,28125;1649,65625;1829,375;1946,09375;2184,3125;2365,34375;2534,96875;2542,6875;2499,375;2634,9375;2495,5625;1991,71875;2040,84375;1815,90625;1542,03125;1294,15625;1235,125;1114,5;796,6875;485,21875;548,5625;385,78125;284,40625;173;176,25;67,125;109,78125;341,96875;260,625;278,6875;210,46875;271,71875;277,90625;330,4375;283,53125;524,53125;415,5625;489,8125;425,40625;307,96875;328,3125;328,8125;458,625;238,125;192,5;350,34375;101,125;186,59375;286,5625;51,9375;152,71875;232,90625;296,125;219,09375;166,25;390,75;213,1875;-8,9375;-43,5625;186;245,90625;269,34375;246,625;102,5;275,3125;267,375;39,59375;154,4375;98,46875;242,5625;113,25;239,625;514,71875;287,3125;171,40625;-9,3125;149,625;90,59375;213,03125;102;270,8125;441,71875;137,25;189,28125;25,9375;323,4375;156,78125;227,375;264,46875;212,1875;71,65625;365,25;156,59375;287,75;156,03125;294,90625;25,15625;277,59375;222,15625;219,15625;30,34375;106,6875;186,8125;207,875;239,125;173,6875;299,875;296,25;242,9375;213,8125;200,71875;41,90625;223,375;291,625;321,75;97,59375;201,3125;114,78125;110,9375;300,90625;290,96875;321;244,03125;220,53125;72,84375;262,4375;408,75;393,65625;200,96875;26,625;210,84375;246,84375;40,09375;101,5;221,5625;350,25;258,65625;142,625;154,75;256,09375;331,65625;
2,1875;21,75;5,6875;-26,90625;-68,25;137,5625;4,25;-196,8125;-152,15625;-140,75;83,125;-49,5625;208,03125;154,21875;-92,53125;104,53125;76,40625;-117,09375;197,3125;-167,5;-116,90625;-144,90625;-120,25;-60,03125;-192,53125;71,03125;-72,5;129,0625;-36,40625;-153,84375;-36,6875;-99,59375;112,09375;-48,90625;55,75;-58,375;-135,0625;-49,875;-62,125;-224,28125;-161,625;13,8125;-163,53125;-92,28125;1;-90,21875;-81,25;13,875;-129,84375;-19,3125;-15,59375;-33,75;140,65625;27,90625;26,65625;-38,125;-109,53125;-46,65625;-178,65625;85,34375;133,03125;149,65625;56,71875;-86,875;64,53125;-54,15625;-99,1875;-248,96875;-79,8125;-15,65625;-63,5625;38,5625;31,84375;35,6875;60,25;11,96875;-14,6875;-255,03125;4,1875;-229,21875;-87,4375;-170,5625;-26,9375;38,28125;-65,5625;-12,5625;-136,03125;12,1875;-108,78125;-70,09375;71,34375;80,8125;-82,375;-67,3125;-163,03125;-195,53125;-37,3125;-56,125;-87,375;-104,40625;28,71875;95,59375;79,3125;226,09375;247,34375;232,96875;251,6875;232,46875;133,375;-72,625;97,25;118,5;193,09375;350,84375;427,875;334,96875;356,15625;309,59375;566,875;481,9375;731,8125;712,5;763,90625;636,40625;777,21875;390,59375;481,875;373,1875;250,5625;401,0625;312,5;306,6875;702,75;653,78125;912,09375;899,9375;891,53125;975,4375;1123,15625;1218,5625;1093,65625;816,75;619,5625;400,15625;330,90625;168,59375;157,875;178,03125;132,25;205,625;354,71875;458,0625;994,875;851,46875;1358,5625;1127,28125;1440,75;1278,75;1291,3125;913,21875;637,625;484,3125;547,46875;105,96875;92,28125;157,53125;307,40625;681,75;1082,78125;1803,71875;2191,0625;2440,78125;2746,96875;2964,03125;2859,625;2574,34375;2080,78125;1817,4375;1407,4375;1562,34375;1544;1747,96875;1802,6875;2030,09375;2125,59375;2335,09375;2399,625;2382;2300,59375;2353,25;2062,28125;1667,21875;1366,15625;1287,8125;1317,40625;899,875;856,8125;556;491,0625;222,53125;-74,25;42,75;-33,90625;-5,9375;-152,0625;-140,59375;-65,90625;53,71875;-23,6875;128,125;72,625;-22,46875;161,28125;48,71875;106,21875;127,125;126,71875;28,03125;-99,78125;199;82,71875;-30,9375;99,84375;291,5625;-206,96875;34,15625;-123,71875;-51,40625;83,09375;150,28125;7,8125;-17;15,0625;-24,09375;98,46875;218,59375;134,75;10,15625;-154,90625;-25,21875;-312,625;-301,1875;-81,25;47,90625;131,375;-75,15625;94,75;56,75;-10,78125;-133,625;0,28125;1,875;-98,0625;-131,875;70,25;26,84375;55,5;-4,8125;-75,875;-0,375;-83,8125;-105,53125;-45,375;91,90625;-23,09375;-128,34375;-323,4375;-168,625;-48,25;-99,5;-34,34375;-87,75;101,8125;-239,6875;-156,34375;-130,84375;19,15625;-275,9375;-146,90625;-146,59375;-7,09375;-114,90625;82,25;-40,1875;-72,21875;-6,5625;-111,15625;-118,96875;-112,875;40,875;38,59375;-50,59375;-156,6875;51,28125;-130,46875;-104;19,25;-63,78125;39,09375;-148,9375;57,3125;-32,21875;-36,5625;-62,3125;207,53125;161,625;3,78125;-37,5;-134,65625;150,59375;-11,28125;-29,46875;-47,78125;-85,28125;-48,8125;124,78125;206,9375;-65,34375;27,4375;75,9375;
164;116,28125;138,40625;152,3125;62,1875;94,28125;198,21875;102,0625;160,3125;8,84375;84,8125;115,5625;153,84375;58,4375;302,25;39,6875;124,5;46,65625;35,71875;88,6875;202,1875;26,09375;116,125;23,4375;186;90,40625;33,8125;145,59375;76,125;57,21875;152,4375;94,65625;178,59375;113,5;43,375;-97,75;99,8125;151,90625;-126,25;-38,4375;78,71875;-113,03125;-68,75;78,28125;-104,8125;15,59375;75,5625;147,34375;123,84375;-48,1875;241,3125;59,34375;-112,03125;60,8125;52,71875;152,875;-48,09375;18,21875;202,71875;36,65625;37,5;26,5;168,46875;183,5;95,1875;-97,75;31,6875;19,28125;72,25;42,6875;174,59375;169,28125;-7,53125;61,3125;1,15625;70,65625;47,1875;23,75;-129,875;68,78125;-92,25;140,46875;-108,65625;-68,34375;73,9375;47,375;-31,78125;-30,59375;165,5;-28,59375;149,84375;9,3125;241,15625;39,71875;94,78125;58,09375;216,34375;22,96875;82,78125;218,8125;59,1875;126,28125;320,46875;396,90625;233,84375;315,15625;546,3125;477;344,96875;91,03125;70,09375;139,34375;205,46875;382,5625;255,25;267,15625;437,75;519,6875;627,84375;648,0625;710,0625;843,8125;851,25;1030,84375;787,0625;711,875;500,8125;443,03125;281,875;336,6875;471,71875;448,21875;688,875;775,875;795,78125;1028,625;1151,0625;1353,46875;1478,3125;1356,9375;1022,46875;981,84375;796,15625;486,03125;431,5;201,71875;-11,6875;66;124,3125;202,5625;672,15625;733,75;828,40625;1166,53125;1221,90625;1461;1487,46875;1452,96875;1350,0625;1170,96875;1042,8125;603,84375;422,65625;167,375;89,5;138,5625;375;675,09375;1428,34375;1839,25;2469,40625;3004,0625;3138,3125;3128,9375;3021;2643,3125;2307,75;1933,21875;1761,34375;1505,84375;1704,90625;1708,3125;1962,34375;2388,96875;2580,78125;2350,96875;2515,4375;2656,40625;2357,46875;2359,4375;2284,09375;1917,28125;1808,625;1561,5625;1197,78125;1258,9375;982,53125;433,59375;511,84375;265,28125;251,21875;284,65625;-117,25;-160,90625;17,375;22,875;-56,53125;68,84375;-225,0625;-53,40625;48,53125;95,5;162,21875;115,46875;247,34375;208,21875;185,3125;49,15625;86,5;118,21875;-112,21875;29,1875;72,9375;14,15625;54,96875;34,3125;7,3125;-92,59375;55,75;278,53125;-3;200,1875;232,875;75,53125;90,28125;76,78125;-59,59375;32,6875;106,0625;46,625;112,40625;91,0625;144,28125;-13,34375;92,84375;6,84375;7,0625;-37,46875;-133,15625;130,5625;82,09375;58,46875;166,9375;-55,4375;16,84375;-62,4375;-130,78125;-113,40625;-3,46875;207,6875;25,15625;-56,5625;-25,4375;-125,3125;128,53125;178,1875;77,84375;-141,71875;96,15625;140,15625;138,90625;81,75;132,46875;83,21875;-164,875;196,5625;69,15625;73,09375;214,5625;197,21875;-117,15625;-73,78125;60,0625;71,125;75,96875;-77,9375;45,71875;-100,5;57,75;-36,34375;126,625;126,34375;166,28125;28,40625;11,375;130,46875;7,0625;122,40625;63,1875;30,34375;203,90625;92,5625;16;-10,96875;129,75;-5,0625;107,46875;71,34375;206,34375;25,9375;100,9375;176,125;67,75;90,625;208,125;61,1875;44,03125;198,46875;13,90625;-13,71875;
149,84375;292,59375;-29,53125;261,15625;15,625;-15,46875;285,15625;93,8125;154,59375;-32,96875;100,9375;28,71875;79,71875;136,84375;158,5625;100,0625;6,9375;-76,65625;39,78125;48,1875;-130,84375;-83,03125;-58,125;4,375;34,625;-76,71875;-12,375;-52,40625;-37,5;-155,625;-196,96875;-36,15625;214,625;0,25;-16,65625;81,53125;163,5;10,28125;22,84375;-103,59375;53,5625;-29,125;47,84375;142,0625;-97,5625;35,125;42,21875;-54,125;-40,8125;-202;-111,59375;-158;83,78125;-193,78125;95,65625;95,875;33,75;134,71875;33,03125;-135,8125;102,65625;-51,09375;-199;109,625;54,28125;-140,34375;-72,53125;-22,9375;261,03125;-46,875;-80,78125;-46,75;-17,3125;80;-63,96875;214,15625;84,53125;30,46875;90,1875;-152,28125;76,4375;44,9375;-205,34375;-13,28125;-87,71875;133,46875;37,5625;-43,0625;143,03125;-20,625;74,65625;130,25;108,8125;22,0625;362,84375;133,21875;-42,1875;-11,5625;68,1875;148,5625;-78,28125;239,40625;40,71875;314,0625;325,65625;151,78125;399,21875;409,78125;309,6875;167,34375;-59,3125;51,46875;-70,0625;219,75;330,0625;288,125;453,8125;552,125;510,5;806;751,46875;719,21875;697,21875;482,0625;766,21875;655,1875;447,25;578,78125;265,875;235,90625;226,15625;485,6875;569,09375;822,78125;717,75;956,59375;1036,75;1442,625;1321,96875;1292,84375;1105,21875;925,75;738,59375;435,65625;329,90625;299,625;210,03125;140,3125;244,9375;349,9375;366,6875;602,28125;599,53125;1169,03125;1285,46875;1507,375;1576,3125;1550,9375;1359,125;1250,5625;1001,8125;703,96875;394,09375;240,4375;61,34375;146,71875;591;905,34375;1290,96875;1975,78125;2352,3125;3020,4375;3135,34375;3138,21875;2994,28125;2389,15625;2235,96875;1921,03125;1476,9375;1709,65625;1695,8125;1797,34375;2006,21875;2211,625;2411,90625;2451,65625;2680,125;2530,40625;2515,875;2418,25;2092,1875;2070,3125;1916,0625;1374,25;1318,40625;1153,0625;973,625;940,46875;288,4375;393,28125;552,5;164,125;55,71875;-106,71875;-3,75;-212,09375;8,09375;-94,34375;113,625;9,59375;-181,1875;252,5625;-29,53125;16,5625;172,96875;290,6875;225,78125;160,4375;46,90625;68,4375;150,21875;261,71875;-49,5625;164,78125;178,28125;-46,78125;156,71875;139,3125;121,625;30,5;-44,9375;116,125;126;85,28125;81,375;-16,03125;71,78125;12,6875;137;-60,8125;3,5625;0,21875;56,59375;265,90625;38,78125;-11,09375;-25,6875;-14,46875;4,6875;-135,5;117,15625;14,75;14,59375;6,75;96,34375;-32,1875;-167,625;-150,03125;-118,6875;25,1875;-149,40625;47,34375;-42;-219,90625;-180,6875;10,4375;-24,21875;-107,4375;-142,875;101,5;-115,03125;57,75;39,65625;-103,8125;-170,3125;-64,625;-70,4375;-72,25;-186,65625;41,09375;-72,8125;-33,21875;21,8125;-173,5625;42,90625;13,53125;-82,6875;14,375;121,1875;-83,3125;123,0625;117,0625;98,9375;-97,0625;23,4375;103,3125;-15,4375;24,96875;-54,78125;66,40625;72,125;287,875;22,3125;130,5625;121,21875;132,46875;174,6875;-128,53125;361,40625;65,46875;-25,90625;-13,09375;-51,9375;-178,5625;164,125;86,6875;19;-50,40625;156,90625;-48,21875;
-22;-201,5625;75,78125;-13,71875;-27,15625;93,71875;-45,3125;84,875;274,65625;-13,75;-25,6875;-142,875;62,53125;68,34375;55,71875;-40,25;131,59375;110,40625;44,75;-11,3125;39,1875;95,40625;54,21875;-135,4375;93,3125;127,28125;12,9375;-81,25;11,71875;111;-23,40625;-181,0625;33,78125;-122,6875;125,8125;-177,1875;-94,4375;16,6875;27,78125;93,21875;-126,1875;-109,46875;48,65625;-100,875;45,8125;-26,15625;67,875;12,71875;103,65625;41,9375;-18,3125;-45,4375;89,75;38,5625;48,25;-42,28125;21,5;37,4375;72,15625;-84,21875;-139,65625;-163,65625;-35,3125;10,75;-20,4375;71,59375;167,90625;3,15625;-180,5;-72,6875;294,75;19,96875;-110,53125;-91;22,53125;1,0625;-40,6875;69,5625;6,125;48,5625;-148,90625;-41;4,25;93,09375;61;-16,75;20;4,1875;19,53125;-103,9375;-103,03125;-198,75;1,34375;75,25;57,59375;-75,90625;131,5;24,96875;-78,03125;94;14,1875;1,625;71,375;313,1875;402,75;374,90625;367,75;288,28125;217,75;148,875;-213,625;160,34375;305,0625;94,9375;135,5;321,34375;441,3125;513,78125;668,25;642,6875;796,4375;843,375;706,8125;785,4375;588,3125;409,4375;280,53125;488,71875;274,09375;519,28125;620,9375;429,59375;567,78125;675,625;831,78125;1059,65625;1217,5;1290,28125;1288,71875;1121,46875;1244,34375;871,40625;720,875;427,375;507,59375;377,375;176,46875;294,84375;173,6875;393,65625;544,1875;748,6875;836,28125;1174,6875;1299,78125;1450,46875;1596,40625;1671,15625;1565,96875;1228,125;1097,21875;568,03125;459,78125;275,59375;124;139,40625;614,53125;829,15625;1290,125;1987,375;2489,90625;3117,34375;3391,71875;3341,28125;3121,21875;2844,3125;2498,09375;2088,875;1845,5625;1635,96875;1725,5;1964,71875;2049,875;2205,5;2672,03125;2497,71875;2523,0625;2478,40625;2434,71875;2500,90625;2314,5625;2084,375;1725,9375;1631,84375;1406,4375;1158,40625;1058,90625;562,875;482,375;220,34375;231,40625;-89;-151,4375;15,90625;-168,75;-131,25;-160,25;32,59375;-1,21875;10,3125;104,5;67;196,375;79,5625;5,25;61,9375;299,78125;54,625;-83,375;-53,375;-160,625;53,125;3,3125;-163,53125;-96,625;-27,96875;123,78125;28,90625;-82,78125;108,1875;-164,78125;-92,1875;96,4375;12,1875;-109,46875;102,96875;-17,125;-169,03125;-9,4375;67,53125;-200,21875;94,53125;-122,40625;15,25;-288;-90,40625;48,25;86,53125;71,53125;110,5625;138,625;-35,15625;122,28125;-9,875;-226,6875;-226,71875;-106,5;25,875;139,15625;-47,96875;64,78125;-119,53125;-51,0625;63,125;-87,53125;-78,53125;-55,5625;-169,0625;-177,875;178,90625;-31;-85,9375;26,78125;-121;-136;59,03125;-87,625;-7,125;7,625;-17,15625;-162,53125;-1,90625;-402,1875;-35,1875;14,28125;-168,28125;19,46875;38,78125;1,5625;13,75;56,8125;38,03125;-136,5;86,28125;31,6875;-0,34375;-163,625;88,15625;121,3125;43,375;181;72,9375;81;49,9375;117,09375;183,40625;-130,5625;-3,5;-38,71875;96,8125;-89,0625;207,125;-79,5625;-5,90625;-91,34375;-89,96875;-6,3125;36,28125;-74,09375;88,65625;
97,34375;145,28125;-35,46875;129,4375;224,40625;301;190,75;342,8125;66,28125;-76,5;251,125;158,71875;247,96875;39,5;167,4375;300,6875;-38,84375;158,28125;-25,28125;179,0625;56,3125;0,25;56,5;253,75;-86,25;-74,65625;34,96875;-56,9375;126,125;-81,8125;92,09375;163,3125;-12,71875;14,71875;49,34375;64,21875;195,78125;172,65625;153,40625;0,71875;31,21875;166,65625;-17,3125;175,75;-84,8125;1,125;60,5;-19,78125;55,4375;102,625;-45,6875;99,71875;213,0625;92,53125;71,09375;184,34375;149,875;250,03125;173,53125;67,6875;96,90625;-45,21875;138,375;270,59375;-48,5;163,625;217,78125;53,8125;30,4375;33,90625;179,15625;98,9375;146,09375;165,28125;134,59375;-32,03125;-26,96875;73,25;-192,4375;282;31,40625;131,8125;-11,625;-106,25;3,875;88,25;225,71875;117,34375;93,21875;2,5;20,375;61,5625;104,71875;166,78125;2,21875;218,15625;163,84375;52,4375;101,75;97,34375;250,1875;142,53125;242,9375;241,5;302,59375;316,21875;659,90625;517,34375;229,03125;249,46875;-74,28125;204,28125;116,4375;227,09375;245,8125;79,03125;451,6875;561,3125;662,75;788,875;777,34375;836,875;919,40625;928,46875;779,28125;520,8125;701,90625;374,5;551,96875;583,4375;431,78125;387,1875;651,46875;653,78125;952,5;1262,65625;1293;1517,78125;1469,8125;1484,1875;1269,125;1216,21875;711;521,03125;463,65625;110,90625;58,5;30,65625;126,5625;296;527,53125;615,5625;774,75;1262,34375;1406,0625;1703,6875;1638,28125;1588,46875;1634,0625;1416,40625;1021,53125;849,15625;461,75;345,90625;204;218,5625;458,1875;908,3125;1414,46875;2337,8125;2703,5625;3164,90625;3472,03125;3365,59375;3529,5625;3148,03125;2630,3125;2224,03125;2031,90625;1832,625;1804,875;2002;2192,75;2374,9375;2592,9375;2704,34375;2904;2796,59375;2606,71875;2429,90625;2369,15625;2055,71875;1807,3125;1534,34375;1329,34375;1057,125;785,78125;728;589,59375;175,53125;77,59375;19,71875;188,875;115,78125;89,21875;82,1875;180,75;-50,46875;247,3125;142,84375;173,71875;13,90625;351,28125;133,46875;341,84375;67,46875;170,3125;117,1875;4,78125;77,34375;-44,40625;181,34375;207,8125;-55,03125;79,84375;42,125;286,875;-48,15625;49,8125;145,59375;135,9375;165,59375;26;268,3125;-34,40625;6,3125;118,8125;-93,53125;-104,21875;14,71875;-248,9375;4,53125;-111,84375;-8,125;65,84375;-96,0625;-33,375;-125,0625;-16,59375;104,1875;287,53125;33,375;161,46875;30;162,125;10,25;100,53125;16,6875;227,28125;53,5;13,75;109,6875;-68,9375;0,28125;-144,53125;-5,65625;79,5;128,90625;20,90625;7,40625;-70,53125;30,6875;83,03125;43;-87,0625;-139,5;113,59375;-12,03125;112,59375;19,15625;-103,3125;-3,46875;-81,75;-54,09375;-74,84375;25,625;53,875;160,84375;-160,9375;-109,28125;19,0625;107,78125;-118,3125;-209,09375;154,0625;198,46875;96,21875;-63,125;94,5;165,3125;3,21875;36,625;56,21875;-55,5;-1,3125;65,71875;-154,3125;55,75;9,125;192,90625;96,0625;-54,21875;270,53125;-15,78125;152;81,65625;-3,5;4,8125;132,78125;83,09375;
171;125;149,125;45,09375;396,8125;237,78125;343,71875;174,0625;351,59375;231,90625;89,75;93,0625;-12,96875;175,84375;159,875;145,375;92,90625;211,59375;349,4375;256,90625;1,40625;-105,53125;365,875;187,84375;201,15625;61,375;108,3125;186,71875;64,28125;223,375;216,71875;201,1875;97,75;164,34375;318,5625;58,75;40,59375;66,78125;209,96875;207,6875;109,21875;210,375;168,0625;60,3125;94,90625;302,5625;135,15625;-62,8125;236,75;101,59375;173,53125;226,3125;-36,78125;167,53125;19,34375;142,59375;220,59375;308,96875;121,96875;129,5625;27,0625;-4,4375;161,15625;91,5625;141,25;7,84375;-42,75;-77,78125;-19,28125;314,65625;125,75;129,40625;335,09375;173,71875;236,625;-3;188,40625;174,5625;13,375;211,28125;191,78125;27,71875;24,6875;239,875;288,96875;218,65625;6,15625;96,5625;92,96875;184,4375;255,0625;36,15625;34,46875;214;272,0625;167,3125;188,875;171,875;117,46875;0,875;101,40625;-14;143,46875;302,90625;591,0625;516,9375;718,5625;571,9375;509,1875;137,15625;186,6875;16,1875;514,75;549,0625;319,46875;257,25;607,1875;627,875;752,78125;808,78125;957,5;968,21875;895,59375;896,53125;922,90625;884,59375;614,375;461,75;564,0625;611,8125;516,3125;528,625;552,46875;760,4375;1269,8125;1245,46875;1455,8125;1698,25;1692,28125;1681,09375;1512,3125;1166,15625;1033,9375;593,6875;409,71875;147;546,875;319,40625;419,78125;361,25;662,875;820,15625;1003,9375;1340,125;1478,71875;1710,28125;1622,3125;1785,4375;1678,25;1534,15625;1303,1875;779,5;763,46875;697,375;153,90625;492,5625;674,625;1022,25;1841,4375;2326,46875;2988,375;3428,9375;3768,875;3884,03125;3385,65625;3177,09375;2702,34375;2408,375;1930,90625;1869,125;1869,25;2175,53125;2334,84375;2698,4375;2486,71875;2549,15625;2816,375;3007,15625;2805,28125;2728,0625;2311,0625;2385,0625;2029,40625;1654,03125;1442,96875;1116,59375;969,1875;780,28125;558,78125;395,25;318,65625;223,03125;100,5;98,84375;220,15625;93,46875;417,375;92,65625;77,1875;159;280,53125;196,90625;138,65625;286,40625;203,3125;53;174,15625;198,375;135,125;135,15625;147,3125;117,84375;-19,125;-25,59375;-165,5;167,34375;-34,84375;16,34375;22,53125;54,59375;112,1875;40,9375;139,53125;326,90625;217,3125;175,84375;101,21875;51,28125;-47,40625;-74,90625;44,65625;221,21875;-57,0625;158,25;81,09375;123,90625;111,78125;-49,0625;30,375;218,15625;91,40625;83,25;241,75;61,6875;65,25;-60,875;47,0625;7,28125;105,71875;167,3125;280;47,9375;317,78125;196,9375;173,90625;48,96875;24,0625;244,6875;203,09375;151,3125;158,84375;7,75;-13,59375;197,09375;29,34375;-19,375;110,71875;148,3125;106,03125;188,78125;139,5;97,71875;115,3125;120;120,1875;55,21875;-26,09375;89,78125;69,40625;99,34375;128,21875;47,59375;200,84375;-13,5;144,65625;48,53125;69,71875;187,125;272,90625;-2,21875;2,53125;156,625;75,625;231,15625;105,125;204,46875;92,875;162;169,03125;176,15625;156,4375;23,59375;161,40625;80,875;109,59375;126,125;193,75;144,3125;67,90625;-26,5625;
256,4375;341,71875;438,375;212,40625;277,59375;477,09375;210,3125;315,96875;341,46875;249,75;194,65625;152,46875;303,40625;110,34375;408,21875;150,5;281,625;209,625;298,71875;93,3125;183,34375;-78,59375;79,1875;262,4375;71,5625;303,3125;162,40625;305,5;414,28125;111,09375;212,65625;174,09375;253,40625;9;100,96875;341,90625;450,4375;168,34375;228,25;136,75;256,03125;278,34375;274,5;141,375;84,65625;178,71875;231,34375;135,625;157,09375;56,4375;91,5625;107,78125;138,5625;347,28125;228,5625;211,125;305,4375;355,0625;180,28125;11,34375;104,65625;278;267,875;146,59375;94,40625;360,0625;223,15625;95,1875;308,78125;311,84375;121,9375;302,09375;-51,28125;165,53125;100,5625;304,8125;245,75;106,59375;315,59375;365,5625;100,625;390,9375;87,96875;120,90625;326,0625;178,3125;180,8125;211,15625;209,75;205,03125;164,875;315,375;164,25;49,84375;316,84375;291,3125;7,84375;280,5625;113,1875;83,46875;259,09375;70,59375;350,71875;460,625;657,8125;642,28125;577,78125;600,5625;188,21875;304,125;301,5625;251,625;172,75;276,21875;445,03125;553,59375;569,15625;667,28125;722,625;911,25;971,25;1134,8125;1039,65625;1153,59375;943,90625;948,96875;683,125;644,53125;466,28125;449,1875;764,34375;723,4375;744,21875;953,5;1299,0625;1241,40625;1586,25;1849,46875;1790,09375;1505,96875;1359,125;1202,875;960,75;851,375;472,375;257,28125;315,875;306,71875;437;385,5625;541,125;650,09375;1170,40625;1351,5;1469,84375;1724,71875;1808,125;1893,46875;1738,6875;1412,28125;1184,375;1030,125;631,21875;552,96875;308,09375;590,03125;639,6875;1089,8125;1773,8125;2455,3125;3117,4375;3501,59375;4014,40625;3885,78125;3798,46875;3224,90625;2680,78125;2393,6875;2079,40625;2144,375;1892,15625;2194,28125;2658,96875;2769,84375;2865,25;2921,40625;3131,0625;2965,53125;3015,125;2841,71875;2461,34375;2292;2126,75;1808,21875;1367;1387,03125;1014,5;708,625;545,8125;415,6875;437,46875;364,8125;252,3125;301,0625;35,84375;290,625;216,6875;160,8125;67,59375;120,46875;278,5625;229,28125;400,125;469,625;477,3125;333,09375;172,3125;210,0625;304,15625;449,5;235,96875;150,8125;150,65625;299,90625;86,71875;160,40625;43,65625;42,34375;269,375;303,4375;346,75;179,53125;473,5;289,53125;318,0625;352,8125;66,875;218,46875;124,84375;183,71875;250,15625;-92,5625;91,21875;343,28125;106,03125;-0,46875;268,65625;205,375;88,125;192,15625;238,90625;212,53125;390,6875;140,78125;81,59375;66,6875;182,4375;182,65625;168,375;115,875;132,3125;172,875;123,75;8,59375;91,5;145,53125;235,4375;46,40625;361,4375;309,9375;305,03125;177,375;79,53125;90,5625;204,90625;52,96875;224,84375;108,1875;86,40625;215,90625;115,34375;98,3125;218,34375;235,75;163,65625;76,03125;122,75;110,75;264,9375;137,53125;264,8125;102,78125;434,84375;292,03125;342;282,90625;274,90625;88;319,9375;213,96875;-1,40625;131,03125;213,375;142,53125;314,9375;265,8125;77,65625;235,9375;70,5;168,5;223,03125;155,3125;101,4375;133,125;178,65625;427,625;244,34375;393,84375;155,46875;256,0625;
186,03125;193,0625;70,71875;260;256,75;150,28125;191,59375;348,03125;155,46875;236,6875;331,6875;232,0625;274,0625;114,8125;179,28125;65,15625;333,90625;309,5625;308,59375;213,625;280,625;367,40625;300,875;219,53125;81,875;186,6875;218,78125;37,875;93,3125;237,875;320,75;240,9375;146,34375;165,71875;510,9375;250,9375;211,9375;243,65625;288,40625;217,3125;332,53125;29,65625;238,6875;301,59375;143,6875;103,28125;251,125;203,8125;210,21875;323,125;235,09375;30,46875;218,0625;170,15625;205,84375;147,0625;315,3125;54,34375;296,125;102,71875;142,65625;257,71875;158,03125;310,96875;219,0625;365,59375;253,75;432,5;133,875;395,09375;216,34375;104,25;265,21875;203,59375;7,03125;312,625;164,15625;193,5625;242,625;47,3125;185,375;249,53125;473,09375;188,25;231,28125;178,9375;167,28125;140,0625;239,3125;200,625;203,1875;236,4375;158,75;275,96875;215,34375;158,71875;448,375;242,625;277,65625;68,5625;127,71875;281,625;211,03125;560,09375;474,90625;624,65625;466,3125;400,21875;591,96875;379,875;105,65625;353,0625;149,3125;263,09375;456,65625;605,46875;741,03125;586,46875;880,46875;959,625;1084,5;1217,46875;1103,34375;1433,3125;1124,1875;1086,3125;505,90625;596,28125;463,28125;486,0625;517,8125;853,09375;764,40625;1182,25;1176,6875;1507,625;1586,3125;1744,40625;1932,40625;1789,59375;1800,9375;1117,15625;1159,375;685,3125;437,71875;540,65625;294,71875;393,625;435,125;586,15625;622,75;787,78125;1085,15625;1447,375;1697,25;1690,84375;1706,59375;1932,5625;1806,96875;1755,96875;1547,21875;1075,375;702,34375;772,0625;309,125;483,46875;583,5;1327,90625;1905,8125;2540,375;3179,03125;3655,75;3994,5625;3942,59375;3778,28125;3196,90625;2758,5;2530,375;2210,34375;2109,5625;2072,375;2241,8125;2373,65625;2702,9375;2837,125;3113,96875;3103,96875;3035,34375;2800,75;2910,96875;2631,625;2240,59375;2065,21875;1908,625;1467;1318,28125;986,5;745,6875;753,09375;406,84375;113,84375;89,1875;86,71875;163,65625;-16,5;276,65625;163,09375;362,96875;134,90625;354,34375;441,3125;294,03125;342,78125;315,46875;166,0625;290,875;52,28125;200,875;55,15625;80,875;381,53125;244,28125;353,8125;249,15625;97,75;121,71875;181,84375;157,59375;-51,84375;255,71875;216,5625;158,34375;113,46875;166,1875;247,09375;388,9375;276,9375;61,5;206,25;-58,5;-10,96875;209,875;234,34375;207,75;262,15625;156,65625;-10,34375;-86,8125;110,875;-22,9375;189,6875;123,125;287,5625;315,0625;276,9375;202,03125;242,25;161,96875;188,53125;210,09375;93,09375;152,78125;96,15625;251,40625;58,3125;33,65625;163,40625;157,5;213,96875;179,84375;307,4375;175,71875;303,4375;-8,125;-5,875;120,8125;15,125;67,21875;158,84375;105,4375;195,4375;228,75;1,96875;228,9375;311,3125;85;50,40625;148,59375;236,46875;202,71875;94,625;310,84375;205,46875;199,625;253,3125;58,125;152,3125;181,125;134,3125;306,40625;306,0625;124,65625;214,21875;216;253,1875;296,5625;171,21875;310,0625;151,96875;120,46875;251,75;220,03125;134,6875;115,21875;353,59375;227,03125;190,5625;37,375;369,1875;318,09375;
114,34375;-10,21875;58,875;98,28125;116,5;62,25;122,1875;130,9375;149,1875;4,1875;184,34375;196,375;271,5625;141,625;249,625;323,53125;-149,09375;243,625;51,96875;50,25;93,25;295,5625;136,59375;160,03125;132,3125;87;66,3125;203,5625;107,25;345,65625;254,3125;151,0625;19,71875;267;59,8125;244,125;149,34375;-26,53125;10,59375;100,53125;15,96875;135,34375;5,25;39,96875;350,65625;-5,3125;203,65625;121,25;-204,5;57,71875;14,78125;209;20,875;144,65625;162,40625;145,875;285,6875;44,53125;61,125;186,21875;150,71875;139,3125;183,5625;70,84375;168,78125;38,15625;20,09375;70,65625;194,71875;78,5;19,75;19,875;12,125;109,90625;3,40625;220,21875;7;218,28125;-20,03125;80,59375;194,28125;222,875;197,96875;125,9375;4,875;23,1875;67,25;-56,78125;54,46875;125,71875;335,375;149,625;75,875;164,75;193,15625;163,8125;125,1875;156,90625;32,34375;69,1875;9,84375;164,65625;398,90625;430,125;238,34375;712,5;530,75;492,34375;254,0625;400,59375;237,0625;110,65625;184,28125;308,625;470,65625;349,96875;553,03125;510,1875;588,75;989,15625;995,6875;1253,75;1140,71875;1326,0625;1136,25;847,625;846,96875;683,65625;597,09375;389,84375;492,25;636,6875;806,0625;1009,65625;1237,15625;1291,09375;1726,53125;1737,875;1856,8125;1802,46875;1658,0625;1443,5625;1268,71875;657,71875;534,71875;461,6875;244,90625;331,03125;404,5625;491,28125;612;959,5;970,78125;1342,375;1741,1875;1900,5;1882,8125;2028,53125;1873,34375;1580,40625;1244,15625;970,25;578,8125;617,71875;547,53125;732,78125;795,90625;989,4375;1662,78125;2493,78125;3377,21875;3805,8125;4195,5;4047,65625;3840,0625;3466,71875;3042,09375;2706,125;2321,8125;2050,1875;2225,0625;2149,90625;2473,78125;2546,6875;2855,78125;2807,65625;3378;3081,3125;2805,875;2938,59375;2751,65625;2277,4375;2141,3125;1878,40625;1433,3125;1209,6875;861,125;676,3125;685,09375;347,84375;176,3125;147,40625;235,15625;147,90625;61,03125;85,625;191,6875;118,90625;49,21875;232,59375;152,3125;134,0625;256,8125;274,90625;708,875;182,03125;92,125;97,1875;-38,34375;221,40625;49,71875;232,375;227;138,96875;-20,25;156,46875;117,125;206,65625;49,75;15;66,3125;241,09375;108,90625;173,4375;226,96875;195,90625;94,8125;106,875;55,09375;-92,9375;250,40625;66,3125;154,40625;188,71875;18,9375;278,71875;183,90625;230,21875;53,65625;165,5625;256,40625;260,96875;-26,84375;50;140,5625;141,90625;152,15625;57,34375;258,5625;-32,90625;139,5;-32,625;14,25;170,75;39,625;212,96875;21,5;88,09375;70,375;93,75;145,1875;138,9375;225,375;224,65625;110,125;113,8125;40,75;-18,21875;79,1875;78,71875;44,9375;0,25;116,90625;73,40625;75,25;125,78125;-11,03125;179,6875;105,15625;109,46875;300,90625;88,84375;20,0625;32,90625;18,75;227,40625;-18,53125;-51,0625;165,71875;288,75;22,4375;103,875;113,90625;293,5625;340,4375;323,71875;-28,40625;114,78125;393,5;163;163,6875;163,15625;198,34375;214,28125;271,59375;199,1875;81,9375;144,28125;10,5625;239,28125;
215,5;397,53125;506,34375;224,875;151,03125;312,8125;177,5;198,15625;437,4375;197,40625;442,6875;323,5625;405,25;594,9375;229,3125;101,6875;220,78125;172,6875;160;131,15625;232,75;416,875;250,1875;132,59375;245,84375;356,59375;272,53125;137,5;460,84375;50,5625;390,03125;348,0625;361,875;223,6875;294;231,0625;262,4375;271,46875;90,25;236,0625;257,3125;257,28125;145,5625;305,78125;470,65625;274,15625;181,46875;294,03125;301,03125;251,09375;267,65625;354,15625;287,375;128,59375;400,71875;420,625;197,34375;483,8125;86,125;104,0625;341,46875;225,8125;220,71875;248,78125;230,875;236,3125;318;314,15625;350,3125;343,125;364,5;196,5625;347,125;332,5;245,84375;167,84375;167,25;112,53125;353,25;169,625;279,34375;154,21875;86,125;191,28125;70,875;206,28125;224,125;140,625;227,6875;369,25;298,625;129,09375;263,5;408,3125;336,96875;471,59375;371,71875;310,15625;285,125;279,1875;189,9375;351,71875;312,4375;682,3125;653,28125;733,28125;620,46875;601,34375;620,34375;527,65625;318,875;357,40625;105,78125;330,1875;616,625;683,4375;870,09375;767,15625;816,3125;1056,34375;1157,65625;1268,4375;1530;1276,71875;1182,3125;1144,03125;1013,5625;689,34375;700,34375;711,53125;788,125;818,65625;902,78125;1163,15625;1451,9375;1657,1875;1986,1875;2340,53125;2198,71875;1988,78125;1757,65625;1779,375;1208,28125;989,96875;791,09375;506,375;749,90625;386,15625;447,0625;469,46875;770,25;1029,90625;1303,4375;1746,28125;1739,5;2002,9375;2158,875;2178,375;2023,5625;1875,125;1531,3125;1246,90625;948,46875;773,3125;618,1875;686,03125;1042,875;1230,90625;1895,625;2674,40625;3527,125;4138,25;4460,40625;4396,59375;4096,28125;3792,5625;3173,09375;2749,71875;2409,59375;2268,8125;2258,9375;2537,40625;2861,0625;2869,25;3036,4375;3096,46875;3336,65625;3455;3229,53125;3170,75;2961,6875;2739,8125;2314,71875;2087,90625;1623,71875;1550,25;1367,125;1139,09375;909,125;573,625;358,28125;287,625;160,1875;309,78125;117,3125;390,71875;351,15625;374,125;360,3125;267,59375;319,46875;195,78125;382,5625;437,71875;364,9375;491,90625;196,34375;349,40625;273,5625;95,21875;-7,21875;352,5625;242,875;5,75;155,1875;386,96875;234,5625;217,1875;162,34375;265,78125;286,21875;496,59375;226,21875;409,15625;115,46875;229,34375;240,34375;297,71875;274,5;202,71875;231,09375;348,125;316,5;206,9375;275,53125;275,25;261,78125;357,25;280,78125;264,375;74,40625;483,90625;96,0625;162,25;243,8125;-29,40625;220,6875;276,375;39,1875;262,28125;161,28125;303,15625;304,84375;2;148,3125;313,0625;253,4375;206,375;52,96875;289,1875;305,6875;62,09375;287,0625;305,1875;181,25;223,03125;231,25;91,75;289,96875;369,1875;164,6875;224,40625;377,71875;164,71875;124,75;352,4375;55,5;-45,8125;235,5;351,15625;435,90625;127,4375;336,46875;205,1875;386,78125;215,65625;435,90625;88,03125;89,8125;267,25;233,375;217,3125;305,1875;369,25;303,34375;373,53125;261,0625;467,75;299,53125;128,71875;58,21875;312;347,71875;375,59375;266,78125;255,0625;344,5625;390,28125;113,09375;420,40625;
155,59375;232,78125;353,0625;251,40625;143,65625;133,25;197,15625;419,65625;338,78125;242,40625;169,5625;303,71875;79,75;403,34375;478,65625;343,65625;213,375;303;376,5625;254,21875;165,84375;377,21875;393,21875;365,59375;299,5625;407,21875;162,375;304,125;251,75;425,625;264,84375;119,03125;301,6875;200,59375;120,4375;152,40625;383,09375;392,34375;92,28125;351,125;228;256,21875;296,46875;316,25;198,40625;184,75;349,75;114,65625;329,28125;118,28125;55,9375;218,03125;252,375;301,75;250,53125;248,0625;330,9375;369,25;238,59375;352,40625;360,96875;284;267,5;224,9375;331,25;393,3125;202,46875;343,03125;454,5625;239,5625;204,84375;317;164,09375;185,25;334,46875;180,84375;209,9375;190,46875;288,25;301,21875;262,03125;299,25;200,90625;284,03125;168,96875;127,65625;212,25;197,375;87,09375;228,25;86,4375;409,09375;159,03125;360,125;363,5625;215,28125;194,25;255,59375;333,5;475,09375;55,3125;393,75;447,6875;588;732,125;778,71875;788,59375;648,9375;848,375;606,84375;464,96875;470,15625;474,625;413,21875;329,65625;635,53125;662,5;835,46875;824,9375;995,65625;1356,1875;1510,3125;1327,59375;1720,125;1377,5625;1095,59375;994,875;872,5625;829,84375;789,34375;678,65625;702,65625;708,34375;1097,71875;1365,34375;1713,90625;2114,375;1885,40625;2428,125;2098,90625;2100,25;1834,84375;1339,84375;1050,78125;1004,8125;810,9375;649,84375;523,5;314,5625;718,78125;804,3125;1260,71875;1358,71875;1595,78125;1956,59375;2352,65625;2168,78125;2043,59375;2005,1875;1844,53125;1592,875;1396,59375;990,375;836,75;757,46875;702,09375;812,46875;1431,8125;2191,15625;2804,9375;3801,125;4253,46875;4322,1875;4691,625;4369,03125;3878,09375;3477,4375;2835,8125;2604,96875;2580,125;2308,9375;2479;2715,59375;2982,25;3217,65625;3203,71875;3428,84375;3615,65625;3416,125;3229,34375;2924,15625;2769,875;2519,59375;2171,0625;1645,28125;1656,25;1185,375;1084,84375;791,375;590,65625;402,21875;258,5625;177,75;286,90625;155,90625;337,53125;260,5;227,96875;344,0625;250,28125;450,1875;182,875;393,65625;455,84375;588,71875;539,375;91,59375;165,875;299,25;217,125;68,65625;265,875;192,9375;319,59375;388,21875;158,21875;-37,96875;206,59375;165,6875;167,9375;402,1875;273,78125;358,59375;301,75;396,15625;123,1875;233,4375;238,125;151,09375;154,46875;257,03125;237,0625;93,875;196,09375;139,65625;366,46875;219,59375;197,46875;285,71875;196,71875;248,40625;288,34375;160,78125;262,90625;468,6875;144,53125;144,34375;215,40625;102,625;293,03125;220;418,96875;210,6875;101,625;221,78125;454,75;235,40625;157,5;213,0625;350,65625;141,25;126,90625;149,78125;235,40625;312,90625;203,71875;82,15625;305,5;230,90625;201,40625;160,0625;303,71875;146,875;208,28125;130,84375;336,8125;266,875;254,84375;295,6875;163,21875;353,375;340,65625;164,8125;251,8125;278,5625;346,96875;185,28125;398,40625;574,09375;307,03125;15,84375;247,96875;400,5625;375,75;394,03125;390,9375;361,25;454,3125;391,28125;209,75;414,8125;296,4375;362,125;209,46875;366,5;219,75;253,90625;178,21875;67,71875;355,90625;
187,875;316,28125;359,21875;319,6875;104,21875;95,65625;237,75;249,625;274,6875;226,09375;256,21875;212,65625;196,5625;218,75;333,1875;385,34375;-19,40625;80,75;285,71875;230,53125;354,25;342,625;174,65625;358,65625;150,1875;92,125;87,3125;322,8125;134,40625;120,9375;270,21875;115,03125;226,4375;105,34375;143,25;206,875;371,96875;274,625;355,71875;31,4375;239,90625;206,3125;230,09375;99,46875;206,15625;227,65625;129,71875;231,84375;59,125;278,875;170,375;77,46875;138,375;123,375;325,03125;274,21875;222,46875;268,625;140,84375;358,0625;198,21875;332,34375;279,34375;419,21875;210,75;270,71875;241,125;276,53125;161,09375;218,65625;109,6875;190,5;205,71875;326,0625;322,125;37,90625;-104,40625;161,59375;286,28125;297,90625;188,5;195,90625;399,4375;135,71875;175,53125;157;257,4375;268,21875;299,21875;94,09375;255,1875;283,25;149,65625;100,5625;278,65625;376,40625;441,1875;307,03125;414,28125;332,03125;51,375;354,25;195,375;505;784,90625;734,09375;730,34375;639,96875;879,5625;548,3125;140,78125;286,15625;475,09375;249,65625;521,09375;461,03125;607,59375;814,90625;1084,03125;880;1211,25;1382,09375;1474,46875;1601,15625;1359,90625;1042;1133,5625;737,84375;504;757,6875;846,84375;875,8125;1061,8125;1264,90625;1500,34375;1544,90625;2262;2337,46875;2245,1875;2181,84375;2107,03125;1928,6875;1414,4375;1096,03125;1032,71875;562,8125;701,625;469,78125;523,65625;594,4375;926,84375;1149,5;1525,53125;1771,34375;1885,9375;2088,1875;2309,03125;2371,71875;2132,125;1868,15625;1542,5;1209,3125;1186;882,75;696,1875;677,28125;587,71875;1423,0625;2024,65625;2833,25;3724,125;4191,96875;4656,40625;4973,28125;4033,46875;3843,0625;3538,3125;2853;2501,53125;2392,875;2514,875;2421,625;2684,5625;2936,5;3154,3125;3533;3453,59375;3688,125;3479,875;3064,5;3232,96875;2749,125;2818,09375;2361,15625;1970,25;1610,1875;1331,53125;1131,75;740,5625;541,46875;474,65625;261,71875;-90;175,75;201,96875;105,1875;324,15625;257,625;298,34375;173,75;281,21875;240,8125;283;293,6875;174,96875;366,65625;298,5;184,15625;94,21875;399,9375;168,6875;68,4375;232,4375;240,90625;102,125;-25,5;210,0625;114,84375;127,5625;67,34375;83,21875;255,4375;522,53125;331,09375;241,09375;341,4375;215,46875;214,53125;93,65625;266,65625;189,40625;141,59375;301,28125;31,75;287,25;171,78125;195,71875;151,25;264,9375;245,09375;146,15625;201,125;548,90625;160,375;164,5;261,96875;205,28125;116,25;188,15625;211,65625;358;409,5;211,78125;160;258,09375;262,53125;-44,15625;207,03125;147,65625;227,1875;328,5;280,0625;181,90625;269,875;-20,5625;126,03125;324,71875;23,84375;103,75;264,625;295,25;338,65625;359,0625;408,5;126,21875;35,46875;162;320,53125;171,5;14,09375;187,53125;255,53125;371,875;130,65625;123,125;554,75;328,6875;215,4375;179,46875;232,9375;319,15625;20,34375;546,09375;219,0625;201,3125;181,3125;323,53125;219,0625;128,71875;165,59375;138,8125;252,71875;476;248,3125;178,3125;195,96875;289,9375;170,6875;0,375;234,78125;
198,75;414,46875;374,53125;172,125;231,15625;178,8125;482,46875;446,46875;234,75;311,03125;238;376,75;279,71875;378,21875;314,3125;456,5;383,0625;380,75;294,125;290,28125;215,6875;526,84375;252,625;391;157,09375;137,25;356,03125;382,3125;205,65625;187,5625;298,5625;137,21875;285,4375;236,96875;234,3125;439,53125;92,78125;321,375;226,8125;255,96875;287,71875;309,09375;305,34375;309;11,3125;294,78125;332,40625;-55,6875;183,4375;338,34375;362,375;192,8125;42,03125;183,71875;195,28125;203,8125;297,9375;-2,5;468,875;444,15625;157,25;122,375;163,53125;320,34375;237,15625;327,59375;118,53125;408,25;54,03125;291,09375;304,71875;246,53125;277,0625;290,125;183,5;353,78125;400,34375;328,65625;299,53125;226,46875;310,59375;275,21875;132,84375;-4,40625;203,96875;367,65625;207,625;295,875;190,375;291,4375;193,875;462,875;489,59375;462,59375;454,34375;224,1875;241,6875;410,875;271,15625;527,53125;349,25;338,8125;678,125;594,6875;671,03125;620,65625;907,75;744,78125;685,1875;523,25;391,25;214,65625;450,28125;232,3125;433,90625;427,46875;349,375;655,5;946,96875;1149,09375;1323,40625;1377,1875;1509,0625;1501,8125;1357,375;1386,125;882,3125;797,71875;818,03125;777,90625;780,59375;837,40625;987,4375;1094,78125;1410,1875;1909,25;2037,1875;2465,15625;2446,53125;2293,84375;2069,75;1850,96875;1696,53125;1136,0625;1015,65625;908,40625;608,75;639,53125;605,46875;777,40625;883,15625;1182,46875;1636,5625;1686,125;2011,9375;2238,625;2322,75;2290,65625;2176,3125;1818,6875;1746,8125;1547,0625;1103,96875;749,75;838,46875;835,78125;1055,8125;1464;2238,5625;3000,125;3771,53125;4370,65625;4630,1875;4742,125;4691,25;3913,3125;3507,625;3068,84375;2912,84375;2479,03125;2585,28125;2450,71875;2769,875;3053,96875;3550,34375;3414,40625;3642,71875;3797,3125;3725,5;3459,03125;3234,40625;2991,875;2618,4375;2239,59375;2043,9375;1599,34375;1254,65625;1025,59375;1023,09375;756,75;294,40625;304,3125;53,0625;140,4375;212,59375;200,53125;368,75;263;149,71875;333,90625;104;210,46875;410,875;451,40625;524,84375;259,6875;242,28125;292,875;115,34375;103,34375;330,8125;288,46875;216,8125;181,0625;64,65625;287,65625;248,4375;224,34375;303,59375;102,625;354,8125;325,9375;277,59375;147,53125;269,4375;199,625;590,125;432,375;84,65625;351,71875;250;207,5625;313,125;211,0625;332,65625;376,09375;259,4375;194,65625;133,34375;256,34375;161,9375;161,25;360,1875;201,09375;256,8125;175,90625;154,8125;39,375;145,90625;323,875;170,46875;248,6875;224,8125;199,71875;64,875;34,34375;275,4375;63,75;246,875;152,09375;353,375;474,21875;232;140,96875;152,59375;484,15625;3,0625;212,78125;405,46875;299,28125;323,375;199,625;82,78125;149,4375;261,40625;99,65625;198,625;307,6875;363,78125;295,0625;147,96875;299,09375;287,625;299,28125;372,90625;327,15625;411,46875;308,96875;203,6875;246,71875;417,53125;281,125;93;226,34375;331,1875;252,15625;209;353,9375;220,25;229,28125;213,375;230,15625;377,1875;353,4375;103,15625;221,25;191,53125;323,875;85,96875;59,34375;
24,65625;212,40625;334,875;206,15625;75,53125;236,03125;297,0625;238,40625;6,53125;-56,4375;282,78125;-114,875;207,28125;276,65625;159,875;291,4375;124,5;45,78125;233,65625;153,84375;285,75;144,46875;21,1875;13,375;221,90625;190,84375;-3,46875;327,46875;67,53125;53,3125;154,28125;248,53125;115,28125;165,09375;205,71875;250,90625;239,1875;223,53125;232,40625;207,28125;271,65625;165;164,375;296,4375;102,78125;56,25;55,6875;-2,28125;191,125;132,125;141,03125;277,5;178,59375;262,3125;243,9375;411,34375;381,84375;32,09375;158,8125;101,53125;138,09375;301,03125;220,15625;121,71875;20,46875;-53,3125;244,25;71,375;179,40625;95,15625;261,96875;309,5;10,65625;279,6875;40,5625;118,59375;216,1875;216;96,625;173,3125;229,09375;-120,625;85,71875;205,6875;203,71875;75,90625;189,875;29,65625;225,96875;169,65625;270,5625;152,3125;79,15625;337,90625;352,6875;285,5625;391,9375;277,0625;195,21875;262,0625;89,40625;243,21875;566,28125;572,8125;537,71875;728,15625;675,9375;725,46875;528,40625;437,46875;277,875;244,6875;303,40625;391,875;444,90625;440,53125;413,5;657,96875;820,03125;952,125;1129,90625;1238,21875;1299,03125;1475,28125;1243;988,15625;971,71875;809,71875;526,15625;487,34375;701,25;662,53125;895,09375;1079,3125;1657,21875;1567,71875;2132,09375;2328,0625;2464,15625;2295,03125;2051;1928,9375;1460,03125;1206,0625;862,75;773,8125;535,1875;550,125;354,46875;773,3125;993;1035,0625;1472,84375;1822,5;2162,375;2385,84375;2056,09375;2178;1956,625;2080,40625;1520,28125;1356,75;1151,9375;681,84375;762,53125;830,8125;893,625;1513,03125;2119,46875;2772,46875;3481,6875;4289,5625;4743;4756,09375;4441,75;4181,5625;3693,75;2974,21875;2733,4375;2386,28125;2465,03125;2607;2826,9375;3144,25;3376,375;3737,21875;3798,125;3857,0625;3818;3418,3125;3302,78125;3003,84375;2772,5625;2172,1875;1827,25;1510,5;1353,3125;926,71875;714,3125;559,15625;147,28125;351,6875;111,4375;118,625;287,75;199,25;390,4375;461,75;250;201,65625;205,6875;260,875;216,40625;154,625;309,90625;278;162,40625;-55,5625;100,46875;100,8125;248,59375;246,03125;112,59375;263,0625;117,625;114,25;205,65625;232,46875;214,59375;136;267,28125;152;314,0625;237,5;217,625;257,8125;193,65625;133,0625;152,375;59,0625;-113;164,75;153,34375;70,625;134,4375;344,53125;73,375;57,34375;252,5;228,96875;111,8125;191,8125;82,375;192,40625;101,78125;276,375;118,21875;0,40625;178,03125;172,84375;-16,09375;25,5;296,84375;20,875;156,9375;74,75;113,875;242,40625;190,0625;351,59375;240,59375;333,78125;75,8125;83,28125;104,15625;29,5625;228,75;137,90625;171,03125;119,3125;167,40625;3,5625;197,71875;94,09375;164,09375;220;79,0625;47,875;68,75;201,28125;239,4375;92,90625;123,84375;216;295,5;278,4375;234,53125;102,15625;52,5625;234,15625;-12,59375;278,5625;191,09375;43,46875;40,3125;272,03125;153,09375;376,21875;243,46875;276,59375;156;142;126,03125;43,875;141,75;325,53125;-26,125;103,90625;197,09375;11,75;
337,125;489,34375;423,1875;212;380,25;337,6875;158,40625;224,5;339,78125;345,25;234;400,03125;507,1875;486,46875;477,875;384,375;442,09375;197,65625;292,46875;427,0625;425,1875;406,90625;416,09375;333,375;378,5;306,03125;308,25;202,1875;242,4375;381,96875;260,3125;370,5625;372,28125;381,6875;285,625;293,6875;262,65625;226,25;240,75;282,5625;472,625;473,59375;308,0625;429,1875;533,09375;190,28125;209,1875;145,09375;184,84375;482,25;337,6875;370,84375;320,375;189,71875;562,65625;333,96875;213,9375;128,625;381,40625;462,6875;363,78125;257,84375;299,40625;370,09375;439,03125;407,59375;194,96875;307,75;319,0625;315,875;454,25;303,25;518,15625;387,28125;193,3125;338,09375;391,40625;232,0625;369,3125;124,4375;407,34375;242,875;419,4375;266,40625;203,1875;430,40625;326,875;572,84375;479,6875;96,84375;502,9375;305,34375;315,90625;177,3125;402,8125;458,125;296,53125;442,53125;336,90625;286,71875;378,15625;268,53125;503,15625;444,15625;910,34375;897,46875;709,96875;739,15625;612,09375;454,28125;445,09375;507,125;384,84375;417,21875;483,1875;537,84375;520,625;924,96875;865,5625;1315,125;1492,875;1591,75;1631,25;1363,53125;1576,9375;1039,4375;1092,25;940,34375;676,90625;776,75;785,84375;793,75;890,75;1160,21875;1464,75;1880,65625;2240,03125;2384,59375;2541,4375;2622,09375;2255,4375;2031,28125;1793,90625;1339,25;933,8125;1033,0625;537,03125;818,875;771,3125;742,875;975,59375;1372,15625;1595;1704,6875;2086,375;2510,75;2426,34375;2216,875;2130,96875;2043,03125;2005,03125;1702,90625;1238,84375;1140,21875;979,46875;924,90625;886,125;1758,1875;2437,75;3074,90625;3683,59375;4407,9375;4818,5625;4825,1875;4750,0625;4016,34375;3821,65625;3092,84375;2840,1875;2647,5;2715,90625;2821,28125;2976,0625;3315,875;3601,96875;3897,40625;4113,96875;4236,5;3862,09375;3643,34375;3459,34375;3163,71875;3265,34375;2428,5625;2229,8125;1802,5;1773,59375;1332,71875;923,03125;610,1875;447,25;283,65625;190,4375;226,875;360,875;412,8125;526,90625;364,71875;294,75;476,625;378,71875;423,6875;304,40625;763,21875;366,6875;226,875;259,375;338,03125;298,46875;202,875;282,84375;235,28125;310,59375;251,65625;373,875;218,28125;300,6875;368,09375;118,8125;230,21875;33,4375;378,8125;509,71875;343,46875;444,8125;296,625;245,5;483,46875;409,125;270,0625;312,6875;341,09375;164,1875;279,71875;315,40625;284,9375;367,0625;240,875;318,4375;364,25;332,34375;417,4375;239,84375;212,875;253,125;285,125;314,25;117,9375;185,3125;580,96875;404,15625;276,28125;261,1875;338,8125;326,21875;373,09375;160,90625;244,09375;260,09375;470,90625;375,8125;215,9375;320,21875;454,21875;199,28125;260,5625;206,09375;260,5;300,28125;262,46875;373,65625;322,25;445,375;564,84375;291,71875;283;394,71875;236,625;366,09375;231,96875;300,9375;303,375;252,8125;323,71875;233,625;307,5625;288,65625;557,15625;117,5625;276,90625;366,75;342,09375;273,125;230,3125;487,28125;153,96875;240,25;299,96875;444,5625;352,5625;295,90625;183,1875;476,46875;420,4375;470,9375;159,59375;295,65625;136,34375;131,78125;498,375;
327,21875;332,625;268,125;316;277,28125;216,15625;417,125;126,46875;96,53125;199,40625;291,9375;140,5625;254,09375;287,8125;317,34375;322,28125;116,3125;356,375;237,84375;463,625;320,96875;64,9375;493,53125;282,21875;156,125;437,65625;178,15625;327,8125;79,59375;296,125;481,25;216,625;272,84375;241;50,5;564,625;242,875;289,3125;296,3125;41,8125;268,9375;468,09375;300,90625;251,90625;198,5;468,8125;379,53125;302,34375;232,96875;361,5625;513,3125;348,4375;320,625;48,75;152,9375;156;417,1875;212,90625;457,625;376,34375;309;135,28125;272,9375;162,9375;117,09375;325,03125;89,375;351,03125;231,84375;340,4375;346,09375;333,9375;402,15625;478,46875;385,375;212,5625;266,1875;-63,84375;406,3125;272,5;446,9375;382,34375;463,5625;109,3125;420,875;209,09375;172,9375;94,84375;74,03125;375,21875;328,09375;227,3125;226,875;200,46875;265,84375;475,125;445,1875;387,15625;438,84375;235,15625;172,71875;419,75;350,21875;586,03125;688,59375;824,96875;826,34375;781,90625;710,53125;627,65625;418,96875;472,65625;544,25;96,90625;497,09375;617,9375;523,34375;531,84375;946,4375;778,46875;1175,03125;1217,1875;1295,375;1559,84375;1171,84375;1182,375;1062,75;888,59375;728,1875;886,9375;659,65625;745,15625;861,59375;1247,4375;1482,53125;1959,71875;2152,90625;2405;2521,875;2534;2367,34375;1974,78125;1729,09375;1296;989,875;855,4375;567,90625;396,09375;522;1103,875;972,09375;1530,78125;1489,46875;1918,125;2118,34375;2283,65625;2410;2390,96875;2293,28125;2172,78125;1811;1681,46875;1205,25;1198,40625;923,96875;865,90625;1075,125;1517,53125;2301,3125;3081,625;3822,25;4540,625;4926,40625;4901,75;4672,71875;4291,21875;3753,09375;3336,4375;2947,46875;2681,6875;2711,21875;2739,28125;2797,78125;3321;3863,09375;3865,75;4030,1875;4093,84375;4135,90625;3934,84375;3457,78125;3176,59375;2753,1875;2446,46875;1880,25;1775,84375;1412,375;1193,0625;973,5625;562,40625;391,34375;328,625;261,46875;337,375;219,8125;382,375;468,75;323,9375;263,28125;463,34375;427,78125;357,84375;362,5625;333,0625;463,375;313,625;207,9375;213,65625;270,4375;129,3125;149,5625;191,4375;294,375;-17,96875;445,40625;227,3125;37,5625;113,8125;275,59375;258,125;302,28125;322,03125;233,6875;513,53125;404,09375;307,90625;464,71875;306,28125;365,34375;356,96875;265,3125;104,03125;210,84375;154,15625;123,34375;21,03125;124,28125;259,15625;532,78125;219,03125;230,34375;48,71875;269,65625;236,71875;276,71875;256,875;339,84375;305,3125;191,6875;341,625;382,0625;289,75;363,125;452,875;412,09375;492,75;147,75;266,65625;201,46875;308,34375;110,28125;240,71875;221,59375;383,78125;298,28125;314,40625;310,34375;460,21875;425,125;398,15625;271,65625;414,09375;240,3125;295,90625;318,78125;372,375;266,375;330,9375;381,6875;236,21875;346,15625;246,75;120,03125;297,875;272;330,46875;380,125;174,375;291,125;215,21875;349,96875;373,375;179,59375;334,9375;219,40625;168,65625;321,8125;422,75;445,03125;65,34375;279,59375;313,90625;416,78125;157,78125;416,3125;156,4375;365,875;305,03125;322,25;332,21875;
515,625;323,65625;349;332,8125;360,5;461,5;178,8125;338,40625;308,125;376;250,03125;334,21875;218,5625;238,375;502,03125;414;90;282,59375;155,28125;364,65625;145,375;197,15625;217,3125;130,28125;347,25;305,40625;126,90625;138,96875;169,46875;189,3125;328,71875;256,28125;256,78125;356,9375;257,15625;318,75;123,46875;267,34375;389,5;423,1875;240,59375;332,34375;475;370,5625;306,09375;157,0625;156,3125;110,84375;285,8125;165,46875;219,84375;287,5625;423,96875;397,9375;394,65625;178,09375;140,90625;281,53125;406,25;102,15625;304,15625;275,5;142,03125;373,84375;206,78125;188,03125;298,125;255,40625;289,75;121,6875;109,5625;345,09375;272,625;182,9375;335,03125;186,28125;257,75;327,375;196,25;248,75;147,9375;212;283,3125;286,09375;357,15625;450,28125;383,59375;210,8125;315,75;252,34375;314,90625;367,1875;219,21875;195,875;338,40625;217,46875;190,59375;388,625;424,09375;168,46875;239,34375;126,09375;521,78125;685,15625;655,5625;682,75;944,09375;737,40625;802,5625;391,625;551,34375;437,03125;270,84375;304,71875;429,09375;472,625;507,40625;574,21875;871,53125;929,375;1087,3125;1441,53125;1364,3125;1504,3125;1474,125;1171,34375;946,0625;1116,25;520,75;603,59375;568,75;833,90625;925,53125;1160;1659,0625;1802,53125;2072,1875;2569,21875;2390,25;2490,90625;2526,8125;1989,625;1623,90625;1270,3125;1031,34375;896,75;590,875;498,71875;602,5;569,34375;1101,875;1202,3125;1660,25;1875,5;1938,5625;2233,5;2363,90625;2397,71875;2500,28125;2226,5;1666,9375;1837,3125;1418,125;1210,875;948,8125;860,78125;1098,59375;1512,90625;2251,5;3082,21875;3957,21875;4481,84375;4981;5097,28125;4881,59375;4412,125;4039,75;3445,25;3090,90625;2746,6875;2613,6875;2882,75;3069,4375;3297,5625;3798,28125;4035,53125;4170,125;4134,28125;4109,375;3986,53125;3419,5625;2923,1875;3115,9375;2219,53125;2011,9375;1839,375;1522,875;1175,125;777,28125;490,25;349,375;81,59375;-97,34375;345,6875;239,0625;310,5;577,90625;322,5625;316,4375;368,8125;320;203,25;276,625;368,5;341,25;326,03125;229,8125;344,3125;213,8125;310,71875;180,71875;194;303,5;233,40625;234,6875;152,71875;266,6875;315,46875;162,78125;320;117,5;154,25;223,625;245,84375;379,625;246,0625;89,53125;151,28125;416,21875;340,28125;-43,65625;539,8125;341,375;80,6875;199,8125;197,3125;218,28125;277;218,65625;327,21875;272,46875;168,625;428,09375;79,09375;93,21875;195,46875;366,5625;185,5;375,25;312,34375;303,3125;348,6875;341,5;345,28125;321,6875;409,625;186,59375;26;293,375;412,9375;221,96875;263,46875;146,375;258,25;133,5;257,90625;79,1875;-120,1875;130,6875;144,0625;399,96875;348,59375;292,375;181,28125;175,84375;102,9375;297,96875;269,90625;163,71875;175,8125;332,28125;302,03125;395,53125;334,71875;249,28125;174,46875;329,3125;339,03125;154,3125;145,5;402,25;294,78125;378,65625;369,8125;389,53125;35,9375;155,5625;472,125;142,84375;322,84375;355,78125;373,0625;57,0625;267,40625;175,28125;251,6875;236,84375;247,59375;177,125;252,46875;
368,5;364,1875;232,59375;484,03125;321,65625;341,53125;291,34375;247,9375;331;345,8125;372,65625;280,15625;456,75;277,5625;442,4375;98,09375;208,6875;560,21875;533,875;545,375;410,71875;495,875;369,0625;262,0625;338,6875;488,1875;377,28125;396;124,09375;263,375;228,6875;328,375;326,6875;388,6875;332;299,1875;636,03125;464;567,125;481,65625;536,34375;321,375;388,28125;345,15625;397,375;508,0625;498,53125;260,96875;409,03125;195,40625;486,9375;268,4375;72,40625;307,4375;356,96875;346,6875;359,9375;478,46875;420,78125;619,71875;320,78125;178,9375;414,40625;284,9375;361,5;310,875;363,375;277,8125;332,96875;264,875;267,5625;246,0625;478,03125;426,21875;365,75;327,65625;308,90625;484,5;313,65625;367,25;229,53125;469,375;172,65625;635,96875;354,28125;400;323,03125;384,71875;264,71875;464,21875;376,3125;402,09375;244,9375;429,34375;406,4375;413,0625;315,28125;535,09375;463,15625;222,875;243,0625;328,0625;239,59375;580,15625;734,90625;740,96875;803,40625;828,75;718,125;616,03125;524,25;441,21875;469,0625;473,90625;393,5625;294,625;487,96875;614,15625;721,46875;1068,625;1334,125;1616,90625;1764,4375;1768,0625;1511,5;1280,9375;1005,53125;953,1875;715,34375;600,03125;614,9375;750,34375;915;911;1450,6875;1933,65625;2056,09375;2441,96875;2446,59375;2402,125;2242,71875;2060,5;1760,96875;1315,09375;1195,90625;809,21875;733,875;467,6875;727,28125;800,03125;1017,15625;1381,46875;1860,71875;2089,5;2324,1875;2237,875;2283,625;2482,25;2323,1875;2259,75;1967,96875;1820,96875;1580,875;1118;1078,78125;851,03125;1089,46875;1590,46875;2267,40625;2954,625;4057,375;4646,8125;4998,5625;5093,71875;4972,6875;4686,25;4169,5;3377,5;3201,3125;2810,625;2723,03125;2915,53125;3097,28125;3408,34375;3848,0625;4029,34375;4355,625;4368,46875;3965,25;3844,78125;3486,65625;2985,09375;2721,21875;2396;2150,65625;1871,5625;1679;1337,875;950,53125;734,3125;514,25;341,875;253,03125;526,09375;552,71875;386,0625;187,0625;387,9375;368,0625;505,75;436,9375;338,34375;351,3125;209,96875;612,96875;354,03125;347;182,8125;108,25;219,75;142,1875;298,6875;226,84375;148,40625;352,3125;158,4375;249,71875;398,125;488,15625;309,78125;319,09375;427,84375;182,125;627,875;307,84375;350,84375;122,09375;248,875;291,125;265,90625;191,09375;284,40625;409,84375;421,5;323,75;366,5625;304,96875;398,65625;435,78125;496,3125;400,5;324,59375;321,9375;189,6875;252,75;310,53125;233,59375;413,125;424,4375;749,1875;303,8125;309,28125;481,375;316;316,0625;246,96875;378,03125;177,34375;313,03125;258,03125;272,6875;482,53125;195,96875;314,03125;227,5;293,46875;333,6875;496,03125;286,375;11,21875;210,90625;181,125;340,1875;372,4375;291,03125;402,21875;407,65625;397,625;436,375;270,21875;392,9375;213,875;313,90625;204,46875;130,25;227,5;496,21875;373,9375;211,6875;289,15625;290,4375;351,8125;475,09375;293,90625;228,40625;311,03125;463,53125;273,15625;345,125;307,90625;396,375;374,96875;311,5;372,46875;241,21875;235,5;98,1875;511,78125;582,0625;322,96875;
56,40625;205,78125;210,65625;270,6875;234,9375;297,46875;150;103,96875;239,625;-28,5;233,90625;136,3125;200,59375;336,53125;259,5625;209;161,21875;360,21875;99,90625;297,1875;187,03125;63,96875;162,15625;360,0625;14,5625;184,15625;311,3125;333,4375;14,625;146;86,53125;158,09375;214,15625;284,5625;290,34375;148,625;76,25;195,59375;281,59375;199,90625;276,34375;139,875;40,84375;246,90625;172,03125;243,78125;339,34375;344,40625;219,84375;252,03125;143,71875;16,90625;343,59375;22,84375;271;183,75;271,1875;196,0625;148;39,5;143,96875;237,125;246;151,96875;272,6875;139,375;100,46875;19,1875;177,90625;198,5625;287,9375;374,34375;322,96875;107,8125;147,53125;-3,8125;341,28125;211,8125;300,15625;133,1875;-63,71875;271,8125;384,15625;376,4375;304,21875;287,21875;333,25;356,25;117,125;9,46875;220,875;213,09375;287,90625;347,09375;193,3125;427,9375;291,53125;366,3125;528,40625;263,125;192,9375;422,84375;522,0625;491,84375;583,28125;813,53125;904;590,84375;787,875;412,15625;460,84375;386,53125;252,96875;248,28125;379,3125;451,5;494,09375;463,46875;682,5;1031,09375;1231,6875;1381,46875;1507,8125;1483,5;1540,25;1104,1875;1046,53125;729,15625;658,9375;513,78125;611,28125;555,9375;838,25;1142,375;1155,9375;1775,25;1866,9375;2377,78125;2309,46875;2613,25;2128,15625;1960,21875;1778,84375;1216,15625;965,3125;724,78125;745,90625;604,71875;507,375;733,375;942,03125;1124,375;1456,125;1854,9375;2041,53125;2228,15625;2350,46875;2502,65625;2152,71875;2051,34375;1921,03125;1751,34375;1431,78125;1016,375;1084,5;880,1875;980,125;1556,03125;2281,15625;3132,53125;3903,40625;4631,625;5092,28125;5163,46875;5139,78125;4476,25;3991,875;3498,75;2954,84375;2930,90625;2726,5;2769,75;3097,6875;3494,28125;3987,1875;3762,21875;4240,125;4255,1875;4100,59375;3649,875;3398,0625;3020,5625;2687,03125;2360,5625;2089,46875;1807,1875;1474,9375;1215,78125;1051,375;514,125;486,0625;300,28125;52,03125;426,65625;427,90625;175,3125;457,03125;426,5;477,4375;364,75;153,90625;370,71875;374,96875;433,75;314,15625;228,34375;262,4375;228,59375;340,9375;174,8125;271,5625;70,65625;101,5;256,34375;194,28125;239;249,84375;184,3125;320,46875;188,03125;304,1875;272,84375;358,1875;309,65625;250,3125;294,34375;121,28125;47,53125;157,15625;189,5625;-14,5625;351,96875;159,03125;185,46875;246,28125;335,1875;178,5;402,0625;451,25;382,0625;337,03125;280,625;228,59375;192,28125;297,78125;276,34375;245,3125;190,4375;292,28125;148,96875;214,0625;371,25;245,84375;224,53125;248,96875;341,71875;166,25;227,9375;282,1875;283,40625;299,59375;26,21875;314,40625;180,5;384;283,59375;237,8125;234,0625;311,34375;264,53125;95,6875;-7,34375;34,15625;305,90625;174,875;140,625;-24,1875;118,53125;270,15625;356,78125;418,34375;262,5625;144,84375;475,03125;68,5625;441,40625;401,21875;146,15625;455,78125;246,625;73,625;339,5625;281,4375;332,40625;209,40625;239,96875;162,6875;123,625;399,6875;143,25;194,875;234,78125;180,8125;253,96875;206,40625;523,1875;546,21875;326,21875;292,5625;-20,125;
313,03125;307,75;287,34375;304,625;235,15625;342,84375;203,5625;240,21875;353,84375;349,5;281,34375;451,46875;241,9375;313,09375;264,875;316,0625;321,59375;352,4375;421,5625;256,78125;438,5;258,96875;315,8125;150,5625;431,59375;407,65625;468,71875;383,3125;364,8125;338,34375;468,875;458,25;390,65625;357,375;430,90625;220,3125;433,625;510;389,65625;208,5;365,25;229,375;602,96875;469,65625;445,25;174,34375;526,25;292,625;376,1875;329,0625;405,84375;309;353,875;389,6875;341,6875;256,96875;508,75;418,21875;242,28125;371,84375;47,90625;237,3125;248,03125;285,125;401,9375;304,15625;524,78125;373,125;422,90625;332,34375;143,75;362,28125;412,625;454,71875;422,1875;465,6875;395,375;172,03125;590,4375;589,40625;286,40625;293,59375;391,1875;272,28125;342,96875;379,90625;299,0625;310,09375;235,375;317,46875;312,75;177,375;517,96875;493,5;415,65625;286,90625;511,09375;360,9375;389,375;316,25;476,09375;443,9375;716,96875;776,40625;691,09375;969,53125;910,53125;806,53125;785,34375;620,375;501,46875;553,90625;375,96875;562,375;565,625;557,78125;553,09375;665,3125;975,5625;887,25;1294,28125;1546,09375;1406,53125;1750,65625;1503,5;1304,71875;1057,46875;862;832,125;786,4375;657,0625;750,84375;836,5625;1096,375;1553,9375;1515,875;2155,28125;2489,1875;2729,125;2851,84375;2576,5625;2065,15625;1813,15625;1121,59375;905,84375;720,125;753,375;485,9375;743,1875;888,8125;1129,75;1194,0625;1665,96875;1801,1875;2107,1875;2306,15625;2454,0625;2297,21875;2466,96875;2358,6875;2183,625;1832,1875;1608,6875;1305,78125;1108,53125;1072,0625;1148,75;1596,03125;2443,34375;3157,96875;4243,03125;4828,03125;5234,125;5266,1875;5160,96875;4530;4172,96875;3465,28125;3103,40625;2905,65625;2735,71875;2762,34375;3114,375;3699,125;3932,84375;4201,53125;4360,0625;4199,96875;4101,4375;3884;3649,375;3194,71875;2938,96875;2794;2050,09375;2000,75;1566,40625;1106,65625;964,75;610,75;314,625;460,03125;342,78125;446;345;615,5625;408,625;615,59375;444,34375;294,03125;420,34375;238,3125;460,90625;237,3125;544,34375;272,96875;266,4375;173,25;381,78125;473,65625;65,71875;405,03125;313,96875;228,5625;364,90625;273,28125;131,625;241,03125;218,9375;30,0625;190,09375;394,65625;238,59375;326,78125;320,6875;460,625;428,0625;314,75;156,3125;345,53125;140,125;505,1875;466,34375;302,15625;303,53125;346,1875;320,28125;575,90625;245,75;350,625;369,3125;334,96875;396,03125;270,5;134,96875;329,53125;348,09375;175,09375;378,6875;306,53125;320;105,65625;431,5625;219,75;385,03125;331,375;313,6875;210,9375;110,90625;272,25;202,40625;364,34375;290,5625;326,28125;13,75;141,4375;63,3125;434,78125;179,625;226,125;449,5;328,46875;355,71875;266,90625;154,75;340,9375;181,28125;384,625;278,34375;415,5625;403,125;143,75;178,40625;463,5;226,3125;240,96875;430,28125;240,90625;272,125;223,96875;406,625;386;366,9375;277,28125;277,59375;368,59375;116,125;250,875;383,65625;352,78125;178,21875;377,78125;401;430,75;233,21875;187,65625;217,6875;361,40625;414,53125;358,96875;
356,84375;497,78125;384,9375;187,71875;182,4375;174,28125;124,03125;320,71875;144,84375;15,8125;234,1875;246,375;196,34375;196,3125;160,96875;174,5;224,9375;266,59375;286,28125;384,40625;423,71875;202,84375;310,59375;142,25;307,625;190,90625;150,5;415,8125;305,96875;141,5;506,09375;176,1875;234,25;215,25;255,4375;445,46875;360,96875;420,125;295,34375;212,96875;444,03125;405,78125;242,4375;292,5625;197,78125;370,25;450,78125;292,28125;282,1875;277,90625;219,125;439,09375;187,125;307,5;61,5625;141,90625;210,5625;401,0625;208,4375;124,84375;331,21875;139,875;194,71875;170,8125;262,34375;214,4375;441,0625;439,9375;403,1875;279,53125;391,71875;213,875;243,65625;333,9375;309,53125;44,15625;206,75;344,3125;247,75;177,6875;295,6875;462,46875;270,4375;305,71875;205,9375;397,84375;356,4375;461,46875;336,375;523,1875;315,5;160,625;609,78125;432,34375;363,28125;151;326,59375;528,09375;466,8125;251,8125;307,8125;107,59375;393,59375;703,0625;912,5;690,875;1134,0625;1020,40625;920,28125;760,375;589,3125;278,59375;464,125;364,4375;417,375;594,09375;781,6875;751,40625;892;1005,65625;1390,4375;1399,71875;1656,875;1691,21875;1745,1875;1240,59375;1123,21875;847,75;678,46875;697,375;772,125;647,375;908,28125;1166,84375;1367,46875;1783;2309,6875;2526,1875;2686,78125;2649,71875;2368,6875;2185,28125;1769,90625;1193,34375;931,375;719,8125;747,8125;736,625;690,875;765,75;909;1299,46875;1733,21875;1875,5625;2333,59375;2176,46875;2534,21875;2483,65625;2239,0625;2132,53125;2123,1875;1830,1875;1404,21875;1211,125;816,78125;1007,125;1317,21875;1715,1875;2414,625;3237,5625;4220,40625;4842,84375;5359,15625;5368,25;5027,0625;4761,25;4055,21875;3505,46875;3045,125;3046,875;2823,125;2991,875;3062,0625;3354,1875;3781,71875;3935,9375;4574,75;4273,28125;4072,25;3898,5625;3608,625;3353,3125;2874,84375;2638,375;2385,03125;1916,5625;1695,8125;1131,6875;814,875;512,125;283,34375;270,03125;252,6875;444,84375;300,34375;199,84375;553,1875;391,21875;372,6875;375,5;276,125;436,1875;404,5625;452,65625;466,15625;235,15625;213,59375;225,9375;250,15625;312,96875;173,5;382,6875;324,3125;411,75;259,09375;480,9375;417,71875;458,4375;426,15625;212,1875;387,9375;412,0625;377,15625;315,15625;201,8125;184,125;432,8125;161,28125;169,1875;432,125;478,90625;289,375;347,15625;393,09375;307,25;440,28125;341,5;499,53125;255,65625;469,625;340,6875;130;374,0625;207,375;141,3125;30,90625;218,40625;321,125;123,09375;82,71875;445,125;441;441,96875;351,78125;215,75;354,9375;409,71875;389,46875;516,8125;395,125;344,09375;437,78125;308,875;66,34375;417,90625;126,84375;125,90625;297,84375;461,5625;471,125;601,8125;295,59375;144,5625;340,125;292,03125;403,25;651,0625;331,28125;368,125;381,0625;295,96875;235,78125;611,125;344,53125;329,8125;266,21875;244,78125;390,59375;434,4375;279,5625;412,25;369,46875;465,53125;275,75;561,84375;495,625;241,65625;149,03125;461,15625;373;316,8125;181,09375;310,875;196,8125;177;238,65625;119,09375;365,96875;315,375;237,28125;
344,4375;403,34375;445,3125;327,0625;283,4375;219,1875;347,9375;214,84375;178,25;366,84375;221,4375;379,90625;402,34375;348,40625;230,75;451,28125;338,53125;401,0625;272,3125;380,34375;355,65625;232,71875;435,125;82,125;312,21875;429,125;139;353,8125;250;371,3125;433,1875;295,90625;261,8125;225,625;320,53125;227,8125;370,96875;297,65625;250,09375;214,71875;249,25;289,46875;387,25;299,4375;389,28125;426,09375;209,15625;105,3125;274,96875;329,59375;468,25;327,1875;278,53125;180,25;384,125;252,5625;423,3125;181,75;385,84375;320,40625;346,125;129,40625;313,09375;456,5625;543,96875;429,90625;340,15625;319,5;411,28125;415,125;478,125;420,75;591,53125;342,6875;233,34375;224,59375;345,03125;125,1875;237,03125;310,4375;290,78125;222,9375;167,90625;417,59375;256,8125;304,625;382,25;148,28125;594,375;522,34375;467,34375;253,96875;472,5625;483,75;235,875;558,9375;300,40625;339,5625;409,78125;208,9375;223,5;256,78125;651,65625;672,1875;723,53125;1138,5;872,5;825,1875;852,40625;722,90625;557,15625;495,21875;428,125;403,625;688,46875;681,125;557,1875;608,78125;794,71875;1028,4375;1299,03125;1643,125;1744,75;1843,65625;1764,21875;1355,46875;1319,28125;989,59375;1026,21875;679,3125;777,90625;789,9375;771,65625;1345,21875;1446,5625;1820,8125;2275,21875;2576,3125;2722,4375;2622,09375;2255,21875;2041,03125;1784,28125;1391,59375;1014,21875;854,125;629,03125;654,59375;685,5;738,28125;1151,53125;1392,8125;1565,5;2172,34375;2154,375;2469,78125;2558,15625;2537,6875;2326,25;2252,53125;1960,96875;1744,625;1800,46875;1165,3125;1211,03125;1020,125;1410,78125;1794,28125;2566,71875;3403,21875;4204,5;4910,875;5547,90625;5430,5;5206,59375;4842,25;4339,625;3906,28125;3353;2892,9375;2813,53125;2792,0625;3133,875;3558,84375;4054,125;4170,09375;4439,53125;4407,90625;4265,96875;4050,46875;3757,71875;3322,71875;3074,78125;2723,25;2542,8125;2012,15625;1467,625;1361,3125;1104,96875;727,25;288,96875;306,625;334,21875;395,875;554,03125;453,3125;581,1875;511,15625;182,28125;451,40625;488,78125;435,0625;413,21875;167,9375;365,375;504,90625;317,4375;218,25;371,75;282,875;252,375;282,6875;328,28125;201,8125;-62,9375;238,875;390;284,90625;278,96875;210,09375;121,75;333,8125;158,34375;407,03125;341,625;535,71875;467,28125;243,09375;315,96875;152,75;216,28125;273,375;370;310,28125;298;440,25;209,9375;408,3125;361,96875;441,6875;369,6875;295,375;171,90625;283,3125;241,0625;351,21875;192,4375;462,375;334,15625;344,03125;307,5;159,875;408,25;440,125;416,875;107,5625;395,90625;397,15625;383;365,1875;322,46875;307,4375;327,8125;152,4375;240,65625;367,125;378,40625;248,28125;223,28125;149,40625;211,5;334,65625;269,53125;430,5625;280,125;459,9375;166,375;397,375;305,25;248,21875;434,96875;341,5;429,4375;237,40625;469,8125;391,78125;353,0625;461,28125;319,25;332,59375;619,125;455,90625;218,8125;287,21875;258,1875;332,6875;395,65625;377,75;252,125;404,125;501,625;292,15625;309,75;402,3125;315,9375;484,34375;395,8125;272,4375;173,375;285,875;
312,875;402,71875;373,34375;152,125;408,03125;272,15625;178,25;208,03125;160,9375;252,375;127,25;408,46875;219,5;200,78125;339,46875;217,1875;373,90625;333,1875;261,96875;307,625;403,15625;250,5625;163,8125;338,78125;184,9375;308,1875;331,8125;298,34375;273,34375;295,96875;433,9375;399,65625;293,875;181,84375;358,84375;181,375;173,34375;318,9375;443,15625;301,03125;215,03125;413,125;277,65625;359,71875;482,15625;453,28125;661,5;289,96875;411,71875;169,71875;361,40625;281,6875;394,15625;149,125;27,96875;313,375;182,78125;300,75;397,46875;415,40625;41,65625;305,5625;157,4375;115,78125;250,71875;353;274,6875;312,53125;404,1875;344,90625;301,09375;134,875;392,21875;174,46875;345,875;310,125;391,6875;322,1875;149,8125;273,4375;354;288,96875;320,03125;370,0625;333,1875;166,4375;141,34375;382,4375;432,8125;262,15625;273,5625;200,125;218,9375;366,125;350,59375;564,90625;462,875;449,71875;176,28125;346,875;505,0625;419,96875;516,46875;737,1875;572,96875;994,4375;928,375;924,5625;734,1875;690,78125;484,84375;418,90625;236,28125;561,4375;583,34375;502,125;588,53125;600,5;821,15625;998,34375;908,21875;1670,4375;1794,40625;1718,625;1638,03125;1527,1875;913,28125;1087,75;927,21875;525,5;747,09375;722,75;871,28125;891,40625;1348,25;1737,5625;2291,8125;2583,78125;2518,375;2621,875;2191,15625;2223;1698,65625;1369,75;921,90625;835,25;770,84375;452,90625;542,25;983,09375;1116,46875;1334,84375;1656,9375;2105,6875;1981,1875;2341,84375;2377,75;2543,78125;2303;2060,6875;2079,25;1998,84375;1418,5625;1151,78125;1092,28125;1339,9375;1404,1875;1570,34375;2721,8125;3584,46875;4394,375;4976,9375;5368,5625;5295,84375;5165,5;4802,09375;4436,65625;3768,125;3188,875;2885,625;2870,4375;3050,3125;3233,5625;3294,6875;3807,40625;4293,03125;4332,6875;4303,84375;4143,125;3991,375;3639,9375;3325,96875;3167,96875;2819,84375;2381,65625;1920,8125;1631,125;1307,8125;1056,59375;569,75;122,59375;47,46875;78,65625;181,78125;264,625;627,8125;368,71875;480,0625;391,46875;161,9375;299,96875;73,96875;163,03125;274,6875;399,8125;457,5;269,96875;301,5;108,5625;195,46875;91,90625;55,9375;260,25;254,9375;220,34375;373,9375;250,46875;245,625;297,75;172,46875;65,84375;383,46875;243,96875;287,875;133,4375;222,9375;236,625;83,09375;222,03125;294,75;144,78125;300,375;110,59375;170,34375;186,09375;103,8125;28,5625;279,34375;347,53125;231,0625;393,125;284,53125;115,03125;86,3125;194,71875;32,5;145,71875;81,71875;147,6875;71,15625;198,0625;292,875;283,40625;287,1875;59,15625;327,65625;215,4375;395,75;287,15625;136,3125;270,15625;80,5;122,90625;269,78125;207,65625;259,125;-7,4375;225,53125;372,09375;311,53125;237,21875;-7,21875;108,96875;126,75;347,53125;234,59375;261,625;51,1875;388,96875;126,625;296,75;160,84375;431,1875;78,5625;132,875;284,84375;234,5;178;291,8125;321,65625;345,84375;291,5625;46,5625;51,65625;424,21875;486,53125;372;154,3125;174,25;-24,6875;225,90625;283,875;305,75;377,09375;262;132,6875;158,375;130,46875;304,0625;203;
43,84375;161,71875;257,625;259,40625;413,9375;306,40625;361,1875;442,5;254,34375;143,15625;295,5625;407,625;254,25;468,90625;288,125;265,65625;323,34375;71,65625;402,40625;376,3125;381,15625;337,6875;239,59375;151,1875;442,65625;347,75;229,25;380,28125;370,96875;286,5;357,71875;321,71875;346,65625;131,09375;151,40625;370,34375;282,28125;390,78125;459,59375;397;321,5625;280;296,09375;267,1875;366,59375;258,96875;360,15625;429,375;258,78125;509,125;385,5;258,71875;239,84375;282,59375;341,8125;305,96875;282,59375;185,59375;253,8125;551,6875;425,59375;365,28125;499,8125;223,28125;542,28125;212,03125;178,9375;251,71875;258,3125;64,75;460,3125;24;220,96875;341,90625;175,71875;395,59375;308,53125;270,34375;392,5625;366,6875;350,25;159,71875;291,84375;289,40625;352,09375;487,71875;294,96875;361,5;152,125;232,59375;259,65625;255,5;193,65625;271,34375;371,6875;363,40625;250,625;465,625;305,96875;462,46875;308,59375;514,34375;708,78125;619,125;875,65625;715,625;921,40625;1092,875;888,03125;697,0625;297,46875;558,03125;448,8125;234,40625;487,28125;318,78125;634,875;736,75;912,71875;1285,125;1507,21875;1470,21875;1732,28125;1764,15625;1676,65625;1413,46875;1433,90625;1137,21875;813,03125;761,625;783,09375;749,21875;964,375;1260,125;1360,15625;2076,8125;2262,75;2721,65625;2905,90625;2761,5625;2343,59375;2165,4375;1750,96875;1443,875;1001,28125;765,21875;734,375;783,875;841,21875;896,75;995,9375;1428,375;1661,875;2088;2108,75;2364,84375;2440,96875;2476,125;2298,3125;2286,5;2261,6875;1781,21875;1546,5;1499,5625;1081,1875;974,28125;1398,3125;1863,0625;2694,78125;3407;4313,40625;5167,5;5509,4375;5794,375;5387,84375;5012,78125;4560,75;3923,03125;3423,34375;3130,90625;2880,53125;2882,71875;3007,84375;3463,125;3900,9375;4482,25;4429,4375;4722,75;4302;4047,96875;3810,59375;3596,78125;3135,4375;2824,375;2443,78125;1722,46875;1701,875;1265,84375;947,625;636,8125;404,875;346,8125;236,5;308,8125;518,71875;335,21875;464,3125;564,03125;397,53125;209,6875;123,0625;175,71875;334,3125;503,53125;229,09375;271,8125;42,21875;90,3125;418,5;251,5;258,9375;141,90625;188,5;209,34375;308,9375;112,84375;92,96875;-5,46875;208,375;179,0625;377,03125;307,40625;405,3125;190,375;499,65625;513,34375;261,71875;153,71875;85,5625;-136,9375;-52,34375;109,15625;200,46875;61,5;230,71875;168,65625;141,25;34,125;469,46875;385;253,0625;313,34375;202,90625;264,96875;402,34375;183,53125;201,0625;239,625;88,21875;369,125;467,90625;183,53125;153,03125;266,3125;183,84375;198,03125;223,375;201,8125;28,71875;326,8125;223,25;219,25;126,53125;384,21875;531,09375;426,5;346,59375;294,6875;260,4375;275,09375;241,84375;201,28125;155,25;166,53125;272,0625;63,875;501,65625;218,65625;242;452,75;353,125;222,28125;192,28125;251,5625;177,28125;300,375;193,5625;138,09375;161,375;162,875;60,09375;299,03125;90,78125;124,71875;266,59375;168,5625;281,28125;329,28125;428,40625;158,1875;233,28125;394,71875;268,9375;277,9375;144,34375;119,3125;281,3125;256,3125;310,4375;115,0625;
151,875;186,15625;-44,59375;374,375;227,28125;146,28125;114,75;225,09375;308,71875;249,09375;330,28125;340,0625;112,96875;263,03125;228;390,5;175,75;123,90625;242,46875;166,1875;363,71875;394;221,90625;22,75;418,90625;128,21875;286,84375;198,59375;426,5625;133,96875;240,53125;155,25;246,78125;104,3125;264,25;168,84375;145,5625;115,125;306,78125;180,34375;321,53125;201;216,6875;274,65625;392,8125;310,46875;255,9375;273,625;296,5;301,25;189,78125;208,25;297,125;193,1875;114,6875;317,78125;15,8125;307,8125;289,21875;361,84375;353,28125;72,65625;356,21875;58,75;64;145,09375;249,5625;32,53125;425,0625;64,6875;296,09375;85,5;211,375;232,15625;482,5;260;257,21875;293,75;70,28125;446,625;278,3125;161,90625;326,875;88,71875;172,1875;108,75;260,5;235,5625;371,34375;210,875;322,90625;313,09375;251,15625;414,59375;292,4375;385,125;250,75;457,34375;202,4375;442,5;352,90625;347,96875;259,03125;664,125;813,90625;986,28125;962,5;770,875;1003,5;917,28125;549,34375;409,09375;283,40625;270,40625;211,25;403,65625;589,53125;755;759,4375;1051,28125;1346,1875;1458,28125;1913;1550,8125;1574,875;1445,5625;1332;1063,4375;669,78125;619,75;731,3125;760,15625;1038,59375;1250,78125;1541,5;1919,125;2281,53125;2665,8125;2834,0625;2582,46875;2261,46875;2298,75;1731,96875;1399,65625;1035,9375;651,8125;590;802,21875;834,4375;876,1875;880,125;1283,03125;1439,25;1989,9375;2160,5;2355,21875;2445,125;2554,96875;2681,5;1938,625;1998,65625;1646,25;1551,375;1260,1875;1104,375;844,65625;1397,71875;1911,59375;2589,5;3395,65625;4592,375;5228,46875;5832,875;5776,375;5541,03125;5181,25;4390,09375;3870,8125;3508,125;2875,21875;2841,40625;2973,84375;3219,875;3585,28125;3997,84375;4498,15625;4665,40625;4564,34375;4405,40625;4279,625;3782,5625;3441,375;3334,03125;2970,75;2408,9375;2010,34375;1803;1225,90625;835,34375;653,40625;306,625;219,8125;64,59375;335,125;432,375;149,5;341,15625;664,4375;236,1875;253,34375;3,5;297,53125;59,40625;164,15625;-28,53125;46,0625;239,375;209,25;355,8125;126,3125;185,9375;179,25;179,125;154,59375;221,1875;137,8125;136,21875;108,28125;135,75;97,28125;82,125;31,15625;244,1875;309,6875;446,25;99,15625;219,90625;107,25;268,6875;243,84375;67,125;191,46875;324,1875;229,5625;105,46875;172,25;177,53125;267,25;298,21875;188,96875;386,125;121,875;29,40625;81,875;265,75;135,25;96,28125;42,375;257,25;162,96875;292,3125;215,90625;245,53125;-105,84375;-13,03125;193,75;189,8125;222;232,84375;327,40625;298,3125;131,1875;101,96875;183,125;105,71875;15,3125;313,71875;169,125;195,875;235,40625;216,40625;300,15625;125,15625;250,125;136,21875;226,75;77,9375;221,15625;169,5625;213,9375;63,25;19,3125;138,75;140,40625;-36,15625;180;178,09375;296,8125;371,59375;291,9375;74,90625;201,90625;265,53125;228,125;25,15625;102,8125;102,40625;214,34375;166,3125;179,5;217,03125;196,375;143,0625;85,15625;143,34375;368,09375;295,15625;149,34375;273,09375;205,09375;
165,4375;497,53125;226,71875;291,15625;297,78125;348,25;279,9375;333,1875;215,21875;408,125;490,375;243,625;312,34375;371,90625;455,90625;374,1875;515,03125;326,6875;341,09375;347,34375;311,90625;298,96875;412,4375;492,3125;510,34375;415,21875;316,28125;412,09375;264,0625;363,375;445,28125;253,65625;382,375;271,96875;422,09375;299,75;409,34375;306,96875;284,75;441,375;211,5625;331,0625;594,90625;437,65625;483,25;529,90625;342,03125;569,59375;428,28125;467,34375;409,71875;260,65625;317,3125;281,65625;512,71875;410,1875;274,65625;309,5;370,71875;308,0625;432,0625;350,53125;268,25;566,375;500,875;471,21875;380,15625;133,5625;39,1875;378,90625;331,25;189,75;228,21875;382,28125;344,96875;359,71875;329,3125;490,96875;335,0625;420,53125;521,65625;305,9375;449,1875;287,59375;357,875;515,4375;225,1875;459,0625;380,65625;316,5625;245,75;334,3125;369,875;406,09375;631,875;603,53125;258,09375;408,25;424,59375;263,40625;411,09375;332,8125;484,5625;741,5;832,40625;1007,4375;1016,3125;1046,40625;1046,875;765,875;895;707,84375;320,53125;525,5;587,0625;671,3125;563,3125;903,5625;1055,34375;1077,625;1533,1875;1816,15625;1771,53125;1979,09375;1841,53125;1790,53125;1375,25;1173,3125;964,40625;1078,21875;809,78125;783,25;1024,8125;1313,46875;1776;1943,5625;2510,03125;2903,84375;2835,84375;2752;2735;2331,28125;1895,5625;1548,21875;1402,96875;1105,25;867,0625;932,53125;835,875;953,96875;1219,46875;1618,9375;1782,25;2143,09375;2429,1875;2725,25;2665,46875;2699,3125;2666,84375;2328,65625;2101,46875;1932,5;1569,375;1390,53125;1221,75;1193,59375;1862,90625;2136,375;2860,34375;3732,5625;4640,375;5343;5893,40625;6051,5625;5833,4375;5410,4375;4872,25;4083,0625;3517,28125;3146,46875;3198,09375;3469,59375;3347,625;3722,75;4196;4280,65625;4692,84375;4801,9375;4661,75;4409,4375;4212,25;3780,59375;3493,09375;3051,65625;2769,1875;2299,34375;1816,625;1312,28125;795,28125;482,875;563,03125;294,875;274,375;418,375;547,25;530,25;549,21875;390,78125;458,28125;356,4375;414,4375;6,40625;424,09375;307,90625;511,25;449,28125;343,25;300,875;233,5;326,625;385,84375;370,53125;232,4375;388,25;242,875;319,625;403,46875;331,09375;243,8125;144,0625;224,6875;290,6875;385,5625;444,28125;211,03125;340,46875;229,3125;77,125;177,96875;152,71875;17,5;308,78125;145,96875;365,125;225,0625;247;394,90625;320,96875;267,375;319,375;487,75;237,34375;215,5;98,53125;325,9375;342,40625;292,1875;275,46875;341,28125;349,53125;337,5;443,4375;286,0625;317,28125;250,09375;341,75;403,34375;253,875;327,4375;310,3125;306,21875;314,625;230,65625;268,375;245,84375;391,15625;235,90625;386,46875;308,40625;207,34375;368,65625;304,03125;288,15625;448,40625;240,21875;283,1875;379,21875;250,34375;387,90625;335,34375;215;270,90625;270,15625;390,5625;330,21875;526,3125;165,15625;288,46875;262,21875;371,15625;390,75;288,84375;399,78125;314,375;473,84375;218,25;211,5;443,875;286,25;282,96875;476,59375;285,34375;247,03125;243,03125;443,3125;402,0625;248,875;250,0625;284;338,125;
231,6875;112,625;278,90625;309,65625;150;127,5625;-22,9375;169,5;160,34375;173,46875;156,8125;196,78125;158,4375;329,59375;102,4375;218,96875;183,15625;180,09375;171,03125;53,5;96,25;182,75;138,03125;369,03125;221,875;176,40625;182,15625;255,8125;92,6875;202,90625;372,09375;102,125;197,5625;186,71875;76,125;70,46875;29,28125;324,28125;61,84375;306,09375;215,0625;327,28125;81,53125;169,03125;278,625;460,09375;449,03125;277,375;62,28125;276,65625;320,65625;315,90625;61;142,0625;227,15625;181,71875;174,21875;114,9375;249,71875;50,53125;74,09375;149,09375;231,84375;214,46875;152,125;104,96875;120,28125;137,75;273,6875;199,21875;327,625;350,03125;-1,5625;347,4375;336,71875;224,90625;221,375;15,5625;21,3125;108,59375;100,90625;236,46875;67,71875;92,78125;181,46875;145,6875;182,40625;40,84375;341,09375;317,75;364,09375;212,65625;120,40625;187,125;258,34375;301,28125;488,03125;282,90625;264,0625;64,15625;286,15625;276,78125;351,40625;486,0625;604,40625;705,625;877,6875;947,59375;770,34375;626,03125;599,78125;347,96875;380,8125;350,875;154,8125;454,96875;587,9375;706,8125;760,03125;1069,875;1240,84375;1563,5;1789,75;1807,84375;1848,15625;1496,78125;1252,90625;948,40625;705,875;631,03125;485,25;833,90625;783,125;1287,75;1849,59375;2227,875;2423,0625;2611,125;2701,71875;2740,78125;2570,75;2164,90625;1686,3125;1497,46875;959,34375;729,59375;598,75;689,09375;844,1875;921,9375;1084,75;1436,28125;1679,03125;2059,34375;2405,8125;2509,6875;2399,53125;2608,53125;2408,03125;2395,4375;1939,125;1811,96875;1313,96875;1231,40625;1093,21875;1307,3125;1509,84375;2114,1875;3006,53125;3858,28125;4782;5377,03125;6100;6189,5;6007,625;5158;4639,75;4073,4375;3411,5;3260,6875;2981,4375;3261,125;3265;3661,0625;4101,46875;4559,46875;4573,4375;4581,46875;4349,90625;4331,125;4079,53125;3441,28125;3291,1875;2797,90625;2941,46875;2054,28125;1615,25;916,90625;857,8125;262,0625;188,125;108,34375;219,625;219,4375;349,5625;532,96875;333,34375;375,6875;236,46875;285,90625;158,40625;227,53125;192,4375;180,9375;232,96875;271,21875;312,625;218,1875;-38,65625;187,3125;112,53125;87,78125;-11,78125;58,6875;8,875;64,34375;178,5;158,21875;88,59375;146,53125;-67,5;-70,59375;186,84375;205,40625;188,3125;182,4375;286,71875;89,96875;194,15625;68,34375;230,34375;259,1875;57,34375;73,25;187,34375;260,46875;-25,875;142,96875;151,09375;222,03125;201,40625;192,3125;24,34375;159,1875;258,9375;-25,375;115,1875;73,34375;192,59375;259,75;248,15625;284,78125;221,625;54,15625;93,53125;211,0625;92;-62,5;148,375;294,28125;223,21875;-70;-5,09375;191,875;-24,59375;41,09375;54;138,5625;190;295,34375;121,75;130,75;6,0625;-158,65625;251,9375;120,8125;164,5;220,78125;171,78125;95,125;30,6875;-20;265,03125;130,53125;145,75;219,625;50,34375;146,59375;285,71875;212,625;50,84375;205,4375;246,4375;94,28125;81,0625;-23,71875;108,28125;200,25;2,28125;220,78125;-21,8125;165,875;71,96875;172,5;18,8125;394,25;193,78125;139,03125;170,875;196,5625;
492,34375;269,96875;379,5;353,75;258;440,71875;358,84375;405,28125;448,09375;261,84375;267,46875;341,25;413,4375;282,9375;435,84375;557,3125;441,03125;230,65625;391,84375;209,40625;243,375;511,6875;407,75;326,8125;561,78125;397,28125;235,59375;542,9375;391,40625;400,5625;270,90625;414,46875;491,5625;280,03125;367,03125;236,125;350,5;484;412,625;281,9375;389,09375;363,375;309,25;544,78125;479,9375;349,34375;529;523,09375;292,4375;304,09375;369,65625;551,15625;429,1875;388,4375;345,3125;351,125;318,5625;621,15625;478,46875;183,34375;472,90625;429,40625;567;493,78125;463,78125;448,625;360,4375;466,84375;399,75;462,4375;470,71875;349,71875;541,46875;544,09375;421,875;399,09375;458,84375;281,625;282,90625;450,3125;363,15625;390,125;385,875;279,375;635,8125;518,53125;494,21875;585,28125;398,75;336,875;254,53125;601,375;435,8125;569,1875;589,8125;598,0625;464,5625;476,40625;350,25;470;208,5625;516,34375;501,09375;787,34375;974,03125;990,4375;1042,53125;975,90625;1155,75;1163,96875;707,28125;510;563;581,875;685,90625;697,90625;820,28125;671,28125;1069;1186,5;1630,71875;1934,71875;1971,03125;1972,40625;2018,25;1902,21875;1322,375;1246,90625;818,75;1059,53125;922,34375;941,1875;1216,125;1488,9375;1756,15625;2274,65625;2867,90625;3131,4375;3328,90625;3113,90625;2841,59375;2559;1955,9375;1620,40625;1273,6875;1038,4375;967,0625;1031,84375;1012,84375;903,59375;1316,4375;1552,1875;2010,46875;2307,71875;2436,15625;2630,09375;2796,96875;2769,46875;2789,21875;2614,75;2423,625;2380,5625;1959,125;1772,65625;1539,46875;1420,53125;1639,03125;2409,28125;3088,3125;4243,6875;5022,875;5908,03125;6414,53125;6604,0625;6576,65625;5716,1875;4943,375;4327,03125;3800,1875;3465,6875;3316,65625;3338,8125;3391,09375;4036,625;4228,84375;4491,5;4856,84375;4692,8125;4524,84375;4717,59375;4239,375;3730,09375;3396,0625;3114,625;2701,5625;2285,8125;1968,21875;1404,84375;976,21875;549,875;336,53125;208,875;364,96875;498,78125;468,6875;534,3125;669,75;608,4375;488,21875;492,90625;349,15625;341,78125;317,40625;560,5625;446,03125;313,21875;629,6875;391,1875;100,5;374,0625;230,90625;587,375;249,6875;11,03125;254,03125;460,59375;303,9375;282,59375;350,75;415,3125;396,34375;537,4375;470,46875;399,1875;504,5625;462,625;316,15625;388,25;336,625;315,4375;481,90625;473,78125;245,4375;527,34375;161,53125;487,25;429,375;524,40625;438,90625;411,4375;337,78125;350,9375;206;573,90625;328,875;375,15625;311,53125;239,8125;511,4375;515,40625;443,34375;242,5;422,46875;271,78125;426,40625;380,6875;337,59375;440,4375;498,34375;492,875;281,90625;357,0625;258,96875;291,03125;170;464,21875;506,28125;289,09375;272,5;215,0625;269,96875;420,75;267,46875;281,03125;212,03125;525,15625;422,71875;260,03125;348,0625;268,40625;426,6875;256,21875;417,53125;305,375;436,96875;457,5625;380,8125;153,1875;277,28125;598;487,875;311,625;378,15625;457,625;347,4375;450,15625;412,59375;533,15625;354,78125;286,375;408,8125;462,71875;346,75;256,78125;265,125;300,46875;471,59375;357,46875;417,34375;278,09375;
424,21875;215,4375;288,53125;220,125;237,9375;313,375;298,96875;285,15625;401;240,71875;222,9375;472,09375;486,5625;435,9375;329,125;235,78125;284,15625;214,25;67,09375;192,71875;394,8125;284,03125;452,59375;363,9375;393,375;277,5625;247,5;250,34375;471,875;275,96875;443,0625;384,21875;480,34375;327,03125;399,375;334,15625;551,1875;227,3125;413,78125;509,25;351,25;356,0625;298,21875;462,5625;357,40625;328,6875;364,5;691,5625;307,84375;448,46875;530,6875;456,71875;331,15625;436,25;288;239,0625;575,75;386,1875;262,875;338,75;308,96875;314,03125;383,375;265,34375;719,4375;319,625;363,4375;533,875;344,09375;468,34375;323,53125;578,78125;541,5;251;340,65625;272,9375;382,75;261,28125;231,40625;187,1875;339,6875;401,21875;486,28125;512,25;511,71875;351,5;457,46875;341,125;459,875;473,46875;133,8125;554,15625;339,84375;431,25;462,4375;527,1875;710,34375;344,5625;494,71875;456,03125;481,6875;375,15625;560,75;838,59375;954,25;1055,28125;1306,34375;1080,46875;1067,03125;991,71875;661,90625;748,15625;496,96875;223,71875;313,5;585,75;600,875;681,46875;1080,15625;1236,46875;1464,3125;1839,03125;1777,75;1883,0625;1970,46875;1810,59375;1468,25;1074,25;933,34375;997,1875;997,28125;910,09375;1071,9375;1312,71875;1815,09375;2589,875;2871,21875;3059,375;3304,90625;3132,875;2842,9375;2468,09375;1991,125;1624,875;1455,9375;941,8125;743,71875;797,65625;943,84375;1065,78125;1256,5;1588,8125;1887,6875;2243,125;2713,0625;2672,46875;2853,6875;2610,21875;2750,75;2718,75;2481,09375;2281,875;1991,25;1717,96875;1788,65625;1604,4375;1908,28125;2521,15625;3406,25;4294,5;5101,6875;6068,125;6431,21875;6245,8125;6208,625;5629,28125;5166;4454,71875;3864,75;3408,0625;3530,28125;3559,78125;3754,96875;4081,3125;4295,9375;4463,21875;4937,59375;4928,125;4855,96875;4271,03125;4077,75;3887,84375;3551,53125;3180,25;2587,375;2272,21875;1828,0625;1333;878,71875;523,8125;291,03125;327,71875;591,3125;523,65625;450,21875;668,90625;824,875;680,75;528,75;314,15625;37,8125;360,8125;165,71875;392,34375;447,71875;458,21875;454,375;286,84375;426,09375;276,625;310,21875;468,6875;137;329,46875;308,21875;319,8125;325,875;199,625;390,71875;169,96875;539,9375;49,875;446,03125;521,0625;442,0625;416,84375;259,6875;180,4375;127,375;226,625;367,78125;320,90625;405,75;182,28125;261,34375;197,5625;504,53125;571,09375;204,28125;475,6875;446;345,3125;284,3125;327,46875;461,0625;258,5;519,375;259,5;344,1875;362,875;306,0625;240,8125;312,1875;334,46875;278,21875;134,40625;142,625;314,8125;289,625;308,21875;235,46875;216,28125;423,5625;192,75;346,65625;384,75;307,46875;392,21875;395,1875;513,125;292,34375;273,375;381;347,59375;494,84375;307,65625;322,65625;416,40625;243,78125;309,40625;389,3125;463,3125;322,625;327,125;387,96875;242,84375;378,625;264,75;260,375;345,75;410,625;386,375;471,65625;215;403,28125;391,3125;319,40625;283;293,65625;160,96875;421,90625;233,46875;133,96875;208,90625;353,65625;249,6875;470,28125;148;281,90625;233,1875;
3,40625;312,71875;260,375;145,1875;246,65625;256,625;163,65625;51,71875;291,46875;106,21875;290,46875;242,9375;12,15625;286,3125;229,125;260,84375;294,8125;343,0625;343,65625;319,78125;82,59375;52,59375;194,25;228,9375;171,09375;254,3125;179,5625;305,9375;298,5;216,6875;181,4375;177,34375;239,78125;234,15625;443,65625;337,6875;354,125;424,125;509,90625;458,625;357,21875;256,4375;130,84375;381,15625;152,53125;237,65625;370,5;279,21875;323,1875;105,75;294,6875;158,53125;236;164,875;189,40625;364,59375;135,5625;47,78125;72,75;76,53125;227,6875;142,25;280,875;22,90625;522,53125;400,59375;48,71875;166;309,40625;182,25;288,8125;292,34375;178,90625;339,40625;78,125;172,21875;97,1875;282,21875;234,59375;-78,65625;243,75;344,0625;283,28125;96,375;260,40625;113,40625;294,90625;229,8125;305,875;338,625;310,625;161,375;454,8125;485,375;464,65625;327,5625;378,28125;582,15625;239,78125;286,96875;252,03125;283,0625;428,25;408,40625;603,78125;1011,8125;1071,625;984,125;813;696,40625;541,46875;286,90625;190,96875;346,59375;7,125;455,59375;422,59375;518,40625;705,1875;821,25;1503,28125;1698;1781,1875;1972,65625;1796,28125;1609,21875;1438,71875;1063,65625;997,34375;710,15625;812,59375;953,875;1082;1464,90625;1939,34375;2409,5;2587,625;2951,28125;3185,40625;3176,6875;2840,4375;2333,84375;2166,53125;1620,53125;1492,125;1008,25;718,1875;652,25;818,375;1113,25;1261,6875;1638,03125;2027,25;2259,25;2635,15625;2827,0625;2789,03125;2516,78125;2809,4375;2671,21875;2474,125;2475,5625;2073,5;1723,59375;1510,09375;1504,9375;1631,625;2525,59375;3359,5;4400,53125;5036;5941,125;6265,40625;6694,40625;6198,21875;5587,03125;4992,65625;4437,65625;4015,78125;3480,78125;3303,4375;3077,28125;3526,0625;3796,375;4243,78125;4310,53125;4427,78125;4571,46875;4846,21875;4247,6875;4151,03125;3952,1875;3246,28125;3129,90625;2602,53125;2115,875;1670,90625;995,78125;706,65625;512,0625;293,53125;223,53125;327,09375;417,875;377,6875;406,90625;468,65625;447,75;386,59375;284,3125;261,5;363,71875;135,09375;263,03125;313,71875;465,15625;318,28125;202,65625;159,0625;18,5;144,75;127,0625;209,8125;105,0625;-34,59375;261,40625;136,3125;89,125;257,9375;225,90625;123,6875;333;409,28125;357,03125;269,6875;131,84375;82,59375;24,6875;166,15625;101,03125;260,03125;233,53125;353,53125;139,5625;-65,03125;207,75;266,375;-39;110,03125;254,34375;292,90625;181,46875;153,125;259,34375;243,6875;-20,65625;-137,1875;165;409,5;71,75;206,3125;27,4375;108,34375;181,71875;204,96875;244,34375;14,625;169,3125;91,78125;210,96875;283,28125;374,40625;242,75;214,28125;217,90625;224,0625;292,125;143,4375;169,09375;271,0625;305,96875;326,8125;119,15625;291,4375;119,46875;299,96875;206,71875;33,71875;36,75;358,96875;230,21875;165,375;200,1875;278,40625;219,4375;186,90625;306,5;118,125;157,5625;160,34375;427,34375;165,9375;258,65625;366,4375;339,125;261,75;137,46875;66,3125;212,0625;137,90625;109,71875;213,46875;546,90625;174,625;314,03125;250,25;341,46875;108,875;330,78125;245,21875;
309,75;485,21875;437,0625;257,90625;153,65625;312,0625;439,375;451,5;336,8125;333;691,3125;399,09375;468,8125;434,59375;461,9375;287,125;103,3125;431,40625;576,5625;527,875;409,6875;489,75;600,09375;569,375;537,84375;248,78125;598,09375;549,375;467,25;504,40625;494,625;401,40625;505,5;620;303,9375;558,28125;531,0625;492,46875;349,65625;519,6875;406,75;301,78125;469,8125;455,28125;477,40625;527,1875;587,8125;553,03125;327,375;467,03125;604,5625;522,5625;408,5;598,34375;450;448,0625;296,21875;391,9375;423,75;444,5;555,3125;370,25;374,15625;409,96875;427,59375;578,5;472,1875;423,59375;573,96875;295,4375;623,28125;434,28125;417,9375;469,65625;534,625;372,5;346,03125;602,0625;506,25;290,9375;489,15625;508,3125;544,875;364,125;447;574,59375;447,40625;370,8125;562,78125;488,46875;368,625;660,25;523,1875;527,0625;743,65625;481,96875;626,40625;541,78125;602,53125;607,78125;555,625;675,25;522,40625;843,78125;1002,34375;1108,4375;1120,1875;1375,5;1378,34375;840;686,03125;632,46875;587,8125;474,875;576,625;402,90625;644,90625;1090,65625;1152,125;1378,125;1519,5625;1872,15625;1944;2207,375;2258,03125;1836,21875;1661,5625;1304,25;1052,0625;849,875;1080,53125;1065,53125;1326,375;1547,71875;2171,3125;2700,4375;2989,53125;3363,03125;3298,5625;3407,25;3151,4375;2747,5;2238,5625;1952,46875;1567,46875;1190,84375;1176,78125;989;952,125;1126,65625;1479,84375;1740,1875;2241,53125;2386,90625;2588,34375;2953,96875;3093,59375;3100,34375;3151,28125;2895,9375;2837,28125;2786,625;2408,53125;1964,84375;1891,21875;1879,875;1985,84375;2920,1875;3602,78125;4339,03125;5474,875;6303,84375;6534,375;6676,9375;6275,46875;5906,53125;5392,71875;4696,75;4004,4375;3759,71875;3287,53125;3554,75;3816,71875;4325,8125;4400,84375;4502,21875;4892,96875;4900,03125;4860,1875;4748,34375;4403,15625;4024,78125;3631,625;3114,375;2826,46875;2468,46875;1923,65625;1131,15625;897,90625;586,5625;400,75;461,8125;493,5625;460,40625;777,5625;809,78125;697,59375;745,59375;636,21875;548,03125;394;370,75;484,28125;256;342,90625;400,40625;299,8125;479,15625;415,0625;64,5;250,125;407,34375;295,25;293,9375;354,8125;386;322,15625;523,8125;416,75;422,6875;414,625;503,65625;449,15625;503,53125;408,625;454,1875;477,125;484,53125;167,59375;120,1875;399,09375;308,78125;316,4375;202,90625;468,34375;352,71875;397;304,6875;390,21875;236,84375;522,9375;374,15625;319,875;340,1875;396,90625;427,875;301,75;129,96875;384,84375;496,78125;419,125;382,875;463,5;475,65625;400,53125;306,90625;369,375;472,84375;563,65625;527,4375;386,75;251,875;264,625;244,25;488,75;539,75;246,46875;439,125;406,75;583,15625;379,46875;337,40625;418,8125;361,40625;413,46875;251,8125;363,875;404,59375;564,5;453,8125;266;439,21875;437,34375;419,875;379,78125;471,96875;486,84375;405,75;526,3125;559,1875;311,53125;359,75;389,59375;460,8125;446,875;103,03125;423,9375;573,59375;364,71875;219,5625;338,5;345,59375;317,625;338,5625;252,4375;409,4375;405,375;388,59375;516,9375;404,8125;
201,1875;47,125;190,78125;-37,625;160,40625;157,6875;247,78125;214,8125;46,125;107,9375;63,9375;212,75;246,03125;-54;341,90625;37,34375;-61,6875;68,84375;27,96875;244,9375;290,40625;98,0625;194,625;316,53125;205,90625;334,3125;84,59375;264,09375;309,0625;242,46875;78;279,78125;257,8125;93,09375;136;135,8125;80,96875;201,6875;196,4375;250,34375;405,15625;209,78125;270,34375;94,4375;315,0625;230,40625;206,96875;257;349,21875;175,46875;116,09375;14,78125;57,03125;84,0625;176,34375;233,125;-5,125;108,1875;386,875;241,53125;234,0625;264,1875;113,9375;263,96875;73,5;44,84375;-107,53125;93,8125;179,53125;338,65625;232,5;-87,90625;209,34375;155,78125;242,21875;179,0625;191,8125;135,0625;137,3125;212,53125;227,375;60,3125;181,21875;87,03125;272,84375;81,34375;224,625;211,0625;116,4375;238,1875;-160,75;157;181,34375;310,78125;310,4375;343,71875;345,15625;244,09375;250,84375;360,40625;210,1875;269,15625;374,5625;581,28125;564,15625;690,65625;924,96875;962,4375;856,625;689,46875;601,28125;501,3125;399,1875;144,5625;201,09375;367,5;375,875;576,5625;957,625;770,125;1604,5;1821,28125;1898,25;1971,75;1863,4375;1698,375;1634,0625;1338;819,0625;720,96875;872,1875;559,1875;946,875;1381,71875;1751,21875;2438,6875;2874,40625;3109,15625;3257,09375;3196,125;3092,15625;2461,1875;1847,625;1617,6875;1204,40625;998,53125;795,40625;1007,9375;751;1064,0625;1337,59375;1532,90625;1899,71875;2550,3125;2471,59375;2628,78125;2848,5625;3028,1875;2803,71875;2725,96875;2890,90625;2323,84375;2342,625;2063,125;1855,84375;1712,03125;2091;2745,875;3508,90625;4528,8125;5387,53125;6196,0625;6529,53125;6563,65625;6156,75;6115,625;5195,53125;4602,5;3944,34375;3519,46875;3369,03125;3364,09375;3653,625;3778,6875;4374;4657,4375;4492,65625;4578,40625;4491,25;4321,65625;4353,40625;3884,15625;3723,65625;3177,4375;2620,53125;2025,6875;1812,9375;822,5;856,6875;384,625;73,71875;132,625;98,46875;240,5;257,8125;447,1875;504,34375;423,25;212,90625;289,21875;182,15625;181,5625;131,9375;221,40625;38,03125;114,15625;23,125;214,59375;74,28125;60,78125;32,875;-332,8125;-289,28125;226,0625;103,125;47,03125;7,4375;6,375;30,875;129;274,34375;391,5625;141,3125;274,8125;344,875;153,96875;65,40625;-60,96875;242,59375;34,75;8,96875;59,21875;-239,6875;108;235,71875;133,375;330,09375;121,3125;-34,5625;271,375;170,46875;98,3125;43,375;60,9375;208,0625;167,09375;223,3125;62,21875;102,34375;340,71875;203,84375;138,25;102,4375;255,90625;300,90625;40,4375;-6,8125;135,53125;212,25;224,40625;6,4375;30,75;185,25;188,25;52,40625;149,9375;197,34375;53,90625;-111,875;268,28125;304,78125;19,875;71,1875;62,6875;-62;-68,34375;114,59375;231,3125;9,71875;-9,90625;167,53125;169,15625;-56,375;269,59375;204,46875;106,09375;-47,15625;48,40625;42,96875;115,90625;141,1875;78,09375;131,6875;193;-31,78125;39,78125;120,15625;254;87,6875;70,6875;277,6875;-1,375;5,5;61,59375;105,5625;160,90625;131,59375;189,875;135,53125;188,25;
118,625;340,8125;321,15625;321,40625;266,4375;472,59375;356,65625;319,875;282,84375;313,75;199,28125;257,84375;301,90625;341,34375;374,25;253,09375;366,96875;267,65625;428,1875;43,875;411,53125;321,34375;173,34375;242,25;462,875;368,09375;315,65625;487,75;375,75;343,28125;408,40625;337,75;277,125;384,25;418,78125;366,65625;368;448,78125;413,15625;497,84375;384,8125;279,46875;230,1875;472,75;376,53125;294,84375;312,1875;458,78125;425;305,34375;359,625;361,21875;535,4375;197,3125;287,40625;322,0625;340,28125;369,96875;302,96875;369,40625;175,25;191,75;270,125;521,5;19,40625;365,40625;312,75;128,875;365,53125;317,3125;460;507,59375;589,21875;502,78125;422,59375;501,375;331,03125;293,53125;402,59375;561,21875;504,6875;330,8125;405,78125;425,71875;269,75;210,65625;235,8125;205,09375;216,15625;149,0625;384,59375;426,09375;320,0625;289,59375;408,40625;469,96875;505,8125;387,875;490,4375;302,375;316,71875;371,0625;362,375;649,375;813,75;965,4375;1219,59375;1226,28125;1153,65625;868,96875;784,1875;664,96875;482,75;531,75;269,4375;217,8125;345,09375;847,84375;1010,40625;1156,375;1400,25;1956,34375;2175,5;2085,65625;2137,6875;1808,0625;1616,5;1397,8125;1114,46875;1154,6875;907,34375;1014,3125;1086,875;1521,84375;1992,5625;2595,375;3024,03125;3431,0625;3442,40625;3493,5;3153,4375;2809,90625;2100,25;1816,71875;1670,46875;1467,90625;1068,65625;1047,0625;952,46875;1354,53125;1727,15625;1861,75;2056,5;2661,65625;2525,28125;2937,65625;3105,5625;3141,25;3218,875;3124,5625;2930,3125;2910,78125;2476,125;2451,03125;2047,375;1842,625;2416,21875;2864,9375;3906,90625;4928;5631,28125;6230,25;6790,78125;6823,875;6626,96875;6089,03125;5578;4911,5625;4400,375;3839,96875;3718,8125;3234,59375;3609,65625;3897;4408,71875;4473,875;4713,1875;4760,9375;4715,375;4700,4375;4349;4160,59375;3896,84375;3287,71875;2955,3125;2341,625;1799,34375;1194,78125;863,1875;489;354,125;264,1875;285,78125;520,5;572,3125;432,40625;630,59375;536,65625;410,75;329,75;330,40625;150,53125;359,46875;392,59375;231,875;254,0625;131,78125;110,0625;330,28125;163,8125;143,03125;147,5625;183;147,84375;189,1875;106,34375;407,75;189,03125;247,46875;337,5625;417,40625;446;461,0625;103,375;198,90625;370,9375;381,1875;301;217,875;185,8125;233,0625;363,21875;208,09375;211,1875;-22,75;314,875;297,3125;458,5;358,28125;204,875;223,375;300,5;68,6875;331,625;440,34375;182,0625;171,625;230,15625;396,28125;108,28125;181,0625;474,9375;342,6875;217,875;189,0625;241,71875;412,21875;298,5625;267,59375;242,09375;195,1875;192,71875;407,5;-29,4375;217,5;183,375;61,125;252,25;447,0625;249,21875;178,90625;312,21875;216,1875;362,78125;341,3125;210,21875;228,84375;287,875;173,90625;366,40625;285,4375;216,875;123,6875;404,21875;212,0625;502,75;231,9375;265,96875;325,84375;141,1875;199,75;109,9375;293,53125;1,15625;322,0625;254,71875;111,40625;318,59375;53,15625;175,3125;193,25;166,78125;331,03125;315,5;289,59375;279,15625;61,65625;223,8125;301,71875;93;
264,625;45,4375;18,53125;120,1875;63,28125;355,46875;111,6875;37,28125;162,8125;76,625;102,4375;96;229,40625;107,40625;222,875;236,875;107,46875;253,65625;99,3125;132,1875;268,8125;211,375;265,40625;328,40625;348,65625;409,0625;321,875;232,9375;112,90625;41,875;227,78125;226,84375;39,4375;273,59375;103,75;394,78125;154,875;236,3125;111,28125;139,25;541,5;203,46875;134,90625;90,9375;246,9375;26,25;205,03125;130,6875;322,59375;121,8125;111,71875;381,5625;191,8125;76,90625;312,46875;156,71875;287,75;182,75;158,71875;337,75;337,03125;343,1875;264,625;318,90625;355,3125;158,53125;266,875;249,15625;64,71875;57,15625;145,59375;312,75;389,125;279,125;194,65625;149,375;99;216,375;346,46875;100,53125;330,21875;137,8125;205,71875;374,40625;118,34375;301,21875;194,5;186,71875;265,03125;129,8125;298,6875;132,5;294,53125;257;384,75;459,9375;468,1875;330,5625;259,6875;404,34375;305,5;24,65625;223;500,4375;664,5625;866,21875;924,3125;1017,25;1047,125;752,34375;709,40625;467,34375;435;234,8125;270,25;213,21875;370,40625;610,46875;754,90625;1472,34375;1651,90625;1755,6875;2097,875;2060,46875;2003,78125;1942,375;1395,78125;1262,46875;1110,375;868,4375;701,9375;859,8125;1256,9375;1564,25;1976,90625;2508,125;2902,15625;3281,90625;3566,1875;3376,875;3167,875;2658,9375;2256,625;1846,125;1630,65625;1374,71875;1195,28125;1097,03125;908,28125;1303,625;1373,5625;1854,5;1958,5;2390,9375;2534,0625;2875,53125;3035,84375;3020,90625;2911,96875;3188,84375;3241,375;2865,34375;2600,65625;2355,53125;2006,875;2040,375;2346,875;2949,125;3825,21875;4733,4375;5893;6356,84375;6989,8125;7035,21875;6856,4375;6366,34375;5668;4975;4340,53125;3795,03125;3519,09375;3510,09375;3816,78125;4117,28125;4325,90625;4712,3125;4735,46875;4764,4375;4821,65625;4578;4243,84375;4118,6875;3873,15625;3190,90625;2578,46875;2089,46875;1616,75;1086,3125;787,90625;309,90625;173,875;33,5;119,6875;212,375;514,53125;464,59375;468,15625;283,15625;285,53125;173,0625;269,6875;-17,25;194,4375;-44,75;192,9375;61,0625;67,6875;73,71875;-135,25;79,84375;118,53125;72;157,59375;54,96875;158,28125;222;-19,71875;-12,75;109,875;203,0625;76,125;206,59375;163,625;291,53125;75,875;16,90625;107,75;162,21875;248,21875;147,09375;145,84375;147,75;117,6875;-131,21875;202,53125;156,96875;171,53125;53,28125;313,59375;95,875;161;212,8125;222,59375;-42,40625;-0,9375;213,6875;217,25;272,96875;153,28125;379,625;292,09375;233,875;118,4375;100,96875;117,5;72,0625;203,03125;218,90625;53,9375;93,46875;225,96875;42,28125;110,84375;181,5625;-43,1875;181,75;112,75;179,78125;273,125;119,28125;49,78125;6,09375;-4,34375;383,34375;90,75;101,75;74,625;126,21875;117,75;149,3125;108,59375;107,71875;142,5;138,21875;52,71875;60,9375;171,15625;61,78125;107,5;102,40625;219,09375;415,09375;207,65625;172,625;158,5;209,28125;-37,5;209;223;150,6875;184,4375;-35,8125;-86,65625;168,4375;121,28125;67,15625;134,21875;286,96875;202,15625;77,71875;
17,90625;42,46875;249,21875;139,6875;-11,375;64,71875;-88,5;104,15625;67,9375;363,3125;-126,3125;-2,09375;141,28125;113,46875;135,90625;152,375;-23,09375;30,1875;25,28125;260,28125;89,5;73,65625;196,4375;307,6875;-99,40625;18,15625;124,03125;-16,3125;52,3125;123,25;169,1875;27,1875;217,5;44,71875;339,8125;218,34375;25,53125;311,9375;138,84375;100,09375;16,96875;124,90625;23,46875;259,9375;-130,75;187,0625;200,34375;155,40625;217,125;98,6875;275,65625;110,78125;204,375;248,21875;17,65625;221,28125;69,90625;16,75;247,96875;273,84375;82,125;292,53125;150,0625;169,28125;260,34375;305,09375;63,15625;18,09375;202,625;29,0625;116,09375;192,75;184,09375;185,9375;203,125;55,96875;107,03125;35,625;-1,25;264,1875;201,34375;11,21875;261,3125;158,03125;60,28125;72,5625;-85,90625;-7,4375;78,90625;192,90625;219,8125;37,6875;66,09375;475,46875;163,21875;335,875;427,34375;332,53125;200,75;107,5;110,71875;105,46875;318,25;404,15625;691,53125;1047,21875;908,71875;1166,5625;793,71875;807,59375;580,59375;458,625;100,28125;115,40625;222,0625;202,78125;325,71875;473,84375;657,46875;1261,5;1534,90625;1905,375;1918,75;2002,71875;2082,71875;1749,25;1492,84375;1212;931,9375;728,34375;693,03125;819,28125;1151,3125;1370,0625;1893,5;2187,9375;3045,71875;3225,78125;3433,8125;3379,15625;3108,09375;2662,0625;2342,3125;1859,09375;1604,8125;1202,125;1215,28125;1073,59375;1366,75;981,125;1377,03125;1717,1875;2258,75;2449,40625;2740,0625;2957,0625;3068,34375;3118,5625;3145,6875;3205,25;3050,71875;2831,03125;2730,96875;2258,8125;2175,53125;2206,9375;2242,625;3050,75;3756,34375;4713,03125;5940,96875;6400,375;6944,90625;6733,65625;6786,53125;6284,59375;5550,28125;5112,40625;4158,5;3756,96875;3590,8125;3648,5;3639,84375;4001,15625;4428,0625;4462,9375;4746,21875;4814,8125;4702,8125;4546,8125;4186,71875;4212;3805,09375;3311,5625;2723,46875;2459,9375;1754,1875;933,53125;655,53125;356,71875;179,09375;-60,71875;167,0625;190,59375;291;456,90625;263,46875;164,96875;14,3125;85,5625;62;-200,125;171,90625;-2,875;23,03125;11,71875;128,375;-18,9375;-151,15625;-81,78125;-20,8125;-12,15625;96,71875;24,8125;-30,96875;-45,25;1,65625;2,21875;164,625;118,15625;178,03125;243,3125;33,5;231,84375;172,21875;-77,09375;63,46875;128,53125;134,53125;-33,53125;47;174,125;101,1875;28;-12,125;60,28125;-147,21875;73,5625;6,125;146,96875;97,03125;-1,71875;-37,4375;198,625;119,96875;179,3125;33,5;130,78125;183,53125;206,5;107,375;170,9375;108,9375;-8,09375;-128,28125;-83,40625;-19,5625;101,1875;59,34375;137,5;-3,75;26;-133,4375;-42,6875;-52,59375;190,21875;27,9375;28,09375;178,03125;252,5625;71,90625;-32,8125;-1,65625;18,46875;-15,15625;-168,53125;-49,125;50,15625;-69,34375;7,8125;50,6875;177,96875;-133,3125;9,03125;4,96875;42,21875;-16,71875;-69,15625;160,40625;132,3125;-225,40625;71,15625;55,5;81,1875;-93,1875;136,09375;-27,875;-157,28125;-77,28125;22,21875;59,09375;96,0625;-167,84375;75,34375;267,28125;-91,875;14,1875;-34;54,1875;112,15625;
-7,125;128,4375;1,28125;48,6875;-9,46875;206,0625;-72,53125;-99,40625;-18;99,8125;19,90625;-144,65625;-166,25;8,21875;-88,9375;185,0625;92,09375;68,71875;-98,40625;-25,96875;166,1875;-136,65625;105,375;267,625;138,90625;18,8125;208,125;-36,0625;162,15625;-88,8125;162,59375;158,03125;174,625;54,25;42,875;202,90625;8,09375;-102,3125;-81,34375;215,09375;176,375;46,84375;130,9375;198,9375;174,53125;-82,09375;-77,46875;117,59375;232,4375;135,25;240,96875;34,59375;-3,875;199,40625;9,28125;-6,71875;83,375;15,09375;74,8125;72,1875;288,625;-60,125;68,625;95,1875;123,28125;-190,65625;191,71875;-55,09375;151,4375;5,09375;-108,625;-44,1875;127,78125;35,625;91,4375;110,09375;-74,96875;58,71875;-167,46875;1,3125;62,65625;169,5;204,84375;91;-18,53125;121,4375;-11,90625;12,96875;-60,46875;40,4375;15,34375;113,0625;194,40625;117,8125;258,09375;437,8125;161,84375;465,34375;124;143,03125;-85,46875;191,84375;63,53125;434,375;554,78125;763,90625;765,5625;939,625;794,75;719,5625;683,9375;315,03125;208,03125;59,28125;111,375;25,40625;392,125;263,0625;808,6875;1110,84375;1599,5;1810,625;2011,5625;2086,5625;1950,4375;1469,5625;1478,21875;1191,25;988,71875;618,375;561,15625;925,28125;953,34375;1389,15625;1805,3125;2469,96875;2938,1875;3502,375;3519,34375;3380,59375;3086,84375;2951,84375;2315,96875;1646,09375;1555,96875;1099,875;988,1875;1342,6875;1115,96875;1163,25;1569,875;1611,28125;2076,28125;2470,28125;2754,96875;3009,25;3276,5;3167,53125;3376,71875;3027,4375;3178,875;3000,4375;2667,71875;2369,0625;2156,5625;2099,875;2384,5625;2916,59375;3935,78125;4870,34375;5937,5;6749,3125;7073,71875;7044,40625;6940,28125;6385,46875;5793,75;5054,1875;4284,4375;3980,65625;3703,59375;3564,1875;3587,09375;4122,4375;4305,21875;4562;4899,96875;4791,65625;4842,71875;4671,40625;4411,90625;4147,90625;3846,03125;3218,0625;2760,1875;2124,4375;1513,4375;1078,09375;534,15625;98,90625;7,71875;178,28125;128,0625;153,21875;367,78125;244,5;421,75;221,28125;8,65625;209,4375;50,5625;-107,125;-159,3125;-124,90625;93,90625;-64,90625;-26,78125;-2,53125;58,875;-9,75;18,09375;-145,5625;108,21875;-79,5;-74,4375;-104,75;149,25;-16,09375;-67,5625;228,125;99,125;-70,21875;209,15625;167,03125;24,53125;63,71875;33,1875;-188,3125;-27,96875;-182,8125;5,78125;-132,34375;-19,5;105,875;74,25;-49,59375;-62,53125;312,15625;190,9375;-2,5;42,40625;173,1875;27,125;-135,3125;210,0625;-10,84375;96,21875;118,53125;145,84375;81;244,125;-37,78125;111,25;-19,03125;202,34375;-4,21875;49,5;241,65625;-16,3125;264,375;-10,46875;-153,40625;-34,75;70,3125;145,9375;116,78125;173,3125;185,5;27,75;288,9375;42,28125;288,4375;53,9375;-222,59375;149,4375;-19,53125;163,65625;173,53125;111,84375;156;150,5625;35,71875;285,34375;66,5;-32,09375;176,8125;123,53125;58,15625;109,09375;-24,21875;-22,90625;71,78125;250;80,53125;161,5625;-5,25;157,15625;116,03125;319,875;168,875;177,28125;72,4375;39,84375;233,59375;168,09375;-190,65625;8;175,25;-105,78125;53,0625;
149,78125;-30,75;-62,59375;-207,59375;160,875;37,5;-48,25;-235,5;-176,40625;38,65625;-187,0625;78,90625;-123,40625;-68,9375;-2,90625;37,21875;48,28125;-103,59375;-144,3125;185,1875;-66,625;164,3125;204,5;-162,4375;-91,03125;75;47,59375;-117,6875;-44,65625;-207,34375;68,09375;-59,59375;22,625;18,6875;62,3125;135,46875;146,375;52,875;-105,53125;63,65625;-44,1875;-44,90625;-23,71875;65,28125;-0,1875;37,9375;205,875;87,9375;59,65625;206,09375;-1,625;84,84375;-118,09375;84,15625;83,375;278,75;64,5;15,28125;-22,375;10,375;101,96875;133,40625;164,1875;23,3125;192,125;106,125;-14;249,90625;104,03125;202,96875;295,21875;-59,78125;162,1875;159,21875;-183,40625;93,84375;-20,21875;-107,8125;57,28125;-27,625;274,1875;179,21875;71,1875;80,21875;247,03125;44,9375;115,21875;-11,90625;-20,15625;-213,90625;70,28125;-65,96875;-2,6875;82,1875;206,9375;387,875;197,5;384,71875;412,09375;225,25;57,59375;59,5625;266,03125;408,625;514;796,46875;912,125;970,5;799,875;710,90625;384,71875;340,46875;107,875;65,125;-32,375;85,21875;112,0625;427,03125;687,5;1016,28125;1544,8125;1808,21875;1877,71875;2126,09375;2011,03125;1785,84375;1438,625;1124,90625;1059,375;680,5625;735,875;870;1241,375;1480,21875;1974,21875;2559,53125;2952,53125;3449,6875;3667,875;3483,25;3146,3125;2698,625;2189,875;1931,25;1538,3125;1226,65625;1119,90625;1183,46875;1163,4375;1388,03125;1573,46875;1611,5;2327,875;2354,625;2957,625;2985,09375;3287,9375;3359,75;3376,4375;3297,84375;3136,375;3160,875;2574,53125;2382,5;2276,1875;2002,65625;2362,46875;3168,34375;4043,25;4920,84375;5928,6875;6747,59375;7161,875;7188,96875;7143,15625;6665,6875;5759,46875;5115,0625;4623,6875;3932,5;3688,6875;3347,46875;3776,5625;3917,15625;4297,15625;4656,96875;4791,09375;4822,3125;4767,71875;4778,15625;4715,9375;4248,8125;3728,3125;3198,4375;2660,8125;2357,96875;1346,21875;997,375;594,4375;293,46875;217,0625;172,25;-37,46875;252,5625;400,46875;447,78125;114,46875;32,03125;148,96875;26,46875;-80,71875;-61,25;-238,5;-111;89,65625;17,15625;-51,84375;-32,9375;-139,34375;-113,1875;98,09375;-8,21875;-103,96875;46,375;-80,375;174,53125;50,78125;-44,90625;22,6875;136,125;139,71875;106,28125;16,0625;140,1875;103,5625;-23,28125;-136,8125;130,78125;172,71875;22,09375;15,125;-29;-3,5;-51,875;69,375;190,625;257,0625;181,125;195,0625;65,1875;52,375;160,34375;-270,65625;-115,375;139,3125;91,96875;197,6875;16;174,90625;296,625;195,34375;76,5;166,5625;-116,90625;-23,1875;98,71875;52,4375;49,90625;9,53125;125,65625;113,375;225,6875;-40,28125;146,1875;180,6875;204,125;-4,59375;93,5625;294,9375;176,75;73,90625;209,34375;30,53125;135,0625;-26,25;141,5;-45,375;-26,96875;51,65625;186;-43,15625;58,125;89;-9,125;86,5625;72,09375;66,1875;-11,78125;111,4375;195,21875;213,28125;188,21875;143,375;-11,125;285,5625;188,5625;179,4375;44,75;25,4375;112,59375;-78,96875;151,5;85,4375;295,125;-97,4375;-12,84375;2,40625;-89,84375;-58,5;193,6875;
23,46875;131,3125;127,46875;-66,09375;177,75;170,21875;207,28125;-2,34375;-12;-209,6875;-38,84375;64,125;247,5625;43,1875;45,75;76,125;111;43,25;-205,25;155,0625;-32,125;-2,9375;265,5;-206,1875;28,375;70,125;158,46875;11,34375;113,40625;111,9375;46,71875;124,75;262,90625;53,875;66,8125;131,125;75,03125;251,09375;-28;117,875;115,25;61,15625;217,6875;114,0625;95,5;183,34375;-100,5625;228,5;2,25;-257,78125;280,6875;303,71875;-14,5;183,28125;-117,34375;58,96875;4,15625;164,375;199,96875;240,65625;55,5625;275,875;99,21875;56,03125;-15,03125;-62,09375;122,59375;323;110,5;299,84375;285,90625;7,4375;25,8125;244,90625;208,84375;236,875;-150,96875;105,1875;56,375;57,53125;167,5625;164,03125;267,09375;286,5;327,34375;293,3125;145,59375;-84,875;-71,46875;272,125;193,5;188,375;38,78125;115,59375;411,8125;160,125;302,3125;289,03125;422,6875;248,4375;206,09375;277,90625;51,9375;405,96875;504;931,15625;885,0625;864,625;1041,90625;912;622,71875;436,46875;309,90625;230,375;82,625;89,25;471,5625;507,65625;776,75;984,28125;1527,40625;1890,0625;2104,5;1915,125;1921,1875;1796,125;1506,65625;1151,40625;876,71875;628,21875;626,9375;821,25;1076;1507,40625;2065,5;2236,28125;2994,5;3275,875;3581,25;3435,59375;3193;2788,84375;2476,0625;1882,6875;1709,09375;1571,8125;1359,96875;1234,96875;1011;1253,15625;1608,78125;1856,9375;2305,78125;2270,96875;2898,5;3030,0625;3314,75;3253,40625;3366,53125;3320,6875;3457,34375;3172,9375;2812,53125;2644,1875;2239,21875;1988,59375;2581,28125;3162,125;4359,15625;4998,375;5936,34375;6792,6875;7428,34375;7277,96875;7012,9375;6463,59375;6087,21875;5273,9375;4637,375;3981,125;3650,15625;3524,53125;3908,96875;4195,8125;4296,1875;4718,25;4915,09375;5049,53125;5147,25;4980,75;4437,25;4220,9375;3698,6875;3142,53125;2769,84375;2102,3125;1513,875;880,09375;558,25;299,8125;8,625;265,4375;203,6875;525,59375;476,90625;442,4375;356,46875;375,28125;59,5;181,5;-170,625;-49,1875;52,46875;86,75;291,78125;26,71875;75,03125;-18,28125;-26,15625;106,71875;-173;-160,53125;67,78125;3,28125;70,96875;164,90625;259,5625;103,28125;52,375;155,96875;174,875;51,875;187,53125;222,84375;112,5625;139,21875;-68,625;61,15625;-159,6875;-11,3125;61,3125;-36,5625;77,46875;126,46875;-3,21875;-74,21875;161,40625;180,59375;-88,125;91,1875;108,03125;161,03125;59,34375;-139,5;34,4375;-76,84375;26,5625;58,5625;32,0625;190,25;96,03125;363,8125;-3;68,46875;28,28125;89,25;129,5625;230,6875;150,3125;276,3125;-25,28125;-87,78125;58,46875;122,96875;96,875;-3,1875;136,59375;173,5;-30,75;-19,5;-110,25;-10,53125;124,375;0,28125;54,09375;123,90625;-146,1875;49,75;6,5;152,3125;222,71875;78;32,25;52,15625;-235,96875;-115,71875;163,125;116,09375;-13,9375;108,8125;192,84375;254,65625;142,6875;43,21875;62,4375;-42,125;-108,9375;85,5625;-23,21875;130,78125;9,0625;-0,9375;45,1875;25,125;43,84375;7,3125;73,21875;149,875;114,59375;-0,28125;
6,84375;-14,46875;-165,71875;-89,53125;-221,03125;-110,625;-204,34375;-252;-303,4375;-29,71875;-167,9375;-223,46875;-343,84375;-173,03125;-10,53125;29,625;-114,8125;-53,6875;-200,34375;-179,875;-157,625;-13,78125;-105,59375;-84,6875;-230,1875;44,84375;-161,9375;-235,65625;-77,9375;-141,53125;58,4375;-118,9375;-37,4375;-88,03125;-249,875;-156,5625;-71,6875;-87,96875;-31,03125;190,75;-166,75;69,46875;-80,15625;58,71875;111,34375;72,59375;-137,78125;-27,15625;-264,1875;-122;-124,625;12,71875;-49,03125;-298,4375;5,125;61,9375;-36,8125;-221,875;-168,40625;70;-90,03125;-222,71875;-129,25;-124,78125;-74,0625;-131,15625;-25,625;81,65625;62,34375;-290,3125;17,6875;26,34375;112,03125;-21,65625;-58,625;173,75;20,8125;-51,9375;6,90625;-77,03125;0,6875;-72,96875;88,625;27,625;-139,53125;92,0625;-64,125;-221,59375;67,0625;-287,03125;-189,125;50,65625;-93,71875;222,3125;127,21875;40,6875;100,3125;173,34375;-70,28125;133,03125;-73,25;-43,65625;114,5625;276;442,0625;826,8125;744,5625;903,0625;724,4375;616,875;355,15625;314,75;133,5625;-12,4375;-64,5;-184,25;196,03125;167,65625;514,6875;856,875;1433,375;1658,8125;1907,90625;1875,75;1856,5;1605,46875;1309,9375;777,5;787,78125;562,25;646,1875;642,125;870,21875;1403,59375;1829,15625;2506,4375;3007,5;3345,375;3515,34375;3365,5625;3172,40625;2622,28125;2293,5625;1902,3125;1466,34375;1279,09375;1095,9375;1151,21875;1101,71875;1330,3125;1341,5;1656,65625;2107,5625;2357,1875;2619,15625;2821,625;3117,25;3135,75;3416,40625;3417,5;3205,375;2995,25;2832,03125;2503,78125;2249;2222,8125;2192,09375;3073,53125;3832,5625;4981,375;5837,40625;6562,90625;7138,59375;7007,40625;6960,78125;6137,1875;5905,75;5180,5;4645;4011,09375;3528,3125;3457,03125;3516,0625;3903,65625;4161,28125;4639,625;4994,34375;5015,34375;4733,0625;4543,0625;4556,15625;4092,9375;3751,46875;3184,21875;2544,4375;1813,75;1485,09375;621,84375;646,28125;65,53125;-80,15625;-18,875;45,625;89,90625;150,34375;309,5;129,84375;-20,3125;-89,0625;-314,59375;-247,90625;-228,90625;-267,8125;-282,34375;34,6875;-61,71875;-251,0625;-152,15625;-317,25;-225;-71;-115,03125;-170,65625;-104,5625;-94,59375;33,34375;-112,5625;-156,34375;-145,875;-28,25;-231,71875;0,125;3,96875;-87,96875;39;150,59375;-207,21875;0,90625;-242,53125;91,125;-226,3125;-284,4375;29,46875;-198,15625;-84,5625;-117;41,96875;-70,09375;-85,75;3,28125;100,5;141,34375;-10,25;-121,03125;-373,40625;-36,625;-136,875;-15,9375;-35,9375;-64,09375;-7,28125;-88,40625;134,8125;-167,78125;-73,5625;-172,65625;-118,28125;-98,78125;-85,1875;-138,03125;-95,4375;-138,53125;-176,75;-132;-75,53125;-187,5625;-104,34375;-94,15625;2;2,53125;-159,1875;-244,28125;-206;-288,78125;-210,4375;-215,90625;-251,75;10,03125;-173,46875;-76,84375;50,96875;-241,3125;-206,71875;-71;-63,9375;-70,6875;-185,15625;-103,75;6,8125;-242,28125;10,40625;-28,59375;-94,125;-269,5;-140,625;-261,375;20,5;-268,15625;-100,75;133,65625;-405,75;-181,90625;-40,875;-40,71875;-56,75;-23,34375;8,65625;-218,4375;22,9375;72,75;
-93,03125;-135,09375;-378,9375;-287,8125;-475,65625;-269,0625;-209,375;-240,75;-230,8125;-320,5625;-396,40625;-340,9375;-177,21875;-12,03125;-212,875;-128,5;-282,21875;-62,65625;-110,90625;-314,96875;-256;-31,03125;-126,03125;-141,625;-223,6875;-113,1875;34,9375;-39,28125;48,1875;-149,5;-129,40625;-52,09375;-90,125;-169,90625;213,3125;-83,25;36,4375;-32,53125;140,21875;-58;-93,5625;-195,09375;-11,09375;49,71875;-48,34375;-51,25;-9,0625;-248,34375;-173,625;-229,65625;-194,25;-221,71875;-203,34375;-126,9375;-78,5625;-94,4375;-256,59375;-117,34375;56,875;90,46875;30,8125;-196,59375;88,4375;-9,46875;-73,8125;-89,5;-242,84375;-158,96875;57,28125;-97,84375;-99,09375;-67,65625;-12,625;-45,59375;-230,1875;-161,84375;185,375;107,625;72,03125;-43,625;-233,71875;-114,3125;-13,75;23,25;-2,34375;-122,625;-72,34375;25,0625;-91,90625;-146,71875;-47,9375;-123,15625;-213,125;-6,09375;39,3125;124,15625;95,5;246,46875;-28,84375;-87,625;-156,25;-146,125;160,90625;185,71875;613,40625;581,4375;715,0625;630,6875;846,125;518,28125;341,59375;361,0625;-56,75;-17,78125;-275,4375;-25,5625;41,625;296,71875;457,71875;811,65625;1268,40625;1420,84375;1732,875;1829,6875;1935,09375;1443,875;1167,90625;1037,1875;897,6875;400,3125;672,09375;757,5;965,09375;1486,34375;1801,59375;2338,25;2985,875;3507,4375;3801,21875;3143,21875;2952,78125;2754,09375;2220,78125;1765,09375;1573,03125;1403,46875;1230,4375;1050,25;1038,71875;1044,96875;1228,9375;1728,96875;1917,75;2284,03125;2656,21875;2766,15625;2967,25;3008,46875;3233;3206,09375;3159,0625;2822,46875;2340,65625;2159,125;2003,90625;2013,28125;2521,59375;2999,09375;3822,03125;4910,5625;5860,1875;6833,125;7260,03125;7105,625;6810,25;6218,96875;5747,28125;4999,03125;4410,125;3796,84375;3509,3125;3600,40625;3699,9375;3813;4138,03125;4465,34375;4791,96875;5375,40625;5076;4653,34375;4446,65625;4065,4375;3562,375;3022,4375;2466,8125;1837,625;1138,09375;637,65625;175,53125;-80,34375;-168,46875;-308,09375;100;-76,6875;248,96875;355,96875;57,15625;-62,5;43,46875;-211,6875;-439,375;-314,09375;-313,71875;-169,0625;-270,4375;-140,90625;-172,21875;-210,71875;-34,03125;-196,03125;-448,25;-121,65625;-224,125;-242,6875;-174,03125;-255,34375;-259,625;-187,96875;-203,09375;-29,46875;-140,25;-70,71875;-51,4375;8,96875;239,15625;-276,78125;-37,90625;-353,59375;-399,84375;-335,5;-448,875;-358,84375;-195,9375;-285,90625;-258,90625;-171,03125;-109;-257,65625;-172,21875;-209,5;-360;-207,6875;-38,5625;-37,6875;-350,25;-241,25;-307,71875;-316,15625;188;-137,28125;51,15625;-136,875;-114,90625;-201,65625;-55,0625;-87,09375;-150,09375;-194,40625;-226,0625;-321,6875;-277,125;-257,1875;-55,71875;-317,125;-316,625;23,40625;-149,5;-301,6875;-232,625;-253,40625;-225,5625;-48,21875;-132,34375;-179,21875;-117,46875;-167,09375;-200,3125;-305,875;-241,65625;-76,46875;-45,21875;-185,875;-146,40625;-75,46875;-311,40625;-89,375;-110,59375;-15,125;-120,5;-219,03125;-183,90625;-324,8125;-202,46875;-160,3125;-136,71875;-171,78125;-219,59375;-172,4375;-128,375;-137,09375;-55,78125;-206,21875;-188,84375;-254,59375;-264,65625;-232,34375;-200,9375;-120,59375;-343,375;-228,21875;
-259,09375;-444,90625;-350,0625;-250,34375;-81,90625;-221,3125;-289,5;-430,96875;-314,15625;-223,4375;-353,96875;-174,65625;-303,40625;-114,125;-290,5625;-178,1875;-106,8125;-205,59375;-234,9375;-0,46875;-106,625;-358,03125;-225,65625;-250,9375;-219,0625;-243,6875;-227,125;-18,96875;-131,75;-142,25;-308,4375;-67,40625;-23,1875;-71;-219,28125;5,21875;-290,5;-257,625;-106,875;-166,90625;-184,125;-233,09375;-52;-195,6875;-321,8125;-182,53125;-271,03125;-165,875;-237,375;-287,78125;-166,875;-242,28125;-98,75;-221,15625;-177,5;-106,6875;-166,4375;-227,1875;-303,625;-148,75;-118,3125;-185,34375;53,875;-347,8125;-343,25;-139,375;16,96875;-200,6875;-177,40625;121,3125;-200,09375;5,4375;-4,03125;-148,34375;-162,34375;-246,78125;-163,4375;-267,75;-205,0625;-51,40625;-347;-93,46875;-259,21875;6,6875;-82,34375;-236,90625;-190,21875;-320,0625;-98,1875;-119,71875;-389,25;-86,75;-181,8125;-35,375;119,625;53,3125;79,59375;-1,3125;27,0625;-121,875;-73,09375;-77,78125;172,5;202,46875;267,90625;544,625;697,34375;865,8125;580,125;427,46875;427,4375;98,71875;96,6875;-94,03125;-105,03125;-159,5625;-58,15625;203,03125;358,34375;396,1875;982;1542,96875;1601,53125;1719,9375;1691,21875;1256,3125;1239,5;1054,375;747,125;685,9375;447,21875;556,28125;956,25;1404,78125;1962,6875;2558,625;3233,375;3368,90625;3670,0625;3518,28125;3307,78125;2874,875;2086,34375;1756,9375;1555,84375;1297,78125;1103,09375;1289,78125;1032,6875;1187;1268,9375;1587;1795,8125;2175,34375;2720,53125;2710,65625;2792,46875;3045,09375;3091;3246,03125;3091,6875;2706,34375;2528,46875;2239,71875;1855,4375;2067,40625;2200,65625;2795;3680,59375;4640,53125;5660,5625;6450,46875;7020,71875;6977,875;6595,28125;6577,125;5566,34375;4818,5625;4340,1875;3698,90625;3414,65625;3528,5625;3657,34375;3815,6875;4181,46875;4651,9375;4792,59375;5056,5;4981,28125;4775,625;4419,75;4076,71875;3535,46875;2837,875;2436,09375;1797,5625;1124,0625;387,8125;139,96875;-75,4375;-197,25;-214,28125;-115,875;110,75;307,6875;173,375;205,78125;45,875;-145,375;-397,59375;-272,09375;-308,5625;-254,78125;-456,90625;-258,65625;-286,375;-232,21875;-375,84375;-340,5625;-534,625;-423,34375;-433,21875;-362,3125;-127,0625;-125,28125;-226,0625;-297,28125;-315,59375;-258,78125;-265,5;-173,625;-14,625;-143,90625;-132,9375;-374,84375;-143;-187,21875;-182,75;-239,71875;-416,03125;-261,78125;-200,5625;-333,1875;-174,3125;-122,96875;-276,09375;-199,21875;-32,625;-123,0625;-81,78125;-258,40625;-213;-236,375;-295,78125;-142,75;-145,21875;-212,84375;-185,53125;-190,40625;-246,4375;-328,03125;-329,0625;-130,625;-297,8125;-366,21875;-484,71875;-305,1875;-201,28125;-269,5625;-271,59375;-94,78125;-237,96875;-364,875;-279,625;-399,0625;-58,09375;-3,90625;-245,09375;-77,3125;-281,65625;-201,1875;-423,375;-102,84375;-312,25;-115,375;-294,90625;-262,5;-373,15625;-133,375;-154,90625;-259,65625;-43,84375;-257,96875;-455,59375;-337,90625;-231,59375;-507,375;-214,1875;-253,40625;-161,15625;-446,78125;-260,375;-187,25;-193;-138,75;-214,875;-90,9375;-221,71875;-245,71875;-199,71875;-352,21875;-435,71875;-115,375;-176,09375;-256,875;-155,375;-206,96875;-263,84375;-87,8125;-156,875;
-141,28125;-8,78125;-102;-61,90625;18,46875;-100,03125;-77,625;33,59375;63,8125;4,78125;-201,875;-81,75;-112,9375;15,625;-116,34375;-38,9375;-78,21875;8,09375;-233,53125;-96,0625;-107,46875;83,3125;-139,71875;-142,59375;-142,84375;-265,46875;-36,5625;26,84375;-49,09375;-60;108,90625;0,125;74,65625;61,21875;147,40625;-167,59375;72,5625;0,59375;80,40625;185,09375;183,875;0,9375;194,9375;-78,03125;-75,15625;-236,84375;26,34375;69,59375;-61,5;30,1875;-44,03125;131,5;113;11,8125;-136,375;12,125;-59;-36,46875;47,53125;-222,09375;-85,3125;-11,8125;51,5625;62,71875;-58,5;54,46875;64,625;-17,1875;1,90625;-57,03125;-69,40625;-87,96875;47,9375;182,03125;95,875;-62,03125;-19,4375;-65,46875;-168,125;-146,84375;-136,84375;18,875;-108,625;173,09375;99,03125;84,375;-77,5;-139,03125;28,71875;-5,1875;-13,96875;122,15625;156,3125;127,6875;345,8125;188,71875;390,96875;408,75;157,6875;17,5;70,53125;152,34375;277;498,53125;751,125;732,03125;919,15625;1107,6875;756,875;653,375;633,96875;179,875;212,75;45,3125;-214,3125;43,4375;16,28125;190,9375;600,78125;906,9375;1276,84375;1675,8125;1806,25;1934,78125;1959,75;1784,46875;1262,875;968,375;852,96875;580,71875;635,65625;981;1269,96875;1604,71875;2108,875;2640,0625;3402,875;3807;3869,25;3768,625;3436,21875;2796,5625;2436,1875;2027,8125;1847,84375;1507;1457,5;1503,34375;1198;1391;1418,34375;1916,9375;2142,8125;2467,9375;2835,71875;2920,375;3139,25;3255,59375;3308,125;3407,4375;3406,5625;2985,3125;2740,875;2404,1875;2062,96875;2258,65625;2343,84375;3045,5;3763,625;4904,65625;5880,5;6823,5625;6872,8125;7030,34375;6883,21875;6525,625;5990,46875;4880,6875;4604,65625;4094,71875;3633,34375;3563,0625;3873,4375;4041,15625;4476,09375;4848,8125;5236,625;5416,6875;5081;4734,65625;4539,90625;4222,625;3600,5625;3210,9375;2557,59375;1752,09375;1272,84375;659,21875;71,625;60,59375;-121,875;-229,4375;-84,6875;234,5;446,84375;386,40625;276,21875;-23,40625;-180,40625;26,6875;-258,6875;-349,65625;-356,03125;-79,28125;-183;-247,875;-214,78125;-148,125;-319,875;-260,125;-248,1875;2,15625;-16,1875;-216,25;-126,65625;-239,8125;-86,875;-118,5;26,625;-167,40625;-160,125;248,4375;-69,59375;34,15625;-12;-67,90625;-86,71875;-114,375;-301,90625;-237,25;-224,90625;-63,125;-136,875;-138,28125;-170,125;-128,28125;-133,96875;-141,1875;-50,4375;125,53125;-49,90625;-84,375;-176,4375;-19,25;-349;88,625;10,3125;-55,53125;-99,25;-174,8125;-132,6875;-77,28125;-81,8125;-118,71875;-188,28125;12,625;-160,59375;-39,5625;222,75;-160,28125;-303,1875;-92,84375;77,8125;-70,75;-105,25;88,03125;52,65625;-144,71875;-191,375;-34,5625;-242,90625;-17,625;-99,03125;-236,1875;-122,875;73,625;122,0625;-28;-137,1875;-175,84375;-198,09375;-232,5;-122,65625;-30,4375;-142,03125;-92,6875;-198;-245,125;-171,75;-190,5625;-256;-115,25;-331,09375;-60,1875;-264;-113,34375;-200,875;-153,09375;-90,28125;-39,3125;-34,21875;-89,9375;-119,34375;0,59375;-267,78125;-171,125;4,71875;-134,53125;-57,6875;25,34375;
-60,0625;-40,625;-174;-147,46875;-1,4375;-260,5625;-160,34375;-122,96875;-219,28125;-297,6875;-71,3125;-210,3125;-218,5625;-375,40625;-280,03125;-122,6875;-200,8125;-215,03125;-259,125;-213,84375;-87,5;-233,96875;-101,09375;38,25;-277,34375;-71,75;64,4375;-193,0625;-129,4375;113,03125;-181,9375;-134,25;1,96875;-33,96875;-83,21875;-27,4375;-105,75;-254,90625;-7,8125;-60,9375;-307,59375;-139,59375;-36,8125;-144,28125;-249,09375;-131;-203,25;-142,25;-390,59375;-25,125;-254,125;-89,84375;-311,53125;-224,28125;-86,59375;-134,15625;-218,625;134;-89;-28,875;-77,25;8,125;-195,90625;-147;-37,0625;20,78125;-279,34375;-246,03125;-122,78125;-20,21875;-286,625;-272,75;68,21875;-68,1875;-88,125;-104,96875;-197,125;-290;-108,90625;-186,90625;8,125;31,4375;-39,875;121,84375;105,75;18,375;-137,4375;19,09375;-302,75;77,53125;-69,78125;-120,75;4,5625;199,53125;189,09375;236,625;258,9375;103,875;34,21875;173,96875;-57,3125;-85,1875;122;447,625;873,9375;709,09375;903,21875;1051,5;700,125;512,90625;391,09375;184,09375;-1,6875;-199,21875;-159,65625;-160,625;-102,34375;302,59375;354,96875;789,875;1345,4375;1768,28125;2028,65625;1902,40625;1716,25;1600,125;1271,84375;1086,78125;745,875;687,9375;575,96875;808,5625;1207,03125;1533,25;2288,875;2672,53125;3322,4375;3842,90625;3700,21875;3945,34375;3377,5;2995,59375;2381,40625;2077,875;1681,8125;1347,59375;1252,15625;1191,5;1145,9375;1533,625;1665,21875;1856,75;2163,25;2474,9375;2597,71875;2797,59375;2950,90625;3073,375;3122,1875;3411,21875;3174,21875;3009,21875;2781,25;2100,71875;2038,84375;2072,15625;2440,5;3086,53125;3903,0625;4609,34375;5574,875;6529,34375;6915,78125;6814,53125;6848,5;6546,09375;6118,125;5263,9375;4548,5;4025,3125;3644,15625;3673,3125;3623,34375;4039,15625;4503,90625;4695,34375;4924,96875;4984,875;5217,125;4769,84375;4725,125;4266,8125;3851,9375;2889,40625;2505,875;1732,15625;1124;518,4375;247,40625;7,90625;-126,8125;37,15625;57,6875;81,03125;335,4375;109,75;117,9375;173,0625;-71,28125;-285,375;-268,9375;-147,34375;-290,59375;-285,96875;-35,21875;-155,84375;-134,5625;-210,625;-323,125;-208,59375;-225,03125;-168,15625;-286,1875;-278,96875;-3,3125;-148,28125;-172,34375;-127;-48,375;-147,5625;-196,5;-112,3125;-170,59375;-42,5;-121,25;-190,25;-217,3125;-146,78125;-184,65625;-332,90625;-584,65625;-267,9375;-272,78125;-190,0625;-175,78125;-388,75;-87,90625;-115;-194,5625;-100,96875;-284,9375;-126,875;-128;-343,03125;-223,125;-416;-335,375;-200,25;-133,84375;-101,25;-111;-383,5;-215,65625;-335,0625;-127,75;-151,75;-39,125;-189,3125;-205,3125;-162,3125;-292,0625;-161,03125;-265,46875;-361,40625;-320,625;-196,84375;-73;-101,625;-145,84375;-157,75;-440,5625;-305,25;-131,75;-274,40625;-185,71875;-292,84375;-165,625;-302,78125;-313;-243,4375;-224,03125;-393,90625;-286,78125;-169,21875;-154,65625;-342,5;-190,0625;-211,09375;-361,6875;-159,625;-208,0625;-143,5;-476,9375;-326,09375;-213,28125;-258,71875;-121,28125;-185,15625;-124,84375;-260;-135,40625;-170,21875;-237,4375;-339,21875;-172,375;-242,0625;-150,125;-195,90625;-57,1875;-186,8125;
8,6875;-232,28125;-33,9375;-354,9375;-241;-142,4375;-218,9375;-150,1875;-448,90625;-258,65625;-455,375;-281,0625;-375;-129,375;-230,875;-419,875;-406,90625;-42,75;-44,5625;-351,40625;-229,5;-160,21875;-113,1875;-90,34375;-78,5;15,78125;20,65625;-272,15625;-141,09375;-364,90625;-81,1875;-344,15625;-74,78125;-344,5;-352,53125;-93,34375;-292,53125;-5,03125;-167,625;-139,0625;-192,5625;-176,875;-207,0625;-217,90625;181,4375;-54,6875;-25;-155,53125;-149,03125;-113,3125;-120,25;-269,0625;-119,75;-82,84375;-252,03125;-71,375;-205,75;-57,8125;-109,625;-282,1875;-158,75;-188,03125;-213,28125;3,8125;142,8125;-58,21875;-27,34375;-218,1875;147,78125;-248,65625;-215,5;-362,34375;-126,90625;39,53125;-132,125;-123,28125;-166,71875;-124,21875;-120,3125;-324,3125;-197,40625;-125,4375;-197,125;45,875;-85,15625;-141,5;-173,53125;-339,09375;-46,78125;-204,53125;-99,34375;-124,4375;-0,8125;90,625;29,28125;167,84375;327;-40,03125;100,59375;-9,0625;-228,125;0,46875;16,625;543,09375;705,5;909,78125;909,59375;1005,53125;629,25;332,53125;455;252,4375;44,75;-153,75;-120,84375;-128,625;0,5;234,5625;348,8125;943,28125;1342,71875;1613,40625;1879,3125;1938,875;1902,8125;1694,96875;1261,96875;857;818,46875;784,1875;460,40625;932,8125;1250,875;1717,21875;2493,0625;2850,46875;3480,4375;4032,09375;4119,03125;4040,5625;3520,6875;2817,75;2389,34375;2135,0625;1681,125;1374,3125;1328,8125;1207,125;1317,71875;1307,9375;1680,1875;1904,625;2267,125;2326,25;2836,84375;2911,3125;2888,8125;3073,1875;3254,1875;3122,21875;2977,9375;2848;2502,21875;2159,1875;2028,78125;1847,5625;2284,125;2886,90625;3769,15625;4729,9375;5719,96875;6557,65625;6865,1875;7031,46875;6956,8125;6520,28125;5688,25;5138,59375;4598;3902,40625;3819,125;3827,125;3847,09375;4108,8125;4578,90625;4907,1875;5063,9375;5034,625;5178,40625;5190;4523,5;4113,75;3735;3310,96875;2475,15625;1818,8125;1010,4375;587,5625;18,5;-90,15625;-294,5;-147,90625;55,8125;115,59375;194,3125;233,1875;66;-79,1875;-143;-346,96875;-288,15625;-297,5;-223,9375;-441,71875;-431,78125;14,40625;-400,5625;-211,875;-383,28125;-139,875;-166,78125;-204,03125;-126,6875;-326;-159,21875;-229,625;-286,75;-188,28125;-270,875;-224,0625;-142,84375;-164,71875;-218,53125;-126,34375;-78,1875;-318,53125;-134,1875;-369,15625;9,28125;-327,15625;-264,75;-302,09375;-430,75;-147,4375;-460,1875;-251,1875;-293,03125;-310,6875;-361,25;-233,25;-364,75;-151,4375;-146,8125;-130,59375;-279,4375;-346,40625;-283,34375;-61,625;-226,46875;-134,03125;-144,8125;-241,5625;-294,625;-257,0625;-203,84375;-376,625;-378,0625;-23,3125;-370,1875;-267,09375;-413,40625;-218,21875;-230,5625;-318,96875;-358,25;-335,3125;-292,375;-59,90625;-325,71875;-232,40625;-158,375;-267,3125;-96,65625;-79,9375;-203,96875;-196,4375;-114,875;-207,6875;-271,375;-192,6875;-318,46875;-306,71875;-159,75;-444;-268,21875;-321,75;-209,84375;-215,84375;-217,9375;-408,59375;-305,34375;-229,15625;-474,6875;-311,1875;-209,125;-322,6875;-184,875;-281,9375;-303,40625;-263,84375;-119,53125;-373,9375;-245,3125;-227,25;-275,4375;31;-397,5;-365,3125;-41,875;-167,28125;
-98,28125;-266,40625;-142,5625;-177;-597,96875;-455,9375;-418,4375;-246,875;-409,5625;-236,5625;-374,03125;-568,6875;-490,375;-425,90625;-496,71875;-310,40625;-152,3125;-54,78125;-278,28125;-289,59375;-195,15625;-162,8125;-260,3125;-203,15625;-253,5625;-492,84375;-353,90625;-86,5;-217;-417,15625;-148,90625;-326,0625;-181,3125;-92,03125;-284,9375;-236,625;-127;-167,875;-270,375;-205,71875;-120,875;-223,03125;-113,6875;-274,0625;-215,46875;-302,78125;-130,8125;-396;-375,78125;-272,28125;-324,71875;-200,96875;-411,3125;-121,21875;-365,40625;-295,0625;-297,34375;-188,46875;-260,125;-202,25;-156,40625;-418,96875;-177,375;-118,46875;-174,46875;-419,65625;-2,46875;-183,5;-299,09375;-221,1875;-350,5;-148,65625;-139,09375;-411,90625;-297,21875;-165,03125;-243,96875;-108,125;-382,375;-215,8125;-330,1875;-88,59375;-110,09375;-154,28125;-176,1875;-153,46875;-165,6875;-464,625;-339;-367,09375;-386,75;-120,53125;-193,34375;-15,125;115,0625;124,875;79,75;113,125;86,78125;-106,125;-46;-315,40625;-166,84375;358,90625;685,59375;864,875;1089,5625;1008,75;673,46875;454,375;123,65625;15,09375;-21,6875;-338,5625;-289,125;-252,78125;55,84375;-46,4375;321,4375;828,75;1060,5;1446,125;1734,5;1862,71875;1828,25;1838,53125;1489,5625;1013,84375;906,4375;689,96875;559,0625;856,28125;1335,28125;1725,6875;2410,5625;3181,96875;3573,96875;4139,28125;4085,71875;3805,125;3599,28125;2983,03125;2380,21875;2038,96875;1499,65625;1386,25;1418,90625;1216,9375;1368,625;1427,75;1528,9375;2027,375;2301,75;2473,5;2602,84375;2871,78125;2982,53125;3204,71875;3189,46875;3041,03125;2979,9375;2888,15625;2655,84375;2110,25;1915,5625;2108,96875;2447,0625;3105,75;3700,25;4728,03125;5583,59375;6416,4375;7069,6875;6877,0625;6842,03125;6302,40625;5937,15625;5275,65625;4564,8125;3983,90625;3883,21875;3551,71875;4049,375;4170,28125;4445,84375;4725,5;4979,78125;5270,40625;5181,71875;4780,0625;4554,71875;4328,5625;3858,65625;3093,875;2526,28125;1749,15625;992,34375;527,03125;-135,46875;-246,34375;-321,90625;-84,6875;2,53125;60,9375;4,6875;114,875;79,59375;-179,625;-142,65625;-383;-430,84375;-410,9375;-408,78125;-241,84375;-268,78125;-487,5625;-524,28125;-409,71875;-519,75;-484,09375;-299,625;-289,15625;-296,4375;-481,1875;-432,53125;-348,1875;-230,8125;-132,875;-178,90625;-343,8125;-253,1875;-161,125;-93,84375;-298,84375;-333,625;-155,625;-354,625;-365,78125;-349,53125;-259,71875;-149,8125;-315,8125;-363,5625;-287,875;-444,9375;-345,78125;-106,875;-307,46875;-240,96875;-188,3125;-198,21875;-243,9375;-278,28125;-219,5;-326,875;-199,9375;-416,03125;-321,53125;-206,625;-146,53125;-465,28125;-338,3125;-170,8125;-182,28125;-268,34375;-358,90625;-376,5;-56,96875;-232,59375;-346,90625;-337,15625;-483,03125;-439,375;-223,40625;-278,46875;-333,125;-226;-330,75;-307,84375;-350,34375;-331,53125;-152,71875;-288,96875;-222,5625;-501,53125;-330,46875;-251,875;-415,25;-420,375;-253,34375;-301,6875;-197,40625;-390,65625;-213,125;-277,8125;-435;-385,84375;-497,71875;-302,09375;-426,71875;-171,84375;-351,96875;-183,25;-457,9375;-405,75;-379,40625;-425,15625;-321,5625;-253,5;-263,25;-428,0625;-474,875;-414,15625;-167,96875;-316,21875;-182,125;-239,65625;-353,5;-284,4375;-477,6875;
-241,625;-317,09375;-155,03125;112,53125;-133,0625;-119,59375;-74,15625;3,3125;-91;-194,59375;-241,1875;-72,78125;-131,65625;-179,4375;-149,9375;-188,46875;-69,25;-175,75;-84,5;-181,625;-249,84375;-82;-101,59375;-153,8125;-192,40625;57,96875;105,1875;50,6875;-173,5;55,4375;44,78125;44,875;-120,03125;-67,90625;-128,375;-136,09375;-39,71875;-114,625;-118,75;-354,03125;-139,28125;-86,8125;-146,0625;-142,125;-247,15625;-38,71875;-119,59375;-95,34375;-46,8125;-25,28125;-42,34375;13,25;65,90625;-94,03125;-118,25;-327,15625;-271,375;169,6875;-194,28125;-14,15625;-140;-86,53125;-88,96875;-111,3125;152;110,21875;220,15625;50,6875;-4,65625;-83,46875;-133,75;73,34375;18,625;-6,53125;52,65625;-45,28125;-166,3125;-27,125;-174,15625;24,4375;-280,25;16,0625;-70,9375;180,21875;7,96875;-28,9375;-97,9375;-86,0625;-155,5625;-234,9375;-52,3125;45,03125;189,03125;243,78125;486,28125;290,40625;383,09375;361,6875;156,875;91,21875;-63,84375;210,71875;476,03125;550,5625;797,21875;1143,53125;1104,875;1111,5;1044,53125;914,875;437,125;121,96875;70,9375;-125,625;-211,40625;-117,90625;-117;492,71875;441,96875;1036,34375;1476,28125;1801,21875;2001,15625;2287,78125;2227,8125;1963,71875;1867,59375;1296,1875;1101,03125;1102,34375;912,8125;1025,4375;1556,75;2189,09375;2765,34375;3202,96875;3951,71875;4433,65625;4354,78125;4281,96875;3811;3047,5;2652,1875;2086,59375;1795,375;1613,40625;1317,84375;1587,0625;1684,375;1638,3125;1908,625;2485,59375;2573,75;2786,1875;3083,75;3223,71875;3348,90625;3558,6875;3246,375;3468,5;3362,25;3049,71875;2762,46875;2552,28125;2431,125;2171,9375;2757,84375;3009,34375;4107,84375;4831,40625;5884,4375;6530,6875;6704,75;7004,5;6983,78125;6517,0625;6080,5625;5461,875;4858,25;4193,15625;4119,21875;3616,96875;4220,90625;4432,75;4841,9375;5034,5;5256,625;5393,15625;5257,4375;5220,59375;4815,21875;4592,8125;4051,84375;3196,1875;2362,75;1840,125;975,9375;555,3125;-19,8125;-103,53125;-78,03125;29,53125;94,34375;173,21875;487,90625;119,4375;12,15625;-86,75;92,125;-306,0625;-105,1875;-156,46875;-319,53125;-173,28125;-172,75;-293,96875;-65,03125;-45,6875;-379,125;-231,96875;-301,6875;-153,46875;-157,40625;-251;-132,8125;-235,875;-225;-179,71875;-113,625;-325,40625;-142,46875;-74,5625;-39,59375;-26,4375;37;-122,9375;-127,4375;-122,46875;22,5;-96,71875;13,21875;-228,96875;-167,625;22,09375;-370,21875;-122,34375;-134,59375;-262,125;-229,625;-77,46875;0,9375;-147,34375;-236,75;-113,53125;-22,3125;-193,875;-297,03125;-17,96875;36;-47,125;-59,6875;-131,9375;-39,46875;-242,125;-171,75;164,875;-75,28125;-184,59375;-149;-192,3125;-191,0625;-167,53125;-184,03125;-24,09375;-22,9375;24,5625;-259,875;-109,6875;-119,90625;67,40625;-81,4375;-91,65625;-308,96875;-222,21875;0,46875;-100,71875;-49,25;5,65625;-173,59375;-214,34375;-235,4375;-189,3125;-81,15625;-82,09375;-377,71875;-78,65625;-261,78125;14,375;-169;-189,75;-373,90625;-183,34375;-374,90625;23,90625;-197,75;-54,0625;-232,9375;-306,1875;-218,59375;-200,8125;-66,03125;-87,34375;-214,34375;-204,1875;-154,5;-162,96875;-80,65625;-60,125;-130,5625;-280,84375;
-94,9375;-211,125;-478,09375;-215,84375;-297,90625;-273,4375;-277,625;-351,59375;-333,15625;-268,1875;-290,84375;-291,09375;-196,46875;-207,6875;-191,1875;-228,125;-69,03125;-135,09375;-20,125;-131,625;-351,28125;-259,90625;-277,34375;-346,5;-293,53125;-251,6875;-416,15625;-137,90625;-281;-276,625;-233,65625;-285,21875;-161,5;-153,75;-244,25;-311,9375;-125,9375;-170,34375;-107;-161,46875;-181,59375;-341,78125;-200,9375;-385;-165,78125;-60,40625;-169,46875;-405,71875;-186,0625;-274,90625;-204,40625;-262,125;-240,28125;-203,59375;-261,4375;-152,03125;-125,84375;-317,21875;-69,03125;-141,125;3,125;-104,03125;-151,8125;-105,34375;-182,96875;-374,28125;-327,71875;-298,78125;-92,3125;-393,90625;-161,03125;-186,78125;-278,84375;-8,71875;-192,03125;-92,09375;-207,375;-300,78125;-181,1875;-177,03125;-111,78125;-291,71875;-134,40625;-8,78125;-169,09375;-205,3125;-473,21875;-194,90625;-363,0625;-315;-30,09375;-119,34375;-3,59375;103,75;148,875;281,4375;163,59375;77,125;-71,78125;111,3125;96,8125;82,96875;190,3125;374,4375;559,03125;985,5;944,84375;1026,0625;907,28125;789,0625;344,9375;24,4375;66,59375;-173,40625;-258,46875;-177,25;-64;181,96875;625,25;975,34375;1442,28125;1555,59375;2047,71875;2062,96875;2279,71875;1934,3125;1642,34375;1289,71875;1145,5;787,25;898,25;1246,65625;1552,625;2280,34375;2772,59375;3405;4139,53125;4468,5625;4554,3125;4313,59375;3764,4375;3220,59375;2778,71875;2109,5625;1765,65625;1640,625;1416,6875;1401,71875;1469,3125;1811,96875;1906,40625;2205,59375;2566,1875;2877,28125;3114,03125;3074,625;3292,59375;3185,65625;3441,40625;3202;3348,53125;3116,96875;2697,09375;2261,46875;2195,0625;2081,46875;2538,25;3005,0625;3818,59375;4938,40625;5604,8125;6324,90625;6778,28125;6930,59375;6869,1875;6658,1875;6132,21875;5291,5625;4835,375;4152,6875;4092,65625;3813,46875;3821,0625;4151,84375;4368,84375;4905,03125;5045,59375;5433,5625;5486,96875;5158,65625;4914,1875;4516,96875;3626,96875;2846,75;2307,75;1574,0625;931,25;429,4375;140,1875;-77,21875;-147,59375;-238,9375;-65,6875;68,03125;169,40625;104,5625;25,46875;-44,28125;-329,28125;-354,4375;-241,875;-587,28125;-360,875;-418,0625;-413,125;-266,5625;-426,125;-323,21875;-463,21875;-378,53125;-430,5;-325,71875;-226,40625;-355,46875;-368;-238,84375;-178,40625;-276,0625;-256,96875;-206,09375;-117,28125;-9,0625;-30,28125;-261,125;-461,53125;-280,5;-340,65625;-370,375;-270,1875;-392,4375;-269,46875;-420,21875;-389;-264,84375;-281,6875;-57,65625;-285,84375;-198,3125;-306,53125;-207,21875;-182,5625;-39,90625;-208,96875;-174,34375;-304,65625;-298,03125;-288,84375;-252,0625;-111,71875;-126,03125;-252,90625;-271,3125;-307,21875;-274,4375;-348,96875;-379,1875;-233,46875;-191,96875;-286,625;-182,875;-233,65625;-203,0625;-324,21875;-224,875;-28,25;-333,15625;-164,625;-19,28125;-104,6875;-334,84375;-273,5;-440,375;-184,34375;-148,21875;-181;-382,34375;-342,1875;-323,375;-92,34375;-197,71875;-141,4375;-251,0625;-144,46875;-238;-374,78125;-195,59375;-210,21875;-198,25;-316,875;-279,125;-320,875;-315;-110,5;-145,15625;-444,4375;-254,4375;-234,46875;-275,53125;-248,5;-378,75;-225,90625;-649,46875;-195,96875;-286,03125;-278,90625;-288,59375;-240,9375;-430,125;-331,0625;-233,90625;
-311,21875;-350,125;-65,625;-248,75;-369,46875;-125,0625;-176,375;-203,75;-217,25;-369,78125;-397,25;-231,21875;-211,09375;-106,9375;-291,25;-294,75;-305,375;-240,3125;-171,71875;-167,875;-50,03125;-280,5;-225,3125;-165,34375;-177,625;-294,40625;-270,875;-142,78125;-38,25;-91,40625;-236,59375;-17,9375;-180,75;-39,1875;-133,375;-171,25;-87;-329,1875;-273,28125;-47,8125;-299,625;-195,40625;-146,1875;-148,5;-277,25;-235,96875;-253,75;-118;-149,4375;-306,09375;-191,34375;-33,5625;-138,09375;-283,34375;-83,84375;-156,5625;-110,71875;-167,15625;-31,625;-165,5625;-185,53125;-233,875;-309,65625;-170,84375;-33,59375;-323;-277,0625;-125,03125;-30,4375;-76,25;-176,28125;-210,75;-203,25;-221,5;-17,46875;-123,71875;67,90625;52,625;-147,28125;-146,6875;-230,90625;-74,9375;-196,4375;-66,90625;-188,84375;75,9375;-133;-19,71875;-88,15625;-180,25;-186,34375;-69,3125;151,25;275,78125;311,0625;308,90625;162,28125;304,5;46,125;94,625;-54,28125;157,9375;356,71875;391,375;803,46875;987,53125;1077,84375;1128,625;995,21875;763,75;446,5;282,09375;99,34375;-133,65625;88,34375;-137,8125;117,1875;295,78125;786,5625;860,34375;1347,90625;1775,78125;2242,65625;2471,03125;2251,96875;1876,59375;1429,4375;1505,71875;965,1875;813,34375;993,78125;1353,28125;1695,4375;2252,9375;2729,46875;3598,75;4411,1875;4717,46875;4903,53125;4524,0625;4086,5625;3386,53125;2737,375;2287,34375;1798,28125;1447,59375;1440,84375;1537,15625;1704,1875;1886,5;2265,0625;2513,9375;2853,15625;3033,53125;3515,09375;3407,25;3642,5625;3420,59375;3370,125;3298,875;3239,40625;3019,6875;2668,5;2557,59375;2251,78125;2500,125;2735,03125;3299,46875;4122,78125;5063,5;5770,34375;6433,28125;6889,5625;7052,1875;7018,1875;6533,59375;6078,5;5724,65625;4913,1875;4390,59375;4177,125;3788,5;3912,125;4322,96875;4708,03125;5050,34375;5258,03125;5471,71875;5450,84375;5167,03125;4915;4777,84375;3940,03125;3316,0625;2190,3125;1419,5625;625,09375;482,375;57,71875;-5;-257,71875;-4,09375;102,90625;303,03125;349,5;322,53125;143,375;-66,75;-149,0625;-243,375;-228,5;-294,5625;-375,28125;-344,59375;-401,6875;-247,8125;-459,21875;-253,84375;-320,75;-326,15625;-216,4375;-261,53125;-203,8125;-291,4375;-285,09375;-112,5;-24,28125;-262,71875;-67,34375;-28,46875;-117;-66,75;-193,9375;36,78125;-120,15625;-116,90625;-271,9375;-372,21875;-91,0625;-169,0625;-209,09375;-63,96875;-169,375;-196,40625;-194;-121,90625;-195,5;110,4375;-242,0625;-177,5625;-152,3125;-263,03125;-186,28125;-295,71875;-271,0625;-298,375;-239,3125;-25,6875;-295,0625;-213,15625;-167,28125;136,8125;-225,53125;-174,875;-121,125;-8,625;-198,96875;-16,84375;-63,125;-95,21875;-298,78125;-336,5625;-380,75;-151,8125;-206,6875;-87,6875;-240,4375;-223,03125;-205,40625;-195,46875;-358,84375;-179,625;-242,0625;-146,71875;-88,40625;-182,28125;-129,09375;-66,9375;-100,625;-221,96875;-326,125;-274,5;-128,15625;-212,03125;-466,25;-239,34375;-353;-245,78125;-270,03125;-185,78125;-242,34375;-358,09375;-309,875;-211,71875;-13,9375;-236,4375;-87,15625;-139,46875;-70,15625;-390,34375;-317,25;-257,46875;-200,65625;-211,96875;-244,84375;-101,65625;117,0625;-262,75;-112,5;-226,84375;
-173,09375;-59,78125;-75,71875;-213,1875;-249,65625;-330,03125;-257,15625;-476,53125;-290,875;-54,375;-246,96875;-108,15625;-327,21875;-214,96875;-131,4375;-184,28125;-188,75;-187,15625;-186,28125;-50,71875;-305,6875;-417,09375;-118,5;15,09375;-230,125;-229,375;-162,21875;-343,5625;-336,90625;-169,5625;-201,6875;80,53125;-237,8125;-165,53125;-279,96875;-156,3125;-356,84375;-178,71875;-231,0625;128,75;-148,40625;-14,59375;-155,25;-77,40625;-418,15625;-72,75;-197,8125;-323,6875;-147,90625;33,09375;-225,15625;-122,65625;-201,4375;30,21875;-108,375;-247,0625;-362,21875;-136,46875;-195,46875;-162,65625;-117,9375;-267,96875;-363,71875;-34,3125;-55,6875;-261,34375;-222,90625;-218,5625;-141,46875;-125,5625;-174,28125;-134,53125;91,75;-223,09375;-183;-199,8125;-111,96875;-228,9375;-81,21875;-145,375;-183,53125;-285,96875;-116,15625;-50,4375;-117,40625;-55,25;-162,1875;-63;-181,5;-209,375;-101,3125;-218,84375;51,3125;12,65625;261,40625;522,375;429,40625;185,5;195,84375;120,84375;-59,6875;-38,125;149,21875;708,125;734,53125;1114,28125;1102,5625;1089,3125;1106;810,71875;344,6875;223,46875;-149;-36,40625;-200,0625;-186,90625;-14,84375;317,34375;609,0625;1171;1629,125;1852,53125;2078,0625;2386,15625;2446,1875;2210,8125;1713,90625;1238,96875;1163,6875;905,25;1200,90625;1373,34375;1886,03125;2497,78125;3368;3956,78125;4446,8125;4981,96875;5115,28125;4716,09375;4142,78125;3584,0625;2691,96875;2165,625;1879,90625;1719,625;1714,71875;1617,375;1896,875;2170,375;2483,96875;2720,28125;3173,375;3347,5;3721,375;3607,96875;3671,78125;3477,375;3575,375;3477,625;3178,84375;2991,75;2828,5625;2494,40625;2443,59375;2573,625;2852,8125;3364,8125;4266,5625;5254,40625;5842,3125;6488,25;6913,65625;6988,4375;6916,125;6506,90625;6052,6875;5260,625;4838,90625;4327,71875;4094,15625;3851;3947,0625;4252,375;4620,90625;5079,8125;5224,21875;5365;5269;5161,40625;4896,6875;4355,375;3782,03125;3007;2291,40625;1587,375;840,09375;151,65625;54,65625;-317,8125;-114,15625;-60,3125;256,84375;255,65625;474,4375;38,9375;182,8125;-356,59375;-211,75;-268,96875;-474,75;-308,1875;-346,1875;-239,21875;-333,40625;-203,28125;-266,1875;-219,9375;-265,09375;-461,28125;-388,625;-353,6875;-172,90625;-252,15625;-439,96875;-140,40625;-332,9375;-309;-44,25;-271,21875;-213,53125;-299,625;-120,46875;-297,9375;122,3125;-318,5;-331,03125;-432,53125;-386,96875;-221,78125;-336,15625;-306,40625;-254,90625;-193,96875;-67,40625;-281,25;-206,28125;-253,625;-208,15625;-168,4375;-256,75;-289,9375;-117,46875;-53,8125;-277,59375;-243,71875;-160,96875;-375,1875;-23,03125;-273;-25,1875;-103,90625;-226,6875;-314,28125;-186,0625;-273,90625;-333,5;-127,71875;-186,75;-184,9375;-219,5;-255,65625;-133,46875;-221,15625;-108,375;-168,125;-147,15625;-276,71875;-241,75;-343,125;-434,21875;-166,375;-335,53125;-305,59375;-158,375;-288,875;-389,875;-269,125;-350,6875;-353,34375;-262,78125;-276,75;-221,4375;-211,09375;-295;-375,71875;-380,4375;-477;-668,84375;-471,53125;-189,875;-223,03125;-363,875;-390,21875;-226,28125;-92,84375;-178,0625;-149,40625;-298,625;-169,59375;-82,28125;68,3125;-290,59375;-289,09375;-309,3125;-239,9375;-134,875;-345,78125;-324,53125;-93,53125;
-189,65625;-96,21875;-89,9375;-246,03125;-171,25;-181,4375;-445,0625;-331,40625;63,5;-382,03125;-335,9375;-219,40625;-243,90625;-484,65625;-163,9375;-530,46875;-225,84375;-234,9375;-416,46875;-79,15625;-176,40625;-313,25;-381,15625;-279,125;-223,875;-163,09375;-181,8125;-18,46875;-48,8125;-98,90625;-172,25;-179,03125;-404,5;-267,75;-18,34375;-197,40625;-160,625;-278,3125;-291,125;-119,46875;-118,4375;-1,125;-496,5;-228,21875;-120,6875;-356,5625;-236,3125;-242,75;-274,90625;-208,84375;-61,375;-239,21875;-64,125;-21,375;-171,78125;-316,78125;-153,25;-118,53125;-223,125;-93,84375;-67,03125;-277,34375;-178,3125;40,375;-237,5625;-279,5;-192,90625;-62,1875;-194,5625;-289,625;-123,21875;-48,9375;17,65625;-402,34375;-29,53125;-192,9375;-146,65625;-149,21875;-161,625;-188,625;-79,90625;-238,5;-187,53125;-19,9375;14,6875;-9,8125;-299,34375;-343,96875;-271,90625;-137,90625;-128,78125;-189,90625;146,09375;137,40625;207,28125;363,6875;335,21875;219,375;74,5625;-38,34375;43,28125;153,03125;387,21875;633,71875;886,40625;1170,03125;1170,40625;1200,5;1266,8125;950,71875;318,5625;344,8125;92,625;-34,375;-92,3125;109,59375;84,125;195,15625;855,59375;1212,4375;1845,71875;2301,9375;2407,71875;2542,40625;2400,5;2301,625;1820,8125;1679;1511,53125;1404,0625;1158,28125;1631,6875;2086,8125;2667,1875;3559;4149,8125;5065,75;5082,375;5290,5625;4914,5625;4355,28125;3656,28125;2884,4375;2445,15625;1845,5;1646,25;1547;1677,59375;1838,125;2295,65625;2519,8125;2837,625;3452,09375;3683,875;3833,34375;3821,46875;3810,125;3542,84375;3394,25;3442,96875;3403,78125;3132,9375;2761,96875;2672,875;2600,25;2827,625;3045,625;3754,40625;4620,625;5437,90625;6253,15625;6578,21875;7095,15625;7125,78125;6907,25;6464,65625;6048,59375;5609,84375;4890,65625;4453,96875;4061,6875;4010,1875;3859,53125;4417,375;4690,25;5011,375;5284,90625;5191,75;5370;5251,21875;4816,8125;4422,59375;3750,25;3144,625;2404,59375;1267,1875;839,09375;129,5;-134,53125;-125,15625;-139,59375;-168,53125;0,46875;175,09375;206,03125;181,96875;58,4375;-261,75;-174,6875;-251,34375;-361,96875;-441,28125;-221,65625;-436,75;-221,125;-395,90625;-232,375;-259,8125;-307,46875;-218,9375;-368,84375;-395,875;-117,1875;-135,28125;-88,28125;-416,125;-469,0625;-216,0625;-206,75;-112,5625;-265,6875;-279,46875;-56,90625;-212,4375;-342,84375;-193,46875;-108,5625;-67,8125;-174,75;-386,125;-187,8125;-439,125;-158,96875;-143,65625;-113,34375;-221,5625;-173,78125;-295,90625;-231;-65,9375;-147,34375;-90,59375;-233,3125;-344,84375;-53,875;-361,15625;-264,0625;-242,90625;-210,21875;-207,625;129;-8,40625;-2,1875;-309,46875;-266,625;-135,96875;-49,375;-209,65625;-172,21875;-159,28125;-163,15625;-121,96875;-159,875;9,03125;-134,75;-229,6875;-215,90625;-265,71875;-205,125;-124,6875;-280,34375;-342,15625;-134,375;-247,21875;-126,8125;-35,15625;-121,75;-199,96875;-170,3125;-240,625;-422,03125;-247,28125;-132,8125;-382,96875;-232,84375;-6,3125;-203,5;-300,40625;-91;-236,1875;-86,25;-143,59375;-295,34375;-297,0625;-266,6875;-135,9375;-315,4375;-217,6875;-328,53125;-292,09375;-350,78125;-323,15625;-385,25;-399,96875;-424,9375;-308,75;-292,15625;-171,28125;-301,21875;-224,28125;
-431,5625;-280,6875;-108,71875;-311,40625;-212,03125;-155,625;-154,78125;-377,75;-411,1875;-199,1875;-199,46875;-342,0625;-62,78125;-228,15625;-378,53125;-290,625;-261,46875;-226,59375;-202,875;-115,78125;-152,8125;-371,875;9,125;8,125;-265,8125;-159,1875;-42,9375;-158,8125;-263,5625;-292,53125;-36,09375;-226,03125;-129,625;-117,78125;-106,875;-191,46875;-381,625;-253;-221,5;-244,15625;-270,90625;-242,15625;-247,90625;-93,90625;-57,15625;-29,25;-319,46875;-219,6875;-296,3125;-61,46875;-106,84375;-152,96875;-245,90625;-81,15625;-232,9375;-398,90625;-157,0625;-217,65625;25,1875;23,59375;-374,03125;-174,71875;-102,3125;-135,15625;-384,40625;-55,625;-151,9375;197,03125;-295;-234,5625;-93,3125;78,375;129,5;112,8125;-123,46875;-188,15625;80,15625;-136,6875;-136,46875;-31;-96,21875;-74,8125;-89,15625;195,9375;99,4375;-54,21875;-79,21875;-202,65625;-117,34375;-38,8125;-44,84375;-10,21875;62,5625;361,34375;263,25;526,09375;428,3125;255,5;-93,875;247,03125;62,78125;388,78125;538,34375;794,21875;1120,875;1295,1875;1586,125;1374,625;1095,21875;929,875;542,90625;279,71875;201,40625;-15,125;31,25;129,90625;397,84375;343,875;1131,8125;1313,65625;1948,78125;2300,25;2641,65625;2762,28125;2804,78125;2401,1875;2350,0625;1682,34375;1461,4375;1545,65625;1432,4375;1808,875;2330,65625;3061,25;3767,1875;4720,96875;5279,28125;5791,53125;5567,21875;5219,96875;4735,4375;3871,6875;3232,78125;2551,40625;1972,9375;1956,84375;1815,4375;1735,71875;2188;2452,65625;2977,34375;3281,75;3634,21875;3906,5625;4087,625;4024,65625;4150,90625;3858,1875;3678,625;3738,0625;3566,6875;3262,6875;2978,40625;2703,65625;2560,375;2874,90625;3499,875;3890,53125;4745,96875;5845,53125;6309,5625;6980,3125;7380,90625;7165,1875;6836,03125;6615,125;6135,78125;5481,53125;4970,34375;4580,9375;3918,28125;3914,375;3921,625;4191,84375;4677,6875;5130,6875;5279,75;5275,71875;5488,3125;4930,125;4931,15625;4446,375;3707;2808,5;2113,65625;1362,21875;973,21875;183,53125;-9,25;-119,03125;-229,21875;-214,125;165,53125;57,0625;453,5;502,5625;233,59375;110,9375;-75,65625;-118,03125;-583;-302,4375;-240,84375;-401,84375;-179,59375;-292,96875;-315,09375;-327,3125;-473,1875;-10,53125;-311,46875;-446,34375;-206,84375;-199,28125;-17,53125;-215,53125;-128,59375;-192,5;-243,25;-179,3125;-133,375;107,46875;-217,84375;-146,84375;-178,46875;-165,5;-88,6875;-85,28125;-362,375;-353,21875;-169,59375;-287,96875;-41,78125;-142,125;-195;-174,875;227,15625;-233,5625;-300,9375;-157;-154,9375;-275,3125;-38,4375;-300,25;-250,71875;-294,8125;-126,625;-165,03125;-250,125;137,9375;-254,71875;-225,0625;-166,875;77,90625;-67,4375;-197,84375;-304,1875;3,4375;-292,96875;-96,375;-165,28125;-92,0625;-211,09375;-387,6875;-57,40625;-26,875;-97,28125;-235,65625;-168,28125;-375,34375;-320,6875;-272,625;-132,4375;-79,0625;-320,03125;-238,75;-111,53125;-150,53125;-227,4375;-35,09375;-179,9375;-379,46875;-271,96875;-240,90625;-17,9375;-260,09375;-382,5;-222,34375;-312,03125;-173,875;-226,75;-265,34375;-327,65625;-163,21875;-193,21875;-278,40625;-392,9375;-267,90625;-548,84375;-82,71875;-70,90625;-412,4375;-268,625;-295,15625;-277,09375;-94,125;-51,25;-236,28125;-291,3125;-265,25;
-142,25;16,125;-98;68,625;-184,5625;-294,15625;-202,90625;41,09375;152;-173,4375;-172,3125;-4,875;-151,25;3,21875;23,6875;-150,875;-104,65625;90,40625;40,375;-98,625;-113,59375;77,90625;-101,3125;-47,1875;-22,125;124,09375;130,46875;-38,1875;-54,875;7,46875;30,625;-6,5625;-13,0625;34,46875;-79,1875;6,46875;-46,78125;18,90625;-37,875;-14,59375;-136,65625;-133,9375;-179,5625;-161,15625;-158;1,375;-19,75;-193,75;24,53125;26,125;6,65625;91,28125;-147,09375;-202,34375;-3,0625;38,75;154,75;103,8125;-149,40625;-57,625;-52,15625;-102,78125;-162,4375;-146,5625;-133,78125;-59,90625;109;-131,21875;11,59375;-55,78125;1,28125;-123,5;40,09375;96,21875;69;19,3125;235,8125;-163,96875;1,5625;-106,65625;-108,625;169,65625;403,53125;224,96875;238,15625;-141,40625;-71,25;35,03125;-220,28125;-129,53125;121,21875;203,03125;439,375;504,84375;532,71875;706,84375;634,4375;471;227,8125;135,6875;97,21875;322,25;729,28125;962,875;1527,4375;1601,40625;1621,21875;1727,5;1301,59375;1250,15625;760,46875;529,96875;233,25;197,03125;284,875;17,5;557,3125;821,78125;1175,84375;1734,15625;2292,46875;2736,1875;3095,4375;3082,1875;3079,125;2738,625;2399,40625;2180,4375;2045,40625;1969,375;1892,53125;2365,625;2701,875;3478,65625;4373,375;5180,03125;5932,21875;6091,28125;6125,5;5838,15625;5491,5;4440,65625;3511,28125;2849,375;2321,28125;2031,78125;1927,78125;2182,625;2427,375;2754,8125;3359,15625;3944,1875;4551,40625;4384;4657,03125;4371,65625;4382,40625;4334,75;4159,1875;4004,46875;3916,8125;3609,4375;3091,90625;3319,84375;2999,09375;3364,65625;3775,03125;4495,625;5352,6875;6037,78125;6662,90625;7205,15625;7416,53125;7445,0625;7201,375;6814;6131,71875;5641,875;5190,59375;4598,21875;4129,375;4063,875;4117,09375;4375,125;4836,46875;5086,875;5001,21875;5356,5625;5588,25;5062,65625;4818,125;4339,75;4008,375;2929,46875;2317,875;1546,5;869,84375;399,96875;-15,4375;-24,75;155,0625;204,8125;402,25;281,375;425,1875;455,28125;257,46875;220,53125;47,9375;2,75;-138,8125;-148,125;-208,4375;-17;-193,5625;24,03125;-29,3125;-141,15625;-78,75;-240,78125;-259,25;-122,90625;-187,84375;-99,875;67,375;14,5;-44,40625;8,1875;-62,15625;-82,75;117,875;49,84375;-113,53125;9,3125;8,84375;-50,5;-110,4375;-170,3125;10,09375;-154;-213,09375;-383,40625;-261,625;-92,375;-164,0625;26,15625;91,5625;-49,03125;-63,34375;-116,03125;7,9375;277,84375;-68,34375;-124,28125;-17,59375;47,34375;50,25;-112,625;129,09375;-124,625;66,03125;-128,1875;-150,125;50,25;-16,78125;-3,375;61,03125;199,78125;-52,75;-130,78125;67,9375;-18,625;-82,40625;8,21875;-74,21875;3,21875;20,3125;118,8125;-58,59375;-65,6875;-207,71875;-31,9375;55,96875;57,1875;-157,34375;122,9375;68,6875;-33,125;-39,71875;168,96875;-19,03125;67,0625;-124,71875;-12,96875;-91,0625;-30,46875;-27,28125;-88,8125;-176,6875;159,21875;-151,71875;-163,75;-95,5;-103,5625;-265,28125;-99,71875;62,96875;-202,375;-141,25;-175,875;-72,96875;-54,65625;32,125;-213,84375;-19,40625;-61,34375;47,25;-139,40625;-107,3125;-198,5;
-356,21875;-118,75;-201,125;-372,21875;-188,34375;-366,90625;-175,125;-244,3125;-305,3125;-169,5;-269,3125;-423,75;-120,28125;-248,5;-260,65625;-370,59375;-286;-106,5;-309,6875;-276,375;-307,21875;-169,1875;-274,9375;-125,3125;-96,09375;-124,15625;-283,21875;-142,9375;-414,375;-300,4375;-365,59375;-216,125;-305,9375;-178,75;-443,15625;-92,625;-163,78125;-218,46875;-289,84375;-213,4375;40,90625;-329,71875;-407,21875;-312,84375;-114,875;-233,09375;-281,4375;-267,5625;-158,875;-427,1875;-232,84375;-197,0625;-122,21875;-247,71875;-331,40625;-157,28125;-94,75;-48,40625;-161,53125;-302,84375;-315,65625;-309,6875;-189,0625;-172,59375;-247,59375;-416,25;-208,09375;-135,71875;-104,5;-361,6875;-276,34375;-393,59375;-87,78125;-96;-155;-142,3125;-332,28125;-210,0625;-73,90625;-448,84375;74,25;-65,625;-116,90625;5,78125;-73,59375;48,8125;-43,46875;-40,15625;-317,0625;-167,875;-64,96875;-59,875;109,9375;318,8125;387,15625;509,03125;448,71875;200,78125;177,65625;65,15625;296,125;167,1875;302,1875;763,3125;1340,21875;1514,625;1565,28125;1528,5625;1365,65625;966,0625;665,59375;607,53125;175,875;24,9375;123,1875;376,46875;315,125;539,875;1124,28125;1492,5625;2286,75;2946,9375;3070,4375;3360,3125;3214,1875;2863,4375;2616,71875;2414,5625;2093,15625;2007,0625;2025,3125;2593,875;2808,46875;3765,46875;4459,09375;5346,125;6251,9375;6606,21875;6608,21875;6033,5625;5349,28125;4590,875;3734,4375;3087,3125;2426,59375;1874,875;2009,8125;2324,75;2369,53125;2917,03125;3291,03125;3991,09375;4489,0625;4619,71875;4745,21875;4501,4375;4416,96875;4065,5;3939,21875;3785,40625;3745,96875;3277,96875;3345,75;3025,625;3272,90625;3232,625;3965,90625;4620,40625;5416,78125;5868,0625;6623,71875;7079,21875;7309,21875;7218,40625;6951,5625;6381,59375;6091,6875;5446,53125;4775,03125;4327,6875;3985,3125;3642,6875;3793,90625;4214,40625;4531,15625;4704,15625;5173,28125;5048,46875;5240,53125;4908,1875;4605,09375;4198,625;3510,90625;2766,21875;2056,28125;1230,5;602,90625;175,96875;-188,4375;-279,6875;-184,4375;-162,71875;28,46875;84,4375;335,4375;-16,25;34,59375;78,59375;-221;-180,65625;-497,03125;-488,65625;-143,625;-277,46875;-411,8125;-413;-268,65625;-489,34375;-255,25;-246,28125;-437,75;-109;-396,71875;-384;-282,5625;-247,84375;-414,90625;-194,65625;-286,09375;-260,875;-403,03125;-252,8125;-260;-314,65625;-253,46875;-250,96875;-249,5625;-252,375;-399,375;-336,8125;-323,375;-187,1875;-295,21875;-0,375;-364,71875;-364,25;-18,3125;-275,59375;-114,03125;-227,6875;-436,46875;-493,4375;-357,8125;-280,40625;-323,71875;-368,625;-383,875;-361;-176,6875;-285,90625;-352,03125;-255,71875;-310,0625;-397,0625;-92,71875;-190,78125;-219,65625;-308,15625;-17,1875;-138,6875;-64,15625;-146,125;-106,03125;-289,46875;-216,21875;-256,59375;-24,75;-271,6875;-323,71875;-297,3125;-252,25;-310,6875;-360;-282,78125;-258,28125;-33,15625;-234,4375;-326,6875;-369,09375;-228,46875;-141;-238,03125;-138,96875;-302,625;-46,375;-234,9375;-343,625;-300,4375;-456,0625;-240,3125;-319,46875;-20,5625;-301,03125;-381,46875;-267;-318,28125;-213,8125;-125,28125;-527,71875;-206,28125;-461,34375;-337,53125;-354,09375;-232,75;-201,1875;-329,5;-205,53125;-283,625;-179,34375;-160,875;
-435,71875;-293,46875;-385,375;-182,40625;-263,34375;-377,875;-261,25;-248,34375;-197,34375;-303,6875;-314,96875;-245,875;51,5;-191,46875;-306,3125;-125,875;-170,59375;-93,75;-26,25;-277,3125;-124,4375;-190,09375;-142,3125;-106,875;-34,6875;-255,03125;-173,625;-243,625;-185,09375;-233,59375;-143,5625;-326,75;-164,125;-349,46875;-90,03125;-175,28125;-106,71875;-133,5625;-130,3125;-401,53125;-120,59375;-288,625;-163,1875;-399,65625;-265,28125;-252,1875;-333,78125;-270,3125;-330,4375;-389,125;-291,1875;-309,53125;-142,15625;-305,75;-240,15625;-368,6875;-190;-178,375;-61,6875;-124,59375;-208,84375;-248,03125;-124,71875;49,03125;-128,09375;-100,65625;-291,90625;-149,65625;-72,0625;-257,375;-133,28125;-109,5625;-11,1875;-12,09375;29,5625;-150,84375;-134,3125;-335,375;-276,09375;-205,96875;-14;-66,78125;-212,90625;-105,375;59,3125;-114,90625;-79,09375;-102,625;-203,875;20,625;120;80,96875;240,84375;314,875;518,84375;482,125;603,25;321,46875;305,5625;158,59375;367,8125;381,6875;611,03125;1156,65625;1490,25;1600,9375;1651,9375;1452,3125;1382,65625;1144;859,21875;376,75;160,78125;243,1875;157,78125;290,03125;391,71875;964,28125;1323,21875;1828,09375;2436,0625;2863,625;3389,5;3661,09375;3507,4375;3245,21875;2899,625;2710,59375;2519,5;2321,09375;2482,375;2696,78125;3390,96875;4372,28125;5156,8125;5916,125;6885;7017,75;7039,375;6687,125;5886,25;4727,4375;4080,8125;3082,625;2701,09375;2524;2353,78125;2607,625;2754;3092,78125;3929,5625;4363,5;4922,5625;5222,84375;5279,75;5076,3125;5013,8125;4710,53125;4241,4375;3978,5;3919,53125;3601,125;3409,0625;3429,3125;3616,125;3749,71875;4456,59375;4969,4375;5868,40625;6424,1875;6973,8125;7367,90625;7357,8125;7243,78125;7107,71875;6849,09375;6094,75;5462,84375;4812,71875;4008,25;3776,25;3836,125;3866,78125;4026,375;4572,5;4895,34375;4974,21875;5131,09375;5138,1875;5165,875;4750,0625;4220,46875;3780,5;2683,4375;2002,4375;1396,28125;690,9375;195,84375;-21,65625;-190,53125;4,1875;260,96875;99,09375;304,59375;380,46875;104,03125;81,3125;154,96875;-8;-376,25;-199,875;-364,3125;-289,28125;-227,09375;-396,28125;-456,125;-334,40625;-549,40625;-509,40625;-564,03125;-314,4375;-314,71875;-204,71875;-251,46875;-155,8125;-241,96875;-302,1875;-37,4375;-265;-89,5625;72,4375;37,90625;-74,53125;-76,3125;-307,625;-220,96875;-157;-292,21875;-198,59375;-132,3125;-216,40625;-167,5625;-198,09375;-144,8125;-173,78125;-71,28125;-269,28125;-241,34375;-144,875;-214,53125;-106,15625;-101,53125;-173,96875;-234,125;-315,75;-292,625;-262,5;-112,34375;-294,46875;-118,34375;-68,90625;-108,78125;-212,28125;-379,0625;-237,65625;-305,90625;-87,78125;-331,4375;-279,15625;-6,9375;-144,25;5,3125;-353;-81,75;-382,75;-115,59375;-341,46875;-242,125;-13,46875;-243,59375;-286,28125;-253,21875;-16,65625;-306,15625;-69,28125;-319,78125;-150,03125;-237;-235,5625;-80,78125;-214,5625;-265,09375;-209,5;-267,40625;-247,25;-335,25;-295,34375;-383,28125;-307,0625;-266,25;-409,1875;-193,3125;-168,25;-311,1875;-106,53125;-321,65625;-353,71875;-173,46875;-301,5625;-406,9375;-186,0625;-403,875;-164,75;-249,46875;-404,21875;-153,96875;-170,875;-233,65625;-264,5625;-192,125;
-152,84375;-246,65625;-196,0625;-279,8125;-348;-32,9375;-292,4375;-129,8125;-129,75;-302,8125;-256,21875;-279,03125;-129,25;-249,09375;12,90625;-128,6875;-167,53125;-38,09375;-162,03125;-144,34375;-136,15625;-151,15625;-22,84375;-38,03125;-171,53125;-236,625;-122,40625;36,21875;-22,90625;-232,65625;-125;-276,09375;-271,6875;-169,40625;-97,71875;-121,28125;-178,0625;-54,5;-26,75;-170,3125;-348,375;-107,5;-170,34375;-277,0625;-170,5625;-207,1875;-0,75;-378,75;-203,9375;-109,5;-378,71875;-358,34375;-155,3125;-210,78125;-123,40625;-74,28125;-259,4375;-191,96875;-129,03125;-123,25;-418,6875;-249,6875;-5,6875;-212,03125;-41,15625;-157,5625;-86,65625;-379,96875;-116,84375;-111,53125;-51,0625;-148,0625;-26,21875;32,625;-130,28125;20,25;-211,28125;-80,03125;-205;-27,75;63;-39,53125;-182,40625;-5;111,15625;209,125;109,75;-198,21875;-89,53125;-297,5625;24,40625;243,96875;358,5;534,09375;596,625;517,09375;666,1875;682,4375;555,15625;316;310,5625;430,78125;775,40625;1029,09375;1418,90625;1667,90625;1748,75;1785,53125;1489,71875;1239,90625;992,3125;442,625;392,75;213,96875;260,375;519,71875;626,90625;896,53125;1565,25;2252,15625;2488,6875;3217,3125;3656,375;3929,65625;4042,46875;3644,90625;3335,1875;3132,9375;2935,25;2726,5;2866,78125;3229,59375;3892,84375;4592,375;5674,84375;6590,875;7399,125;7749,3125;7731,15625;7399,5625;6288,5;5341,65625;4520,5625;3725,53125;3049,4375;2855,71875;2546,15625;2718,125;2923;3719,34375;4384,0625;4961,4375;5358,375;5616,625;5759,75;5615,78125;5488,71875;4861,03125;4585,09375;4383,625;4148,9375;3921,4375;3871,09375;3504,3125;3846,25;4020,65625;4629,90625;5450,59375;6189,40625;6860,5;7279,71875;7624,5;7907,46875;7592,53125;7186,03125;6732,875;6232,21875;5570,21875;5022,25;4419,90625;4093,21875;3903,3125;4166,25;4234,78125;4479,4375;4821,8125;5234,5625;5400,09375;5353,28125;5044,53125;4903,03125;4349,5625;3595,9375;2663,8125;1965,25;1331,8125;481,25;299,25;10,34375;-47,34375;34,125;139,8125;157,5;467,25;291,625;316,8125;137,375;-105,6875;-211,3125;-86,8125;-131,03125;-416,65625;-380,375;-337;-202,28125;-418,09375;-296,5;-222,75;-256,4375;-119,5;-307,6875;-229,15625;-167,8125;-288;-80;-378,84375;-77,90625;95,78125;-39,9375;-195,21875;-82,25;75,71875;-47,25;29,125;-161,75;-169,5;-142,875;197,125;-84,34375;-311,96875;-83,625;-254,75;-119;37,875;-276,375;-183,9375;-236,15625;75,71875;-200,90625;-150,53125;-28,84375;-36,96875;-194,09375;-152,09375;-76,40625;-143,375;-33,4375;-176,6875;-63,9375;-144,53125;-83,75;-142,9375;-100,8125;-53,09375;-126,59375;-235,875;-248,8125;19,125;30,65625;-94,84375;6,9375;140,78125;-150,5;-37,0625;18,8125;-95,34375;-66,90625;96,15625;-14;14,03125;-107,9375;-306,34375;-83,875;-34,34375;-195,875;-220,65625;-298,6875;-66,375;-222,21875;-101,25;-161;-8,46875;-262,90625;-178;-229,875;-319,1875;-47,25;-202,75;-57,0625;-108,125;-208,90625;-333,53125;-82,34375;-251,875;-34,625;-72,625;-348,875;-160,53125;-28,40625;-234,53125;-232,3125;-233,65625;-229,84375;-243,9375;-287,65625;-232,03125;-111,96875;-248,53125;-317,03125;-298,96875;
-214,71875;-141,0625;-24,1875;-309,875;-209,6875;-134,65625;-57,15625;-106,3125;-18,1875;-10,28125;46,1875;-113,5625;-127,75;-282,59375;-260,5625;-267;-278,65625;-236,125;-254,0625;-148,03125;-63,125;-199,75;-24,21875;-256,4375;-309,09375;-255,0625;-215,875;-125,9375;-447,71875;-145,125;-100,78125;-210,875;-335,15625;-263,40625;-189,96875;-148,3125;-31,5;-90,1875;-270,09375;-363,3125;-135,1875;-70;-297,84375;-158,25;-367,78125;-290,5;-236,5;-201,59375;-268,34375;-267,96875;-185,40625;-354,6875;-70,6875;-171,4375;-181,96875;-240,34375;-128,4375;-255,34375;-56;-140,15625;-221,53125;-74,40625;-44,5;99,84375;-110,46875;-381,4375;-201,34375;-243,90625;-255,75;25,21875;-203,5625;-196,21875;-8,375;-91,71875;-51,09375;-110,5625;-229,21875;-154,5625;-103,09375;-178,46875;-150,8125;-124,65625;-59,625;-15,5625;-139,25;22,96875;41,375;4,34375;-70,75;-339,0625;-152,625;44,84375;160,5;491,125;334,53125;729,96875;624,625;304,78125;204,34375;139,375;386,28125;518,1875;802,5;1200,34375;1436,59375;1825,9375;2015,3125;1905,40625;1635,5;1200,90625;629,875;558,53125;290,625;266,21875;263,28125;492,875;697,21875;1017,09375;1509;1972,90625;2804,59375;3260,65625;3542,375;4179,5;3869,84375;3854,1875;3389,375;3159,5625;3093,03125;2922,21875;3010;3584,0625;4193,9375;5132,3125;6242,90625;6988,1875;7791,15625;8403,34375;8081,125;7810,46875;6914,0625;5903,65625;4670,53125;3817,09375;3239,6875;3027,84375;2862,34375;2964,1875;3447,03125;4142,75;4676,21875;5294,625;6018,625;6110,71875;6109,34375;5950,9375;5514,625;5203,75;4910,53125;4664,4375;4132,5;4006,375;3819,5625;3767,375;4095,6875;4524,75;4971,59375;5647,21875;6364,25;7030,875;7283,03125;7527,96875;7683;7472,8125;7280,71875;6600,84375;6263,15625;5597,3125;4787,03125;4334,6875;3991,0625;3718,125;4008,21875;4271,34375;4426,6875;4845,71875;5336,9375;5178,71875;5375,09375;5168,34375;4860,3125;4340,3125;3335,46875;2755,53125;1832,1875;1164,6875;673,53125;97,78125;-79,1875;-151,03125;-49,875;131,6875;74,09375;104,75;313,5625;292,21875;97,59375;15,09375;-153,0625;-298,09375;-511,9375;-289,6875;-357,53125;-153,6875;-464,21875;-392,03125;-91,15625;-383,9375;-177,625;-262,40625;-356,03125;-470,59375;-239,875;-460,4375;-468,8125;-187,71875;-88,5625;-51,71875;-143,875;-160,75;-172,875;-368,625;-153,34375;-114,5;-84,25;-447,6875;5,40625;-301,0625;-314,71875;-239,71875;-108,625;-39,03125;-115,40625;-333,90625;-359,84375;-318,53125;-220,15625;-3,6875;-222,15625;-148,5;-212,71875;-106,59375;-151,9375;-219,78125;-171,1875;-69,03125;-351,21875;117,625;4,0625;-194,03125;-88,53125;-127,90625;-210,375;-233,9375;-189,9375;-230,25;-134,46875;-121,96875;-128,125;-88,6875;-174,6875;-64,1875;-127,40625;22;-230,84375;-149,53125;-313,78125;17,84375;-476,09375;-202,15625;-263,4375;-36,09375;-68,90625;-190,25;-37,1875;-103,59375;-267,75;-143,03125;-319,21875;-108,03125;-272,78125;-194,59375;-205,5625;-184,03125;-302,40625;-337,28125;-271,4375;-347,15625;-130,21875;-99,71875;-3,125;-411,09375;-364,9375;-302,15625;-267,375;-326,84375;-241,84375;-403,75;-295,03125;-398,5625;-339,78125;-304,5625;-91,21875;-253,03125;132,25;-126,21875;-308,84375;-252,53125;-309,84375;-40,59375;
-295,96875;-295,34375;-371,40625;-353,96875;-250,1875;-169,96875;-297,71875;-209,625;-292,875;-210,25;-313,25;-361,21875;-292,90625;-131,8125;-145,34375;-36,65625;-35,96875;-327,75;-190,53125;-228,9375;-151,28125;44,78125;78,125;40,1875;-214,125;-160,5625;-440,34375;-202,34375;-207,96875;-238,78125;-299,34375;-186,78125;-305,5625;-161,46875;-332,5;-306,90625;-338,625;50,8125;-242,4375;-596,40625;-245,0625;-243;-253,78125;-183,96875;-342,6875;-122,3125;-223;-249,875;-128,375;-138,625;-252,40625;-405,875;-189,8125;-206,65625;-285,40625;-256,0625;-177,59375;-223,28125;-234,71875;-283,65625;-254,46875;-185,75;-118,8125;-352,25;14,6875;-278,5625;-208,03125;-45,375;-178,59375;-41,09375;-233,03125;-208,125;-264,5625;-127,875;-233,9375;-265,53125;110,6875;-75,0625;-228,8125;-302,5625;-163,5625;-150,4375;142,1875;46,1875;132;-25,5;-42,21875;-203,65625;-115;-122,34375;9,625;28,40625;222,9375;171,5625;470,1875;723,4375;763,3125;372;147,71875;133,84375;437,96875;628,34375;920,96875;1412,6875;1520,5625;1905,25;2091,5625;2072,625;1558,21875;1343,1875;1025,21875;462,75;329,65625;181,625;214,5625;246,3125;821,9375;1160,65625;1729,3125;2176,34375;2916,78125;3714,53125;4171,65625;4305,15625;4413,1875;4099,3125;3854,78125;3783,90625;3390,3125;3263,25;3532,59375;4237,46875;4282,1875;5530,71875;6579,5;7547,78125;8696,8125;8960,0625;8891,625;8314,15625;7488,25;6262,625;5099,28125;4384,59375;3723,625;3149,3125;3214,8125;3334,875;3930,46875;4291,5;5243,25;5890,71875;6457,9375;6546,1875;6523,25;6525,34375;6005,90625;5682,78125;5106,71875;4778,1875;4458,03125;4204,875;3868;4125,28125;4235,84375;4828,875;5245,3125;6067,96875;6683,8125;7219,21875;7564,1875;7591,6875;7730,65625;7404,65625;7060,75;6755,5625;6164,375;5623,5625;4884,84375;4493,75;4168,46875;3950,46875;4124,03125;4202,90625;4697,125;4883,84375;5171,46875;5141,6875;5328,375;5192,8125;4832,28125;4402,4375;3664,3125;2773,40625;1900,34375;1142,53125;571,8125;7,375;-173,28125;-167,71875;-142,28125;11,71875;204,1875;258,84375;338,375;244,25;84,59375;211,375;-95,53125;-271,21875;-373,78125;-401,8125;-390,21875;-371,84375;-156,3125;-324,15625;-334,53125;-265,65625;-48,75;-155,21875;-175,90625;-469,6875;-225,90625;-359,03125;-37,96875;-223,28125;-60,1875;57,40625;-393,0625;-90,78125;-88,90625;-118,875;-62,78125;-247,125;-194;-188;-394,875;-81,25;-75,46875;-242,5;-245,15625;-211,375;-200,0625;-285,03125;-50,84375;59,5;-78,65625;194,09375;-10,6875;-142,3125;-205,6875;-38,09375;-108,78125;-232,03125;-304,125;-131,125;-200,875;53,71875;-251,28125;-132,28125;33,5;-75,1875;-32,90625;-166,1875;-214,9375;-255,6875;-77,6875;-250,125;-120,75;-273,75;-23,0625;-173,875;2,84375;-80,34375;-221;7,96875;-0,75;-343,125;-33,78125;-193,0625;-229,5;-20,1875;-367,6875;-169,625;-184,21875;-166,4375;-98,34375;-98,96875;-213,46875;-9,71875;-172,71875;-286,1875;-146,25;-128,53125;-365,625;-363,03125;-278,15625;-23,125;-346,65625;-288;-102,375;-72,46875;-321,125;-108,40625;-207,875;-18,3125;-103,75;-236,8125;-521,40625;-121,90625;-65,875;-118,375;-376,09375;-330,3125;-309,625;-185,40625;-233,375;-243;-195,6875;-185,21875;
-458,03125;-338,8125;-359,96875;-292,84375;-178,3125;-535,78125;-271,375;-276,90625;-581,65625;-627,4375;-420,34375;-414,125;-409,15625;-506,125;-391,5625;-406,8125;-391,3125;-213,4375;-295,71875;-486,0625;-314,25;-377,96875;-362,90625;-457,28125;-263,6875;-271,34375;-268,71875;-460,40625;-260,625;-372,15625;-459,96875;-326,0625;-537,21875;-259,6875;-378,28125;-408,59375;-277,03125;-534,75;-350,15625;-463,5625;-400,5625;-363,09375;-280,375;-521,0625;-409,90625;-353,84375;-173,75;-653,21875;-519,125;-450,71875;-390,03125;-297,75;-175,28125;-287,125;-432,34375;-422;-312,375;-340,5625;-373,46875;-181,09375;-473,125;-294,8125;-380,90625;-181,25;-375,4375;-327,125;-378,21875;-199,5625;-433,5;-367,75;-124,34375;-291,625;-209,71875;-238,90625;-357,21875;-207,96875;-227,65625;-299,78125;-281,9375;-463,09375;-427,25;-358,96875;-306,59375;-12,4375;-195,25;-50,40625;-271,96875;-320,1875;-431,75;-401,375;-131,1875;-149,5;16,1875;294,71875;488,25;463,0625;468,9375;-24,875;101,46875;172,0625;38,375;264,34375;1005,15625;1188,34375;1474,03125;1822,53125;1805,21875;1666,28125;1919,53125;1060,09375;819,71875;617,59375;144,9375;238,5;266,53125;255,9375;544,125;1090,375;1585,09375;2384,46875;3004,09375;3617,96875;4125,75;4358,0625;4361,15625;4215,28125;4079,1875;3550,5625;3584,125;3555,6875;3650,71875;4271,21875;5175,78125;5810,71875;7145,4375;8141,25;8756,3125;9431,59375;9355,8125;8586,03125;7493,25;6404,96875;5294,03125;4485,625;3825,5625;3361,375;3433,5;3569,46875;3946,8125;4951,875;5394,53125;6036,59375;6617,03125;6656,9375;6872,90625;6578,53125;6289,0625;5615,25;5074,71875;4762,9375;4609,65625;4416,3125;4191,0625;3931,1875;4345,5;4688,59375;5462,28125;6252,25;6947,03125;7299,78125;7550;7575,8125;7639,0625;7435,90625;7138,90625;6621,21875;5982,8125;5338,28125;4571,09375;4154,53125;3979,3125;3836,84375;3507,09375;3978,25;4373,9375;4659,3125;4852,03125;5153,15625;5122,53125;5092,46875;4430,875;4160,0625;3353,71875;2492,03125;1529,21875;965,34375;105,25;-136,5;-342,34375;-295,125;-241,375;-79,21875;36,21875;139,09375;28,75;97,9375;-205,53125;-206,03125;-482,34375;-248,21875;-491;-448,5;-616,4375;-480,875;-421,375;-535;-439,09375;-370,78125;-612,21875;-670,40625;-441,3125;-480,9375;-603,125;-324,40625;-229,46875;-311,15625;-331,96875;-381,0625;-226,125;-392,6875;-307,4375;-377,625;-206,8125;-478,9375;-513,625;-368,125;-431,96875;-395,75;-464,03125;-367,375;-151,09375;-299;-367,125;-409,28125;-245,75;-311,5625;-373,53125;-217,59375;-239,8125;-387,15625;-274,5;-451,0625;-234,03125;-305,8125;-405,96875;-353,875;-433,21875;-479,59375;-285;-79,5;-294,40625;-536,65625;-395,8125;-165,65625;-204,90625;-273;-218,65625;-164,8125;-221,15625;-203,8125;-248,21875;-165,125;-267,59375;-249,21875;-427,40625;-277,59375;-93,875;-67,0625;-338,40625;-260,3125;-525,59375;-431,40625;-427,625;-385,15625;-391,78125;-369,15625;-399,28125;-296,65625;-197,28125;-399,375;-400,96875;-254,1875;-96,53125;-210,25;-521,96875;-361,125;-354,875;-373,71875;-456,09375;-657,53125;-530,6875;-519,375;-439,375;-345,15625;-450;-74,84375;-309,1875;-306;-408,09375;-330,5;-320,8125;-328,65625;-463,625;-439,46875;-352,3125;-371,875;-431,84375;-447,3125;-541,25;-537,71875;
-205,625;-124,6875;-133,375;-156,53125;58,6875;-116,78125;-213,25;-300,65625;-44;-220,34375;-132,0625;-222,625;-145,71875;-243,6875;29,25;-48,125;-132,375;-111,3125;-147,625;-191;-119,21875;-250,15625;-323,9375;-84,25;-356,15625;-115,28125;-46,96875;-202,5;-44,40625;-134,8125;-136,90625;-226,875;-175,78125;-182,46875;-89,65625;-173,8125;-53,9375;-325;-183,3125;-116,46875;-103,625;-261,125;-110,25;-230,9375;-172,375;-79,96875;-212,84375;-278,53125;-177,03125;88,09375;-76,03125;-230,03125;-190,4375;-157,65625;-143,34375;-188,625;-174,59375;-60,71875;43,59375;46,46875;-177,125;-199,03125;155,5;-151,75;40,9375;16,1875;-33;62,375;-100,46875;-52,125;-14,96875;-78,84375;13,28125;-204,21875;71,25;192,34375;-176,375;17,9375;-227,09375;-55;-120,25;-204,5625;39,625;14,28125;152,25;173,03125;17;107,15625;-147,6875;-35,0625;173,71875;120,28125;586,6875;733,875;694,125;774,0625;755,0625;637,28125;370,78125;397,8125;636,375;740,3125;890,0625;1391,9375;1904,34375;2090,3125;2152,1875;2219,71875;1838,9375;1420,53125;1134,875;763,6875;584,28125;279,4375;252,53125;501,84375;879,28125;1355,96875;1792,25;2696,46875;3476,78125;4116,65625;4647,40625;4828,28125;4971,5625;4824,875;4511,84375;4267,34375;3874,875;4074,71875;4300,75;4760,96875;5644,09375;6565,71875;7753,375;8724,09375;9869,09375;9961,53125;10248,96875;9323,75;8362,71875;7049,78125;5980,21875;4958,6875;4487,21875;3917,71875;4014,75;3931,1875;4498,65625;5357,59375;5878,0625;6857,21875;7177,21875;7340,5625;7615,65625;6936,875;6708,96875;6070,34375;5702,5;5478;4953,28125;4432,15625;4306,53125;4335;4805,75;5308,71875;6121,125;6867,4375;7189,78125;7639,28125;8111,09375;8067,8125;7831,71875;7325,21875;7365,84375;6744,625;6267,84375;5427,71875;4854,4375;4524,5625;4120,90625;4008,78125;4193,5625;4320,03125;4467,78125;4964,5;5054,75;5277,59375;5296,09375;5279,5;4786,21875;4511,125;3580,9375;2745,25;1878,625;1018,0625;461,625;0,4375;-69,15625;-103,5625;-293,09375;-65,3125;321,875;324,96875;521,03125;498,6875;146,78125;-141,40625;-190,0625;-263,46875;-445,25;-283,9375;-129;-339,09375;-78,65625;-252,6875;-114,625;-144,59375;-102,5625;-242;-150,90625;-166,21875;-52,65625;-39,53125;-161,125;-232,65625;-159,25;-57,03125;-265,5625;-73,78125;-105,53125;-39,3125;71,84375;-68,375;-367,875;-150,90625;-247,65625;-359,0625;-174,21875;-27,46875;-148,3125;-145,375;-181,78125;-140,90625;-292,4375;-110,1875;89,125;-249,6875;-204,21875;-122,125;67,78125;11,4375;-165,53125;-108,4375;-101,09375;-136,28125;-312,53125;-137,59375;-281,375;-161,59375;-128,34375;-15,84375;-158,9375;-46;-184,53125;8,1875;-183,1875;-127,0625;-181;-43,875;11,125;7,8125;-8,90625;-238,90625;-80,96875;-70,375;160,28125;0,25;-65,90625;-155,0625;-32,65625;-164,59375;93,0625;-106,15625;-247,5;-186,25;-244,78125;-228,1875;-291,75;-124,46875;9,15625;-114,84375;-166,6875;-87,4375;-161;-163,90625;-162,9375;-389,25;-300,125;-105,03125;-175,125;-271,75;-131,5625;1,28125;-207,125;-264,0625;-114,0625;-12,375;-288,84375;-118,84375;-65,875;-205,3125;-210,59375;-188,4375;-138,65625;-190;-150,78125;-288,5625;182,53125;-33,03125;
-134,84375;-124,5;-301,53125;-215,71875;-173,5625;-467,5;-355,5625;-226,28125;-84;-391,9375;-80,96875;-265,9375;-170,59375;-233,59375;-498,46875;-379,6875;-361,71875;-286,5;-317,3125;-533,25;-330,375;-201,53125;-168,1875;-255,53125;-417,25;-422,46875;-524;-324,0625;-366,8125;-306,0625;-269,34375;-117,03125;-182,21875;-318,09375;-294,1875;-451,96875;-310,46875;-379,0625;-360,1875;-299;-398,5625;-209,96875;-340,40625;-289;-310,625;-168,125;-185,625;-220,03125;-226,71875;-261,875;-453,96875;-148,84375;-255,1875;-308,09375;-407,40625;-188,9375;-28,0625;-373,78125;-348,9375;-295,84375;-280,625;-235,71875;-152,96875;-248,78125;-185,40625;-359,28125;-14,46875;-283,3125;-185,0625;-338,6875;-226,75;-385,75;-224,03125;-223,8125;-190,4375;-156,3125;-258,4375;-80,15625;-208,25;-218,25;-127,15625;-62,75;-162,6875;41,8125;-3,75;34,96875;-80,28125;-186,21875;-204,25;-77,75;35,8125;-28,625;127,28125;746,5;767,1875;756,1875;573,78125;280,59375;478,59375;388,09375;480,21875;660,0625;1056,75;1515,09375;1781,25;2177,09375;2252,9375;2112,5625;1826,96875;1466,3125;1080,3125;872,34375;445,4375;274,28125;327,4375;588,375;678,40625;1212,6875;1953,25;2773,9375;3726,78125;4195,65625;4746,15625;5053,59375;5036,40625;4861,46875;4543,4375;4440,09375;4223,75;4210,25;4265;4912,71875;5732,4375;6721,5;7898,78125;9024,875;10226,4375;10351,71875;10515,875;9725,21875;8600,21875;7402,84375;6406,15625;5307,125;4607,34375;4119,40625;4381,0625;4419,03125;4962,21875;5686;6137,625;6816,09375;7604,09375;7829,1875;7616,53125;7570,5625;7105,15625;6212,53125;5963,1875;5265,15625;5032,625;4632,8125;4357,375;4618,46875;4940,5625;5481,1875;5992,90625;6636,6875;7348,0625;7766,65625;7935,15625;8001,625;7866,15625;7444,125;7167,96875;6660,03125;6120,1875;5368,34375;4820,46875;4388,0625;4157,0625;3677,6875;3857,96875;4068,03125;4615,40625;4884,59375;5005,5;5031,6875;5094,90625;5161,5625;4645;4095,5625;3557,5;2572,125;1743,84375;857,9375;435,15625;132,8125;-238,8125;-62,625;-108,875;101,59375;187,15625;357,09375;328,96875;291,90625;214,1875;-28,40625;-305,53125;-280,78125;-64,9375;-205,5625;-173;-238,1875;-257,96875;-314,53125;-251,84375;-419,3125;-359;-257,09375;-517,0625;-163,3125;-606,40625;-61,4375;-472,6875;-201,96875;-310,9375;-433,65625;-330;-66,65625;-118,34375;-72,5;-132,4375;-344,34375;-134,46875;-256,375;-222,84375;-161,4375;-381,34375;-394,40625;-82,875;-337,1875;-144,5;-380,25;-129,84375;-270,34375;-336;-253,21875;-210,21875;-221,09375;-209,8125;-283,5625;-309,96875;-261,5625;6,15625;-301,8125;-309,375;-324,3125;-175,21875;-123,8125;-71,375;-233,25;-102,75;-262,6875;-398,9375;-251,65625;-47,71875;2,3125;19,0625;-172,375;-187,5625;-227,125;81,21875;-239,125;-39,15625;-71,03125;-80,375;-209,6875;-110,21875;-27,46875;-134,8125;-107,625;-273,25;-235,21875;-129,6875;-162,65625;-386,46875;-348,34375;-216,375;-313,71875;-329,96875;-241,5625;-120,5625;-261,03125;-246,53125;-469,53125;-139,59375;-391,84375;-226,375;-204,59375;-259,25;-313,09375;-41,78125;-235,5625;-226,875;-252,90625;-288,15625;-243,25;-200,21875;-446,21875;-272,21875;-331,28125;-274,3125;-320,4375;-316,1875;-422,9375;-415,625;-166,84375;-359,875;-305,1875;
-35,9375;-186,71875;-202,90625;-217,0625;-216,40625;-209,1875;-124,59375;-547,3125;-311,375;-154,15625;-190,75;-254,25;-184,96875;-266,875;-309,25;-197,90625;-325,375;-344,34375;-80,0625;-114,0625;-92;-143,75;-56,78125;-38,375;-229,34375;-279,96875;-177,21875;-86,4375;-184,6875;-246,28125;-269,34375;-136,40625;-207,5625;-208,40625;-435,34375;-131,21875;-296,59375;-159,6875;-176,34375;-136,5625;-351,3125;-21,03125;-124,1875;-409,90625;-184,9375;-281,21875;-440,96875;-283,75;-264,03125;-250,03125;-221,15625;-89,46875;-323,90625;-175,53125;-155,96875;-164,625;-196,125;-147,34375;-277,5625;-177,84375;-22,46875;-227,90625;-184,46875;-177,6875;-214,09375;-35,40625;-168,09375;-194,1875;-131,40625;-220,28125;-135,5625;98,25;-262,375;-27,90625;5,84375;-207,375;-222,53125;-400,96875;-305,59375;-259,03125;-138,875;-181,125;53,28125;-20,875;73,34375;107,78125;167,84375;24,6875;-193,78125;-196,75;68;177,53125;545,71875;705;690,5;798,96875;681,625;650,84375;384,53125;352,03125;474,25;621,25;849,3125;1631;1914,8125;2356,875;2408,34375;2271,59375;2012,65625;1570,8125;1210,375;803,84375;434,4375;197,75;309,6875;524,40625;807,875;1271,5;1998,71875;2713,75;3505,3125;4270,125;5087,875;5413,25;5302,71875;5041,5625;4693,53125;4464,375;4104,71875;4281,40625;4848,25;4929,6875;5999,03125;6992,9375;8545,5;9664,375;10838,53125;10949,78125;10697,25;10279;9120,8125;7935,5;6746,84375;5980,84375;4944,0625;4430,9375;4568,21875;4671,71875;5451,125;5973,09375;6656,125;7472,6875;8085,59375;8181,625;8065,125;7861,65625;7326,59375;6727,21875;6055,84375;5432,71875;5272,5;4865,0625;4509,09375;4683,3125;5022,5625;5621,46875;6258,40625;6887,59375;7482,0625;7895,375;7807;7958,96875;7703,9375;7348,78125;7121,09375;6633,65625;6155,03125;5351,59375;4822,75;4313,5625;4100,5625;3790,9375;3870;4032,28125;4410;4736,1875;5068,09375;5046,6875;5172,21875;4995,71875;4641,90625;4187,90625;3448,53125;2448,625;1795,5;836,375;516,78125;-17,03125;-337,84375;-189,6875;-71,65625;194,59375;324,5;416,5;314,875;55,8125;-173,25;-30,09375;-172,09375;-357,21875;-288,59375;-321,5625;-347,5625;-248,1875;-212,90625;-197,46875;-396,90625;-510,90625;-385,5625;-122,90625;-320,25;-273,6875;-122,8125;-318,5;-237,875;-151,78125;-176,59375;-302,53125;-262,6875;-113,3125;-216,34375;-16,53125;-79,0625;-253,9375;-198,96875;-123,8125;-233,25;-190,25;-311,625;-244,125;-127,71875;-222,78125;-176,5625;-179,84375;-316,65625;-167,40625;-66,40625;-211,09375;-205,0625;9;-246,53125;-59,71875;-382,375;-3,125;-292,28125;-103,5;-183,46875;-246,03125;-351,28125;-224,09375;-217,9375;-52,625;-120,3125;-171,625;-206,53125;-135,9375;-167,4375;-157,78125;36,15625;-197,78125;-114,8125;18,6875;-202,1875;74,6875;-183,875;-39,5625;-106,875;-104,5;-75,53125;-120,3125;-270,8125;-164,8125;-233,5625;-243;-90,5;-344,03125;-255,625;20,5625;-91,40625;-205,53125;-265,46875;-203,125;-110,9375;-277,78125;-137,34375;-224,40625;74,34375;-203,15625;-146,0625;-237,53125;-84,21875;-338,3125;-254,46875;-113,125;-139,625;-410;-307,46875;-315,09375;-138,25;-302,96875;-259,125;-268,75;-192,15625;-221,03125;-90;-244,78125;-148,75;-336,9375;-386,9375;-421,875;
-386,4375;-293,71875;-233,96875;-393,65625;-256,34375;-106,53125;-154,375;-393,53125;-161,15625;-253,90625;-278,34375;-402,90625;-256,71875;-311,9375;-256,0625;-165,90625;-359,6875;-214,84375;-230,5625;-254,1875;-101,3125;-174,125;-302,375;-124,03125;-235,875;-208,75;-146,09375;-77,1875;-334,46875;-307,625;-291,5625;-97,1875;-326,5625;-277,3125;-213,96875;-339,28125;-162,25;-216,96875;-248,125;-218,71875;-56,96875;-277,03125;-259,8125;-176,65625;-296,84375;-332,78125;-68,25;-276,6875;-185,6875;-219,78125;-274,25;-338,59375;-309,65625;-166,1875;24,71875;-142,84375;-394,4375;-315,15625;-31,5625;-138,90625;-231,34375;-344,8125;-254,6875;-128,65625;-299,4375;-112,84375;-331,8125;-283,75;-129,5625;-362,40625;-266,25;-136,40625;-204,34375;-21,40625;-199,875;-79,125;-137,65625;-94,96875;-107,59375;-359,3125;-314,125;-196,0625;20,78125;-163,15625;70,03125;23,25;172,21875;-121,625;-303,59375;-168,21875;-91,46875;111,84375;673,6875;648,5625;654,03125;884,625;651,40625;437;539,09375;192,15625;439,28125;621,59375;1056,15625;1398,0625;1926,0625;2126,6875;2366,8125;2317,4375;2072,625;1722,78125;1370,40625;740,28125;640,46875;463,75;253,96875;633,78125;942,59375;1440,03125;2116,40625;2945,09375;3842,6875;4582,65625;5099,5625;5455,5625;5673,84375;5352,09375;5094,09375;4738,53125;4473,5;4431,53125;4701,6875;5486,5625;6199,3125;7599,75;8611,4375;10137,65625;10975,625;11383,375;11202,25;10475,0625;9651,9375;8368,53125;6960,125;6111,96875;5520,15625;4909,75;5074,65625;5267,9375;5762,78125;6374,875;6909,6875;7651,125;8251,5625;8473,125;8577,5625;8030,75;7730;6920,59375;6423,875;5949,125;5466,53125;5030,375;5190,59375;5037,875;5293,75;5753,46875;6409,71875;7073,78125;7618;7672,625;7979,5625;7964,25;7704,28125;7452,40625;6934,0625;6526,96875;5975,46875;5455,5;5049,46875;4408,03125;3943,125;3670;3865,90625;4148,5625;4363,3125;4972,25;5242,34375;4961,34375;5231,6875;4785,40625;4525,96875;4094,875;3132,6875;2534,65625;1669,3125;868,71875;345,90625;161,53125;-267,8125;-7,4375;-13,625;92,1875;225,375;568,5625;493,71875;425,875;195,15625;1,1875;-281,5;-216,28125;-207,1875;-241,21875;-416,90625;-57,46875;-345,90625;-367,65625;-218,78125;-314,625;-278,90625;-217,1875;-195,4375;-162,4375;-346;-370,1875;-213,125;-40,5625;-193;-324,625;-281,9375;-74,96875;-206,0625;-160,375;-182,9375;-335,21875;-102,625;-194,59375;-220,75;-354,34375;-41,3125;-105,03125;-132,09375;-132,71875;-269,28125;-354,03125;-182;-168,71875;-210,65625;-317,78125;-11,5;-287,09375;40,21875;-205,28125;-88,84375;-79,8125;-216,21875;-207,28125;-25,28125;-333,625;-269,40625;-284,4375;-162,90625;-271,53125;-22,625;-96,15625;-143,28125;24,15625;-14,09375;-154,3125;22,375;247,09375;-192,3125;-5,65625;-206,5625;-116,03125;-257,5;-110,03125;-67,09375;-342,8125;-146,59375;95,53125;-183,5625;-307,875;-256,15625;-48,0625;-257,625;-237,78125;-382,03125;-115,625;-200,40625;-237,71875;-180,875;-107,6875;-280,09375;-310,9375;-199,03125;-252,96875;-322,375;-117,46875;-180,375;-234,46875;-121,6875;-211,96875;-129,90625;-211,71875;-21,75;-189,625;-92,6875;-460,5625;-142,28125;-104,0625;-315,5625;-283,25;-75,5;-261,5;-125,90625;-294,34375;-88,46875;-269,84375;-39,71875;-201,84375;
-297,6875;-98,4375;-338,09375;48,03125;-249,25;-182,40625;-264,21875;-290,5625;-87,53125;-192,9375;-268,9375;-5,75;-130,8125;-181,40625;-152,65625;-183;-286,6875;-264,75;-308,5;-67,1875;-170,625;-341,75;-2,90625;-305,78125;-293,9375;-220,125;-186,3125;-257,21875;-344,5;-279,3125;-219,25;-4,78125;-78,5625;-291,40625;-182,3125;-350,46875;20,03125;-241,375;-127,625;-39,90625;-144,0625;-234,59375;-87;-135,53125;-199,40625;11,15625;-110,28125;-206,15625;-342,40625;-304,15625;-315,21875;-223,28125;92,5625;43,875;-180,90625;76,21875;-278,5625;-192,59375;-11,0625;-174,4375;-0,8125;87;-351,8125;-321,15625;-89,03125;-216,4375;-116,5;-55,78125;-171,75;-179,9375;-168,46875;125,125;-289,46875;125,3125;-188,71875;-422,125;131,28125;-268,9375;-140,46875;-71,78125;-63,28125;141,96875;-76,625;-15,90625;116,1875;70,90625;40,65625;-8,65625;-128,96875;-156,53125;-66,15625;310,90625;486,1875;763,21875;571,5625;1047,53125;850,5625;621,84375;361,65625;382,46875;504,40625;960,46875;1101,90625;1718,0625;2195,5625;2380,4375;2374,40625;2453,59375;2214,0625;1657,125;1197,4375;984,28125;997,46875;559,1875;910,65625;908,96875;1384,40625;1504,84375;2581,375;3346,5625;4232;5078,15625;5372,78125;5762,96875;5962,625;5614,65625;5475,96875;4994,96875;4947,3125;4756,8125;5119,75;5642,84375;6731,375;7753,28125;9186,71875;10434,96875;11321,375;11852,875;11677,3125;10945,5625;10026,28125;8722,71875;7500,21875;6312;5812,46875;5247,5;5349,4375;5798,15625;6122,125;6809,75;7514,78125;8234,1875;8835,59375;8813,75;8675,1875;8374,84375;7898,78125;7352,15625;6747;6241,46875;5857,875;5583,90625;5352,84375;5550,8125;5629,15625;5798,125;6732,8125;7143,53125;7677,21875;8053,46875;8002,96875;7751,875;7697,65625;7433,9375;7059,15625;6642,09375;6081,4375;5330,78125;4885,1875;4264,46875;4081,09375;3687,71875;3826,8125;4081,84375;4404;4750,28125;5063,78125;4927;5215,5625;4908,84375;4423,34375;3966,71875;3263,15625;2522,3125;1520,15625;1008,1875;318;-161,71875;-91,15625;61;219,96875;312,875;342,5625;318;318,1875;350,78125;-68,46875;-34,8125;-115,25;-31,25;-234,9375;-65,53125;-241,46875;-150,6875;-178,1875;-479,3125;-137,125;-307,78125;-155,3125;-294,375;-277,03125;-459,375;-163,65625;-202,34375;-69,15625;-132,03125;-309,3125;-13,9375;-343,4375;-39,875;94,71875;-27,46875;-171,4375;-32,21875;-308,25;-197,25;-123,75;-112,96875;-105,5625;-133,3125;-20,53125;-256,21875;66,59375;-134,375;-30,40625;-256,21875;-104,84375;0,875;-220,28125;-172,625;-288,8125;-53,71875;11,6875;-136,84375;-97,1875;-90,53125;-169,0625;-290,78125;-118,9375;15,59375;-18,125;-259,875;-208,25;-81,21875;-138,28125;70,28125;-116,59375;-37,625;97,1875;173,78125;24,6875;-112,4375;-120,125;-268,96875;-118,125;104,5;28,65625;136,40625;-208,5625;50,40625;-10,78125;34,4375;-192,8125;55,6875;-327,6875;-55,1875;24,125;-46,75;-152,59375;-275,90625;-191,5625;-240,0625;-34,28125;-264,375;-52,21875;-112,71875;-475,375;-22;-205,71875;-157,625;-104,75;-259,0625;-449,15625;4,625;-217,46875;-283,21875;-190,65625;-334,53125;-131,03125;-9,15625;-87,21875;-88,1875;-38,625;-78,96875;-359,65625;-217,15625;-321,40625;-300,0625;66,21875;-166;
-148,46875;128,21875;-42,75;-45,71875;-147,0625;-146,09375;-200,625;-79,75;97,875;25,46875;-234,46875;-62,875;-38,96875;-133,75;-147,5625;-18,40625;-240,90625;152,25;-138,6875;-142,1875;-152,0625;-128,6875;56,03125;-81,40625;-5,03125;0,375;-27,46875;-26,03125;-21,5625;-14,25;-35,375;-117,96875;-215,53125;-85,15625;-73,875;11,75;-30,21875;-78,09375;-42,4375;-80,65625;-139,75;-123;-7,5;5,5;-89,375;-74,9375;-8,875;-68,375;-141,34375;-108,875;-252,4375;-98,34375;201,78125;-151,65625;66,375;-50,4375;-102,875;66,9375;53,46875;-163,71875;-66,59375;-140,125;-148,71875;-106,34375;-22,3125;-92,90625;101,21875;110,28125;-80,875;53,15625;147,96875;-60,5;105,125;5,375;125,625;165,0625;-118,375;17,84375;-126,84375;-93,78125;26,71875;232,21875;96,25;164,4375;313,3125;421,71875;80,75;211,84375;-39,5625;203,875;250,9375;232,375;661,125;742;1056,53125;950,09375;904,28125;760,875;760,5625;608,375;594,9375;1006,9375;1306,5625;1717,28125;2234,6875;2579,46875;2780,3125;2615,5625;2389,21875;1956,59375;1529,125;1339,5;901,875;866,6875;750,25;1006,6875;1173,3125;1980,5;2629,28125;3514,84375;4443,21875;5074,65625;5718,3125;6011,6875;6038,375;5964,6875;5671,03125;5372,3125;5260;5049;5510;6034,9375;7137,5;8200,34375;9556,1875;10897;11880,59375;12348,25;12030;11638,0625;10397,84375;9218,125;8079,3125;6956,25;6296,96875;6143,5;5991,3125;6059,0625;6897,46875;7071,1875;8047,84375;8666,25;9366,21875;9550,0625;9406,90625;9071,71875;8526,625;8108,71875;7256,96875;6679,6875;6102,875;5647,4375;5708,9375;5703,8125;5783,46875;6202,03125;6977,96875;7485,625;7887,375;8101,09375;8195,71875;8143,90625;7838,625;7549;7195,71875;6785,46875;6189,6875;5521,46875;4938,5625;4449,96875;4086,96875;3977,78125;3967,1875;4130,9375;4358,40625;4652,125;4919,03125;5103,53125;5264,59375;5040,75;4498,9375;3940,8125;3294,4375;2524,125;1656,3125;844,75;423,40625;66,375;36,1875;163,34375;425,90625;432,8125;671,21875;576,875;680,21875;223,6875;191,25;-38,6875;91,25;-40,4375;-120,40625;-224,78125;-322,40625;-326,375;-8,53125;-16,71875;-36,25;-50,15625;-99,96875;-52,5;-110,4375;-214,78125;-124,78125;-13,25;-39,53125;-119,375;57,125;99,0625;-45,875;-56,28125;-196,5625;-19,78125;-49,0625;-104,5;-301,34375;-117,65625;133,625;-14,96875;-169,1875;-167,03125;71,65625;-29,6875;-186,34375;-269,375;-21,96875;8,28125;-20,03125;-71,5;100,21875;75,875;68,15625;-165,3125;-128,3125;-80,1875;42,125;-47,78125;120,25;73,8125;197,78125;-138,4375;-198,0625;-76,90625;77,28125;1,875;97,03125;137,96875;351,90625;206,28125;73,6875;-35,9375;-145,03125;41,03125;279,875;239,8125;285;184,78125;233,46875;112,375;-25,84375;17,96875;-46,125;30,1875;-138,21875;-307,5625;-28,53125;-173,03125;-165,34375;-24,34375;-128,15625;-207,34375;-19,875;-77,5625;-179,84375;-173,65625;-28,46875;19,5;-39,28125;-248,375;-145,25;120,15625;-77;-134,625;-130,53125;-89,875;-45,875;-108,6875;-21,09375;55,9375;-0,3125;-112,5625;152,875;-370,65625;-117,1875;138,125;-140,125;-193,6875;13,5625;12,4375;48,65625;-179,71875;
-123,375;-95,0625;66,125;-34,09375;26,90625;-122,5625;12,84375;-259,65625;-103,21875;-189;-93,8125;-182,34375;-216;-122,9375;-174,59375;-45,625;-50,21875;-70,65625;60,5;-79,5;-63,125;-133,125;-78,9375;115,5625;113,21875;82,15625;-99,15625;-204,375;-200,53125;-140,625;-174,15625;-10,46875;-112,03125;-33,09375;-118,875;-15,21875;-265,03125;-42,9375;-206,9375;-187,65625;-112,25;-17,09375;-85,90625;-146,125;-98,28125;-133,25;-182,625;16,8125;-123,1875;-40,4375;95,25;-105,65625;-190,84375;-180,40625;55,15625;-232,96875;-111,21875;-106,78125;18,875;28,09375;-206,40625;26,1875;-120,90625;46,90625;-54,40625;107,5625;-23,4375;85,5625;243,59375;41,3125;-104,59375;-46,96875;-34;31,84375;185,8125;90,28125;-134,9375;-139,9375;-1,25;-46,21875;15,71875;41,125;142,34375;212,03125;215,125;107,625;211,875;3,71875;44,28125;41;106,09375;191,65625;665,59375;771,09375;937,53125;900,59375;998,3125;1010,03125;487,9375;585,4375;882,15625;990,25;1194,15625;1697,84375;2150,5;2479,46875;2775;2743,78125;2191,9375;1887,21875;1510,15625;1226,53125;929,5625;788,625;847,90625;1208,6875;1475,46875;2188,25;2748,40625;3609,59375;4568,375;5531,15625;5785,4375;6368,5625;6393,375;5981,9375;5783,78125;5475,21875;5691,375;5283,0625;5724,96875;6359,84375;7354,71875;8841,96875;10039,1875;11391,59375;12228,15625;12720,84375;12464,84375;11719,6875;10968,625;9427,375;8446,53125;7308,28125;6770,21875;6434,9375;6426,5;6751,6875;7223,65625;7856,09375;8594,6875;9351;9758,71875;9989,4375;10046,8125;9390,21875;9070,90625;8188,40625;7262,21875;6922,0625;6616,625;6096,21875;5947,65625;5914,5625;6035,75;6586,65625;7042,21875;7795,71875;7940,4375;8069,75;8154,46875;8078,40625;7987,15625;7797,1875;6972;6841,125;6402,9375;5811,5;4732,53125;4206,46875;3932,6875;3756,40625;4098,90625;4021,65625;4324,03125;4661,5;4971,65625;5212,65625;5130,3125;4864,6875;4579,21875;3809,71875;3165,375;2477,90625;1536,09375;964,90625;372,53125;185,78125;-117,125;10,71875;457,53125;350,71875;800,71875;757,6875;620,71875;411,65625;272,46875;79,6875;-18,96875;-105,46875;-126,90625;-117,1875;-122,75;-158,03125;-191,25;-71,5;-380,1875;-138,75;-177,53125;29,53125;-110,40625;50,09375;-172,0625;-186,75;-27,875;-133,90625;3,875;-0,96875;-41,28125;85,65625;1,21875;103,875;79,75;-116,21875;-129,71875;-213,75;-65,4375;36,40625;16,5;147,71875;56,03125;-56,1875;-176,78125;-109,15625;-48,21875;-257,46875;-82,40625;94,5;270,3125;99,28125;166,71875;193,75;-89,59375;35,09375;-6,1875;-36,15625;19,125;71,875;121,21875;136,375;95,8125;7,65625;-128,875;129,0625;93,34375;237,53125;25,375;-102,15625;-132,09375;300,0625;159,3125;97,625;75,3125;183,21875;131,3125;-67,46875;-15,25;195,09375;153,46875;17,9375;48,84375;69,375;-51,78125;-24,09375;91,21875;-20,125;-43,75;285,75;22;-23,28125;76,65625;-256,15625;-10,125;-75,8125;93,40625;15,40625;-138,59375;79,6875;-15,5625;43,84375;245,40625;27,875;49,90625;8,5625;-228,21875;-142,59375;-29,28125;-46,71875;-71,875;61,28125;-81,59375;-70,15625;168,9375;105;63,5625;95,96875;-181,96875;-181,125;-204,53125;-233,96875;
-124,5;73,9375;99,90625;-217,40625;-51,75;-94,84375;-258,40625;-123,6875;-141,0625;-232,8125;-139,375;-386,8125;-223,75;-79,53125;-305,9375;-177,96875;-180,40625;-169,875;-231,59375;-137,59375;-86,90625;70,21875;-218,09375;-105,78125;-306,5625;-106,46875;-128,375;22,09375;-146,21875;-319,8125;-287,3125;-306,65625;-137,875;-284,1875;-363,71875;-293,65625;-250,65625;-115,53125;23,90625;-202,84375;-121,09375;-220,96875;-259,5;-229,65625;-201,90625;-195,0625;-172,5625;-101,1875;-138,625;-50,59375;-138,375;-92,90625;-156,0625;-374,8125;-284,3125;-182,03125;-127,6875;-127;-268,90625;-253,5625;-68,90625;18,46875;-292,46875;-279,5;-313,71875;-186,9375;112,15625;-94,03125;-165,59375;-39,71875;42,59375;39,1875;-2,15625;70;-113,9375;-181,4375;-180,71875;-71,65625;-36,65625;-78,375;-18,40625;-70,375;83,78125;97,15625;239,71875;79,4375;81,09375;-20,6875;-47,1875;-59,65625;111;113,8125;411,84375;481,15625;873,6875;899,875;742,21875;881,75;720,375;465,375;524,75;656,59375;1219,40625;1861,34375;2109,875;2432,90625;2557,65625;2548,5;2466,125;1905,46875;1372,84375;1129,8125;880,40625;861,28125;902,59375;961,5;1597,75;2049,8125;2715,40625;3797,28125;4564,8125;5231,9375;6266,0625;6315,4375;6474,5;6048,90625;5856,28125;5608,875;5425,75;5622,28125;5929,28125;6500,125;7443,28125;8975,125;10278,09375;11504,53125;12566,75;12765,34375;12548;12047,34375;11119,53125;9878,09375;8507,25;7782,96875;7130,09375;6535,46875;6748,03125;6966,28125;7490,4375;8066,21875;9027,375;9484,375;10250,34375;10506,40625;10279,0625;9678,21875;9252,5625;8394,0625;7752,125;7272,4375;6700,5625;6290,8125;5824;6110,3125;6053;6830;7170,125;7730,46875;8031,59375;8304,03125;8351,875;8142,125;7822,1875;7618,875;7121,46875;6557,9375;6144,59375;5465;4765,5625;4117,5625;3713,34375;3649,59375;3756,03125;3984,75;4264,15625;4707,125;4789,15625;4757,0625;4947,53125;4722,65625;4242,0625;3497,09375;3082,1875;2249,59375;1326,34375;697,4375;340,09375;-81,8125;102,90625;171,53125;398,6875;534,46875;530,75;631,40625;474,6875;378,59375;401,34375;-71,4375;-120,4375;-75,8125;-97,03125;-308,46875;-135,71875;-280,8125;-221,15625;-460,15625;-231,34375;-91,875;-55,15625;-150,8125;-341,40625;-261,4375;-239,65625;-137,15625;-235,84375;-298,84375;-44,8125;-57,25;-99,40625;-44,28125;-117,5625;28,09375;-35,15625;43,1875;-213,65625;-213,21875;-85,15625;-46,125;-138,59375;-156,40625;-200,6875;-30,21875;185,28125;74,4375;-244,4375;-176,375;-276,53125;-334,875;-94,875;-171,3125;-3,46875;39,59375;38,53125;-45,9375;-273;10,90625;-249,875;-351,34375;-85,3125;-145,625;-83,53125;-294,09375;-194,625;-141,9375;-262,4375;14,25;-53,15625;242,09375;-40,75;-60,90625;82,40625;69,625;77,0625;-13,53125;137,15625;-7,53125;-72,5;137,59375;-35,59375;61,375;-56,25;-11,5625;-107,78125;-24,5625;-87,125;-152,46875;-30,875;-30,53125;-91,28125;112,96875;42,5;-194,5625;-66,53125;-169,0625;28,15625;-83,03125;-131,4375;-97,6875;-78,4375;24,3125;27,96875;31,375;69,96875;-264,03125;-80,1875;-192,625;47,875;-83,375;-188,5;-55,25;-53;108,875;-49,125;-232,59375;-39,78125;-107,5;-41,625;-0,4375;-165,375;-196,625;
-58,21875;-33,09375;-112,28125;-54,65625;-35,375;-77,75;-5,96875;-193,1875;-78,9375;-122,34375;-104,25;-204,34375;-188,75;-144,9375;-153,21875;-193,15625;11;-172,84375;59;74,3125;-49,0625;6,59375;-132,1875;-6,21875;130,71875;-93,21875;38,65625;75,15625;-139,84375;52,90625;-15,3125;-176,96875;-105,34375;-181,3125;36,8125;-210,40625;14,34375;-115,3125;-63,21875;-31,03125;-88,03125;-9,59375;-104,90625;-106,21875;28,03125;-164,8125;-135,21875;86,40625;-288,28125;-6,375;-55,90625;-87,28125;-47,90625;70,0625;-46,1875;-51,0625;-23,15625;-92,28125;-88,375;24,4375;88,9375;20,71875;-163;-79,125;51,6875;58,53125;-37,34375;-113,84375;126,0625;139,1875;-209,875;129,84375;72,09375;-126,6875;-2,1875;81;164,40625;-143,3125;-19,375;27,15625;-85;72,71875;278,375;365,21875;293,15625;375,5;25,15625;183,90625;-123,375;-81,5625;46,5;204,875;508,65625;697,375;953,9375;952,6875;902,90625;793,5625;678,9375;555,375;626,84375;683,875;1320,5;2002,9375;2311,15625;2646,0625;2713,75;2601,84375;2320,1875;1748;1417,21875;1202,875;1001,875;722,5;836,375;1057,25;1529,25;2330,5;3041,375;3959,6875;4823,78125;5744,6875;6247;6543,59375;6679,6875;6563,78125;6207,84375;6018,25;5878,25;5938,375;6084,75;6747,46875;7829,5625;9196,78125;10731,75;12041,0625;12869,1875;13369,34375;13140,40625;12469,65625;11437,96875;10230,875;8999,03125;8070,6875;7563,40625;7004,65625;7113,4375;7337,1875;7946,375;8677,9375;9517,28125;9848,5;10605,875;10770,625;10648,96875;10108,71875;9537,75;8715,40625;8142,125;7330,9375;7037,28125;6363,5;6287,625;6272;6599,78125;6931,3125;7402,28125;7869,375;8281,34375;8436,28125;8255,875;8288,21875;7965,25;7634,53125;7200,3125;6626,125;6266,8125;5455,96875;4711,46875;4341,1875;3957,96875;3808;3864,40625;4058,75;4362,625;4768,875;4807,0625;4995,90625;4880,84375;4690,59375;4300,875;3768,90625;3049,8125;2355,5;1484,4375;780,15625;367,625;77,96875;-77,71875;250,5;521,75;316,59375;665,59375;655,4375;710,71875;452,25;284,09375;-126,34375;135,03125;-76,34375;-14,9375;-22,125;-140,09375;-172,03125;-224;-49,875;-205,875;-242,90625;-332,59375;-100,09375;-295,6875;6,25;-104,40625;-140,5625;-145,6875;-150,4375;-29,0625;-45,75;-39,1875;13,90625;177,96875;93,03125;230,5;45,9375;137,65625;-115;-296,21875;-13,1875;55,625;156,90625;-33,21875;5,5625;-168,375;14,03125;-24,21875;104,6875;62,09375;146,71875;49,53125;171,5625;-25,34375;2,03125;159,25;-72,84375;18,5625;-20,6875;38,71875;-95,78125;29,46875;63,1875;-58,25;143,5625;-136,75;-205,96875;-84,59375;95,90625;84,3125;56,90625;51,21875;182,8125;245,71875;229;-44;26,78125;145,75;156,28125;230;190,59375;105,53125;109,4375;130,6875;239,4375;-62,46875;-186,1875;18,53125;-49,59375;-26,6875;56,03125;-10,78125;109,75;98,9375;30,40625;57,6875;-143,09375;113,21875;-69,5;-67,375;-36,0625;132,0625;8,625;64,75;-18,34375;-60,0625;222,03125;17,03125;-1,96875;-77,65625;-159,59375;-82,21875;-108,75;-183,78125;-19,3125;-33,875;171,09375;-163;-101,96875;110,3125;98;26,125;-3,5625;
-292,90625;-372,4375;-271,65625;-82,71875;-148,4375;-127,59375;-167,78125;-411,3125;-200,15625;-261,5;-130,0625;-249,34375;-132,1875;-31,90625;-98,875;-186,9375;-445,5625;-157,625;-236,53125;-426,5;-189,5625;-243,28125;-99,25;-466,59375;-217,09375;-204,03125;-159,3125;-305,15625;-123,53125;-267,09375;-172,625;-378,5;-423,71875;-320,40625;-427,59375;-366,5625;-214,5625;-346,375;-251,03125;-307,5625;-141,96875;-309,78125;-189,75;-190,6875;-201,53125;-255,40625;-374,78125;-197,625;-480,875;-264,28125;-251,9375;-265,90625;-147,09375;-307,5625;-356,65625;-198,5;5,875;-77,96875;-280,9375;113,9375;-208,9375;-297,34375;-80,125;-374,75;-155,25;-155,5625;-176,84375;-328,34375;-392,25;-283,65625;-390,28125;35,9375;67,0625;-187,40625;-112,46875;-146,875;-67,5;-201,03125;-336,6875;-127,71875;-174,09375;3;-213,40625;68,90625;248,1875;135,0625;53,21875;-282,96875;-122,96875;-331,40625;-115,4375;42,34375;407,96875;611,5625;658,96875;959,09375;782,0625;668,53125;608,3125;466,65625;760,59375;883,625;1259,625;1653,15625;2223,53125;2492,375;2538,6875;2552;2221,0625;1781,71875;1415,59375;1110,40625;766,71875;763,25;832,75;1003,8125;1497,5;1948,21875;2888,5625;3484,4375;4757,9375;5602,03125;6335,75;6441,6875;6563,40625;6543,75;6220,5;5776;5645,15625;5773,53125;6083,875;7002,34375;8348,75;9226,3125;10897,1875;12092,25;13202,5;13468,8125;13369,40625;12552,15625;11327,6875;10309,96875;9183,28125;8117,03125;7459,28125;7324,53125;7407,15625;7472,28125;8203,0625;8737,5;9501,40625;10055,5625;10895,25;11016,53125;10685,53125;10196,28125;9565,4375;8690,96875;8228,71875;7552,75;6981,75;6757,46875;6421,125;6378,09375;6497,375;7007,46875;7391,84375;7819,78125;7942,65625;8274,96875;8189,0625;7974,84375;7910,0625;7672,90625;7089,40625;6640,9375;5993,1875;5317,90625;4673,46875;4233,875;3746,21875;3545,3125;3755,6875;3897,375;4306,03125;4510,9375;4616,78125;4664,03125;4743,4375;4490,6875;4008,90625;3358,09375;2904,15625;1758;1134,6875;539,6875;361,96875;-26,65625;242,84375;-19,3125;557,4375;400,03125;515,375;358,21875;464,8125;492,09375;116,125;-22,09375;-289,96875;-213,125;-250,59375;-430,90625;-241,4375;-355,53125;-172,375;-202,5;-141,71875;-392,625;-339,90625;-354,59375;-233,59375;-71,75;-99,75;-142,40625;-313,90625;-177,375;-268,84375;-281,21875;-204,65625;-99,3125;-213,53125;33,71875;-170,03125;31,4375;-322,53125;-296,0625;-230,625;-249,84375;-53,96875;-348,8125;-161,53125;-234,5625;-236,03125;-271,1875;-321,5;-249;-122,875;-152,59375;-19,75;11,75;-121,5625;123,65625;-212,84375;-108,5625;-80;-303,84375;-172,71875;-141,46875;-449,0625;-80,5625;-308;-151;-87,71875;-129,90625;-302,8125;61,5625;27,0625;51,5;-9,90625;-82,15625;62;-67,09375;-86,8125;34,75;81,90625;148,28125;149,84375;44,03125;-143,46875;-137,09375;-4,71875;-125,78125;53,125;-140,6875;-173,3125;-146,53125;-90,5625;-63,84375;-101,90625;-160,875;-314,625;-291,9375;-147,4375;-48,46875;-211,84375;-24,6875;-216,84375;-49,59375;-81,78125;-267,46875;-200,5625;-64,375;11,90625;-276,21875;-253,40625;21,96875;-395,9375;-28,84375;-117,1875;-130,65625;-108,4375;-201,75;-100,96875;-75,71875;-160,875;-278,5;-118,78125;-192,875;-85,90625;12,9375;
-69,40625;91,75;166,875;46,1875;-232,8125;35,71875;56,53125;129,59375;-56,25;-34,75;32,09375;-62,59375;3,25;-34,6875;145,3125;53,78125;-165,15625;181,15625;36,40625;-70,375;-32,375;-101,78125;41,0625;20,9375;-72,78125;-35,0625;159,6875;44,125;96,59375;25,90625;200,75;-174,8125;-23,65625;115,25;12,09375;-153,71875;-66,6875;76,0625;61,59375;-22,5;148,15625;27,59375;-29,65625;-72,25;-43,625;108,03125;-95,34375;-50,21875;87,15625;41,625;150,25;-61,75;43,9375;106,84375;-9,1875;117,09375;-64,59375;-50,9375;-32,84375;155,125;130;156,5625;33,1875;140,3125;100,03125;287,4375;228,4375;154,75;161,625;233,25;135,09375;142,6875;300,96875;389,4375;138,1875;117;372,5;-44,03125;-19,46875;93,09375;20,53125;23,34375;63,8125;346,90625;520,25;299,21875;374,3125;292,3125;161,3125;273,78125;503,1875;268,5;842,5625;969,6875;1072,71875;1082,15625;1046,03125;1001,21875;790,40625;709,78125;832,0625;996,96875;1477,28125;2055,5;2373,6875;2955,875;2845,09375;2583,46875;2302,5625;2092,25;1491,03125;1307,53125;937,375;924,90625;1052,90625;1298,5625;1575,625;2429,40625;3140,09375;3719,65625;4775,96875;5626,53125;6119,71875;6751,25;6879,0625;6570,8125;6596,0625;6111,0625;6008,53125;6203;6588,875;7340,9375;8536,90625;9870,40625;11240,1875;12533,4375;13479,375;13671,625;13532,5;12607,34375;11811,3125;10670,78125;9531,25;8731,9375;7903,125;7718,5625;7610,21875;7925,53125;8730,5;9396,0625;10233,15625;10569,6875;11297,90625;11314;11006,25;10429,59375;9861,125;9257,25;8684,71875;8020,5;7372,5;6992,625;6757,09375;6792,90625;7067,59375;7384,3125;7826,84375;8151,40625;8477,25;8551,84375;8521,46875;8330,5;8222,1875;7741,5625;7522,03125;6817,84375;6133,1875;5676,90625;4811,65625;4264,3125;3928,09375;3954,125;3901,9375;4131,5;4339,71875;4421,4375;4922,65625;4914,03125;4836,6875;4812,71875;4276,0625;3578,75;2862,71875;2021,625;1435,78125;881,53125;268,78125;133,15625;216,0625;467,25;516,90625;760,71875;725,9375;749,71875;704,1875;514,1875;369,59375;213,96875;172,3125;-69,71875;-60,0625;57,84375;-48,78125;-75,15625;-121,75;-148,8125;-202,125;41,25;-107,6875;-23;-5,40625;95,1875;5,78125;152,71875;194,6875;37,09375;-27,65625;114,875;42,125;142,3125;35,5625;159,875;110,5;10,96875;-86,5;205,03125;171;0,5;-171,9375;17,59375;121,15625;-15,71875;-24,8125;121,96875;192,375;49,03125;42,6875;100,8125;22,65625;-32,5625;10,25;237,84375;170,875;178,21875;193,34375;353,0625;-24,125;238,15625;93;8,09375;270,3125;202,125;196,84375;227,125;18,21875;111,625;114;93,34375;221,9375;190,5;232,71875;158,09375;178,8125;256,53125;445,03125;262,0625;438,65625;84,3125;-14,125;355,78125;-0,65625;-88,03125;341,9375;221,1875;132,8125;-51,6875;-60,5625;211,0625;164,46875;226,875;-91,25;167,9375;140;192,96875;87,6875;217,125;309,78125;-189;-46,90625;94,34375;-53,03125;116,5625;-56,625;9,40625;91,0625;-82,3125;142,125;99,0625;155,8125;-54,28125;57,28125;-54,84375;-76,375;-17,625;310,21875;232,4375;47,84375;137,15625;-29,125;258,09375;
-324,40625;-118,75;-220,65625;-229,125;-78,34375;-320,59375;-234;-117,875;-187,75;-220,375;-86,96875;-323,65625;-171,03125;-222,65625;-196,15625;-518,4375;-319,84375;-96,0625;-186,71875;2,9375;-53,53125;-155,90625;-181,65625;-17,8125;-162,75;-126,6875;-126,34375;-398,78125;-230,46875;-317,0625;-133,625;-226,375;-179,6875;-106,75;-330,21875;-181,53125;-192,65625;-287,03125;-228,84375;-301,375;-149,3125;-187,9375;-232,78125;-346,15625;-99,09375;-255,875;-112,21875;-97,4375;-189,8125;-243,625;-205,03125;84,46875;-194,21875;-23,375;-189,6875;-27,5625;13,84375;-301,0625;-206,6875;-108,875;-350,3125;-135,21875;8,71875;-208,40625;-12,125;-113,9375;-49,78125;7,90625;-57,65625;-145,875;183,25;5,4375;-139,90625;139,4375;-125,09375;-343,625;-308,28125;80,40625;-42,625;-51,125;-244,75;62,03125;329,1875;-134,28125;-171,0625;311,875;213,21875;-260,5;-49,03125;-304,90625;12,25;325,90625;694,65625;375,46875;704,59375;877,75;762,84375;836,0625;478,28125;467,1875;643,34375;933,5625;1221,34375;1702,8125;2146,78125;2373,46875;2444,625;2379,8125;2061,9375;1893,8125;1326,09375;1004,625;854,03125;718,0625;592;781,9375;1370,28125;1985,625;2840,625;3550,375;4539,4375;5487,75;6204,71875;6221,6875;6474,40625;6413,96875;6039,9375;5642,1875;5782,0625;6070,71875;6563,34375;7232,65625;8589,65625;9825,84375;11110,03125;12372,71875;13236,5625;13545,625;13464,8125;12671,21875;11320,125;10553,5;9562,40625;8221,0625;7967;7281;7535,71875;7944,75;8386,15625;9242,125;9919,53125;10638,6875;11075,4375;11120,90625;10946,8125;10548,96875;9916,46875;9166,5;8387,28125;7653,96875;7137,875;6924,1875;6675,5625;6765,84375;6823,5625;7278,15625;7703,0625;7887,6875;8337,4375;8368,59375;8328,90625;8107,09375;8009,6875;7623,15625;7173,1875;6794,25;6017,40625;5480,3125;4950,46875;4158,53125;3857,53125;3635,125;3582,1875;4069,09375;4119;4513,75;4542,96875;4679,75;4391,875;4227,6875;4074,5625;3270,4375;2745,875;1818,46875;1233,625;588,46875;347;77,71875;-95,375;222;221;498,375;479;385,09375;374,90625;334,84375;146,59375;24,0625;-15,25;-87,8125;-100,9375;-305,21875;-277,96875;-437,9375;-270,4375;-222,28125;-119,625;-83,34375;-405,90625;59,09375;12,625;-58,3125;-171,75;-196,84375;-117,78125;-4,375;-180,96875;-207,5;-172,8125;-204,0625;-128,3125;18,875;-142,46875;37,5;-200,09375;-240,40625;-214,1875;-98,125;-28,1875;-109,8125;-187,59375;-40,28125;-46,90625;-56,78125;-18,8125;-0,46875;-155,34375;-23;-89,375;-139,34375;-1,8125;-205,3125;25,90625;-25,375;-22,46875;-136,53125;-141,5625;-35,90625;2,53125;-52,53125;35,84375;-46,78125;-92,59375;-254,15625;-232,875;24,75;57,3125;-103,15625;-52,5;16,4375;-77,65625;-22,3125;23,75;-53,65625;209,28125;-29,5625;27,09375;-42,4375;103,84375;68;38,1875;-156,78125;-61,46875;60,125;15,65625;144,09375;-176,84375;-91,34375;-170,8125;-20,4375;-111,65625;-22,34375;32,71875;28,25;41,5;-72,3125;-103,59375;22,8125;-81,6875;-149,03125;-133,75;-116;61,75;123,03125;-169,34375;-86,59375;-242,46875;-74,78125;-71,5;-127,375;-208,78125;73,3125;-135,375;-169,53125;-1,0625;133,3125;-122,15625;-111,03125;-312,46875;36;
-87,09375;-24,375;-4,15625;-272,84375;-70,8125;-323,59375;-88,96875;-164,3125;-162,90625;-105,125;9,25;-148,15625;-93,09375;-239,15625;-184,78125;21,4375;-176,1875;-301,4375;-119,875;-36,15625;16,0625;-37,0625;-183,75;-97,46875;-110,0625;-100,78125;-215,53125;-239,75;-33,5625;-93,84375;-163,40625;-14,03125;-119,9375;-156,5;70,15625;-322,46875;-53,53125;-256,5;-197,90625;93,1875;-183,125;-140,78125;-8,71875;-34,59375;-41,71875;-31,84375;-58,3125;-154,4375;-107,21875;-16,15625;-173,25;-177,28125;-82,84375;110,0625;161,0625;94,125;-95,8125;98;71,9375;-40,21875;69,8125;-46,375;-196,25;74,0625;176,9375;48,125;-228,65625;140,96875;43,65625;50,28125;193,9375;143,53125;140,6875;-35,125;95,21875;-227,71875;-123,5;113,09375;-144,15625;-37,25;109,53125;81,125;247,90625;245,90625;376,90625;266;145,875;122,28125;31,90625;50,90625;207,125;388,4375;561,375;948,21875;1105,65625;990,0625;944,21875;883,03125;840;612,8125;656,3125;1081,40625;1353,34375;1662,5;2277,65625;2428,1875;2639,65625;2601,3125;2193,53125;2016,5;1337,90625;844,5;882,0625;735,0625;741,1875;999,3125;1481,03125;1910,03125;2784,9375;3457,875;4536,1875;5157,125;5940,84375;6296,53125;6545,625;6290,375;6037,71875;5909,5;5955,28125;5950,15625;6371,96875;7366,53125;8629,4375;9844,8125;11032,6875;12139,09375;13269,78125;13375,5625;13307,46875;12356,15625;11141,875;10266,9375;9324,4375;8446,78125;7841,25;7360,6875;7563,6875;8072,40625;8527,875;9361,84375;10030,0625;10778,34375;11109,3125;11495,125;10986,25;10779,59375;10074,5;9181,75;8420,125;7722,78125;7351,59375;7001,1875;6734,1875;6639,53125;6925,96875;7254,90625;7535,875;8076,03125;8268,78125;8419,34375;8452,875;7947,25;7954,9375;7339,4375;7006,25;6691,53125;6013,03125;5423,34375;4834,1875;4224,15625;3787,53125;3658,46875;3782,71875;3954;4159,90625;4360,3125;4479,65625;4572,125;4579,375;4324,71875;3914;3388,21875;2718,09375;1995,9375;1056,5;553,15625;282,28125;134,71875;151,625;257,34375;653,875;466,84375;639,90625;542,6875;429,34375;465,9375;187,78125;-11,0625;202,96875;-0,21875;-136,78125;-138,9375;-152,5625;-30,59375;-263,03125;-131,96875;-148,5;179,375;-132,125;-102,03125;43;-16,28125;-217,125;143,1875;-99,4375;-95,8125;-1,21875;-16,5;65,5;10,21875;-66,375;101,28125;117,9375;-25,8125;-121,65625;-102,5;-96,8125;-132,90625;-86,15625;-25,375;147,15625;158,09375;-129,8125;-59,78125;-101,1875;75,6875;182,5;195,71875;66,25;-16,9375;-13,15625;223,09375;-19,3125;113,625;71,15625;20,625;-44,65625;47,03125;-90,09375;164,25;-126,5;-8,21875;98,65625;-59,03125;129,25;59,125;301,46875;230,40625;217,34375;66,75;206,21875;35,40625;192,5625;285,8125;222,65625;104,90625;246,5625;254,1875;38,375;23,53125;-56,15625;19,8125;95,5;-185,03125;-39,21875;96,5625;2,03125;34,4375;16,5;17,75;230,625;168,09375;37,84375;172,125;-179,78125;110,1875;-170,5;-40,5;272,3125;62,78125;-71;-77,71875;35,9375;161,46875;28,71875;-78,15625;-125,15625;-37,4375;45,15625;-133,4375;91,375;18;-88,03125;99,0625;32,40625;81,25;-86,09375;-94,6875;24,125;55,3125;
-61,375;-232,09375;-97,15625;-11,5;-80,71875;-250,8125;34,0625;-115,0625;-157,4375;-151,53125;-192,28125;-28,375;-118,21875;-16,6875;-4,1875;4,5625;-191,90625;-129,78125;-94,53125;-132,90625;94,34375;-12,1875;169,59375;-62,28125;-165,15625;-439,3125;-40,84375;-65,15625;-165,5;-154,25;-78,3125;-280,875;-403,71875;-67,53125;-181,15625;-208,34375;-283,375;-113,625;-175,125;-115,625;-202,4375;-261,25;-24,78125;-86,8125;-172,34375;-45,5625;-305,875;-68,28125;-5,46875;86,40625;-98,875;-58,53125;-261,34375;-65,5;-45,1875;-15,6875;-73,625;-4,65625;-7,9375;105,3125;-123,21875;-190,46875;36,40625;112,3125;86,53125;-186,25;-114,90625;37,75;311,71875;-139,6875;-71,9375;71,96875;-0,34375;90,21875;158,875;5,71875;68,09375;178,53125;-42,9375;40,125;101,28125;106,53125;226,03125;171;338,65625;322,40625;136,78125;115,09375;204,40625;-101;197,28125;393,90625;721,9375;611,125;1011,625;905,1875;933,1875;923,28125;719,0625;600,4375;602,03125;1083;1219,5625;1804,15625;2073,90625;2556;2408,71875;2314,03125;2015,6875;1804,46875;1235,78125;1073,78125;538,0625;629,09375;727,625;1026,53125;1254,84375;1872,5;2553,90625;3562,90625;4147,75;5113,875;5888,375;6074,28125;6296,3125;6323,75;5809,03125;5539,0625;5883,5;6039,15625;6273,4375;7272,8125;8393,09375;9689,34375;10953,4375;12243,53125;13129,21875;13524,40625;13124,4375;12234,125;11123,0625;10033,625;9091,5625;8267,59375;7642,59375;7292,65625;7458,375;7758,65625;8459,625;9184,3125;9886,71875;10427,1875;10972,5625;10976,03125;10877,53125;10478,375;9815;8857,28125;8487,3125;7771,125;7056,5625;7051,1875;6569,625;6759,21875;6921,78125;7306,59375;7903,25;7985,65625;8224,28125;8242,3125;8137,6875;7863,4375;7851,59375;7461,34375;7079,21875;6498,625;6095,03125;5256,84375;4543,40625;4147,84375;3701,25;3579,65625;3588,625;3844,53125;4028,03125;4219,09375;4413,46875;4560,90625;4631,71875;4137,96875;3723,9375;3393,78125;2412,375;1901,90625;1151,8125;609,3125;360,03125;88,6875;94,96875;223,25;334,5;610,96875;625,9375;655,03125;593,34375;351,28125;294,34375;68,65625;-137,78125;8,78125;139,0625;-107,03125;-76,65625;-88,375;-3;-213,25;-268,375;-62,84375;-263,15625;-90,53125;16,90625;-4,96875;-100,3125;-172,0625;-48,75;-17,15625;115,25;-152,28125;-93,0625;-70,59375;-126,15625;47,625;206,78125;73;35,09375;-131,1875;-46,03125;-70,25;-267,8125;-98,53125;73,65625;25,09375;-99,375;-117,34375;-191,8125;0,4375;251,53125;-60,59375;-7,84375;-23,75;36,9375;-67,46875;-164,46875;120,9375;-24,03125;116,3125;105,375;-40;-4,625;11,96875;1,28125;16,8125;20,40625;-12,09375;218,78125;-21,9375;135,625;-16,28125;183,1875;15,375;41,375;179,5625;48,90625;76,9375;33,4375;-26,3125;167;150;113,375;12,46875;12,09375;17,5;84,71875;-10;29,21875;-80,96875;98,875;-134,5625;-30,46875;122,40625;51,65625;-59,34375;-74,84375;37,65625;-25,375;22,34375;-49;111,09375;12,3125;30,3125;-83,125;-6,53125;-86,125;102,6875;94,5;14,71875;-8,84375;-78,5625;56,125;104,90625;41,90625;24,625;39,96875;-167,03125;127,75;25,3125;-154,59375;68,46875;29,6875;23,96875;
-108,34375;-275,65625;-52,59375;-46,40625;-103,0625;-8;-84,1875;-82,09375;15,34375;-225,375;93,5625;-170,09375;-268,90625;-17,21875;-4,78125;-240,03125;-147,53125;-13,875;-65,5625;-174,09375;1,78125;-152,09375;-0,03125;-114,4375;-48,09375;-157,28125;-87,75;-160,625;-144,28125;-157,53125;-127,5625;-139,71875;-150,59375;-223,34375;-154,71875;-165,5625;-48,71875;-5,75;-129,9375;-366,625;62,59375;-235,78125;-161,28125;-171,59375;100,5625;-189,3125;24,0625;18,875;-115,71875;-175,78125;-124,3125;-81,375;-129,125;34,3125;17,78125;-23,46875;-190,78125;-14,6875;0,21875;-72,40625;-52,6875;-28,21875;-271,4375;-35,40625;-258,53125;-102,4375;-291,4375;-130,875;-47,21875;230,5625;17,59375;-124,3125;-37,65625;70,34375;-169,8125;21,84375;-244,96875;81,9375;-92,90625;-124,96875;-9,90625;-1,90625;-57,40625;162,84375;21,375;112,65625;233,5;125,125;68,34375;-6,1875;186,96875;424,9375;528,78125;754,6875;901,90625;996,40625;1083,59375;828,59375;685,46875;675,5;815,40625;808,59375;1308,84375;1674,0625;2071,34375;2215,21875;2437,5;2300,65625;1994,46875;1663,4375;1068,875;945,375;896,65625;622,15625;493,625;1073;1280,09375;1799,6875;2499,3125;3307,46875;4212,3125;4832,78125;5565,09375;5893,875;5895,90625;5784,4375;5713,125;5547,8125;5605,21875;5744,90625;6260,84375;7097,53125;8310,375;9421,09375;10699,78125;11989,84375;12859,5;13095,125;12791,96875;12208;11076,21875;9975,9375;8817;7952,625;7589,3125;7240,34375;7117,5625;7682,5;8335;8853,15625;9620,34375;10170,25;10792,53125;10967,375;10595,09375;10234,8125;9563,1875;8729,625;8088,625;7481,375;7027,875;6864,375;6399,1875;6816,90625;6630,84375;6966,15625;7523,5;7831,71875;8209,53125;8144,28125;8112,75;7925,3125;7647,65625;7059,71875;6800,34375;6254,375;5845,875;5174,96875;4397,71875;3981,375;3569,65625;3481,96875;3476,46875;3626,59375;3992,84375;4070,5625;4437;4394,1875;4352,65625;4200,375;3625,5625;3022,5625;2394,125;1869,9375;1032,28125;462,1875;217,40625;243,78125;340,09375;391,28125;430,75;615,125;559,34375;510,71875;335,46875;175,3125;281,40625;154,1875;-78,4375;246,5;-79,28125;-207,75;-169,65625;-243,65625;-131,90625;-137,6875;-219,375;-132,75;-110,1875;-204,9375;-101,0625;-90,40625;4,25;-159,84375;162,34375;78,53125;-147,21875;-161,96875;-117,1875;50,21875;-169,96875;-115;62,09375;-181,40625;-0,65625;-187,8125;-117,75;-8,21875;-185,1875;-101,96875;0,4375;-182,78125;-260,875;-184,40625;-155,875;-171,75;2,3125;109,375;-34,15625;138,78125;-212,25;40,125;87,21875;-115,71875;51,125;85,34375;157,46875;127,8125;-38,46875;-179,28125;80,8125;75,53125;116,84375;86,53125;-8,5;-18,875;7,0625;-119,5;152,78125;62,78125;213,59375;29,625;-1,3125;140,8125;-13,59375;136,78125;77,125;-35,875;62,21875;104,59375;-141,0625;-118,9375;121,625;75,75;-58,8125;68,84375;26,78125;7,84375;-46,375;-23,5625;-92,34375;-66,71875;118,3125;-203,28125;-129,125;4,84375;-82,8125;-89,5;-180,1875;-24,78125;-16,0625;58,53125;62,4375;-33,1875;-119;-52,28125;-52,21875;-37,96875;-195,5625;-38,28125;-97,875;-39,09375;157,375;-35,46875;-84,75;56,875;-106;-162,6875;-144,8125;-102,375;
-142,84375;-30,625;67,84375;-95,40625;-262,4375;44,125;-140,75;-89,90625;-239;-309,25;-72,34375;-60,25;-127,03125;-54,5;-8;-69,59375;-16,03125;-173,25;-82,46875;-127,96875;-136,46875;-230,28125;-86,53125;-82,84375;59,90625;45,46875;-86,5625;246,625;-78,28125;-48,8125;-171,875;-341,8125;12,46875;-166,9375;-71,46875;-198,78125;-119,21875;-167,28125;-175,53125;-65,4375;96,25;-54,03125;-27,21875;-121,09375;-74,28125;-172,28125;-114,21875;78,53125;9,5;53;-92,46875;-153,1875;71,28125;-290,03125;64,125;-25,5625;-48,75;-73,59375;30,375;-5,03125;-265,96875;18,84375;56,03125;3,6875;207,8125;135,0625;-36,96875;24,65625;-44,78125;-51,46875;-14,1875;75,59375;32,46875;145,59375;95,75;162,6875;249,71875;161,09375;113,84375;105,40625;44,6875;41,65625;138,5625;398,21875;296,8125;390,6875;328,1875;107,15625;-87,34375;108,71875;231,78125;357,5625;597,0625;785,03125;933,9375;969,9375;1039,75;981,6875;734,6875;658,34375;685,65625;900,65625;1250,5625;1604,0625;2172,34375;2347,96875;2293,09375;2372,90625;1880,15625;1578;1249,375;1057,34375;696,84375;641,0625;719,15625;856,8125;1291,5;1867,25;2427,34375;3092,78125;3957,53125;4825,34375;5618,25;5770,8125;5980,84375;5543,03125;5707,78125;5529,1875;5619,5625;5689,90625;6322,3125;6839,75;8299,75;9543,9375;10854,625;11795,34375;12591,40625;12969,03125;12607,1875;12182,9375;11041,34375;10000,84375;8687,3125;7939,6875;7239,75;7033,125;7083,625;7265,875;7940,71875;8695,78125;9399,96875;10043,15625;10387,0625;10625,5;10433,28125;10025,34375;9566,40625;8681,8125;7970,96875;7461,4375;7072,84375;6682,375;6458,4375;6395,09375;6626,53125;7181;7501,25;7849,03125;7876,53125;7953,71875;7934,875;7881;7547,8125;7228,125;6851,78125;6169,78125;5459,5;5183,9375;4573,28125;3974,4375;3778,1875;3389,40625;3627,96875;3633,9375;4026,15625;4138,46875;4527,5;4473,59375;4215,96875;4100,8125;3728,34375;3028,15625;2344;1655,09375;1093,09375;595,625;525,875;190,09375;84,9375;476,875;611,59375;752,875;912,34375;478,34375;523,75;584,1875;236,8125;168,125;-6,46875;-222,5;84,8125;-70,09375;-249,9375;-109,9375;-29,4375;-221,3125;-33;-104,21875;179,53125;182,3125;107,71875;-95,3125;150,09375;-95,03125;75,59375;-86,03125;-16,78125;127,46875;-155,0625;-40,8125;41,71875;119,15625;120,59375;-227,625;-164,9375;-52,875;-123,53125;-121,46875;44,25;-73,34375;92,03125;-41,34375;-14,46875;-101,1875;43,21875;14,5;196,71875;-6,125;-298,21875;296,125;71,9375;-119,90625;-19,84375;-220,78125;-267,90625;105,46875;106,75;56,5625;-51;86,40625;8,46875;108,71875;-2,21875;136,0625;109,53125;95,28125;146,28125;79,09375;162,3125;169,75;65,5625;158,875;146,5;286,34375;120,75;77,5;343,96875;112,21875;1,5;-28,1875;71,1875;90,6875;-30,25;10,75;139,1875;-13,03125;156,4375;249,1875;280,25;75,125;-28,5625;-161,0625;220,53125;28,25;129,9375;49,40625;21,53125;-73,96875;-125,40625;119,78125;64,6875;160,375;179,40625;86,8125;-137,59375;-95,375;56,1875;-31,375;-120,625;37,0625;157,5;-28,8125;78,875;-81;135,125;-96,875;71,5;94,75;-131,28125;-50,15625;
-162,5625;-150,84375;-176,6875;-185,03125;-165,625;-152,875;-94,28125;151,1875;-202,09375;-175,03125;-66,9375;-209,71875;-301,125;-209,96875;-179,34375;-126,59375;-250,3125;-429,8125;-6,84375;-297,46875;-236,875;-156,78125;-147,25;-82,09375;6,5625;-161,84375;-259,6875;-127,21875;-142,71875;-107,90625;-167,40625;-85,75;-41,84375;-357,46875;-132,9375;-287,46875;-210,625;-158,96875;60,25;-182,625;-123,21875;-188,84375;-274,0625;-63,875;-140,3125;-218,625;-273,96875;-268,90625;-51,1875;-224,4375;-320,1875;-353,21875;-215,8125;-185,96875;-65,8125;-187,40625;29,90625;-153,28125;-256,28125;17,8125;-111;-153,09375;-91,4375;-215,625;-109,90625;-142,5;83,40625;105,5;97,6875;-6,59375;-89,4375;-0,90625;92,46875;-47,53125;55,21875;54,59375;-120,375;-165,875;113,375;-103,46875;65,40625;110,75;64,46875;183,0625;237,3125;179,625;176,03125;0,75;-75,34375;10,96875;76,3125;61,90625;513,84375;704,5625;851,5625;984;988,4375;738,21875;532,0625;641,09375;923,78125;901,96875;1195,6875;1423,59375;1916,53125;2126,40625;2164,4375;2107;1776,9375;1596,875;1160,75;715,53125;691,46875;464,65625;635,875;755,625;1093,84375;1491,15625;2175,6875;3048;4035,625;4716,75;5157,84375;5725;5921,0625;5810,28125;5355,875;5250,9375;5437,625;5448,1875;5954,6875;6760,25;8052,03125;9258,09375;10404,40625;11607,28125;12232,71875;12594,1875;12100,40625;11481,3125;10635,78125;9283,875;8519,875;7420,9375;7051,1875;6721,21875;6678,4375;7271,6875;7618,4375;8492,84375;9152,875;9698,59375;10105,8125;10230,28125;9976,375;9602,1875;9170,71875;8304,53125;7503;7154,15625;6911,1875;6430,90625;6318,84375;6370,03125;6277,78125;6749,09375;7088,5625;7410,8125;7773,65625;7556,625;7723,78125;7536,46875;7342,875;6909,4375;6547,6875;6042;5471,40625;4819,75;4293,5;3879;3449,5;3118,40625;3093,4375;3502,15625;3768,21875;3887,40625;4152,3125;4102,5;4057,0625;3954;3438,5625;2946,4375;2345,84375;1494,375;971,09375;561,96875;341,5;94,46875;-41,625;281,59375;366,71875;551,40625;559,0625;576,96875;412,15625;184;536;-66,375;-72;-308,5;-166,96875;220,65625;-218,03125;-46,3125;-262,15625;-412,625;-149;-90,90625;-211,25;-166,5;-410,40625;-27,90625;-185,9375;-27,40625;2,21875;-113,5;-373,9375;-155,15625;-192,8125;-155,15625;-24,78125;38,125;-172,53125;128,5625;-104,53125;-209,5625;-167,125;-148,75;75,71875;95;-57,375;126,84375;-152,5625;14,5625;-116,25;-0,28125;14,34375;-64,15625;-153,21875;14,59375;-48,59375;-252,75;82,53125;-190,03125;115,59375;-270,875;7,15625;-58;-195,65625;186,5625;-17,8125;161,53125;157,59375;3,1875;-10,28125;77,4375;48,3125;209,125;-15,6875;58,34375;172,65625;134;85,59375;15,53125;147,46875;115,6875;7,75;-68,78125;-40,40625;-20,90625;-46,71875;-121,3125;-88,9375;-25,96875;-166,21875;-50,15625;-247,9375;-68,1875;28,625;59,09375;10,78125;94,28125;-41,75;-162,375;-218;62,65625;-13,03125;107,34375;255,125;168,6875;-38,53125;-194,46875;-7,59375;-10;-66,46875;-64;23,3125;17,15625;154,84375;-104,65625;15,3125;-87,28125;-151,4375;-34,09375;-28,21875;132,8125;-139,6875;-93,6875;-55,03125;-119;
-173,5;-294,4375;-61,6875;-132,53125;-23,96875;-95,21875;-136,625;-98,65625;-247,5625;-105,8125;19,03125;-164,46875;-276,875;-58,1875;-198,96875;-92,875;-152,28125;167,21875;-94,1875;78,40625;-54,03125;-181,09375;-199,28125;-102,53125;-221,71875;31,8125;-179,8125;-174,1875;-111,125;-12,4375;-135,40625;-136,90625;-274,46875;-39,28125;-205,625;-130,90625;-230,875;-47,46875;-230,03125;-152,125;-160,9375;-292,8125;-198,4375;-85,40625;-95,09375;-167,46875;-167,1875;-286,21875;-27,15625;-149,03125;-98,09375;-82,71875;-59,21875;-46,1875;-212,71875;-94,0625;-313,5625;-311,59375;46,53125;57,90625;-62,96875;-193,375;-286,53125;-116,9375;-64,59375;44,90625;193,71875;-31,71875;-57,03125;-365,6875;-46,40625;73,40625;-39,125;140,40625;33,28125;195,8125;15,40625;60,9375;-31,375;-67,375;-21,375;132,96875;149,125;221,09375;259,46875;26,6875;228,6875;98;34,125;69,8125;116,03125;465,125;587,21875;751,9375;828,1875;743,1875;831,09375;830,625;571,5;543,71875;565,9375;765,75;1127,375;1425,375;1833,28125;2023,65625;2320,46875;2172,53125;1905,15625;1507,25;1075,5625;814,5625;636,03125;528,375;480,625;633,4375;1187,78125;1742,21875;2286,4375;3077,34375;4102,625;4521,75;5129,5625;5444,71875;5675,65625;5429,625;5290,375;5174,15625;5284,40625;5254,65625;6033,5;6715,375;7824,75;8671,6875;9936,21875;11090,53125;11925,34375;12075,03125;11883,1875;11153,6875;10455,40625;8903,625;8187,4375;7486,03125;6874,4375;6660,6875;6622,46875;7211,84375;7549,53125;8361,59375;8950,78125;9613,90625;9950,71875;9980,78125;9946,71875;9490,8125;8877,8125;8321,46875;7637,78125;7138,4375;6865,15625;6197,8125;6159,3125;6011,9375;6324,59375;6477,65625;6812,65625;7401,09375;7390,125;7545,09375;7467,34375;7164,4375;7044,125;7019,21875;6298,625;5775,4375;5220,1875;4649;4117,6875;3469,375;3264,875;3232,40625;3347,90625;3480,84375;3777,3125;4046,96875;4091,5625;3996,84375;4012,90625;3718,8125;3399,9375;2724,53125;2283,90625;1445,40625;937,125;468,46875;319,125;259,6875;168,125;440,5;519,40625;612,40625;737;547,375;550,5625;393,75;307,53125;-17,78125;24,5;-134,125;-150,65625;-336,75;-165,96875;-164,28125;-136,28125;-345,59375;-234,5;-262,5625;-38,375;-263,625;-99,78125;-230,0625;-246,625;-22,09375;-270,0625;-177,3125;-54,53125;66,875;-52,96875;-99,90625;38,625;-33,34375;69,65625;-136,4375;140,5625;76,65625;23,4375;96;36,0625;-55,15625;-101,1875;157,8125;1,5625;-212,84375;131,34375;-180;-43,34375;-46,625;-306,46875;-126,625;-116,75;43,90625;30,0625;-40,4375;114,75;133;-185,34375;30;-120,09375;-35,5625;115,21875;-114,09375;146,65625;-49,875;22,9375;-73,96875;60,5625;-13,1875;164;-83,75;80,0625;-80,34375;66,1875;93,125;22,625;2,28125;77,875;59,71875;-120,78125;14;-38,0625;26,5;6;97,21875;5,03125;-81,875;150,9375;175,25;-17,4375;-107,90625;56,59375;19,40625;15,90625;-13,78125;25,21875;-172,09375;-33,75;-93,3125;156,5;-34,4375;-54,90625;-119,90625;-262,375;-63,8125;53,84375;-134,5;9,34375;106,71875;4,96875;62,3125;96,78125;10,84375;91,5625;-19;14,78125;11,59375;1,3125;-182,96875;-150,5625;-92,15625;
-132,59375;-316,1875;47,375;-177,40625;51,90625;46,6875;-33,15625;-108,3125;18,40625;-78,625;-125,46875;-89,34375;-145,03125;43,84375;52,59375;-6,1875;-197,40625;187;-173,65625;-146,0625;132,96875;25;-124,1875;-89,90625;-184,40625;-60,8125;149,8125;-48,46875;6,96875;71,1875;-1,8125;-97,875;69,625;-79,78125;-60,53125;-229,21875;-31,15625;81,125;-203,53125;-122,40625;-37,625;172,9375;-77,15625;-176,6875;150,5625;-93,96875;-108,5;121,9375;-137,4375;-78,65625;60,25;27,625;-0,09375;-76,125;24,5;31,3125;63,15625;0,21875;-96,78125;-115,4375;68,75;97,46875;38,15625;335,6875;7,59375;101,5;107,3125;198,8125;160,71875;-77,15625;-58,65625;-13,5;-29,375;85,28125;272,1875;273,5;226,09375;-58,21875;87,625;200,6875;173,625;199,03125;336,8125;141,34375;224,34375;320,59375;200,3125;-40,9375;125,375;140,65625;247,40625;386,34375;587,03125;931,15625;1135,5;1021,84375;751,0625;862,34375;608,34375;859,84375;740,5625;745,625;1284,0625;1577,625;1886,625;2304,4375;2323,5625;2038,3125;1817,625;1698,84375;1098,0625;1174,71875;921,15625;603,6875;590,8125;751,8125;1315,125;1810,125;2444,84375;3108,625;3985,125;4585,84375;5226,71875;5617,8125;5606,875;5673,3125;5246,46875;5241,0625;5356,375;5554,625;5761,53125;6638,40625;7666,5;8698,5625;10102,375;10879,8125;11904,78125;12037,6875;11901,875;11078,28125;10316,6875;9259,8125;8311,25;7468,4375;6577,5625;6436,125;6768,25;6871,0625;7585,5625;8229,65625;8870;9334,625;10017,03125;9901,21875;9512,65625;9201,28125;8922,1875;8311,1875;7401,59375;6865,3125;6357,25;5900,09375;6162,28125;5844,65625;6318,84375;6517,8125;6806,40625;7206,90625;7536,125;7472,25;7381,25;7260,5625;7157,34375;6695,21875;6204,25;5703,4375;4961,4375;4708,09375;4095,03125;3454,625;3188,3125;3106,375;3140,375;3523,4375;3868,375;3914,8125;4013,25;4149,9375;4038,9375;3709,125;3427,625;2617,125;2132,84375;1648,34375;1032,96875;600,78125;266,4375;333,5625;421,59375;479,5625;794,71875;894,15625;807,90625;913,78125;667,125;668,6875;457,8125;173,4375;109,9375;43,84375;134,84375;-180,375;96,4375;-116,5;-125,875;-53,4375;-72,1875;62,625;-18;-45;-168,84375;-74,375;13,25;13,125;35,9375;71,65625;-199,71875;202,09375;-81,78125;76,3125;157,21875;-90,34375;-64,03125;116,84375;156,15625;-47,15625;130,3125;272,28125;74,90625;-65,5625;116,15625;160,0625;181,6875;279,375;114,71875;49,53125;-118,4375;69,0625;38;63,375;110,71875;-0,59375;74,6875;-157,0625;55,90625;0,15625;17,75;93,21875;202,78125;91,84375;63,625;322,4375;255,0625;106,5625;232,15625;187,71875;73,6875;313,875;111,21875;231,59375;171,28125;182,96875;278,15625;44,875;176,4375;489,28125;199,1875;169;114,09375;89,78125;114,15625;119,1875;83,25;250,21875;287,90625;364,125;-102,40625;108,25;131,78125;-102,71875;146,25;309,6875;-108,09375;135,84375;127,75;136,65625;176,40625;226,21875;90,84375;140,8125;115,40625;184,15625;144,46875;8,90625;230,78125;291,0625;258,40625;13;230,40625;-95,65625;147,5625;211,75;50;45,34375;145,21875;-17,34375;-52,5;-95,46875;-110,125;-9,65625;
-7,03125;-135,75;-378,75;-269,03125;-87,3125;-130,15625;-454,25;-309,84375;-214,28125;-316,75;-357,375;-135,9375;-35,75;-299,75;-137,375;-239,125;-222,4375;-204;-31,09375;-240,96875;-398,90625;-226,78125;-193,625;-95,6875;-40,6875;-400,125;-127,96875;-27,65625;-259,625;-137,15625;-198,5625;-213,53125;-197,65625;-552,21875;-253,6875;-370,125;-225;-66,34375;-210,21875;-232,21875;-341,125;-345;-121,5625;-91,34375;-314,28125;-148,09375;-153,125;-165,375;-176,5;-179,21875;-226,03125;-277,5;9,625;-263,5625;-144,8125;-257,15625;33,75;-299,15625;-62;-61,9375;-89,46875;-41,71875;-243,21875;-290,59375;-141,03125;16,09375;5,34375;-239,59375;-185,59375;-78,5625;-98,21875;-260,15625;-131,6875;-162,53125;6,125;31,4375;-169,625;-22,75;3,96875;-214,40625;-87,40625;159,28125;-85,53125;106,78125;185,8125;164,09375;111,71875;-34,1875;-24,78125;-91,53125;155,8125;286,125;483,625;630,03125;646,625;916,4375;842,9375;748,9375;366,625;429,75;527,0625;782,125;1119,34375;1499,96875;1585,25;1998,71875;2080,0625;1987,28125;1870,84375;1458,625;1271,90625;932,375;670,4375;738,65625;629,9375;837,9375;980,4375;1698,65625;2506,375;3165,3125;4007,5625;4727,90625;5103,53125;5543,9375;5531,25;5322,5625;5029,71875;5046,34375;5162,5;5541,875;5660,4375;6514,4375;7611,28125;8528,375;9622,09375;10747,53125;11780,84375;11927,9375;11678,4375;10938,71875;10107,40625;9040,9375;8156,5;7334,59375;6875,71875;6392,53125;6457,1875;6624,90625;7487,84375;8066,25;8655,1875;9551,5;9709,46875;9595,46875;9276,25;9047,625;8580,15625;7813,625;7399,71875;6856,71875;6431,28125;5916,34375;5603,1875;5797,375;6135,53125;6314,4375;6449,6875;7039,4375;6971;7037,03125;6925,8125;6816,375;6608,90625;6256,125;5699,6875;5311,3125;4867,09375;4219,71875;3662,3125;3049,0625;3101,75;3118,0625;3079,40625;3214,53125;3433,78125;3550,9375;3966,03125;3723,96875;3681,84375;3434,375;3181;2630,21875;2015,6875;1194,375;906,84375;555,21875;149,0625;104,03125;310,9375;339,15625;568,65625;756,09375;720,3125;641,09375;638,5;153,5;279,8125;198,65625;68,15625;99,375;-193,03125;-270,5625;-251,4375;-327,40625;-291,03125;-275,8125;-200,59375;-144,28125;-97,21875;-109,90625;-303,46875;-173;-370,625;-114,09375;-287,5;-117,625;-174,90625;79,6875;-182,5625;-109,0625;6,375;83,5;18,40625;179,03125;-137,84375;-150,375;87,03125;-206,03125;-179,21875;-127,40625;69,3125;-39,5;-117,1875;-81,84375;-47,375;-132,125;-123,03125;-81,25;-219,84375;-33,03125;104,28125;-184,90625;-29,1875;5,6875;-168,09375;-92,8125;-86,25;-108,96875;-29,875;-110,875;-149,78125;-138,5625;-63,875;-138,96875;-206,09375;128,3125;100;139,53125;220,0625;59,71875;162,875;132,09375;62,3125;169,125;239,1875;131,28125;182,5;-23,21875;70,15625;42,59375;46,59375;113,6875;-94,78125;74,59375;104,4375;-8,40625;219,53125;-114,9375;101,3125;-133,75;-83,8125;72,90625;140,90625;63,59375;-105,65625;1;-96,28125;166,75;47,375;-135,5625;-5,0625;-190,375;39,34375;39,5;-38,53125;119,625;-62,34375;-27,5625;8,21875;9,40625;-73,875;-96,96875;-39,28125;24,6875;57,59375;-23,8125;102,3125;-56,40625;-102,15625;90,84375;
-286,03125;90,96875;-244,1875;-393,5625;-126,9375;-127,5625;-299,53125;-85;-66,9375;-436,09375;-69,96875;-144,03125;-315,75;-73,21875;-111,34375;-109;-330,59375;-66,9375;-226,78125;-333,53125;-175,5625;-185,21875;-23,1875;-150,21875;-167,53125;-15,375;-173,1875;-300,34375;-221,25;89,1875;-148,9375;-131,84375;-260,21875;-325,625;-140,875;-38,375;60,4375;-67,59375;-223;-118,84375;-150,96875;-112,1875;-183,84375;-204,46875;-53,65625;-239,9375;-94,09375;-168,96875;-105,8125;-213,1875;-364,75;-210,5625;-39,8125;-329,5625;-99,0625;-58,46875;-258,875;-100,8125;-284,6875;-51,6875;-129,625;-137,1875;-162,09375;-27,65625;-158,53125;-48,96875;-108,71875;-193;-14,5;-70,59375;4,0625;-27,96875;-185,96875;119,125;-51,75;-0,4375;-125,59375;-9,0625;-51,125;-106,59375;-0,90625;-6,59375;-16,125;195,0625;58,15625;205,71875;-159,75;10,3125;-85,1875;-192,65625;163,40625;191,125;624,96875;692,375;864,03125;1141,6875;844,53125;509,8125;532,40625;454,125;627,4375;729,21875;1082,0625;1387,125;1762,46875;2137,5;2311,03125;2033,9375;1767,46875;1709,6875;1098,875;705,25;721,3125;481,1875;592,59375;1000,21875;1160,5625;1681,46875;2456,34375;3257,59375;3977,65625;4683,125;5122,3125;5361,09375;5285,3125;5099,375;5038,9375;5005,75;4888,8125;5203,40625;5665;6621,03125;7355,71875;8580,625;9621,59375;10630,40625;11391,59375;11536,1875;11687,28125;11101,28125;9980,21875;8966,28125;7838,84375;7187,6875;6576,1875;6432,03125;6544,90625;6869,96875;7340,5;8216,21875;8748;9023,96875;9454,28125;9572,40625;9241,96875;8823,625;8266,125;7748,34375;7178,9375;6853,1875;6332;5927,125;5664,90625;5545,21875;5746,28125;6024,4375;6521,0625;6849,03125;6946,65625;6869,34375;6983,6875;6818,96875;6629,84375;6257,375;5653,34375;5254,65625;4873,84375;4223,0625;3445,0625;3308,34375;3016,65625;2802,90625;2960,53125;3198,71875;3393,5;3584,96875;3646,125;3680,8125;3765,15625;3255,25;3060,6875;2640,375;2189,375;1142,5;786,375;354,5625;154,1875;164,90625;245,25;391,90625;461,4375;670,1875;599,34375;832,25;594,6875;272,125;252,84375;69,875;40,84375;-26,0625;-93,875;-117,40625;-90,8125;-410,03125;-225,6875;-63,375;-242,90625;-177,625;-231,09375;-219,6875;-53,15625;-29,375;-42,0625;-91,96875;-186,1875;-446,625;-318,5625;-295,15625;-159,96875;-85,34375;-89,71875;33,71875;-165,21875;-192,625;-22,9375;-144,40625;-213,84375;-140,6875;-141,5625;-181,3125;51,125;-107,9375;-239,59375;-118,75;-60,46875;41,75;-212,78125;-86,96875;-50,8125;-58,03125;-70,03125;9,625;-60,65625;127,25;-102,59375;-248,09375;-88,90625;-154,03125;-29,59375;-23,9375;8,53125;77,625;-147,3125;9,09375;-3,59375;-128,40625;17,8125;86,03125;53,34375;108,9375;189,3125;179,03125;18,3125;61,8125;189,25;114,375;213,59375;152,90625;-104,03125;-139,25;-34,53125;-230,25;45,9375;243,125;132,59375;-112,375;45,59375;221,28125;-148,5;-203,90625;172,03125;24;-35,15625;-110,625;-10,65625;150,78125;77,71875;79,375;73;-177,21875;31,28125;-51,15625;-187,875;-199,3125;-18,0625;-28,8125;9,1875;-106,4375;-111,4375;77,78125;-19,53125;-125,75;3,15625;17,03125;-88,3125;-56,6875;-239,8125;-208,84375;-111,75;217,84375;
61;-270,5;-39,59375;-82,03125;-76,65625;-160,21875;16,21875;-26,40625;-68,1875;253,5625;-19,71875;-44,0625;-184,25;-111,96875;-85,65625;91,3125;-1,59375;48,5625;-206,625;-124,1875;-60,78125;-188,3125;-61,125;-48,28125;-92,6875;-22,46875;-94,09375;-90,625;6,21875;-129,65625;-38,125;-118,15625;-187,28125;-126,3125;-146,65625;-114,65625;135,4375;-84,875;-54,875;-59,71875;-97,8125;85,15625;-195,28125;9,65625;-113,8125;-121,125;-53,875;-121,09375;131,5625;-195,0625;-9,125;-272,4375;19,625;-85,65625;83,71875;-55,4375;-92,0625;181,8125;-70,21875;68,96875;-54,21875;-167,21875;-59,15625;-240,8125;-94,34375;66,5;-46,75;68,3125;-46,90625;-91,4375;-113;-295,5625;83,875;134,15625;-139,9375;153,875;73,15625;7,40625;-11;-142,125;5,53125;149,53125;118,875;387,125;332,6875;310,75;100,21875;45,5;233,5625;115,90625;185,8125;402,09375;417,875;940,84375;885,03125;789,75;926;820,96875;548,0625;496,5625;570,53125;878,3125;1133,8125;1317,53125;1868,625;2191,53125;2341,40625;2053,09375;1938,9375;1647,75;1253,1875;1004,28125;809,125;749,5625;869,03125;1026,40625;1388,46875;1979,4375;2621,1875;3320,40625;4246,15625;4980,90625;5366,96875;5457,90625;5539,71875;5392,40625;5142,28125;5334,28125;4874,03125;5365,28125;5662,875;6447,03125;7661,3125;8540,375;9719,75;10703,625;11580,8125;11618,875;11292,9375;10692,78125;9816,5;8881,46875;7934,25;7090,65625;6545,65625;6485,9375;6699,71875;6843,90625;7436,53125;8056,90625;8706,90625;9279,78125;9363,71875;9493,75;9236,6875;8899,28125;8415,78125;7802,8125;7209,71875;6673,3125;6308,40625;5791,4375;5743,75;5490,40625;5693,09375;5834,375;6330,75;6606,65625;6804,125;6957;6804,46875;6740,9375;6481,5;5953,71875;5787,46875;5284,59375;4658,78125;4129,46875;3731,90625;3152,71875;3013,71875;2639,34375;2913,90625;3288,25;3418,71875;3538,375;3653,53125;3422,21875;3339,53125;3355;2792,8125;2729,09375;1982,03125;1369,90625;845,625;399,96875;183,46875;307,84375;316,96875;499,5;719,96875;636,4375;858,25;818,875;490,4375;497,375;427,46875;214,25;-75,90625;-199,375;-169,6875;-46,84375;-178,0625;-113,75;-146,09375;-394,03125;-43,21875;-200,375;-12,0625;-61,96875;-30,5625;-115,9375;-189,0625;90,78125;7,71875;-368,96875;-63,71875;-18,5;105,34375;81,15625;46,40625;-56,75;237,375;116,09375;-223,3125;-33,9375;102,625;-223,34375;-123,65625;4,78125;-30,0625;-73,28125;-7,5;85,03125;-187,15625;50,03125;-40,84375;113,21875;89,28125;247,6875;286,96875;166,03125;-109,65625;70,4375;196,3125;-165,40625;69,21875;10,34375;167,28125;-8,625;121,6875;-107,5;35,25;41,28125;129,84375;14,25;91,84375;82,78125;-46,53125;129,6875;31,25;50,40625;258,5625;83,78125;237,96875;154,1875;100,5;183,96875;315,53125;132,46875;88,78125;143,25;204,40625;113;-32,03125;90,9375;46,0625;118,15625;-3,4375;-67,09375;14,125;238,03125;147,1875;13,625;161,4375;226,375;154,65625;228,1875;-95,5625;-7,625;136,40625;38,96875;165,5;-18,9375;6,5625;143,5;-36,28125;-103,03125;-17,03125;152,5625;-29,4375;24,15625;84,28125;37;-113,9375;196,625;-194,1875;137,1875;100,5625;-117,65625;
-81,21875;-115,96875;204,3125;-153,40625;-67,15625;-124,5;-125,25;-328,0625;-154,03125;-133,53125;-368,875;-52,96875;-124,53125;-163,71875;-93;-297,46875;-123,15625;-290,21875;-22,28125;-34,8125;-140,5625;-248,71875;-241,53125;-95,96875;-237,84375;-85,09375;-253,09375;-49,75;-86,3125;-243,90625;-291,09375;-118,875;-279,3125;-229,40625;-236,3125;-58,875;-104,625;-106,4375;-119,0625;-299,28125;-164,125;-234,6875;20,78125;-220,78125;-229,28125;-176,03125;6,8125;-50,21875;-264,8125;-106,1875;-154,3125;-121,84375;-172,625;-112,46875;-237,3125;-211,3125;-320,25;89,75;-245,375;-89,5;-215,71875;0,90625;-88,0625;56,46875;-85,09375;-87,53125;-33,09375;-179,5625;-78,5;-191,125;-131,46875;-119;-49,125;-322,375;-160,90625;-233,5;-26,5625;-98,4375;-46,03125;-315,5;-188,40625;-138,53125;-107,78125;-6,65625;442,625;-106,53125;191,71875;36,28125;9,09375;-129,84375;339,25;206,78125;472,78125;585,3125;604,4375;849,8125;852,53125;736,1875;499,3125;549,40625;467,25;729,625;907,375;1460,25;1723,15625;2106,46875;1939,46875;1983,8125;1964,90625;1386,9375;1315,90625;1077,375;760,1875;641,59375;578,96875;977,8125;1376,21875;1930,4375;2541,0625;3299,125;3941,5625;4718,15625;4969,5625;5391,71875;5176,0625;5126,59375;4839;4938,90625;5000,90625;5181,375;5481,96875;6346,15625;7425,8125;8355,5;9414,5;10523,1875;11185,46875;11464,875;11252,28125;10430,6875;9675,53125;8709,21875;7839,65625;7071,65625;6541,125;6506,90625;6330,34375;6757,125;7187,53125;7933,53125;8585,3125;9220,03125;9380;9284,53125;8848,65625;8633,40625;8045,125;7716,84375;7193,4375;6413,40625;6238,53125;5786,40625;5592,5625;5352,25;5603,46875;5749,34375;5994,1875;6378,65625;6821,3125;6915,40625;6671;6436,25;6014,53125;5957,5625;5565,03125;4955,53125;4657,34375;3806,84375;3500,25;2926,0625;2570,34375;2631,0625;2927,3125;2972,625;3402,96875;3439,0625;3504,53125;3643,875;3460,25;3183,59375;2592,28125;2408,78125;1750,84375;1278,21875;780,09375;299,1875;303,125;144,59375;616,5;600,9375;730,4375;723,78125;748,09375;570,65625;626,09375;347,71875;313,875;87,15625;-37,09375;-21,4375;-100,15625;-224,09375;-97,875;-171,375;-274,875;-253,875;-183,59375;45,71875;-119,34375;-122,6875;150,28125;-162,53125;-41;-318,53125;-100,53125;-136,875;-38,5;-187,34375;-213;-195,21875;-151,125;48,9375;-204,3125;-258,78125;-107,65625;-142,90625;-83,625;-131,75;-85,96875;-165,6875;-206,15625;-350,875;-178,46875;-202,9375;-98,09375;-255,4375;-233,6875;-8,375;-57,09375;-65,84375;-251,46875;-18;-162,40625;-12,75;-64,6875;-107,5;-272,96875;-208,1875;-143,84375;-32,1875;-83,53125;-51,4375;-31,25;-201,84375;-89,5;63,21875;-47,75;58,03125;6,75;140,78125;-17,78125;130,25;168,6875;80,25;-59,40625;126,71875;19,5;58,03125;77,5;21,15625;-5,8125;-195,71875;-95,75;138,15625;55,5625;-128,75;-76,6875;-74,96875;-108,21875;-75,5;8,78125;-238,5625;-174,0625;-87,71875;9,8125;-148,40625;-201,53125;-376,3125;-152,53125;-85,21875;54,03125;55,15625;-82,71875;-210,125;-47,90625;119,03125;-80,96875;-77,8125;-76,625;-111,53125;-57,03125;21,59375;-50,6875;-211,875;74,5625;103,03125;-92,5;-175,28125;-47,75;-148,65625;
-43,34375;30,53125;6,15625;-95,5;-218,21875;-114,84375;-174,15625;-200,40625;-325,09375;-27,8125;-79,0625;-239,53125;-142,3125;-30,59375;66,875;-126;-271,28125;-219,09375;-239,3125;-166,84375;-50,65625;-122,9375;21,84375;-118,4375;-77,21875;-72,90625;-54;-108,84375;-144,09375;-263,90625;-261,40625;-220;-106,90625;-176,1875;-228,375;14,59375;-197,4375;-160,78125;10,75;221,78125;-184,5;-83,84375;-32,0625;-50,9375;-129,03125;-192,71875;-196,40625;-34,6875;-156,59375;-57,5625;-49,59375;-20,09375;37,5;-40,625;-72,5;-8,625;-206,71875;-150,65625;-184,90625;-206,34375;-128,3125;-104,21875;-176,96875;-7;-276,0625;-28,53125;-57,46875;57,125;-11,21875;91,46875;-52,28125;58,34375;-122,3125;-156,53125;326,46875;206,21875;-48,65625;-177,59375;-198,34375;81,1875;81,46875;-49,15625;148;456,1875;478,40625;131,4375;199,875;-14,15625;131,53125;-36,0625;62,125;335,8125;559,5;874,75;768,53125;816,5625;735,71875;711;645,25;573,125;648,5625;676,875;1053,28125;1481,28125;1671,46875;1866,46875;2218,40625;2013,21875;1861,25;1292,5625;1096,71875;969,9375;991,84375;760,5625;542,90625;966,65625;1390,21875;1783,90625;2566,96875;3290,6875;4289,3125;4545,09375;5117,3125;5197,125;5454,71875;5034,84375;4886,5625;4863,6875;5144,96875;5274,875;5483,125;6360,28125;7286,96875;8503,875;9537,84375;10645,90625;11364,40625;11435,6875;11353,6875;10424,34375;9683,9375;8585,46875;7656,6875;6933,6875;6565,90625;6248,5;6481,53125;6754,15625;7429,125;7929,875;8705,65625;9332,34375;9289,875;9484,9375;8847;8791,5;8042,375;7565,71875;6842,09375;6291,46875;5831,6875;5491,75;5335,5625;5294,3125;5519,75;5701,53125;6182,65625;6260,3125;6534,65625;6468;6377,28125;6388,6875;6105,90625;5782,46875;5332,75;4941,5625;4287;3851,6875;3348,03125;3008,625;2902,5;2917,40625;2888,84375;3153,46875;3043,875;3284,625;3282,90625;3231,78125;3292,25;3137,28125;2814,5625;2449,21875;1734,15625;1321,625;769,125;424,8125;272,65625;204,46875;600,84375;501,09375;526,34375;676,1875;898,9375;762,8125;661,9375;232,3125;405;105,03125;-56,21875;-216,84375;-145,28125;-154,25;-122,75;65,3125;28,375;-111,59375;-100;183,125;-153,03125;-193,9375;-195,96875;-102,75;-94,75;111,40625;53,375;-295,53125;15,53125;-30,9375;-32,03125;-106,28125;-64,90625;-65,59375;-86,5;-44,1875;-135,375;34,125;44,40625;-34,25;-62,375;49,8125;90,125;-75,875;-150,8125;7,6875;43,21875;-21,3125;24,9375;108,25;35,875;-69,59375;-92,15625;-40;-92,84375;172,25;-9,84375;42,625;75,9375;-110,375;49,71875;-204,1875;124,96875;50,84375;-50,3125;-2,25;-46,625;105,125;208,03125;10,59375;4,8125;240,625;206,78125;124,0625;296,96875;162,78125;77,9375;58,84375;182,34375;172,15625;30,90625;-13,3125;-47,5;310,5;93,46875;142,9375;-46,09375;193;106,625;-62,15625;-35,375;-1,96875;209,84375;4,84375;69,53125;-64,90625;49,5;22,5;-83,75;43,03125;44,625;-31,78125;-121,34375;77,9375;48,6875;41,125;-19,0625;204,78125;-70,53125;110,75;233,03125;63,59375;83,28125;-40,21875;207,6875;-0,4375;-1,8125;31;-78,84375;-152,03125;-48,71875;-273,8125;
-183,75;16,59375;-256;-117,5625;-58,125;-55,90625;-85,5;-109,875;-79,1875;-53,5625;-294,21875;-262,46875;-144,6875;-77,375;-69,46875;265,71875;-79,28125;-194,78125;-75,15625;-159,90625;-254,25;-199,75;-127,9375;-241,1875;-152,9375;-147,28125;-143,6875;-105,40625;-268,5625;-28,46875;-166,09375;-251,6875;-158,34375;-165,625;-208,375;-140,25;-33,65625;-205,1875;-9,3125;-99,5625;48,6875;-62,15625;-56,6875;-91,6875;103;-188,8125;-100,53125;1,90625;-56,65625;-217,375;-67,84375;-101;42,125;-176,875;19,875;-24;-122,15625;-64,125;-5,21875;1,6875;108,71875;-33,15625;-48,0625;108,71875;139,125;-153,25;49,4375;74,34375;-101,625;-165,4375;100,84375;-58,3125;272,6875;-32,71875;352,25;-163,25;-48,28125;-138,625;-225,09375;-14,15625;25,40625;323,1875;213,6875;437,53125;372,5;437,21875;213,375;-69,96875;-107,1875;-1,4375;96,4375;450,6875;686,28125;655,75;729,125;897,5625;622,375;544,21875;418,0625;690,5625;547,9375;801,5625;1085,625;1332,5;1818,03125;2063,125;2185,59375;2068,6875;1867,53125;1448;1074,71875;1024,9375;688,15625;824,75;706,46875;855;1261,25;1744,96875;2531,59375;3074,1875;4118,5;4652,75;5130,34375;4940,75;5226,34375;5108,5;4833,1875;4720,03125;4782,75;5248,34375;5529,34375;6365,0625;7416,84375;8337,59375;9634,96875;10594,8125;11207,15625;11251;11049,0625;10514,75;9610,125;8689,84375;7463,3125;7010,96875;6440,71875;6373,15625;6633,375;6677,03125;7199,71875;7828,8125;8419,96875;8971,46875;9482,46875;9171,375;9020,84375;8515,59375;7972,53125;7173,46875;6748,15625;6464,6875;5880,0625;5520,75;5385,9375;5399,625;5397,5;5806,03125;6125,78125;6384,90625;6456;6747,1875;6546,625;6308,375;6056;5419,59375;5274,46875;4750,84375;4458,125;3730,59375;3323,28125;3071,53125;2699,5;2672,6875;2936;3176,5625;3303,6875;3490,46875;3394,5;3407,28125;3268,21875;2848;2645;2191,21875;1472;1101,59375;771,53125;439,9375;93,4375;164,46875;239,96875;547,40625;749,25;848,9375;873,84375;780,875;680,46875;378,46875;311,3125;70,28125;71,6875;-174,65625;-36,15625;-175,4375;-265,09375;-0,78125;-52,09375;-44,15625;-139,53125;-19,96875;-303,1875;-104,15625;-46,84375;-100,34375;-6,65625;-229,6875;94,4375;-217,65625;36,9375;38,1875;-96,71875;-91,3125;-100,875;-81,03125;-160,1875;-28,4375;101,375;47,78125;69,59375;-107,875;-105,875;-82,28125;-247,84375;-95,1875;-122,5;25,6875;88,21875;-153,3125;77,96875;-102,46875;42,40625;-88,84375;20,59375;19,625;-96,25;-218,75;55,71875;-139,6875;-85,1875;71,5;-53,375;-88,5625;-9,78125;-115,4375;-69,125;256,15625;136,5;-48,34375;223,5;0,25;-51,84375;150,75;110,3125;-77,15625;10,4375;125,9375;301,3125;226,8125;260,875;84,8125;263,59375;95,5;-58,09375;85,65625;169,84375;117,8125;79,1875;22,34375;112,375;58,6875;-175,0625;-136;-30,1875;-139,9375;65,375;2,5;-95,125;37,21875;-79,75;48,40625;53,625;-50,03125;255,78125;338,375;-58,84375;8,96875;165,21875;-236,5;183,625;-10,25;123,5625;144,96875;-75,40625;214,28125;-98,34375;77,21875;-26,25;107,09375;207,5;44,3125;143,5625;63,21875;
24,53125;-253,125;-127,90625;1117,375;-219,28125;-146,5;-36,03125;-111,625;-22,71875;-193,28125;-0,1875;-320,78125;-194,40625;-256,65625;-39,25;-134,59375;-117,78125;54,40625;-84,21875;-7,375;-10,5;-114,34375;88,71875;-121,21875;-58,3125;-53,78125;-230,40625;-179,875;-122,875;-77,875;-96,1875;-234,28125;-156,875;-131,0625;21,9375;-129,03125;-133,59375;126,34375;-46,375;7,5625;-110,5;-89,34375;-18,90625;15,09375;14,9375;-21,09375;2,125;-192,6875;-265,5625;-142,8125;-178,90625;-100,65625;-112,78125;-5,09375;-45,59375;-95,5;-80,03125;122,4375;46,3125;132,75;1,90625;72,25;42,75;-237,25;33,4375;-92,65625;-214,34375;-72,5625;111,21875;-25,5625;-131,03125;24,15625;170,71875;41;-28,78125;-5,40625;-211,53125;146,25;-21,40625;117,125;-250,40625;-41;162,59375;91,9375;311,9375;197,375;48,875;-64,53125;95,875;28,84375;79,03125;478,59375;488,15625;700,1875;1066,28125;772,71875;721,125;622,96875;482,5;595,1875;689,75;633,75;1077,1875;1265,3125;1709,34375;1869,5625;2062,125;1954,65625;1664,8125;1391,65625;1275,53125;765,90625;689,5;620,0625;804,5;930,75;1463,03125;1669,6875;2499,65625;3369,6875;3852,21875;4700,71875;4767,9375;5076,78125;5071,875;4883,21875;4678;4737,0625;4800,9375;4962,9375;5458,8125;6293,1875;7062,25;8285,6875;9431,625;10643,25;11160,1875;11386,75;11054,15625;10292,125;9294,65625;8342,1875;7488,40625;6747,4375;6268,09375;6152,40625;6280,46875;6783,625;7300,96875;7845,125;8462,15625;8787,90625;9251,875;9209,5625;8908,6875;8197,15625;7929,375;7115,71875;6474,4375;5974,5;5812,375;5271,3125;5249,625;5133,1875;5470,625;5717,1875;5783,53125;6155,75;6417,4375;6580,53125;6331,9375;6146,1875;6072,6875;5784,59375;5176,875;4577,1875;4169,0625;3554,15625;3248,03125;3011,875;2683,21875;2884,96875;2626,125;3125,5625;3157,8125;3115,25;3273,96875;3051,375;2989;2803,3125;2451,0625;2026,5;1832,75;1210,78125;548,28125;419,25;46,5625;396,65625;135,0625;454,5;844,09375;1086,09375;849,5625;823,9375;556,0625;53,125;490,78125;-46,09375;-46,875;50;-113,375;3,40625;-256,3125;9,4375;-110,90625;-104,21875;51,5625;-7,4375;-79,71875;124,96875;2,0625;45,875;-140,34375;44,1875;155,5625;-147,21875;-208,09375;-7,5;84,25;-176,4375;83,75;-78,4375;118,625;175,15625;-131,5625;-161,78125;-83,65625;-84,125;-229,875;-48,625;-46,6875;-49,5625;-57,5;150,15625;26,96875;-91,78125;46,40625;92,375;78,875;77,46875;-70,6875;-44,78125;-57,5;8,4375;-74,53125;12,78125;-54,84375;18,84375;47,125;157,375;-30,3125;109,8125;-138,1875;87,4375;17,09375;4,3125;72,34375;268,40625;35,90625;166,40625;-117,3125;105,4375;110,53125;147,59375;84,84375;220,28125;195,46875;178,03125;79,09375;77,3125;217,65625;381,625;150,09375;140,78125;-39,40625;-39,03125;-162,46875;-26,40625;-56,65625;32,3125;108,15625;182,875;105,78125;146,71875;39,90625;-20,125;131,1875;280,8125;168,28125;-34,34375;-125,25;7,0625;13,03125;-44,6875;-4;136,34375;200,9375;385,40625;191,90625;31,9375;206,25;-56,53125;-140,59375;96,21875;212,28125;123,0625;190,90625;173,8125;-40,65625;46,4375;
-81,90625;-65,71875;-167,28125;-346,59375;-251,4375;-136,03125;-146,6875;-24,03125;-277,1875;-98,90625;-186,09375;-28,46875;-75,84375;-297,96875;-285,03125;-330,1875;-190,3125;-35,5;-171,3125;-265,75;-146,21875;-151,15625;-322,5;-234,71875;-186,6875;-188,5625;-195,25;-193,78125;-231,96875;-231,375;-236,59375;-175,625;-74,375;-330,15625;-53,96875;-48,5625;-172,375;-231;-271,25;-118;74,59375;-289,75;-174,40625;-87,53125;-342,90625;-5,1875;-157,90625;-39,75;-37,4375;-8,84375;-223,125;-510,78125;-197,59375;-1,53125;-151,21875;-143;-163,96875;-59;-171,28125;-255,21875;-83,09375;-24,40625;-198;-10,125;-133,78125;-189,21875;-42,0625;13,0625;-24,75;-256,375;-123,28125;-196,9375;95,6875;78,34375;43,90625;-108,8125;61,4375;32;-265,65625;-273,375;-220,28125;132,25;245,40625;242,0625;320,6875;111,90625;-122,34375;-108,46875;-22,78125;39,03125;36,65625;234,5625;540,4375;638,09375;682,03125;705,3125;656,40625;529,78125;446,75;388,5;512,71875;682,53125;941,28125;1348,59375;1729,03125;1842,375;1855,15625;1933,0625;1584,21875;1516,1875;953,03125;539,53125;535;578,53125;650,96875;978,96875;1344,625;1612,9375;2345,96875;2985,0625;3949;4028,625;4749,71875;4829,78125;4715,34375;4691,3125;4635,15625;4491,90625;4634,875;4787,59375;5270,34375;6027,53125;7028,1875;8085,40625;9100,9375;10173,6875;10904,9375;10916,03125;10712,625;9900,8125;9028;8065,8125;7179,875;6482,625;5893,1875;5822,5625;5984,40625;6433,21875;6834,875;7617,625;8297,40625;8615,0625;8725,90625;8737,9375;8442,90625;7929,75;7630,53125;6967;6511,8125;5748,25;5629,34375;5007,90625;4849,96875;4909,0625;5217,90625;5594,71875;5997,8125;6007,5;6299,125;6138,125;6214,125;5846,9375;5781,9375;5092,8125;4888,03125;4346,40625;3822,53125;3391;3002,15625;2730,21875;2680,53125;2637,4375;2797,28125;2968,53125;2888,5625;3071,875;3002,8125;2942,4375;2844,28125;2742,25;2238,84375;2044,40625;1576,96875;1067,40625;657,25;390,78125;277,71875;31,0625;216,5625;449,71875;703,84375;848,59375;793,9375;629,78125;754,21875;604,96875;354,65625;327,90625;142,625;-224,5625;-114,53125;-114,4375;-191,15625;-171;-230,25;-182,1875;-81,09375;35,125;80,375;-208,3125;22,03125;-167,25;-141,96875;-100,34375;-64,8125;-342,03125;-57,1875;-214,15625;-350,40625;-138,34375;-252,75;-46,78125;-206,03125;-105,84375;-338,09375;-236,75;-57,46875;-370,5625;12,75;-174,5625;-367,1875;-79,96875;-63,65625;-61,75;-50,3125;-24,75;-6,65625;-188,4375;-11,28125;-160,96875;86,15625;-90,8125;-172,8125;-1,03125;-19,96875;-141,53125;2,8125;-152,71875;-50,34375;133,34375;-64,65625;-173,9375;8,625;-79,6875;-103,8125;-28,71875;-150,21875;-51,96875;211,03125;188,75;194,3125;11,34375;286,9375;133,5;100,125;138,875;-30,3125;109,90625;-11,96875;55,90625;4,21875;-32,5625;36,75;150,1875;-43,5;41,4375;37,71875;-36,1875;-74,71875;155,1875;74,6875;52,5625;-0,9375;110,8125;-95,125;-101,84375;154,5625;-11;-241,1875;66,53125;65,0625;55,375;-67,3125;29,84375;176;19,28125;-138,9375;207,375;-86,8125;18,375;124,5625;1,6875;201,25;-193,625;81,96875;-3,75;193,875;-157,46875;-145,1875;115,3125;
-289,5625;-345,53125;-30,5625;-384,34375;-104,09375;-193,09375;-184,8125;-158,4375;-304,9375;-52,90625;-95,28125;-270,46875;-367,09375;-234;-74,9375;-434,28125;-167,78125;-271,9375;-276,90625;-158,96875;-190,0625;-69,40625;-9,6875;-322,625;-34,8125;-165,84375;-32,75;-428,78125;-311,65625;37,5625;-248,1875;-217,625;-94,1875;-145,59375;-24,0625;-176,46875;-295,875;-173,90625;-76,84375;-49,125;-183,28125;-112,71875;-330,09375;-361,59375;-228,9375;-225,4375;-209,8125;-267,71875;-180,28125;-213,0625;-108,46875;38,46875;-174,90625;-166,1875;47,96875;-105,875;-240,375;-168,9375;-134,71875;-144,8125;-177,28125;-173,09375;-231,1875;-329,625;-117,4375;-215,21875;-303,5625;17,125;-321,03125;-279,1875;-77,28125;-75,6875;-60,875;-18,90625;299,71875;163,6875;-99,21875;-287,125;-64,59375;-142,5625;164,34375;-212,375;-51,59375;219,0625;116,53125;-202,21875;-157,53125;-48,34375;-124,75;-53,1875;161,5;235,25;380,28125;613,375;622,75;733,03125;568,625;643;567,9375;393,375;534,5625;769,15625;954,8125;1321,28125;1671,71875;1793,8125;1847,125;1684,78125;1596,09375;1088,34375;916,90625;581,34375;355,1875;445,75;618,375;605,34375;1069,3125;1516,125;2191,03125;2734,53125;3707,59375;3816,875;4182,09375;4516,09375;4757,78125;4575,84375;4288,3125;4182,71875;4203,375;4837,96875;4998,40625;5822,8125;6723,34375;7818,21875;9035,46875;9872,28125;10625,59375;10451,0625;10092,875;9425,625;8701,46875;7763,34375;6702,25;6252,9375;5653,15625;5636,40625;5558,90625;6161,40625;6719,96875;7682,59375;7768,46875;8423,15625;8513,90625;8688,3125;8350,9375;7740,53125;7401;6520,8125;6236,96875;5610,0625;5256,78125;4993,375;4817,25;4947,4375;5104,6875;5350,09375;5811,71875;5778,5625;6168,28125;6053,375;6045,34375;5837,40625;5566,25;4873,28125;4733,125;4189,71875;3641;3483,1875;2859;2688,78125;2601,09375;2354,28125;2605,28125;2798,21875;2982,34375;3108,65625;3039,78125;2923,71875;2662,09375;2605,75;2341,78125;1829,875;1467,875;837,4375;458,3125;324,8125;129,90625;285,0625;345,15625;548,0625;581,4375;793,5625;793,90625;808,9375;230,09375;476,0625;240,25;262,75;-123,6875;94,3125;-97,90625;-275,5;-171,03125;-28,3125;-196,875;-107,9375;-144,65625;-12,0625;-93,53125;-248,875;-197,40625;-49,03125;83,53125;73,09375;-29,1875;28,3125;-45,125;-254,9375;-30,90625;-189,59375;-214,5;28,90625;-194,875;-263,75;-35,8125;-163,78125;-51,75;-316,9375;-269,34375;-33,53125;-231,21875;-24,5625;-154,96875;-97,71875;-79,46875;-9,40625;-191,15625;22,5625;-260,6875;-193,0625;4;-111,59375;83,5;-179,78125;-41,9375;-53,1875;105,5625;-79,125;-135,25;-177,03125;-151,46875;-115,46875;5,34375;20,1875;-118,625;63,9375;29,8125;149;-14,78125;-41,84375;109,46875;22,84375;166,34375;284,46875;15,375;65,6875;122,625;71,3125;48,21875;-190,4375;-70,21875;17,03125;-3,1875;141,21875;62,875;-104,75;-55,28125;157,4375;-25,65625;268,34375;-55,9375;196,90625;48,875;-22,75;-271,5625;-179,625;204,34375;-15,875;-53,625;-124,125;-233,4375;-17,875;-111,9375;-27,3125;100,625;-144,125;-50,3125;22,375;-112,71875;-13,0625;208,78125;36;-30,9375;-117,9375;-46,28125;-219,15625;-245,34375;-40,0625;-136,375;-135,46875;
-250,5625;-66,71875;723,09375;-186,0625;-229,8125;-162,71875;-88,125;-160,59375;-259,40625;-188,1875;-179,46875;-65,65625;-38,3125;-284,75;-105,625;-248,28125;-75,46875;-147,71875;-51,375;-230,3125;-291,21875;-171,4375;-168,9375;-213,75;-185,625;-133,78125;-121,6875;-50,71875;-64,65625;18,0625;-209,53125;-80,4375;-54,28125;-104,15625;-233,125;-176,34375;-195,25;-138,0625;30,34375;-45,8125;-247,09375;-187,375;-121,84375;-195,125;20,875;-214,375;-96,3125;-65,46875;-43,90625;-163,25;-145,625;-161,40625;-134,75;-52,8125;-100,53125;-84,1875;-7,4375;-79,5625;2,96875;-129,15625;100,21875;15,375;-141,21875;31,625;62,65625;-227,8125;224,5625;158,40625;8,78125;-238,84375;-213,65625;-11,59375;-20,53125;-68,125;72,40625;72;30,71875;-216,84375;-252,3125;-91;144,4375;102,78125;34,8125;141,03125;215,5625;53,1875;19,40625;182,5625;-203,90625;71,5;128,3125;134,5;693,5625;722,15625;812,1875;759,15625;810,1875;688,96875;337,25;331,90625;472,5;819,5625;1169,1875;1371,5625;1578,4375;1571,84375;1782,375;1817,96875;1366,375;1107,125;858,65625;620,03125;440,9375;554,8125;453,625;997,96875;1092,59375;1545,78125;2315,6875;2840,71875;3366,09375;3892,71875;4302,5;4366,1875;4289,4375;4371,375;4003,71875;4240,71875;4163,5;4574,84375;4928,375;5736,84375;6459,8125;7394;8745,53125;9633,6875;10214,59375;10383,90625;10125,21875;9116,21875;8510,71875;7466,65625;6440,34375;5758,875;5591,15625;5312,59375;5216,875;5712,15625;6596,71875;7005,03125;7553,5625;7947,0625;8352,125;8178,71875;8035,875;7665,71875;6856,125;6521,21875;6142,78125;5405,875;5189,75;4569,5;4602,28125;4922,1875;5034,6875;5251,1875;5502,90625;5915,875;5929,25;5958,75;5688,8125;5947,4375;5541,875;4952,59375;4544,25;4114,8125;3605,78125;3232;2763,875;2506,4375;2495,125;2665,15625;2809,28125;2773,03125;2895,28125;2824,78125;2876,3125;2855,375;2648,15625;2351,9375;2101,53125;1788,53125;1428,53125;903,1875;687,625;339,65625;218,34375;217,5;371,65625;485,875;660,375;651,1875;803,625;597,78125;531,9375;408,9375;417,34375;85,78125;117;-28,0625;-60,21875;-285,4375;-296,75;-150,28125;24,4375;-33,875;-239,6875;-174,625;-158,21875;30,78125;63,34375;-164,9375;69,40625;4,46875;58,96875;-91,65625;-14,4375;-235,53125;-70,0625;36,5625;-119,3125;-67,8125;-89,71875;-66,59375;-52,78125;62,65625;35,6875;-104;-140,03125;-7,875;-39,0625;-208,15625;-91,71875;-196,9375;-87,25;-92,09375;138,78125;41,5;-60,09375;-163,78125;102,03125;162,5625;44,28125;-161,65625;-18,53125;-105,8125;-78,46875;-90,9375;65,875;-82,71875;-95,15625;93,9375;-49,75;79,8125;69,21875;29,875;163,71875;78,25;178,71875;229,125;40,34375;164,375;273,78125;85,46875;119,0625;-8,9375;58;179,875;175,75;-135,28125;71,28125;90,71875;12,65625;-56,8125;68,28125;-3,71875;-78,53125;190,40625;68,1875;105,75;219,53125;21,5625;-86,9375;79,59375;107,15625;46,4375;3,78125;213,8125;-10,3125;250,5;139,8125;43,8125;60,09375;20,5;111,71875;20,5;32,25;173,3125;-151,625;-94,3125;1;31,03125;-150,34375;75,71875;-25,53125;83,5625;-87,3125;103,625;4,71875;112,875;
213,4375;1,40625;-267;-102,53125;-168,5625;-243,78125;-279,90625;-202,40625;-101,25;-259,375;-178,9375;-156,09375;-261,1875;-64,71875;-138,53125;8,03125;-97,875;-269,21875;-281,8125;67,65625;-112,71875;-117,1875;-172,9375;-334,59375;62,90625;-99,375;-13,5625;-174,84375;-176,125;-159,4375;56,21875;17,3125;40,0625;-162,21875;-23,53125;-185,4375;16,21875;-285,75;-94,8125;88,6875;39,65625;-151,65625;-103,90625;-84,375;-31,3125;39,09375;-184,8125;-170,71875;-24,0625;-92,28125;-6,5625;-89,40625;-155,3125;52,25;-104,21875;-124,96875;-24,3125;-90,0625;-163,0625;73,96875;-148,46875;-25,75;-8,59375;-28,15625;35,34375;-99,375;103,78125;-112,09375;-353,875;52,78125;-358,1875;261,25;-12,46875;-161,96875;-80,96875;120,6875;194,03125;151,90625;119,3125;60,125;7,125;126,03125;214,9375;254,71875;47,4375;115,1875;71,46875;-129,75;-121,96875;-8,03125;279,625;199,4375;390,40625;678,78125;676,625;634,84375;953,4375;461;492,09375;365,59375;565,3125;675,3125;1121,375;1521,03125;1374,34375;1777,53125;1645,28125;1691,0625;1253,71875;962,375;847,3125;603,84375;587,28125;335,0625;464,40625;728,3125;1069,125;1610,9375;2298,65625;2678,03125;3182,78125;3828,4375;4157,625;4258;4236,5625;4164,84375;4018,71875;3994;4020,9375;4286,09375;4811,6875;5335,5625;6416,625;7563,03125;8465,34375;9194,03125;9937,3125;9927,65625;9506,375;8823,8125;7969,875;7010,4375;6305,125;5388,96875;5083,8125;5073,53125;5213,625;5638,34375;6133,59375;6753,71875;7327,0625;7676,15625;7926,6875;7857;7789,65625;7327,25;6813,5625;6217,28125;5750,21875;5000,4375;4978,59375;4636,75;4447,65625;4627,4375;4857,03125;5220;5460,09375;5809,21875;5749,15625;5760,875;5800,90625;5466,96875;5224,46875;4693,75;4295,3125;3988,15625;3496,03125;2995,25;2685,0625;2615,34375;2427,625;2371,875;2775,5625;2610,6875;2556,5;2795,09375;2589,5;2649,46875;2733,21875;2347,78125;1910,75;1692,375;1445,375;942,0625;513,5625;241,3125;89,90625;258,8125;627,3125;488,1875;690,0625;893,125;775,90625;526,125;536,53125;351,09375;346,09375;47,40625;-39,15625;-161,09375;96,78125;-235,25;-83,40625;-81,9375;6,96875;-17,78125;46,75;111,6875;-21,59375;-230,84375;14,84375;-142,71875;59,78125;-50,03125;-115,4375;11,09375;-122,21875;-159,96875;46,0625;216,71875;23,0625;-191,40625;-125,1875;-63,34375;-75,5;-280,90625;-33,65625;-12,125;-78,15625;-64,375;-47,15625;171,375;-153,25;152,40625;92,9375;-144,6875;-30,28125;55,0625;108,125;-84,4375;-55,8125;-203,46875;-59,3125;142,9375;-84,875;206,3125;-92,90625;-114,40625;22,0625;-171,3125;94,375;-117,09375;73,5;254,15625;-117,59375;22,46875;30,53125;208,625;128,6875;49,75;2,96875;86,78125;127,5;30;96,15625;-62,5625;115,9375;195,03125;71,15625;47,40625;134,21875;62,90625;272,5625;7,78125;140,28125;-39;-62,53125;14,65625;90,34375;344,53125;2,15625;185,09375;18,9375;172,3125;40,96875;38,96875;143,96875;-41,9375;111,5625;16,28125;78,84375;170,9375;74,625;-11,15625;119,9375;27,09375;35,4375;186,625;6;82,25;-27,09375;-124,21875;6,125;-63,4375;-271,71875;64,4375;89,75;-69,375;-44,78125;120,5625;
-155,96875;-128,3125;-367,875;-125,03125;-237,25;-125,6875;-273,03125;-113,25;-128,1875;-121,125;-304,625;-31,40625;-156,03125;-323,03125;-199,40625;-107;-50,53125;-143,5625;-52,9375;-172,25;-193,71875;-327,75;-49,9375;-176,9375;-50,125;-118,625;11,21875;-327,21875;-228,4375;-79,25;-269,6875;-211,125;-21,71875;-245,28125;-116,9375;-114,59375;-162,75;-134,25;-159,8125;-86,46875;-221,78125;-16,90625;-143,125;-232,46875;-40,59375;-187,375;-102,125;-100,4375;-23,78125;-89,46875;-128,4375;3,375;-102,34375;31,03125;96,1875;-218,125;-97,5;-119;-121,78125;-33,9375;-102,5;135,53125;5,15625;40,15625;-103,34375;-305,15625;-125,875;46,71875;-226,03125;227,0625;-165,375;-261,8125;-148,96875;32,75;-65,03125;-124,4375;98,28125;-157,65625;-158,125;-69,875;-192,28125;206,375;29,875;219,46875;217,21875;166,5;62,5;116,21875;-126,75;-207,25;131,4375;113,125;415,21875;693,09375;674,75;804,0625;603,6875;382,09375;472,53125;368,3125;408;638,59375;849,59375;1041,375;1399,125;1577,3125;1518,65625;1427,75;1134,09375;895,90625;811,53125;548,1875;385,65625;341,3125;546,84375;707,78125;1077,40625;1262,65625;2118,5;2794,5;3188,40625;3560,9375;3855,34375;4191,03125;4200,25;4081,875;4180,40625;3973,3125;3977,34375;4091,75;4552,46875;5321,28125;6283,8125;7077,53125;8186,4375;8877,6875;9472,3125;9586,3125;9043,28125;8407,3125;7497,28125;6737,96875;5987,78125;5531,3125;5253,75;4957,84375;5141,78125;5564,96875;5953,53125;6284,75;7363,46875;7394,65625;7671,3125;7572,75;7279,15625;6826,0625;6561,34375;5955,21875;5491,6875;4971,6875;4713,1875;4396,59375;4162,53125;4361,09375;4449,75;4825,4375;5344,46875;5603,34375;5646,84375;5541,125;5400,4375;5121,21875;4931,96875;4615,6875;3981,46875;3780,78125;3234,46875;3060;2656,96875;2358,0625;2235,8125;2392,84375;2264,9375;2382,8125;2799,0625;2537,65625;2475,125;2437,375;2380,6875;2254,375;2068,84375;1447,90625;1280,34375;1001,4375;574,1875;225,71875;308,03125;514,71875;490,46875;523,15625;659,5625;746,03125;772,3125;663,84375;607,4375;370,34375;365,90625;96,78125;20,25;-52,3125;-95,34375;-258,21875;33,53125;-225,125;103,09375;9,15625;95,1875;97,0625;-99,21875;-212,9375;-253,9375;-216,4375;-126,0625;-171,5625;-36,625;-31,5625;124,3125;-322,59375;139,375;-41,25;73,03125;-21,84375;-179,28125;126,71875;106,65625;-158,6875;159,375;14,9375;-206,15625;-68,5625;64,78125;-51,46875;95,03125;8,59375;84,75;19,34375;-116,1875;84,84375;-19,28125;21,25;145,21875;115,59375;-58,0625;-249,96875;-16,9375;-95,03125;-18,84375;-9,125;-128,125;-174,03125;-34,15625;-84,40625;-26,28125;-24;20,28125;-212,40625;-185,46875;-117,09375;122,59375;108,03125;235,21875;35,1875;288,3125;161,59375;253,28125;212,125;118,4375;-71,9375;327,28125;250,78125;102,40625;74,375;7,84375;151,65625;67,6875;211,75;75,375;150,9375;188,3125;216,21875;209,25;90,875;121,09375;100,125;39,9375;166,53125;132,625;38,09375;42,09375;275,8125;268,75;281,75;-29,1875;264,65625;28,5625;104,0625;32;56,875;98,21875;62,59375;100,21875;126,875;-26,15625;-83,46875;-184,375;110,4375;5,125;181,9375;-34,96875;-40,59375;
-253,0625;-154,4375;-216,59375;-48,90625;-296,59375;-34,46875;72,75;-48,90625;20;-115,78125;-84,59375;-11,96875;-282,21875;-139,78125;-78,1875;-117,28125;-214,40625;-175,375;-239,4375;-133,8125;-162,03125;-384,875;-373,5;-323,9375;-231,96875;-160,5625;-49,53125;-154,34375;-211,8125;-282,90625;-246,375;-480,03125;-215,0625;-79,28125;-107,1875;-30,71875;-177,21875;-289,5625;-57,875;-235,53125;-140,625;-123,5;73,59375;-140,1875;-305,15625;-179,78125;55,6875;-184,65625;-56,9375;-87,71875;-160,75;-174,46875;-178,03125;-373,09375;-32,03125;-211,125;-110,8125;-99,84375;18,3125;-145,28125;-21,40625;-252;-221,6875;-69,15625;-0,03125;-43,03125;-61,46875;-232;-127,65625;-274,90625;-89,5;-187,0625;-38,5625;-95,125;87,84375;-22,84375;-161,90625;78,84375;74,25;-82,6875;35,65625;256,125;205,5;64,6875;176,90625;198,21875;-87,9375;21,5625;-328,09375;-64,25;202,09375;156,15625;468,15625;598,375;792,96875;793,375;601,34375;498,21875;330,34375;189,375;580,28125;698,0625;722,46875;1206,5625;1391,8125;1445,375;1604,28125;1500,65625;1250,875;834,21875;610,9375;592,3125;501,15625;299,59375;455,875;769,21875;1067,25;1431,375;1771,21875;2423;3055,21875;3438,4375;3798,90625;4040,78125;4079,28125;4016,21875;3658,9375;3745,59375;3819,6875;4028,84375;4383,5625;5061,75;6089,71875;6814,96875;7691,46875;8574,53125;9076,5625;9068,65625;8771,1875;7960,875;7248,5625;6133,9375;5558,15625;4805,5625;4497,0625;4558,78125;4613,40625;5143,03125;5574,71875;6216,96875;6800,78125;7302,75;7367,25;7317,15625;6998,0625;6685,625;6112,5;5650;5388,78125;4853,71875;4336,1875;4322,1875;4252,40625;4119,3125;4308,125;4614,6875;5082,5625;5162,46875;5258,40625;5327,09375;5314,40625;5010,3125;4834,96875;4369,21875;3826,90625;3832,25;3194,125;2831,5;2524,8125;2159,5625;2194,625;2180,78125;2309,0625;2503,40625;2560,59375;2403,21875;2456,71875;2318,78125;2343,53125;2045,9375;1678,34375;1546;1098,5625;592,5;482,8125;284;320,90625;356,28125;512,84375;479,59375;739,4375;636,5625;741,25;577,1875;309,6875;366,96875;213,8125;138,03125;-196,40625;-211,46875;-149,3125;-72,53125;-254,875;-87;-97,53125;-115,5;-55,5625;-311,78125;-131,125;44,25;33,25;61,1875;-226,875;109,9375;14,09375;-183,53125;65,28125;-3,5;39,9375;90,03125;-62,625;4,84375;182,375;-29,84375;41,375;131,71875;-116,3125;-288,21875;-63,21875;-163,09375;9,375;-164,5625;-116,90625;15,1875;-113,125;-98,125;-72,46875;-412,03125;-231,15625;-131,84375;-56,40625;-249,6875;-165,25;-41,25;-47,03125;-118,8125;-88,90625;-98,03125;-63,40625;88,3125;-116,46875;-248,0625;-98,90625;40,15625;42,5;-63,84375;-25,53125;-33,625;-78,125;30,71875;-44,6875;189,03125;85,5;139,15625;112,40625;-82,40625;-7,84375;-56,625;-11,96875;115,75;-39,34375;-30,625;188,25;236,4375;-130,375;198,5625;-51,75;163,1875;-32,15625;60,40625;74,5;-46,78125;105,09375;229,75;89,625;124,8125;214,90625;108,59375;98,6875;-116,90625;-115,03125;104,9375;30;35,78125;-32,59375;124,3125;158,6875;99,0625;142,34375;-38,4375;-37,5;239,25;-121,71875;-61,84375;98,78125;159,6875;153,75;27,0625;-25,84375;-25,65625;
10,71875;31,0625;-151,0625;-63,90625;66,71875;30,28125;-59,46875;-30,375;14,65625;-93,28125;-73,34375;-109,875;-77,78125;-159,65625;-230,15625;-53,90625;-90,03125;-15,8125;-114,75;-52,75;-55,28125;-50,65625;-117,15625;-184,40625;-230,09375;-80,375;-131,65625;54,84375;-102,375;-105,0625;-162,625;-151,25;-46,5625;25,875;-44,65625;-202,5;-112,5;-100,65625;-120,78125;-309,78125;-102,59375;-312,96875;-150,0625;-18,125;-235,1875;-159,71875;-114,1875;79;-72,5625;-18,34375;13,4375;-185,625;60,5625;-186,21875;-164,03125;36,3125;-167,53125;186,84375;-18,78125;-57,6875;-89,6875;-41,125;-24,375;-67,96875;-55,09375;35,28125;-201,375;161,59375;-47,28125;12,03125;69,5;-155,59375;101,71875;-22;26,84375;-15,71875;69,1875;194,40625;95,75;-33,15625;203,1875;100,5625;216,71875;106,375;124,53125;182,46875;141,375;-89,375;-65,40625;216,09375;60,75;353,78125;422,3125;630,125;657,1875;721,34375;670,03125;507,34375;506,6875;185,5;568,53125;823,75;1101,84375;1380,6875;1511,625;1626,5;1712,78125;1474,9375;1357,1875;992,125;947,0625;453,25;487,28125;251,0625;307,21875;807,5;1249,90625;1642,8125;1823,90625;2501,5625;3134,25;3484,28125;3809,34375;3816,125;3936,9375;3980,21875;3823,1875;4020,90625;3664,59375;3940,875;4489,28125;4948,03125;5896,8125;6891,15625;7920,84375;8579,21875;8877;9056,78125;8501,5;7772,5;7041,09375;6219,53125;5343,4375;4769,4375;4664,78125;4564,09375;4773,8125;5028,3125;5583;6108,125;6579,125;6689,65625;7071,78125;7008,65625;6780,21875;6536,6875;5877,34375;5487,4375;4952,71875;4480,15625;4399,125;3977,25;4163,90625;4033,125;4144,1875;4557,25;4917,09375;5209,375;5593,28125;5419,34375;5159,9375;4829,625;4610,875;4390,625;3865,34375;3469,1875;3164,9375;2494,125;2543,59375;2158,25;2153,0625;2174,0625;2260,5;2382;2473,40625;2270,4375;2472,8125;2552,46875;2339,5625;1882,625;1738,90625;1499,34375;1154,5;716,09375;636,15625;308,4375;439,78125;347,46875;582,21875;522,03125;851,78125;782,9375;736,3125;761,84375;611,78125;389,8125;237,21875;52,5625;40,21875;-166;46,09375;-74,65625;174,84375;-177,3125;-159,65625;-103,84375;87,25;-27,65625;3,90625;162,78125;-31,78125;51,1875;83,09375;104,3125;-222,09375;128,1875;121,25;99,21875;41,5625;-198,90625;-93,53125;-6,9375;116,3125;73,65625;-4,96875;-37,71875;-82,59375;70,625;69,8125;146,90625;-46,75;-59,34375;125,8125;148,21875;-174,96875;130,5625;-29,875;-463,375;42;-47,28125;16,0625;12,5625;141,375;-49,4375;280,8125;-33,71875;200,625;64,46875;-56,78125;42,0625;86,46875;13,09375;-128,28125;-22;70,65625;120,15625;91,8125;103,0625;110,0625;-9,6875;137,8125;30,46875;229,84375;132,28125;186,03125;278,84375;222,875;263,96875;-13,3125;-45,1875;64,3125;121,5;-70,03125;58,625;134,34375;-119,78125;184,53125;89,84375;300,40625;-36,71875;-25,5625;224,25;180,21875;27,34375;48;235,90625;-10,71875;63,6875;149,5625;33,90625;-107,375;-36,28125;68,6875;100,8125;94;262,5;-6,28125;126,03125;224,53125;64,09375;-112,125;112,375;78,59375;131;6,875;220,71875;4,5625;83,1875;58,4375;-296,6875;
-122,09375;-161,125;-31;-22,625;19,84375;-179,53125;-154,40625;-175,46875;-300,53125;-119,65625;41,65625;-165,21875;-69,8125;-227;-179,84375;14,875;-59,8125;-73,9375;-285;-190,9375;-108,875;-228,09375;-88,28125;-174,9375;-4,71875;-235,84375;-328;-226,5625;-287,96875;-292,625;-85,09375;-241,96875;-240,78125;-150,875;-170,15625;-249,25;-466,0625;-263,65625;-219,5;-305,5625;-165,09375;-201,09375;-164,59375;-298,0625;-145,46875;79,625;-54,9375;-107,03125;156,4375;-239,4375;-244,46875;72,53125;-159,96875;-57,03125;-93,1875;52,1875;-0,34375;-28,28125;1,4375;-138,53125;-148,375;-161,375;-136,9375;36,59375;-57,625;-163,59375;-14,9375;-177,59375;15,5625;-144,5625;-121,96875;-107,6875;-147,6875;-63,40625;192,96875;94,9375;-193,1875;-187,21875;-270,03125;-138,28125;24,1875;189,25;166,28125;213,34375;302,21875;204,375;77,65625;-59,4375;22,4375;36,9375;239,375;282,875;303,0625;533,1875;577,40625;605,34375;542,75;531,03125;333,3125;146;294,75;746,4375;1125,03125;1180,6875;1447,0625;1616,15625;1560,15625;1258,375;1315,0625;1114,65625;721,1875;726,96875;114;444,71875;564,34375;802,53125;1129,40625;1489,375;1890,0625;2347,34375;2919,84375;3368,71875;3828,46875;3954,6875;4008,96875;4038;3765,1875;3607,25;3774,8125;3892,78125;4332,375;4966,5;5726,3125;6544,625;7510,875;8393,71875;8640,78125;8573,875;8169,59375;7531,53125;6563,84375;5830,78125;5198,9375;4697,5625;4450,8125;4310,09375;4486,03125;4822,59375;5351,8125;5706,375;6501,53125;6844,4375;6761,375;6887,46875;6578,4375;6094,03125;5880,9375;5188,59375;4609,53125;4205,28125;3996,6875;3770,125;3684,6875;3812,65625;4005,21875;4411,1875;4614,875;4831,53125;4989,125;4953,28125;4911,65625;4628,125;4429,375;4081,5;3627,75;3119,875;2947,65625;2575,9375;2097,875;2127,28125;1882,28125;2006,96875;2148,3125;2194,21875;2190,8125;2516,875;2288,90625;2119,125;2164,15625;1903,53125;1831,71875;1422,65625;1006,625;595,5625;554,53125;337,5;14,59375;177,46875;333,3125;572,625;822,4375;867,875;740,28125;413,25;359,09375;373,6875;229,03125;31,09375;-124,09375;-254,3125;-159,125;-235,53125;-92,09375;-223,0625;28,15625;-120,125;-60,21875;67,65625;34,03125;31,40625;-27,5625;-99,21875;-53,625;-13,5625;-45,125;182,0625;9,34375;27,8125;-27,875;-106,59375;-37,09375;122,125;40,8125;-137,9375;1,75;-35,21875;40,5625;-155,6875;-252,46875;-232,75;29,96875;-178,4375;-125,75;-208,46875;-24,71875;28;-125,625;-239,71875;-112,625;-40,875;-185,78125;-52,5;21,875;39,90625;-153,1875;-175,875;-204,21875;-55,78125;-5,5625;-44,84375;-53,375;-112,125;-143,5625;-32,25;52,34375;-14,03125;51,84375;11,28125;-69,0625;118,65625;-99,5625;15,6875;31,28125;-94,28125;174,34375;41,6875;-42,3125;161,65625;8,625;-27,09375;-62,90625;-223,15625;-34,5625;56,84375;126,96875;164,375;27,34375;92,1875;-166,84375;23,6875;12,28125;145,5625;24,9375;317,90625;48,71875;160,40625;48,21875;-26,71875;8,78125;-17,4375;145,65625;-33,75;-112,96875;79,84375;15;-184,4375;94,125;-66,84375;54,96875;-151,09375;-69,84375;-63,625;-7;-105,65625;-122,34375;-32,40625;80,65625;-38,1875;-33,75;182,84375;
51,65625;179,3125;-177,09375;-278,15625;-104,125;-92,625;48,65625;166,71875;-22,8125;-170,4375;53,46875;-360,875;-266,21875;78,53125;89,15625;-281,4375;-67,03125;-238,96875;-131,1875;-24,125;2,15625;-64,46875;-89,625;-139,40625;-103,3125;-78,53125;-11,125;-57,84375;3,59375;-20,625;4,28125;-212,90625;-136,46875;62,125;-206,5;-7,03125;-122,25;43,78125;-34,9375;36,375;-153,0625;-154,59375;185,15625;-137,40625;25,03125;57,375;17,8125;-31,75;-74,09375;4,53125;-137,1875;-137,4375;-221,5;4,5;158,28125;9,3125;47;-34;-73,125;-153,25;26,03125;8,40625;-134,71875;38,21875;24,8125;84,65625;101,375;-33,3125;131,9375;127,1875;55,3125;186,46875;39,6875;70,78125;33,90625;31,625;70,09375;63,3125;0,21875;168,03125;147,625;-57,90625;194,09375;178,65625;348,28125;53,8125;-133,09375;153,84375;60,40625;225,125;93,6875;511,4375;388,5;635,03125;776,75;872,15625;641,09375;422,28125;332,5625;407,5625;296,5625;774,625;1121,9375;1332,0625;1363,84375;1495,15625;1632,6875;1466,5625;1121,5;1223,0625;754,46875;680,65625;552,9375;548;808,8125;938,5;1421,15625;1709,9375;2273,40625;2547,5625;3064,375;3456,875;3548,625;3843,25;3843;4010,46875;3850,625;3616,5625;3865,875;4119,71875;4429,75;4911,09375;6057,8125;6785,875;7490,65625;8150,90625;8697,125;8641,625;8126,3125;7474,53125;6472,65625;5898,4375;5126,96875;4639,71875;4556,25;4160,65625;4564,78125;4766,4375;5080,75;5737,65625;6573,71875;6775,90625;6957,90625;6809,78125;6638,625;6247,40625;5649,375;5049,40625;4660,5625;4292,8125;3913,40625;3879,875;3784,40625;3858,15625;3996,375;4242,5625;4618,5625;4845,125;4841,03125;4929,875;4792,03125;4501,3125;4177,90625;3992,78125;3548,65625;3149,40625;2914,4375;2453,40625;2130,1875;2030;2032,46875;2044,5625;2114,28125;2160,9375;2360,96875;2203,375;2340,5625;2151,25;2100,1875;2004,375;1622,25;1382,71875;955,15625;735,21875;218,4375;489,90625;209,0625;346,96875;516,53125;646,96875;647,90625;684,34375;711,46875;441,75;695,65625;436,8125;195,21875;94,375;70,625;34,09375;-29,78125;6,90625;31,15625;-53;17,71875;-83,84375;-227,09375;-119,875;-20,65625;95,5625;1,6875;-63,0625;167,125;-19,03125;18,1875;124,90625;-25,03125;165,21875;146,8125;260,09375;67,125;163,375;-3,65625;11,6875;9,9375;76,15625;115,625;-62,34375;0,8125;160,96875;0,15625;170,4375;23;159,375;29,59375;8,78125;84,78125;-56,28125;-5,15625;-123,65625;-49,625;148,90625;-41,03125;187,90625;-109,125;86,46875;-82,4375;152,34375;-104,3125;-201,625;206,40625;-44,28125;3,09375;-147,96875;142,375;217;183,625;81,15625;15,21875;67,46875;-36,84375;-95,96875;-65,21875;-30,5625;31;115,59375;135,9375;37,375;149,78125;272,40625;106,84375;97,25;-32,875;-107,53125;167,96875;18,9375;182,21875;-127,4375;190,0625;322,5625;230,59375;259,40625;137,875;141,03125;195,1875;425,03125;113,25;264,21875;53,96875;65,625;160,9375;82,25;-7,59375;71,375;37,28125;120,4375;-141,46875;242,625;154,71875;79,15625;83,96875;341,375;115,75;-107,34375;-85,9375;74,71875;72,96875;81,0625;324,40625;72,28125;
-224,84375;-33,5625;-228,28125;-190,625;-293,15625;-148,9375;-193,25;-158,28125;-105,78125;75,9375;-63,71875;-28,46875;-244,40625;-141,09375;-151,40625;-334,90625;-383,5625;-113,84375;-169,3125;-165,71875;-201,65625;48,9375;50,53125;-314,75;-274,8125;-250,96875;-243,6875;-117,46875;-39,125;-364,65625;-232,875;-195;-168,84375;-380,34375;-152,4375;-401,78125;-223,5625;-331,84375;-309,59375;-168,8125;-184,84375;-170,875;-180,78125;-51,90625;-194,875;-143,1875;-114,6875;-77,78125;-53,25;-103,84375;-430,25;-186,90625;-345,125;-201,40625;-201,3125;-351,5;-141,21875;-167,4375;-263,03125;-209,15625;-67,75;-225,71875;-59,03125;-112,5625;-108,4375;-99,75;-223,28125;42,71875;-188,53125;-250,96875;-79,5;-195,1875;-112,375;178,40625;-112,84375;-283,40625;-21,15625;-313,6875;-112,4375;-52,15625;60,875;61,5625;144,90625;22,46875;94,125;-112,40625;184,59375;-41,90625;-203,4375;-287,09375;20,25;241,90625;300,46875;532,03125;600,84375;561,15625;458,15625;269,34375;-31,1875;47,46875;536,8125;580,78125;1105,46875;989,375;1351,25;1399,90625;1489,1875;1311,34375;1191,1875;574,9375;495,5;343,9375;470,8125;449,78125;536,84375;607,28125;934,875;1157,40625;1852,8125;2421,375;2757,03125;3344,65625;3535,5;3715,09375;3720,90625;3537,25;3668,125;3502,09375;3838,90625;3748,84375;4149,5;4674,09375;5762,71875;6438,40625;7279;7837,125;8307,125;8175,75;7711,84375;6918,25;6206,75;5184,8125;4760,375;4497,25;4053,375;4190,78125;4206,65625;4531,03125;5194,0625;5646,1875;6138,09375;6334,03125;6506,90625;6396,78125;6236,75;5802,53125;5196,625;4684,9375;4252,71875;3676,9375;3822,90625;3199,84375;3201,5;3738,90625;3742,25;4044,78125;4495,71875;4589,28125;4508,5;4638,40625;4302,21875;4345,96875;4022,625;3655,625;3321,625;2826,8125;2582,71875;2183,75;1890,6875;1696,625;1530,1875;1818,21875;1782,8125;2008,40625;2074,9375;2139,6875;1968,15625;1926,65625;1888,75;1610,875;1346,84375;1059,625;845,75;529,78125;114,59375;191,28125;234,96875;96,03125;236,375;585,46875;650,5625;622,03125;572,09375;660,625;409,65625;56,1875;226,40625;-302,375;-288;-90;-254,21875;-146,84375;52,21875;-22,46875;-212,28125;-266;17,75;-101,03125;63,71875;-114,1875;-185,46875;-155,59375;-73,8125;-235,625;-104,53125;25,09375;0,3125;-26,6875;-69,21875;-30,96875;-104,25;-173,40625;-146,15625;-60,71875;-233,46875;-138,78125;-107,59375;-203,03125;-80,21875;-96,71875;-6,3125;-135,34375;-391,03125;-101,65625;-50,3125;-349,46875;-46,90625;-62,90625;-42;-239,1875;-260,5625;-355,65625;-168,71875;-52,65625;-265,09375;-210,4375;-215,28125;-23,625;-240,84375;-191,96875;-178;-190,8125;-192,25;-67,21875;-200,40625;-109,8125;77,28125;-34,5;-8,15625;69,3125;98,59375;-277,8125;-116,5;-208,3125;25,96875;61,4375;11,125;12,78125;24,5;-79,0625;79,84375;-42,71875;-141,5;-90,40625;-89,5;-11,03125;-71,125;-50,875;69,375;108,9375;-239,9375;-25,375;13,375;-62,875;35,8125;-24,3125;-2,75;-21,6875;-153,21875;-183,46875;30,96875;140,34375;31,46875;82,5625;-103,1875;44,625;-96,9375;-34,46875;-132,5625;-110,25;-175,34375;-182,625;-143;-41,4375;100,21875;99,15625;73,1875;58,25;-34,75;-155,78125;
-305,25;-397,875;-155,34375;-229,625;-228,6875;-158,875;-97,25;-336,5625;-161,84375;-2,375;-4,9375;-141,3125;-41,40625;-316,1875;-164,5625;-309,875;-159,5;-147,1875;-119,34375;-18,34375;-116,5;-55,71875;-189,6875;-97,4375;-116,34375;-255,4375;-135,90625;-313,15625;-28,1875;-101,90625;-168,59375;-173,90625;-450,625;-63,25;-390,71875;-196,1875;-45,03125;-110,15625;-130,5;-112,6875;-188,25;-551,90625;-241,5;-234,6875;-211,34375;-155,6875;-289,65625;-99,4375;-397,28125;-229,71875;-62;-255,1875;-243,65625;-160,90625;-314,40625;-257,5;-43,3125;-101,78125;-168,34375;-172,0625;-186,46875;-31,1875;-39,28125;-184,28125;54,46875;-102,6875;-59,09375;-139,90625;-141,5;-150,625;-72,09375;127,21875;12,3125;60,96875;-130,1875;-110,75;-161,53125;-95,625;147,65625;18,3125;-12,625;20,53125;225,96875;207,1875;78,75;-29,5;117,6875;-70,78125;38,25;99,84375;117,25;-23,28125;339,125;531,5625;488,65625;671,40625;490,21875;259,0625;105,78125;395,4375;431,4375;645,0625;1045,28125;1283,9375;1433,9375;1524,53125;1354,78125;1318,59375;1136,8125;878,3125;633,46875;494,5;391,15625;206,15625;561,21875;654,8125;1069,96875;1397,09375;2025,46875;2506,0625;2896,9375;3103,53125;3737,65625;3536,90625;3743,15625;3703,03125;3439,125;3620,0625;3703,0625;3749,3125;4118,4375;4945,1875;5555,53125;6231,9375;7143,3125;7843,28125;8199,3125;8256,125;7319,71875;6972,65625;6296,65625;5598,28125;4780,84375;4182,96875;4050,5625;3909,21875;4104,875;4530,84375;5042,34375;5491,71875;5810,5625;6074,71875;6685,84375;6435,34375;6103,75;5870,6875;5304,25;4399,28125;4043,125;3686;3594,96875;3503,59375;3479,40625;3415,46875;3785,09375;4037,34375;4264,90625;4605,15625;4423,78125;4512,21875;4430,5625;4028,03125;3818,375;3534,65625;3067;2878,75;2612,78125;2273,09375;1946,59375;1581,96875;1662,9375;1672;1720,8125;1906,28125;2135,3125;2251;2108;1859,84375;1730,34375;1711,5625;1695,34375;1245,53125;789,8125;288,21875;200,03125;61,125;-23,8125;21,71875;204,40625;234,3125;536,34375;582,59375;488;389,96875;353,625;330,5;-66,03125;-70,28125;-97,875;-96,375;-62,4375;-189,5625;-283,0625;-113,75;-141;40,21875;-297,3125;-107,875;287,4375;-32,125;-305,25;-80,65625;-124,40625;-162,71875;-138,1875;-63,46875;-102,53125;39,21875;26;37,875;61,46875;133,625;-59,4375;-46,59375;-37,875;-253,40625;-0,0625;-175,78125;-266,34375;-157,625;-268,875;-32,34375;34,25;-247,875;-196;-241,96875;-171,5;-280,40625;-307,21875;-21,25;133,78125;94,375;-63,15625;-151;-114,15625;-51,875;-223,09375;-174,6875;-136,8125;-117,5;-121,9375;-299,5;183,6875;-166,28125;-46;-12,8125;103,65625;94,71875;139,34375;45,3125;54,53125;-38,03125;129,3125;124,25;-68,65625;78,6875;-126,75;26,1875;-102,96875;-189,75;-32,75;81,625;13,65625;45,71875;72,25;145,71875;55,75;38,34375;97,09375;39,4375;251;46,28125;90,9375;21,09375;182,90625;86,9375;56,09375;0;110,125;12,125;38,8125;6,15625;16,28125;-154;-50,4375;-102,15625;-112,3125;-33,4375;-11,59375;89,09375;30,28125;-4,40625;125,34375;69,875;144,5625;-52,34375;-56,625;-161,28125;20,875;28,96875;
-156,59375;815,65625;-350,53125;-383,5;-146,84375;-489,5;-201,25;1017,375;-342,34375;-110,625;-258,5625;-36,125;28,03125;-109,21875;-292,375;-96;-134,6875;-388,71875;-74,71875;-248,96875;-116,5625;-299,875;-253,09375;-137,15625;-357;23,40625;-146,09375;-239,84375;-52,5625;-251,4375;-148,90625;-152,4375;-56,90625;-406,125;-197,125;-75,1875;-208,375;-214,125;-299,71875;-291,84375;-179,90625;-195,1875;-238,09375;-105,625;-142,21875;-151,59375;-370;-241,625;-318,875;-268,71875;-15,5625;-284,5625;-28,21875;-64,6875;-122,125;-244,59375;-274,46875;-185,40625;-90;-247,625;-219,6875;-229,90625;-106,40625;-32,875;-116,5;-90,84375;-1,8125;-129,9375;-93,90625;64,46875;113,40625;-164,53125;244,15625;-147;149,59375;88,59375;-31,34375;-73,96875;-253,46875;55,625;153,625;-57,375;12,40625;110,0625;222,46875;-109,0625;-76,4375;8,71875;69,53125;80,28125;-21,875;145,46875;475,4375;412,875;499,90625;399,53125;479,8125;404,4375;178,4375;138,5;381,875;526,21875;903,8125;1190,5;1296,5;1550,8125;1402,125;1203,75;875,9375;597,53125;591,25;447,53125;576,125;342,71875;390,5625;809,21875;1061,4375;1462,46875;1776,84375;2236,4375;2715,375;3267,3125;3270,875;3635,21875;3609,15625;3522,59375;3778,625;3448,78125;3467,0625;3857,3125;4123,65625;4823,59375;5480,3125;6373,03125;7099,75;7778,53125;7669;7797,1875;7646,625;6657,1875;6241,78125;5402,09375;4502,03125;4264,28125;3847,75;3839,9375;4176,84375;4503,21875;4676,96875;5351,5625;5779,15625;6487,3125;6626,28125;6461,375;5967,4375;5701,1875;5098,875;4500,96875;4017,4375;3481,65625;3456,3125;3331,0625;3250,15625;3471,75;3622,875;3882,96875;4283,09375;4402,5625;4281,25;4314,40625;3945,375;4007,84375;3837,96875;3575,71875;2989,125;2764,78125;2399,0625;1915,5;1696,34375;1774,59375;1865,3125;1678,625;1818,625;1897,6875;2120,90625;2074,875;2068,3125;1806,78125;1949,875;1706,03125;1460,75;1272,75;713,46875;575,4375;323,3125;123,71875;9,65625;251,53125;322,125;388,78125;473,53125;683,65625;591,1875;605,21875;168;107,65625;360,1875;-84,78125;-119,90625;-98,84375;-77,1875;-219,1875;-318,53125;-85,46875;-133,40625;87,28125;-66,6875;-206,78125;-136,71875;-199,3125;-224,5;-202,84375;-43,375;-215,0625;-42,9375;-193,96875;83,1875;-182,625;40,65625;-92,90625;-119,1875;151,5625;-136,5;-179,21875;18,625;56,5625;-24,9375;-93,90625;-69,96875;29,96875;-70,09375;-162,75;-74,96875;30,34375;130,875;-150,8125;-200,09375;-73,25;-76,09375;-116,4375;-94,03125;6,1875;-45,28125;-71,1875;155,4375;-136,40625;-152,3125;-89,8125;-197;-184,1875;-149,25;-135,09375;-143,875;100,59375;13,96875;161,59375;-24,59375;89;-87,28125;-58,625;155,625;-33,6875;-169,875;82,65625;13,21875;136,0625;23,84375;32,28125;42,25;-126,3125;-3,625;46,71875;43,09375;-45,1875;-38,78125;16,8125;89,5;32,53125;380,375;177,375;-43,5;6,0625;-55,78125;-8,75;163,1875;16,0625;-125,71875;-11,9375;115,0625;90,5625;80,875;-27,03125;51,09375;94,28125;-70,28125;50,53125;280,28125;24,21875;97,625;-37,75;177,25;-157,40625;19,96875;77,03125;22,34375;290,21875;133;157;108,96875;-126,75;
-389,5625;-259,9375;-265,125;-154,78125;-108,25;-155,5;23,4375;-446,875;-24,25;-209,625;-271,34375;-93,59375;-84,625;49,125;-338,1875;-144,09375;-122,65625;-213,21875;-78;-212,625;-100,15625;-48,0625;-242,4375;-163,125;-161,03125;-126,03125;-81,78125;-260,75;-229,28125;124,09375;30,96875;-248,0625;-57,03125;-304,5;-270,71875;-175,21875;-144,9375;-276;-175,28125;-143,6875;-5,375;-275,34375;34,25;17,96875;9,875;-60,84375;-159,59375;-47,28125;-0,90625;-154,59375;-352,375;-352,53125;169,125;17,84375;-60,96875;-35,4375;80,34375;14,375;-111,875;-106,1875;-183,875;-63;-96,40625;106,34375;-65,03125;2,125;-261,625;-291,75;-85;77,53125;-237,9375;-174,71875;-27,0625;18;69,46875;-48,40625;-12;-41,5625;-90,96875;-125,65625;13,4375;-75,34375;27,0625;319,71875;59,90625;-82,6875;-59;-19,8125;-71,25;64,09375;149,21875;431,96875;345,1875;677,0625;677,46875;516,5625;185,25;339,6875;185,5625;36,3125;310,1875;579;904,5625;1170,59375;1419,71875;1235,40625;1233,9375;1005,34375;938,375;752,96875;512,40625;438,375;283,53125;382,625;735,90625;722,3125;1139,46875;1164,03125;1795,0625;2274,9375;2760,28125;3049,71875;3354,28125;3429,4375;3463,375;3430,6875;3344,46875;3523,34375;3453,71875;3734,84375;4064,28125;4702,84375;5372,03125;6263,6875;7123,46875;7478,46875;7975,90625;7527,40625;7126,8125;6777,5625;5936,875;5010,21875;4729,46875;4067,78125;3810;3745,0625;4087,5625;4321,78125;4788,875;5138,96875;5765,46875;6021,3125;6288,625;6193,21875;6021,75;5438,0625;5077,375;4468,15625;3960,84375;3537,25;3227,5;3218,5625;3271,5;3248,75;3599,09375;3872,90625;4222,28125;4476,9375;4408,90625;4323,8125;4218,09375;3729,0625;3654,40625;3072,53125;2833,65625;2603,5;2465,65625;2142,21875;2019,34375;1735,25;1832,8125;1718,96875;1848,03125;1950,96875;1928,96875;2151,84375;1953,34375;1839,53125;1985,90625;1571,59375;1486,84375;1105,8125;566,90625;390,96875;177,28125;190,03125;153,6875;52,5;309,71875;519,25;610,125;572,125;446,28125;503,9375;484,15625;234,96875;211,5;40,5;-192,28125;-52,375;-285,84375;-44,59375;-91,78125;-116,09375;-60,1875;-176,8125;76,34375;-178,84375;-97,96875;-135,21875;-153,03125;-193,78125;128,28125;-196,125;-227,03125;-140,59375;-90,6875;-17,28125;67,03125;-150,875;-117,40625;18,3125;-133,65625;-205,71875;-49,09375;-264,125;-100,375;7,1875;45,125;5,125;-14;-186,8125;-83,40625;-6;70,125;57,34375;-46,4375;-12,0625;-32,9375;-166,15625;-42,15625;-96,34375;-195,65625;-97,75;-66,90625;-129,03125;-154,375;-157,9375;-188,34375;-117,625;97,375;-130,71875;-6,03125;-29,625;24;33,5;-105,84375;127,75;9,6875;-82,25;-154,3125;-152,3125;69,1875;-251,4375;-163,5625;151,03125;2,21875;19,84375;-107,6875;-86,03125;-233,5;-81,0625;15,125;-7,09375;-21,9375;-44,96875;123,1875;-34,6875;-33,65625;148,59375;-5;-27,21875;45,09375;120,78125;99,3125;-11,0625;-108,8125;48,4375;-109,59375;24,28125;133,28125;51,21875;-13,0625;-67,1875;35,09375;40,6875;85,59375;-55,75;86,53125;-146,375;-57,84375;130;134,8125;-80,125;43,8125;-235,34375;122,59375;-155,96875;0,90625;57,65625;
196,5;-20,40625;135,625;185,84375;-64,84375;-0,34375;97,3125;-82,78125;-80,59375;103,53125;-80,75;171,28125;-35,6875;-104,53125;45,875;-53,53125;-165,625;-4,03125;67,59375;-84,8125;-30,5;155,6875;-57,375;-186,90625;-78,71875;-195,3125;-16,1875;-84,5;11,875;-18,1875;242,375;-160,25;-21,71875;132,0625;-120,53125;-16,21875;-44,8125;-2,3125;-3,46875;-162,84375;-196,78125;143,59375;26,71875;-95,625;-4,53125;55,28125;-57,09375;2,46875;174,96875;-6,78125;-43,3125;-177,0625;-57,71875;231,125;108,6875;52,6875;-13,96875;-41,9375;177,4375;63,4375;109,65625;190,9375;-124,09375;129,8125;-87,3125;39,125;266,25;171,3125;-130,34375;94,84375;172,1875;94,0625;221,15625;136,15625;207,6875;125,625;3,3125;270,46875;41,3125;138,71875;187,5;234,75;112,5625;258,5625;194,75;224,28125;187,46875;-15,40625;139,4375;208,3125;48,4375;413,125;634,71875;790,375;780,4375;643,28125;635,28125;275,75;241,28125;515,09375;374,71875;687,625;947,5625;1125,875;1445,5625;1635,34375;1218,53125;1195,46875;919,125;812,40625;525,1875;622,3125;279,09375;718,34375;749,375;846,5625;1342,90625;1414,3125;2002,03125;2388,53125;2840,4375;3143,53125;3541,4375;3490,1875;3696,9375;3727,1875;3562,125;3295,8125;3517,96875;3695,40625;4116,84375;4664,5;5517,71875;5984,4375;6950,75;7420,84375;7838,1875;7655,4375;7228,3125;6443,15625;5850,28125;5218,125;4426,375;3971,5625;3929,8125;3677,78125;4240,34375;4534,625;5014,375;5310,59375;5812,0625;6115,90625;6428,46875;6333,0625;5751,90625;5406,25;5020,6875;4452,6875;3706,46875;3556,71875;3269,125;3179,65625;3053,90625;3323,125;3698,9375;3991,34375;4386,96875;4372,59375;4384,875;4396,4375;4069,5625;3858,875;3680,75;3270,71875;2785,40625;2761,9375;2348,375;2008,28125;2015,21875;1860,9375;1707,84375;1716,34375;1803,1875;1959,5625;2058,40625;2115,90625;2215,40625;2038,75;1939,125;1616,25;1434,375;1296,4375;1016,46875;509,75;388,5;138;167,3125;284,4375;474,8125;496,34375;607,0625;640,375;802,40625;689;447,40625;188,28125;415,9375;278,5625;97,28125;-19,5;-25,4375;89,59375;-50,84375;19,4375;-68,15625;-189,1875;-80,9375;105,6875;-38,3125;132,84375;87,46875;157,75;-82,875;-128,59375;222,6875;31,46875;107,90625;102,875;70,5;93,65625;20,03125;24,96875;113,8125;66,875;-62,6875;55,0625;100,71875;163,34375;226,09375;71;57,09375;57,75;184,09375;233,65625;271,75;-41,03125;195,84375;272,625;34,03125;-6,8125;-67,15625;57,8125;110,40625;188,5625;11,28125;54,03125;65,71875;-20,59375;91,75;108,625;34,1875;-89,21875;125,4375;136,1875;31,6875;235,65625;136,84375;215,4375;348,25;24;111,90625;42,46875;83,4375;267,6875;184,53125;246,5625;12,15625;78,625;-127,5;115,4375;186,03125;199,90625;67,46875;148,15625;269;-5,5;86,34375;188,84375;96,90625;270,875;120,25;395,125;214,65625;6,59375;73,125;41,84375;289,96875;116,375;16,71875;357,125;123,5;295,0625;82,15625;269,90625;233,53125;191,125;73,1875;20,5;111,53125;130,40625;140,65625;227,0625;294;22,875;214,8125;453,125;153,8125;252,1875;-16,375;125,3125;
-155,875;-209,90625;-116,34375;-177,75;-163,34375;-120,34375;-321,96875;6,78125;36,59375;-50,125;-257,125;-119,28125;-279,15625;-218,1875;-183,96875;8,21875;48,71875;-37,09375;61,875;-103,75;8,96875;-232,65625;-182,625;165,8125;-160,3125;-43,625;-46,1875;-227,9375;98,25;-208,75;-126,5625;-228,59375;-241,21875;-147,46875;-140,4375;-271,9375;-113,3125;-322,75;-187,03125;-176,3125;-164,34375;-152;-128,21875;78,5625;-84,8125;-95,25;-116,53125;-110,28125;-164,125;-74,28125;-59,53125;-98,53125;-104,09375;-176,8125;-198,5;-185,3125;-103,34375;-162,53125;-121,34375;-96,0625;-6,96875;-148,25;-1,75;55,6875;8,40625;70,15625;-9,125;-153,28125;44,90625;61,59375;73,78125;-41,1875;-171,15625;-221,75;66,875;-4,625;-8,3125;-98,78125;-80,46875;9,34375;-60,59375;71,875;55,90625;174,34375;144,46875;114,84375;26,625;62,4375;-69,09375;48,625;163,71875;248,53125;423,96875;394,40625;408,46875;427,875;518,3125;315,875;-7,125;79,46875;360,90625;534,78125;761,78125;1017,28125;1166,84375;1265,0625;1368,15625;962,90625;949,71875;683,96875;312,78125;206,28125;222;404,5;527,75;761,90625;941,28125;1439,8125;1701,1875;1987,53125;2598,375;2821,0625;2910,78125;3318,75;3122,875;3369,90625;2912;3254,84375;3339,90625;3388,25;3757,96875;4339,34375;5124,9375;5915,375;6483,6875;6893,6875;7157,75;7099,78125;6836,78125;6112,875;5511,09375;4856,78125;4179,09375;3702,3125;3289,46875;3514,375;3810,625;3913,25;4539,90625;5089,78125;5508,71875;6029,3125;6018,84375;5900,03125;5620,65625;5191,46875;4836,3125;4013,84375;3613,75;3233,6875;3158,90625;3109,4375;3183,96875;3387,71875;3494,90625;3812,71875;4002,09375;4200,4375;4185,40625;3936,9375;3779,03125;3442,28125;3303,0625;3030,71875;2972,03125;2509,75;2070,59375;1899,65625;1586,53125;1764,21875;1500,40625;1467;1711,15625;1671,75;1761,8125;1629,375;1791,71875;1896,03125;1776,40625;1605,1875;1361,78125;892,09375;599,96875;472,34375;101,8125;144,625;248,5625;241,59375;352,5;550,0625;480,0625;620,84375;512,25;446,34375;393,25;161,125;78,28125;-91,71875;-226,9375;-163,34375;-47,5;-110,875;-151,9375;-386,5;-175,84375;-85,3125;-99,875;48,375;-61,65625;-43,84375;-158,9375;-33,0625;-6,34375;-208,21875;-234,0625;-43,28125;25,0625;108,0625;-51,5;-74,28125;9,96875;-201,40625;52,21875;-45,78125;-197,9375;-132,625;-165,9375;12,3125;-118,6875;-66,375;-104,3125;97,59375;-18,375;209,46875;-58,46875;111,53125;-128,90625;-25,1875;33,125;179,96875;84,59375;3,8125;5,90625;45,71875;-67,65625;-151,125;38,96875;-178,34375;-170,6875;-72,21875;-245,375;-128,4375;-93,125;-69,15625;72,90625;41,34375;104,21875;-54,5;-122,34375;17,59375;-32,1875;-14,46875;20,3125;-252,46875;-149,40625;177,15625;100,78125;-71,9375;80,96875;-163,5;98,9375;-79,09375;-29,3125;3,90625;-69,34375;145,03125;157,3125;193,90625;223,8125;76,9375;-122,21875;41,75;-169,25;146,65625;-58,4375;179,625;-9,25;149,4375;147,9375;21,6875;-76,71875;151,4375;33,5625;0,84375;-200,8125;49,375;95,90625;18,1875;126,4375;171,125;-48,1875;139,875;-193,46875;149,75;-110,71875;109,03125;104;-32,96875;-164,125;-50,6875;
-45,21875;-167,125;-100,75;-308,21875;-79,1875;-169,125;-190,46875;-186,90625;111,5625;-66,0625;-198,28125;-108,09375;-31,125;-62,6875;-154,5;-121,28125;-3;-59,6875;-108,21875;100,0625;-86,09375;-67,5625;-325,46875;-128,125;-82,3125;-88,375;-379,8125;-219,21875;-240,59375;-319,0625;8,15625;-81,0625;-420,34375;127,375;-124,28125;-317,8125;-115,65625;-42,46875;-315,59375;-168,28125;-211,25;-282,71875;3,5625;-138,59375;-100,53125;-124,90625;-196,71875;-56,40625;-82,34375;-185,0625;-48;-242,15625;-140,375;-85,28125;-152,71875;-147,4375;-4,75;-26,78125;6,28125;63,875;49;-10,90625;-186,03125;54,21875;-104,65625;-163,75;-93,6875;35,96875;-51,5;155,625;-67,3125;21,875;-92,46875;-78,0625;19,21875;57,53125;-134,15625;-91,21875;-103,8125;-46,90625;112,90625;255,46875;192,09375;16,5;-59,71875;141,4375;-13,21875;-83,40625;28,65625;236,4375;326,21875;350,21875;413;585,8125;509,21875;387,09375;390,65625;299,28125;274,0625;98,40625;366,53125;464,375;820,125;1142,375;1359,96875;1438,59375;1382,09375;1298,375;902,3125;813,3125;634,34375;467,5625;458,09375;350,5;647,4375;802,84375;916,78125;1103,84375;1556,34375;2220,625;2482,125;2670,25;2964,75;3041,3125;3100,65625;3037,0625;2924;3000,3125;2925,375;3298,6875;3776,53125;4217,59375;4991,03125;5616,8125;6371,75;6847,28125;6902,3125;6741,875;6340,5625;5631,15625;5274,65625;4703,46875;3988,125;3638,15625;3510,8125;3381,78125;3605,96875;3716,78125;4447,21875;5084,03125;5254,46875;5632,53125;5788,875;5528,875;5434,6875;5091,0625;4403,78125;4092,9375;3456,3125;2960,53125;2949,15625;2827,09375;2913,53125;3101,90625;3375,8125;3624,71875;3833,21875;4005,4375;3859,4375;3911,6875;3749,625;3579,625;3011,78125;2587,78125;2364,125;2233,125;1989,34375;1773,90625;1491,15625;1219,6875;1532,15625;1385,75;1617,375;1829,53125;1811,875;1782,0625;1842,25;1660,34375;1564,25;1381,375;1173,84375;952,46875;687,1875;420,375;31,28125;23,40625;-39,84375;75,78125;232,21875;718,03125;578,90625;597,25;594,0625;444,5;339,71875;97,53125;-66,0625;113,25;72,3125;-50,78125;-170,71875;39,15625;86,1875;-252,53125;-150,375;-338,625;-436,84375;-128,8125;-107,5625;-234,15625;-8,53125;-259,59375;-38,90625;7,625;-239,6875;-7,53125;4,15625;-197,125;-176,34375;-152,25;16,1875;-83,125;-180,625;-356,59375;-68,84375;-120,03125;-135,5625;59,03125;149,59375;-39,75;103,65625;99,9375;-200;-21,71875;-174,71875;19,21875;-74,125;-3,09375;-33,75;-52,53125;-101,9375;-74,53125;-131,625;1,03125;-82,09375;-95;-219,875;-94,53125;-36,25;-56,8125;106,03125;-77;-21,15625;-165,5;113;132,8125;-230,65625;-79,0625;-68,78125;158,78125;-38,125;-144;-43,84375;46,15625;79,5;37;63,21875;-51,78125;-88,59375;159,5625;-13,21875;54,21875;-57,15625;-7,875;-124,34375;-121,75;84,96875;-34,375;298,375;-93,03125;4,96875;58,875;33,1875;8,71875;59,625;63,75;-5,1875;86,40625;180,125;160,90625;78,5625;19,9375;177,40625;-25,125;-11;-129,71875;93,21875;-32,96875;180,03125;-173,96875;94,28125;83,53125;-0,9375;171,40625;14,15625;83,15625;-128,125;-99;-83;47,84375;
-213,5;9,625;-393,5;-115,46875;-173,875;-106,375;-1076,875;51,3125;-208,59375;-320,875;-147,40625;-118,53125;-254,9375;-121,1875;-155,59375;-281,8125;-70,96875;-326,28125;-42,78125;-78,03125;-238,6875;-83,75;-186,6875;-272,5625;-201,875;-157,5625;-211,03125;-148,03125;-274,5;-19,46875;-385,625;-301,34375;-107,34375;-148,90625;-358,3125;-133,09375;-301,46875;-237,75;-287,46875;-256,8125;5,25;-180,40625;-176,84375;-87,28125;-325,65625;-112,09375;-41,78125;-319,96875;-180,78125;-7,46875;-290,71875;-205,71875;-130,46875;-330,28125;-111,4375;-169,125;-140,28125;-255,65625;-15,625;-7,8125;-206,53125;-234,9375;-20,75;-212,1875;-153,03125;-56,90625;-261,96875;-70,84375;-126,40625;-156,15625;-131,09375;-312,125;-219,78125;-0,78125;-169,375;-200,125;-10,09375;-104,3125;-87,03125;139,125;-106,25;65,28125;3,0625;-5,40625;41,15625;-235,875;93,34375;-28,75;-74,125;-132,28125;-66,5625;54,15625;290,75;313,03125;520,25;407,21875;369,21875;32,53125;28,40625;344,625;332,90625;447,875;835,53125;885,8125;974,71875;888,875;971,6875;923,15625;558,53125;663,8125;412,875;206,75;297,5;119,46875;278,53125;623,3125;749,71875;1171,75;1561,59375;1744,8125;2217,09375;2523,625;2820,09375;2867,1875;2929,71875;2834;2807,25;2667,59375;2607;3111,875;3515,15625;3837,5625;4382,78125;5321,03125;5811,875;6287,71875;6585,09375;6411,84375;6425,5625;5694,5625;4776,71875;3999,34375;3581,65625;3297,125;3188,4375;3126,96875;2885,8125;3734,28125;3939,8125;4695,96875;5153,03125;5218,625;5703,71875;5387;4893,25;4870,59375;4107,25;3730,84375;3195,40625;2817,875;2635,21875;2570,65625;2808,28125;2754,6875;3077,34375;3524,09375;3621,90625;3779,40625;3611,6875;3777,1875;3229,65625;3072,9375;2574,03125;2498,625;2321,84375;1984,8125;1866,59375;1802,21875;1364,875;1384,59375;1282,0625;1390,6875;1492,90625;1485,84375;1597,6875;1616,78125;1514,4375;1584,40625;1385,59375;1267,6875;854,375;764,09375;444,125;345,9375;91,8125;147,65625;-27,21875;111,6875;325,03125;348,5625;427,6875;661,71875;378,21875;495,3125;64,6875;13,28125;-85,375;62,9375;-203,375;-154,4375;-189,8125;-237,78125;-181,34375;-115,75;-106;-121,375;-129,4375;-153,125;-254,5;-47,625;-149,90625;-241,28125;-113,875;-286,53125;-319,5625;-207,1875;-139,375;-91,25;-173,75;8,40625;-195,71875;137,03125;-18,21875;114,28125;-98,34375;-200,46875;-67,90625;-225,625;-107,28125;-157;-113,3125;23,53125;-160,84375;6,90625;45,65625;-137,625;-179,21875;-298,4375;-16,65625;-102,9375;-15,28125;-140,15625;-237,8125;10,375;-102,09375;-247,625;-231,96875;-75,5625;-371,9375;-270,625;-245,25;-224,8125;-141,9375;-177,21875;-95,75;-266,96875;-172,21875;74,53125;33,09375;-78,90625;-96,78125;-59,75;-90,84375;-41,5625;-249,96875;104,84375;-250,96875;20,03125;-60,71875;-64,375;-198;88,96875;2,0625;-62,28125;-86,34375;-173,15625;-49,3125;-8,96875;-177,09375;2,34375;-119,6875;-9,875;-137,71875;-136,875;38,46875;-55,34375;11,9375;35,46875;-35,3125;55,90625;63,59375;-131,0625;39,28125;-127,71875;-145,59375;-176,90625;83,0625;105,84375;205,5;-154,875;-55,125;118,625;68,21875;-77,375;143,6875;108,3125;-66,90625;-144,125;126,9375;-4,6875;
-17,15625;-261,875;51,90625;-121,53125;-70,4375;18,6875;-6,875;-244,5625;-149,03125;-280,59375;-144,40625;-348,875;-210,21875;-96,0625;-198,03125;-458;-146,5625;-83,59375;-101,65625;-164,03125;-210,78125;-296,40625;-504,5625;-232,3125;-119,625;-201,9375;-250,625;-219,375;-124,84375;-155,6875;-135,09375;-128,40625;-190,34375;-279,53125;-151,75;-335,40625;-47,6875;8,34375;-244,59375;-177,78125;-115,03125;-168,03125;-344,40625;-385,375;-293,25;-64,46875;-304,875;-208,34375;-122,71875;-56,78125;-166,15625;-253,6875;-279,0625;-245,84375;52,28125;7,8125;-109,65625;4,84375;-11;-240,71875;-14,6875;1,09375;-44,46875;-336,78125;-147,75;48,09375;-86,90625;63,15625;-114,75;-210,59375;115,4375;0,90625;19,3125;-167,0625;-70,59375;15,5625;-41,53125;43,375;-142,75;-102,59375;7,625;-31,65625;57,875;214,78125;152,28125;-88,9375;30,84375;-181,09375;-103,09375;-56,125;111,4375;101,40625;356,09375;421,34375;351,4375;201,53125;323,9375;185,53125;167,3125;159,5625;323,46875;581,21875;800,09375;831,34375;999,15625;1143,25;912;815,53125;684,46875;566,8125;265,0625;294,84375;295,6875;419,65625;562,53125;709,03125;768,90625;1000,09375;1563,71875;1907,84375;2300;2497,09375;2621,6875;2757,1875;2722,6875;2658,625;2658,875;2800,21875;2721,9375;2907,78125;3354,78125;3664,3125;4307,34375;4930,28125;5502,8125;5854,875;6146,78125;6208,96875;5903,875;5237,9375;4658,125;3958,3125;3330,65625;3254,25;2903,96875;2965,21875;3027,875;3643;3826,15625;4357,8125;4940,5;5238,09375;5201,4375;5337,375;4727,96875;4470,46875;3990,4375;3415,84375;2895;2579,21875;2403,9375;2380,90625;2551,375;2606,78125;2981,03125;3392,625;3646,21875;3630,3125;3474,40625;3381,03125;3120,5625;2943,90625;2671,75;2335,5;2074;1879,78125;1481,03125;1476,875;1337,96875;1419,96875;1291,5625;1175,5;1494,5;1782,8125;1541,4375;1437,75;1451,84375;1299,6875;1256,3125;1156,4375;1019,59375;802,1875;474,34375;206,46875;165,40625;7,84375;66,90625;65,6875;390,0625;313,3125;247,25;364,5;408,59375;501,28125;290,34375;104,25;-61,75;-131,9375;-92,21875;-265,53125;-40,59375;-160,71875;-321,6875;-218,09375;-76,96875;-106,25;-257,5625;-270,65625;-95,6875;-137,4375;-67,96875;-133,6875;-261,78125;-200,875;-300,0625;-118,75;-188,09375;-136,90625;96,46875;-376,5;-170,125;-65,96875;-161,90625;-207,90625;-86,625;-187,125;-108,6875;-186,65625;28,8125;-68,84375;-58,59375;57,1875;-154,71875;-225,1875;-71,1875;108,90625;-119,34375;-12,15625;-62,53125;-124,46875;-211,5;-215,28125;44,40625;-107,21875;-168,90625;-14,5;-203,4375;-355,53125;-63,4375;-268,84375;-212,34375;-74,40625;-52,6875;-413,90625;-210,875;-155,5625;-74,9375;-51,375;-266,03125;-250,8125;-188,125;-181,875;-244,5625;125,0625;-34,15625;127,84375;11,5;-325,21875;-41,5;-43,0625;-12,25;-21,1875;1,5625;41,1875;-19,25;136,4375;-102,09375;-129,09375;-40,03125;0,875;157,96875;-80,84375;67,25;-173,8125;54,28125;-120,3125;2,59375;129,15625;29,59375;-6,46875;48,5625;82,90625;-42,21875;-205,4375;100,8125;-96,4375;47,03125;-60,5625;167,96875;-157,65625;162,78125;51,78125;-9,40625;8,28125;-95;-17,03125;-156,5;-122,1875;-65,28125;93,96875;
-79,59375;-6,9375;-266,53125;71,34375;100,21875;-78,46875;-133,8125;-172,46875;145,6875;-181,25;-208,4375;-91,1875;-357,28125;-197,78125;-126,625;-81,78125;-103,28125;-23,09375;-92,5625;-56,9375;-18,3125;-72,1875;-179,84375;-90,25;-134,8125;-161,5;-13,4375;3,40625;-18,40625;14;43,8125;-25,34375;-228,8125;-58,5;-36,125;-274,09375;-67,59375;12,4375;-62,6875;-7,78125;-167,40625;47,375;21,15625;-28,53125;46,84375;-62,8125;102,78125;42,28125;51,03125;89,3125;62,21875;-208,34375;-92,46875;21,9375;-95,96875;-113,03125;-13,28125;-112,3125;32,3125;58,40625;28,09375;-4,15625;-110,875;-47,28125;-60,03125;-18,03125;78,25;-148,125;-9,09375;50,0625;122,5625;93,625;60,75;83,75;63,90625;-6,84375;40,25;-160,40625;60,90625;110,5625;264;86,34375;240,875;276,375;81,9375;210,28125;-62,875;205,6875;84,375;78,25;415,46875;257,5;433,84375;524,34375;528,6875;512,875;394,75;482,90625;350,71875;176,21875;447,21875;637,5;1009;948,28125;1170,59375;934,9375;1023,40625;861,71875;618,90625;722,78125;190,9375;287,875;364,25;369,125;314,84375;777,71875;961,1875;1488,5625;1702,96875;1674,78125;2151,59375;2270,71875;2526,71875;2780,1875;2455,0625;2648,53125;2636,1875;2623,46875;2662,59375;2937,5625;3400,96875;3970,1875;4075,34375;4858,875;5426,65625;5725,53125;6194,4375;5876,3125;5596,40625;5060,15625;4516,4375;3735,96875;3215,375;2961,15625;2737,4375;2846,21875;3054,28125;3372,59375;3860,15625;4297,21875;4659,28125;5057;5016,25;4997;4593,21875;4353,1875;3769,15625;3268,375;2736,09375;2451,0625;2457,28125;2293,84375;2424,71875;2572,46875;2684,65625;3137,3125;3307,28125;3713,03125;3455,71875;3463,90625;3241,875;2876,90625;2636,71875;2265,25;2213,125;2018,5625;1666,78125;1604,8125;1331,4375;1169,90625;1146,375;1483,65625;1362,9375;1573,65625;1579,625;1352,125;1510,65625;1454,6875;1175,125;1125,96875;1028,90625;651,375;585,9375;457,90625;268,09375;201,375;109,46875;422,21875;325,84375;584,65625;615,34375;660,96875;513,5625;411,5625;253,75;184;66,09375;59,8125;-133,875;-119,84375;-1,15625;-29,4375;23,1875;-252,8125;-11,1875;-49,5;-52,09375;-7,875;-91,34375;37,21875;-137,5625;24,03125;-171,625;35,0625;-105,28125;-7,8125;261,625;-38,9375;120,03125;-74,125;151,75;-124,0625;19,71875;-77,40625;-41,90625;14,3125;-101,5625;2,03125;56,5625;-118,21875;-62,9375;-245,96875;-141,65625;51,65625;40,46875;-16,9375;123;274,125;-8,1875;-67,875;160,3125;18,59375;-113,8125;13,78125;-33,5;-59,96875;26,90625;-28,5625;-45,375;178,875;-75,46875;-96,03125;-59,96875;-108,46875;9,96875;90,90625;-196,1875;-183,125;-8,59375;74,28125;151,28125;-32,78125;-130,9375;-132,65625;127,84375;50,28125;87,65625;129,65625;95,21875;131,53125;64,34375;27,65625;140,59375;-160,5;77,03125;161;108,09375;7,46875;36,71875;266,40625;71,21875;91,34375;233,28125;34,84375;238,5;106,9375;129;-47,4375;111,84375;138,21875;232,46875;-68,28125;77,15625;-58,40625;198,46875;32,875;161,84375;124,78125;196,1875;120,8125;237,40625;196,4375;108,5625;-3,09375;321,78125;-0,0625;-4,625;81,15625;-106,0625;64,9375;
-165,9375;-168,8125;-92,9375;93,34375;161,15625;75,375;82,125;27,09375;259,8125;-166,9375;-99,8125;-153,34375;-54,09375;-124,25;18,90625;-28,25;26,25;-151,53125;-102,6875;-80,0625;-169,1875;-439,03125;-42,96875;-57,9375;-77,40625;-108,9375;39,09375;30,96875;-147,28125;-69,09375;55;106,0625;25,84375;-192,9375;25,90625;-134,96875;0,0625;-111,875;-145,40625;-159,34375;39,6875;-76,78125;-278,5;-143,34375;-65,21875;11,21875;-9,8125;-61;-143,59375;-86,1875;109,46875;-73,46875;-56,65625;-69,90625;-362,21875;-213,53125;228,28125;-28,15625;-270,1875;-163,84375;-144,4375;17,03125;-23,71875;-67,4375;27,125;110,59375;13,375;167,21875;143,09375;1,40625;-144,25;157,09375;4,53125;-149,8125;14,125;-257,03125;-42,875;-348,5;15,5;6,15625;-88,0625;6,75;183,09375;90,40625;135,75;159,65625;93,6875;23,625;-46,96875;324,65625;3,90625;195;426,125;476,84375;480,4375;383,9375;376,4375;343,1875;366,5625;226,90625;269,65625;529,15625;692,46875;954,875;1052,125;927,375;972,125;657,59375;678,125;523,96875;252,71875;152,40625;298,78125;518,75;447,8125;551,03125;902,5625;1186,90625;1468,71875;1532,28125;2046,1875;2491,25;2272,40625;2600,03125;2550;2476,3125;2427,84375;2476,5;2657,25;2649,75;3068,3125;3483;4068,90625;4856,9375;5030,40625;5571,09375;5635,84375;5610,6875;5069,1875;4781,8125;4172,40625;3565,875;3067,8125;2942,125;2621,25;2702,5;2826,15625;3282,59375;3620,09375;4140,78125;4435,9375;4881,59375;4822,90625;4774,9375;4535,90625;3955,90625;3491,34375;2995,59375;2811,21875;2298,375;2166,28125;2223,84375;2175,875;2455,46875;2811,40625;2871,4375;3294,53125;3445,53125;3542,625;3393,8125;3047,21875;2493,09375;2417,78125;2089,03125;1771,09375;1557,96875;1366,1875;1161,6875;1254,25;1187,28125;1381,5625;1363,34375;1184,25;1364,03125;1425,09375;1591,5625;1623,03125;1231,65625;1149,4375;767,65625;843,5625;448,34375;288,875;100,1875;97,375;104,59375;122,3125;290,6875;310,21875;300,25;783,53125;613,125;359,0625;606,53125;305,1875;27,8125;139,625;163,8125;30,84375;102,78125;-83,6875;-194,59375;-134,84375;43,9375;-226,21875;-15,65625;-39,375;-29,25;-69,03125;-79,21875;-176,625;51,03125;-82,59375;-123,125;-30,5625;48,4375;12,875;54,4375;-182,5625;-131,6875;50,0625;-218,9375;-177,15625;-15,90625;-150,96875;15,40625;-91,15625;-61,59375;-216,96875;-68,96875;-53,21875;-70;-142,9375;-51,4375;-15,9375;51,125;-26,1875;-48,625;10,25;-41,375;104,8125;-38,71875;-78,53125;22,875;110,21875;23,28125;-11,65625;103,125;32,96875;213,09375;130,0625;73,78125;-45,46875;-10,84375;32,1875;-21,9375;179,84375;147,3125;8,65625;-69,90625;19;-90,6875;-21,21875;-31,65625;-18,125;75,34375;126,46875;199,8125;185,34375;-105,40625;54,34375;-36,96875;-83,09375;134,34375;193,375;60,65625;25,3125;231,21875;-86,03125;175,3125;-16,96875;40,75;127,15625;-103,03125;59,875;9,96875;8,59375;27,40625;167,53125;-52;93,71875;136,71875;-14,46875;-37,125;150,28125;294,3125;142,96875;62,6875;78,21875;97,125;8,96875;150,625;-14,8125;-24,75;157,96875;-92,46875;101,125;102,40625;-25,9375;100,21875;
-145,71875;-19,53125;-144,15625;-127,78125;-1,5625;100,71875;-9,28125;-34,6875;-190,9375;97,71875;-192,90625;-349,8125;-81,5625;-145,65625;-240,71875;-71,46875;-45,03125;122,75;-144,125;-51,96875;-385,59375;-174,875;73,5;-257;-200,71875;-209,1875;46,8125;-81,53125;-19,625;-287,5;-277,84375;-118,03125;-32,84375;-121,125;-205,0625;-58,96875;-51,8125;-100,28125;-43,3125;-224,125;-219,59375;-199,1875;76,75;-207,9375;-32,5625;-82,28125;-180,15625;100,59375;-53,46875;-92,375;101,21875;-25,53125;-134,1875;-20,15625;-152,625;-144,5625;35,125;-187;37,34375;-38,75;-160;-61,34375;-119,40625;26,9375;-79,25;131,46875;22,03125;-95,21875;-199,15625;-50,5625;-64,0625;-30,5625;-44,125;-134,4375;97,75;-12,8125;50,03125;5,96875;-144;159,53125;189,6875;163,25;304,34375;160,875;155,28125;110,3125;137,8125;22,0625;-21,90625;-77,34375;194,28125;272,90625;492,21875;516,15625;331,53125;345,96875;130,625;171,5;134,90625;45,0625;390,125;651,40625;936;719,71875;1136,5625;953,125;763,5625;685,4375;854,40625;490,3125;248,0625;173,8125;50,90625;453,8125;539,09375;519,09375;1010,84375;1242,125;1416,71875;1686,96875;1898,59375;1923,5;2216;2243,21875;2639,84375;2466,84375;2402,65625;2360,15625;2432,78125;2607,25;2735,09375;3554,78125;3969,375;4353,8125;4912,25;5185,65625;5320,1875;5339,875;5110,09375;4570,0625;3927,21875;3467,375;2777,4375;2372,09375;2617,375;2614,375;2662,5625;3090,625;3354,6875;4056,78125;4235,625;4778,3125;4885,3125;4439,5625;4031,34375;3681,625;3243,8125;2834,4375;2271,78125;1900,4375;1962,03125;2029,5;2144,5;2332,8125;2357,90625;2780,03125;3131,5;3005,5;3223,0625;2956,84375;2574,875;2397,96875;2202,03125;1925,03125;1855,78125;1625,65625;1386,34375;1098,5;955,0625;1045,625;1147,78125;1186,59375;1206,6875;1571,78125;1205,5625;1350,78125;1292,125;970,96875;1149,34375;850,65625;548,4375;269,6875;510,125;355,28125;156,28125;212,875;23,34375;453,71875;398,5;501;420,125;452,65625;479,34375;197,875;281,4375;160,0625;-272,15625;-257,4375;-128,78125;-84,59375;-209,625;-380,1875;-118,1875;300,65625;-64,21875;-125,21875;-128,25;-105,71875;-177,25;-1,5625;-162,96875;-137,09375;89,0625;10,75;-138,15625;18,5625;70,46875;-134;-114,4375;-228,875;-25,15625;-158,15625;-264,40625;-243,9375;-16,21875;-202,53125;-27,90625;-286,0625;-48,40625;-134,65625;-40,90625;-144;-64,6875;-45,84375;12,5;-75,3125;-156,3125;75,625;-232,4375;-162,6875;-75,75;-109,5625;-107,5;-182,1875;-166;-135,125;-100,5625;-140,59375;-272,34375;-218,46875;-175,8125;-86,46875;-203,46875;-32,65625;-162,625;-110,1875;47,5625;-193,3125;-94,5;56,9375;127,9375;-84,21875;-61,875;-17,25;47,1875;35,90625;-232,28125;-245,46875;120,46875;-99,3125;-146,40625;33,59375;-107,03125;-37,28125;60,15625;150,40625;35,25;-14,1875;-176,03125;42,09375;43,8125;-158,90625;-77,875;140,96875;-89,71875;214,0625;-9,84375;-96,90625;-12,40625;3,40625;239,78125;-51,78125;139,3125;-131,90625;3,25;-157,4375;112,90625;81,28125;28,65625;56,65625;37,96875;115,625;148,71875;172,46875;161,90625;2,09375;-113,875;-85,71875;191,65625;76,4375;
-73,9375;8,03125;-147,78125;-85,75;-78,09375;-99,90625;141,46875;-82;-240;-38,03125;-222,125;-331,125;-166,1875;128,40625;-135,78125;-34,71875;-32;-249,1875;-11,5625;-215,0625;-182,625;-181,125;-24,5;0,96875;61,59375;-169,65625;-259,65625;-294,21875;-63,46875;-139,28125;-91,875;-133,75;-183,8125;-98,71875;-62,4375;-97,28125;-63,03125;127,4375;-216,5625;14,6875;-166,03125;-110,53125;-131,625;-68,4375;2,4375;-23,25;1,75;-37,46875;-45,0625;226,8125;-142,125;29,9375;-136,75;-95,625;20,6875;-227,09375;64,96875;-7,78125;-40,8125;-54;-3,21875;21,46875;-18,6875;100,0625;-50,3125;175,625;-89,34375;-162,875;72,125;-3,90625;-129;-77,625;72,59375;100,46875;7,59375;-106,46875;12,5;-24,875;138,875;24,3125;358,15625;-110,0625;230,75;221,0625;154,5;-16,875;126;-126,15625;-173,09375;-48,9375;125,21875;249,28125;383,28125;558,875;524,8125;458,3125;342,1875;154,4375;324,46875;364,15625;320,46875;576,4375;804,6875;994,125;1048,25;1148,90625;1026,375;729,5625;577,1875;524,96875;336,625;283,5;381,5;606,0625;524,25;565,15625;835,6875;1220,25;1433;1686,5625;1987,375;2444,03125;2323,8125;2433,375;2386,65625;2371,46875;2446,8125;2224,53125;2539,6875;2665,21875;3074,4375;3342,75;3777,9375;4414,46875;4749,53125;5209,1875;5245,46875;5273,78125;4746,9375;4389,9375;3688,5625;3276,1875;2772,96875;2515,03125;2528,59375;2487,09375;2620,78125;3069,59375;3352,375;3941,4375;4255,03125;4479,5;4558,8125;4459,25;4206,21875;3667,34375;3073,625;2657,875;2105,59375;2180,65625;1951,125;2061,15625;1995,6875;2372,65625;2649,28125;2732,28125;3090,6875;3105,9375;3153,375;2991;2598,34375;2507,34375;2104,4375;1938,375;1781,15625;1362,65625;1335,75;1150,0625;982,75;987,3125;1155,53125;1370,90625;1289,53125;1332,65625;1269,0625;1456,34375;1458,0625;1182,46875;1086,34375;807,0625;657,21875;604,1875;219,75;270,25;290,46875;188,21875;144,46875;232,84375;396,6875;361,3125;481,40625;489,53125;474,96875;500,3125;190,21875;122,125;155,53125;120,15625;188,59375;51,46875;11,125;-128,21875;-5,90625;-34,59375;-127,625;-187,09375;-146,34375;-114,71875;-162,5625;-168,1875;-15,40625;-219,3125;-9,90625;10,75;49,21875;17,03125;-157,40625;187,375;-52,4375;8,59375;111,25;-119,375;192,1875;-60,5625;22;-172,09375;-100,4375;23,375;-108,4375;-274;176,15625;-94,6875;31;0,71875;80,84375;50,4375;-137,53125;-8,25;68,6875;-54,125;152,21875;182,40625;134,78125;14,375;-122,46875;-72,5625;-295,75;24,4375;178,15625;-134,15625;-241,59375;-19,6875;36,75;-63,65625;118,65625;146,1875;49,375;111;126,5;83,0625;19,9375;79,5625;131,21875;46,28125;63,84375;82,375;48,59375;-26,65625;-61,71875;89,125;4,09375;-90,15625;80,5625;-16,78125;118,9375;243,46875;-19,375;136,4375;109,90625;55,75;29,375;-62,375;118,5;-52,53125;95,46875;-158,125;126,09375;106,28125;-120,9375;157,5;77,875;344,65625;288;208,09375;223,125;375,65625;366,53125;119,25;53,75;188;82,875;230,3125;61,84375;23,875;-57,15625;115,28125;223,1875;97,34375;-54,90625;11,875;
11,75;47,25;180,375;48,65625;-27,78125;-63,875;-145,375;-146,0625;-52,5;-128,28125;-181,9375;-36,71875;-276,90625;-61,78125;18,21875;-35,375;-140,25;-208,5625;-25,09375;-74,34375;-203,5;-80,9375;-447,8125;-81,34375;-168,78125;-237,25;-424,375;-16,09375;-290,28125;-57,0625;20,96875;-101,03125;-114,84375;-98,375;-111,4375;-183,34375;-2,34375;-80,125;-25,40625;-83,53125;-280,625;187,1875;28,40625;-232,75;46,71875;-197,03125;-64,21875;82,65625;-245,75;-79,59375;126,28125;-91,59375;117,28125;-74,75;65,84375;102,375;-52,75;-137,28125;-413,6875;-97,28125;-10,53125;79,1875;64,78125;-135,125;-129,1875;-70,53125;143,78125;46,3125;-82,15625;-88,875;-140,21875;-83,5;70,25;-202,0625;125,03125;-214,96875;117,59375;-18,59375;-90,21875;-33,34375;118,6875;43,03125;82,59375;259,15625;91;57,53125;109,84375;-18,03125;-75,375;109,09375;90,34375;253,28125;155,84375;472,84375;367,40625;468,9375;305,4375;319,25;-25,46875;421,875;145;489,46875;606,3125;851,34375;1058,90625;1015,1875;1035,21875;734,15625;529,9375;406,5;453,40625;310,21875;188,15625;295;453,09375;707,15625;825,1875;1239,21875;1286,09375;1591,25;1848,4375;2087,4375;2092,21875;2428,09375;2341,5;2310,96875;2158,8125;2246,84375;2280,03125;2638,71875;2807,28125;3269,25;3650,3125;3969,0625;4528,59375;4892,46875;5131,5625;5053,25;4710,09375;4001,21875;3588,625;3032,9375;2426,4375;2542,09375;2293,96875;2249,40625;2356,34375;2695,71875;3053,34375;3813,96875;4134,96875;4417,59375;4419,90625;4135,5;3833,71875;3316,84375;2794,125;2243,3125;2067,09375;1777,5;1664,53125;1795,53125;1956,28125;2041,15625;2193,25;2601,03125;2519,78125;2868,90625;2626,875;2483,78125;2660,40625;2206,53125;1974,8125;1641,625;1534,625;1354,125;1260,84375;1149,78125;929,53125;814,40625;939,34375;1013,3125;1205,875;1305,0625;1210,5;1152,25;979,78125;959,59375;757,09375;698,34375;338,3125;386,5625;353,875;71,46875;51,28125;93,78125;71,875;150,15625;229,65625;539,15625;189,125;272,25;337,0625;278,125;-59,5625;285,875;-150,6875;-125,9375;-450;-203,40625;-81,71875;-54,125;-321,03125;-114,875;-159,59375;-63,21875;-371,8125;-299,46875;-187;-224,4375;-1,09375;-288,3125;-223,59375;105,40625;-152,5625;-312,5;-186,40625;-209,5625;-233,03125;-182,46875;-10,875;-252,84375;-183,625;-170,375;-207,96875;-200,96875;-167,1875;-89,875;-146,0625;-199,25;-110,03125;-164,09375;-197,03125;-177,4375;-198,5;-186,53125;-294,125;-143,59375;-44,34375;51,40625;-207,40625;-21,125;-158,3125;-304,5;-257,28125;39,125;-256,4375;-191,6875;-2,625;-131,4375;-154,28125;-34,71875;-28,34375;-102,4375;-305,6875;-175,03125;-89,3125;-125,4375;-192,78125;-156,6875;32,21875;89,28125;-105,875;-24,15625;47,53125;-95,8125;45,8125;-169,84375;-208,875;-59,46875;2,5;51,28125;-134,25;-94,25;128,59375;-29,875;-40,59375;-79,46875;-23,59375;-218,375;-174,40625;48,75;-58,625;179,125;38,46875;-74,1875;-86,59375;57,59375;117,875;6,21875;-40,28125;-220,03125;-39,25;-73,5;260,6875;-137,59375;-52,375;99,875;-33,15625;-97,96875;-62,4375;-31,5625;-86,1875;-135,40625;-40,375;-73,375;-187,6875;31,21875;46,40625;233,96875;
14,84375;-44;-43,25;143,25;122,40625;-5,8125;69,90625;-27,5625;184,59375;-94,78125;-66,96875;-182,25;-199,90625;-127,78125;-89,1875;-8,875;152,6875;69,6875;-101,6875;-167,9375;-173,625;-62,46875;148,4375;55,53125;32,71875;-249,1875;-87,65625;-128,5;-251,375;183,34375;90,78125;98,78125;152,71875;-84,78125;11,375;7,25;-47,625;28,65625;39,96875;147,78125;-9,46875;-140,0625;-21,21875;8,375;-157;-121,75;-61,09375;66,0625;-22,0625;-32,8125;-95,5;160;-178,84375;-4,75;60,25;-27,53125;216,9375;147,40625;47,90625;23,25;-6,90625;61,4375;-88,59375;32,71875;-60,5625;43,9375;150,84375;132,34375;-102,84375;164,5;24,5;176,875;220,90625;86,46875;241,03125;-12,59375;19,5625;18,96875;195,9375;76,40625;-32,625;38,96875;214,9375;459,375;320,84375;354,75;31,5625;62,375;359,90625;174,59375;356,125;415,6875;515;367,71875;528,875;418,84375;125,71875;353,03125;277,125;273,875;561,28125;726,40625;1067,34375;1269,3125;1231,1875;1123,9375;1010,65625;729,8125;686,15625;482,1875;337,46875;459,8125;327,90625;626,4375;570,28125;485,59375;854,03125;1059,8125;1292,53125;1606;1924,375;1993,09375;2291,65625;2371,90625;2548,96875;2454,09375;2331,28125;2432,75;2348,375;2456,96875;2974,75;3236,25;3702,21875;4242,5;4507,09375;4839,34375;5107,15625;5033,59375;4571;4032,03125;3476,1875;2976,09375;2458,25;2136,1875;2299,375;2354,5625;2478,15625;2775,90625;3147,6875;3514,6875;3895,15625;4235,46875;4398,53125;4175,03125;3670,53125;3345,5;3052,28125;2544,5625;2070,34375;2028,46875;1567,46875;1783,5625;1694,65625;1885,96875;2274,8125;2571,28125;2924,34375;3056,03125;3031,3125;2705,5625;2588,90625;2469,5;2137,78125;1840,25;1582,90625;1283,4375;1349,46875;1133,875;1137,125;807,25;886,5625;1081,9375;1171,625;1356,78125;1518,96875;1132,53125;1070,5;1186,6875;868,03125;914,9375;767,125;517,71875;415,4375;549,90625;272,53125;132,28125;279,59375;335,28125;268;390,03125;623,28125;402,15625;508,1875;390,875;351,34375;64,6875;302,0625;77,15625;58,125;34,15625;-155,71875;14,46875;-73,21875;-196,6875;36,625;74;-177,375;38,21875;8,5625;72,6875;220,15625;34,65625;-5,625;-139,96875;86,4375;80,375;176,28125;16,90625;-12,53125;-289,625;-29,09375;213,59375;-5;-69,3125;-167,125;67,0625;-8,59375;14,78125;-28,28125;154,09375;-215,6875;-16,5625;-180,3125;115,375;203,46875;149,65625;35,46875;38,1875;0,59375;-27,6875;-76,96875;118,5;-4,78125;48,96875;72,8125;1,09375;-189,125;97,875;75,78125;8,15625;-39,53125;-14,96875;-9,96875;179,71875;95,4375;61,8125;137,9375;-17,21875;118,6875;119,90625;41,4375;14,34375;111,625;133,0625;50;17,5625;-175;-59,625;141,625;-107,125;42,09375;112,84375;62,1875;95,5;19,5;173,1875;235,78125;115;326,75;162,1875;-46,5625;-21,625;162,1875;82,1875;-6,34375;161,90625;84,625;57,8125;-4,65625;155,8125;-5,3125;89,90625;107,625;223,71875;347,78125;42,90625;232,3125;30,625;-65,78125;274,6875;213,75;252,5;298,59375;249,125;98,0625;45,5625;167,78125;276,40625;164,25;117,78125;
-0,71875;165,09375;-37,9375;14,5625;69,8125;-50,65625;7,65625;-100;-102,65625;-0,53125;-180,09375;11,59375;42,125;-73,28125;-46,96875;-226,6875;-1089,21875;-103,84375;-73,71875;-159,65625;-55,4375;0,46875;52,3125;-212,40625;36,625;100,53125;-76,1875;-60,84375;-162,9375;13,53125;-300,96875;-264,28125;-219,4375;68,625;-115,53125;-88,96875;-143,0625;-136;-105,96875;-69,90625;-2,25;13,40625;-45;54,90625;80,09375;80,3125;-181,53125;-31,4375;-323,25;17,03125;-39,3125;76,59375;-155,8125;167,875;156,9375;-30,625;92,28125;-31,03125;-150,5625;-8,4375;-69,6875;103,78125;156,0625;154,75;-13,3125;-89,15625;-20,40625;59,46875;146,71875;106,4375;-63,125;-208,6875;35,625;-66,375;142,84375;134,25;-25,6875;-89,0625;162,46875;-77,78125;230,9375;131;-38,5625;119,8125;222,0625;287,96875;-17,0625;206,3125;151,875;153,6875;357,90625;315,375;245,53125;504,625;519,46875;400,09375;157,5;23,5625;192,90625;449,84375;391,96875;631,65625;713,71875;905,25;1272,28125;763,125;719,875;964,75;629,9375;391;424,59375;344,71875;378,21875;599,5625;766,25;698,21875;860,09375;1121,71875;1408,09375;1585,3125;1747,53125;1984,875;2155,1875;2143;2271,4375;2220,1875;2007,125;2159,40625;2258,53125;2388,75;2706,25;3135,3125;3649,3125;4167,28125;4454,03125;4947,1875;4709,9375;4655,9375;4556,5625;4010;3292,34375;2883,375;2322,90625;2045;2241,34375;1999,8125;2225,8125;2568,5625;2984,1875;3347,6875;3848,5625;3847,8125;4066,96875;3806,875;3521,25;3159,09375;2691,125;2330,375;1932,875;1939,59375;1494,59375;1594,34375;1455,09375;1879,46875;2088,96875;2556,65625;2535,28125;2507,90625;2714,34375;2591,3125;2391,40625;2092,90625;2060,1875;1608,5625;1403,59375;1263,21875;1170,9375;910,1875;1027,59375;939,375;972,65625;1035,65625;1257,375;1171,46875;1230,625;1197,59375;968,90625;916,84375;971,53125;908,90625;624,25;583,8125;338,6875;376,90625;222,125;235,65625;234,0625;447,8125;148,5625;298,71875;370,9375;563,65625;149,09375;223,53125;-15,125;195,15625;-223;-184,4375;-122,5;-214,625;-303,28125;-34,46875;-139,375;-267,25;-44,84375;-134,4375;-90,3125;181,0625;-246,3125;-208,9375;110,375;-111,25;-36,78125;-368,8125;-83,6875;20,53125;-41;-127,03125;-119,21875;-9,8125;-47,15625;-101,125;-185,1875;-5;55,5625;-81,59375;-58,09375;61,375;126,46875;148,15625;-64,625;-6,875;-112,46875;3,1875;45,375;-100,28125;-32,59375;35,84375;89,5;104,5;14,3125;261,125;11,5625;7,84375;-161,78125;-112,34375;-76,0625;-73,25;8,71875;-133,8125;38,6875;-122,40625;-89,5;110,84375;93,125;83,25;52,4375;-78,40625;96,40625;-71,375;-130,25;38,8125;26,53125;-77,4375;-15,875;20,4375;37,5625;-8,1875;122,78125;115,375;-72,4375;54,5625;-28,125;68,78125;87,5625;270,40625;198,6875;0,96875;-100,15625;242,875;123,3125;8,4375;37,375;100,125;191,375;-140,3125;273,09375;60,875;131,9375;312,46875;29,125;-114,0625;10,34375;5,96875;233,875;75,875;-18,75;98;175,0625;69,8125;-84,03125;169,0625;33,625;226,4375;191,90625;-4,40625;24,0625;284,53125;108,625;15,9375;
36,40625;43,875;146,5625;-31,875;217,40625;-85,15625;179,34375;129,03125;2,6875;31,9375;65,59375;11;-77,15625;49,53125;17,34375;-34,5625;-155,0625;-122,65625;147,875;103,5;-54,3125;80,15625;-91,8125;-136,3125;86,59375;-52,34375;100,25;66,84375;78;-4,53125;48,59375;65,3125;102,125;73,125;95,28125;-115,3125;179,21875;-54,03125;-95,6875;21,375;-61,90625;118,59375;69,4375;36,34375;-8,25;-122,5;-53,6875;15,4375;14,15625;-40,46875;48,5625;37,71875;-9,03125;-160,53125;-69,03125;0,71875;-208;29,59375;-80,40625;31,71875;-36,21875;-16,0625;-84,40625;176,40625;201,3125;116;-21,53125;270,6875;-34;177,28125;112,15625;29,21875;45,21875;159,90625;286,09375;-95,375;90;218;147,0625;51,15625;14,0625;104,03125;277,34375;307,75;267,125;12,9375;-3,1875;237,15625;55,875;236,15625;366,96875;288,75;561,34375;650,6875;395,78125;412,5;315,3125;148,1875;353,3125;288,03125;368,75;777,71875;864,65625;997,59375;894,25;940,90625;1105,75;810,90625;713,96875;250,25;432,28125;399,25;264,46875;191,46875;510,28125;659,75;641,46875;1194,5;1567,3125;1651,46875;1634,0625;2027,875;2187,21875;2322,6875;2293,8125;2277,46875;2158,84375;2420,03125;2262,625;2486,71875;2910,46875;3172,4375;3609,28125;3831,3125;4475,21875;4550,09375;4730,15625;4487,40625;4362,46875;3874,40625;3109,78125;2760,25;2343,59375;2085,5;2005,375;1962,875;2179,6875;2505,96875;3048,65625;3595,75;3709,125;3996,875;4025,375;3666,125;3426,21875;3119,15625;2454,96875;2190,75;1744,0625;1843,4375;1526,53125;1615,90625;1619,40625;1869,71875;2261,625;2231,09375;2593,875;2743,1875;2667,59375;2521,125;2352,46875;2093,46875;1739,34375;1633,40625;1358,5625;1240,375;1122,28125;857,28125;1017,15625;825,03125;1001,46875;1052,90625;1155,96875;1215,84375;1361,28125;1326,6875;992,46875;1045,625;906,5;719,8125;568,46875;614,53125;480,09375;310,34375;157,34375;148,03125;186,34375;84,0625;504,21875;332,3125;513,3125;508,9375;298,75;332,5625;53,1875;126,9375;135,09375;26,15625;-39;-121,40625;-124,25;-8,59375;-13,84375;-30,3125;-204,875;-31;32,125;-214,34375;-159,03125;13,40625;70,4375;-60,21875;-116,4375;32,71875;87,4375;-163,15625;-221,53125;-30,0625;27,96875;147,65625;84,375;-23,375;-58,375;-145,03125;97,09375;13,03125;17,15625;164,65625;-155,625;-111,96875;-146,59375;-284,96875;92,25;49,09375;204,4375;62,96875;-218;-102,1875;135,03125;71,875;66,375;42,5625;56,8125;76,125;61,25;-52,3125;83,71875;13,3125;89,375;-45,28125;-11,78125;95,6875;43,03125;-110,03125;-36,84375;62,3125;13,53125;-32,5;-24,625;-31,03125;27,625;136,90625;3,84375;81,59375;27,34375;-35,1875;56,15625;177,5;22,5625;185,96875;32,03125;-27,59375;2,375;230,78125;237,28125;62,59375;227,25;34,5;163,84375;224,71875;-11,65625;59,84375;233,9375;357,5625;158,34375;-51,40625;31,9375;254,71875;103,09375;-11,65625;77,5;-83,3125;91,59375;59,625;358,03125;256,5625;49,78125;70,78125;115,84375;106,90625;175,65625;231,96875;140,6875;138,40625;109,375;249,8125;92,46875;167,65625;211,59375;45,6875;
5,28125;145,0625;84,40625;279,96875;-79,8125;350,125;203,59375;1,6875;-71,59375;-47,4375;21,1875;85,15625;-105,125;-105,71875;175;-15,5625;451,0625;6,375;167,75;36,625;99,90625;75,84375;93,71875;17,4375;125;77,28125;-59,625;12,625;200,15625;-138,78125;85,6875;-17,125;-64,09375;167,34375;-202,03125;80,84375;16,375;135,8125;220,71875;175,96875;64,6875;150,28125;27,09375;-5,28125;123,5625;71,9375;-15,1875;210,625;-81,28125;-36,53125;-119,28125;21,125;-7,84375;-2,0625;-153,78125;-59,15625;107,8125;120,46875;122,75;-26,625;139,375;48,6875;340,9375;196,34375;74,21875;237,46875;103,46875;360;183,0625;-71,15625;5,15625;70,125;343,0625;254,125;232,5;19,25;207,90625;102,25;114,0625;236,875;350,375;133,71875;302,4375;126,125;242,8125;327,53125;174,03125;-21,5;9,09375;23,1875;343,3125;532,59375;707,75;486,46875;417,1875;462,25;292,53125;400,71875;318,09375;298,4375;737,75;688,5;1028,25;1050,375;1114,40625;1169,84375;884,65625;848,59375;907,03125;490,28125;305,1875;580,75;583,46875;570,5;580,53125;773,09375;706,125;1217,5;1281,8125;1482,40625;1766,3125;1937,90625;2020,3125;2065,0625;2275,0625;2283,5625;2291,96875;2241,46875;2294,84375;2425,65625;2639,0625;3070,28125;3468,71875;4032,5625;4169,1875;4432,34375;4552,6875;4337,78125;4211;3597,46875;3183,5;2518,84375;2231,875;1920,75;1916,8125;1949,65625;2124,25;2368,0625;3028,125;3267,375;3642,28125;3977,25;3879,75;3766,53125;3438,125;2889,75;2593,1875;2288,4375;1909,75;1508,75;1352,6875;1385,5;1665,28125;2009,875;2288,53125;2425,96875;2734,34375;2820,03125;2591,125;2416,5;2173,59375;1997,9375;1755,1875;1608,65625;1113,90625;1239,3125;1063,6875;905,09375;1094,09375;978,46875;974,875;1069,125;1051,6875;1090,90625;1378,0625;1017,875;1234,59375;961,96875;740,65625;655,875;654,4375;566,90625;547,6875;387,03125;375,5625;-16,375;47,28125;125,28125;197,8125;529,15625;416,53125;286,125;471,65625;263,78125;142,53125;291,03125;110,15625;59,3125;-169,75;-119,21875;11,96875;-157,1875;186,15625;-146,59375;-107,5625;100,1875;59,5625;66,375;50,8125;-146,15625;-74,1875;17,84375;51,875;-132,65625;-134,65625;66;2,78125;-0,84375;212,21875;140,90625;267,75;-80,375;122,78125;35,46875;15,1875;117,46875;207,5;18,71875;145,375;168,9375;181,59375;187,96875;-85,75;-11,1875;-183,34375;-27,4375;-82,78125;-12,375;3,21875;62,1875;-35,71875;34,6875;-41,0625;17,125;46,96875;182,46875;-109,46875;49,84375;-163,15625;-44,09375;204,84375;-218,40625;124,59375;-106,28125;0,3125;67,1875;58,90625;10,4375;161,9375;167,46875;286,15625;38,5;110,375;37,96875;137,96875;139,03125;73,1875;28;244,90625;52,46875;118,8125;109,96875;76,6875;22,6875;68,0625;88,25;146,3125;93,875;67,84375;271,5;95,5;-81,96875;34,09375;35,34375;84,78125;227,15625;132,125;47,875;14,28125;117,5;66,1875;-64,03125;173,90625;168,375;199,96875;298,6875;173,1875;73,34375;-50,125;197,78125;136,90625;213,0625;238,71875;89,1875;206,4375;-12,59375;184,03125;164,09375;206,34375;105,875;
52,65625;-94,71875;61;147,90625;122,0625;-64,46875;-158,96875;-115,75;18,375;0,75;-19,0625;-60,46875;-46,71875;-5,5;-189,375;85,4375;-114,03125;-95,5;-15,84375;51,6875;-17,21875;29,34375;-148,65625;4,4375;155,25;-109,28125;-149,25;-153,34375;-51,46875;-96,125;-99,625;-75,09375;-85,46875;-235,09375;-192;10,1875;-148,8125;29,8125;161;-100,15625;-167,71875;-36,34375;-14,0625;-147,4375;-247,0625;-120,59375;-114,46875;48,03125;-59,75;-86,59375;17,875;-226,5;33,78125;-223,78125;105,03125;68,75;175,1875;87,78125;42,75;-44,21875;92,78125;-128,96875;56,4375;-37,40625;25,5625;48,84375;136,625;-191,46875;-168,28125;-42,75;-19,375;-18,1875;145,6875;-15,21875;-67,9375;49,25;40,90625;22,09375;122,34375;31,34375;-8;276,5;27,875;178,15625;-43,34375;13,21875;134,5;79,3125;156,40625;125,71875;77,125;357,875;214,40625;288,75;551,0625;512,4375;221,15625;292,875;397,375;185,15625;260,125;553,34375;721,5;1096,96875;1099,5625;964,5625;875,875;714,84375;551,40625;432,90625;351,59375;386,53125;313,78125;483,3125;436,375;423,875;544,3125;843,625;1278;1512,25;1547,3125;1735,15625;1930,53125;2065,78125;1922,84375;2134,15625;2102,71875;1977,15625;2245,625;2302,25;2633,375;2656,4375;3228,65625;3620,09375;3968,21875;4162,875;4345,34375;4063,5;3793,34375;3476,34375;2939,46875;2254,03125;2150,46875;2065,5625;1864,375;1697,46875;2017,5625;2150,15625;2662,25;3179,84375;3421,75;3466,625;3670,5625;3383,15625;3235,78125;2779,65625;2374,125;1944,375;1755,9375;1445,8125;1300,875;1333,28125;1158,40625;1586,65625;2017,25;2149,625;2714,75;2458,03125;2456,15625;2481,6875;2086,53125;1629,65625;1369,5625;1215,875;1138,8125;976,21875;712,5625;674,34375;667,65625;660,46875;665,5;1004,65625;953,0625;1191,96875;888,53125;1000,71875;749,25;699,21875;670,15625;552,34375;550,96875;422,46875;219,25;282,84375;67,75;53,46875;97,90625;130,25;293,0625;225,4375;341,96875;172;112,875;-12;142,21875;244,4375;-117,84375;83,4375;13,625;-240,40625;-242,1875;-115,34375;-225,1875;81,3125;-208,15625;-267,59375;-211,65625;-187,15625;-43,03125;-269,5;-196,375;-101,34375;-126,5;18,25;-126,96875;-233,34375;-105,4375;-181,78125;-238,71875;-36,3125;-198,125;-293,375;-200,5625;-3,0625;10,5;-123,40625;-85,375;40,4375;-233,78125;-38,96875;1,96875;-11,125;-124,09375;-213,9375;-135,03125;-223,25;-195,3125;-91,28125;-99,40625;14,25;-170,40625;71,0625;39,3125;-104,1875;-57,9375;-13,90625;13,84375;83,125;-121,5;-257,5625;-240,6875;-144,3125;-17,9375;111,9375;-323,75;37,40625;44,59375;-161,375;109,75;-84,375;-401,15625;-131,4375;-54,40625;-125,5625;-89,65625;-5,15625;-6,625;-88,875;20,59375;16,84375;-94,15625;53,28125;-17,625;-175,28125;21,4375;-2,53125;-93,03125;165,03125;31,78125;-147,84375;62,84375;-10,0625;-61,6875;188;102,375;59,40625;-149,21875;-6,90625;-93,09375;10;-102,40625;-135,5625;-86,1875;9,125;-174,09375;241,8125;-49,1875;-76,71875;256,75;137,03125;-171,96875;-19,5;-39,5;91,6875;-151,5625;239,34375;77,8125;-66,25;162,3125;141,03125;
221,53125;40,5625;41,65625;63,3125;-15,28125;131,875;240;31,03125;-27,25;67,5625;-12,5625;-76,875;-251,59375;-160,65625;-163,34375;22;-112,59375;-150,59375;-186,375;-39,75;30,09375;-231;-203,59375;-82,3125;-113,875;-286,0625;-109,71875;62,375;40,0625;-92,75;-140,84375;-49,25;-28,25;-98,125;-186;-462,71875;-65,46875;19,375;28,25;42,90625;-6,25;-28;-136,3125;181,125;84,84375;-55,59375;91,75;11,59375;-2,3125;-132,0625;62,8125;220,75;7,09375;290,125;-158,0625;-218,375;-84,125;140,15625;95,59375;-134,6875;82,09375;-94,53125;-76,71875;-6,15625;108,25;-137,34375;95,75;61,28125;-167,59375;71,21875;-27,625;94,09375;-61,71875;317,0625;244,625;12,71875;7,34375;-44,25;-1,875;333,96875;187,34375;179,90625;296,0625;200,40625;306,90625;113,71875;-32,59375;68,53125;73,78125;-176,1875;299,625;146,03125;461,40625;21,46875;531,625;337,90625;322;258,375;233;106,46875;306,09375;435,53125;723,1875;864,1875;895,46875;699,4375;1011,5;555,6875;646,21875;337,5625;283,34375;271,96875;451,625;297,46875;619,03125;594,9375;820,90625;922,46875;1061,8125;1457,78125;1599,03125;1509,25;1930,25;1898,1875;2017,71875;2152,84375;1942,625;2050,0625;2003,84375;2214,28125;2380,1875;2708,875;2893,875;3275,21875;3965,34375;4024,34375;3961,65625;4114,6875;3706,03125;3318,40625;2804,84375;2451,0625;1852;1680,09375;1772,09375;1641,6875;1852,375;2084,59375;2719,46875;3299,84375;3280,0625;3447,25;3637,34375;3357,5;3063,65625;2446,15625;2133,65625;1687,59375;1341,3125;1317,03125;1126,46875;1286,375;1432,96875;1530,09375;1901,96875;2170,40625;2243,875;2257,9375;2314,3125;2157,09375;2064,96875;1620,625;1453,875;1464,8125;792,46875;1039,09375;672,5625;687,375;622,625;461,59375;799,5625;694,75;885,71875;877,5625;802;985,375;917,40625;709,4375;535,21875;505,90625;388,375;242,3125;335,1875;199,09375;-61,59375;112,28125;6,5;266,0625;143,96875;158,09375;196,75;18,90625;260,8125;130,84375;40,78125;121,6875;-218,75;-101,4375;-57,625;122,75;-172,34375;-144,5;-135,84375;-91,3125;-18,5625;-53,25;-45,34375;-63,875;-61,3125;-80,46875;-137,1875;-250,75;-137,4375;-42,53125;-16,90625;4,1875;27,15625;39,125;8,09375;-102,21875;-151,875;-14,78125;-95,90625;26,5;85,8125;108,1875;-62,34375;-198,34375;-120,90625;46,59375;-64,5;-37,40625;150,96875;-287,875;-156,53125;-43,3125;18,59375;60,28125;46,28125;-86,03125;11,90625;-31,5;-95,5;-6,625;-207,625;-27,15625;13,25;-75,59375;-105,21875;-73,1875;-77,5;-26;-155,28125;121,21875;-220,5625;33,3125;-152;161,6875;-98,1875;-115,875;17,9375;-104,34375;-15,53125;-90,5;-38;-91;-53,5625;-105,78125;157,125;61,15625;21,9375;-137,75;37,25;27,90625;26,03125;-59,46875;-10,375;-77,125;-22,46875;108,375;48,09375;-27,5625;283,71875;-12,9375;111,71875;126,53125;34,1875;-65,9375;-20,3125;15,15625;185,21875;79,34375;253,3125;-164,375;27,21875;227,125;162,90625;177,59375;-14,90625;121,65625;147,375;-97,78125;294,75;192,25;53,96875;106,875;36,75;29,9375;203,9375;191,9375;
27,21875;43,625;145,03125;38,5;-17,71875;-3,4375;163,625;103,34375;-7,25;28,28125;76,25;44,875;88,28125;31,75;-124,03125;0,90625;-120,3125;-32,0625;56,03125;24,71875;-43,5625;-40,90625;-53,96875;-60,6875;72,03125;-205,5625;-65,9375;-194,40625;-19,4375;-77,25;107,96875;-238,25;22,5625;-197,84375;-44,28125;23,625;-26,78125;-51,1875;-148,21875;83,9375;234,5;65,09375;126,28125;10,96875;-58,53125;-15,40625;-109,59375;96,75;82,46875;101,4375;129,90625;-10,65625;-83,65625;-14,15625;138,5;245,40625;339,84375;89,1875;26,78125;-58,96875;43,78125;-65,78125;32,3125;-13,59375;71,84375;46,25;159,53125;82,78125;123,40625;-7,46875;317,125;-79,375;170,6875;89,8125;90,8125;197,84375;100,1875;-52,5;15,5;118,84375;23;163,6875;283,1875;72,8125;215,71875;375,4375;-74,0625;67,5625;119,8125;162,84375;59,1875;334,125;301,34375;410,125;313;381,15625;512;208,90625;267,84375;349,96875;280,15625;689,375;564,78125;1062,1875;794,46875;822,5;911,03125;453,5625;522,375;391,40625;63,96875;527,71875;226,1875;448,9375;540,15625;635,625;839,3125;938,34375;1113,15625;1254,75;1747,59375;1744,59375;1635,40625;1874,4375;1846,46875;1839,375;1892,4375;1852,46875;2073,375;2049,40625;2278,1875;2724;2981,875;3301,8125;3671;3696,875;3829,09375;3642,6875;3593,78125;2918,4375;2472,125;2202,46875;1830,15625;1508;1545,46875;1465,5625;1696,875;2305,875;2604,6875;2882,21875;3161,3125;3478,78125;3303,1875;3285,34375;2785,8125;2465,8125;1879,875;1764,8125;1375,0625;1155,96875;1086,5;1289,96875;1342,25;1689,71875;1756,53125;2235,1875;2128;2230,625;2257,3125;1866,78125;1950,78125;1689,46875;1304,125;761,03125;1019,375;880,59375;689,40625;627,53125;448,96875;502,28125;589,59375;816,6875;871,65625;1027,125;636,96875;806,53125;782,875;683,46875;670,625;489,78125;443,0625;312,40625;152,15625;-48,125;266,59375;165,65625;153,15625;185,96875;238,375;55,09375;389,96875;420,5;68,34375;116,9375;281,46875;-71,03125;83,0625;-48,0625;-29,71875;-282,78125;-144,25;-68,53125;-417,59375;-241,84375;-109,8125;-154,84375;-118,40625;-4,875;101,40625;119,53125;-118,09375;-70,84375;93,03125;-117,59375;-15,53125;-292,1875;-74;8,625;174,46875;-58,90625;5,0625;-66,125;146,03125;-191,40625;-178,90625;28,90625;79,875;26,5625;-67,90625;-160,0625;-62,75;-148,5625;-71,4375;-29,71875;72,5;-146,6875;2,34375;309,65625;24,40625;-17,15625;-102,78125;20,3125;11,3125;-34,96875;-149,375;105,4375;-100,75;7,03125;218,8125;-28,34375;66,375;-31,28125;-60,90625;-3;21,875;-83,59375;-49,09375;-146,53125;204,03125;10,0625;16,5;98,84375;74,71875;-11,25;98,53125;35,28125;120,78125;-45,90625;-39,78125;49,46875;12,125;143,1875;12,03125;39,59375;99,40625;6,4375;24,6875;-151,4375;-3,90625;30,125;-69,9375;47,625;155,84375;-5,15625;-57,40625;-67,03125;196,8125;99,15625;8,8125;-106,03125;-84,9375;287,125;75,6875;242,625;218,75;245,53125;95,3125;96,6875;137,15625;-21,59375;70,6875;55,90625;42,5625;36,375;-24,0625;270,40625;328,9375;-1,5625;150,4375;102,5625;
232,46875;7,25;245,25;413,40625;31,8125;181,5625;237,8125;150,9375;16,375;-68,3125;76,03125;122,53125;141,59375;-66,125;57,3125;-7,71875;80,59375;150,6875;152,3125;195,03125;182,5;72,59375;112,5625;117,65625;57,21875;197,53125;-94,34375;42,75;252,46875;219,8125;78,875;-22,90625;51,1875;181,15625;170,84375;33,59375;68,59375;246,71875;70,78125;368,75;232,5625;0,84375;-7,84375;103,21875;51,46875;136,8125;71,25;216,5;238;224,21875;127,875;162,4375;58,875;189,65625;210,25;74,3125;-393,1875;126,9375;-5,21875;229,5625;87,53125;90,3125;250,5625;146,25;159,875;290,65625;223,9375;78,21875;115,3125;79,8125;172,65625;160,40625;131,84375;316,125;51,75;385;110,125;79,03125;123,21875;58,28125;118,46875;275,0625;219,1875;142,78125;320,03125;210,875;140,1875;209,1875;333,6875;286,65625;355,65625;124,90625;311,40625;433,53125;494,09375;403,65625;318,84375;547,15625;193,375;484,4375;564,375;736,28125;782,375;1013,65625;1034,3125;921,03125;1091,46875;788,65625;563,6875;563,25;432,40625;379,375;552,28125;578,03125;498,96875;610,90625;778,25;886,34375;1197,875;1445,84375;1620,53125;1785,78125;1933,625;1669,125;1911,5;1872,125;2069,09375;1928,03125;1990,5625;2067,21875;2567,25;2850,03125;2758,21875;3171,03125;3385,25;3704,21875;3794,8125;3516,375;3281,75;2916,46875;2592,34375;2230,21875;2039,6875;1524,5625;1635,6875;1626,34375;1733,5;1950,0625;2400,15625;2878,84375;3118,65625;3306,78125;3164,15625;3164,25;2699,9375;2241,78125;1924,59375;1579,84375;1419,46875;1323,09375;1324,5625;1239,375;1501,25;1585,625;1891,59375;2074,65625;2323,21875;2113,21875;2300,4375;1951,25;1728,4375;1261,25;1138,8125;836;982,03125;652,59375;705,8125;699,09375;757,09375;774,84375;826,0625;718,71875;892,53125;988,28125;1051,59375;946,8125;710,28125;722,875;682,5;571,4375;282,9375;336,8125;348,71875;54,375;234,5625;4,1875;217,21875;181,59375;229,28125;270,90625;404,1875;459,59375;151,1875;335,25;136,4375;82,8125;25,65625;56,90625;-67,0625;-174,71875;115,25;-63,9375;-116,46875;125,03125;3,65625;12,90625;5,9375;-8,8125;24,25;57,25;72,96875;30,4375;-28,03125;55,0625;79,125;-89,84375;-112,25;-75,5;134,90625;-135,5;-39,40625;-102;-15,1875;-9,21875;18,78125;-33,5625;-96,25;89,75;-173,5625;134,375;5,375;92,4375;-3,5625;-5,59375;86,5;87,03125;70,46875;76;-15,8125;-13,375;-235,9375;47,125;283,25;36,59375;66,21875;-128,59375;98,875;-50,09375;80,625;-11,8125;-31,5625;-67,3125;-92,65625;43,78125;170,4375;53,34375;48,53125;255,5625;40,96875;165,65625;162,4375;12,53125;65,0625;0,28125;-22,40625;149,71875;188,59375;68,625;351,71875;109,8125;69,6875;128,03125;177,84375;103,03125;34,78125;2,40625;113,59375;47,28125;222,34375;153,375;77,28125;265,15625;126,125;199,65625;154,5625;162,09375;142,03125;1,40625;209,0625;27,1875;185,375;168,09375;109,34375;137,875;249,65625;229,15625;152,53125;161,28125;201,8125;72,78125;-7,53125;148,125;379,625;3,09375;55,78125;-47,5625;154,46875;124,6875;347,34375;217,78125;
7,09375;54,1875;-209,71875;52,375;-103,40625;230,25;-265,5625;-54,46875;-91,625;-43,15625;-13,75;-51,46875;-63,5625;22,5625;45,34375;-245;42,34375;-273,09375;-34,9375;-101,75;-191,28125;-98,28125;-6,4375;-147,1875;-78,125;-191,84375;-146,25;52,28125;-65,28125;-227,71875;-168,90625;-214,25;-117,625;-69,84375;64,0625;-32,875;-23,40625;-43,53125;2,40625;5,75;137,28125;-206,4375;-76,5625;-106,5625;-93,6875;-139,46875;-16,5625;-2,46875;76,53125;-124,40625;-350,5;-79,375;48,5625;-86,34375;-85;-145,0625;-126,34375;-4,09375;-227,78125;8,96875;14,15625;72,25;-52,40625;118,5;188,28125;-25;-58,9375;-192,75;-10,6875;-67,71875;-192,3125;254,25;6,1875;-7,03125;-114,6875;86,40625;-85,71875;-89,53125;91;-30,125;-3,25;230,59375;153,65625;110,53125;173,9375;137,90625;139,625;-126,40625;33,71875;343,28125;14,34375;24,5;390,09375;402,78125;292,375;234,90625;270;126,03125;136,28125;247,3125;225,75;567,78125;555,21875;733,25;582,28125;879,03125;610,03125;671,25;417,59375;256,71875;252,21875;400,75;519,6875;380,15625;392,53125;449,21875;651,71875;762,78125;908,75;1031,84375;1286,40625;1343,03125;1759,21875;1583,15625;1730,3125;1429,03125;1552,84375;1667,4375;1945,4375;1927,6875;2152,96875;2349,46875;2527,5;2835,5625;3081,28125;3232,78125;3301,5625;3293,15625;2904,40625;2543,78125;2054,875;1974,375;1610,75;1485,5625;1355,3125;1667,75;1619,53125;1790,3125;2124,5625;2560,15625;2774,78125;3010,90625;2935,375;2767,03125;2340,28125;1920,125;1716,21875;1321,25;1080,25;922,40625;1153,71875;1055,0625;1026,78125;1504,875;1674,09375;1752,84375;2020,125;1952,15625;1733,1875;1672,3125;1375,4375;1262,46875;890,09375;829,875;515,96875;454,75;452,5;431;258,3125;524,90625;627,46875;496;431,28125;889,96875;658,53125;692,75;573,0625;366,625;469,71875;117,875;181,8125;206;-9,0625;-75,21875;53,5625;-205,78125;39,75;79,9375;-30,84375;163,03125;97,53125;239,3125;116,25;50,71875;-150,25;-136,03125;-133,09375;-168,03125;-324,65625;-335,59375;-143,84375;-277,5625;-398;-141,125;-152,03125;-128,71875;-216,375;-289,59375;-402,3125;-116,6875;-237,96875;-328,1875;-321,4375;-246,8125;-350,53125;-175,84375;-296,15625;-3,75;-95,78125;-118,25;-124,625;-207,78125;-63,09375;-240,71875;-102,46875;-249,28125;-242,34375;-39,46875;-54,71875;-13,65625;-91,78125;-26,84375;-75,71875;-105,84375;29,875;-188,3125;-201,875;-337,90625;7,96875;-213;-36,4375;-57,40625;-250,71875;-136,34375;44,3125;-272,71875;-180,59375;-31,15625;-71,21875;-466,09375;-190,03125;-48,75;-24,65625;-88,625;-100,1875;43,4375;-142,84375;-109,4375;-63,71875;-67,3125;93,3125;-69,78125;53,9375;53,96875;-48,15625;-30,9375;-184,40625;-287,4375;-52,28125;-142,09375;-192,21875;84,59375;107,875;-119;-97,09375;-63,8125;-91,96875;-66,84375;-153,53125;-234,6875;-99,09375;-91,65625;-73,75;134,53125;-292,71875;-151,5625;60,09375;70,78125;-186,8125;-81,875;55,625;31,375;135,75;23,4375;-98,40625;-209,09375;21,5;129,40625;-6,46875;79,15625;-57,96875;-82,53125;-83,28125;42,125;34,875;-210,625;-147,40625;22,9375;6,3125;-54,15625;
450,5;217,9375;295,75;70,46875;-34,78125;116,09375;117,78125;155,21875;-16,71875;46,53125;-20,21875;16,21875;189,4375;-30,09375;-27,125;16,15625;-41,5625;-27,0625;80,03125;-20,625;55,6875;2,375;-90,59375;-40,0625;-20;-45,09375;-40,8125;92,625;80,84375;7,625;62,03125;106,875;222,15625;85,65625;-132,40625;-94,59375;244,84375;-68;83,40625;-57,25;174,53125;61,75;78,9375;174,75;165,0625;149,15625;52,0625;125,15625;164,34375;149,46875;-117,96875;41,3125;226,25;14,3125;57,46875;78,25;212,8125;189,28125;154,71875;-14,09375;137,625;101,1875;153,78125;183,5625;135,8125;19,21875;115;-99,34375;197,71875;72;208,625;206,15625;64,34375;176,34375;-78,1875;304,8125;140,21875;107,34375;122,84375;371,75;160,0625;412,3125;175,4375;209,8125;202,59375;176,15625;-23,5625;317,6875;265,125;16,6875;241,75;369,03125;367,90625;184,03125;346,9375;604,1875;113,1875;134,65625;470,9375;261,9375;717,6875;714,4375;666,3125;723,46875;932,375;555,28125;762,21875;748,78125;554,21875;230,84375;386,4375;455,625;382,5625;470,0625;602,6875;597,25;755,28125;816,71875;1163,0625;1431,40625;1506,46875;1652,3125;1484,34375;1682,21875;1586,78125;1459,15625;1687;1704,375;1763,09375;2026,1875;2081,9375;2400,53125;2763,90625;2876,875;2925,3125;3138,9375;3254,71875;3286,8125;2872,1875;2450,0625;2205;1820,875;1497,78125;1452,03125;1457,96875;1482,84375;1600,90625;1831,5;1981,28125;2396;2625,53125;2779,40625;2785,875;2626,90625;2379,125;2040,71875;1451,21875;1170,21875;1254,46875;944;1043,40625;1055,65625;1079,25;1322,375;1486,3125;1655,5625;2132,34375;1950,8125;1765,84375;1613,9375;1435,3125;1146,0625;841,03125;779,90625;471;417,125;550,375;512,5625;440,59375;491,625;537,03125;813,96875;661,0625;872,875;558,09375;707,5625;433,96875;448,1875;543,78125;248,375;331,71875;212,375;224,625;117,09375;-36,90625;74,71875;118,78125;138,90625;14,625;449,25;459,75;396,9375;358,125;345,5625;325,09375;181,21875;-30,46875;61,125;-144,15625;-158,6875;-62,875;-48,125;-192,53125;-196,40625;99,53125;44,875;-115,03125;-52,9375;-84,0625;-48,59375;99,625;34,90625;-91,96875;0,3125;-29,65625;-74,3125;-71,40625;-5,4375;-80,875;-131,46875;104,34375;113,71875;41,15625;-185,8125;58,8125;-206,21875;9,8125;-68,4375;-11,9375;-128,09375;-33,46875;-27,96875;-173;-141,75;-58,3125;-33,40625;-164,6875;-39,3125;-2,8125;-5,375;5,4375;-90,21875;1,625;-14,09375;63,03125;41,4375;15,875;-11,5625;0,46875;-17,21875;-194,1875;-202,65625;-34,40625;96,59375;97,25;41,75;45;108,21875;-57,3125;29,09375;-35,1875;68,125;175,78125;200,25;132,1875;60,125;133,90625;190,25;5,03125;120,0625;178,59375;69,375;105,65625;199,46875;123,03125;241,59375;159,1875;111,375;98,65625;-44,09375;55,28125;201,625;222,78125;245,5625;316,3125;147,5;257,8125;208,875;170,59375;64,78125;253,09375;-60,59375;118,28125;247,46875;113,1875;153,71875;138,75;-10,5625;131,84375;94,125;-70,46875;-63,96875;220,84375;113,65625;59,5625;226,0625;367,75;292,6875;299,9375;35,9375;
194,875;123,34375;-65,21875;-93,5;-83,5625;18,75;102,84375;-42;89,40625;-139;-148,40625;-28,21875;-87,40625;-238,8125;-0,90625;-86,59375;-95,78125;-115,84375;87,15625;-250,5625;-135,15625;13,8125;-150;-101,78125;180,25;-80,5625;2,375;-41,53125;-113,09375;-193,59375;0,6875;-295,125;44,4375;-113,59375;-122,1875;125,90625;-98,1875;-29,5625;-12,84375;79,21875;15,1875;-16,40625;38,59375;78,75;-2,5;-210,75;-46,03125;-153,125;-47,8125;-161,15625;97,40625;-41;104,875;-52,25;-135,59375;21,59375;51,4375;-56,96875;84,9375;94,46875;-132,8125;149,71875;45,25;113,28125;-143,03125;-59,4375;-215,71875;134,90625;168,84375;-150,1875;-8,90625;136,9375;-95,125;-74,0625;22,1875;-241,5;31,84375;48,09375;-48,1875;117,40625;240,5625;44,6875;-36;375,375;119,34375;31,59375;59,59375;-4,25;172,96875;251,5;361,6875;164,75;359,5;513,78125;200,3125;179,15625;131,5;129,9375;100,96875;567,90625;327,84375;423;750,34375;619,09375;573,125;510,875;663,90625;386,125;383,625;210,21875;297,875;404,78125;32,65625;318,71875;514,71875;326,0625;375,1875;714,5625;894,3125;1040,625;1098,84375;1316,5625;1382,5625;1260,8125;1497,125;1605,90625;1354,03125;1464,53125;1687,6875;1483,3125;1805,71875;1976,84375;2260,1875;2505,84375;2817,5;2712,6875;2965,03125;2933,15625;2734,84375;2236,3125;2076,78125;1688,96875;1349,59375;1323,875;1164,65625;1292,4375;1343,84375;1614,75;1922,1875;2086,09375;2738,125;2539,25;2388,875;2310,03125;1793,96875;1630,375;1120,71875;1047,21875;730,4375;728,34375;724,5625;661,28125;859,78125;1128,0625;1297,03125;1313,25;1667,6875;1659,1875;1491,625;1310,125;1103,78125;1044,53125;633,3125;502,59375;449,28125;340,75;425,3125;226,0625;143,40625;193,75;254,0625;792,21875;543,8125;515,53125;530,28125;398,65625;345,28125;263,6875;113,3125;277,96875;-33,96875;186,78125;-80,46875;-209,90625;-210,875;-184,9375;75,84375;-150,3125;-41,5625;74,84375;42,125;44,25;82,03125;-47;94,34375;-17,875;-318,25;-211,875;-179,78125;-174,65625;-268,1875;-298,09375;-218,9375;-277,90625;-248,125;-361,875;-141,78125;-350,8125;-110,5;-282,65625;-393,75;-300,21875;-333,375;-54,96875;-53,21875;-318,625;-297,375;-219,71875;-232,90625;-208,34375;-191,6875;-344,125;-170,5;-380,9375;-466,0625;-237,34375;-325,15625;-347,03125;-338,03125;-223,84375;-250,3125;-96,71875;-245,6875;-379,5;-334,6875;-414,28125;-265,21875;-284,65625;-52,96875;20,84375;-70,8125;-260,75;-198,90625;-369,15625;-135,4375;-223,90625;-203,25;-108,25;-193,71875;-228,96875;-238,25;-310,8125;-286,4375;-238,0625;-189,78125;-130,71875;-152,875;-107,90625;-119,1875;-4,03125;49,15625;-20,625;-214,84375;-60,78125;-217,4375;-189,03125;-40,78125;122,1875;-171,84375;-28,5;-161,9375;-262,1875;-229,40625;-152,75;-374,8125;112,625;-67,875;-153,28125;-34,53125;-23,59375;-145,6875;32,875;-117,34375;-103,625;-22,28125;-108,78125;-13,5;-67,84375;4,71875;-78,78125;-149,4375;13,09375;-90,28125;59,75;-58,3125;124,25;58,4375;-3,53125;-136,75;-30,5625;-220,1875;29,9375;49,3125;-125,21875;-72,25;45,5625;-125,15625;-120,53125;-127,96875;-259,25;
83,75;5,625;85,59375;141,28125;-1,46875;-91,8125;-61;73,65625;-89,46875;-14,71875;9,15625;-0,46875;-42,40625;-78,3125;-158,25;-45,3125;-119,9375;-55,375;-71,75;-49,78125;-115,75;-51,40625;-217,25;12,3125;-13,125;-139,75;11,0625;116,15625;-133,65625;-110,75;33,1875;-237,90625;-67,09375;-26,53125;-177,03125;2,9375;-9,03125;-126,75;127,84375;5,28125;-165,90625;-75,46875;-137,1875;-26,1875;-76,8125;-52,3125;-62,96875;51,6875;-10,96875;64,84375;164,6875;-97;-105,375;-97;-157,21875;-269,09375;-14,15625;-178,28125;-92,25;76,53125;-94,59375;-44,75;-106,8125;80,03125;-50,25;83,0625;79,4375;4,46875;-116,65625;-21,84375;1,65625;55,09375;-86,875;124,90625;52,21875;-249,4375;-137,125;104,125;53,4375;8,03125;48,21875;102,6875;115,34375;177,5;76,46875;197,1875;84,875;-169,59375;195,59375;235;237,90625;16,125;252,21875;271,21875;114,96875;340,65625;205,3125;398,09375;-37,375;228,96875;380,6875;509,90625;690,125;770,21875;500,71875;347,03125;474,21875;688,6875;610,53125;324,71875;235,65625;372,1875;310,5625;417,875;242,25;574;564,875;416,34375;844,125;1109,9375;1179,40625;1282,6875;1369,53125;1423,28125;1387,90625;1400,09375;1504,5;1580,25;1428,59375;1560,71875;1652,0625;2136,15625;2147,8125;2528,25;2497,25;2714,125;2551,53125;2437,34375;2528,03125;2144,71875;1630,59375;1486,53125;1104,5;1135,96875;1153,71875;1183,96875;1393,3125;1501,125;2038,5625;2217,71875;2489,40625;2586,71875;2712,28125;2446,09375;1967,46875;1664,78125;1255,8125;1146,84375;808,25;854,5625;858,96875;814,59375;882,375;1297,03125;1345,0625;1652,28125;1607,65625;1596,3125;1667,25;1345,9375;1092,71875;944,1875;723,375;500,78125;372,28125;209,75;151,75;389,21875;279,34375;283,875;217,0625;630,0625;483,6875;565,84375;500,03125;619,1875;319,375;404;255,15625;69,84375;115,5625;71,1875;-26,78125;-33,84375;-238,4375;-110,15625;35,03125;100,8125;58,1875;114,375;147,28125;-88,375;128,5;-126,875;-198,5625;-185,34375;-176;-101,5625;-322,5625;-272,125;-233,65625;-150,375;-182,53125;-385,8125;-218,53125;-359;-207;-106,9375;-206,78125;-231,90625;-202,875;-158,375;-260,875;-305,71875;-101,46875;-389,59375;-198,59375;-95,65625;-73,9375;-451,25;-313,34375;-177;-316,34375;-241,53125;-114,03125;-150,96875;-97;20,78125;-280,65625;-138,4375;-247,8125;-203,6875;-241,8125;-97,46875;33,34375;-19;-132,40625;-2,3125;-141,875;-200,4375;-119,8125;-220,9375;-145,90625;-37,1875;36,96875;-16,03125;-83,4375;-256,3125;-33,09375;-110,0625;-22,96875;-59,15625;-34,28125;-122,375;-20,5;48,96875;-171,375;-2,28125;-33,78125;58,40625;99,90625;-185,21875;30,71875;-157,40625;94,21875;94,96875;50,3125;55;-65,46875;-60,375;-279,75;-187,625;-4,21875;71,21875;-117,5;3,90625;-168,8125;-203;-14,25;317,90625;-90,375;-20,3125;111,21875;-5,5;27,75;215,34375;-1,15625;-62,03125;-62,21875;179,0625;-104,71875;48,75;69,25;-77,53125;-93,84375;110,34375;-72,53125;13,59375;-7,46875;-10,75;104,71875;-190,53125;-64,09375;97,59375;-136,03125;5,96875;117,0625;107,9375;-115,84375;-133,1875;
217,71875;157,78125;278,71875;35,625;176;377,65625;88,59375;-40,25;69,65625;-28,6875;332,375;187,0625;141,90625;112,375;33,375;42,875;64,5;3,375;10,34375;173,8125;109,96875;63,8125;35,28125;-76,3125;126,65625;-6,59375;102,75;-40,46875;152,5625;-128,40625;102,5;-32,84375;-28,15625;-21,4375;-10,34375;277,4375;126,6875;-14,1875;226,28125;231,78125;1,40625;112,375;53,84375;195,03125;189,96875;29,8125;96,28125;287,375;17,5625;170,25;491,90625;-75,5;23,125;43,46875;185,71875;89,4375;185,84375;116,96875;291,28125;184,625;55,375;-8,9375;193,1875;143,625;38,59375;128,625;316,46875;359,46875;60;162,5625;164,9375;369,78125;162,59375;161,90625;235,53125;304,875;205,375;98,25;-44,03125;72,5;175,03125;330,59375;121,78125;195,46875;40,96875;229,0625;255,9375;228,625;235,90625;487,59375;431,375;414,6875;659,9375;574,0625;304;209,03125;395,65625;310,21875;293;384,28125;461,03125;598,28125;679,65625;590,375;802,8125;792,8125;668,5625;574,65625;670,875;405,1875;517,78125;629,71875;624,59375;380,53125;503,03125;528,625;649,46875;870,75;996,1875;1132,46875;1020,125;1356,09375;1289,59375;1422,28125;1481,0625;1443,21875;1438,0625;1487,0625;1720,75;1732,65625;1869,25;1996,28125;2456,875;2651,375;2637,53125;3014,3125;2956,90625;2537,84375;2407,15625;2090,71875;1901,625;1851,75;1361,5;1283,9375;1259,4375;1074,21875;1378,09375;1680,625;1829,40625;2135,3125;2485,96875;2458,65625;2495,84375;2481,625;2114;1746,5;1389,5625;1199,4375;904,40625;761,59375;738,03125;809,125;1052,90625;1250,78125;1567,5625;1583;1762,21875;1734,40625;1342,78125;1229,34375;1146,46875;1010,3125;994,15625;597,40625;526,8125;276,5;371,4375;446,65625;317,90625;364,3125;534,40625;539,59375;559,34375;800,875;655,0625;548,6875;563,375;302,90625;442,59375;85,4375;62,25;94,0625;26,6875;80,375;98,75;-122,875;96,3125;153,3125;284,625;126,28125;213,375;32,28125;287,875;26,375;210,90625;121;-61,84375;31,4375;-52,5;131,40625;-297,15625;-146,6875;-194,6875;-66,96875;-194,03125;-89,53125;-71,65625;-149,9375;22,125;-87,46875;65,875;-31,6875;-160,375;-255,875;-185,625;17,03125;15,53125;-228,53125;-62,59375;-12,03125;-124,5625;-56,625;-31,28125;-36,4375;-21,875;-4,40625;127,65625;-117,90625;62,34375;44,84375;-50,46875;122,1875;-36,46875;110,0625;-93,125;-75,53125;6,46875;-30,65625;33,15625;-22,03125;-215,9375;-137,5;-40,25;28,0625;36,09375;123,40625;-35,9375;22,5;-3,03125;58,90625;12,34375;-63,84375;-12,6875;-97,53125;45,4375;-35,21875;37,875;-33,75;157,875;61,09375;134,5;152,59375;-11,90625;-29,625;-54,375;326,4375;-45,5625;156,78125;114,59375;202,84375;125,9375;187,3125;217,03125;107,96875;172,90625;211,59375;153,21875;-60,84375;240,25;239;187,5;72,125;181,84375;215,9375;168,6875;-86,5625;182,375;257,40625;107,8125;232,78125;168,21875;168,75;252,5;517;80,21875;290,59375;18,1875;113,90625;67,59375;-34,8125;43,03125;116,71875;22,8125;174,1875;72,65625;114,40625;195,625;50,03125;148,9375;58,5;
181,0625;29,03125;167,4375;188,1875;-25,59375;118,25;-21,6875;-10,625;0,28125;237,5625;-76,75;52,53125;167,90625;143,375;58,78125;25,625;186,40625;140,96875;22,34375;85,9375;61,1875;-149,0625;93,3125;-8,71875;89,28125;-42,03125;-99,71875;-66,28125;-78,65625;-193,09375;237,46875;17,09375;62,625;-148,09375;134,21875;-22,34375;-25,09375;7,5625;83,21875;51;-139,0625;-65,03125;99,28125;-137,4375;-31,8125;-7,5;35,8125;135,375;-89,9375;30,28125;-161,96875;-25,5625;93,34375;-267,21875;57,125;-0,65625;76,78125;108,78125;-133,5;185,21875;160,4375;151,3125;-70,9375;220,59375;90,875;-1,4375;127,75;-65,34375;144,84375;379,125;80,25;159,875;-41,3125;-21,40625;62,21875;193,21875;114,25;55,71875;-61,34375;212,25;114,5625;8,15625;229,71875;20,4375;368,1875;41,53125;60,375;-5,90625;407,53125;121,4375;303,3125;327,8125;458,125;85,78125;400,90625;326,34375;97,59375;502,15625;285,53125;308,125;450,5;543,71875;680,625;635,25;729,75;682,09375;486,6875;623,96875;456,46875;422,03125;271,53125;250,625;470,9375;452,59375;338,09375;355,15625;508,3125;653,28125;748,0625;910,3125;1102,28125;1065,1875;1246,65625;1314;1417,65625;1252,96875;1273,78125;1538,5625;1588,1875;1580,84375;1830,28125;1820,0625;1979,71875;2336,03125;2772,5625;2615,375;2713,59375;2377,5625;2344,15625;1987,15625;1716,5625;1377,15625;1259,71875;1192,40625;1002,5625;1136,40625;1286,875;1593,21875;2151,21875;2030,125;2322,625;2290,0625;2240,3125;2083,28125;1703,96875;1600,875;1325,375;1053,65625;825,6875;547,1875;581,71875;629,125;744,75;978,15625;1211,78125;1219,5;1489,0625;1546,1875;1404,0625;1198,03125;916,625;583,9375;500,0625;692,5;381,09375;162,84375;246,78125;89,78125;259,3125;264,78125;368,65625;347,03125;463,84375;502,65625;531,59375;429,34375;395,21875;183,09375;194,75;71,53125;28,0625;75,21875;-95,1875;-1,40625;-92,78125;-37,90625;-59,5;-106,25;-145,3125;142,6875;149,46875;-61,21875;23,8125;52,40625;-138,03125;-41,9375;-118,5625;-84,6875;-269,9375;-321,15625;-320,09375;-406,71875;-484,25;-295,625;-147,9375;-275,3125;-476,90625;-139,4375;-212,34375;-142,28125;-241,3125;-168,59375;-123,84375;-238,3125;-159,875;-187,4375;-103,4375;-49,21875;-172,8125;109,4375;-246,625;-315,96875;-76,4375;-191,84375;-157,21875;-337,28125;-169,875;-191,25;-173;6,71875;-278,65625;62,28125;-96,21875;113;-152,9375;-81;-45,40625;-70,5;177,5;-167,9375;-35,6875;8;-188;-141,90625;-60,5;-64,59375;-216,84375;-110,71875;-139,46875;-11,40625;-362,09375;-149,90625;-164,84375;-168,59375;-170,625;-140,875;-76,59375;115,28125;3,75;25,28125;-105,75;-70,40625;-40,34375;1,09375;-31,6875;-195,8125;197,1875;-60,75;-156,40625;48,96875;45,375;370,1875;-1,5625;32,59375;-45,1875;21,96875;131,9375;-15,78125;-32,625;-12,3125;45,78125;164,40625;-221,5;157,8125;159,9375;140,625;113,75;-20,75;232,65625;159,8125;34,90625;-56,8125;129,78125;-88,46875;135,75;80,1875;404,53125;46,21875;30,4375;225,84375;18,8125;-8,96875;-216,59375;62,375;0,0625;56,75;-33,6875;-106,1875;-107,1875;3,6875;
128,96875;108,09375;122;304,125;261,90625;41,59375;-30,625;236,53125;144,625;-44,53125;90,71875;-138,9375;-72,90625;290,875;-28,8125;186,90625;-40,78125;45,8125;2,0625;-73,21875;83,125;17,625;127,90625;-3;-81,40625;143,59375;-143,78125;-91,6875;-76,3125;-55,5;32,1875;103,59375;76,78125;-141,90625;-45,59375;193,8125;104,1875;38,3125;7,84375;109,125;75,34375;79,25;231,375;-100,3125;202,9375;303,75;112,65625;147,375;29,90625;151,0625;56,1875;46,96875;194,3125;113,3125;181,59375;235,84375;115,5;12,40625;179,78125;161,375;254,21875;145,96875;121,0625;298,15625;103,1875;145,78125;95,71875;103,15625;118,25;64,15625;108,90625;251,875;194,125;94,5;83,65625;238,25;-19,8125;232,53125;60;12,40625;204,625;249,875;318,3125;367,46875;46,0625;313,1875;-125,84375;166,8125;118,09375;228,125;338,03125;388,65625;252,28125;522,46875;354,96875;350,90625;259,3125;366;268,65625;139,84375;632,0625;722,40625;658,0625;869,75;841,3125;616,75;544,90625;471,40625;406,90625;468,40625;304,6875;571,875;417,8125;452,78125;420,59375;671,0625;610,46875;609,34375;724;864,8125;917,59375;942,28125;1122,65625;1203,28125;1357,125;1364,875;1370,4375;1495,96875;1631,4375;1639,40625;1682,375;1786,125;2092,0625;2171,28125;2509,4375;2740,15625;2529,53125;2647,125;2231,15625;1832,0625;1713,4375;1665,28125;1096,25;929,65625;1310,03125;1038,15625;1298,375;1419,4375;1841,3125;1922,78125;2114,09375;2242,65625;2140,34375;1979,34375;1803,46875;1539;1149,5625;724,40625;740,15625;729,375;651,5625;763,28125;771;950,5;1232,875;1213,3125;1541,84375;1552,71875;1506,375;1198;1188,1875;1011,78125;618,03125;439,03125;429,25;240,0625;237,5625;359,5;107,625;158,21875;471,5625;490,78125;402,5625;433,4375;687,625;534,53125;475,03125;241,5625;188,25;183,40625;-85,53125;-27,6875;-104,71875;-59,625;-269,90625;-99,40625;-42,09375;73,21875;146,0625;150,40625;240;-70,03125;129,75;121,59375;52,65625;-63,03125;30,4375;-144,40625;-167,5;-311,84375;-134,6875;-170,09375;-148,25;-300,21875;-313,96875;-281,28125;-304,375;-227,8125;-118,3125;-259,4375;-311,65625;-222,875;-109,9375;-314,21875;-27,53125;-74,21875;-459,84375;-213,34375;-106,75;154,78125;96,5625;-222,9375;-314,9375;-139,34375;38,90625;-114,125;-222,15625;103,8125;-166,28125;57,75;-105,03125;-141,8125;-51,25;-169,59375;-133,125;-90,4375;84,5;39,5625;213,03125;87,46875;53;-11,875;-8,5625;-59,75;-66,53125;54,25;-14,75;-74,8125;-89,0625;-69,1875;56,71875;90,875;-89,625;-58,9375;-137,9375;-139,8125;128,65625;-46,28125;206;-98,0625;15,15625;277;3,53125;177,34375;102,96875;-207,0625;113,71875;59;295,1875;131,25;59,46875;-21,84375;-107,65625;16,6875;-81,5;-81,6875;-78,03125;352,53125;82,03125;-72,65625;6,28125;38,75;188,28125;84,59375;101,75;-22,65625;35,3125;169,375;127,5;177,96875;50,34375;137,28125;203,84375;-51,75;207,03125;291,59375;158,3125;44,1875;68,5;165,34375;176;12,28125;-161,46875;43,3125;-9,125;110,65625;-9;-111,34375;140,5625;203,25;
100,96875;220,1875;-22,40625;52,375;146,5625;121,5625;145,46875;31,5625;344,6875;22;48,75;-134,78125;147,5625;-5,34375;201,84375;163,4375;-146,9375;83,125;144,78125;277,53125;-66,4375;59,96875;7,25;-76,4375;-102,75;-131,875;41,3125;-108,53125;72,3125;10,25;53,59375;20,65625;27,21875;121,09375;-173,125;-133,46875;-141,65625;-101,96875;-54,5625;12,3125;15,71875;11,28125;110,25;-127,5625;49,65625;153,375;-70,03125;-67,4375;91,375;-79,53125;3,5;-75,59375;9,6875;10,3125;78,125;118,90625;138,25;74,0625;-118,71875;39,125;280,90625;100,1875;-155,3125;163;19,0625;-7,71875;-33,90625;-19,21875;-68,15625;-9,15625;-32,5;124,5;293,46875;-32,0625;170,96875;88,53125;-126,28125;103,65625;97;164,96875;312;296,90625;269,78125;114,96875;124,1875;221,625;185,75;-47,25;22,5625;6,625;116,6875;381,1875;207,1875;560,09375;314,375;36,0625;368,3125;-31,875;240,5;395,40625;454,4375;600,46875;823,21875;599,3125;517,53125;631,78125;466,75;572,375;486,5;420,90625;289,9375;418,375;199,09375;239,1875;420,21875;467,625;479,53125;686,15625;824,65625;923,53125;858,84375;1200,6875;1120,28125;1318,46875;1165,0625;1416,75;1482,59375;1271,59375;1389,34375;1425,78125;1420,125;1764,90625;2105,6875;2334,65625;2391,40625;2278,78125;2510,3125;2087,40625;2312,96875;1764,4375;1570,90625;1260,15625;1098,84375;1000,1875;989,875;1141,28125;1233,59375;1425,53125;1604,21875;1930,59375;2024,5;2057,46875;2090,6875;1830,34375;1791,75;1270,09375;1082,84375;914,25;741,34375;356,5;565,125;659,84375;829,1875;843,46875;1004,34375;1247,03125;1383,9375;1429,4375;1378,28125;973,78125;1020,8125;671,03125;556,5;368,75;299,21875;154,46875;131,40625;16,28125;220,3125;270,46875;305,21875;464,625;685,5625;494,9375;471,34375;427,40625;328,90625;181,96875;40,71875;-129,96875;-17,125;112,6875;-16,5625;-5,09375;10;-61,5625;-142,34375;-75,6875;-315,03125;-2,65625;-90;18,0625;22,21875;76,75;-130,90625;-14,40625;-234,46875;-192,71875;-390,90625;-115,59375;-303,46875;-223,125;-258,125;-57;-109,90625;-84,40625;-272,40625;-379,46875;-463,9375;-148,03125;-188,59375;-195,15625;-166,34375;-361,90625;-260,15625;169,5;-211,5625;-282,5;-85,78125;-46,1875;-125;-272,3125;-69,125;-300,75;-230,96875;-239,75;-400,59375;-327,46875;-182,9375;-308,46875;-53;-375,90625;-56,5;61,6875;-313,6875;-319,625;-130,53125;-149,0625;-136,625;-168,875;15,46875;-40,34375;-4,3125;17,3125;-199,15625;-76,875;-30,59375;-152,78125;-56,8125;5,34375;-105,6875;-9,15625;-43,34375;230,125;139,78125;85,40625;-138,65625;95,40625;-90,4375;-6,90625;-90,40625;57,46875;206,09375;-4,71875;-38,09375;63,4375;240,1875;163,875;-62,34375;0,4375;-84,125;-99,5625;-53,71875;27,4375;52,125;-73,6875;-57,375;-61,125;65,84375;-89,1875;-19,71875;2,59375;115,75;24,8125;74,5;70,59375;49,84375;22,25;149,59375;65,5;196,25;200,84375;61,0625;77,4375;270,84375;67,5;-168;-262,875;81,8125;192,875;-177,4375;-235,40625;-46,625;-83,5625;138,6875;5,03125;110,34375;77,6875;92,46875;40,125;
219,875;154,65625;57;220,9375;86,75;184,40625;269,3125;20,90625;121,53125;111,5;43,71875;-93,6875;161,6875;96,375;-69,65625;-291,15625;-41,1875;-100,9375;-142,1875;-3,21875;-58,34375;88;-118,0625;-201,25;-68,9375;-97,9375;15,5;-1,90625;147;37,28125;-118,8125;126,75;-85,8125;198;-109,25;-27,1875;-235,3125;-152,125;102,84375;-155,59375;-56,5625;1,40625;-400,125;-74,9375;16,53125;4,21875;144,40625;-131,875;19,15625;-35,65625;97,96875;-124,9375;-153,96875;137,90625;12,40625;130;-102,03125;-73,53125;19,125;234,03125;169,75;-34,4375;84,78125;90,1875;197,90625;-96,65625;49,28125;91,53125;13,5;10,34375;139,90625;277,78125;183,875;15,71875;84,1875;63,875;13,3125;59,46875;159;-23,75;205,6875;195,65625;209,03125;120,25;206,125;-29,03125;100,5;49,65625;73,5625;117,71875;191,5625;153,96875;109,9375;221,125;72,03125;457,78125;199,375;214,03125;249,125;369,625;245,78125;465,90625;744,875;481,625;682,625;651,8125;785,8125;379,75;415,21875;224,3125;255,1875;315,96875;461,625;541,21875;261,8125;374,21875;786,875;646;872,875;1056,125;998,96875;1071,625;1103,75;1054,625;1137,34375;1250,4375;1256,21875;1527,9375;1345,21875;1458,9375;1546,34375;1700,65625;1915,90625;1991,625;2184,25;2297,53125;2254,625;2148,0625;1912,34375;1639,90625;1443,71875;1347,53125;969,375;833,5625;1042,78125;1163,5625;1144,34375;1195,0625;1343,625;1666,59375;2009,5;2014,90625;1881,53125;1687,6875;1412,71875;1188,125;1015,125;658,4375;698,4375;553,15625;596,875;599,125;705,3125;669,90625;1190,28125;1257,96875;1412,40625;1243,0625;1306,4375;1254,4375;779,96875;453,84375;496,75;226,96875;198,25;251,28125;115,21875;273,125;103,8125;101,5625;458,71875;296,28125;395,96875;427,0625;352,09375;151,65625;96,40625;228,875;136,15625;92,0625;-184,5625;-139,3125;-132,0625;-300,96875;-114,5;-214,15625;26,125;-16,90625;45,8125;-88,34375;-158,78125;86,5;-141,375;-33,09375;-7,75;-251,4375;-388,375;-399,34375;-520,78125;-402,4375;-411,8125;-407,96875;-135,34375;-396,375;-353,28125;-397,5;-185,53125;-399,5625;-206,375;-364,3125;-152,46875;-4,65625;-186,875;-104,03125;-173,34375;-124,15625;-121,03125;-114,875;-125,28125;-332,59375;-115,3125;-272,9375;-247,53125;-255;-246,65625;-290,3125;-154;-68,21875;-129,96875;-140,53125;-281,625;-291,90625;-236,875;-151,375;-80,125;-225,40625;150,9375;-61,6875;-174,15625;-48,4375;-80,25;-171,71875;-136,1875;-82,5625;179,96875;141,4375;93,53125;-127,3125;-163,46875;-255,9375;-146,25;132,1875;-106,53125;-28,25;161,8125;-26,46875;58,5;119,125;-54,5;91,6875;-73,71875;77,34375;40,65625;95,53125;35,53125;141,40625;78,46875;100,53125;186,6875;107,90625;-104,03125;144,96875;50,65625;-65,90625;47,46875;-43,53125;-59;-73,96875;57,53125;-184,78125;-154,59375;231,75;172,125;86,9375;-160,5;113,96875;-62,8125;97,0625;-31,6875;45,25;101,25;146,46875;25,28125;96,5;117,46875;-112,5;-118,625;-153,71875;248,6875;115,65625;193,78125;-39,65625;123,21875;-63,90625;80,25;-98,4375;35,84375;86,5;42,34375;-86,15625;
95,78125;165,5625;93,5625;163,09375;160,78125;151,5;182,3125;14,59375;158,40625;41,84375;31,46875;228,53125;-7,4375;-194,0625;43,46875;-22,78125;12,9375;16,6875;-8,3125;27,625;-16,21875;-85,28125;135;-51,5625;6,875;-155;118,3125;48,21875;-31,15625;-21,1875;-64,21875;3,0625;-0,03125;20,34375;35,09375;20,15625;-72,15625;-262,53125;-4,4375;-2,375;0,0625;39,0625;34,40625;-136,8125;-41,46875;5,65625;17,25;-102,84375;-10,25;78,25;-9,09375;58,90625;3,625;82,75;77,875;166,3125;22,875;215,25;350,3125;227,90625;-102,21875;-64,15625;-120,71875;131,375;98,875;-17,6875;91,75;123,625;171,75;37,375;240,9375;208,78125;365,1875;3,5625;66,21875;64,8125;-120,75;60;117,84375;6,125;113,6875;-11,96875;211,625;350,84375;-51,3125;153,0625;48,71875;96,6875;215,21875;254,65625;283,125;241,75;331,59375;258,125;302,28125;200,1875;92,90625;194,5625;397,1875;218,65625;429,9375;496,15625;631,09375;573,96875;540,9375;511,59375;714,78125;616,5;381,71875;410,21875;274,65625;691,84375;341,84375;459,46875;301,71875;365,21875;578;694,5;875,875;972,59375;1049,46875;1081,625;1212,90625;1129,75;1165,34375;1310,71875;1498,59375;1479,15625;1459,53125;1481,25;1648,71875;1572,96875;1893,6875;2003,9375;2501,84375;2237,78125;2372,125;2217,15625;1958,09375;1636,15625;1516,25;1254,625;870,625;1007,625;930,5;1100,53125;994,25;1476,09375;1569,125;1401,375;1969,5;2065,5625;1758,3125;1630,59375;1563,625;1262,375;770,875;594,25;596,875;453,71875;482,9375;599,96875;697,46875;832,71875;1027,03125;952,875;1168,96875;1193,71875;1282,8125;1257,3125;1310,21875;715,21875;326,90625;338,53125;270,3125;80,4375;-26,59375;112,46875;32,03125;341,53125;397,84375;386,875;381,6875;359,90625;263,1875;370,53125;111,71875;89,15625;-131,46875;-160,28125;-92,46875;77,0625;-171,4375;-69,09375;-52,09375;-150,03125;-265,40625;-118,96875;-28,59375;14,34375;-95,84375;-11,96875;-100,0625;-123,53125;-83,4375;-105,28125;-271;-334,3125;-340,9375;-227,46875;-440,96875;-363,53125;-294,21875;-339,53125;-266,25;-262,15625;-182,75;-352,28125;-383,5625;-545,21875;-154,625;-286,875;-161,8125;-249,625;-323,15625;-407,03125;-202,28125;-309,84375;-320,21875;-212,90625;-58,3125;-48,625;-118,25;-15,09375;-331,03125;-163,34375;-352,0625;-189,6875;-173,53125;-149,375;-81,5;-88,1875;-106,40625;-265,71875;-130,9375;-16,59375;-145,53125;-69,6875;-225,6875;-31,875;-118,5;-60,625;-171,0625;-68,5625;-365,4375;-129,40625;-23,40625;10,8125;36,28125;-99,0625;143,3125;-145,78125;-17,5;79,5625;37,8125;144,5625;27,03125;-107,4375;-15,5625;-53,34375;34,9375;-68,03125;43,5625;17,78125;-102,84375;181,96875;107,15625;-1,53125;146,59375;251,03125;-32,5625;-36,96875;126,25;114,65625;48,40625;90,9375;79,71875;189,25;318,4375;-41,75;-0,71875;84,5;-45,75;118,65625;93,59375;-19,625;-12,21875;111,71875;92,4375;6,34375;87,25;195;69,125;-6,8125;-59,53125;111;137,34375;-67,46875;160,53125;-35,78125;-17,03125;86,34375;-113,78125;32,84375;27,3125;101,90625;129,59375;-117,375;-34,28125;5,78125;
164,59375;174,4375;365,40625;258,4375;132,9375;6,46875;83,15625;169,90625;-78,90625;139,65625;78,21875;-71,25;-4,4375;11,96875;-82,625;-7;-12,59375;53,8125;42,78125;76,46875;-144,0625;8,53125;-163,96875;28,3125;116,46875;-105,28125;122,5625;66,96875;161,09375;-147,5;134,875;-14,90625;39,15625;-16,75;166,3125;-33,25;-101,96875;156,34375;78,9375;72,4375;137,09375;-65,9375;-89,8125;-109,28125;-91,625;92,9375;66,4375;99,71875;77,09375;12,09375;107,21875;102,90625;167,625;11,03125;157,21875;-148;5,15625;48;173,9375;103,90625;49,6875;155,375;-58,9375;-109,46875;111,96875;152,6875;125,1875;-60,59375;125,0625;111,53125;227,9375;98,5;40,375;376,375;-20,90625;-20,78125;194,34375;332,6875;35,59375;-77,4375;163,15625;238,125;64,375;-5,625;367,21875;142,34375;4,75;-21,0625;86,84375;147,15625;192,8125;312,46875;131,5;378,90625;136,15625;466,75;140,4375;159,34375;320,25;309;512,3125;413,28125;659,75;676,25;640,09375;660,96875;606,15625;425,3125;578,75;183,21875;406,65625;265,15625;377,65625;299,40625;347,53125;540,40625;620,84375;861,5;862,9375;1158,75;1024,84375;779,28125;1023,53125;1214,34375;1308,78125;1222,75;1483,28125;1445,375;1509,875;1573,125;1376,9375;1690,03125;1933,28125;1993,21875;2154,6875;2117;2099,71875;1744,03125;1679,15625;1420,09375;1167,5625;1387,75;1052,09375;928,5625;700,40625;797,15625;917,8125;1354,84375;1291,15625;1642,65625;1642,125;1851,21875;1754,46875;1728,34375;1189,53125;954,84375;816,4375;560,1875;410,625;328,03125;493,25;433,875;660,4375;837,28125;1120,21875;1117,75;1275,40625;1355,6875;1373,8125;1421,25;927,625;593,5625;208,40625;284,6875;86,25;98,0625;-52,65625;138,84375;10,28125;297,3125;330,15625;326,1875;343,0625;506,09375;175,0625;249,3125;125,78125;-0,875;1,625;-121,75;1,09375;-188,03125;-98,28125;-73,09375;-315,625;-124,09375;-147,71875;-138,65625;-132,5625;-194,09375;-13,34375;-157,9375;12,375;-21,21875;-374,0625;-213,25;-90,6875;-443,53125;-311,125;-567,96875;-559,75;-473,53125;-474,25;-390,9375;-319,375;-269,8125;-299,09375;-141,40625;-373,21875;-190,8125;-203,71875;-171,03125;-147,96875;-349,90625;-144,84375;-436,46875;-259,40625;-163,875;-233,6875;-235,90625;-6,8125;-401,8125;-257,5625;-79,53125;-297,34375;-227,8125;-217,65625;-275,25;-129,375;-286,25;-130,125;-168,53125;-75,125;-253,3125;-131,53125;28,0625;32,34375;60,65625;-49,1875;-106,15625;-240,90625;-14,34375;-181,34375;-69,90625;-47,28125;-91,875;-170;-70,3125;-55,375;-78,625;-76,71875;-4,75;-14,21875;43,75;11,8125;177,28125;55,46875;148,9375;117,40625;156;90,4375;161,0625;180,6875;12,40625;177,84375;210,4375;-45;43,1875;-149,78125;-41;167,96875;112,125;-129,15625;21,78125;51,625;18,78125;-108,4375;-81,15625;48,25;26,40625;47,40625;-46,875;-77,59375;146,4375;144,09375;-158,03125;-12,75;140,78125;106,375;8,65625;150,84375;45,71875;162,75;111,8125;121,75;-98,34375;92,625;113,71875;96,3125;109,28125;31,09375;57,375;169,28125;33,53125;168;222,625;-143,78125;-96,8125;-120,46875;117,46875;
170,90625;65,9375;286,96875;168,25;133;191,1875;74,09375;179,875;66,125;41,75;-110,0625;32,0625;-31,21875;97,375;-271,78125;189,15625;-15,78125;-104,40625;1,09375;300,8125;23,65625;-114,25;125,03125;-102,3125;-117,53125;13,875;42,5625;-44,5625;162;-8,25;-160,875;-72,40625;-21,96875;184,90625;109,34375;-45,9375;-125,03125;12,6875;123,34375;23,25;-7,75;-60,09375;122,5;-77,1875;-56,84375;-88,78125;44,5;75,3125;72,09375;11,90625;187,5;72,9375;55,34375;-80,25;176,875;124,1875;211,625;33,8125;57,53125;33,75;122,5;161,46875;-60,875;129;65;179,03125;172,3125;63,0625;92,9375;271,1875;83,6875;97,625;-42,46875;134,625;94,6875;56,96875;71,8125;211,71875;199,4375;-8,84375;145;168,25;230,75;177,5625;184,5;123,96875;150,6875;109,125;223,15625;146,15625;181,34375;481,75;209,75;423,40625;91,71875;200,53125;213,8125;102,25;333,40625;158,46875;226,625;271,34375;612,375;641,90625;747,65625;637,15625;674,96875;398,75;410,9375;233,96875;442,8125;345,9375;458,78125;470,40625;490,9375;388,34375;475,46875;457,15625;829,25;762,34375;703,125;1102,875;1321,125;1313,71875;1147,78125;1219,53125;1236,6875;1212,25;1391,375;1454,34375;1404,21875;1651,65625;1739,59375;1860,96875;1942,03125;2200,6875;2010,84375;1903,84375;1686,375;1583;1307,53125;988,03125;827,625;712,21875;848,78125;944,53125;962,5;1020,5;1156,46875;1534,34375;1841,3125;1483,75;1695,75;1524,71875;1399,46875;850,25;632,28125;515,25;283,5;501,8125;296,625;344,625;566,0625;778,1875;969,59375;946,53125;987,15625;1173,4375;1077,5625;981,5;633,90625;498,28125;285,1875;149,5;175,96875;-60,3125;153,96875;-193,96875;143,03125;36,90625;160,625;139,625;71,65625;310,21875;265,65625;-9,15625;118,875;-72,15625;69,875;-113,6875;-119,4375;-273,125;-245,21875;-271,75;-76,125;-455,5625;-376,8125;-383,28125;-142,4375;-33,78125;-96,21875;31,40625;-390,03125;-164,1875;-116,59375;-352,96875;-237,125;-274,65625;-292,6875;-177,46875;-413,65625;-425,9375;-121,5;-299,84375;-217,21875;-313,4375;-459,0625;-115,34375;-367;-272,4375;-183;-359,34375;-217,40625;-390,15625;-201,0625;-361,625;-406,90625;-322,75;-237,5;-260,21875;-133,71875;-348,0625;-152,0625;-139;-234,625;-461,5;-344,78125;-311,46875;-196,125;-107,75;-189,3125;-344,96875;-158,03125;-137,84375;-57,6875;-227,28125;-89,09375;-139,125;-261,875;-310,125;68,625;-69,40625;102,625;-246,375;-125,125;-246,90625;-207,5625;-100,96875;-226,15625;-172,375;-11,28125;-76,46875;-16,34375;144,625;-132,5;-156,59375;-146,40625;-46,34375;15,6875;-79,40625;58,9375;47,875;-121;19,1875;180,625;-131,59375;118,15625;25,6875;146,78125;-47,78125;-132,71875;-123,46875;127,125;128,53125;-25,25;-28,5625;-6,59375;-27,875;85,1875;75,625;58,375;77,53125;0,65625;112,65625;-309,6875;108,34375;112,40625;145,75;33,375;54,625;195,53125;-8,625;37,3125;-6,9375;-147,34375;57,375;12,53125;62,9375;-22,15625;-32,09375;-25,59375;-46,9375;24,59375;74,5;197,03125;132;-96,65625;17,375;65,28125;-35,0625;
218,65625;138,125;135,65625;42,25;66,03125;-68,9375;96,34375;-84,0625;-74,90625;24;52,21875;15,625;-114,875;-96,8125;214,03125;-78,65625;-69,125;4,125;-193,84375;120,625;71,65625;6,03125;-47,1875;-97,9375;-111,75;-122,15625;-203,25;-118,4375;2,09375;-167,8125;-37,625;-308,34375;-93,34375;-61,59375;-114,6875;-44,71875;-234,65625;-151,15625;-172,6875;-299,8125;-212,46875;46,4375;-138,65625;-123,21875;-26,46875;-31,21875;-93,28125;-108,25;24,15625;-122,8125;102,84375;211,15625;31,78125;-53;54,59375;159;32,6875;95,96875;-98,875;56,21875;226,28125;-60,4375;68,75;271,15625;39,1875;-31,5625;-142,9375;-129,375;-60,5;19,09375;117,90625;-101,625;-91,625;6,9375;52,71875;179,34375;245,625;105,40625;354,53125;73,5;61,1875;131,90625;296,25;86,8125;-7,1875;185,3125;123,625;-62,90625;-99,3125;125,4375;223,09375;310,875;318,53125;65,8125;327,25;335,625;-31,46875;-12,5625;1,0625;303,59375;445,8125;438,84375;620,71875;507,9375;543,78125;645,21875;691,5625;216,78125;110,1875;247,15625;360,46875;387,46875;249,5625;454,0625;513;420,65625;499,6875;498,5625;593,375;800,875;733,96875;780,65625;791,25;517,9375;1132,71875;938,0625;1160,9375;1303,21875;1429,71875;2020,6875;1858,625;1385,75;1530,65625;1687;1876,53125;1782,78125;1811,84375;1803,90625;1602,8125;1378,875;1057,125;938,9375;762,09375;587,3125;767,34375;778,84375;884,46875;1047,6875;1325,8125;1219,0625;1554,4375;1680,46875;1472,53125;1264,875;1201,1875;913,3125;497,90625;321,28125;240,6875;142,65625;346,75;203,84375;492,625;631,5;763,6875;942,375;808,875;853,5;820,625;895,03125;563,875;414,53125;177,0625;-135,03125;-52,46875;29,28125;-163,8125;-95,71875;121,59375;-190,5625;-9,53125;243,28125;93,5625;107,65625;270,90625;129,5;-31,09375;-39,5625;2,28125;-122,53125;-212,4375;-176,71875;-250,96875;-281,9375;-289,65625;-336,78125;-366,25;-507,71875;-402,84375;-204,375;-42,4375;-58,28125;-12,53125;-215,28125;-114,59375;-152,15625;-307,84375;-438,4375;-414,78125;-427,09375;-465,40625;-259,09375;-261,5;-213,65625;-334,40625;-391,34375;-326,90625;-405,9375;-432,09375;-303,4375;-501,3125;-378,34375;-239,84375;-174,125;-355,0625;-446,09375;-193,15625;-286,125;-487,65625;-512,65625;-211,78125;-246;-242,96875;-378,96875;-367,59375;-427,34375;-202,1875;-53,84375;-226,53125;-8,9375;-291,34375;-124,28125;-158,1875;-194,40625;-143,28125;-101,34375;-84,21875;-180,625;-308,03125;-73,6875;-35,28125;123,0625;89,78125;24,21875;104,65625;21,75;-75,03125;-170,5625;-188,5;-54,03125;74,84375;-106,0625;-215,8125;-101,40625;-30,03125;-110,90625;-126,625;6,09375;139,375;-43,0625;-37,5;185,625;14,4375;45,53125;-15,9375;-30,65625;178,125;101,84375;135,125;26,71875;130,65625;126,78125;117,03125;294,25;30,28125;101,1875;-175,125;10,71875;-13,75;22,53125;95,84375;226,125;-98,375;-123,5625;35,21875;-69,21875;113,75;102,96875;186,65625;3,84375;-3,59375;-68,3125;145,5625;-49,28125;34,09375;-62,125;51,90625;20,40625;3,90625;33,65625;-99,875;15,09375;180,28125;-3,5625;65,25;76,75;-9,84375;80,9375;-17,6875;48,6875;
239,375;5,34375;60,28125;10,6875;136,4375;175,28125;135,625;109,4375;131,9375;-162,84375;153,8125;-75,875;-128,875;7,125;-78,21875;21,21875;13,1875;-100,3125;-19,0625;-60,34375;-56,59375;-110,8125;-100,5;-95,8125;-149,375;-43,03125;-12,9375;-26,8125;12,625;-117,53125;162,15625;-91,21875;-200,53125;-258,75;53,21875;-58,25;-84,21875;-33,34375;-155,03125;-50,1875;-39,21875;-260,84375;-57,8125;-157,4375;-231,125;-108,71875;152,8125;8,6875;-94,8125;-123,1875;113,71875;-104,21875;-90,78125;50,90625;134,75;-80,21875;75,4375;-182,9375;-86,8125;17,4375;-34,25;-98,8125;122,59375;-25,375;100,09375;256;-75,625;-12,8125;-41,96875;72,84375;-39,65625;-0,59375;-87,25;218,21875;0,71875;8,84375;34,5625;-24,125;171,90625;-38;118,25;56,59375;-109,625;14,90625;134,15625;126,4375;88,6875;32,71875;105;0,78125;270,3125;171,8125;299,65625;254,8125;242,15625;108,875;153,34375;90,3125;342,65625;246,65625;364,53125;387,71875;555,03125;564,28125;450,71875;395,84375;416,25;213,125;80,28125;305,78125;131,96875;311,59375;181,75;205,4375;497,4375;523,0625;301,4375;635,125;620,46875;490,59375;752,625;715,8125;671,28125;899,3125;1028,5625;1076,21875;1052,5625;1106,875;1072,03125;709,21875;744,3125;1641,5;1359,53125;1619,75;1978,125;2140,75;1968,3125;1826,8125;1521,0625;1222,125;1012,3125;758,53125;892,34375;741,40625;664,625;754,6875;958,875;845,53125;1206,78125;1372,375;1360,125;1201,6875;1438,375;1109,78125;922,0625;688,53125;602,65625;367,53125;196,96875;159,84375;68,375;266,6875;253,375;828,46875;569,90625;850,34375;918,0625;974,96875;818,28125;602,625;609,59375;364,21875;46,875;-277,34375;-318,65625;-35,28125;-278,3125;-128,46875;-189,59375;-136,5625;89,90625;245,28125;36,40625;96,84375;-22,15625;123,84375;-149,125;-233,78125;-385,21875;-194,03125;-320,65625;-106,09375;-296,90625;-492,28125;-247,46875;-310,84375;-214,15625;-369,875;-383,71875;-244,0625;-127,1875;-196,46875;-406,25;-271,65625;-190,9375;-287;-371,8125;-385,6875;-528,53125;-339,15625;-486,21875;-365,21875;-405,40625;-373,71875;-495,125;-405,75;-550,34375;-373,71875;-509,8125;-348,53125;-420,28125;-367,09375;-395,1875;-283,625;-246,28125;-656,84375;-316,34375;-553,875;-368,5625;-415,34375;-396,15625;-378,75;-239,28125;-376,71875;-402,6875;-226,53125;-497,90625;-465;-347,78125;-264,40625;-284,125;-117,90625;-215,375;-247,375;-255,6875;-348,28125;-188,25;10,8125;-194,4375;-46,8125;-280,5625;-385,71875;-225,03125;-198,25;-6,34375;-100,8125;-75,8125;-102,0625;-109,875;18,71875;-223,625;-21,09375;129,90625;-68,53125;32,75;163,875;89,125;-12,25;85,125;132,5;-69,75;96,6875;-223,9375;-202,28125;109,65625;-89,28125;-31,21875;342,0625;-152,71875;-52,09375;145,375;-33,78125;-26,875;97,4375;-11,78125;-14,6875;180,4375;32,8125;-29,53125;-1,90625;153,90625;176,96875;-106,8125;-60,40625;-27,9375;17,03125;161,6875;-14,375;168,0625;-54,28125;18,3125;-127,40625;-8,09375;86,875;149,40625;126,53125;-53,3125;51,75;-114,90625;39,4375;77,84375;163,4375;-28,96875;-44,5625;56,21875;17,21875;-5,84375;155,1875;-56,3125;73,75;
161,46875;140,65625;198,625;228,34375;315,84375;269,96875;194,1875;141,5625;87,46875;269,96875;300,71875;-206;116,75;114,71875;43,90625;-60,78125;139,5;-54,625;-4,75;-8,78125;71,75;74,96875;-159,21875;-92,34375;-90,78125;-45,125;-148,28125;-141,34375;110;19,53125;-1,1875;53,84375;48,96875;-39,0625;-172,0625;11,90625;-65,46875;-55,34375;19,5;42,5;99,71875;-97,59375;-80,6875;43,46875;40,96875;-56,125;-65,4375;-103,46875;-104,65625;-34,25;174,34375;136,5625;-198,53125;75,65625;88,125;6,9375;199,3125;46,875;285,21875;166,875;-53,0625;1,8125;229;199,71875;45;111,8125;7,28125;-26,8125;101,5625;163,21875;-10,625;182,8125;25,5;-2,40625;-24,3125;-11,125;90,5625;-75,3125;-37,09375;178,09375;152,90625;229,96875;-10,625;46,125;96,84375;259,375;78,03125;17,3125;270,5625;-25,5625;186,5;494;309,65625;321,625;344,875;249,78125;234,15625;222,6875;141,71875;297,0625;243,875;367,40625;457,84375;498,9375;593,6875;546,5;424,8125;368,6875;472,34375;247,21875;395,53125;502,96875;316,78125;346,875;616,15625;562,4375;439,8125;536,40625;615,25;836,25;700,40625;826,625;609,84375;889,9375;1064,40625;1199,5625;1007,25;1169,40625;1155,6875;1186,21875;1140,46875;1415,1875;1236,78125;1448,25;1355,46875;1134,1875;1108,8125;932,75;1647,59375;1076,75;859,15625;677,09375;744,15625;785,28125;737,34375;849,8125;950,9375;901,8125;1090,75;1284,65625;1449,5;1390,15625;1446,6875;1378,1875;969,25;740,125;647,375;501,09375;496,53125;336,09375;351,4375;336,21875;510,78125;437,6875;681,125;627,0625;774,40625;800,5;807,15625;757,0625;540,3125;282,5625;116,46875;-4,6875;-199,71875;-106,9375;189,34375;-3,59375;-155,3125;37,96875;88,125;-12,78125;344;233,125;-84,6875;-67,71875;-207,78125;-50,96875;-242,46875;-245,96875;-168,6875;-203,53125;-131,5;-285,75;-265,21875;-281,1875;-55,6875;-308,3125;-192,75;-102,71875;-206,78125;-153,9375;-100,84375;-213,5;-360,125;-320,96875;-366,625;-508,125;-362,96875;-243,15625;-394,3125;-466,8125;-220,5;-314,96875;-264;-457,5625;-422,9375;-392,28125;-337,46875;-332,9375;-412,0625;-322,8125;-291,125;-181,65625;-457,65625;-398,28125;-311,6875;-269,90625;-392,28125;-246,28125;-12,25;-184,34375;-231,34375;-116,5;-254,90625;-146,8125;-256,71875;-329,03125;-140,84375;-172,46875;-255,59375;-330,65625;-291,0625;-87,21875;-132;54,15625;-112,90625;-32,21875;-231,15625;-101,1875;48,21875;-26,40625;-39,34375;-356,125;-73,5;-178,46875;15,96875;-289,96875;-182,90625;-158,875;-291,6875;-54,09375;13,46875;-7,6875;-23,96875;-263,375;-121,34375;206,34375;-156,15625;152,8125;179,65625;117,15625;19,875;-48,5;20,78125;248,46875;58,375;84,46875;78,28125;-139,5625;122,125;68,78125;94,28125;100,5625;47,15625;196,9375;7,4375;97,375;158,75;201,09375;31,75;30,34375;-31,59375;37,71875;156,34375;-40,28125;-93,4375;172,9375;-47,03125;96,5625;-47,71875;90,625;-83,1875;193,03125;-21,25;123,5;85,34375;227,375;-31,125;-26,3125;108,9375;40,125;319,71875;155,5;-192,03125;37,34375;55,8125;-47,65625;9,65625;102,1875;
69,84375;126,5;253,15625;105,1875;15,46875;124,25;117,375;72,6875;191,3125;35,84375;-121,0625;42,375;-36,6875;-61,40625;-4,90625;-26,0625;-98,625;19,59375;-83,90625;3,90625;31,78125;-253,09375;-245,8125;-223,8125;-241,9375;44,53125;-153,0625;-96,53125;-278,96875;-84,6875;-174,75;-211,625;-220,53125;-120,1875;-10,8125;-122,84375;-240,15625;-25,71875;-400,875;-104,9375;-88,5625;-54,1875;-45,6875;-109,625;-190,375;47,75;-44,71875;82,28125;-66,71875;-139,21875;-183,84375;-42,5625;131,34375;131,8125;-193,75;38,65625;-47,90625;-93,375;35,1875;-40,15625;-31,8125;14,75;34,5625;97,59375;234,375;-34,1875;-147,875;79,71875;13,84375;142,03125;134,65625;43,625;176,03125;139,53125;183,90625;-126,8125;66,28125;-42,25;20,375;74,71875;142,8125;-60,25;-12,65625;165,625;118,75;-99,90625;71;-192,15625;61,375;72,84375;128,4375;354,28125;310,5625;130,3125;275,84375;66,3125;35,6875;89,1875;132,34375;240,1875;253,4375;260;374,71875;286,625;352,84375;344,53125;375,09375;371,40625;256,625;246,5;356,09375;351,90625;291,03125;334,5625;266,53125;400,09375;437,78125;536,25;478,75;561,09375;566,96875;783,21875;922,46875;776,4375;810,96875;885,125;731,5;882,875;1168,6875;934,8125;931,28125;1095,90625;1186,75;1304,46875;1434,96875;1152,09375;1093,71875;1094,15625;1175,15625;1234,34375;920,75;658,375;564,4375;466,3125;358,15625;450,4375;715,34375;1093,3125;834,59375;1059,25;1239,90625;1419,5625;1396,4375;1321,96875;1109,75;808,34375;484,90625;401,875;158,21875;251,375;281,3125;195,40625;397,90625;470,875;667,875;558,40625;728,3125;673,1875;847,0625;436,59375;326,96875;193,71875;103,40625;-2,5625;-99,15625;-137,625;-170,625;-214,625;-70,4375;127;53,125;-43,75;48,625;-8,15625;52,5;-97,78125;26,90625;-13,4375;-307,96875;-362,96875;-349,84375;-247,125;-308,78125;-299,375;-391,6875;-322,5;-390;-259,625;-199,5625;-231,21875;-168,8125;-319,09375;-97,625;-215,6875;-392,21875;-482,40625;-375,03125;-427,96875;-466,90625;-517;-591,6875;-462,875;-475,96875;-240,78125;-371,90625;-166,53125;-415,375;-532,8125;-652,125;-308,09375;-179,5;-367,75;-183,65625;-418,15625;-349,3125;-369;-288,59375;-498,96875;-385,78125;-220,5;-525,34375;-359,46875;-207,625;-348,625;-556,53125;-359,25;-403,875;-92,46875;-256,71875;-459,03125;-283,15625;-132,1875;-186,5625;-394,15625;-196,03125;-50,03125;-292,4375;-288,375;-166,625;-121,9375;-261,875;-150,0625;-108,0625;-122,90625;-168,5625;-48,8125;-41,71875;-130,40625;-247,3125;-50,71875;25,03125;57,53125;-3,4375;-55,875;11,3125;-109,625;-89,375;61,625;39,53125;41,15625;16,4375;175,5;-76,53125;-8,75;-74,78125;75,53125;-188,6875;45,53125;70,96875;134,375;86,59375;142,9375;-125,6875;15,71875;37,1875;-28,65625;41,96875;83,96875;12,375;172,625;173;-152,15625;103,8125;62,1875;-71,96875;256,875;101,09375;-13,75;-73,375;-43,625;54,875;-112,25;75,53125;-67,46875;-31,46875;68,84375;107,9375;-109,0625;-228,28125;-72,75;-71,40625;13,15625;28,90625;-56,96875;-172,03125;164,71875;-48,84375;10,1875;30,59375;103,875;
138,3125;52,375;150,3125;322,5;245,65625;69,34375;53,65625;61,15625;95,78125;-66,46875;-167,5625;-49,6875;26,21875;-131,21875;-94,90625;-24,28125;-93,78125;-253,75;-356,71875;-103,84375;-28,3125;-147,4375;-92,375;-114,9375;-155,4375;-328,125;-400,8125;-113;-162;-234,34375;-196,75;-231,1875;-74,3125;-295,75;-189,90625;-185,75;8;-58,90625;-69,6875;-21,9375;-150,65625;-92,28125;-12,9375;-101,96875;-20,71875;-137,875;-202,75;-157,125;-183,53125;8,8125;-63,21875;-118,0625;-43,875;-34,875;-58,15625;-93;62,40625;-204,0625;-41,15625;-75;-88,25;-8,84375;-124,15625;-30,78125;-9,84375;136,6875;46,0625;-4,3125;67,90625;134,34375;69;-74,65625;26,03125;-39,375;-46,3125;54,1875;34,625;-142,5625;78,125;17,625;36,03125;39,6875;36,25;25,28125;-110,5;95,875;-25,34375;22,78125;-30,25;-60,34375;100,25;104,96875;-66,78125;362,46875;21,125;-43,375;51,6875;-27,5625;16,875;-8,875;171,84375;156,1875;144;201,5;404,90625;432,53125;322,65625;329,75;15,875;188,75;269,28125;432,15625;148,375;230,40625;475,5;368,0625;232,25;562,15625;370,5;376,09375;369,53125;457,65625;641,0625;802,28125;744,96875;803,46875;922,78125;893,59375;894,15625;771,96875;1011,5625;1050,46875;1116,15625;1086,84375;993,28125;1194,625;991,5;1060,6875;1013,40625;735,53125;717,25;542,03125;475,09375;440,78125;501,65625;441,09375;638,28125;669,71875;920,5;1014,53125;1221,53125;1163,9375;1027,96875;843,59375;751,53125;623,78125;237,4375;240;76,125;36,53125;113,84375;279,59375;246,65625;522,34375;513,5;730,65625;935,25;907,625;996,8125;453,75;504,1875;284,5625;-110,40625;15,21875;96,53125;-266,40625;-367,25;-39,4375;-152,0625;111;-145,78125;-26,3125;4,59375;-114,15625;-148,6875;-156,71875;-283,53125;-389,46875;-172,28125;-116,34375;-222,0625;-283,28125;-493,03125;-315,625;-269,96875;-387,71875;-375,03125;-331,5;-440,1875;-385,90625;-269,78125;-466,78125;-334,25;-479,46875;-434,4375;-565,9375;-572,59375;-453,375;-641,5625;-621,4375;-264,65625;-257,8125;-553,75;-320,78125;-375,34375;-466,75;-435,59375;-475,6875;-328,875;-271,5625;-386,375;-256,28125;-417,625;-377,25;-515,125;-342,65625;-526,75;-485,21875;-399,90625;-168,59375;-165,0625;-405,8125;-299,59375;-426,15625;-299,40625;-282,28125;-357,71875;-224,53125;-314,0625;-157,03125;-475,09375;-458,0625;-232,84375;-106,125;-115,375;-127,21875;-198,6875;45,53125;-194,375;-176,21875;-7,09375;-254,9375;-229,03125;-128,78125;-270,09375;-151,375;-101,03125;53,71875;-219,78125;-254,375;33,90625;-95,4375;-224,5;-71,4375;10,1875;-136,28125;3,46875;-28,4375;10,78125;62,1875;-241,53125;-52,75;-4,84375;-26,15625;-203;16,53125;30,9375;-110,84375;-106,46875;43,9375;48,375;51,875;-47,40625;212,3125;-50,9375;-67,28125;-7,1875;-31;21,03125;-156,625;-104,28125;-84,21875;21,125;67,4375;-132,84375;-146,84375;-64,15625;-105,25;-142,65625;-0,65625;228,125;-206,875;1,03125;77,15625;95,28125;-38,09375;-69,34375;211,21875;-1,0625;-66,40625;-101,84375;75,59375;-141,71875;-42,21875;-159,09375;-39,78125;-23,53125;-89,125;-90,125;26,21875;
197,96875;145,03125;127,75;239,84375;208,25;208,21875;145,53125;219,28125;388;27,9375;280,625;132,15625;123,5625;278,53125;254,8125;151,65625;151,46875;192,78125;-19,15625;155,8125;246,625;201,8125;-71,25;94;114,78125;-80,9375;-76,34375;-92,21875;110,8125;106,65625;-175,5;-7,125;311,5625;-64,21875;-4,1875;26,3125;117,5625;100,71875;-42,5625;52,0625;35,25;-23,34375;172,71875;90,21875;168,625;190,0625;90,875;271,125;204;157,40625;78,4375;187,0625;75,875;146,96875;154,09375;208,46875;208,53125;117,96875;115,03125;220,5625;48,125;238,625;123,21875;17,5;98,625;88,875;218,65625;63,34375;204,0625;161,15625;35,90625;17,375;172,09375;246,40625;341,375;316,65625;244,09375;50,75;129,53125;183,9375;208,90625;275,125;301;246,03125;243,8125;487,03125;262,25;316,1875;101,53125;309,71875;273,71875;336,1875;239,03125;294,25;266,09375;301,21875;229,96875;422,75;334,375;430,6875;422,09375;421,3125;580;701,96875;447,71875;561,375;383,25;306,59375;475,625;327,625;509,96875;433,28125;454,15625;386,8125;584,21875;478,25;478,34375;505,28125;686,8125;538,875;622,71875;706,53125;716,125;729,53125;955,75;782,46875;862,625;956,4375;997,15625;1079,21875;1025,9375;1184,78125;1149,09375;1303,5625;1217,0625;1145,15625;1214,5625;1112,03125;853,6875;869,375;805,71875;963,375;860,59375;467,4375;621,5625;529,5625;770,90625;597,71875;992,21875;1165,59375;1148,5625;1110,78125;1144,03125;1088,15625;984,9375;791,125;356;370,59375;440,25;329,34375;249,53125;542,21875;537,28125;509,1875;612,5;723,40625;899,6875;667,125;658,34375;362,625;324,25;136,0625;-96,375;-55,90625;-155,28125;-39,53125;-30,84375;-117,59375;-183,84375;33,34375;199,09375;238,3125;222,46875;153,5;86,59375;63,15625;224,90625;-1,125;-212,96875;-330,5625;-174,5;-302,15625;-75,40625;-168,09375;-9,4375;-129,0625;-259,5;31,5;-32,03125;-183,125;128,71875;1,46875;-107,15625;-141,75;-88,15625;-169,90625;-287,90625;-152,90625;-96,125;-51,71875;-178,71875;-521,125;-196,84375;-428,4375;-205,5625;-340,375;-159,8125;-216;-323,34375;-356,96875;-170,40625;-297,8125;-431,34375;-381,59375;-389,5625;-583,375;-329,03125;-90,65625;-11,40625;-268,1875;-246,25;-181,40625;-327,21875;-210,40625;-64,625;-147,25;-182,59375;-104,8125;-92,78125;-302,71875;35,40625;-178,59375;-46,71875;-101,65625;116,1875;70,125;-23,5625;-78,1875;-89,25;247,1875;-108,53125;-100,625;115,40625;-52,09375;9,875;209,53125;-37,8125;76,78125;6,40625;49,1875;-30,6875;159,96875;122,25;-13,5625;115,125;-77,1875;206,84375;-61,28125;89,5625;83,03125;0,34375;146,90625;78,0625;148,375;116,6875;12,34375;180,9375;168,0625;104,46875;201,03125;313,59375;34,75;289,21875;184,1875;186,46875;149,90625;162,8125;9,8125;73,75;203,625;208,46875;217,96875;65,3125;198,3125;74,96875;76,875;75,0625;190,03125;210,3125;142,3125;159,40625;51,9375;72,8125;72,6875;54,75;109,5625;-25,09375;149,6875;207,9375;-33,96875;230,96875;66,59375;32,25;62,0625;72,875;56,25;125,28125;-25,4375;97,96875;-171,1875;
110,59375;341,40625;156,875;2,09375;-109,53125;138,3125;38,78125;162,65625;77,28125;7,84375;-143,28125;-59,375;4,03125;-35,9375;-16,09375;17,625;-176,125;82,53125;-248,46875;164,5;-117,0625;-60,625;-131,46875;-225,4375;-191,15625;-6,84375;-301,5;-38,78125;-283,09375;-164,53125;-166,71875;-45,03125;-346,96875;-156,3125;-106,09375;-76,28125;-265,5625;-11,3125;75,78125;148,59375;-200,34375;-54,34375;-221,96875;128,625;-309,125;-231,9375;-394,78125;32,21875;-259,84375;-164,15625;-44,9375;-86,21875;18,59375;-117,4375;-114,46875;-38,5625;11,40625;112,96875;22,5625;-79,34375;61,21875;-46,71875;-106,4375;62,3125;-35,25;112,75;-10,34375;44,6875;113,4375;140,09375;-65,46875;68,6875;-46,59375;26,375;-40,9375;39,375;144,65625;-21,3125;57,40625;134,40625;27,875;63,40625;109,625;162,6875;48,15625;32,875;77,25;49,21875;122,5625;-81,4375;180,03125;260,71875;197,46875;240,71875;74,71875;47,8125;21,46875;148,6875;336,75;392,03125;100,875;424,3125;218,15625;327,65625;266,625;358,34375;189,71875;305,5625;264,4375;270,28125;255,5625;6,96875;391,34375;515,25;411,0625;290,78125;233,5625;406,9375;366,0625;319,6875;563,125;455,5;537,65625;724,15625;574,53125;925,5;555,875;634,9375;780,9375;974,125;882;978,59375;968,875;716,53125;856,46875;1068,59375;872,84375;828,6875;892,03125;767,4375;711,59375;423;500;613,75;452,09375;594,40625;634,09375;816,90625;763,59375;810,65625;968,34375;951,5625;838,03125;750,53125;587,0625;217,875;305,90625;162,5625;49,5625;264,15625;119,8125;234,09375;309,1875;205,09375;411,25;573,96875;376,28125;549,78125;460,90625;369,09375;95,4375;230,9375;101,4375;-181,3125;-170,40625;-452,25;-465,09375;-224,75;-164;-192,25;-4,4375;215,4375;79,21875;22,3125;-62,09375;-254,25;-208,34375;-112,09375;-188,15625;-369,875;-199,5625;-170,25;-109,375;-130,5;-434,78125;-463,25;-427,53125;-510,09375;-221,875;-208,5625;-103,625;-294,5625;-406,65625;-299,34375;-511,625;-276,625;-315,25;-392,875;-310,9375;-103,625;-378,09375;-533,8125;-359,03125;-223,03125;-381,4375;-326,875;-221,1875;-340,9375;-231,40625;-383,28125;-384,71875;-258,03125;-392,375;-173,15625;-256,5625;-266;-253,5625;-553,65625;-196,1875;-148,625;-361,8125;-261,59375;-577,125;-331,84375;-448,875;-203,125;-213,65625;-195,96875;-386,9375;-509,9375;-197,46875;-332,84375;-210,03125;-88,875;-238;-99,8125;-181,03125;-344,21875;-129,125;-131,40625;-157,90625;-203,5625;-355,90625;8,125;-177,625;-393,09375;18,875;-132,28125;-182,25;-93,0625;-208,09375;-106,28125;-232,5625;-153,46875;-85,75;39,3125;-79,6875;67,65625;127,09375;12,90625;74,28125;52,875;11,65625;-113,40625;-61,65625;10,1875;44,09375;114,5;151,0625;-27,75;-34,03125;128,875;4,9375;-158,09375;140,375;26,28125;25,5625;79;140,6875;5,46875;47,875;92,375;156,15625;8,5625;94;35,03125;38,375;39;9,75;-100,125;-81,25;72,34375;120,15625;-124,90625;-139,34375;-20,25;102,1875;31,65625;245,875;76,4375;303,90625;-78,78125;-25,78125;-48,53125;-65,875;234,71875;-7,875;136,6875;-11,1875;157,71875;
33,78125;234,1875;122,53125;273,03125;151,65625;127,9375;200,4375;-21,0625;86,75;164,3125;225,15625;-52,9375;20,09375;136,34375;128,90625;6,75;32,40625;227,28125;257,9375;151,25;138,65625;4,15625;-97,125;24,28125;-175,5625;91,96875;65,0625;-21,90625;-46,0625;-52,9375;14,84375;-109,53125;-8,53125;-279,5;72,34375;-64,1875;68,46875;83,84375;-76,34375;101,21875;20,90625;-163,90625;120,21875;-141,46875;-173,375;-4,75;-99,125;-18,625;-21,65625;-31,09375;130,09375;109,65625;-92,15625;-114,71875;76,46875;-12,21875;78,90625;124,1875;-171,34375;112,59375;111,90625;49,4375;205,59375;133,21875;-27,28125;56,0625;-67,53125;-14,4375;144,84375;145,25;64,28125;176,53125;228,90625;145,28125;-7,46875;10,75;-21,1875;77,46875;28,5;36,59375;116,28125;54,15625;96,0625;315,78125;200,875;158,28125;147,25;103,53125;208,4375;253,53125;306,03125;298,8125;112,96875;330,21875;269;162,90625;73,375;33,0625;207,375;345,40625;347,28125;441,40625;263,09375;380;446,75;250,96875;139,8125;278,6875;238,3125;136,90625;288,125;331,03125;119,28125;509,21875;452,8125;379,46875;418,375;339,46875;491,65625;383,78125;705,34375;505;393,5625;551,875;521,5625;690,375;677,46875;706,65625;1191,78125;702,375;699,75;1141,125;945,84375;839,96875;806,59375;1156,3125;787,0625;854,28125;956,65625;606,71875;738,28125;749,90625;463,4375;447,375;577,53125;670,03125;710,96875;693,8125;836,9375;731,5625;1038,5625;1033,375;878,90625;795,53125;805,0625;458;234,625;-9,65625;389,875;53,6875;194,3125;117,59375;340,96875;409,15625;591,4375;515,3125;575,625;680,875;530,25;536,28125;411,78125;66,71875;-38,59375;-63,03125;42,03125;81,90625;-86,625;-55,84375;45,84375;95,40625;90,34375;-79,875;96,3125;36;-14,90625;-271,75;-51,75;-83,375;-127,9375;-286,78125;-233,3125;-114,6875;-237,15625;-255,96875;-218,875;-324,8125;-549,4375;-233,9375;-237,65625;-71,6875;-25,625;-146,65625;-101,25;-300;-286,40625;-313,40625;-273,53125;-457,28125;-366,65625;-263,71875;-271,84375;-468,09375;-530,375;-406,40625;-341;-304,59375;-408,8125;-446,3125;-243,84375;-342,875;-118,65625;-395,5;-469,84375;-296,40625;-329,1875;-362,8125;-360,8125;-260,96875;-266,5625;-285,6875;-406,65625;-217,9375;-293,875;20,75;-293,5;-297,3125;-386,78125;-372,125;-250,4375;-352,09375;-181,09375;-101,40625;-208,28125;-208,625;-77,28125;-334,09375;-181,09375;-116,28125;-0,9375;50,90625;-73,1875;-72,8125;-297,875;18,1875;-25,53125;-134,8125;-81,125;-208,1875;7,40625;145,53125;-103,3125;35,0625;-131,6875;-116,03125;93,125;61,8125;-41,25;-8,375;142,34375;26,3125;107,34375;90,8125;156,28125;-171,1875;92,375;97,53125;-136,1875;51,75;-38,625;92,96875;97,28125;205,1875;20,09375;199,9375;5,03125;29,0625;133;62,6875;-61,34375;-33,96875;233,6875;140,09375;271;120,34375;174,625;223,46875;103,71875;128,625;83,4375;144,0625;18,15625;59,5625;3,59375;101,9375;91,46875;164,25;-37,78125;224,875;240,15625;185,09375;114,09375;225,96875;91,34375;48,84375;86,5;398,40625;182,375;190,9375;-70,875;118,34375;
173,25;272,21875;231,25;271,28125;69,75;187,875;150,9375;192,46875;-10,65625;11,21875;111,90625;189,90625;230,75;221,78125;143,5;-3,90625;15,34375;41,78125;-63,4375;267,0625;19,40625;91,5;51,9375;-0,03125;122,625;-2,8125;-78,96875;270,875;29,3125;75,59375;13;230,59375;-101,03125;33,28125;-217,625;31,78125;-51,8125;-36,09375;-190,84375;68,5625;-45,25;67,375;25,6875;-128,6875;-274,84375;14,59375;-15,8125;-190,9375;99,15625;38,21875;106,46875;-43,8125;-73,4375;110,59375;-15,15625;96,90625;88,6875;102,53125;-197,9375;47,65625;92,65625;-72,78125;139,59375;-15,125;84,71875;-21,125;80,78125;217,03125;223,625;89,71875;-7,0625;303,46875;111,84375;-225,5625;40,8125;164,25;85,09375;234,09375;-10,5625;-16,0625;216,53125;117,65625;137,84375;24,375;117,15625;286,6875;-2,15625;89,0625;91,28125;172;229,75;400,03125;438,1875;134,25;352,90625;177,625;303,5;15,5625;296,90625;428,71875;190,625;499,0625;651,96875;283,28125;311,25;409,15625;332,03125;150,59375;350,1875;192,59375;300,25;315,4375;301,4375;467,46875;387,125;490,6875;447,15625;299,875;216,46875;396,71875;453,40625;466,875;492,40625;732,3125;761,09375;712,5625;670,09375;819,25;850,9375;893,8125;857,0625;762,625;868,875;1018,84375;921,6875;916,3125;974,625;846,40625;791,78125;620;497,625;677;531,625;468,59375;349,375;318,125;541,125;705,90625;589,4375;898,15625;875,46875;806,65625;688,09375;778,78125;556,5;351,875;151,875;35,0625;93,8125;26,5;239,09375;-15,28125;313,375;448,75;659,625;489,8125;374,90625;525,53125;484,625;497,78125;212,46875;-100,15625;-54,71875;-48,3125;15,03125;-268,28125;19,90625;-117,71875;-83,125;-22,46875;167,6875;-25,53125;158,25;-60,65625;54,8125;-78,75;-157,5625;-242;-319,09375;-197,1875;-305,125;-172,625;-165,09375;-146,34375;-238,1875;-383,9375;-321,03125;-164,96875;-134,875;-214,0625;-341,0625;-328,71875;-432,09375;-423;-336,6875;-330,46875;-467,0625;-362,09375;-470,6875;-367,34375;-646,1875;-395,9375;-420,84375;-411,78125;-349,78125;-367,625;-232,65625;-502,71875;-501,75;-610,03125;-374,625;-85,59375;-278,0625;-259,5;-376,46875;-231,3125;-96,375;-81,625;-274,46875;-194,28125;-366,8125;-194,6875;-419,40625;-155,46875;-189,75;-238,03125;-271,40625;-515,09375;-372,15625;-382,25;-269,28125;-227,125;-2,25;-247,21875;-173,09375;16,09375;-82,5625;-114,75;-34,25;-75,25;-111,5625;-77,65625;149,15625;-138,625;-247,71875;112,15625;-173,40625;-116,75;-181,5625;-44,625;-15,625;60,78125;-10,3125;-107,96875;255,59375;213,25;55,15625;58,90625;78,34375;-40,875;-34;130,5625;167,96875;35,71875;93,90625;122,03125;-139,625;156,15625;98,25;176,40625;13,59375;190,53125;189,4375;101,21875;103,9375;47,8125;167,625;60,4375;120,875;99;-49,90625;94,09375;-236,9375;94,3125;290,8125;269,84375;125,3125;107,65625;24,84375;101,4375;105,25;-204,84375;18,6875;102,4375;145,4375;-45,78125;74,625;239,625;229,71875;217,28125;-90,34375;106,40625;18,15625;-32,625;-162,125;134,25;158,78125;13,03125;-45,1875;64,78125;
124,8125;287,6875;220,65625;32,0625;114,09375;229,6875;73,25;-46,9375;27,21875;28,5625;72,65625;-175,1875;226,8125;120,6875;-34,5625;-208,8125;220,25;153,40625;54,59375;-26,3125;-123,6875;-161,75;-53,625;-93,84375;-56,0625;-2,03125;-132,9375;-108,03125;-42,96875;-124,53125;-31,46875;-106,625;-304,9375;-83,53125;-42,71875;-86,625;-302,6875;1,40625;-15,28125;-64,09375;-160;-205,84375;-110,59375;-204,78125;-99,84375;-128,8125;0,3125;-67,625;-118,65625;77,75;-140,5;-68,5;-232,21875;102,5625;-106,25;-39,0625;-51;-100,25;-41,1875;73,15625;21,6875;123,59375;93,875;9,65625;135,75;-198,0625;-256,375;182,75;75,8125;-4,9375;-78,78125;22,40625;-337,65625;-6,0625;-185,78125;-30,9375;-58,03125;45,3125;111,6875;-97,40625;127,6875;129,71875;85,6875;15,34375;-74,8125;287,875;33,0625;-107,1875;60,34375;26,875;162,125;55,625;351,5;25,75;244,375;126,78125;-64,875;95,34375;189,03125;79,78125;304,78125;215,1875;293,09375;328,4375;446,90625;308,125;129,625;5,71875;481,5625;22,59375;358,90625;116,3125;437,5625;294,03125;446,125;195,21875;255,46875;291,375;350,375;296,46875;482,34375;352,96875;416,46875;519,25;502,625;717,8125;673,59375;852,65625;775,875;724,3125;644,625;798,65625;800,75;805,25;715,03125;857,46875;939,5625;657,6875;738,34375;602,125;527,6875;658;392,71875;419,84375;403,6875;228,5625;350,96875;561,78125;670,40625;640,125;715,25;680,53125;517,6875;623,90625;521,875;422,25;225,59375;0,03125;173,75;133,5;-38;-1,5;234,84375;380,0625;384,3125;341,96875;503,625;301,84375;160,8125;217,375;288,90625;154,625;-175;-7,53125;-361,0625;-326,15625;-259,4375;-106,53125;-419,65625;-117,5625;-129,15625;-54,125;-95,21875;-209,3125;181,53125;41,3125;-310,96875;-244,65625;-488,9375;-325,5625;-199,03125;-403,40625;-290,0625;-268,53125;-425,25;-420,84375;-212,15625;-371,71875;-532,46875;-198,53125;-418,875;-42,25;-395,21875;-63,375;-567,75;-469,65625;-440,1875;-471,46875;-335,5;-409,40625;-476,625;-613,4375;-426,625;-328,34375;-428,4375;-629,0625;-329,125;-373,5;-236,375;-519,78125;-278,15625;-302,3125;-541,65625;-398,09375;-538,4375;-431,125;-336,78125;-280,1875;-482,15625;-411,09375;-360,40625;-380,90625;-383,21875;-317,03125;-362,125;-272,90625;-400,96875;-198,4375;-255,4375;-236,5;-258,03125;-211,8125;-382;-483,65625;-384,71875;-76,5;-219,59375;-149,1875;-339,09375;-207,4375;-67,75;-137,90625;-237,875;35,53125;-116,21875;-10,09375;-230,5625;-186,34375;-297,40625;-125,8125;-56,78125;-33,375;193,5625;-105,59375;145,34375;-58,5625;-116,25;6,5;-191,0625;1,3125;83,15625;-266,0625;51,15625;-37,5;-60,71875;143,4375;-2,40625;79,71875;-116,03125;34,0625;123,90625;263,25;49,96875;126,28125;111,875;159,09375;71,5625;177,53125;-29,15625;160,625;164,6875;12,375;1,5625;306,21875;25,625;-253,125;-30,84375;99,78125;-29,90625;119,84375;58,6875;125,5625;120,90625;-51,6875;68,71875;-160,6875;132,125;36,3125;-47,625;-147,625;82,8125;-30,09375;161;-41,9375;-67,21875;146,9375;185,71875;-80,125;-82,71875;-36,4375;
222,21875;98;202,46875;187,625;181,15625;308,75;172,875;55,09375;-81,4375;69,5625;69,90625;240,09375;154,84375;55,28125;142,28125;161,1875;5,21875;-17,1875;10,71875;79,875;10,25;60,59375;199,65625;280,34375;69,625;-19,46875;112,875;-13,53125;72,65625;-176,28125;-275,28125;-157;34,84375;-181,46875;-228;-88,53125;-247,0625;-105,875;5,1875;-395,9375;-96,84375;-98,84375;-51,375;-45;-63,84375;-7,3125;-61,09375;-59,625;12,09375;-41,53125;73,15625;186,28125;39,78125;-33,84375;-102,96875;216,875;-41,96875;-17,4375;-32,71875;31,375;119,9375;155,28125;-7,65625;78,34375;150,03125;135,6875;-0,28125;42,78125;16,09375;-104,9375;104,28125;-88,5625;-10,5625;-39,875;-92,40625;33,46875;161,84375;-7,375;87,21875;83,40625;-47,4375;61,03125;27,65625;100,21875;29,75;296,21875;223,3125;82,40625;261,25;2,40625;129,78125;364,8125;110,03125;260,84375;40,5;139,53125;137,96875;253,5;221,59375;475,96875;313,53125;242,46875;266,03125;365,78125;346,9375;292,8125;102,53125;248,1875;190,71875;334,84375;186,9375;287,1875;125,8125;353,625;265,15625;343,59375;365,5625;240,5;192,5625;480;360,28125;382,53125;428,59375;534,40625;481,34375;378,53125;559,59375;662,25;722,34375;842,4375;646,6875;810,46875;949,28125;696,34375;702,40625;600,3125;812,1875;700,28125;390,9375;629,09375;398,3125;397,9375;492,375;442,75;376,34375;153;227,71875;313,15625;500,3125;598,6875;624,03125;582,0625;735,40625;550,15625;420,125;463,375;136,90625;170,75;-27,8125;32,21875;-168,90625;59,25;44,3125;120,1875;272,90625;579,15625;396,15625;424,15625;256,1875;268,46875;245;76,59375;16,25;7,3125;-218,96875;47,40625;-256,65625;-293,78125;-228,34375;-134,15625;-375,5625;-129,5625;-55,625;-80,125;-25,53125;-208,1875;-425,84375;-391,65625;-243,1875;-316,25;-141,65625;-202,625;-276,40625;-450,09375;-329,5625;-390,375;-259,28125;-273,84375;-318,0625;-162,0625;-273,78125;-350,84375;-311,375;-327,1875;-503,375;-281,15625;-418,25;-451,21875;-298,46875;-446;-212,5;-293,5;-327,03125;-464,5625;-480;-591,71875;-202,6875;-444,34375;-534,125;-379,78125;-250,625;-412,6875;-305;-297,3125;-461,90625;-522,21875;-255,8125;-267,125;-498,90625;-347,125;-302,5;-309,34375;-172,875;-392,3125;-292,65625;-324,0625;-193,875;-302,78125;-76,34375;-309,28125;-246,6875;-457,1875;-360,3125;-259,84375;-183,65625;-150,71875;76,65625;-240,03125;-12,46875;-133,5625;-183,78125;-190,8125;-108;-110,75;-92,3125;-44,09375;-218,59375;-107,8125;-26,15625;11,65625;59,15625;-142,90625;-344,5625;86,09375;80,75;-257,8125;-64,21875;108,21875;147,875;-10,25;50,9375;-97,625;-148,15625;-94,75;-66,84375;55,125;177;-73,46875;108,8125;125,59375;152,6875;122,65625;23,5;-53,09375;9,6875;60,03125;-97,59375;19,15625;-43,21875;-103,25;64,3125;23,6875;33,40625;-167,90625;-91,59375;-272,0625;173,4375;273,3125;-27,53125;-18,1875;-6,0625;-21,0625;3,75;227,21875;153,625;110,09375;179,15625;60,375;41,59375;126,25;167,3125;109,03125;5,9375;-64,3125;91,09375;116,9375;-1,46875;-39;-178,875;14,90625;
166,375;329,6875;198,34375;263,46875;379,625;120,875;276,4375;224,21875;295,34375;65,8125;136,0625;190,4375;25,75;216,6875;161,1875;243,375;79,90625;148,3125;187,90625;-108,75;-172,21875;-38;-92,75;235,8125;-13,3125;-122,5;111,15625;126,34375;81,65625;94,46875;-225,8125;-15,90625;-76,15625;33,9375;-43,1875;35,4375;119,40625;93,84375;-193,90625;36,9375;62,6875;-341,40625;21,03125;41,65625;-97,09375;1,125;-135,03125;128,40625;-86,4375;12,5625;42,09375;204,5625;-162,28125;112,375;35,8125;82,4375;53,875;-35,9375;45,125;-106;-57,65625;58,375;143,375;0,875;151,875;188,9375;-46,9375;-204,15625;329,09375;189,75;203,34375;70,15625;-37,84375;-23,875;154,71875;288,09375;347,84375;-4,96875;136,84375;74,4375;191,71875;-97,3125;330,375;113,25;-103,84375;170,3125;37,0625;248,78125;194,3125;135,28125;94,8125;122,1875;275,125;102,03125;-100,03125;145,59375;271,96875;389,59375;291,71875;352,5;503,40625;434,90625;349,3125;468,875;404,0625;142,28125;340,1875;45,09375;358,8125;364;363,96875;354,5625;464,40625;169,125;451,625;345,3125;400,09375;112,96875;291,0625;325,90625;432,34375;491,15625;427,65625;769,59375;740,34375;690,40625;564,03125;836,53125;706,625;815,9375;961,65625;642,9375;737,09375;805,8125;833,1875;663;902,78125;735,5;528,875;536,8125;600,84375;455,90625;507,09375;329,90625;179,375;417,46875;483,71875;647,96875;495,28125;570,8125;617,78125;659,84375;528,78125;537,21875;388,8125;314,46875;62,3125;151,1875;-40,46875;120,78125;57,1875;237,8125;92,1875;255,625;388,1875;394,90625;538,59375;421,3125;498,5;221,25;-35,5625;299,90625;63,78125;-223,5;-177,71875;-117,75;7,0625;-142,6875;11,78125;-70,1875;-162,84375;65,71875;-46,84375;-99,40625;60,46875;-231,9375;-75,21875;-211,15625;-209,03125;-93,1875;-93,59375;-175,09375;-164,0625;-268,03125;-124,8125;-382,5;-332,375;-318,0625;-365,03125;-249,15625;-301,125;-274,09375;-117,4375;-441,5625;-231;-247,96875;-225,15625;-187,03125;-426,625;-227,875;-162,96875;-516,4375;-33,875;-241,125;-304,59375;-218,6875;-517,84375;-188,09375;-324;-336,9375;-265,78125;-281,53125;-296,25;-92,9375;-334,96875;-35,4375;-173,625;-297,75;-241,25;-296,90625;-269,6875;-106,5625;44,78125;-59,65625;-88,59375;-141,34375;-232,5;-177,625;-157,25;-159,6875;-107,5625;17,71875;-249,375;-13,5;-285,28125;14,09375;6,21875;-111,09375;-105,46875;-202,34375;-190;-20,5625;-68,6875;-177,625;65,5625;103,84375;3,125;1,375;-181,96875;139,78125;-61,84375;79,25;-7,34375;95,6875;-22,625;118,0625;78,21875;191,15625;118,46875;131,09375;540,125;70,84375;-28,78125;18,40625;281,3125;83,9375;161,5;55,5625;74,65625;34,625;112,03125;80,8125;100,78125;259,84375;-34,4375;99,78125;93,125;-18,8125;-47,84375;-84,625;82,25;-31,84375;-98,375;65,1875;174,125;134,65625;-71,9375;115,3125;125,90625;123,4375;305;34,875;210,5625;-141,8125;278,875;121,9375;81,25;201,625;196,28125;90,3125;144,75;94,125;54,28125;-25,15625;169,1875;-12,84375;121,8125;-121,5;222,71875;226,875;
265,34375;210,125;135,15625;183;64,96875;113,03125;296,125;-0,09375;61,15625;106,5625;217,46875;19,71875;-69,46875;16,625;219,46875;168,4375;-6,875;-81,1875;-139,53125;160,34375;-4;75,40625;113,65625;-17,0625;-129,125;-68,1875;-58,78125;-124,21875;162,1875;190,15625;21,46875;-109,53125;-138,5625;-162,625;-146,53125;-356,5;-48,0625;-51,90625;73,84375;-213,21875;57,125;-27,03125;-149,46875;-82,71875;97,0625;-270,53125;18,71875;-6;-39,9375;-106,34375;-15,09375;59,125;-179,625;9,25;-41,03125;-98,46875;-63,96875;-129,0625;26,78125;-42,53125;48,65625;-32,40625;-35,1875;27,78125;22;15,78125;145,5625;110,03125;92,125;193,90625;-28,59375;212,34375;84;-54,96875;-14,53125;13,21875;249,0625;181,625;81,8125;302,5625;115,4375;138,28125;-95,1875;-20,3125;282,53125;205,5625;69,46875;341,25;146,03125;148,3125;293,0625;310,15625;141,375;87,78125;263,5;125,6875;248,1875;332,25;393,25;323,34375;418,59375;168,9375;288,21875;325;345,4375;374,9375;414,90625;253,59375;160,46875;248,84375;362,25;240,9375;215,625;344,59375;251,3125;329,3125;295,90625;282,59375;194,4375;490,625;363,65625;488,84375;562,5;483,875;572,53125;758,3125;583,96875;846,125;700,5625;686,90625;693,21875;679,5625;613;687,34375;905,53125;743,3125;504,09375;728,53125;594,34375;582,75;467,375;220,09375;295,34375;454,4375;310;326,40625;617,09375;472,625;567,40625;569,09375;518,53125;775,8125;600,1875;506,59375;261,03125;177,6875;322,84375;150,1875;61,0625;36,75;180,78125;90,34375;217,0625;242,03125;457,84375;377,1875;541,53125;419,28125;166,34375;269;219,15625;-126,1875;185,84375;-142,53125;-25,59375;-210,875;-388,8125;-193,5625;-287,59375;-232,5;-114,09375;78,59375;-6,5625;81,125;-32,9375;-50,3125;-273,15625;-131,4375;-252,5625;-333,6875;-53,3125;-332,75;-282,65625;-167,0625;-263,375;-304,75;-39,125;-240,5;-405,15625;-321,21875;-268,46875;-385,125;-359,375;-317,53125;-243,21875;-367,4375;-247,84375;-284,90625;-301,4375;-401,25;-260,21875;-395,28125;-344,15625;-420,5625;-528,5625;-172,78125;-307,5625;-155,53125;-326,5;-139,4375;-368,53125;-335,53125;-371,1875;-375,71875;-197;-353,15625;-346,21875;-232,96875;-257,15625;-361,09375;-351,96875;-262,3125;-80,8125;68,03125;-256,40625;-326,46875;-429,96875;-267,03125;-408;-380,09375;45,375;-111,0625;-47;-104,25;-49,40625;-39,40625;-87,53125;-23,9375;27,84375;-80,59375;-127,65625;-188,15625;-27,09375;-6,84375;53,125;-93,65625;67,84375;-55,375;-100,3125;125,09375;-77,78125;-27,4375;-17,6875;104,21875;21,5625;56,28125;22,40625;-134,59375;109,40625;-90,65625;141,9375;184;-82,125;116,1875;31,84375;74,96875;161,28125;219,78125;92,3125;171,4375;131,28125;23,09375;168,21875;155,59375;-28,3125;284,15625;122,78125;35,09375;209,34375;11,34375;241,5625;117,84375;-219,0625;56,375;-18,9375;37,25;-58,375;176,1875;-20,28125;-12,46875;73;247,125;-49,96875;97,28125;30,875;-14,75;166,15625;118,65625;111,0625;175;-64,96875;113,5625;356,1875;51,8125;28,59375;56,125;-5,1875;180;128,0625;139,53125;
27,375;69;88,40625;-43;121,21875;217,53125;-88,1875;117,5;194,125;253,34375;103,25;-74,9375;-101,15625;52,375;80,78125;46,34375;4,90625;-74,125;-3,4375;91,09375;-12,4375;-7,53125;-17,9375;-186,65625;-154,75;23,96875;-164,84375;29,75;-126,5625;-54,5625;-182,5625;-53;-77,53125;-280,53125;-15,9375;-227,28125;-9,46875;159,4375;98,3125;-238,78125;-267,4375;-196,0625;-152,625;-299,28125;54;65,78125;-108,125;-26,21875;-304,6875;93,40625;-55,15625;-183,8125;91,78125;-22,59375;-133,875;-99,78125;-82,5;-297,25;-26,4375;82,375;15,4375;-265,28125;-103,9375;58,25;43,53125;105,65625;-247,28125;-40,34375;191,5;287,0625;96,4375;137,125;-246,53125;-85,53125;108,59375;52,8125;196,75;100,875;16,84375;145,8125;164,09375;105;24,375;198,8125;-75,125;41,34375;24,34375;-37,8125;257,34375;122,875;196,09375;50,96875;79,4375;50;280,9375;173,25;147,1875;188,21875;166,65625;180,90625;334,0625;282,34375;507,6875;277,6875;367,5625;58,3125;118,40625;183,40625;182,6875;168,3125;11,8125;278,375;164,28125;400,53125;244,84375;104,09375;265,4375;263,46875;101,9375;272,125;428,78125;140,8125;334,71875;308,25;524,65625;731,40625;763;802,90625;518,4375;517,71875;649,40625;865,40625;518,71875;807,6875;610,0625;513,15625;484,8125;592,65625;368,40625;630,4375;218,09375;422,71875;191,3125;328,09375;367,84375;206,9375;336,90625;459,21875;317;609,25;411,6875;659,59375;420,78125;423,53125;427,75;228,71875;137,6875;118,53125;17,125;117,28125;86,34375;130,375;188,96875;246,1875;239,96875;394,59375;243,65625;183,15625;-88,59375;214,53125;-38,84375;29,21875;-19,25;-182,6875;-12,46875;-194,375;-466,65625;-139,09375;-164,375;-164,71875;-175,9375;6,90625;-31,75;-133,65625;43;5,78125;-162,9375;-196,75;-305,40625;-358,875;-158,96875;-271,46875;-348,125;-270,875;-350,53125;-434,4375;-256,125;-155,1875;-422,4375;-245,375;-138,4375;-155,96875;-208,375;-441,5625;-341,625;-285,25;-229,4375;-181,53125;-293,28125;-240,125;-436,71875;-201,03125;-317,0625;-422,28125;-346,90625;-322,15625;-527,3125;-368,0625;-125,03125;-361,28125;-276,59375;-386,40625;-469,90625;-312,15625;-264,71875;-588,21875;-274,25;-432,5625;-313,3125;-199,6875;-316,90625;-81,46875;-206,84375;-404,6875;-300,53125;-249,6875;-162,34375;-320,3125;-219;-335,75;-481,5;-400,46875;-210,0625;-234,875;-250,625;112,0625;-243,59375;-200,28125;-214,1875;-131,25;-155,5625;30,3125;-332,875;-334,40625;21,4375;-151,46875;100,34375;-203,46875;-178,625;-8,46875;-69;-153,53125;13,78125;-65,90625;-134,3125;-13,25;-132;61,40625;-71,5625;-126,03125;91,78125;-125,34375;126,21875;-21,4375;-7,0625;-57,65625;154,09375;-7,8125;-5;55,625;-80,5;121,5625;-116,34375;-7,34375;-75,6875;-102,15625;-72,90625;-88,59375;153,1875;63,9375;-43,65625;-105;101,21875;141,40625;119,5625;-40,03125;-114,625;-57;-83,03125;-87,75;34,875;-54,59375;-76,96875;232,8125;1,25;169,96875;29,0625;176,0625;37,6875;-35,6875;202,59375;65,0625;-159,75;-34,3125;86,875;122,03125;-96,21875;53,34375;5,75;-187,28125;
421,90625;101,3125;80,875;98,59375;42,71875;200,90625;139,0625;87,0625;189,75;128,625;156,1875;330,96875;189,9375;-36,34375;123,40625;115,03125;88,46875;72;-29,59375;43;137,375;83,78125;-35,84375;-68,28125;63,84375;34,4375;77,71875;23,15625;52,4375;-122,09375;-41,5625;25,8125;-88;-223,09375;65,84375;-16,46875;-171,4375;-133,1875;110,78125;-115,875;105,40625;-170,75;74,8125;69,75;-190,0625;78,21875;148,4375;-185,65625;-172,6875;-13,75;7,125;40,09375;8,65625;23,1875;16,1875;94,34375;0,03125;-13,28125;138,3125;-27,09375;-179,3125;117,9375;37,75;164,1875;164,375;80,59375;135,125;-134;201,25;29,8125;-29,40625;209,8125;111,4375;82,09375;165,375;-2,4375;-174,84375;144,09375;-125,9375;94,90625;145,09375;260,46875;82;205,65625;241,21875;201,21875;-11,75;203,03125;93;204,53125;272,1875;217,125;215,78125;156,1875;276,375;215,5;196,90625;174,15625;312,0625;322,25;202,1875;390,90625;342,59375;309,3125;272,71875;445,21875;277,75;292,125;305;172,71875;241,90625;336,15625;464,1875;306,90625;360,1875;357,0625;363,03125;502,15625;434,3125;528,53125;404,65625;558,875;450,8125;501,0625;626,03125;437,6875;537,3125;806,9375;749,03125;756,0625;667,4375;427,875;592,875;818,9375;660,65625;694,59375;839,46875;660,28125;804,78125;469,40625;485,03125;270;448,4375;369,5;372,8125;301,9375;251,59375;602,5;480,125;672,71875;473,15625;473,59375;524,03125;534,125;307,09375;252,15625;319,875;236;296,625;147;-150,09375;159,84375;220,53125;309,71875;359,65625;302,46875;440,53125;283,40625;201,96875;246,28125;140,65625;218,34375;28,65625;-207,15625;-325,4375;-182,78125;-132,28125;-181,375;46,1875;-220,90625;-37,53125;-144,15625;10,15625;26,96875;62,96875;-37,25;-326,9375;-213,25;-182,03125;-189,0625;-166,09375;-283,40625;-264,1875;-116,15625;-220,96875;-225,21875;-133,8125;-245,90625;-280,5625;-267,25;-131,75;-312,96875;-203;-344,53125;-314,9375;-267,375;-298,125;-432,03125;-490,3125;-367,96875;-328;-335,4375;-210,5625;-164,8125;-477,40625;-305,96875;-331,96875;-149,375;-233,46875;-204,5;-227,15625;-320,34375;-236,65625;-201,9375;-246,875;-185,625;-296,28125;-151,6875;-141,4375;-125,6875;-247,96875;-286,1875;-149,375;-247,59375;-314,75;-154,3125;-139,125;-61,9375;-26,1875;-78,25;-34,375;-153,71875;25,625;92,4375;37,375;-30,65625;6,65625;-155,53125;-185,125;-81,84375;-245,8125;78,71875;-48,28125;-118,78125;36,3125;158,1875;5,25;-36,28125;150,375;-82,625;130,875;14,65625;-67,46875;287,34375;155,15625;174,375;62,375;-76,625;12,40625;314,40625;5,84375;94,25;187,875;31,28125;224,09375;135,5;-23,375;19,53125;-31,375;162,78125;304,53125;111,28125;87,125;42,125;63,96875;113,40625;173,71875;-11,625;-60,375;-33,53125;221,40625;273,28125;65,875;168,125;117,9375;-15,125;276,53125;104,9375;-237,21875;93,5625;-0,5;111,1875;88,625;128,28125;187,0625;193,6875;62,9375;130,75;113,71875;329,6875;162,65625;167,03125;-49,5625;-11,71875;192,1875;165,125;230,0625;-2,78125;16,46875;-94;
92,25;-55,34375;245,78125;5,96875;63,71875;-1;34,375;-134,5;-7,8125;-124,28125;50,5625;183,5;211,40625;30,03125;-163,6875;-69,25;109,9375;58,53125;21,4375;86,65625;88,71875;281,625;-101,1875;-62,9375;21,375;40,1875;-92,28125;-193,875;-198,8125;-64,46875;-152,09375;-59,1875;-41,21875;-113,5;-185,84375;-316,9375;-181,625;-288,8125;-113,78125;-310,03125;-43,65625;-156,8125;-153,53125;-200,9375;-175,5;-64,5;-204,875;-199,40625;10,3125;-151,40625;-94,53125;-193,8125;-128,84375;-106,96875;-15,75;-103,1875;-180,78125;-112,65625;-141,625;-327,9375;1,5625;22,09375;56,5;31,53125;-116,21875;81;-173,65625;162,25;18,21875;-21,21875;-116,5625;-202,875;-132,34375;197,6875;280,9375;98,71875;-152,875;153,28125;-41,40625;117,96875;-171,6875;201,375;-16,3125;148,0625;-44,625;-63,46875;99,59375;-40,5;48,71875;219,09375;178,375;100,59375;-123,53125;101,5;116,40625;42,03125;134,90625;137;184,34375;292,875;175,28125;95,6875;106,96875;314,375;309,09375;-97,65625;200,375;139,75;251,46875;279,75;127,125;325,03125;349,09375;368,5;315,9375;319,71875;95,875;255,5;314,53125;349,65625;91,0625;483,03125;351,625;442,65625;745,34375;793,53125;578,09375;474,75;548,5;708,3125;312,3125;409,21875;564,3125;519,21875;518,78125;677,375;581,71875;372,875;415,3125;392,0625;145,25;106,03125;328,96875;272,875;159,59375;358,6875;91,0625;408,03125;289,5625;535,65625;436,53125;357,78125;441,59375;505,34375;159,5625;242,21875;81,96875;110,21875;72;-12,5;58,84375;-26,125;151,15625;55,625;103,375;355,09375;204,25;279,1875;60,4375;211,09375;-111,96875;94,6875;-189,5;-218,71875;-177,65625;-567,1875;-448,46875;-185,5625;-167,28125;-269,21875;-40,53125;-54,15625;-139;-80,59375;-176,84375;-148,4375;-219,34375;-400,125;-439,25;-283,96875;-311,40625;-97,71875;-387,75;-322;-242,59375;-502,875;-347,28125;-289,125;-268,6875;-206,65625;-364,6875;-571,75;-451,3125;-320,21875;-406,96875;-433,09375;-431,375;-174,25;-490,78125;-351,46875;-303,96875;-359,90625;-371,6875;-520,59375;-387,8125;-249,15625;-342,125;-420,125;-358,59375;-409,6875;-605,1875;-404,40625;-277,53125;-208,25;-471,34375;-364,9375;-328,625;-418,21875;-393,71875;-572,34375;-266,84375;-357,0625;-301,125;-117,15625;-420,625;-301,65625;-231,3125;-378,0625;-248,34375;-425,53125;-351,4375;-270,03125;-205,4375;-125,90625;-111,625;-181,5625;-164,53125;-395,75;-72,78125;-259,84375;-183,1875;-48,96875;-154,5;-130,5625;-85,125;-172,96875;-202,1875;-120,46875;-32,9375;-80,1875;7,71875;-97,65625;-115,25;-137,125;-115,8125;36;-129,9375;-6,75;-118,40625;-4,3125;-191,1875;-27,75;-80,78125;31,03125;-189,9375;-4,1875;-6,15625;-96,625;111,21875;54,0625;-201,34375;24,34375;14,09375;-69,5625;-46,875;-21,0625;115,4375;-90,78125;-134,96875;-43,375;-86,3125;115,5;-2,34375;-170,03125;97,3125;-131,25;-46,78125;-4,40625;-19,59375;18,25;-271;56,34375;-74,09375;-170,71875;155,03125;44,28125;114,21875;-139,65625;-171,40625;-36,75;-84,03125;-80,75;88,4375;151,5625;-209,21875;-107,46875;196,09375;-11,375;-0,875;-75,5625;
118,875;193,625;-238,5;5,25;-112,8125;24,84375;-129,15625;184,59375;-95,46875;-92,65625;69,4375;150,375;164,3125;155,84375;92,40625;-63,46875;83,46875;18,125;-2,1875;51,96875;-130,34375;151,9375;-80,75;15,40625;-69,59375;-98,5625;226,34375;-66,78125;-297,90625;-121,84375;-26,625;-47,65625;-141,03125;-34,84375;78,90625;-107,125;-87,84375;-151,625;-148,78125;-66,25;-144,71875;-21,375;-86,8125;-105,53125;-267,53125;-91,0625;-11,59375;-73,9375;-70,09375;64,125;-68,5;-210,25;-6,03125;58;-296,375;17,3125;-166,90625;-118,53125;92,625;-120,25;72,6875;30,8125;-10,25;-5,65625;158,875;138,1875;167,09375;-104,53125;-94,09375;-21,1875;129,96875;228,6875;-47;138,875;259,03125;96,9375;105,34375;267,5625;44,96875;253,71875;240,125;216,34375;178,75;-46,34375;130,9375;-54,21875;128,03125;-27,28125;298,65625;172,34375;224,34375;-177,34375;72,59375;153,1875;-3,875;35,21875;218,5625;117,8125;126,34375;170,59375;361,03125;327,84375;287,15625;396,25;426,59375;198,46875;321,9375;185,9375;247,375;182,46875;176,875;346,3125;140,71875;88,25;395,0625;357,5625;277,28125;172,71875;298;231,65625;148,6875;291,40625;404,9375;740,375;506,28125;746,78125;576,5625;650,59375;749,625;593,65625;490,6875;567,40625;487;494,0625;442,125;496,40625;725,6875;541,625;396,25;450,0625;353,75;482,40625;394,65625;324,46875;430,4375;393,78125;556,5;344,59375;531,96875;466,59375;672,25;585,125;444,0625;370,9375;349,40625;239,125;199,90625;69,4375;91,1875;233,15625;51,75;78,6875;86,625;251,21875;335,03125;393,5625;440,46875;194,34375;265,09375;95,40625;-129,59375;-67,84375;-231,78125;-275,71875;-255,71875;-144,46875;-40,15625;-263,59375;-39,5625;-3,84375;-38,375;-228,84375;52,03125;-32,21875;-230,0625;-17,3125;6,15625;-358,75;-364,625;-117,21875;-223;-311,84375;-265,21875;-134,03125;-216,6875;-295,5;-239;-115,90625;-262,46875;-298,59375;-391;-389,625;-454,6875;-448,125;-292,625;-347,8125;-374,90625;-279,6875;-130,09375;-140,34375;-233,3125;-382,65625;-353,53125;-387;-227,5625;-255,03125;-521,96875;-211,21875;-356,90625;-315,375;-406,90625;-336,5625;-336,90625;-335,59375;-197,96875;-297,0625;-226,875;-307,34375;-113,84375;-327,875;-354,0625;-283,1875;-216,03125;-286,21875;-85,84375;-80,53125;-323,40625;-240,25;-242,34375;5,34375;-97,125;-114,875;93;110,09375;-160,6875;-142,5;-26,6875;-214,4375;-212,09375;45,9375;-191,28125;87,25;111,1875;-36,25;-156,53125;-167,5625;-152,65625;111;-47,4375;-120,3125;38,375;-167,09375;-94,34375;55,5625;1,3125;-83,15625;-10,125;84,34375;-14,0625;-117,9375;103,53125;55,3125;130,71875;34,71875;-8,65625;-73,71875;60,25;29,875;160,71875;144,125;85,4375;57,40625;19,84375;-138,15625;90,65625;-100,625;94;-73,15625;-25,28125;90;-71,4375;121,46875;66,53125;-97,625;-36,6875;-12,09375;98,34375;79,125;-30,4375;71,65625;130,875;124,875;0,875;-30,09375;33,90625;96;43;-49,5625;21,1875;73,875;-29,21875;-120,125;-33,84375;73,09375;231,125;103,21875;113,125;-20,375;191,25;-20,71875;
82,03125;28,125;193,75;45,78125;125,5;94,1875;187,59375;135,84375;143,53125;83,65625;151,34375;-85,75;-137,21875;-8,90625;-145,875;-12,375;-4,375;-37,40625;-48,71875;199,84375;-5,6875;22,28125;-29,3125;-153,8125;103,5;-58,96875;26,09375;-32,6875;46,90625;-252;-96,71875;-147,9375;-76,5;116,875;-181,84375;-56,21875;32,5;-23,46875;-178,34375;-163,53125;-94,375;-225,90625;-20,78125;-143,34375;-129,84375;-20,5625;6,53125;-74,15625;-144,65625;40,0625;27,34375;-57,40625;-189,9375;-123,71875;-80,1875;-196,84375;71;-32,84375;-71,4375;-229,25;-59,375;-76,96875;-64,84375;134,5;-15,625;81,15625;140,03125;151,0625;-152,65625;-85;39,125;-66,59375;223,375;157,875;85,8125;102,53125;180,40625;-44,46875;285,15625;13,71875;136,4375;-107;-3;144,40625;39,71875;-78,96875;0,71875;79,875;156,1875;76,4375;108,15625;81,75;85,59375;333,28125;136;122,40625;158,8125;289,3125;110;441,34375;368,375;146,28125;522,875;365,375;434,96875;247,53125;390,28125;158,09375;268,25;215,71875;260,21875;490,78125;226,90625;129,09375;324,46875;332,6875;281,90625;296,1875;164,15625;221,53125;455,25;475,21875;701,875;426,03125;540,40625;553,40625;839,9375;545;416,875;588,96875;443,1875;484,625;572,46875;379,6875;404,71875;297,25;407,5;308,03125;537,625;527,625;505,625;483,5;250,53125;504,96875;244,65625;271,40625;142,25;74,9375;525,34375;271,96875;568,65625;463,375;512,5;353,34375;369,96875;280,21875;205,40625;123,875;-38,96875;-7,90625;30,84375;144,75;-141,09375;153,1875;228,96875;341,4375;359,25;205,1875;94,15625;-86,625;13,8125;68,125;75,40625;-113,78125;-328;-204,375;-344,28125;-11,34375;-180,46875;23,40625;-61,0625;4,53125;-139,375;93,25;-175,75;-151,78125;-260,8125;-230,625;-159,09375;-166,625;-368,59375;-403,21875;-265,84375;-532,75;-180,75;-414,3125;-180,375;-385,28125;-353,4375;-245,0625;-198,03125;-182,3125;-202,34375;-396,5625;-406,65625;-264,84375;-373,28125;-215,0625;-443,125;-251,125;-255,65625;-430,9375;-491,375;-537,4375;-233,6875;-365,5;-433,96875;-338,25;-370,28125;-300,53125;-459,25;-358,3125;-378,34375;-321,25;-216,21875;-375,375;-490,53125;-450,125;-246,46875;-339,375;-346,34375;-285,90625;-324,09375;-317,25;-84,375;-188,625;-312,875;-229,84375;-283,78125;-313,78125;-228,59375;-181,9375;-254,28125;-160,75;-178,8125;-117,21875;-88,3125;-95;-43,59375;-452,3125;38,65625;54,28125;-50,0625;43,5;-98,96875;-189,03125;-96,25;-43,96875;-326,09375;13,21875;111,53125;90,53125;-85,5;37,5;190,65625;-48,59375;-8,09375;-224,875;102,1875;-31,28125;-0,9375;-15,59375;-168,5625;3,125;-55,65625;-7,9375;7,65625;2,375;245,90625;17,5;-187,65625;-37,0625;265,125;91,15625;-36,375;-17,40625;-126,25;-58,8125;-264,03125;-6,59375;-156,625;39,1875;94,4375;79;-19,9375;6,65625;3,1875;118,53125;-86,03125;24,25;7,25;67,3125;-118,5;94,125;-166,5625;-2,21875;38,3125;85,8125;65,84375;-74,75;199;-49,625;64,90625;-7,46875;217,9375;105,8125;85,84375;-243,03125;107,34375;17,65625;
-128,25;170,46875;15,8125;-24,9375;-108,8125;-58,28125;16,375;282,375;-40,5;25,53125;46,65625;-75,15625;30,5625;-36,0625;33,375;-16,71875;-33,875;8,65625;1,59375;63,625;-19,40625;-4,78125;90,4375;-292,6875;63,875;-48,28125;-217,125;-240,6875;-89,21875;-75,0625;-156,53125;96,375;-150,71875;-166,21875;109,5;-118,125;-283;47,40625;-180,75;-128,0625;-11,375;-207,1875;-101,15625;-292,71875;-163,625;-121,9375;-117,3125;-138,90625;-174,6875;-43,75;-104,75;-148,65625;-29,21875;-256,28125;-171,46875;-180,375;-261,15625;4,34375;10,5;40,28125;-2,21875;-87,46875;-143,5;-156,5625;-182,375;-27,3125;-206,9375;-84,78125;-50,34375;-5,59375;-25,34375;-41,21875;-80,84375;-34,03125;80,40625;199,25;-23,1875;-120,28125;183,34375;-23,40625;-170,8125;155,6875;-115,84375;303,34375;-30,4375;-12,21875;160,84375;155,65625;-23,6875;-1,53125;170,90625;247,1875;45,53125;102,875;317,59375;-25,8125;13,28125;132,25;59,84375;358,21875;88,53125;18,90625;-5,03125;384,90625;-26,71875;168,5;141,59375;138,53125;50,0625;152,71875;223,1875;447,96875;304,96875;256,25;343,5625;159,65625;352,25;268,65625;199,09375;154,34375;336,375;378,78125;337,40625;722,375;790,9375;510,21875;496,53125;465,9375;593,625;646,46875;377,0625;632,25;337,125;356,6875;706;719,3125;552,46875;501,75;506,5;368,65625;526,5625;294,75;401,84375;358,53125;102,0625;337,28125;451,9375;347,875;525,625;295,59375;391,78125;541,9375;351,75;133,59375;228,09375;143,34375;285,5625;184,90625;168,375;207,125;-40,9375;259,03125;-53,53125;75,9375;348,5;254,34375;343,84375;172,25;324,3125;26,59375;41,46875;-251;-43,6875;-65,40625;-277,1875;-143,0625;-109,28125;-223,4375;-143,9375;-290,71875;-182,0625;-193,375;-44,53125;-21,875;-212,09375;-223,15625;4,96875;-269,84375;-131,4375;-333,625;-437,8125;-384,5;-168,25;-256,71875;-254,90625;-183,71875;-365,6875;-453,8125;-258,8125;-413,40625;-303,6875;-106,9375;-54,40625;-375,21875;-357,34375;-363,5;-430,84375;-349,5625;-402,84375;-328,375;-406,34375;-428,5625;-366,71875;-171,15625;-349,59375;-228,90625;-99,46875;-367,3125;-313,09375;-291,1875;-317,25;-275,4375;-162,625;-467,28125;-374,0625;-347,3125;-135,8125;-202,34375;-201,4375;-44,125;-275,21875;-242,0625;-468,5;-328,90625;-191,3125;-189,65625;-179,21875;-390,21875;-234,15625;-262,375;-224,28125;0,09375;-137,4375;-234,8125;-238;-278,53125;-19,21875;-124,875;-5,34375;-26,21875;13,40625;52,3125;77,40625;18;-169,84375;-9,4375;-145,09375;-33,375;-113,40625;-51,875;-27,21875;15,0625;-119,15625;-68,1875;-127,125;-30,6875;66,59375;-105,25;60,0625;105,09375;69,875;77,40625;-75,25;-29,09375;-190,21875;14,46875;25,4375;110,15625;-36,90625;-23,46875;44,09375;-81,03125;49,875;-89,78125;93;-104,84375;-110,78125;-201,90625;-190,34375;169,875;103,84375;-177,625;61,15625;-18,09375;153,75;-75,9375;-67,34375;9,40625;-149,09375;-282,84375;-140,03125;-129,65625;-102,4375;-45,90625;-58,5;-145,46875;6;-32,3125;61,53125;245,0625;-46,5625;-65,46875;112,125;27,25;65,03125;11,375;-66,5625;56,96875;109,53125;55,15625;
80,25;185;-24,96875;-113,03125;211,28125;129,9375;292,15625;165,625;261,59375;131,40625;139,625;196,875;171,84375;164,34375;93,46875;210,96875;-11,53125;156,15625;-39,9375;73,96875;84,9375;226,4375;275,6875;-91,5625;73,125;45,71875;-112,09375;128,3125;129,75;48,53125;-123,28125;49;140,78125;-44,5625;38,71875;-65,71875;97,15625;2,90625;123,96875;69,78125;277,96875;4,28125;141,71875;-119,34375;33,28125;16,09375;-5,03125;-80;15,9375;-0,65625;105,5;-3,03125;51,65625;-154,9375;-1,8125;104,78125;75,40625;191,625;-167,875;-73,25;-126,125;136;-57,96875;-17,09375;39,625;114,09375;124,34375;191,5625;159,96875;115,46875;75,9375;145,15625;183,75;131,375;262;-134,9375;133,84375;-17,84375;35,1875;-47,5625;279,8125;266,46875;271,65625;194,125;78,03125;-2,625;269,40625;207,46875;221,125;139,34375;359,03125;306;86;234,46875;78,28125;51,71875;122,4375;8,75;132,65625;454,625;358,28125;351,78125;303,34375;252,84375;279,9375;349,65625;282,59375;252,75;266,65625;204,40625;233,9375;193,25;213,0625;188,21875;322,8125;392,8125;93,96875;469,6875;291,78125;317,8125;366,4375;374,28125;252,625;551,5625;554,46875;523,25;619,5;600,71875;531,28125;673,90625;550,40625;585,96875;401,09375;604,5625;347,9375;565,15625;640,53125;454,03125;495,15625;395;512,28125;472,1875;506,21875;233,65625;490,9375;464,84375;358,53125;516,1875;478,375;501,09375;523,03125;499,25;204,03125;369,375;308,46875;285,84375;290,6875;40,125;115,21875;120,59375;218,8125;125,34375;293,28125;204,4375;256,84375;361,09375;476,09375;605,21875;235,84375;342;120,59375;58;4,15625;86,375;-306,71875;-12,875;-200,4375;-362,96875;-95,4375;-233,59375;123,0625;114,125;166,71875;19,09375;45,625;-160,15625;-196,8125;-40,5625;-42,84375;-92,03125;-14,21875;-254,625;-397,5625;-368,84375;-283,4375;-296,1875;-258,6875;-44,40625;-211,3125;-175,46875;-312,46875;-206,375;-192,3125;-177,03125;-147,59375;-190,28125;-179,78125;-193,84375;-358,9375;-347,21875;-286,8125;-263,90625;-174,46875;-388,40625;-396,0625;-197,25;-354,59375;-274,6875;-358,1875;-305,96875;-171,8125;4,09375;-225,53125;-137,46875;-278,6875;-324,65625;-180,28125;-160,0625;-228,4375;-102,21875;-134,15625;-78,46875;-141,78125;-210,15625;-246,9375;-56,6875;-101,59375;1,53125;-30,46875;21,71875;13,65625;-89,875;-149,875;-122,71875;-259,90625;-99,25;-37,90625;-170,0625;81,875;35,40625;26;72,5;110,84375;-8,375;-34,5625;115,375;118,1875;110,5;19,46875;19,75;79,8125;119,78125;-38;-11,3125;-10,03125;220,46875;155,03125;171,90625;188,375;241,75;220,625;-37,0625;172,0625;156,28125;56,34375;235,625;203,84375;189,78125;120,96875;9,15625;127,40625;138,71875;128,25;141,46875;13,4375;-15,59375;74,09375;129,5;85,28125;58,8125;-8,59375;-59,96875;110,3125;-95,84375;-36,5625;165,875;-25,40625;-143,0625;104,1875;266,84375;161,0625;69,4375;133,625;109,09375;90,6875;197;2,59375;220,6875;207,4375;134,15625;161,21875;23,3125;113,5;9,4375;268,84375;22,5625;117,75;152,375;106,3125;208,53125;
-178;-45,6875;-98,6875;62,09375;-10,71875;-136,96875;-128,40625;176,25;23,4375;-52,9375;-211,0625;-162,875;-120,5;-61,25;-27,15625;-249,6875;35,0625;-40,96875;-57,09375;45,90625;-117,90625;-203,0625;16,625;-199,21875;-54,09375;-207,375;-19,875;-221,90625;-43,75;34,65625;-226,90625;29,96875;-65,875;-51,59375;-179,1875;21,65625;-196,40625;-459,1875;-77,03125;-280,1875;-291,78125;-254,90625;-69,0625;6,75;-399,71875;-140,53125;-140,40625;-84,15625;-178,9375;-289,84375;-261,78125;-116,84375;-380,5625;-205,65625;-264,875;-80,625;-297,09375;-267,65625;-405,71875;-156,71875;-113,96875;-311;-181,21875;-53,34375;-44,28125;-24,40625;-71,96875;-90,375;-216,84375;-170,21875;-136,90625;-160,65625;-32,75;-39,125;-145,6875;-116,6875;21,625;-140,15625;-141,96875;-98,4375;-43,09375;-199,59375;-283,8125;-156,03125;-25,28125;-63,5;-79,15625;155,59375;-15,65625;68,25;72,59375;110,9375;-123,5;-143,625;-98,875;-74,34375;87,875;110,875;57,75;206,59375;181,59375;-96,25;248,28125;29,28125;162,78125;35,40625;17,09375;353,3125;8;124,78125;405,3125;187,28125;134,375;-148,8125;218,9375;45,6875;188,1875;120,09375;172,34375;-81,84375;139,96875;196,09375;253,8125;211,4375;367,90625;181,84375;219,65625;451,25;389,5;229,21875;246,75;225,65625;524,9375;489,1875;293,625;448,40625;434,625;281,84375;75,84375;226,40625;318,53125;165,625;182,15625;288,90625;66,78125;167,9375;63,28125;441,25;181,15625;404,59375;350,3125;283,46875;440,46875;75,59375;194,875;120,25;163,15625;-1,625;-168,3125;-123,46875;-15,5625;-96,3125;-107,4375;58,90625;77,84375;475;245,28125;167,96875;240,4375;-186,1875;-33,75;60,3125;-67,9375;-149,625;-157,53125;-264,125;-92,3125;-425,875;-389,75;-186,4375;-146,9375;-90,84375;-59,5625;-55,4375;-45,96875;-152,34375;-272,4375;-259,21875;-106,84375;-372,21875;-377,40625;-195,125;-300,21875;-368,96875;-339,625;-184,375;-502,78125;-447,65625;-408,625;-488;-433,15625;-395,6875;-279,875;-391,125;-447,90625;-717,8125;-561,28125;-231,3125;-431,40625;-375,625;-532,0625;-424,46875;-525,6875;-427,09375;-632,75;-459,0625;-550,75;-288,34375;-389,125;-318,4375;-391,0625;-295,8125;-308,125;-320,125;-193,125;-164,53125;-414,84375;-140,53125;-259,625;-249,84375;-247,46875;-472,3125;-273,21875;-516,21875;-442,71875;-431,3125;-16,90625;-154,03125;-300,125;-125;-259,46875;-25,5625;-269,5625;-165,4375;-150,3125;-22,9375;-257,3125;-180,34375;-202,34375;-186,125;-211,40625;-40,125;-11,46875;-155,375;-229,625;-257,03125;-207;-198,75;-3,65625;-77,59375;-87,1875;-102,59375;-64,75;-42,96875;-84,4375;-146,5625;-157,40625;255,21875;-119,46875;-124,46875;-76,09375;-195,625;7,78125;-20,125;-74,03125;10,5;-277,28125;-158,375;23;5,25;-175,75;-144,53125;-89,875;-141,875;80,375;13,15625;-110,875;-76,90625;-66,0625;-52,78125;-156,71875;-124,96875;-345,0625;-124,8125;-19,625;-71,34375;-150,3125;-125,40625;-345,5625;-155,5625;75,78125;-102,71875;3,75;40,84375;-133;-296,8125;-111,375;-217,1875;52,5625;-224,40625;-188,90625;89,75;-190,0625;-30,28125;50,90625;-119,6875;64,78125;31,90625;-191,46875;-91,8125;
-33,78125;307,96875;-53,84375;76,53125;98,84375;21,5;-126,78125;-262,21875;-123,5;13,46875;6,1875;109,28125;8,0625;51,21875;-123,1875;145,40625;-34,71875;-30,90625;135,78125;-105,96875;-1,0625;59,9375;115,625;7,71875;-10;-17,71875;-83,1875;-164,21875;121,90625;40,15625;-55,46875;-117,5;-44,375;38,9375;-76,53125;12,0625;186,25;66,96875;-125;-149;-163,84375;-127,625;-282,09375;-15,03125;-130,5;-131,53125;-107,71875;-179,53125;-96,53125;-263,6875;-44,84375;-218,8125;32,0625;-243,84375;-163,90625;-153,15625;144,25;-123,25;-213,3125;-137,03125;-14,625;-37,125;-98,375;-204,15625;-155,625;-89,6875;85,125;-69,625;2,875;45;-56,34375;123,21875;-277,53125;-124,6875;-95,34375;101,8125;14,15625;57,875;-33,34375;122,46875;-186,96875;-14,65625;-34,65625;21,03125;54,03125;-104,34375;116,875;193,3125;131,5625;-114,40625;52,09375;185,5625;-92,65625;81,1875;138,5625;161,4375;-15,71875;182,28125;15,6875;51,28125;54,15625;189,75;239,8125;325,125;204,65625;-149,09375;216,1875;99,78125;107,59375;100,0625;35,8125;164,84375;247,59375;79,3125;126,125;298,03125;196,15625;168,65625;216,71875;228,25;191,09375;320,875;311,21875;448,40625;214,4375;160,09375;485,1875;313,65625;624,1875;504,71875;563,84375;209,1875;548;280,28125;483,71875;659,4375;326,96875;192,59375;225,8125;346,34375;275,3125;269,90625;274,65625;289,28125;268,21875;217,03125;191,4375;363,75;265,65625;399,9375;230,375;336,59375;340,21875;274,71875;170,6875;65,96875;136,03125;-10,5;45,125;-105,875;53,25;58,15625;30,75;87,78125;239,375;280,84375;177,21875;-9,40625;-137,84375;-72,8125;47,65625;-53,0625;-275,78125;-283,0625;-125,28125;-122,28125;-186,09375;-142,09375;-218,9375;-218,03125;-63,03125;-41,46875;137,5625;-172,6875;-158,71875;-253,21875;-180,40625;-334,15625;-220,96875;-138,46875;-106,09375;-242,8125;-200,1875;-210,375;-167,0625;-475,46875;-246,90625;-272,46875;-459,71875;-250,1875;-343,65625;-236;-252;-289,5;-132,21875;-162,78125;-391;-251,0625;-411,84375;-348,40625;-294,6875;-301,40625;-472,96875;-163,78125;-317,96875;-385,59375;-365,65625;-504,5;-321,90625;-457,21875;-268,875;-449,65625;-245,75;-301,9375;-273,5;-312,65625;-482,375;-366,75;-239,75;32,40625;20,84375;-256,59375;-436,3125;-162,6875;6,03125;-273,5625;-173,75;71,8125;-37,875;-266,4375;-54,3125;-231,03125;-167,4375;-170,96875;-166,21875;81,9375;-252,8125;-121,21875;52,5;-113,40625;30,71875;-100,71875;-130,3125;58,28125;-65,75;-74,9375;-154,0625;-38,375;-10,71875;-62,34375;-42,71875;-63,21875;24,125;2,5625;1,9375;118,09375;-125,21875;175,75;57,90625;26,625;84,9375;68,65625;139,15625;144,03125;-214,8125;-54;19,90625;126,75;-215,03125;114,09375;71,75;-150,65625;176,71875;-156,3125;-247,0625;-141,75;42;32,4375;122,625;-25,4375;-137,28125;-182,1875;-94,4375;131,125;-208,5;-14,78125;-6,875;227,0625;-134,5625;-18,96875;-82,4375;182,65625;78,5625;20,5625;-32,84375;-137,25;37,8125;83,8125;221,78125;-138,78125;-43,0625;62,90625;76;205,9375;107,375;171,75;-7,34375;-51,34375;-47,28125;23,4375;
5,65625;-181,5;-114,46875;-151,40625;-218,1875;-85,40625;61,53125;-89,84375;-23,5625;-15,5;10,40625;-48,34375;2,5625;-161,375;-209,9375;-89,875;-44,0625;-135,71875;-174,59375;-46,0625;-80,53125;-115,28125;50,9375;-159,4375;37,25;33,625;-62,59375;-385,53125;-19,6875;-192,15625;-175,90625;14,625;-86,28125;-201,53125;-124,375;-255,0625;-26,9375;-142,28125;-165,65625;-206,03125;-27,46875;-228;-54,53125;-118,0625;-7,09375;-44,78125;-96,625;-150,5;-104,34375;-148,28125;-55,65625;-269,40625;-136,9375;-163,40625;-321,625;-134,46875;-241,90625;-351,875;-115,28125;-225,84375;-17,875;71,625;-96,1875;-187,4375;-277,875;-114,53125;-191,65625;-105,0625;-284,6875;-365,25;-453,8125;-69,21875;-65,5;-152,5625;-45,6875;-168,65625;-241,65625;-94,28125;-244,96875;18,5625;-143,78125;-58,65625;141;-141,71875;-102,09375;-15,59375;-141,34375;80;114,46875;-257,28125;91,03125;126,40625;-91,6875;-113,5;-186,09375;-43,53125;-0,625;314,21875;147,8125;71,53125;64,6875;-19,5;60,125;76,28125;200,40625;-78,46875;-30,3125;58,4375;0,4375;142,8125;93,3125;199,625;135,75;201,71875;189,90625;81,625;283,125;4,34375;51,375;315,71875;57,34375;49,15625;178,5;222,6875;265,03125;396,15625;310,625;303,5;277;232,0625;120,5;129,65625;253,3125;389,46875;364,21875;315,53125;345,65625;321,75;309,84375;276,4375;262,15625;285,40625;59,1875;179,0625;140,15625;344;243,25;149,28125;186,21875;477,25;250,375;81,21875;185,4375;255,71875;-49,4375;-36,90625;-126,6875;78,40625;-110,75;-108,75;7,90625;-15,25;22,96875;115,96875;11,6875;160,15625;86,34375;162,5;31,5625;-92,125;-63,40625;-77,15625;-11;-193,65625;-188,375;-466,59375;-466,8125;-277,65625;-145,6875;-268,53125;-251,53125;-244,0625;-348,8125;-103,5;-197,34375;-356,59375;-331,25;-247,625;-272,34375;-304;-349,09375;-165,3125;-125,15625;-402,15625;-366,03125;-423,5625;-176,78125;-487,9375;-292,9375;-355,09375;-444,25;-514,3125;-405,21875;-192,5;-240,84375;-350,40625;-348;-213,625;-479,5625;-534,9375;-362,625;-456,8125;-641,34375;-410,0625;-318,375;-207,40625;-480,625;-428,15625;-359,1875;-471,71875;-593,46875;-453,59375;-216,8125;-396,78125;-339,84375;-414,84375;-381,0625;-216,6875;-289,625;-210,125;-276,5625;-360,625;-236,71875;-263,28125;-248,75;-237,71875;-225,5;-152,875;-111,59375;-297,90625;-221,375;-214,84375;-139,4375;-237,90625;-232,5;-93,90625;-99,0625;-176,53125;-63,3125;-139,96875;-76,5625;-230,34375;-19,90625;-236,8125;-168,75;31,5625;-14,28125;-132,90625;-61,5;45,375;-60,15625;17,21875;74,96875;-177,46875;-57,71875;37,09375;71,375;-72;-11,25;126,875;-14,65625;-128,65625;-18,40625;140,625;-178,84375;-187,21875;-70,625;-189,8125;-139,375;-57,1875;11,1875;-2,53125;-14,0625;11,0625;2,6875;-31,375;43,78125;90,59375;-188,34375;-112,03125;-170,96875;-5,09375;-162,71875;111,9375;-72,15625;-170,5;51,65625;13,53125;-233;-24,9375;-69;83,15625;-26,8125;-130,96875;-62,53125;-151,3125;-172,34375;-46,28125;-238,03125;-168,71875;-69,0625;-121,875;-250,25;-92,28125;-127,875;-267,1875;-75;248,53125;-24,84375;-152,78125;
-166,625;72,15625;-144,5;-18,125;60,15625;-42,15625;-7,25;-160,1875;-202,15625;-3,71875;-241,1875;144,78125;125,5625;-38,0625;95,9375;36,84375;-39,125;2,34375;-63,75;-20,3125;-31,1875;132;-100,875;15,5625;12,34375;-43,90625;70,15625;203,6875;-22,4375;-56,625;-55,90625;-75,46875;3,65625;-93,25;-89,96875;-149,46875;-142,75;-92,9375;-40,9375;-124,125;-81,8125;-300,1875;-133,96875;1,84375;-141,5625;-197,6875;-247;-50,34375;-169,34375;104,78125;-216,59375;-123,34375;10,625;-216,25;-96,78125;-184,75;-54,9375;-242,125;-21,40625;-184,5;-87;-187,46875;-300;-46,65625;32,40625;67,8125;-195,15625;-45,75;16,90625;-127,34375;-93,8125;64,65625;-41,125;-203,84375;44,09375;48,40625;-305,1875;48,96875;125,53125;105,84375;-25,96875;87,96875;-26,5;43,28125;-107,96875;-137,09375;211,46875;-20,28125;-252,15625;57,125;-55,5625;-171,15625;282,84375;-126,625;-4,9375;86,53125;79,8125;215,25;166,03125;126,4375;290,34375;107,375;80,78125;186,21875;218,46875;43,90625;32,3125;191,6875;119,4375;186,71875;123,53125;26,375;168,09375;2,4375;127,28125;182,8125;42,03125;132,9375;27,71875;166,71875;179,84375;302,75;397,40625;287,46875;402,65625;503,28125;403,8125;97,59375;310,4375;515,6875;448,71875;348,90625;373,4375;240,53125;228,59375;425,1875;303,25;224,9375;199,78125;280,78125;396,03125;94,84375;295,71875;124,90625;200,8125;370,75;-142,3125;292,15625;345,65625;632,25;232,9375;297;319,09375;135,1875;110,6875;226,78125;100,65625;207,65625;-2,71875;-23,46875;-22,5625;10,5;168,4375;327,46875;68,21875;278,0625;95,5625;75,25;139,375;-67,96875;55,90625;-97,28125;18,96875;-46,03125;-140,75;-199,03125;-221,03125;-172,0625;-31,90625;-111,96875;-102,6875;-216,09375;-87,875;-250,5;-150,4375;33,09375;-251,96875;-280,46875;-251,28125;-488,84375;-297,5625;-410,53125;-540,625;-57,6875;-263,84375;-205,84375;-138,625;-240,375;-268,625;-234,75;-460,1875;-238,53125;-365,78125;-239,4375;-348,125;-352,34375;-261,5625;-308,375;-286,03125;-419,9375;-190,625;-479,46875;-381,96875;-334,6875;-184,75;-229,75;-431,84375;-416,53125;-314,8125;-281,5625;-226,09375;-323,84375;-239,5;-155,90625;-378,71875;-127,78125;-258,6875;-61,09375;-279,90625;-140,4375;-150,03125;-39,75;-136,5;-242,0625;-78,375;-164,9375;-169,5625;-262,875;-220,90625;-13,9375;-276,90625;-146,4375;7,1875;65,3125;-88,96875;-44,75;-172,21875;21,21875;59,5625;78,8125;8,25;61,53125;-38,8125;-51,875;63,15625;224,09375;47,40625;45,5;-98,21875;61;-20,34375;-114,5625;-6,0625;82,90625;46,4375;-55,6875;113,1875;-43,53125;4,6875;-100,3125;83,59375;128,25;175,75;215,3125;10,375;9,0625;-42,625;51,78125;215,53125;197,4375;212,09375;81,46875;7,46875;27,9375;46,40625;-16,09375;51,53125;-63,5625;-47,96875;-4,84375;28,25;-58,96875;22,96875;112,59375;67,71875;10,59375;-140,75;-90,5625;15,9375;-110,25;13,75;-163,6875;-88,25;77,0625;29,125;68,21875;-42,0625;202,84375;174,375;-37,65625;214,0625;14,90625;32,84375;226,28125;-100,03125;-136,25;23,34375;-105,15625;47,84375;-96,53125;
-186,09375;40,84375;81,40625;-270,71875;33,46875;-133,875;48,1875;88,75;113,53125;116,09375;-53,9375;5,34375;26,8125;-174,96875;-189,59375;99,09375;-140,375;-105,5625;-1,15625;-87,34375;-77,46875;90,875;23,40625;-37,65625;13,75;57,25;-9,21875;68,78125;-55,34375;-54,90625;-84,25;57,8125;-51,1875;154,9375;85,90625;-68,78125;49,3125;-127,9375;12,96875;75,21875;-82,3125;-277,15625;-73,5;12,3125;-78,5;-27,84375;-56,0625;-151,125;-53,90625;-193,4375;-5,5625;153,78125;-259,65625;-170,21875;15,40625;-37,75;-364,375;-33,5625;-118,59375;-105,09375;-161,15625;-164,25;-136,28125;-165,53125;-74,34375;-82,8125;-176,21875;-13,78125;-37,25;-97,375;-64,15625;-109,625;-21,375;-135,1875;-153,1875;-67,03125;19,28125;-211,5;-124,03125;-80,8125;-83,5;81,5;39,21875;-67,46875;-189,875;-160,34375;-9,78125;-223,375;-18,96875;-166,375;-59,15625;-32,59375;102,65625;139;55,90625;-2,375;-12,5;214;222,75;172,65625;161,71875;34,625;159,15625;298,125;103,0625;22,21875;27,96875;141,90625;76,71875;169,5;-7,09375;185,8125;112,4375;105,03125;370,3125;153,40625;-39,59375;187,09375;321,75;218,59375;-33,28125;65,53125;132,25;287,6875;365,84375;408,78125;315,875;483,3125;391,3125;270,59375;371,46875;337,125;413,59375;281,21875;563,21875;443,96875;355,125;287,4375;285,21875;261,9375;372,4375;237,34375;207,78125;282,1875;386,34375;223,1875;295,03125;203,5;213,1875;295,3125;408,875;274,125;116,40625;424,0625;187,71875;297;267,3125;126,78125;30,75;7,53125;75,6875;65,25;-130,625;237,9375;136,625;195,0625;110,96875;208,90625;86,8125;-105,5;-138,9375;-40,9375;-164,5;-55,78125;-293,46875;-6,53125;-124,21875;-124,46875;-147,25;-136,03125;-63,3125;65;-19,65625;179,0625;16,0625;-241,71875;-68,59375;-347,75;-651,03125;-229,78125;4,125;-307,125;-357,65625;-278,4375;-95,0625;-491,125;-410,125;-321,78125;-385,53125;-287,21875;-248,8125;-152,0625;-139,71875;-368,5;-288;-297,6875;-198,53125;-200,8125;-174,4375;-273,125;-233,53125;-461,125;-231,25;-329,9375;-209,15625;-360,40625;-184,34375;-90,75;-305,4375;-213,125;-383,46875;-323,21875;-101,59375;-177,6875;-210,71875;-293,1875;-277,03125;-176,6875;43,9375;-336,28125;-266,125;-150,6875;-10,8125;-113,28125;-72,28125;-54,625;-17,25;-91,03125;131,75;-50,15625;-189,71875;-128,9375;146,78125;54,03125;60,96875;59,34375;156,625;-6,0625;86,4375;-112,125;15,0625;-55,3125;-2,375;82,40625;-131,96875;55,0625;-188,5625;107,25;-3,09375;89,0625;135,59375;129,28125;-99;140,5;88,28125;-63,8125;-47,53125;174,96875;-150,65625;104,375;85,125;43,21875;175,71875;56;14,125;-23;50,6875;119,03125;-77,28125;-78,125;-76,25;190,53125;-107;76,5;179,0625;197,53125;50,46875;74,90625;110,09375;-6,59375;-85,8125;-187,1875;99,875;-75,25;-140,15625;49,9375;23,5;144,90625;51,5;186,25;119,4375;140,1875;-58,71875;141,53125;-53;91,84375;60,59375;-53,21875;57,40625;136,59375;74;57,0625;78,75;10,84375;78,28125;190,84375;83,78125;66,875;59,40625;433,03125;
-323,4375;55,09375;-139,5;52,03125;-126,0625;-248,875;-142,65625;-172,15625;-110,15625;-144,46875;36,53125;-43,65625;38,3125;62,65625;-255,84375;55,34375;-58,4375;104,4375;-71,09375;-196,28125;-251,5;-52,9375;-44,15625;30,21875;-120;121,9375;-140,8125;58,0625;-78,5625;23,375;176,96875;-135,0625;-86,96875;-8,46875;-130,875;-216,53125;-148;-36,625;-435,28125;-182,09375;-166,875;-185,4375;-58,84375;14,125;-153,78125;0,1875;-183,5625;-123,9375;-127,375;-179,40625;-12,25;16,84375;-154,46875;-107,9375;-92,46875;-71,34375;-96,375;-96,46875;-154,78125;-197,375;15,21875;-84,625;-214,25;-102,9375;-180,15625;-168,03125;98,03125;-55,46875;-72,0625;-14,4375;-126,78125;-185,9375;-145,5625;-232,375;-9,0625;-152;-58,90625;-57,3125;-73,96875;-46,59375;-119,6875;98,21875;-165,84375;-152,28125;121,375;86,65625;-14,96875;-81,875;-137,65625;55,25;-246,90625;-149,5625;-34,03125;85,5;-87,3125;1,9375;-5,5;-269,09375;-82,46875;-28,65625;136,46875;129,6875;105,125;71,15625;-27,9375;92,71875;71,53125;28,625;233,125;89,1875;197,71875;29,03125;19,6875;167,84375;1,03125;-97,96875;121,375;-125,53125;42,90625;183,625;158,28125;146,65625;197,3125;277,40625;456,9375;335,21875;368,3125;437,71875;384,28125;314,25;372,6875;138,78125;257,84375;373,65625;196,21875;364,53125;175,5;271,84375;93,40625;355,40625;68,59375;311,1875;168,5;141,375;406,03125;216,625;-43,875;101,0625;293,8125;387,5;434,0625;354,5625;316;299,59375;200,4375;325,96875;14,3125;-48;-5,625;-163,1875;178;93,71875;69,09375;140,09375;279,15625;11,8125;253,5625;201,09375;-34,25;-188,84375;-36,6875;-29,40625;-79,0625;-198,125;-443,46875;-130,28125;-196,375;-149,6875;-279,5;-228,59375;-436,125;-103,65625;-311,125;-199,4375;-223,40625;-194,125;-427,71875;-463,09375;-229,71875;-207,8125;-255,3125;-154,0625;-181,09375;-406,4375;-192,4375;-462,125;-647,3125;-317,71875;-390,5;-164;-251,90625;-357,125;-377,375;-302;-211,84375;-345,8125;-472,90625;-336,28125;-368,375;-278,25;-386,1875;-330,09375;-208,78125;-271,1875;-414,21875;-88,625;-286,0625;-237,59375;-157,65625;-236,375;-445,09375;-263,375;-356,4375;-324,34375;-237,1875;-84,875;-148,71875;-250;-189,59375;-243,625;-143,21875;-106,9375;-304,1875;-24,46875;-196,21875;-123,40625;-14,28125;59,59375;37,5;-54,75;-247,65625;-62,34375;-226,90625;-42,75;-35,09375;5,53125;115,1875;133,46875;-9,03125;15,4375;-2,28125;124,71875;-82;-150,4375;-158,28125;-51,90625;235,5;-50,375;-10,46875;104,78125;-172,875;39,5;-119,6875;-81,15625;-11,75;-51;-119,71875;-142,875;-48,6875;5,84375;-92,21875;-117,375;-116,4375;107,84375;-25,3125;-83,625;61,8125;-228,6875;248,625;-117,375;-305,5;-318,96875;168,125;-81,59375;-341,40625;-231,53125;90,71875;78,21875;-62,84375;-169,96875;-188,09375;87,15625;-188,21875;-124,28125;16,3125;-112,1875;-53,03125;-191,59375;-177,25;-156,90625;-146,53125;-5,3125;-79,875;5,6875;108,125;-118,5625;-115,5;-187,96875;-5,28125;50,03125;-52,90625;-27,15625;-122,3125;-96,90625;-86,375;-19,5;149,9375;-9,59375;-19,0625;134,6875;
46,625;62,6875;97,78125;35,625;141,875;-43;109,96875;78,90625;-159,0625;61,5;126,15625;-26,78125;-71,90625;77,4375;133,75;-105,65625;129,3125;216,5;116,28125;50,90625;104,6875;-88,6875;308,9375;140,46875;39,09375;-33,71875;95,3125;-16,6875;81,28125;109,8125;51,40625;166,1875;59,625;-4,25;157,15625;230,34375;56,65625;141,3125;167,15625;290,875;28,4375;21,75;-46,875;-21,46875;41,625;99,875;123,71875;-24,46875;-31,15625;33,65625;102,71875;17,15625;-170,15625;-178,8125;58,96875;-183,875;-38,53125;-26,65625;-4,59375;-20,625;46,0625;-202,03125;-153,28125;-28,09375;-34,53125;-35,1875;20,75;103,625;-109,0625;-2,75;61,4375;-12,46875;-11,21875;-20,59375;105,28125;-103,5625;143,65625;-21,40625;-179,15625;0,0625;319,8125;108,53125;104,09375;-178,25;30;147,40625;374,71875;-231,875;276,3125;125,46875;143,4375;159,53125;62,28125;31,28125;191,75;217,96875;-37,0625;96,8125;163,75;38,65625;125,15625;146,90625;45,28125;167,5625;164,5;279,34375;93;94,90625;286,21875;80,5;68,5625;271,25;282,4375;230,28125;208,09375;16,25;339,28125;389,25;83;366,65625;285;242,84375;469,78125;290,46875;414,78125;432,6875;584,125;362,125;561,96875;467,5;534,65625;168,9375;184,46875;214,875;480,96875;125,09375;251,40625;464,84375;421,6875;314,90625;372,4375;184,28125;447,75;238,9375;293,84375;287,46875;484,8125;155,65625;313,9375;381,71875;512,09375;536,5625;504,125;355;473,65625;271,59375;75,4375;336,03125;190,28125;128,9375;33,53125;-60,4375;175,4375;293,65625;293,84375;236,0625;187,34375;165,78125;70,875;-4,03125;97,75;130,8125;70,40625;-128,6875;86;134,625;-53,28125;-69,5625;116,46875;150;-65,84375;-156,6875;-62,71875;72,09375;-105,46875;41,625;11,59375;-222,125;-168,53125;81,34375;-109,5;-222,34375;-236,46875;66,3125;-65,5;-144,84375;-256,625;-114,1875;-179,53125;-9,71875;-240,53125;14,84375;-474,71875;-256,625;-243,34375;48,34375;-365,9375;-189,21875;-288,375;-360,46875;-247,8125;-124,09375;-162,40625;-227,59375;-147,21875;-96,625;-205,59375;-120,09375;-62,65625;-186,84375;-417,96875;-114,90625;-80,6875;-168,09375;-55,75;-37,875;-159,71875;-16,59375;48,8125;-127,0625;-3,09375;-71,125;232,59375;24;6,75;-17,5625;26,1875;207,78125;32;88,78125;1,65625;179,375;34,96875;46,9375;152,25;151,1875;222,6875;139,46875;171,4375;346,125;153,625;227,09375;147,09375;485,59375;32,625;245,46875;93,78125;260,875;185,625;175,6875;6,53125;216,84375;-12,6875;195,46875;47,4375;29;118,6875;-83,8125;-13,78125;157,78125;221,0625;-52,5625;12,1875;112,8125;14,125;40,125;93,8125;20,90625;33,59375;-9,8125;172,84375;318,75;162,875;171,28125;257,96875;125,71875;234,21875;132,5625;107,34375;-132,0625;23,6875;70,5625;230,5;102,4375;5,59375;-148,5;-118,53125;139,03125;10,5;48,46875;150,03125;79,53125;41,625;-2,96875;194,46875;216,75;113,3125;275,65625;132,03125;288,1875;69,875;114,9375;92,375;75,125;-96,1875;124,25;268,9375;251,34375;116,9375;-63,90625;
-314,3125;-234,1875;-263,96875;-56,4375;24,03125;-24,9375;-212,375;-16,71875;-128,15625;-293;-220,5;-191,625;-162,5;-13,46875;-202,59375;-13,09375;-62,1875;-65,375;-95,5625;-223,125;7,78125;20,34375;-247,28125;-115,65625;-12,0625;-272,65625;2,34375;-305;-82,90625;-69,375;-84,75;-173,75;-357,96875;-212,9375;-129,9375;-81,21875;6,46875;-204,65625;-100,5;-123,59375;-220,25;-140,84375;-121,4375;-125,0625;-267,15625;-250;-115,3125;-437,34375;-138,53125;-429,03125;-324,375;-297,15625;-150,09375;-172,46875;-232,65625;-358,21875;-224,46875;-319,4375;-161,625;-179,5;-289,78125;-206,09375;-230,09375;-628,375;-286;-233,3125;-326,75;30,375;-306,75;-194,375;-199,625;-188,71875;-61,78125;-258,5;-24,71875;-47,59375;-141;62,28125;-81,90625;-171,65625;-255,03125;-85,09375;-241,1875;-291,9375;-7,15625;-41,46875;-208,4375;-146,78125;41,375;-149,78125;96,46875;-214,90625;-267,53125;-136;-29,40625;-178,9375;-119,03125;209,875;-165,78125;138,84375;-164,71875;-46,03125;177,78125;28,28125;73,875;-180,5;-229,875;-138,8125;-165,8125;-106;47,21875;20,5;-115,625;10,3125;-199,15625;-74,5;-50,09375;-20,71875;-17,15625;-125,5625;143,59375;-44,75;219,96875;173,28125;77,1875;182,90625;311,25;171,3125;220,6875;238;204,09375;149,15625;224,90625;248,0625;79,6875;194,78125;225,59375;21,96875;39,15625;173,09375;342,34375;189,8125;122,53125;213,03125;171,28125;303,25;267,21875;99,5625;202;-25,25;78,84375;132,8125;260,84375;171,9375;113,15625;19,6875;-75,40625;55,96875;124,5625;-86,28125;-113,1875;43,53125;44,53125;179,0625;208,6875;39,875;7,09375;195,84375;-121,25;-78,46875;-227,25;-203,28125;-242,9375;-225,1875;-255,28125;-163,71875;84,75;-202,5;-270,28125;-377,34375;-245,65625;-377,03125;-227,65625;-289,40625;-163,6875;-258,03125;-260,6875;-298,4375;-485,5625;-455,71875;-321,875;-367,125;-224,46875;-269,9375;-274,78125;-288,5;-467,28125;-203,125;-384,90625;-423,78125;-175,09375;-469,1875;-485,65625;-283,375;-492,625;-433,125;-340,28125;-361,6875;-372,59375;-387,8125;-587,46875;-358,25;-119,84375;-455,71875;-403;-358,21875;-376,4375;-395,8125;-310,75;-298,34375;-673,625;-306,59375;-215,53125;-267,4375;-256,125;-18,5;-311,5;-241,53125;-234,5625;-507,59375;-259,59375;-291,96875;-100,53125;-82,40625;-157,34375;12,9375;-262,40625;-196,375;-70,8125;-125,625;-133,71875;-67,75;-39,09375;-114,375;-68,90625;-179,40625;-236,6875;-19,34375;115,875;49,375;-237,65625;19,125;-80,375;51,84375;-22,5625;100,03125;-186,84375;-80,625;-68,28125;-24,875;-114,375;-178,09375;60,75;-3,75;-190,25;-32,46875;-131,65625;37,21875;-63,3125;-81,46875;-115,1875;-25,84375;-71,28125;-48,40625;-157,8125;-80,5625;-149,28125;-170,5;-87;-49,28125;-133,03125;-13,4375;-214,625;-21,15625;12,59375;-62;-438,03125;-141;-197,46875;-96,21875;-116,53125;-320,3125;-183,0625;-44,96875;17,59375;-237,0625;-202;-93,46875;49,625;-108;-174,25;-310,375;67,53125;-144,15625;-102,8125;48,375;-118,40625;-71,40625;-159,21875;-176,6875;-70,0625;98,5625;-92,3125;-182,53125;-143,71875;-120,3125;39,4375;-199,84375;-108,71875;-149,71875;
-82,46875;-19,28125;-139,34375;-144,34375;-23,34375;113,71875;42,75;-33,46875;-45;-56,5;141,125;120,71875;-226,65625;-209,65625;5,28125;151,21875;-67,5;-116,9375;194,1875;51,625;-14,03125;23,375;9,5;148,6875;52,53125;171,65625;172,6875;-30,28125;91,21875;-64,875;32,6875;55,0625;17,1875;299,78125;73,03125;-55,0625;-134,4375;3,96875;-24,90625;-0,3125;-53,34375;47,40625;-42,96875;126,40625;69,09375;16,46875;-59,21875;-106,90625;-22,3125;-176,28125;-238,1875;-139,875;3,75;-152,4375;-116,65625;133,5;-55,59375;-266,75;14,40625;-96,0625;-230,84375;91,59375;-14,0625;158,21875;-123,59375;-164,84375;-9,15625;28,3125;-37,40625;-252,09375;-27,34375;223,40625;-66,1875;-100,09375;18,78125;-120,65625;-134,15625;-63,625;122,21875;68,53125;1,15625;44,15625;-32,625;-32,71875;-44,84375;-201,28125;-61,4375;206,46875;37,59375;70;94,65625;-155,4375;71,90625;223,4375;-41,625;-69,15625;-22,90625;5,25;7,90625;14,09375;39,46875;212,0625;98,6875;356,375;43,46875;74,71875;72,46875;156,59375;-27,46875;392,34375;217,15625;99,75;172,9375;-4,03125;160,28125;29,375;153,84375;217,0625;175,34375;131,9375;240,5625;-5,59375;49,96875;267,875;464,15625;426,875;523,75;278,875;275,28125;382,46875;365,40625;274,9375;372,25;518,375;237,3125;191,09375;415,1875;327,1875;441,40625;450,875;127,28125;462;339,59375;366,625;234,125;263,9375;304,21875;300,71875;527,65625;538;304,375;554,40625;485,625;75,78125;244,53125;173,625;220,71875;221,65625;124,75;41,09375;100,09375;45,71875;256,6875;218,28125;300,96875;297,8125;164,28125;218,21875;-166,03125;149,75;-6,0625;-23,03125;70,375;-257,1875;-84;-44,71875;-229,875;-152,25;51,03125;-153,25;-31,46875;-7,46875;20,9375;-2,46875;-144,3125;94,59375;-83,9375;-390,09375;-158,34375;-203,8125;-202,8125;-210,625;-241,84375;-259,375;-81,75;-277,625;-382,5625;-223,875;-222,8125;-370,9375;-283,90625;-467,875;-235,4375;-260,375;-55,90625;-247,71875;-320,875;-251,09375;-263,3125;-317,59375;-392,25;-377,59375;-182,25;-333,21875;-118,46875;-157,34375;-214,625;-104,5625;-415,9375;-192,9375;-244,5;-403,65625;-240,75;-68,21875;-142,71875;-257,75;-80,5;22,5;-216,3125;-96,96875;129,375;152,28125;58,53125;-27,1875;118,9375;-33,4375;41,0625;-55,625;18,8125;100,96875;117,75;-25,9375;39,5;74,90625;71;0,1875;3,25;-166,40625;168,25;92,875;148,625;220,75;139,65625;63,125;140,71875;85,75;129,28125;95,5;-14,46875;48,84375;-64,21875;11,96875;163,59375;198,84375;126,125;-0,71875;-77,78125;39,65625;193,59375;170,625;166,09375;-188,5625;-26,78125;-28,5;-10,375;64,9375;52,1875;-61,28125;-174,25;-129,40625;-132,59375;-99,28125;31,3125;-146,125;120,96875;-132;-30,46875;-18,59375;-93,40625;56,5625;88,875;-4,625;10,625;-28,125;-97,03125;-299,9375;-408,6875;40,40625;15,1875;-40,3125;215,15625;139,625;-44,96875;-205,46875;77,21875;-188,25;185,40625;121;123,1875;13,15625;-19,4375;27,6875;192,8125;168,78125;131,78125;6,125;-59,15625;41,28125;73,8125;154,96875;
-167,5625;-314,8125;-97,28125;57,40625;-163,5625;-39,1875;-95,15625;-80,4375;2,90625;-17,34375;117,53125;-314,28125;13,46875;-4,15625;-121,3125;-34,8125;59,3125;35;-143,6875;-192,125;-46,46875;69,5;-10,59375;-228,34375;-71,84375;40,78125;-205,59375;-148,65625;-181,1875;103,3125;-92,09375;-13,8125;-142,46875;-125,71875;-101,75;-335;-158,03125;-80,0625;-126,625;21,59375;-160,78125;-193,34375;-253,5625;-95,8125;-402,84375;-30;33,6875;8,40625;-162,5625;-332;-100,6875;-192,90625;-153,3125;-266,375;-56,40625;-208,90625;-215,03125;-204,96875;105,28125;-258,84375;-227,5;-318,34375;-209,15625;-175,84375;-342,125;-134,78125;-226,9375;-161,84375;-328,46875;-178,53125;-95,5625;-130,75;-119,53125;-191,1875;-145,46875;-293,46875;-97,78125;-220,5625;-138,6875;-71,84375;-308,15625;-134,46875;-129,75;80,78125;-398,46875;-132,84375;-129,6875;-6,25;-386,28125;-132,125;-248,71875;-66,71875;-27,75;-82,15625;-140,625;58,90625;-13,9375;-133,5;4,28125;41,65625;-4,0625;101,375;14,34375;-39,59375;-62,65625;67,4375;-56,90625;36,21875;320,34375;240,0625;137,9375;112,75;-255,03125;146,28125;-85,875;87,875;55,9375;107,40625;47,6875;146,09375;187,5625;217,09375;203,1875;286,375;353,8125;256,53125;280,21875;138,625;429,5;386,125;133,40625;182,25;228,9375;76,375;121,375;173,125;208,65625;121,65625;176,78125;79,625;289,1875;161,375;338,15625;213,65625;229,9375;13,84375;256,8125;185,1875;161,28125;201,875;137,625;221,34375;417,84375;147,125;85,40625;68,5;-127,3125;10,8125;142,3125;33,03125;132,03125;46,375;116,21875;-131,65625;293,90625;75,53125;-61,4375;209,375;-77,6875;-49,53125;-4,8125;-176,5625;-47,84375;-218,15625;-120,09375;-150,84375;-186,34375;-122,40625;-202,40625;-351,34375;-49,53125;-32,6875;-99,28125;-377,21875;-114,5;-378,09375;-203,3125;-263,65625;-504,1875;-286,9375;-273,75;-294,875;-276,40625;-451,0625;-507,5625;-383,65625;-278,125;-506,1875;-315,3125;-369,21875;-124,0625;-478,84375;-594,125;-334,21875;-411,0625;-259,59375;-463,875;-294,875;-362,25;-254,8125;-348,59375;-123,65625;-413,5;-150,375;-174,5625;-196,21875;-521;-194,28125;-265,625;-335,96875;-287,34375;-255,90625;-82,125;-383,28125;-120,625;-437,21875;-241,40625;-245,9375;-162,3125;-250,1875;-198,625;-225,1875;-17;62,375;-35,09375;49,5;-10,40625;277,09375;-225,625;86,09375;-17,15625;-99,40625;75,09375;-102,0625;-32,125;-5,375;84,96875;-65;-13,78125;-52,28125;140,75;159,28125;-37;70,9375;166,9375;-76,46875;-8,375;177,96875;-89,40625;-7,40625;-39,46875;-16,25;8,21875;20,40625;225,875;-133,34375;-37,5;41,65625;-65,375;-117,90625;-56,875;31,03125;-12,71875;78,4375;40,25;217,25;-14,65625;-237,09375;-27,46875;-8,3125;-102,1875;-31,9375;-27,5625;142,8125;-29,25;32,40625;-132,21875;-190,34375;-196,875;30,71875;-189,25;-278,46875;-20,90625;12,25;-198,625;-244,625;-18,28125;-51,21875;-4,5;85,25;-250,5;-202,53125;-294;-252,625;-45,0625;-176,375;6;-233,65625;-169,8125;37,78125;6,21875;-226,71875;-27,21875;161,34375;-296,15625;53,75;83,03125;-130,46875;24,125;-130,3125;
38,65625;-138,8125;-189,71875;98,40625;-66,8125;28,09375;-99,0625;-67,28125;-192,90625;-43,9375;-50,5;34,4375;-353,0625;47,1875;50,84375;224,4375;-184,375;254,40625;68,4375;24,5;93,5625;-41,375;-386,4375;-132,375;17,53125;56,9375;-29;38,3125;-47,34375;-134;128,3125;-259,59375;53,46875;-120,5625;-192,78125;-203,21875;-30,875;-219,4375;28,09375;-238,28125;-42,8125;-193,3125;-174,375;-26,625;-150,125;-141,46875;-87,84375;-105,875;32,3125;-21,4375;-118,9375;-86,09375;-151;-125,03125;-52,125;-163,59375;-8,09375;-0,40625;-149,53125;-254,84375;-175,09375;-46,34375;-246,53125;-258,78125;-315,5625;-217,21875;-302,1875;-328,09375;-217,96875;-171,28125;-224,1875;-131,1875;-125,125;-67,6875;-118,65625;-89,78125;-225,03125;-199,03125;-189,875;-70,34375;-378,5625;-363,90625;116,46875;-86,875;-135,625;-246,625;-136,0625;-75,28125;-215,09375;16,4375;-125,6875;-109,96875;-134,875;-146,0625;-183,65625;19,96875;-115,9375;-15,96875;-37,21875;-60,6875;-30;-46,71875;150,21875;-237,09375;-110,0625;-74,40625;-207,03125;-141,75;-76,84375;34,78125;48,09375;-91,59375;24,15625;137,21875;-47,46875;112,03125;35,40625;44,78125;26,34375;-44,96875;105,9375;193,53125;180,1875;395,09375;212,4375;280,875;424,96875;245,15625;180,6875;183,28125;24,0625;157,6875;319,03125;201,8125;62,3125;307,84375;333,5625;354,3125;153,125;225,65625;331,6875;79,40625;218,34375;303,4375;86,59375;309,21875;71,96875;334,8125;189,15625;29,09375;207,09375;137,84375;87,25;-25,96875;190,09375;51,28125;84,21875;40,5625;183,28125;225,25;237,625;30,53125;141,4375;119,25;-35,5;-97,28125;173;-238,59375;67,125;32,6875;59,03125;-118,46875;-106,0625;-246,125;-235,28125;-163,21875;-106,15625;-92,40625;-87,65625;-61,03125;-62,71875;-30,625;-38;-73,71875;-174,5625;-204,65625;-113,40625;-530,9375;-414,3125;-406,5625;-281,15625;-261,875;-353,5625;-142,75;-567,53125;-435,5;-232,625;-194,84375;-217,46875;-337,5625;-236,59375;-263,40625;-289,84375;-265,40625;-285,6875;-346,84375;-308,28125;-440,5;-461,59375;-497,28125;-335,71875;-386,0625;-372,4375;-392,28125;-309,25;-284,03125;-81,1875;-390,71875;-319,0625;-195,8125;-102,1875;-119;-265;-315,90625;-235,65625;-455,34375;-236,25;-323,5625;-262,125;-275,40625;3,34375;-24,78125;-233,40625;14,4375;22,625;-19,15625;-293,5625;-127,59375;-223,9375;-286,46875;-219,9375;7,8125;-139,03125;43,8125;47,53125;-212,25;43,5625;-348,84375;145,96875;-91,1875;16,125;-166,90625;-12,0625;-120,71875;-181,09375;104,84375;-53,28125;-4,84375;162,28125;94,40625;62,9375;57,5625;-2,15625;-177,625;182,5625;131,0625;139,9375;103,25;-125,5625;-19,53125;81,5625;10,59375;90,78125;-34,9375;121,34375;-218,1875;125,15625;-42,9375;-38,0625;-134,90625;-45,25;3,5;-42,28125;-180,4375;-187,96875;12,34375;-140,15625;-221,1875;-266,0625;31,0625;-73,5625;-274,5625;-66,0625;-136,78125;-62,34375;-11,34375;15,96875;-285,875;-343,3125;14,15625;91,21875;60,34375;-139,75;-192,3125;-176,65625;-197,46875;-33,625;122,65625;-10,5625;-52,0625;89,34375;-24,4375;-17,0625;93,625;183,46875;-68,21875;148,25;-16,4375;-69,875;-101,53125;
2,78125;6,09375;-169,78125;-12,25;-60,0625;7,375;100,1875;-282,84375;45,125;-137,53125;-94,9375;16,59375;-259,3125;19,65625;-190,90625;48,625;10,21875;-54,75;143,625;-28,71875;21,125;106,59375;47,96875;68,8125;-67,4375;-12,625;147,90625;-136,03125;-31,90625;161,9375;109,3125;-186,84375;39,125;21,34375;-22,53125;8,71875;-92,25;118,4375;69,59375;1,21875;-101,46875;-117,6875;-114;-118,1875;63,3125;64,0625;-67,78125;-341,625;-127,375;-98,125;-18,28125;-216,625;110,9375;-143,6875;7,40625;-160,6875;-82,53125;-146,40625;-249,625;-181,8125;-63,34375;-1,5;1,03125;-100,90625;-99,78125;-47,75;-145,5625;-151,71875;-72,1875;-113,21875;-249,71875;-86,78125;-227,125;-311,65625;-261,03125;-232,90625;-90,0625;-298,21875;33,90625;22,4375;-151,03125;-97,78125;-210;-173,59375;-92,3125;-240,71875;-130,625;-199,03125;-100,875;19,875;-264,78125;-25;32,03125;11,90625;-153,8125;-152,84375;-120,0625;-150,125;55,84375;70,21875;17,75;-69,875;-1,34375;-98,46875;-21;-130,65625;-66,96875;-151,71875;-47,75;112,53125;75,03125;-179,34375;-111,9375;-153,34375;-117,75;53,78125;-20,40625;-218,09375;-204,4375;-130,40625;-137,21875;-81,65625;184,3125;136,0625;119,34375;234,125;258,71875;299,25;414,3125;69,96875;268,09375;206,28125;41,875;62,5;187,46875;29,125;-173,125;100,6875;206,84375;189,1875;100,03125;197,4375;224,75;192,59375;66,3125;112,25;-18,96875;-38,3125;239,65625;196,3125;248,5;407,34375;173,8125;4,15625;266,8125;157,5;70,84375;-71,59375;-84,5625;84,90625;-144,15625;223,96875;141,09375;203,875;-216,21875;144,71875;147,53125;-102,75;143,59375;73,40625;-78,96875;58;-276,1875;-194,3125;-210,46875;-259,375;-227,09375;-244,65625;-61,25;-29,6875;-263,9375;-272,90625;-114,3125;-203,71875;-98,78125;-217,25;-257,65625;-244,75;-225,0625;-293,71875;-120,125;-351,875;-299,8125;-126,5;-255,5;-407,15625;-447,09375;-457,59375;-382,78125;-105,03125;-378,46875;-135,71875;-306,34375;-200,34375;-120,6875;-339,6875;-149,625;-463,71875;-382,34375;-263,59375;-252,4375;-216,84375;-103,375;-261,125;-280,59375;-221,3125;-104,5;-259,09375;-393,375;-156,4375;-307;-272,3125;-146,9375;-266,9375;-279,25;-225,15625;-279,1875;-260,65625;-42,5;-71;-83,625;14;-202,40625;-168,40625;-100,96875;-64,09375;-24,21875;-35,40625;-185,46875;-154,8125;-84,8125;165,0625;-134,875;6,71875;141,71875;-125,4375;-96,84375;-77,25;-36,0625;-169,5625;-88;66,78125;124,0625;-2,75;164,0625;1,90625;-27,8125;-27,25;102,65625;8,5;70,125;-24,5;47,15625;-151,78125;-298,6875;-53,46875;-4,28125;-89,5625;-8,46875;22,84375;-2,6875;-100,6875;-104,4375;-184,1875;180,5;-35,28125;-58,96875;-257,15625;-32,25;51,71875;-24,78125;-11;-318,15625;-127,21875;-56,1875;-23,8125;176,625;-16,6875;-30,15625;-182,96875;-209,6875;-357,75;88,5625;-95,5;-147,8125;-12,875;-0,1875;-183,78125;-107,78125;-180,0625;-76,03125;-140,9375;-58,59375;-86,46875;-150,5;-117,34375;39,71875;-4,96875;70,0625;-111,46875;84,5625;-46,8125;-96,46875;-66,5;91,625;-108,03125;-159,4375;128,78125;-199,28125;-27,25;
-108,1875;-141,21875;4,40625;63,84375;-134,875;-63,875;-47,0625;139,28125;119,40625;-73,21875;-4,5;212,28125;-30,25;71,09375;64,875;4,25;131,09375;-85,40625;-105,03125;59,40625;72,375;138,4375;14,28125;39,78125;-124,59375;-79,40625;21,4375;-89,78125;52,53125;-60,90625;57,28125;51,03125;-83,0625;73,6875;-68,25;61,03125;98,875;-71;59,25;-83,1875;-312;120,875;24,96875;-310,78125;-103,53125;-102,84375;66,96875;-28;-92,28125;-5,09375;-178,15625;-207,03125;127,40625;-126,3125;-249,28125;63,28125;-94,78125;-158,78125;-163,34375;35,90625;-151,1875;-314,25;-53,53125;1,40625;-190,03125;-227,0625;-66,25;-306,25;-242,1875;-144,25;-214,5;-22,78125;-198,5;-241,15625;-203,6875;63,6875;-201,59375;-111,5625;-9,71875;-31,6875;-82,4375;33,65625;-25,4375;-111,71875;-50,28125;-64,53125;-215,5625;-228,15625;39,25;-31,8125;-218,59375;27,8125;99,6875;-253,375;-185,84375;11;-149,59375;56,40625;63,5;83,6875;71,15625;46,5625;120,03125;-245,5625;-90;-6,0625;-89,6875;-0,78125;-65,9375;200,5;-75,1875;-195,375;47,28125;10,34375;72,59375;-71,4375;-116,53125;137,03125;-111,15625;34,1875;151,46875;61,25;52,625;74,0625;153,875;249,59375;345,28125;158,5625;278,65625;216,15625;423,28125;41,0625;105,9375;238,28125;-25,25;249,5;256,53125;125,875;326,90625;280,875;300,40625;142,78125;174,46875;290,84375;407,625;51,5625;111,34375;-44,40625;219,78125;186,5625;324,5;136,9375;201,34375;268,65625;-2,8125;153,3125;-37,5625;-87,375;128,5;87,1875;112,9375;29,625;216,28125;-43;76,90625;262,65625;277,59375;279,375;64,46875;-74,6875;-87,09375;-175,5;-89,75;-210,5;-126,15625;-105,625;-8,1875;-179,40625;-87,40625;-111,28125;-48,03125;-1,125;-200,3125;-152,28125;-50,53125;-154,09375;-235,40625;-313,65625;-162,875;-266,03125;-187,125;-169,6875;-188,53125;-307,875;-331,25;-351,25;-250,03125;-247,5625;-156,15625;-436,96875;-261,46875;-322,59375;-254,78125;-506,40625;-340,03125;-223,5;-273,625;-389,625;-227,125;-364,4375;-186,96875;-375,1875;6,28125;-213,84375;-336,5;-270,96875;-220,875;-124,5625;-89,78125;-66,65625;-105,875;-296,84375;-326,40625;-98,40625;-121,9375;-46,25;-351,6875;-188,15625;-149,03125;-107,875;-153,65625;-62,53125;-259,6875;-168,28125;67,8125;74,0625;-85,65625;65,53125;-66,84375;-142,4375;-185,9375;8,375;243,34375;167,84375;32,25;3,09375;-45,6875;79,40625;-4,53125;354,8125;119;24,9375;-23,9375;61,3125;7,0625;21,25;-48,53125;3,65625;27,0625;-16,71875;137,90625;188,4375;81;148;-5,0625;166,625;-58,1875;107,15625;-17,5625;61,625;87,6875;147,4375;245,59375;-136,34375;91,09375;-99,65625;-103,40625;147,34375;-161,71875;-217,125;34,28125;16,5;14,53125;-64,46875;-35,8125;0,8125;78,75;140,34375;-1,125;-228,9375;-29,75;75,15625;-98,96875;-166,8125;129,875;10,84375;149,28125;119,28125;203,25;-89,59375;9,03125;16,0625;246,84375;-57,09375;86,71875;57,90625;-30,15625;35,78125;-143,1875;60,03125;175,59375;98,84375;63,5625;-14,09375;-92,625;281,75;-8,53125;-14,5;45,4375;136,5;
19,125;48,125;-103,21875;-132,3125;-270,34375;-8,375;119,40625;-131,78125;-23,6875;-59,375;-139,59375;81,375;-45,15625;145,5625;31,375;-15,3125;189,84375;59,625;46,25;131,15625;-108,5;25,375;111,125;-121,4375;-143,75;-21,03125;-19,28125;107,625;160,96875;75,96875;-174,84375;-38,09375;-3,09375;-49,40625;-95,34375;12,90625;-32,3125;-120,25;-6,125;-59,21875;43,25;-78,1875;-155,65625;-73,15625;-4,34375;-85,71875;-47,5;-243,71875;-79,65625;-153,9375;12,03125;-85,84375;-59,25;-86,75;-119,46875;33,0625;-344,875;-141,78125;-104,625;-135,1875;61,3125;-192,15625;-104,65625;-168,3125;-49,1875;-179,0625;-4,15625;-201,71875;-164,625;-197,5625;-106,65625;-125,53125;-3,84375;-160;-110,5625;-216,53125;-367,15625;-148,78125;-310,53125;-330,78125;-189,0625;-56,3125;-68,34375;-195,53125;-370,65625;-104,15625;-85,28125;-152,28125;-113,21875;-55,125;-329,21875;17,09375;-258,90625;-145,3125;-149,625;83,8125;-31,4375;-82,75;-146,09375;-359,84375;118,46875;74,40625;113,34375;-20,4375;-52,1875;3,5;-72,34375;-38,15625;128,15625;33,875;-157,21875;72,15625;91,40625;-153,5625;-153,90625;90,71875;-4,1875;-60,28125;-0,09375;117,1875;84;19,65625;180,125;374,71875;207,53125;201;81,34375;93,875;253,625;232,34375;483,96875;-2,15625;91,5;-0,3125;94,9375;-105,40625;189,3125;167,40625;53,34375;201,84375;102,3125;102,46875;141;87,5;62,125;303,90625;436,71875;93,3125;63,0625;189,15625;33,28125;169,5;109,5625;31;-32,1875;155,4375;43,625;128,5625;105,09375;-132,84375;-27,25;81,3125;-29,4375;229,5;188,46875;38,46875;182,75;-59,6875;39,75;-90,75;59,875;79,75;99,3125;-229,40625;45,65625;-35,15625;-10,1875;-233,0625;-71,53125;-16,125;-166,46875;-101,125;-84,5;-72,5625;-185,78125;-264,21875;-257,8125;-289,3125;-295,6875;-307,75;-160,5;-198,4375;-280,40625;-345,96875;-540,4375;-261,46875;-350,28125;-346,625;-171,09375;-267,40625;-154,5;-300,78125;-263,28125;-563,3125;-425,46875;-279,0625;-255,1875;-172,8125;-254,75;-373,09375;-396,53125;-446,15625;-364,09375;-342,3125;-283,3125;-251,09375;-360,15625;-328,96875;-523,15625;-135,40625;61,0625;-131,1875;-60,3125;-411,59375;-107;-174,125;-152,8125;-182,21875;-329,125;-103,03125;-126,3125;-139,25;-161,28125;7,78125;-201,78125;-200,53125;83,96875;-145,65625;-35,6875;-42,125;36,375;-27,59375;-103,875;60,375;-98,84375;86,75;112,28125;62,28125;15,6875;113,46875;109,5;223,09375;14,75;80,4375;7,0625;42,6875;-113,75;152,5625;-65,3125;-57,03125;242,125;167,0625;152,25;-50,75;185,25;215,75;200,46875;93,9375;-115,6875;115,59375;115,71875;31,34375;-30,3125;-124,84375;54,28125;-66,34375;19,96875;-116,53125;-83;-152,125;-120,40625;-277,46875;31,40625;128,125;-141,4375;-163,5;-32,96875;91,46875;-98,78125;64,3125;119;-44,125;-13,3125;-218,21875;-37,5;-134,53125;-90,71875;141,1875;-36,65625;2,875;-118,03125;178,625;133,25;102,75;-210,875;29,4375;-45,125;154,71875;-161,21875;139,0625;75,8125;45,03125;24,84375;135,71875;151,375;118,3125;-49,15625;143,6875;-88,40625;-72,28125;
-65,875;123,0625;-1,375;-134,4375;55,625;-21,875;-57,9375;77,28125;15,875;66,71875;121,5;-36,53125;-166,90625;-114,46875;-199,71875;-35,34375;-144,1875;-159,125;-123,53125;40,96875;-26,875;-90,65625;-60,03125;-82,09375;93,0625;70,375;16,375;75,84375;46,75;-102,09375;-303,46875;37,65625;83,5625;-79,59375;24,1875;-9,1875;77,34375;-103,78125;-42,71875;-139,0625;-12,15625;-123,125;-43,5625;47,625;-27,28125;80,71875;-87,25;-100,8125;-66,15625;-217,28125;-18,46875;173,6875;-50,625;-64,0625;38,65625;130,125;-166;-257;-111,40625;-82,0625;-24,53125;-354,3125;-250,03125;-151,6875;-119,71875;66,4375;-18,3125;15,34375;-221,09375;-201,875;-69,28125;-278,59375;-83,15625;-63,75;-287,34375;-96,53125;-110,90625;-131,34375;-253,71875;8,5625;-85,53125;-314,1875;120,15625;-137,9375;-66;-191,75;-121,15625;-46,65625;-82,96875;-146,03125;-54,5625;-146,84375;-144,34375;-92,09375;-0,53125;-192,5625;-152,1875;-103,4375;-146,65625;-55,09375;90,375;-194,90625;67,21875;-156,15625;-174,5;-120,21875;-57,78125;-49,53125;-29,9375;-125,9375;36,5625;-77,53125;-151,6875;-200,0625;34,34375;113,21875;161,75;79,03125;58,4375;-234,28125;-131,53125;18,53125;55,84375;130,78125;80,28125;334,53125;372,875;213,28125;245,1875;202,34375;-86,65625;101,6875;216,3125;-2,9375;215,34375;193,28125;193,84375;34,875;128,78125;43,28125;210,03125;494,8125;205,34375;181,6875;102,71875;79,8125;52,78125;-20,40625;129,75;88,09375;213,8125;243,09375;269,46875;81,75;87;199,09375;56,96875;34,375;4,34375;132,40625;140,625;181,1875;211,28125;68,28125;142,9375;-18,5625;179,4375;-14,375;-8,78125;25,84375;-93,15625;10,5;-188,46875;-216,53125;-36;-177,59375;-323,8125;-313,15625;-261,90625;-67,21875;-183,40625;-199,3125;-263,875;45,3125;-183,15625;-249,34375;-297,875;-368,65625;-158,34375;-206,6875;-420,59375;-111,5625;-305,4375;-257,75;-299,90625;-204,4375;-294,6875;-471,65625;-436,40625;-296,75;-63,25;-170,6875;-232,4375;-152,0625;-226,28125;-131,3125;-378,3125;-308,5;-282,78125;-235,3125;-394,28125;-224,96875;-305,15625;-346,5625;-302;-103,40625;-211,78125;-354,5;-347,75;-423,5;-338,15625;-123,4375;-219,3125;-341,8125;-111,40625;6,375;29,8125;41,53125;-174,625;-25,78125;-37,875;-75,3125;-101,46875;77,5625;111,625;-181,875;-64,59375;32,375;25,875;-109,5;126,6875;-58,21875;63,15625;-95,5;-48,125;-61,71875;67,65625;22,4375;215,6875;53,34375;-62,125;105,09375;209,5625;-78,90625;91,78125;106,25;270,15625;164,09375;230,3125;171;130,40625;73,75;-120,4375;155,125;-224,625;107;-223,90625;-88,78125;-43,28125;182,125;127,75;173,40625;280,34375;-13,53125;-118,375;-6,25;-225,8125;-52,40625;-126,3125;-81;-181,53125;67,9375;-177,375;-108,9375;88,1875;-283,21875;-93,53125;-2,15625;92,09375;-151,40625;-17,375;-123,5625;90,84375;101;104,53125;43,9375;106,65625;1,75;-102,71875;-137,75;33,15625;176,5;67,8125;-66,28125;70,28125;26,34375;10,46875;95,34375;-52,65625;-20,875;92,59375;137,53125;60,5625;13,625;-22,34375;-151,3125;227,96875;59,34375;-2,1875;132,9375;
-120,46875;-22,46875;-48,65625;-382,09375;-0,5625;207,21875;-55,15625;-14,5625;44,5;-34,71875;135,0625;-162,4375;-39,875;-50,875;3,125;-39;52,46875;102,90625;258,125;-51,5625;19,40625;-144,9375;73,65625;-1,4375;-170,375;-115,09375;-95,1875;-271,84375;109,8125;61,96875;71,625;36,5625;64,8125;-189,78125;93,6875;-36,875;-18,5;-49,84375;-102,59375;-101,75;50,125;9,09375;128,5625;172,4375;139,9375;-41,5;-75,53125;-36,53125;35,0625;-171,90625;-76,15625;18,90625;-145,375;-39,375;-101,96875;57,625;-71,5625;-37,3125;-182,40625;-182,28125;-339,4375;-277,03125;-141,59375;-213,375;-140,25;-69,90625;-313,625;-126,4375;-30,46875;-254,875;-105,875;-30,34375;-89,78125;-201,65625;-34,5;-142,78125;-215,78125;-327,28125;11,40625;-256,6875;-87,5;-118,21875;-118,34375;-164,6875;-95,4375;-77,75;-263,0625;-57,125;-71,03125;-79,375;-132,96875;-116,8125;-162,25;-180,75;-10,0625;-154,25;-226,375;-150,40625;-114,96875;-145,625;-190,5;-159,0625;-90,6875;-222,8125;-246,78125;-143,46875;-2,25;-49,96875;-4,15625;-58,40625;86,46875;-110,53125;-37,71875;-220,28125;20,25;4,46875;15,71875;147,875;-35,3125;12,9375;68,96875;27;76,34375;167,625;112,1875;70,5;174,875;9,65625;106,40625;183,65625;228,96875;-149,96875;3,71875;100,5625;-119,09375;102,71875;270,5625;206,34375;-65,875;42,96875;202,84375;112,96875;-173,375;-44,03125;285,84375;136,28125;297,71875;248,65625;172,1875;107,5;157,71875;204,8125;114,84375;-57,125;-41,8125;157,625;54,3125;-4,5;-16,65625;124,75;-37,125;87,15625;-23,5;6,0625;218,25;-51,65625;-64;55,65625;-124,875;-94,71875;-133,625;-195,53125;-139,21875;-79,25;-155,96875;-330,625;-174,15625;-195,4375;-154,75;98,34375;-35,90625;68,15625;-39,53125;107,0625;-277,28125;-101,40625;-275,90625;-191,25;-299,875;-257,96875;-436,78125;-174,65625;-323,40625;-141,625;-502,5;-274,46875;-174,40625;-379,75;-271,0625;-202,5625;-266,8125;-297,9375;-368;-271,0625;-461,5;-386,375;-298,40625;-328;-337,4375;-305,84375;-260,46875;-288,5625;-142,84375;-73,78125;-263,03125;-213,375;-207,96875;-363;-73,5;-80,8125;-210,15625;-267,53125;-203,6875;-146,9375;-318,75;-194,1875;-105,40625;-112,78125;-230,1875;-94,71875;-178,78125;-81,625;-166,9375;58,8125;-179,5625;18,3125;-37,90625;-152,84375;-255,28125;-134,5;-144,5625;-118,40625;-80,28125;-25,03125;66,5;186,15625;46,8125;80,09375;126,53125;-74,8125;210,71875;260,65625;54,3125;235,78125;-55,3125;124;-196,5625;60,40625;58,28125;-44;48,28125;3,6875;-171,15625;123,6875;162,9375;-84,125;36,09375;-20,625;-47,9375;-46,28125;271,8125;17,65625;34,4375;25,53125;142,71875;61,84375;-34,5;-41,9375;256,09375;-33,28125;123,96875;-1,40625;24,28125;75;5,09375;-1;-250,09375;117,1875;-101,46875;6,75;25,875;-66,5625;2,5;-82,125;51,3125;-39,53125;-75,40625;71,0625;-172,28125;115,125;8,875;-48,15625;152,5;113,46875;19,21875;8,25;165,96875;-2,03125;25,28125;-96;21,40625;73,6875;47,3125;255,03125;-85,65625;-55;56,71875;108,59375;-127,3125;48,90625;
68,34375;-104,40625;-61;-164,9375;150,5;-230,84375;-194,375;-126,46875;81,3125;141,59375;-2,5;180,1875;102,9375;-74,09375;-37,875;16,125;101,96875;30,1875;-73,375;-53,9375;49,3125;73,46875;-60,40625;-101,0625;-64,9375;19,1875;-45,25;41,4375;31,21875;-89,75;55,90625;149,46875;-44,125;142,21875;160,4375;86,78125;66,5625;-172,5;-18,53125;92,65625;-16,21875;81,625;124,03125;-255,03125;-21,15625;-6,59375;-120,28125;17,65625;166,34375;-101,1875;-344,6875;-150,75;-34,09375;-97,6875;-77,8125;-59,1875;-19,4375;-134,125;-67,5625;-76,21875;228,8125;-179,8125;-30,875;-172,5;-35,03125;60,5625;-115;-170,71875;-169,15625;-98,125;-169,28125;-45,625;-12,96875;-18,6875;-341,96875;-93,78125;-255,46875;-75,5625;-131,375;-98,4375;-5,90625;-347,28125;-229,78125;-118,625;-140,71875;-187,59375;-137,1875;-196,46875;-69,03125;-39,4375;183,625;-117,78125;-53,90625;-107,0625;-307,59375;-245,8125;-54;-49,96875;-11,96875;-163,46875;-95,375;-31,46875;-186,03125;-171,375;-43,6875;-127,46875;180,0625;75,40625;76,75;-119,84375;-129,46875;-140,3125;-56,59375;73,03125;-75,53125;-135,59375;-95,28125;-100,125;-145,9375;70,78125;166,8125;18,9375;-33,875;-8,8125;68,1875;-63,90625;178,53125;31,28125;-112,59375;146,65625;-94,65625;183;70,96875;72;96,96875;276,4375;70,0625;183,0625;383,78125;167,625;90;364,71875;-1,84375;144,625;-113,34375;201,25;38,03125;2,15625;-79,125;66,625;259,25;36,21875;240,03125;190,75;-43,40625;84,71875;83,3125;-7,875;123,0625;235,03125;107,5625;-168,09375;76,71875;-15,5;17,1875;207,65625;-32,8125;121,03125;-39,71875;-101,78125;-162,3125;141,375;48,59375;-35,8125;-156,96875;-216,125;-166,03125;-191,4375;39,25;-241,78125;-120,40625;-115,40625;-108,46875;-52,25;19,21875;-212,59375;-300,71875;-271,46875;-221,5625;-238,8125;-330,3125;-319,6875;-121,21875;-268;-198,625;-292,3125;-338,46875;-109,6875;-128,03125;104,53125;-192,09375;-449,25;-99,09375;-386,84375;-157,53125;-349,78125;-245,75;-283,96875;-223,78125;-263,5625;-219,84375;-319,6875;-147,34375;-166,8125;-145,46875;-345,21875;-104,5625;-299,28125;-370,71875;-224,0625;-236,71875;-169,9375;-286,40625;42,3125;-331,96875;-111,65625;14,25;-297,75;-21,1875;-206,71875;13,34375;-178,125;10,40625;-5,78125;91,5625;-122,78125;51,71875;-85;78;-85,03125;-159,5625;74,09375;163,15625;120,34375;207,59375;142;243,71875;63,96875;72,40625;-10,8125;231,34375;123,25;71,78125;-207,625;69,4375;220,75;77,5;97,375;-93,21875;-28,40625;-183,96875;179,34375;-63,625;52,0625;147,125;147,625;122,46875;183,4375;156,65625;-43,8125;-174,03125;115,84375;18,34375;-47,65625;47,8125;-12,9375;-82,28125;81,0625;-86,4375;-61;-46,8125;-85,3125;33,84375;-47,125;162,46875;58,1875;-64,5625;46,5625;50,09375;-167,375;-137,3125;184,78125;-49,5;45,875;-139,46875;60,28125;-230,9375;1,90625;-116;-233,5625;36,3125;-73,3125;52,84375;38,0625;-195,84375;-192,34375;-65,375;34,8125;-122,34375;-0,09375;65;-85,1875;-97,9375;120,34375;-32,3125;92,34375;178,4375;-62,90625;-139,8125;89,96875;
15,21875;-70,53125;-67,8125;5,625;-51,71875;116,9375;92,34375;228,03125;1,34375;-88,65625;159,0625;30,3125;15,03125;10,59375;85,125;79,21875;57,65625;-16,84375;186,25;2,71875;171;165,34375;257,96875;138,25;39,5625;25,1875;108,84375;17,375;381,1875;15;200,375;186,3125;216,125;143,71875;89,4375;11,5625;264,4375;-136,90625;171,90625;303,78125;201,125;-4,53125;138,15625;71,65625;35,375;-91,1875;83,9375;116,5625;-122,1875;-71,3125;65,34375;100,125;-191,71875;175,5;-75,78125;-23,78125;120,28125;-27,65625;-23,875;178,84375;-73,3125;-41,59375;-19,46875;17,46875;39,5;203,0625;48,625;81,53125;13,5;43,65625;-68,5;-178,09375;-321,75;-169,1875;-115,1875;-99,3125;9,96875;-37,09375;86,5625;-44,6875;-110,90625;-45,34375;-203,53125;3,71875;-180,375;-124,65625;-124,15625;2,75;-104,375;-73,15625;-108,5;59,5625;-70,09375;-301,28125;-116,46875;27,3125;-60,65625;-171;-88,34375;-54,28125;-199,65625;-25,53125;16,21875;62,90625;-25,65625;91,15625;-63,09375;19,6875;48,75;-27,75;-1,59375;23,0625;-77,25;-34,46875;-157,09375;-106,1875;-166,9375;-20,625;160,46875;28,4375;-58,46875;259,625;-33,1875;-8,46875;196,53125;92,53125;183,5;201,8125;439;321,90625;299,28125;52,71875;129,6875;54,25;330,96875;294,65625;220;229,9375;224,375;204,09375;138,5;96,53125;259,5;370,40625;312,625;337,84375;381,5625;230,3125;206,25;132,0625;304,625;192,5;183,28125;305,46875;82,5;346,96875;202,84375;156,21875;119,90625;-1,1875;108,46875;13,9375;124,1875;231,34375;81,28125;98,65625;44,28125;279,90625;303,28125;375,5625;2,96875;-22,84375;48,1875;64,6875;11,8125;-82,46875;-18,25;-45,6875;-38,6875;-19,9375;-58,65625;-10,40625;-12,34375;-67,5625;-58,90625;85,9375;-205,375;-184,78125;-201,21875;-148,6875;73,28125;-92,21875;-136,5625;-54,71875;25,4375;-2,75;-118,21875;-263,90625;-134,25;-63,09375;-151,78125;-169,4375;-237,21875;-382,96875;-117,28125;-249,375;-278,4375;-183,59375;-165,5625;-237,0625;-260;-202,75;-253,90625;-124,5;-168,34375;-59,15625;-118,0625;-139,96875;-124,53125;-144,84375;-119,5625;-42,03125;-65,65625;12,21875;-5,625;131;46,40625;-52,5625;-171,78125;93,15625;-95,75;134,28125;109,34375;331,15625;133,09375;13,25;277,53125;87,96875;40,65625;180,09375;156,25;161,3125;243,03125;247,9375;-62,375;358,6875;310,28125;33;120,75;11,84375;118,78125;189,625;221,03125;-73,34375;93,5;346,46875;313,5625;165,78125;194,59375;245,96875;38,5;295,4375;261,28125;85,21875;67;290,25;154,5;97,625;192,125;290,34375;51,25;84,875;102,0625;8,875;188,8125;97,125;159,5625;126,03125;200,25;-49,84375;35,40625;276,28125;241,3125;-34,1875;214;183;107,28125;-28,75;81,34375;74,34375;96,5;195,21875;367,3125;-87,75;224,78125;194,09375;57,9375;68,78125;147,65625;51;74,96875;68,25;220,34375;68,21875;-7;-24,53125;-55,09375;219,59375;58,40625;153,90625;60,84375;179,25;267,46875;-21,78125;63,90625;94,96875;57,9375;152,6875;65,65625;185,15625;
-84,1875;-3,4375;-66,03125;-90,71875;-48,90625;-93,53125;105,5625;17,15625;-134;155,3125;9,6875;-125,28125;-27,53125;118,9375;347,125;63,53125;25,25;226;-119,4375;89,59375;148,90625;103,15625;33,6875;185,125;134,65625;8,59375;188,75;43,4375;147;75,53125;131,375;313,78125;-43,96875;20,09375;-45,21875;28;46,65625;-8,5;77,84375;59,21875;-49,5;223,28125;4,21875;129,25;11,9375;123,9375;-11,53125;46,8125;-31,78125;92,34375;-30,96875;6,6875;98,75;-139,84375;55,0625;-17,375;-26,4375;-183,375;-168,15625;-137,5625;70,34375;58,125;142,65625;-89,96875;125,46875;-112,21875;-71,75;28,3125;-97,21875;-203,65625;-274,34375;-197,78125;-188,625;-361,6875;-142,6875;-171,21875;72,59375;-180,6875;-211,46875;-100,34375;-61,59375;-232,6875;-323,875;-18,21875;-263,78125;-211,8125;-98,15625;155,40625;-205,34375;-204,15625;-412,75;-35,65625;-70,375;-184,4375;-46,75;-169,625;-104,03125;-20,875;88;140,84375;-151,34375;-191,75;-129,0625;-248,8125;-209,8125;-116,65625;-247,5625;69;-191,875;-126,5625;-227,09375;168,625;-11,96875;31,65625;-9,1875;143,875;-204,03125;-197,1875;-92,78125;-30,625;-118,5625;110,90625;-57,1875;20,03125;234,84375;-209,09375;190,0625;285,8125;165,34375;128,4375;74,84375;8,28125;6,1875;-52,28125;135,3125;370,59375;39,09375;-29,96875;21,03125;33,75;148,90625;286,28125;157,09375;151,625;264,5;69,625;58,75;298,875;91,8125;162,3125;318,375;233,28125;104,34375;229,71875;209,8125;25,375;135,25;188,875;171,34375;425,21875;44,1875;166,53125;259,84375;206,46875;23,96875;34,71875;8,21875;118,71875;65,375;-88;-315,625;59,40625;108,09375;49,3125;204,8125;78,40625;2,03125;95,46875;22,78125;-42,53125;86,4375;1,46875;53,75;-15,0625;-95,9375;-186,25;-135,25;-274,75;-222;-191,90625;-155,09375;-121,1875;-224,625;-166,1875;-230,90625;-253,75;-75,3125;-307,53125;-327,6875;-443,0625;-214,84375;-349,90625;-328,09375;-193,4375;-321,25;-256,34375;-129,15625;-218,46875;-132,125;-155,90625;-177,65625;-64,75;-189,1875;-279,96875;-194,875;-81,75;-153,28125;-273,46875;-140,8125;-99,40625;-131,21875;-304,59375;-306,40625;-93,8125;-121,59375;-244,71875;-13,46875;-10,75;-409,15625;84,25;71,125;59,8125;-66,96875;149,8125;-81,71875;113,90625;97,28125;-80,03125;-21,3125;272,21875;-95,40625;-132,125;161,90625;124,25;234,59375;248,90625;179,625;169,34375;100,28125;129,65625;74,3125;354,125;196,625;73;149,8125;145,03125;131,34375;206,71875;-97,0625;44,3125;62,59375;129,1875;51,21875;-125,125;257,78125;47,875;101,46875;-42,03125;157,0625;-21,625;70,96875;81,28125;37,78125;78,5625;236,09375;163,6875;210,25;35,53125;73,78125;163,625;-33,875;-17,28125;148,9375;2,53125;23,28125;12,21875;-33,125;-158,15625;296;35,03125;-17,25;88,9375;64,875;-47,8125;23,84375;27,84375;89,96875;83,84375;9,15625;11,53125;14,1875;195,25;132,71875;170,15625;104,875;-1;43,09375;139,6875;9,3125;175,5625;-137,09375;13,25;108,25;58,25;41,1875;61,71875;210,15625;-11,8125;241,3125;264,34375;
-6,34375;63,40625;207,65625;-46,25;103,09375;51,03125;-39,84375;-74,75;145,03125;182,96875;14,6875;356,34375;273,75;340,625;250,84375;240,6875;332,1875;-37,96875;-3;72,21875;249,90625;158,28125;-8,5625;86,90625;-32,15625;71,875;160,46875;319,25;153,90625;225,53125;130,15625;50,28125;-105,5;210,71875;-18,25;189,84375;7,15625;238,4375;343,3125;-37,0625;263,4375;26,65625;109,59375;197,40625;-23,875;75,28125;115,90625;232,9375;224,78125;77,96875;101,90625;72,40625;152,03125;180,96875;270,03125;247,25;-100,71875;31,5625;-90,28125;142,375;178,3125;-110,5;-100,3125;-96,8125;101,84375;154,46875;44,25;10,21875;-39,6875;-129,5625;87,8125;-46,59375;103,5;-164,3125;-228,53125;116,65625;41,3125;-151,21875;32,40625;19,53125;-174,5625;-181,09375;-19,03125;-36,15625;7,90625;-288,96875;-192,40625;-269,90625;60,28125;-22,125;93,65625;95,9375;-110,03125;-6,5625;-51,03125;73,6875;15,59375;-105,9375;-48,125;65,28125;100,03125;-82,0625;-67,25;-66,09375;46,9375;-172,59375;47,9375;60,4375;93,53125;-26,90625;-14,8125;-9,53125;29,625;-216,53125;32,15625;-54,125;30,96875;-79,75;-26,03125;46,625;33,25;212,375;117,875;10,03125;351,03125;292,0625;248,375;272,25;215,4375;162,96875;163,6875;162,59375;237,375;81,46875;120,53125;324,15625;245,625;342;245,28125;188,28125;136,375;333,71875;325,21875;214,1875;199,75;308,6875;125,65625;264,21875;180,1875;235,25;267,125;324,03125;342,03125;279,84375;107,40625;296,59375;257,34375;189,5;115,4375;72;399;299,21875;270,5625;177,78125;156,8125;321,875;85,84375;260,59375;396,75;251,59375;10,375;311,3125;133,40625;121,6875;135,15625;-65,34375;69,5625;50,34375;66,15625;-76,375;-40,78125;29,875;103,78125;19,53125;-57,34375;-138,15625;52,28125;64,6875;-394,71875;-236,84375;-64,40625;-75,03125;13,53125;-197,84375;-105,25;-130,125;-143,0625;-338,90625;-123;-184,84375;-202,9375;-15,65625;-140,78125;-289,4375;-163,21875;-167,125;-93,375;-52,5625;-99,875;-15,5625;-62,375;-121,28125;-296,6875;-80,125;-4;-70,46875;-192,78125;-171;-77,75;129,1875;-119,84375;-107,53125;-143,65625;-87,5625;-25,84375;-7,28125;-22,71875;-27,71875;-100,8125;72,59375;46,90625;-291,875;-8,40625;-19,03125;52,75;12,5;83,46875;378,53125;274,1875;49,84375;123,125;173,5625;98,15625;236,21875;119,625;149,4375;181,375;328,8125;351,1875;397,34375;221,90625;328,28125;168,0625;370,59375;468,75;50,21875;198,71875;78,15625;-6,75;292,0625;397,71875;204,125;173,5625;156,40625;89,59375;139,1875;296;297,78125;396,03125;365,53125;202,5625;189;304,53125;298,4375;208,9375;100,5625;331,5;330,65625;88,375;397,28125;140,5;90,34375;77,28125;229,125;170,5;274,59375;42,53125;-13,625;-22,84375;196,375;44,28125;49,34375;121,25;-24,84375;201,0625;117,34375;179,03125;161,78125;328,625;212,15625;72,71875;213,125;12,4375;231,09375;160,375;271,15625;92,4375;232,34375;277,4375;-17,34375;196,9375;178,84375;181,6875;161,875;341,59375;374,15625;477,71875;286,28125;223,34375;160,46875;
-200,71875;-181;-169,71875;-264,25;-2,25;-108,59375;-110,5;-5,59375;-53,34375;-77,71875;-52,8125;58,625;-61,3125;90,40625;-28,34375;10,40625;20,59375;201,0625;61,03125;-52,75;95,8125;15,3125;201,25;-95,25;12,71875;42,78125;92,625;-9,3125;10,40625;-65;-14,5625;67,5;-126,625;53,0625;-67,59375;-81,9375;-143,34375;184,46875;27,6875;32,9375;-32,9375;-302,6875;-35,21875;232,09375;-114;-144,53125;4,9375;-129,625;-99,0625;63,375;48,3125;-116,5;-18,875;-69,375;-201,75;-329,21875;-123,125;-131,9375;-163;-206,25;-115,46875;-229,25;-131,34375;-501,875;-91,4375;-367;-199,59375;-268,59375;-266,03125;-259,96875;-180,78125;-195,9375;-93,375;-242,90625;-243,71875;-281,875;-347,4375;-90,15625;-257,46875;-248,15625;-327,34375;-306,78125;-388,84375;-332,53125;-222,5625;-244,25;-374,3125;-378,5;-337,8125;-214,8125;-306,3125;-226,40625;-135,5;-339,96875;-304,78125;-377,75;-116,375;-257,84375;-239,71875;-33,71875;-286,75;-349,78125;-163,46875;-238,90625;-191,0625;-426,3125;-179,0625;-160,46875;-99,8125;-258,34375;-220,6875;-159,53125;-295,625;-256,8125;-267,71875;-304,15625;-222,6875;-292,65625;-287,53125;-246,125;-261,65625;-44,875;-44,625;-189,90625;28,625;-79,8125;-2,34375;-24,03125;90,25;-27,1875;-65,0625;-71,375;-35,78125;80,21875;12,375;-73,65625;-63,1875;-100,5;191,6875;245,53125;137;101,25;113,75;-12,15625;106,15625;-34,5;119,9375;10,5;52,71875;152,59375;75,03125;69,1875;132,15625;-6,75;2,125;-74;78,375;-37,28125;-153,15625;-172,21875;-23,34375;127,9375;118,59375;-70,125;93,28125;94,40625;-109;50,125;-16,53125;-53,5625;-45,5625;-121,53125;-384,75;-73,1875;-190,15625;-117,5625;-25,9375;-162,1875;-209,8125;-282,21875;-45,21875;27,59375;65,21875;-158,03125;-175,8125;-375,15625;-360,34375;-365,125;-172,96875;-209,6875;-350,59375;-444,90625;-180,46875;-274,625;-210,03125;-574,65625;-513,53125;-554,5;-284,75;-408,65625;-220,875;-393,6875;-346,96875;-520,65625;-546,375;-442,28125;-495,25;-332,03125;-401,84375;-305,34375;-263,53125;-458,6875;-208,53125;-315,3125;-402,6875;-476,78125;-367,375;-289,625;-243,8125;-248,75;-346,1875;-173,28125;-129,96875;-24,375;-422,78125;-168,46875;-318,0625;-384,28125;-211,625;-98,875;-259,40625;-319,3125;-324,90625;-208,25;-149,8125;-190,84375;-162,84375;-151,5;-152,1875;-45,25;-266,46875;-113,3125;-1,78125;61,53125;37,1875;58,59375;-14,0625;15,53125;110;126,5625;26,0625;-161,46875;-67,90625;-90,65625;165,34375;-106,78125;-103,46875;-120,5625;29,1875;-107,71875;111,21875;-53,6875;-88,5625;-166,3125;-17,3125;-88,3125;-61,59375;9,625;26,125;93,09375;76,6875;8,84375;99,75;-92,09375;81,0625;-80,75;-176;-48,65625;10,46875;-251,65625;-80,46875;12,84375;-292,46875;-21,34375;35,8125;-112,65625;-51;-39,8125;149,78125;8,25;-176,71875;-15;-93,375;-39,5625;-66,125;135,0625;-64,28125;-182,5;-139,9375;-214,25;-73,625;-78,28125;32,1875;358,53125;58,90625;26,3125;-162,125;-39,96875;0,8125;-49,875;147,84375;-129,5625;-154,5;219,25;113,34375;-51,4375;-12,0625;143,15625;-124,6875;79,59375;
182,125;218,4375;266,53125;196,90625;21,84375;157,6875;92,90625;157,375;293,5;116,0625;-27,5625;183,3125;36,59375;285,78125;388,28125;320,8125;244,375;182,3125;160,6875;251,09375;368,03125;55,3125;115,84375;235,875;237,625;253,125;257,1875;296,96875;267,9375;243,40625;271,15625;62,875;230,875;144,90625;223,28125;136,71875;141,75;227,5;253,21875;151,0625;86,4375;43,5;257,84375;308,46875;143,6875;214,6875;45,71875;77,625;144,71875;131,125;6,09375;173,46875;2,3125;59,84375;219,78125;57,34375;143,4375;287,1875;63,1875;110,84375;-37,6875;-107,4375;33,6875;-69,53125;-67,21875;-55,75;-170,65625;-204,5625;-33,15625;26,75;85,3125;-57,8125;128;74,03125;-129,09375;19,1875;-204,78125;-129;36,4375;-190,90625;-194,53125;-62,5;-216,625;-322,25;-183,5625;-260,875;-73,125;-179,84375;37,0625;-50,65625;187,28125;-306,71875;-196,8125;-157,75;-6,96875;-233,84375;0,53125;-73,03125;-90,375;-63,65625;-131,59375;19,59375;84;-110,65625;41,15625;-198,84375;-35,1875;-74,25;-20,46875;-119,53125;-108,5;-101,21875;-93,90625;-123,46875;-248,21875;-52,96875;-94,21875;-131,40625;-16,84375;-329,65625;-33,84375;-42,90625;175,28125;118,84375;121,0625;118,75;-114,15625;82,8125;258,5;5,09375;37,375;71,3125;115;154,4375;28,84375;98,1875;-65,84375;98,5625;196,90625;206,15625;196,3125;228,90625;203,4375;168,71875;261,40625;178,65625;101,53125;33,15625;144,15625;240,34375;252,8125;121,1875;-3;298,5;80,6875;142,78125;92,59375;-77,84375;88,5625;236,40625;289,40625;115,03125;220,21875;66,65625;290,03125;131,03125;104,90625;177,53125;179,25;254,6875;233,9375;-167,9375;13,0625;55;-15,1875;-82,71875;140,0625;-15,9375;161,59375;52,25;-57,5625;159,46875;-108,28125;89,03125;44,5625;156,15625;-50,21875;-170,71875;-120,03125;-249,96875;-89,125;-31,84375;-186,25;-67,5625;-225,84375;-415,5625;-259,59375;-128,40625;-46,25;-383,6875;-257,84375;-162,28125;-263,125;-310,90625;-253,78125;-254,9375;-369,40625;-401,34375;-121,78125;-193,1875;-244,25;-226,5;-315;-75,125;-170,0625;-135,40625;-0,40625;-93,71875;110,6875;-259,84375;-58,6875;-67,90625;39,59375;-99,53125;89,84375;148,3125;83,96875;119,5625;-153,46875;-211,6875;-29,71875;50,625;53,21875;67;14,25;94,96875;228,71875;49,6875;222,5;-63,90625;210,125;170,25;89,375;106,875;223,4375;107,75;64,1875;246,84375;199,71875;405,65625;222,15625;17,125;-129,125;-26,1875;136,28125;140,65625;231,53125;126,3125;294,21875;184,4375;223,125;170,21875;151,65625;94,03125;23;318,71875;273,875;172,71875;210,5;159,6875;78,84375;208,8125;293,71875;198,96875;260,46875;80,1875;121;89,84375;257,15625;277,375;88,875;134,3125;183,375;237,03125;112;257,09375;136,125;333,6875;329,8125;127,5;-136,75;15,46875;89,84375;208,15625;301,875;142,0625;147,8125;136,5;216,5;80,8125;-10,4375;32,65625;24,0625;73,59375;99,84375;194,0625;20,3125;253,84375;92,875;444,15625;214,125;23,34375;69,15625;156,5625;114,375;392,25;133,8125;399,21875;-76,1875;108,46875;
-71,21875;272,96875;92,25;144,03125;116,5;260,59375;156,21875;73,875;112,1875;269,28125;113,21875;242,15625;209,28125;167,75;246,5625;313,34375;278,09375;138,25;52,125;78,03125;350,96875;313,34375;173,1875;247,75;119,5625;104,8125;326,90625;353,96875;172,09375;256;29,375;214,3125;294,15625;14,0625;135,875;143,53125;287,28125;264,46875;135;184,3125;108,875;254,15625;339,40625;222,625;-32,78125;186,71875;116,03125;215,96875;170;50,46875;-17,09375;90,125;162;120,53125;41,3125;-40,5;106,21875;49,21875;234,15625;-7,3125;-42,5625;223;114,9375;53,46875;148,125;-41,53125;118,65625;47,625;-38,1875;61,9375;-44,8125;-95,1875;144,71875;129,90625;-60,5;-250,875;-160,21875;-100,21875;-45,90625;-119,28125;-300,40625;-67,875;24,8125;-138,46875;-81,96875;-211,34375;8,21875;-247,25;-66,09375;30,75;-170,625;-110,21875;-148,84375;9,46875;-9,1875;-240,6875;-34,84375;27,3125;12,1875;-56,6875;52,625;29,9375;-88,34375;-205,9375;-30,15625;-52,75;-242,28125;-142,875;-67,09375;-24,84375;55,65625;105,375;-59,625;-89,96875;-114,34375;-61,21875;-179,625;-79,40625;113,5625;-109,8125;77,4375;37,875;30,90625;138,1875;23,25;195,25;424,65625;363,875;188,53125;-56,21875;106,125;102,9375;202,5;142,65625;125,53125;75,71875;18,4375;404,28125;-2,84375;80,375;193,75;330,125;144,40625;37,625;124,8125;82,40625;439,0625;309,3125;82,5625;103,0625;255,65625;378,75;164,71875;93,25;174,3125;157,0625;106,625;-49,625;200,28125;232,28125;164,5625;403,4375;268,71875;139,78125;237,03125;234,21875;132,71875;118,34375;188,78125;201,625;-69,53125;-104,28125;182,40625;-31,5;-46;-76,90625;161,03125;-34;-21,65625;-47,59375;154,46875;105,96875;38,78125;-1,4375;-6,375;-200,90625;-53,15625;-216,125;-6,0625;6,5625;-137,59375;-228;-171,4375;-198,9375;-41,21875;-190,1875;-113,0625;-249,8125;-153,3125;-150,5;-187,4375;-271,71875;-446,8125;-232,71875;-212,71875;-165,53125;-251,71875;-172,8125;-199,84375;-205,03125;-318,15625;-152,6875;-160,5625;-230,78125;-78;-71,375;-19,46875;-243,90625;-186,65625;28,5625;-167,65625;0,96875;189,125;7,65625;-34,71875;-130,90625;146,5625;-12,96875;-22,6875;196,8125;225,1875;31,34375;-8,625;220,03125;181,25;-55,96875;8,4375;322,40625;170,71875;168,84375;124,09375;163,65625;269,78125;224,53125;264,71875;238,53125;224,625;287,875;213,0625;177,875;187,21875;233,46875;121,96875;307,03125;178,0625;148,4375;359,28125;212,59375;251,46875;134,875;292,875;135,40625;169,59375;-8,46875;69,875;127,1875;-8,5625;225,28125;321,78125;385,78125;227,9375;219,75;53,9375;331,875;212,78125;114,9375;277,46875;24,53125;147,25;122,0625;383,34375;189,46875;92,46875;178,25;141;11,34375;180,71875;-49,96875;189,40625;227,90625;238,59375;182,5625;226,40625;248,28125;69,65625;107,15625;96,0625;147,90625;411,96875;136,125;106,09375;159,09375;119,75;103,40625;208,03125;286,4375;378,90625;152,4375;308,78125;136,84375;14,96875;263,375;224,65625;145,3125;129,0625;171,21875;195,40625;130,96875;193,6875;203,28125;
-6,03125;29,6875;46,625;32,625;-8,21875;27,21875;298,53125;154,9375;172,3125;-8,8125;19,78125;231,84375;24,625;202,40625;75,84375;29;117,53125;139,8125;216,21875;243,625;-0,90625;188,03125;140,6875;280,6875;93,625;64,9375;281,65625;22,53125;163,25;59,21875;40,90625;68,40625;74,25;52,1875;-24,375;225,84375;161,375;154,15625;320,59375;115,15625;216,96875;167,71875;-17,21875;17,4375;224,40625;222,375;37,0625;213,65625;63,0625;106,375;111,125;-36,875;124,125;-31,4375;61,46875;146,96875;-168,375;115,4375;38,96875;43,90625;64,53125;52,5;-85,71875;-126,5625;115,90625;-142,75;16,875;-190,875;-84,40625;81,6875;-5,28125;-91,6875;-131,3125;-225,34375;-116,5625;4,5625;-146,46875;-286,40625;-138,40625;-56,09375;-243,3125;-174;-60,34375;-287,46875;-287,5;-194,65625;-66,03125;-250,625;-228,6875;-265,8125;-244,21875;-79,5625;-96,78125;-278,8125;-230,1875;-79,1875;-227,09375;-276,75;-126,1875;-323,125;-49,09375;-212,6875;-273,1875;-362,9375;-63,84375;-262,375;-112,28125;-11,8125;-162,40625;-228,03125;-177,4375;-327,9375;-255,625;-298,53125;-390,5;-314,59375;-284,40625;-163,84375;-121,25;-217,875;-359,46875;-95,8125;126,8125;11,4375;64,5625;-70,875;-95,65625;104,375;90,4375;48,34375;-147,46875;90,1875;-134,6875;54,375;-62,46875;-127,3125;81,5;-28,9375;-235,34375;105,25;4,0625;-49,84375;113,875;152,4375;30,59375;-31,59375;7,75;-71;114,0625;169,46875;-36,6875;25,09375;169,25;63,21875;121;268,21875;159,5625;90;81,5625;-151;345,5;73,875;122,71875;39,78125;101,09375;99,3125;8,53125;-106,25;19,84375;116,03125;-191,03125;-10,375;-128,21875;-237,71875;-217,59375;-272,84375;-77,78125;-46,125;-160,875;-127,96875;-144,3125;-205,59375;-118,125;-215,46875;-182,8125;-243,46875;-275,28125;-379,21875;-278,96875;-233,5;-185,40625;-226,625;-251,1875;-52,9375;-61,28125;-264,375;-533,5;-431,3125;-277,1875;-207,28125;-322,625;-321,84375;-435,03125;-452,78125;-438,25;-336,375;-350,84375;-362,40625;-299,15625;-413,71875;-286,15625;-330,9375;-232,15625;-184,59375;-32,375;-181,46875;-288,125;-261,65625;-63,09375;-199,8125;-271,28125;-146,25;-296,5625;-161,34375;-80,53125;-161,625;-137,96875;121,46875;-25,875;138,59375;-13,9375;-68,625;-4,90625;135,53125;1,28125;104,03125;114,875;-41,21875;-14,65625;85,3125;111,875;68,46875;146,3125;36,15625;1,75;145,84375;242,125;-1,78125;93,75;78,25;247,65625;70,65625;133,5;197,5;111,34375;141;-6,09375;118,625;-82,25;249,125;281,4375;-11,4375;-95,21875;65,8125;3,96875;-56,625;-45,53125;84,53125;149,5625;116,875;29,71875;-1,71875;-184,5;113,34375;155,40625;70,46875;73,90625;27,90625;-131,125;-2,0625;-123,3125;-105,1875;19,71875;-19,90625;119,09375;17,375;-93,96875;-37,625;28,90625;-50,375;79,8125;92,78125;33,09375;19,03125;188,6875;74,59375;35,96875;-49,0625;117,625;55,6875;30,875;136,125;119,125;99,25;59,40625;125,71875;-179,15625;101;144,75;54,78125;101,65625;129,5625;81,8125;171,15625;75,5625;45,125;-45,09375;82,1875;71,28125;13,03125;
214,03125;182,125;181,46875;202,90625;74;461,34375;132,34375;164,21875;342,84375;414,625;302,46875;227,40625;336,46875;310,40625;153,21875;338,625;499,5625;293,5;289,375;494,25;486,625;424,09375;250,0625;455,28125;382,1875;364,28125;462,28125;407,40625;314,59375;454,3125;179,46875;187,25;210,78125;235,5625;297,625;268,6875;324,71875;274,125;415,34375;328,78125;475,65625;200,40625;442,25;358,09375;407,28125;237,46875;315,28125;213,78125;441,40625;216,46875;321,4375;188,53125;341,46875;470,125;424,9375;165,96875;330,96875;256,3125;98,21875;73,8125;173,84375;206,875;163,8125;90,875;353,53125;208,78125;311,15625;172,0625;83,84375;-49,75;81,375;43,5625;-153,78125;42,75;-85,8125;154,8125;-52,03125;30,09375;-37,875;-122,53125;243,15625;47,96875;136,65625;59,53125;19,34375;-36,375;17,6875;-75,09375;-213,59375;-131,46875;-27,375;-75,5625;75,84375;0,5;77,3125;55,46875;73,96875;85,28125;174,1875;-9,84375;-16,375;16,9375;-63,65625;-43,1875;172,46875;-85,03125;81,375;-47,5;17,5625;18,84375;139,15625;-145,71875;-4,75;-252,28125;-207,3125;29,90625;-98,125;-233,96875;24,59375;-28,25;33,125;36,28125;57,78125;191,96875;144,40625;310,96875;106,65625;221,875;300,21875;183,65625;295,78125;230,5;160;-151,1875;134,84375;415,25;233,75;94,3125;278,96875;264,625;185,5625;207,90625;263,78125;292,59375;206,34375;137,78125;103,71875;248,90625;390,3125;56,3125;242,59375;159,65625;242,03125;156,3125;27,09375;309,03125;296,5;79,375;15;17,625;152,8125;189,03125;218,40625;222,8125;394,03125;328,34375;379,75;102,84375;237,15625;92;110,5;196,9375;69,84375;74,28125;-19,375;-42,8125;-109,8125;-37,28125;5,09375;189,46875;117,6875;-16,375;-57,71875;202,0625;-83,21875;-186,71875;191;98,375;38,3125;-19,28125;13,28125;-200,8125;-351,84375;70,4375;-83,03125;-48,78125;116,3125;-145,53125;-259,34375;65,34375;-97,09375;-73,53125;-73,71875;-166,21875;-45,625;-132,6875;-134,21875;-101,34375;-2,15625;-237,625;-352,375;-7,625;-125,375;-220,8125;-177,15625;145,375;-82,53125;157,4375;-70,9375;-108,5;32,8125;-117,21875;211,09375;27,90625;-30,59375;220,1875;88,3125;28,125;332;238,0625;163,78125;57,3125;169,71875;34,34375;143,375;143,84375;275,125;170,4375;255,125;208,71875;240,03125;165,59375;219,59375;207,59375;258,15625;156,40625;424,53125;225,6875;427,96875;292,40625;327,34375;195,75;228,21875;435,34375;205,15625;295,84375;401,53125;135,34375;436,65625;298,1875;435,40625;348,4375;219,59375;316,0625;187,5625;188,40625;343,40625;275,6875;168,40625;249,5;296,6875;256,8125;398,625;235,96875;131,75;251,375;214,25;29,625;240,71875;216,9375;244,46875;224,1875;271,0625;33,5625;206,03125;211,6875;188,09375;95,46875;160;386,9375;68,46875;382,53125;218,96875;177,375;239,09375;226,46875;421,40625;260,3125;216,8125;207,34375;-17,125;148,0625;95,625;290,5625;357,78125;289,0625;279,90625;49,84375;294,96875;296,8125;337;307,28125;266,03125;379,625;156,21875;145,71875;194,09375;220,84375;252;280,78125;
42,90625;93,8125;109,875;163,0625;227,46875;-39,75;17,59375;88,71875;299,9375;131,4375;222;87,5625;327,5;-92,71875;241,46875;257,0625;39,0625;316,125;323,40625;104,28125;179,625;175,375;72,09375;75,5;367,8125;185,15625;149,375;100,0625;134,46875;102,78125;288,0625;151,53125;99,03125;247,53125;283,625;106,4375;281,5;213,6875;307,4375;224,09375;180,96875;296,5;445,40625;251,5625;135,5;242,90625;162,71875;104,0625;177,25;306,25;309,8125;374,28125;-10,25;46,28125;111,75;247,53125;-145,75;119,90625;148,625;200,625;103,09375;172,96875;103,46875;65,28125;-60,0625;-72,21875;-137,8125;-120,5;-84,9375;-190;113,9375;-138,03125;69,53125;-299,53125;-98,65625;-386,96875;-172,625;93,15625;15,875;-275,03125;-23,875;-208,40625;-60,71875;-101,59375;116;-168,0625;-123,65625;-86,53125;-208,6875;-203,65625;-226,71875;-255,875;-95;-166,5625;-44,8125;-264,6875;-90,96875;-209,4375;-99,75;-90,15625;27;-242,1875;-188,65625;-192,1875;65,8125;-255,3125;-97,90625;-60,4375;-35,03125;33,25;-173,375;63,8125;-117,75;-146,96875;-262,90625;-187,78125;-222,84375;-97,65625;-247,59375;-60,875;-49,78125;-154,25;-21,21875;8,46875;-72,59375;-54,15625;-35,40625;-102,71875;-195,34375;-125,96875;-55,375;-51,90625;-29,125;7,875;-134,25;-100,15625;-250,53125;-20,125;127,78125;245,5;63,71875;145,96875;227,875;-46,34375;258,8125;327,09375;97,1875;153,46875;15,90625;80,96875;200,5625;172,8125;31,6875;-26,40625;143,3125;89,84375;55,96875;49,59375;93,625;-93,28125;185,5;-114,46875;326,09375;81,46875;-1,25;313,3125;153,5;103,9375;91,90625;-47,53125;-106,53125;-137,5;-0,9375;52,4375;43,1875;-45,09375;139,75;-221,625;15,9375;-57,09375;-169,625;-141,59375;103,96875;-68,28125;-182,9375;-80,53125;-245,65625;-254,3125;-288,59375;-196,53125;-177,8125;-331,34375;-87,03125;-219,5;-161,875;-162,34375;-315,125;-186,34375;-192,96875;-240,84375;-484,46875;-502,53125;-264,21875;-166,6875;-71,4375;-368,28125;-289,125;247,65625;-300,5625;-350,6875;-228,9375;-200,78125;-488,53125;-196,84375;-174,3125;-161,625;137,71875;-207,4375;-164,375;-88,03125;-182,84375;-119,5625;20,65625;178,625;-123,59375;-42,8125;-12,875;-121,125;64,78125;62,53125;110,9375;52,28125;273,375;76,53125;-6,34375;152,15625;229,34375;169,84375;166,03125;139,4375;-43,125;170,90625;311,03125;127,28125;78,09375;63,09375;207,53125;241,34375;208,65625;136,59375;250,6875;497,34375;179,71875;317,34375;347,90625;317,8125;229,59375;26,59375;231;139,59375;219,625;312,6875;30,5;224,21875;103,84375;127,84375;331,71875;-3,96875;226,25;103,90625;201,3125;338,15625;275,90625;240,34375;29,1875;-74,71875;185,28125;239,8125;77,75;347,875;221,28125;306,15625;4,46875;187,40625;283,0625;148,25;206,53125;251,75;85,40625;274,09375;231,40625;155,21875;213,71875;205,84375;369,34375;236,625;212,90625;-31,75;109,75;250,3125;183,6875;127,78125;215,375;362,6875;192,15625;-25,28125;170,96875;180,96875;236,21875;151,9375;192,78125;104,28125;362,0625;135,5;44,71875;82,5;89,1875;102,6875;122,78125;280,65625;
315,28125;265,90625;5,53125;-17,5;248,96875;206,8125;444,28125;301,0625;394,65625;291,75;290,0625;248,03125;156,5625;465,8125;448,4375;558,59375;253,71875;195,25;261,375;278,5625;234,78125;292,84375;419,125;321,6875;380,71875;345,40625;432,40625;310,40625;120,0625;200,78125;211,5625;288,125;290,28125;350,28125;331,1875;310,9375;287,75;446,09375;419,78125;232,4375;259,0625;342,09375;528,09375;321,09375;400,625;533,375;335,78125;336,96875;554,40625;185,28125;261,21875;413,71875;228,71875;154,125;292,8125;263,40625;203,46875;228,8125;77,53125;137,21875;53,46875;109,40625;92,5;50,625;191,125;197,1875;231,21875;114,59375;217,40625;-69,53125;216,3125;2,71875;32,03125;60,3125;45,125;-8,15625;75,53125;-134,5625;-79,09375;32,375;7,1875;-119,5;-105,65625;-45,28125;-2,96875;-58,09375;-177,84375;140,78125;72,15625;-220,21875;-236,125;-100,65625;-74,96875;-112,34375;-68,71875;9,4375;-112,15625;-155,125;152,375;95,25;-236,03125;-62,6875;7,65625;-35,0625;-149,25;-137,15625;24,375;-148,71875;-21,0625;-137,75;81,34375;254,5;-18,46875;-170,15625;-178,5625;172,1875;23,625;4,59375;-232,84375;124,6875;-55,90625;-133,34375;-120,28125;61,3125;-57;188,875;83,71875;5,03125;218,84375;-71,71875;-19,5;-10,09375;-42,9375;-99,4375;4,4375;-120,28125;-7,65625;83,03125;178,46875;164,40625;259,0625;126,9375;218,3125;182,1875;269,71875;141,78125;151,625;54,625;236,53125;260,75;223,40625;140,6875;245,96875;186,21875;419,75;180,375;368,25;372,9375;187,5;197,0625;209,375;52,84375;193,625;150,0625;12,90625;115,46875;187,75;148,5625;370,3125;201,1875;32;57,59375;-24,25;203,25;176,46875;85,4375;58,625;0,625;-12;-147,15625;74,40625;237,0625;44,03125;-10,375;-3,59375;-82,3125;-9,4375;-5,90625;-240,875;-107,59375;-140,84375;-222,34375;-163,4375;-40,875;27,625;-136,0625;-227,6875;-75,40625;-156,4375;-159,1875;-156,71875;-209,53125;-208,6875;-410,375;-175,625;-85,5625;-174,75;-88,09375;-372,8125;-253,125;110,8125;-315,84375;-322,71875;-171,75;-162,53125;-164,03125;-43,96875;-11,15625;129,03125;-63,4375;-113,6875;93,4375;-5,25;-64,375;19;-1,0625;64,5;64,5;-62;-44,03125;188,03125;177,34375;9,8125;290,8125;241,1875;239,84375;284,25;149,3125;302,1875;305,875;172,875;329,1875;94,15625;189,5625;335,84375;278,1875;250,90625;361,84375;194,03125;84,625;359,40625;226,59375;404,3125;228,71875;319,03125;241,0625;289,25;37,34375;216,1875;126,3125;189,8125;194,28125;215,75;234,03125;256,59375;311,5;217,40625;92,375;288,6875;66,125;378,28125;56,84375;355,78125;240,84375;408,6875;242,21875;122;310,09375;169,78125;358,84375;137,65625;229,40625;252,75;131,3125;223;432,5;155;176,8125;228,15625;274,40625;321,59375;255,0625;21,90625;145,59375;124,15625;163;49,0625;176,78125;374,71875;242,6875;197,6875;180,625;156,59375;270;83,65625;312,96875;103,34375;347,28125;278,625;199,1875;75,34375;181,03125;242,6875;174,21875;22,5;385,5;273,6875;101,71875;135,53125;167,3125;
177,09375;139,96875;-111,15625;181,28125;196,875;294,03125;309,40625;200,28125;162,375;166,96875;146,34375;261,5;147,25;101,5;166,15625;79,15625;58,03125;216,59375;87,125;247,375;270,53125;331,0625;176,9375;260,0625;275,03125;256,59375;337,90625;103,84375;304,46875;381,84375;265,71875;275,03125;248,03125;159;269,4375;351,6875;161,625;431,03125;352,28125;82,21875;131,65625;495,53125;250,0625;305,28125;222,75;323,34375;241,9375;297,9375;199,6875;165,25;200,40625;388,8125;130,25;324,71875;132,5625;241,3125;50,28125;80,375;92,1875;-95,59375;271;173,28125;241,71875;-28,125;203,375;-108,1875;54,28125;138,09375;69;-40,375;101,875;96,3125;-62,625;-173,9375;-126,375;-183,25;-84,4375;-232,0625;-36,125;-111,90625;-124,28125;-370,34375;-182;-138,25;-4,78125;-247,5;-225,125;-199,21875;-85,53125;-264,75;-73,6875;-187;-378,96875;76,375;-119,40625;-42,03125;-159,09375;-180,4375;-101,28125;-103,53125;-304,5;-106,875;-353,03125;-124,875;-300,96875;-97,5;-190,1875;-2,53125;-89,0625;-171,84375;-183,5;60,75;-101,75;-104,375;-128,125;-302,5625;-404,875;-175,3125;-55;-223,0625;-84,84375;-95,5;69,34375;-5,84375;69,25;1,28125;105,21875;-54,03125;64,59375;-269,09375;-134,53125;-179,5625;71,59375;82,96875;-38,4375;-144,3125;-133,34375;-49,625;-88,4375;-169,25;-100,09375;120,375;99,46875;-112,15625;111,5;-1,96875;344,15625;77,90625;132,21875;230,28125;-28,40625;-109,3125;-82,75;129,46875;209,71875;409,15625;264,40625;74,8125;276,96875;163,8125;56;-103,875;0,0625;30,1875;37,65625;179,3125;-17,34375;18,8125;-163,25;50,5;46,15625;-69,9375;-52,65625;-88,71875;-182,375;-182,03125;-163,5625;-121,15625;64,96875;-112,15625;-258,28125;65,53125;-184,46875;-105,53125;-153,59375;-79,875;-162,9375;-166,5625;-119,9375;-72,875;-50,9375;-283,90625;-266,0625;-117;-397,75;-133,3125;-113,6875;-355,4375;-250,5;-264,46875;-86,1875;-299,09375;-188,78125;-265,34375;-336,28125;-198,21875;-177;-386,53125;-348,6875;-257,625;-230,21875;-394,46875;-299;-132,09375;-147,46875;-160,1875;62,28125;-245,03125;-135,375;-207,6875;-126;-259,5625;-96,25;-294,4375;-50,34375;95,40625;-108,46875;62,21875;-57,0625;-39,4375;-14,09375;-71,0625;50,71875;-5,375;-4,15625;139,21875;38,75;66,53125;-40,84375;272,46875;254,65625;65,21875;200,40625;285,65625;56,53125;201,75;175,4375;236,53125;228,1875;-192,4375;245,5;107,0625;223,09375;198,21875;57,1875;143,375;197,21875;159,9375;248,78125;68,0625;202,5;234,0625;159,65625;418,40625;121,21875;92,53125;172,875;-141,65625;130,75;196,75;137,8125;179,46875;201,90625;54,65625;113,75;1,4375;94,59375;41,34375;55,59375;247,65625;82,09375;12,21875;158,75;154,9375;85,03125;82,1875;38,65625;97,5625;118,75;28,375;133,46875;185,9375;120,71875;18,34375;72;185,1875;47,4375;161,4375;174,78125;86,125;221,875;67,96875;103,5625;185,5;314,15625;120,8125;227,09375;8,59375;41,25;76;58,15625;69,71875;-58,75;85,3125;90,46875;97,625;284,65625;103,59375;-70,03125;45,5625;
-6,9375;108,21875;51,78125;253,125;50,78125;227,5625;190,625;215,34375;337,96875;315,625;31,625;437,84375;79,5625;311,6875;471,125;244,96875;324,34375;317,90625;177,84375;244,40625;402,15625;295,15625;282,75;67,65625;394,625;414,75;338,625;476,8125;255,1875;506,03125;300,5625;271,0625;332,5;345,59375;304,3125;232,71875;342,625;375,9375;274,71875;315,5;304,6875;202,84375;425,84375;302,21875;193,1875;133,75;334,71875;273,28125;389,71875;193,25;429,25;403,5;501,40625;246,59375;273,15625;345,6875;189,1875;497,5625;240,96875;211,90625;220,375;89,28125;135,625;295,09375;127,8125;313,4375;170,8125;36,71875;94,15625;3,84375;143,71875;12,1875;9,75;-132,34375;-7,15625;-35,0625;-45,28125;97,53125;-19,03125;-258,625;-120,71875;-63,90625;-0,375;-242,59375;69,46875;-64,59375;-46,8125;-121,875;-194,15625;-310,125;-119,28125;-244,96875;-232,6875;-163,8125;-116,90625;-188,71875;-23,375;-251,03125;-88,65625;-363,90625;-82,96875;-60,40625;-171,75;-186,625;-144,5625;15,625;-122,5;-134,8125;-317,59375;64,53125;-71,8125;-280,90625;28;-31,8125;-193,5;-170,15625;-286,8125;-175,6875;-302,15625;-119,0625;-117,5625;43,28125;14,0625;163,3125;-18,15625;73,4375;209,9375;5,1875;-61,65625;-66,96875;-81,84375;-121,90625;-114,9375;-193,21875;-142,8125;-118,53125;-16,59375;-118,21875;-19,53125;43,46875;36,0625;102,34375;207,46875;241,125;31,09375;13,59375;86,25;-1,8125;50,8125;122,9375;-3,59375;39,125;206,28125;211;-19,1875;-36,3125;26,03125;132,09375;222,53125;67,125;92,25;72,59375;204,15625;64,03125;266,5625;-96,5625;17,75;-48,53125;-117;-66,6875;78,4375;-42,625;-151,15625;89,03125;-9,75;6,125;35,5;-36,84375;-6,96875;167,4375;0,6875;-94,625;164,1875;43,21875;-299,9375;-232,6875;66,9375;27,3125;-19,75;-267,375;-75,90625;-85,21875;-280,34375;-28,28125;-106,96875;-163,9375;-333,0625;-349,84375;-261,5;-278,8125;-201,15625;-221,875;-349;-365,8125;-344,375;-244,8125;-193,8125;-195,53125;-342,34375;-292,71875;-394,28125;-340,4375;-188,28125;-277,78125;-256,875;-127,53125;-21,25;-262,96875;-51,34375;-179,71875;-45,90625;-79;20;-152,09375;55,71875;22,03125;-89,28125;120,65625;119,6875;260,46875;86;-24,125;-32,5;215,0625;106,53125;101,4375;265,53125;170,09375;286,5625;206,09375;226,6875;278,1875;296,59375;245,6875;298,75;495,65625;263,875;309,75;411,9375;378,0625;268,34375;310,84375;377,46875;246,71875;384,59375;133,5;207,1875;90,65625;410,0625;216,40625;174,40625;342,375;147,53125;47,125;202,96875;243,71875;162,40625;190,125;165,3125;219,6875;216,4375;169,3125;157,5625;144,53125;283,25;343,34375;131,5;30,75;142,9375;98,1875;216,125;288,46875;68,5;221,0625;263,71875;47,21875;186,875;370,71875;255,3125;89,59375;215,21875;318,4375;161,40625;168,3125;330,84375;180,15625;203,0625;443,625;207,21875;168,28125;252,21875;334,09375;428,59375;369,28125;92,96875;147,4375;215,125;217,59375;210,3125;47,3125;277,84375;252,03125;413,4375;211,1875;181,3125;22,53125;187,03125;120,03125;106,6875;101,5625;
326,34375;51,75;191,375;47,125;219,75;260,40625;322,96875;318,65625;293,34375;241,5;418,3125;204,3125;69,8125;424;211,21875;128,25;187,40625;555,3125;258,15625;227,375;369,125;494,90625;384;256,0625;280,15625;142,6875;289,125;492,4375;277,9375;443,8125;423,125;495,8125;383,59375;500,15625;506,125;376,875;502,53125;277,15625;380,65625;375,21875;154,0625;394,53125;389,9375;347,875;431,375;262,03125;342,21875;220,0625;210,65625;346,46875;404,40625;61,71875;408,5;254,34375;227,03125;197,34375;195,09375;202,40625;290,34375;72,375;234,71875;203,03125;114,71875;183,46875;186,75;301,0625;227,21875;184,375;243,71875;202,5625;76,625;132,6875;299,90625;22,15625;-87,1875;-56,40625;-43,46875;-41,84375;-53,46875;70;195,1875;88,71875;-150,5625;-124;-290,90625;-0,9375;-85,53125;-250,28125;-133,4375;-375,0625;-81,53125;-154,90625;-100,28125;-35,875;-35,25;-180,0625;-108,9375;-244,71875;-72,75;-7,34375;-182,46875;-74,9375;109,09375;-147;-46,09375;-97,875;-75,65625;-57,875;-273,21875;-106,40625;-135,8125;-68,6875;-103,03125;-241,34375;-176,34375;-227,46875;-283,46875;-243,34375;-136,90625;-62,84375;-342,53125;-130,625;-144,84375;-83,28125;68;-93,25;-35,3125;3,6875;73,15625;-296,78125;-218,8125;-293,28125;0,21875;7,71875;-64,90625;37,78125;22,84375;-97,28125;28,15625;78,25;-9,53125;-54,09375;250;-93,28125;321,34375;72,875;53,125;-45,71875;-4,375;101,71875;40,9375;-57,21875;140,03125;136,9375;27,9375;76,1875;219,84375;183,96875;210,84375;-19,5;-17,1875;146,09375;219,5;171,96875;141,375;182,1875;136,75;145,1875;61,9375;-87,21875;-5,46875;-21,15625;-18,75;-26,21875;-151,875;95,9375;252,0625;106,4375;86,09375;65,21875;86,0625;-24,125;13,96875;-99,65625;-9,28125;-170,25;-150,8125;13,15625;-31,3125;-230,21875;-148,875;-153,5625;-152,5;-136,0625;-103,6875;-233,625;-187,8125;-229,0625;-172,03125;-366,625;-183;-55,34375;-232,5625;-424,3125;-165,5625;-200,15625;-267,25;-111,875;-253,15625;-345,0625;-203,5625;-212,90625;-194,21875;-1,03125;-266,8125;-130,375;-209,125;-90,40625;-185,25;-178,125;121;-15,59375;-94,875;116,90625;81,40625;194,53125;108,78125;-55,625;2,25;-28,46875;108;204,25;183,65625;20,71875;160,0625;194,75;162,96875;117,875;83,1875;196,59375;357,40625;472,5625;282,6875;305,96875;470,15625;168,09375;317,65625;283,375;118,375;253,875;204,0625;207,875;60,25;394,1875;258,09375;48,5625;328,09375;43,09375;454,78125;191,8125;363,46875;288,75;79,75;-16;178,15625;112,1875;219,96875;176,96875;415,125;175,28125;12,4375;230,21875;269,53125;197,34375;148,53125;80,40625;88,625;382,5625;246,71875;115,46875;179,6875;64,53125;204,1875;269,03125;108,71875;111,59375;230,9375;232,46875;221,1875;258,5625;315,84375;308,78125;292,6875;272,8125;246,28125;247,53125;115,09375;29,3125;185;172,75;320,21875;259,1875;105,53125;224,8125;352,90625;228,28125;207,46875;82,96875;138,6875;124,0625;260,34375;188,40625;141,125;256,3125;129,09375;252,40625;227,75;129,6875;52,59375;-81,1875;
106,4375;83,78125;137,28125;82,0625;216,0625;271,65625;280,8125;161,1875;223,78125;181,78125;281,5;302,03125;268,3125;331,90625;157,34375;408,15625;274,1875;419,03125;243,8125;326,375;414,25;474,875;289,625;200,03125;413,875;392,65625;448,875;380,625;574,28125;397,6875;381,15625;493,9375;318,125;270,40625;417,8125;632,0625;406,46875;355,875;532,5;212,09375;285,4375;375,1875;317,5;635,53125;396,34375;272;143,59375;385,28125;197,40625;506,34375;189,84375;449,53125;217,75;261,59375;117,0625;379;262,59375;185,3125;424,46875;370,25;251,4375;92,0625;315,90625;-56,09375;183,90625;202,28125;255,15625;93,03125;209,09375;43,59375;319,9375;8,0625;-64,75;-60;189,4375;40,75;-172,625;-47,09375;-20,96875;-135,9375;-71,84375;-181,8125;-193,90625;-161,0625;-140,25;-153,875;-111,5625;-215,125;-108,1875;-287,1875;-3,28125;-74,28125;-6,0625;-187,59375;-359,34375;-250,5;-21,84375;-136,34375;-117,90625;-186,28125;-170,84375;-52,28125;-77,6875;-109,15625;37,375;-167,25;117,40625;-185,5;20,5625;-224,6875;-50,90625;-76,75;-158,375;-192,28125;90,9375;-267,5;-274,625;-177,53125;-150,71875;-205,34375;-270,375;-29,53125;5,75;-37,9375;-121,6875;105,78125;-140,09375;-2;-138,40625;-100,6875;4,96875;-93,59375;-61,65625;-449,78125;-99,4375;-65,25;-205,5625;-148,15625;52,46875;-98,21875;164,96875;188,5625;18,25;100,46875;-197,34375;61,15625;106;29,46875;251,71875;-30,6875;-133;-4,75;22,34375;44,375;-29,46875;246,40625;67,0625;118,96875;-66;200,5;176,96875;168,90625;148,40625;140,875;-57,40625;98,65625;350,3125;34,03125;125,375;73,5;-9,34375;-112,75;-181,3125;98,8125;-53,09375;-71,40625;-115,0625;48,34375;40,625;-49,15625;6,375;-13,15625;-185,90625;-35,40625;-191,5625;-258,78125;-60,5625;-259,34375;-226,0625;-293,46875;-86,625;-192,0625;-369,90625;-177;-237,46875;-302,75;-131,8125;-410,125;-205,375;-369,9375;-414,53125;-245,59375;-186,84375;-431,90625;-393,75;-376,9375;-355,78125;-300;-338,53125;-154,53125;-79,25;-363,5;-358;-177,9375;-74,4375;-10,1875;-369,625;-210,15625;-78,5;-240,625;-356,125;-53,125;-172,84375;-8,15625;60,21875;-228,0625;52,40625;-219;33,96875;148,40625;206,96875;138,9375;105,40625;190,21875;229,625;181,6875;255,375;357,3125;300,25;145,34375;362,28125;164,25;320,75;169,03125;263,15625;204,09375;109,09375;328,96875;344,375;290,875;383,59375;141,09375;391,6875;343,46875;513,59375;284,75;464,8125;221,875;239,90625;250,65625;190,59375;352,6875;139,75;335,375;411,21875;430,1875;264,03125;131,09375;234,0625;340;132,6875;414,15625;132,5;197,125;283,5625;95,90625;171,4375;-43,96875;330,5;363,96875;333,6875;224,46875;177,15625;201,90625;227,59375;32,46875;259,5625;157,40625;314,25;185,21875;194,125;324,5;147,15625;282,375;115,90625;92,9375;355,46875;63,9375;103,78125;271,375;82,0625;110,28125;40,3125;184,21875;233,84375;338,8125;241,40625;38,59375;229,71875;401,21875;321,0625;301,40625;296,96875;237,78125;232,375;270,875;197,34375;151,84375;-91,0625;162,53125;
224,5625;147,1875;288,3125;38,84375;65,59375;165,34375;44,5625;317,125;198,6875;151,40625;311,65625;172,46875;88,59375;354,09375;137,28125;355,6875;262,125;338,71875;558,0625;330,5;591,5;340,4375;256,5;444,71875;159,9375;454,71875;275,90625;389,1875;413,40625;419,71875;408,40625;369,90625;369,6875;301,3125;287,09375;344,34375;303,40625;475,78125;245,1875;471,21875;157,03125;17,84375;337,40625;264;287,65625;345;293,5;527,125;204,875;512,0625;504;487,25;354,9375;327,1875;329,1875;461,625;393,53125;254,34375;42,59375;292,75;319,40625;283,46875;168,4375;174,4375;377,25;104,40625;86,625;146,9375;237,34375;253,59375;249,28125;232,53125;292,3125;35,59375;90;-65,78125;26,125;-73,6875;12,28125;35,28125;-3,65625;-108,5;-213;-71,6875;-96,34375;-108,09375;-235,75;-74,59375;12,90625;-286,875;-378,03125;-211,625;-412,21875;-123,25;-54,875;-39,84375;-142,03125;-62,75;-290,75;-77,125;-350,28125;-61,53125;-221,6875;-226,875;-206,46875;-26,1875;-90,6875;-20,375;32,59375;-60,1875;3,875;-259,65625;-261,0625;-56,15625;-333,59375;57,09375;-64,21875;24;-34,28125;-181,6875;-70,46875;-7,15625;-4,125;-64,125;-161,28125;68,15625;-166,28125;-157,5;-55,84375;-318,40625;-117,90625;-425,9375;-289,53125;-1,75;-121,46875;-114,96875;-102,1875;-93,71875;117,625;-29,3125;-38,9375;145,125;0,78125;-37,90625;5,625;-57,6875;-78,09375;105,375;202,09375;-115,4375;288,4375;-27,65625;-32,59375;113,09375;63,0625;5,0625;48,0625;171,4375;87;190,53125;-35,34375;-36,28125;109,375;-32;-186,375;0,15625;0,8125;-2,3125;-5,09375;-79,1875;98,375;-196,0625;115,15625;-49,84375;-150,53125;42,53125;65,125;170,75;-76,09375;-68,21875;128,3125;-0,1875;-137,34375;-146,375;-1,5;-114,84375;-116,09375;93,96875;-236,65625;-119,5625;-153,21875;-219,4375;-386,96875;-213,5;-282,9375;-299,21875;-573,3125;-475,15625;-263,65625;-386,1875;-213,71875;-329,71875;-481,3125;-188,78125;-303,75;-401,4375;-404,125;-289,6875;-167,875;-246,4375;-398,125;-90,6875;-226,4375;-235,71875;-117,5625;-185,0625;-168,3125;-256,65625;-201,1875;-268,75;-56,9375;-202,75;-68,21875;15,59375;-2,75;51,75;-32,8125;140,8125;8,125;-213,4375;67,25;115,0625;59,96875;285,875;93,125;201,78125;173,90625;440,3125;246,65625;-13,0625;175,53125;-4,8125;316,46875;450,375;258,84375;389,0625;19,6875;189,4375;102,5;200,78125;148,375;177,875;406,25;224,625;399,84375;407,53125;251,5625;235,53125;258,625;453,5625;27,1875;442,34375;308,25;180,78125;38,875;270,5625;93,0625;312,21875;265,625;296,90625;264,21875;342,03125;195,71875;170,4375;206,1875;197,09375;272,03125;174,125;210,0625;186,6875;226,125;252,84375;159,0625;374,46875;119,0625;240,9375;76,46875;264,1875;191,96875;215,96875;313,59375;63,40625;314,96875;178,1875;118,625;407,5;250,0625;150,71875;387,71875;16,875;230,5;308,8125;309,875;127,09375;243,625;191,03125;279,09375;217,375;168,5625;240,78125;298,34375;68,21875;361,65625;276,34375;98,25;40,71875;43,59375;33,46875;13,59375;271,53125;
181,0625;53,09375;305,84375;175,625;201,90625;213,0625;156,78125;293,09375;373,71875;369,8125;192,09375;420,46875;444,21875;414,875;345,75;170,96875;253,375;537,9375;269,75;215,8125;493,21875;367,4375;324,65625;124,5;333,15625;324,875;322,71875;223,09375;215,8125;274,5625;496,34375;68,28125;359,78125;434,625;505,03125;704,21875;179,375;320,65625;428,5;501,21875;383,6875;367,40625;339,0625;369,21875;386,21875;597,96875;533,4375;469,125;483,375;323,625;295,46875;335,15625;246,1875;254,9375;305,65625;492,84375;320,5625;191,125;338,9375;517,625;393,71875;76,28125;134,5;259,59375;263,90625;234,6875;303,0625;155,46875;77,5625;357,25;66;308;246,8125;129,4375;96,59375;74,0625;-35,5625;148,25;202,65625;-124,46875;-74,25;-191,6875;-3,9375;-122,3125;-85,625;-37,40625;-447,03125;-62,84375;80,21875;-36,25;-15,71875;-131,6875;-193,75;48,3125;-258,28125;-197;-177,78125;-102,59375;-64,09375;-192,6875;-124,5625;-193;-72,71875;53,40625;-283,46875;-132,5;32,40625;-162,4375;-172,90625;13;-12,25;-183,375;-279,65625;-343,375;-196,9375;-212,125;-242,75;-125,65625;-296,84375;-88,71875;87,5625;16,75;-49,34375;-78,28125;-235,09375;-220,15625;-207,21875;-61,78125;131,0625;-34,84375;-123,15625;-16,46875;-248,21875;-51,5;-82,9375;44,75;-104,78125;-90,46875;-50,625;132,5625;168,40625;70,46875;-157,9375;126,96875;-17,9375;-157,65625;-126,3125;12,9375;86,53125;75,25;-58,34375;150,3125;107,8125;123,5625;240,84375;6,40625;169,65625;29,46875;99,09375;128,1875;229,03125;-17,875;87,03125;81;169,9375;30,84375;78,125;171,875;-73,59375;-58,84375;28,6875;-94,34375;-33,1875;77,1875;-73,125;49,03125;-65,71875;-90,25;-90,28125;62;2,03125;139,40625;-10,875;36,375;-14,625;-188,1875;-117,8125;-68,15625;-110,59375;-262,5625;-88,5;-112,40625;-284,90625;-288,875;72,09375;-238,3125;-477,1875;-212,375;-352,375;-113,96875;-37,6875;-135,78125;-190,46875;-340,59375;-439,1875;-477,875;-315,09375;-251,53125;-308,6875;-384,8125;-298,46875;-400,4375;-143,59375;-520,65625;-180,25;-83,03125;-116,21875;-145,40625;-170;76,28125;-108,875;89,78125;24,1875;-1,90625;-282,90625;-330,125;70,0625;70,09375;65,34375;121,34375;227,5625;31,96875;-61,875;169,15625;237,28125;47,34375;136,3125;143,46875;210,90625;209,40625;284,90625;214,34375;295,125;46,8125;255,1875;272,46875;197,59375;178;254,90625;452,28125;247,375;389,34375;249,4375;453,9375;545,09375;291;379,125;197,125;306,625;376,3125;510,03125;289,625;422,875;312,5;442,34375;219,53125;355,09375;184,09375;576,5625;144,71875;26,46875;165,53125;195,0625;292,9375;245,65625;165,3125;357,78125;364,59375;113,34375;406,375;214,0625;253,9375;168,0625;223,625;359,40625;291,03125;191,3125;-72,875;277,0625;265,40625;149,40625;272,59375;271,46875;156,3125;334,53125;172,59375;348,34375;256,96875;42,65625;359,96875;243,1875;86,625;295,75;283,96875;326,0625;233,96875;239,5;114,03125;58,9375;124,5;231,09375;191,375;162,0625;433,3125;411,5;141,21875;232,09375;176,59375;-34,6875;200,53125;
76,84375;-4,75;253,625;139,5;110,90625;396,8125;158,84375;250,78125;215,84375;369,5625;177,0625;241,0625;441,0625;343,34375;341,4375;312,84375;274,0625;514,75;327,53125;115,25;406,65625;489,25;488,6875;332,15625;467,71875;325,09375;303,9375;372,5;481,5;548,5;621,84375;462,34375;394;416,34375;396,8125;507,28125;487,9375;295,6875;475,5625;409,84375;582,90625;352,84375;576,40625;506,375;319,09375;432,84375;498,1875;339,90625;271,84375;513,21875;385,875;154,25;478,65625;419,71875;392,90625;238,3125;377,25;360,25;551,4375;306,90625;345,40625;301,125;571,34375;340,96875;292,9375;172,5625;192,96875;131,3125;148,0625;-4,34375;168,46875;245,875;77,84375;276,78125;144,6875;35,375;264,84375;69,5;-76,90625;-98,875;-80,6875;27,59375;187,0625;-25,40625;-17,5;107,6875;-125,3125;-243,9375;-169,1875;-18,625;-61,09375;-88,6875;90,96875;-60,5625;-286,8125;-310,03125;-108,0625;65,90625;-139,03125;-205,15625;-82,21875;-290,3125;-39,125;-279,625;-244,28125;229,25;-255,5;-153,71875;-120,875;-157,1875;-197,4375;-198,6875;-200,40625;-67,65625;-357,5;-323,75;-194,53125;-68,21875;-152,875;-119,90625;-83,09375;-2,6875;-305,375;-4,125;-41,3125;-112,65625;-18,15625;15,21875;-18,5625;42,09375;-244,90625;-156,84375;-282,78125;-126,6875;-99,96875;-212,71875;-247,84375;-199,9375;-44,46875;90,03125;147,46875;-35,1875;24,4375;68,65625;87,65625;-20,6875;62,40625;-28,59375;60,875;-54,09375;100,75;-36,53125;102,09375;-25,71875;68,0625;140,59375;166,1875;26,28125;87,21875;234,46875;126,21875;-68,25;202,90625;51,625;45,15625;-39,15625;224,6875;13,53125;-175,09375;-193,09375;-93,71875;-285,09375;31,25;-37,0625;60,78125;63,625;134,65625;-60,875;-132,6875;97,4375;-9,5;5,625;61,0625;-101,28125;-131,3125;-202,625;-262,4375;-62,375;-227,78125;-215,3125;-309,34375;-102,75;-152,40625;-287,25;-84;-331,25;-290,8125;-270,15625;-417,5625;-458,125;-331,78125;-330,65625;-332,4375;-240,25;-250,75;-436,09375;-313,96875;-213,34375;-163,5;-267,03125;-288,96875;-225,6875;-183,90625;-291,0625;-281,75;-204,65625;-240,84375;-200,3125;-270,34375;-2,1875;136,5625;-76,59375;-10,625;-50,90625;-123,34375;-116,03125;59,5625;-81,71875;-69,8125;67,46875;-172,40625;189,9375;92,1875;116,3125;129,9375;-33,71875;33,84375;267,375;287,96875;84,28125;237,96875;421,3125;283,59375;350,875;212,6875;260,71875;343,1875;385,71875;283,71875;267,3125;441,25;316,375;339,53125;371;349,75;284,59375;254,125;141,625;482,625;212,59375;215,8125;522,875;292,625;246,75;391,5;191,71875;110,5;223,9375;238,3125;250,46875;311,5;162,84375;420,53125;217,59375;16,15625;212,71875;51,3125;286,59375;46,6875;246,96875;223,40625;256,5;459,1875;130,1875;127,90625;318,71875;336,15625;294,53125;507,90625;272,65625;328,40625;277,21875;209,75;322,125;156,40625;245,4375;383,40625;401,34375;270,65625;282,8125;232,0625;149,84375;249,625;330,8125;375,0625;246,5625;374,6875;224,1875;275,28125;190,46875;250,0625;137,46875;376,5625;283,21875;125,375;295,96875;70,46875;85,09375;-61,46875;302,03125;
287,75;220,875;375,96875;82,84375;247,78125;293,90625;382,53125;314,84375;236,84375;368,28125;294,4375;476,53125;322;384,1875;539,5;438,71875;379,84375;403,46875;414,0625;294,28125;248,96875;492,46875;398,75;499,125;451,96875;358,09375;399,21875;424,34375;431,59375;502,78125;488,53125;323,1875;528,9375;619,28125;392,40625;503,34375;525,40625;369,40625;624,71875;720,4375;488,625;495,5625;485,84375;417;440,8125;430,25;580,96875;439,5625;434,96875;386,90625;606,75;367,90625;453;408,90625;312,375;465,0625;441,375;500,28125;497,0625;533,75;300,8125;445,65625;436,46875;215,4375;467,5625;360,71875;254,375;336,4375;132,15625;441,1875;247,53125;340,125;294,53125;-42,34375;360,625;132,34375;60,6875;0,125;52,53125;-16,8125;31,46875;-7,4375;68,1875;38,28125;135,96875;158,1875;174,375;19,75;-125,625;-8,3125;-41,40625;-195,65625;-52,71875;-106,9375;16,96875;-157,46875;10,1875;-149,75;-6,0625;-20,53125;-36,90625;-63,78125;-63,0625;-176,5625;-76,1875;-52,21875;-114,59375;-217,90625;-51,1875;-186,71875;-303,53125;-130,84375;-257,5625;-213,6875;-167,5625;-259,96875;-244,53125;-91,34375;-284,84375;-100,40625;-121,09375;-92,46875;-40,90625;-100,875;-115,9375;77,03125;-71,5;-330,9375;-80,375;-163,65625;-54,625;-108,3125;-80,375;-116,0625;-155,625;-54,21875;-106,90625;-72,875;113,40625;-115,09375;-14,59375;92,03125;-85,1875;199,71875;-179,0625;46,78125;-201,1875;-87,84375;-99,03125;2,09375;-119,0625;74,09375;-154,25;81,46875;360,3125;105,125;311,46875;-94,5625;65,65625;95,125;163,15625;69,375;35,5;-78,5625;173;125,3125;30,65625;-29,90625;-127,71875;68,46875;-189,34375;5,71875;1,625;223,09375;-46,28125;-47,375;-216,09375;-85,5625;-71,34375;234,03125;-66,875;-150,65625;-118,03125;110,25;27,0625;-92,28125;-95,90625;-253,4375;-105,28125;-3,9375;-135,1875;-33,875;-194,4375;9,21875;-167,3125;-224,375;-145,40625;-232,375;-298,75;-205,40625;-432,21875;-314,90625;-379,1875;-268,90625;-167;-188,78125;-287,5625;-423,28125;-149,59375;-350,59375;-372,75;-249,03125;-223,875;-140,75;-350,40625;-135,46875;-363,96875;-61,34375;-195,6875;-233,90625;-176,4375;82,71875;-24,78125;88,96875;64,125;14,25;-137,5;-41,5625;-72,09375;151,71875;71,90625;-136,09375;52,125;227,5625;68,6875;283,65625;226,25;405,1875;99,46875;350,84375;314,96875;107,34375;177,9375;481,9375;369,96875;246,34375;286,25;246,59375;162,1875;588,09375;451,375;203,75;172,71875;349,4375;474,21875;507,6875;373,84375;456,15625;404,96875;177,15625;313,1875;289,625;458,9375;258,21875;287,46875;426,21875;446;392,1875;475;417,15625;243,4375;363,25;406,46875;224,90625;239,5625;384,65625;365,21875;376,8125;161,78125;330,40625;365,78125;341,65625;280,40625;133;191,59375;304,40625;318,71875;314,40625;314,09375;437,1875;270,4375;288,09375;102,71875;353,6875;407,78125;320,96875;570;309,375;446,15625;445,8125;405,09375;397,53125;295,28125;315,71875;404,75;205,71875;326,75;116,125;376,3125;333,40625;343,78125;106,25;93,46875;247,5;173,5625;176,34375;189,6875;60,40625;191,25;184,8125;
76,34375;177,5625;205,1875;122,40625;405,75;360,90625;109,78125;270,96875;139,75;181,21875;373,65625;433,59375;301,96875;173,8125;435,40625;351,375;412,4375;356,03125;607,78125;426,1875;458,0625;363,5625;334,03125;237,40625;140,375;385,28125;317,71875;427,78125;421,625;609,25;742,40625;475,90625;535,375;515,59375;370,03125;569,46875;516,15625;587,78125;371,375;465,65625;525,40625;515,0625;503,90625;523,3125;551,65625;556,71875;710,46875;436,375;288,1875;246,59375;617,9375;547,28125;414;446,9375;392,6875;603,625;419,90625;583,21875;408,28125;417,8125;535,6875;211,875;544,90625;571,40625;268,125;295,5625;419,03125;269,40625;285,46875;185,4375;218,46875;34,625;-27,78125;-9,25;172,09375;45,96875;59,4375;-166,71875;50,9375;-45;18,6875;215,5625;-104,0625;-48,53125;48;79,3125;-24,03125;141,5625;54,09375;-21,875;-117,25;8,90625;1,84375;-198,34375;109,78125;-34,96875;-9,90625;121,625;-20,3125;-65;-158,625;-211,34375;-119,9375;14,46875;-10,4375;-1,21875;-73,375;-132,34375;-108,5;-53,9375;-87,34375;-138,6875;-197,40625;-59,65625;-240,5;-87,65625;-335,3125;-4,40625;-195,96875;-257;-78,9375;-12,25;-34,875;-11,625;-77,96875;176,5625;94,78125;-166,53125;-134;-190,34375;-198,125;-180,0625;-224,9375;-142,1875;-280,75;-60,375;-237,9375;-181,1875;-209,6875;-147,15625;-82,5;63,84375;-99,625;78,21875;-125,46875;15,46875;-12,875;-191,75;-178,8125;-95,78125;-183,0625;-100,34375;31,25;295,90625;77,03125;26,40625;-10,3125;-40,28125;-181,9375;69,09375;46,71875;118,5;62,59375;64,5;281,375;296,71875;12,25;119,78125;-57,875;106,875;76,5625;43,53125;13,75;-99,6875;177,0625;4,5;74,28125;-286,375;135,5;94,09375;-84,625;-77,65625;-84,8125;52,09375;-149,78125;-111,6875;-181,625;5,8125;-199,71875;-131,75;-209,40625;-45,09375;-76,84375;-138,65625;-71,59375;-383,09375;-125,125;-391,84375;-332,8125;-332,84375;-403,96875;-196,28125;-396,84375;-381,125;-357,5625;-169,15625;-410,40625;-268,84375;-68,65625;-190,84375;-312,6875;-299,3125;-380,46875;-119,53125;-278,09375;31,5;-153,84375;-229,65625;-24,875;-202,25;-157,09375;-125,125;160,65625;63,0625;-12,8125;63,15625;-39,3125;4,4375;-10,75;146,53125;170,96875;25,125;336,03125;115,09375;302,6875;266,5;365,8125;159,09375;223,84375;154,5625;365;387,0625;230,3125;278,71875;239,46875;159,78125;287,03125;348,59375;452,5;355,46875;417,8125;522,28125;216,4375;388,5;517,71875;464,625;307;267,96875;357,65625;304,3125;348,625;356,21875;385,1875;492,65625;550,21875;308,09375;347,75;278,34375;295,5;509,96875;526,03125;292,625;401,71875;375,125;217,5;396,875;467,0625;427,1875;329,53125;245,6875;476,34375;328,8125;218,65625;358,84375;405,59375;318,5;383,5625;275,46875;350,0625;340,125;254,25;405,375;306,21875;338,15625;364,71875;348,84375;480,375;343,375;360,03125;252,65625;296,71875;479,25;422,4375;361,9375;412,4375;469,84375;314,5625;188,0625;264,0625;277,0625;349,78125;201,8125;181,15625;-114,9375;-119,78125;75,09375;45,75;130,0625;202,15625;251,40625;
-71,21875;-53,375;164,6875;190,625;136,28125;120,4375;150,03125;172;434,90625;296,875;181;304,9375;282,03125;149,1875;281,25;369,9375;320,90625;330,8125;482,59375;366,375;308,1875;528,0625;317,9375;207,875;385,78125;527,03125;552,90625;389,53125;612,71875;526,0625;581,96875;570;183,125;584,90625;474,375;595,15625;512,1875;495;711,09375;391,5;543,78125;416,90625;335,09375;465,40625;531,5625;572,25;396,4375;349,78125;592,15625;542,46875;675,5;438,59375;612,3125;398,375;415,625;580,90625;452,46875;623;376,34375;461,9375;357,5625;264,75;358,9375;494,4375;266,0625;484,875;460,40625;325,4375;232,3125;263,34375;72,1875;318,875;286,71875;175,28125;51,25;-20,4375;264,4375;63,875;132,875;2,46875;46,1875;-49,6875;92,5625;3;-81,6875;-21,34375;-8;34,15625;-35,21875;-11,6875;12,40625;-73,96875;-162,4375;-98,53125;-139,34375;-16,8125;-253,3125;55,875;22,21875;-231,9375;-133,28125;-226,25;-28,46875;-111,875;-236,625;-205,6875;-94,3125;14,78125;-163,6875;54,84375;-222,9375;-140,5625;-317,59375;-328,65625;-125,625;-354,5;-189,9375;-264,6875;-236,71875;-319,34375;-298,75;56,90625;-22,625;-94,46875;108,96875;-430,09375;-282,75;-211,90625;-103,03125;-250,75;-233,1875;-241,09375;-163,8125;-360,0625;-133,90625;-145,3125;-557,71875;-265,34375;-268,15625;-98,65625;-127,6875;-189,21875;-44,28125;-131,65625;-189,15625;-115,21875;-227,375;-31,875;-187,15625;-92,28125;-271,59375;-54,125;111,4375;-0,28125;29,40625;-262,0625;-31,71875;33,90625;-21,15625;144,34375;50,0625;-141,90625;-17,875;-187,40625;-222,96875;-111,375;-125,65625;-110,625;-156,125;-20,5;-96;-126,28125;-212,75;-247;-165,09375;-183,25;-24,3125;-72;-67,8125;102,5;-49,46875;-19,84375;-26,1875;-369,21875;-152,375;-360,1875;-38,625;-207;-392,96875;-249,5625;-238,8125;-345,53125;-185,78125;-251,75;-265,875;-461,53125;-312,09375;-302,25;-589,375;-249,59375;-89,3125;-381,8125;-268,90625;-449,34375;-274,53125;-487,125;-462;-263,34375;-414,53125;-285;-114,84375;-358,0625;-471,9375;-137,96875;-108,21875;-518,6875;-642,375;-365,0625;-564,75;-361,90625;-222,4375;-147,59375;-291,375;-33,65625;-0,65625;-52,5625;17,78125;-183,96875;-245,34375;-73,34375;-126;-131,4375;34,53125;-65,15625;108,625;126,40625;128,3125;72,8125;437,0625;28,71875;322,6875;264,375;327,9375;555,9375;188,5625;142,09375;318,9375;177,375;378,09375;276,6875;266,84375;444,5625;362,6875;233,4375;241,46875;208,9375;315,625;391,09375;348,90625;297,90625;435,375;262,5;297,625;219,90625;219,125;418,5;227,96875;246,46875;199,125;120,53125;336,40625;247,03125;209,125;301,40625;333,96875;260,125;133,6875;365,78125;488,53125;594,53125;123,5;248,9375;199,65625;201,875;150,875;191,90625;323,75;221,9375;133,8125;431,875;185,125;299,25;214,4375;-2,59375;250,125;260,875;269,53125;300,09375;339,65625;296,1875;346,40625;383,71875;46,09375;279,1875;178,71875;151,96875;198,75;138,125;127,4375;175,5;56,78125;179,34375;65,125;161,125;46,84375;83,5;6,375;82,71875;85,09375;-61,6875;
52,46875;48,40625;-88,96875;101,625;173,15625;219,0625;64,15625;181,59375;231,125;199,46875;341,5;169,875;207,90625;309,84375;277,4375;475,25;511,96875;228,15625;378,15625;283,4375;431,8125;307,84375;473,90625;557,6875;476,0625;591,59375;568,15625;545,9375;615,6875;414,53125;650,84375;551,28125;601,65625;594,8125;491,375;481,375;424,9375;416,53125;540,65625;554;498,21875;583,875;451,8125;464,71875;616,6875;401,78125;663,21875;572,96875;757;326,84375;542,4375;631,09375;617;610;592,59375;513,59375;339,28125;500,8125;525,28125;568,65625;414,3125;471,96875;368,625;504,40625;387,15625;439,4375;299,71875;396,96875;130,96875;464,53125;404,59375;450,4375;174,15625;135,40625;106,65625;67,90625;73,71875;191,9375;200,5;121,875;126,125;142,84375;42,40625;47,6875;-37,4375;46,96875;34,78125;65;165,3125;-112,5;-135,375;-78,09375;43,09375;-131,84375;31,1875;-159,78125;-44,15625;-129,3125;19,5;-110,875;-83,25;-296,59375;-53,59375;-216,25;-202,6875;51,9375;-256,21875;-67,6875;-38,03125;149,5625;-123,4375;-155,375;-31,125;-130,71875;-122,53125;-267,75;-39,5;-219,9375;32,125;-74,15625;-261,0625;27,6875;-94,1875;93,15625;-78,9375;76,90625;-224,5625;-25,71875;-287,84375;-302,21875;-154,125;-174,15625;-139,8125;-140,15625;-272,46875;-139,65625;-308,9375;-251,875;21,40625;-303,3125;-9,375;-100,4375;-122,65625;-118,84375;-83,375;-88,40625;-196,5;-394,40625;-220,34375;-146,875;-76,09375;-36;-83,21875;46,125;-102,6875;-131,90625;118,78125;26,375;127,96875;-99,0625;-4,5625;146,96875;47;193,5625;95,75;-156,59375;-107,53125;-40,3125;-205,78125;77,78125;13,875;56,46875;57,875;47,625;-11,8125;64,9375;36,4375;13,75;-150,4375;-11,21875;3,25;-70,5;-82,875;-27,25;-55,71875;-0,5625;-253,71875;-212,59375;-114,875;-219,21875;-125,5;-294,59375;55,5625;-9,78125;-139,3125;-96,25;-84,84375;-159,40625;-261,46875;-270,6875;-285,1875;-358,5625;-318,84375;-371,625;-367,125;-445,875;-318,1875;-447,1875;-144,625;-332,34375;-211,25;-353;-306,59375;-295,78125;-212,34375;-309,53125;-190,71875;-294,4375;-168,375;-128;-217,28125;-75,5;-153,96875;18,28125;-16,375;291,96875;-132,21875;9,53125;-120,875;-31,53125;-229,59375;211,875;73,09375;177,375;231,28125;377,1875;312,21875;454,0625;309,1875;171,75;234,21875;369,1875;290,46875;207,09375;334,25;221,25;188,375;411,5;397,3125;304,09375;547,21875;490,46875;211,6875;555,3125;406,4375;325,90625;476,3125;341,03125;307,5625;278,25;320,4375;454,25;386,25;652,375;359,78125;462,84375;467,4375;274,84375;378,0625;483,0625;478,21875;397,5625;377,625;562,75;462,125;533,1875;515,0625;496,84375;136,875;487,5;211,6875;259,03125;327,46875;282,75;309,25;363,59375;736,34375;415,5625;483,28125;483,8125;217,625;217,40625;363,25;590,28125;275,625;152,59375;355,46875;237,78125;418,71875;376,71875;270,25;391,84375;497,84375;435,25;466,625;289,46875;252,5625;331,15625;382,40625;138,46875;233,5;469,3125;51,71875;273,09375;132,8125;138,65625;223,40625;-66,09375;50,78125;124,5625;
73,28125;115,28125;-1,46875;40,78125;168,6875;371,6875;23,0625;243,5625;115,71875;85,09375;190,15625;258,59375;223,75;371,65625;388,3125;340,9375;326,40625;411,0625;419,96875;474,3125;496,53125;349,9375;349,6875;539,125;336,25;467,3125;663,75;581,5;553;622,09375;476,375;672,28125;581,34375;322,1875;476,3125;364,125;537,25;350;478,5;365,09375;679,5625;742,5;465,0625;694,6875;536,03125;713,09375;459,6875;550,90625;606,4375;443,84375;572,4375;511,5625;614,90625;370,65625;606,28125;606,53125;527,125;816,5625;461,84375;634,15625;498,875;534,59375;492,96875;419,6875;365,3125;517,65625;345,40625;260,90625;530,15625;413,90625;425,3125;321,9375;438,03125;251,90625;325,78125;268,125;212,875;92,53125;299,59375;90,1875;66,25;-38,375;70;207,8125;123,71875;136,71875;-122,78125;93,4375;174,03125;-94,96875;61;38,4375;-27,0625;-41,75;-65,4375;-111,34375;-189,28125;10,4375;23,25;-328,6875;-100,5625;-70,25;-163;-207,8125;-98,09375;-111,125;212,65625;-113,84375;-85,8125;-201,6875;-198,3125;-134,96875;17,125;-44,34375;-97,4375;-62,5625;-145,375;-21,75;-177,90625;-39,5;-99,28125;-127,5;-136,1875;-177,59375;-5,65625;-56,1875;-81,40625;-11,9375;-219,53125;-291,375;-366,34375;-195,375;-88,4375;-193,8125;-350,53125;-402,0625;-316,59375;-166,53125;-202,96875;-310,75;-200;-85,25;-99,65625;-180,28125;-163,53125;-264,75;-159,21875;-218,71875;-36,1875;-299,71875;145,28125;-134;-62,90625;-196,03125;-65,125;-111,65625;-43,25;-16,59375;-87,625;-14,40625;12,21875;-40,25;48,96875;-77,90625;53,5;70,53125;-29,71875;65,6875;-79,09375;106,875;-25,71875;-182,78125;26,03125;-122,75;121,40625;14,96875;-75,53125;122,75;-159,53125;-149,84375;-43,75;-39,0625;-94,3125;-112,84375;-22,46875;47,9375;-185,9375;-336,6875;-284,96875;-353,46875;-167,21875;-243,34375;-167,75;-135,28125;-211,125;-341;-138,25;-348,25;-351,4375;-246,59375;-190,53125;-509,1875;-352,03125;-287,0625;-415,84375;-486,9375;-424,90625;-257,53125;-239,96875;-301,6875;-207,53125;-405,28125;-404,59375;-42,625;-499;-374,34375;-289,875;-268,625;-320;-301,21875;-143,3125;-158,96875;-197,84375;-61,84375;-168,40625;27,65625;-141,75;166,71875;81,46875;-88,46875;107,8125;7,90625;57,3125;301,0625;25,71875;221,84375;422,1875;293,4375;261,3125;156,90625;342,96875;264,5625;502,90625;365,9375;417,40625;202,1875;460,65625;371,65625;233,34375;264,1875;265,4375;312,1875;379,375;448,5;468,9375;467,28125;452,59375;263,21875;363,8125;578,8125;303,8125;225,46875;452,6875;456,25;393,21875;381,40625;200,40625;481,9375;465,125;464,53125;529,71875;564,09375;383,5625;476,78125;452,40625;163,1875;295,5;464,96875;404,90625;517,25;449,1875;233,15625;424,03125;445,28125;316,8125;453,8125;465,75;373,09375;309,6875;308,3125;383,28125;215,8125;186,71875;563,375;309,375;290,34375;459,9375;423,09375;439,15625;279,25;371,90625;424,1875;176,28125;453,5;267,34375;460,40625;240,59375;219,71875;305,6875;180,875;187,09375;267,71875;329,6875;187,53125;77,75;252,375;-44,9375;11,84375;-8,5625;65,84375;
191,5625;184,3125;108,46875;27,875;244,34375;367;84,4375;338,0625;456,875;425,3125;531,875;333,40625;130,65625;573,125;571,46875;359,125;398,3125;402,46875;419,5;505,625;565,59375;597,09375;534,6875;631,9375;375,25;686,90625;589,78125;796,125;779,5625;599,6875;683,53125;530,09375;614,5625;634,3125;470,03125;624,875;599,28125;464,84375;452,6875;708,0625;571,15625;697,09375;430,125;724,84375;850,53125;579,09375;765,90625;741,28125;610,8125;642,15625;735,71875;716,46875;514,84375;773,59375;543,125;616,875;534,4375;526,59375;466,15625;596,78125;822,71875;740,875;620,84375;483,15625;520,1875;707,46875;654,5;717,8125;533,65625;503,71875;451,96875;563,875;402,59375;578,9375;337,1875;425,34375;177,65625;508,40625;122,625;135,375;332,96875;110,0625;233,8125;161,28125;100,4375;-44,78125;-22,1875;192,8125;85,84375;13,5;107,75;107,5625;186,75;101,65625;72,125;20;-94,28125;159,53125;-29,53125;3,65625;85,03125;164,03125;182,96875;265,65625;197,65625;100,25;-2,1875;68,34375;-83,5625;-27;8,84375;-65,9375;-15,875;-309,46875;48,40625;-92,09375;-102,125;32;55,625;-8,6875;-39,28125;165,28125;146,3125;-124,15625;88,6875;0,375;79,625;29,28125;-371,4375;48,03125;-172,8125;-65,5;-169,75;-63,78125;-159,9375;-271,5;45,03125;-7,09375;-282,125;153,09375;45,5;13,0625;39,65625;-86,40625;-86,3125;-14,59375;-34,90625;106,0625;-92,15625;-81,84375;-8,25;-26,46875;123,3125;25,78125;147,5;298,84375;62,40625;80,21875;198,90625;88,3125;160,90625;-58,9375;162,1875;65,8125;126,3125;26,75;106,84375;77,78125;37,375;-94,21875;11,21875;28,65625;70,84375;177,09375;119,28125;-81,625;90,25;114,65625;327,46875;24,34375;-99,84375;171,15625;4,84375;-38,28125;-5,46875;-146,5625;-31,0625;-177,09375;79,8125;-184,625;69,6875;-119,46875;60,125;28,28125;147,53125;-17,3125;-220,125;-144,375;-139,65625;-242,5;-124,78125;-285,46875;-254,6875;-215,8125;-155,9375;-271,625;-161,78125;-295,90625;-249,78125;-101;-261,46875;-268,84375;-312,6875;-187,21875;-265;-223;-252,8125;-109,4375;-50,28125;-57,125;-189,96875;41,90625;-178,90625;-139,0625;-162,65625;-40,1875;49,875;-12,34375;-32,40625;146,3125;313,09375;247,8125;121,53125;157,9375;306,03125;367;296,46875;611,4375;409,3125;341,90625;340;391,59375;494,09375;363,5;580,90625;308,5625;492,21875;669,5625;459,6875;593,25;594,21875;559,71875;346,90625;545,15625;566,9375;526,53125;612,625;463,90625;568,46875;553,09375;828,125;522,65625;570,65625;678,875;642,59375;862,40625;523,4375;599,8125;678,4375;352,15625;337,75;534,78125;467,6875;346,25;638,71875;692,71875;542,8125;463,5;660,40625;534,6875;368,96875;374,25;491,15625;612,59375;564,03125;588,46875;730;642,0625;578,90625;660,4375;715,8125;595,0625;619,5;408,1875;513,28125;500,21875;439,3125;587,5;614,90625;471,46875;650,875;644,25;530,625;582,1875;505,71875;499,28125;675,28125;519,90625;398,78125;357,25;387,875;430,8125;431,4375;386,59375;360,46875;320,875;357,40625;156,34375;-10,59375;95,5625;
191,625;145,3125;276,59375;259,75;24,8125;369,125;37,40625;407,09375;324,6875;352,8125;290,1875;310,1875;329,71875;555,15625;414,15625;287,59375;534,21875;572,15625;264,25;419,4375;449,15625;449,3125;410,625;466,28125;465,3125;549,5;564,9375;699,21875;419,875;615,5625;675,9375;698,15625;640,40625;747,4375;677,8125;547,625;687,09375;786,1875;588,46875;670,5625;835,875;714,09375;373,5;530,0625;845,875;727,28125;682,25;682,03125;731,1875;973,15625;653,28125;581,625;619,71875;600,0625;433,65625;838,0625;607,90625;684,15625;731,0625;644,5625;583,625;709,84375;567,6875;442,5;702,5;660,1875;614,5;729,5;829,6875;595,9375;414,25;475,5625;379,8125;340,03125;473,09375;252,875;416,09375;265,71875;420,875;558,625;187,15625;246,21875;384,34375;339,03125;277;70,875;149,03125;118,46875;279,25;153,90625;-29,125;175,90625;36,96875;58,5;308,3125;174,03125;262,34375;287,09375;145,875;-241,25;84,1875;188,96875;167,09375;128,5625;61,46875;194,75;36,875;74,90625;141,40625;6,09375;100,65625;-44,3125;328,96875;-50,125;80,78125;-99,84375;25,84375;11,1875;69,78125;-2,8125;-19,71875;24,625;27,15625;135,375;152,65625;329,28125;216,46875;135,71875;63,9375;-45,84375;-65,59375;-230,9375;-10,03125;-195,84375;-131,28125;-2,15625;-284,59375;-167,0625;-89,71875;46,40625;144,9375;-115,25;-26,375;-149,625;21,40625;-138,125;-106,09375;-61,5;-186,125;-69,5625;76,75;-3,59375;49,28125;-12,28125;64,75;108,625;93,90625;157,5625;39,28125;-81,96875;151,5;125,375;312,6875;87,75;91,15625;168,25;67,71875;-88,03125;-29,59375;196,15625;193,34375;21,53125;317,9375;39,0625;59,78125;176,59375;-137,875;22,375;-79,34375;60,6875;161,4375;43,6875;168,84375;9,1875;-24,1875;-18,25;-38,15625;95,28125;-266,96875;-96,875;-219,96875;-19,15625;-264,71875;-199,9375;-90,4375;-347,5;-27,15625;-104,3125;-247,3125;-468,6875;-165,34375;-183,78125;-373,96875;-338,96875;-215,53125;-182,15625;-167,09375;-328,8125;-156,4375;-228,34375;-293,03125;-54,0625;-253,875;-346,34375;-157,53125;-20,53125;-310,125;-147,46875;-289,78125;143,875;-11,3125;-53;-66,21875;16,125;62,53125;274,71875;153,09375;184,8125;75,59375;245,9375;-13,84375;11,75;340,59375;408,9375;104,21875;258,65625;291,40625;369,0625;483,34375;321,125;308,53125;395,1875;216,4375;474,125;559,46875;388,4375;430,3125;495,09375;420,28125;352,75;424,34375;553,1875;585,96875;699,25;452,03125;591,5;649,28125;640,9375;539,3125;667,4375;598,8125;547,8125;608,71875;642,84375;627,8125;693,78125;331,8125;639,0625;514,9375;417,09375;514,625;612,5625;883,34375;822,40625;572,8125;632,625;777,84375;563,0625;603,5;554,15625;427,03125;552,5;744,5;641,65625;635;539,3125;634,46875;414,25;550,03125;483,5;643,46875;506,21875;629,875;590,21875;742,78125;616,59375;491,8125;350,75;524,5;444,6875;434,9375;622,59375;662,15625;529,5;290,125;500,03125;288,125;369,03125;545,40625;309,125;317,15625;419,125;313,9375;210,5625;246,09375;285,6875;84,75;184,6875;151,96875;286,125;
42,5;-84,96875;26,625;160,59375;223,75;202,46875;-98,28125;102,90625;96,34375;125,65625;208,15625;140,90625;137;199,4375;298,59375;73,53125;293,65625;188,3125;120,75;192,09375;262,03125;165,03125;291,3125;360;288,875;177,84375;443,8125;402,53125;455,53125;410,90625;401,875;522,40625;245,1875;569,59375;577,4375;628,90625;372,21875;588,9375;674,15625;554,9375;613,53125;656,1875;505,75;457,0625;627,5625;541,78125;546,78125;418,3125;617,15625;608,59375;360,875;447,21875;796,09375;583,28125;664,09375;481,46875;492,96875;649,1875;512,9375;528,125;447,96875;588,4375;531,90625;638,0625;459,28125;218,21875;445,875;487,71875;456,6875;360,5;451,9375;390,875;292,28125;474,46875;301,21875;316,625;366,8125;318,09375;200,625;443,875;74,8125;97,25;207,78125;328,59375;192,28125;206,03125;85,03125;86,9375;96,34375;-19,28125;46,3125;118,8125;147,75;-60,09375;183,25;-142,59375;47,65625;60,5;15,4375;-184,90625;-25,1875;-54,8125;-159,6875;14,1875;40,4375;110,375;-52,8125;-7,40625;-36,59375;83,84375;-83,03125;-57,375;-236,59375;-129,90625;-126,75;-341,46875;-217,625;-82,03125;-102,59375;-244,25;-94,21875;-15,34375;-97,9375;182,5;-23,34375;31,46875;7,25;-236,125;-421,28125;-356,8125;-392,71875;-271,03125;-259,59375;-422,09375;-348,96875;-459,59375;-198,625;-194,75;-228,53125;-61,59375;-113,34375;-149,9375;-268,3125;-146,3125;-210,8125;-103,15625;-151,78125;-115,6875;-294,03125;-219,8125;-305,375;-143,21875;-134,4375;90,90625;-196,625;-157,96875;-274,40625;-59,625;-6,4375;236,3125;-42,84375;-78,78125;-148,03125;53,96875;-115,0625;-143,0625;-113;-171,15625;-68,5625;-144,21875;-174,71875;19,0625;51,71875;106,46875;67,25;-115,59375;-75,59375;-76,09375;-166,375;-68,03125;-87,03125;-134,21875;-173,65625;-97,9375;-38,875;126,15625;-165,78125;69,8125;-372,53125;-247;-305,46875;-335,9375;-528,0625;-134,34375;-324,6875;-311,15625;-483,53125;-628,53125;-483,125;-415,28125;-363,09375;-344,84375;-288,53125;-454,6875;-286,03125;-748,46875;-540,875;-488,78125;-467,625;-399,375;-278,8125;-484,9375;-265,8125;-398,71875;-423,34375;-278,84375;-368,59375;-303;-312,28125;-365,375;-93,46875;-309,71875;-121,25;-175,625;-135,15625;-240,09375;98,0625;-18,34375;-10,125;5,96875;94,6875;3,59375;-164,25;-8,59375;-23,4375;335,53125;186,96875;156,78125;116,5625;194,6875;206,78125;218,71875;351,46875;299,625;315,3125;275,5625;513,03125;566,8125;545,9375;392;377,375;400,28125;426,09375;492,875;336,8125;532,46875;297,8125;655,4375;598,65625;519,96875;493,59375;487,28125;331,625;454,875;388,25;397,34375;211,875;328,84375;383,9375;369,3125;643,6875;450,3125;551,25;423,09375;498,25;317;601,65625;548,5625;435,28125;423,125;457,53125;593,59375;416,09375;449,53125;681,4375;325,90625;600,625;457,71875;408,3125;402,5625;277,125;552,21875;371;442,28125;420,71875;526,78125;322,59375;543,875;219,28125;570,40625;400,28125;588,15625;504,03125;319,65625;205,90625;235,65625;286,125;137,0625;254,09375;268,09375;353,1875;297,875;308,75;95,09375;279,6875;163,03125;134,46875;81,4375;62,84375;65,4375;
200,75;89,09375;208,125;287,40625;212,375;368,75;310,625;192,84375;221,21875;280,78125;287,25;205,125;322,625;104,59375;423,59375;512,5;477,65625;276,9375;497,90625;596,5625;428,84375;331,03125;456,46875;636,03125;488,03125;754,46875;529,75;461,3125;584,65625;495,84375;673;623,03125;714,3125;738,90625;438,90625;657,1875;545,25;570,5625;699,46875;707,5625;762,125;682,5625;902,03125;765,84375;762,59375;621,46875;937,28125;748,8125;658,34375;671,15625;716,0625;785,40625;823,25;897,40625;566,875;672,6875;783,5;845,8125;771,3125;802,96875;598,625;725,9375;893,09375;705,71875;779,71875;476,40625;394,625;500,90625;650,59375;679,875;592,28125;681;537,4375;393,46875;400,71875;443,125;770,28125;515,9375;520,875;423,5;484,90625;485,28125;532,40625;338,5;347,78125;338,71875;237,78125;141,40625;447,0625;346,75;197,28125;320,25;279,875;274,96875;312,28125;87;205,875;85,9375;173;235,5;316,53125;202,84375;111,1875;178,28125;206,9375;159,96875;142,0625;85,8125;208,84375;119,625;-38,125;260,4375;169;122,25;101,9375;96,1875;230,8125;137,5;130,40625;87,65625;161,40625;220,40625;-90,90625;176,25;144,0625;112,21875;61,46875;201,1875;-103,71875;-54,28125;-199,28125;-176,375;-55,40625;56,625;-160,375;-119,21875;-11,8125;-33,4375;-60,9375;33,28125;27,5;150;43,09375;-25,8125;-1,75;-67,5625;87,59375;-124,625;0,5;126,71875;-87,125;-108,09375;-5,40625;-63,0625;35,875;126,75;310,6875;233,75;227,8125;287,9375;145,5;205,65625;-104,5;110,25;108,84375;-123,28125;33,59375;69,625;72,53125;0;135,28125;12,15625;26,71875;160,25;343,34375;257,90625;295,4375;-92,59375;-55,46875;51,40625;163,75;332,46875;2,875;112,40625;101,4375;9,625;59,46875;-265,8125;51,71875;-39,03125;18,25;-57,625;-76,125;-17,8125;-190,625;-208,9375;-165,375;-31,53125;-255,1875;-68,625;-164,46875;-77,84375;-122,84375;-239,9375;-333,15625;-164,625;-232,875;-180,28125;-245,40625;-180,96875;-86,34375;-151,75;-163,25;-112,6875;-345,1875;-54,25;-288,28125;-191,71875;-116,3125;30,625;-217,09375;-277,5;200,9375;156,625;131,3125;196,71875;216,25;259,65625;180,65625;80,96875;119,78125;295,5625;209,1875;265,5;348,46875;352,71875;191,03125;393,4375;236,5625;346,3125;541,90625;403,15625;269,625;368;478,8125;566,59375;555,0625;869,1875;589,4375;414,34375;467,6875;556,125;498,21875;663,9375;734,25;567,71875;624,1875;674,84375;723,0625;612,03125;569,21875;599,8125;867,6875;419,6875;628,53125;540,375;738,78125;499,46875;772,375;590,21875;545,4375;678,21875;731,875;645,40625;894,71875;824,1875;667,40625;830,28125;644,96875;702,65625;513,46875;508,40625;744,3125;576,15625;589,75;459,8125;620,25;721,25;810,28125;869,375;773,03125;589,09375;588,875;439,5625;809,53125;646,53125;550,875;618,40625;593,5625;765,3125;552,875;593,84375;615,75;634,75;655,09375;592,96875;527,21875;372;445,21875;789,0625;519,0625;424;354,6875;154,5625;349,5625;356,34375;238,03125;224,09375;138,5625;-9,28125;
-121,59375;-18,53125;198,8125;63,625;153,4375;43,375;191,5;47,5;432,8125;137,84375;84,0625;204,15625;316,71875;175,59375;165,8125;-49,625;269,65625;163,53125;240,03125;490;301,78125;531,03125;250,53125;380,0625;405,15625;444,03125;444,625;499,09375;606,6875;427,21875;429,34375;452,1875;439,28125;563,9375;697,5;718,78125;443,25;460,8125;607,0625;492,125;502,09375;629,0625;545,03125;713,65625;736,5625;473,90625;505;373,53125;620,625;797,375;685,625;861,15625;776,3125;461,84375;423,125;678,40625;643,90625;493,71875;544,84375;445,09375;586,53125;528,5;695,8125;575,53125;608,75;778,8125;632,1875;511,25;569,625;683;345,03125;409,0625;508;410,6875;410,28125;487,90625;357,5625;390;464,96875;471,6875;382,90625;280,84375;227,75;171,15625;324,15625;296,1875;12,9375;73,71875;84,34375;91;165,9375;48,84375;3,84375;69,28125;70,03125;64,875;74,1875;55,28125;28,6875;-141,0625;93,90625;8,0625;40,9375;156,71875;322,78125;134,1875;102,09375;141,3125;42,75;-59,65625;-100,8125;-21,65625;12,78125;-22,8125;-69,28125;-35,15625;-50,71875;14,90625;-264,8125;123,46875;110,6875;253,15625;53,4375;117,28125;51,4375;32,8125;-139,78125;21,125;-185,78125;-85,375;-141,125;-144,78125;-156,125;-411,71875;-582,875;-268,5625;-148,4375;-253,40625;-246,78125;71,125;-98,5625;-77,875;-122,96875;-31,34375;-208,1875;-262,40625;-179,0625;-319,90625;-338,5625;-309,53125;-402,03125;-175,34375;-99,875;-35,25;-245,875;-165,59375;25,21875;-8,3125;-19,375;-144,40625;-256,90625;126,59375;-93,25;-17,9375;-145,03125;-307,96875;-168,53125;-61,0625;-151,09375;7,625;132,28125;-294,625;-158,75;70,65625;17,03125;156,15625;-139,5625;-112,9375;13,15625;-172,3125;-267;-96,8125;-29,4375;-120,78125;-108,9375;-270,96875;-226,65625;-202,78125;-348,25;-174,78125;-213,34375;-295,96875;-184,84375;-142,34375;-160,96875;-213,375;-331,90625;-261,34375;-262,25;-412,46875;-363,28125;-367,96875;-429,40625;-686,46875;-329,375;-320,34375;-490,3125;-509,5;-381,875;-212,65625;-289,53125;-416,28125;-380,84375;-255,90625;-233,34375;-267,375;-283,09375;-409,90625;-139,65625;-98,28125;-244,84375;-422,625;-49,84375;-278,75;-389,125;-117,53125;-85,28125;-103,9375;-6,78125;-208,75;71,15625;-35,34375;118,09375;-28,875;131,09375;-59,3125;106,96875;154,875;135,1875;210,65625;80,28125;251,75;336,71875;382,03125;236,03125;277,78125;197,3125;308,71875;588,75;496,0625;455,65625;556,84375;646,25;387,0625;567,375;546,53125;411,78125;368,375;615,84375;668,03125;515,8125;570,6875;663,875;433,15625;439,09375;607,53125;412,90625;454,59375;616,09375;537,71875;525,03125;571,125;646,65625;595,3125;486,25;423;669,03125;438,75;421,625;424,5;600,21875;549,53125;653,78125;421,0625;323,9375;774,96875;478,71875;601,53125;559,8125;540,5;598,40625;383,34375;626,59375;439,1875;588,71875;399,78125;502,84375;534,53125;316,25;489;349;431,4375;246,875;278,9375;524;293,53125;492,625;182,9375;257,90625;157,375;254,84375;314,125;208,90625;116;69,375;-71,53125;74,3125;1,125;-137,53125;-28,4375;
-96,15625;323,125;309,625;158,59375;269,1875;402,125;393,71875;239,40625;447;228,15625;373,65625;198,34375;181,625;478,25;429,75;320,125;339,4375;487,34375;594,96875;574,8125;646,875;781,9375;722,90625;457,75;671,53125;759,84375;471,78125;722,71875;417,65625;677,15625;575,75;707;592,84375;730,03125;729,375;783,4375;785,40625;694,40625;760,125;733,78125;736,46875;772,78125;908,65625;1070,3125;820,15625;880,6875;846,34375;812,03125;713,34375;799,78125;960,8125;897,96875;984,28125;953,78125;1071,09375;968,28125;856,5625;951,40625;970,53125;910,8125;1066,0625;992,78125;721,0625;823,46875;897,46875;713,40625;932,375;780,34375;974,96875;931,78125;785,6875;952,9375;711,1875;594,6875;684,4375;522,8125;613,75;521,875;439,75;505,71875;455,15625;746,34375;512,25;642,03125;488,21875;214,9375;484,0625;515,53125;486;298,09375;479,25;146,8125;344,53125;295,0625;148,25;289,53125;214,0625;373;294,875;229,8125;365,125;213,375;121,28125;156,75;288,65625;252,6875;187,53125;275,84375;270,84375;314,625;227,03125;143,15625;229,625;276,84375;90,65625;-25,6875;241,53125;392,625;198,46875;132,28125;359,1875;394,3125;136,53125;184,8125;308,03125;351,59375;253,125;261,84375;58,28125;12,4375;8,40625;87,75;-58,1875;135,59375;-3,28125;-144,71875;-120,40625;139,96875;-112,125;348,09375;278,1875;361,71875;120,375;231,1875;-37;-50,9375;-9,375;18,875;-98,9375;-84,03125;136,9375;-117,3125;59,6875;-39,5625;97,15625;343,84375;217,96875;372,1875;271,90625;304,84375;210,0625;148,53125;290,40625;174,4375;129,6875;370,25;78,75;34,90625;70,125;-0,5625;276,8125;167,6875;237,46875;221,6875;275,40625;353,03125;240;357,375;274,28125;185,03125;389,59375;110,125;237,6875;249,9375;66,34375;168,40625;179,28125;-63,75;-6,375;-42,40625;45,84375;155,75;211,9375;49,53125;42,9375;-23,3125;-119;137,96875;-193,96875;-113,15625;-232,21875;-162,34375;-179,5625;-241,40625;-157,40625;-261,09375;-32,21875;-276,625;-69,5;-170,9375;-130,28125;-171,03125;-149,09375;-274,28125;-175,4375;-147,375;-5,21875;10,0625;-27,125;104,28125;-82,09375;134,46875;4,25;153,28125;151,21875;233,5;65,125;387,59375;147,9375;235,9375;305,03125;247,90625;232;266,40625;258,6875;369,1875;488,03125;411,15625;604,1875;474,78125;574,09375;529,46875;678,65625;446,15625;390,875;671,375;754,25;786,28125;381,375;601,71875;545,25;702,71875;485;665,71875;675,03125;756,65625;554,0625;706,59375;792,09375;624,5625;876,3125;838,4375;490,21875;801,125;701,9375;704,78125;584,5625;668,375;898,6875;886,46875;602,1875;835,34375;766,9375;873,40625;728,53125;695,09375;711,78125;843,1875;782,96875;771,875;771,3125;786,46875;772,46875;849,78125;824,5625;741,125;794,8125;735,5;972,71875;646,0625;669,96875;806,1875;711,15625;943,21875;542,125;809,90625;896,875;882,375;949,09375;808,15625;856,96875;720,5625;586,09375;677,375;827,96875;679,375;753,40625;728,9375;621,90625;648,75;693,65625;641,8125;234,4375;514,4375;662,3125;349,875;474,15625;344,375;561,21875;204,8125;
21,03125;44,0625;76,375;139,53125;312,75;156,9375;87,25;119,75;312,84375;104,09375;367,4375;438;313,0625;285,5;269,8125;482,875;359,96875;377,71875;425,09375;380,5625;445,96875;492,96875;375,25;567,46875;457,375;624,53125;674;546,875;488,875;689,46875;441,53125;559,9375;497,0625;564,5;550,53125;717,1875;597,625;787,3125;851,40625;799,15625;656,5;831,5625;614,90625;614,53125;842,8125;866,15625;541,78125;577,5625;932,375;702,34375;690,625;884,28125;827,84375;811,40625;783,4375;723,21875;846,9375;1033,21875;774,375;965,5;935,46875;784,28125;878,34375;810,125;817,28125;742,75;942,78125;1032,65625;713,71875;755,65625;617;651,9375;572,78125;662;738,46875;868;504,28125;654,46875;675,59375;816,0625;733,84375;647,625;454,375;484,28125;548,875;624,0625;395,5;637,875;386,21875;489,65625;263,3125;520,0625;316,03125;539,84375;338,625;234,625;217,40625;355,5;14,1875;247,34375;407,09375;338,84375;461,25;83,625;178,40625;212,875;396,21875;241,5;114,6875;201,6875;224,03125;85,40625;39,53125;142,3125;75;232,40625;31,5;156,25;73,5625;137,4375;393,4375;293,46875;295,4375;308,59375;353,84375;155,78125;155,53125;95,1875;-24,875;-101,75;44,03125;-131,40625;-96,03125;-83,4375;-201,25;4,21875;-26,46875;55,90625;-73,53125;238,28125;38,75;-2,09375;-94,59375;47,78125;-143,40625;149,46875;-229,90625;-136,21875;-170,59375;-120,8125;-89,3125;-97,46875;35,46875;9,6875;38,28125;185,03125;71,90625;54,5;-94,15625;149,65625;79,03125;268,15625;88,78125;-79,9375;52,53125;58,4375;172,25;17,78125;-39,59375;34,53125;85,9375;120,75;50,71875;208,0625;195,40625;231,59375;225,53125;-98,40625;-147;65,46875;148,5625;105,84375;166,40625;170,5;10,8125;4,1875;31,46875;-264,03125;78,78125;-65,34375;-17,75;25,125;55,78125;-62;-203,96875;111,125;-199,625;-69,15625;-91,65625;-267,09375;-187,875;-248,25;-339,34375;-155,46875;-434,65625;-281,25;-354,9375;-261,0625;-307,34375;-215,78125;-245,78125;-213,125;-218,71875;-52,84375;-246,40625;-420,40625;-173,71875;-308,09375;-33,125;-62,75;-95,65625;298,15625;-87,03125;-33,5;-143,3125;-147,40625;14,96875;104,03125;-70,65625;19,1875;127,21875;91,90625;99,21875;461,4375;345,8125;390,4375;337,75;333,28125;347,71875;408,65625;417,625;419,625;431,59375;378,09375;530,4375;255,1875;547,125;554,59375;549,15625;647,90625;602,6875;547,96875;471,5625;575,9375;453,84375;734,3125;454,03125;644,53125;479,21875;621,84375;528,65625;741,09375;572,1875;406,5;810,78125;722,6875;744,53125;823,625;515,8125;786,15625;841,25;725,65625;583,28125;727,75;587,65625;700,5;646,34375;899,96875;674,15625;683,6875;614,03125;818,09375;866,34375;697,40625;638,625;804,6875;836,03125;460,125;759,53125;567,59375;821,28125;616,59375;708,5;649,34375;719,8125;745,1875;667,3125;614,96875;749,875;668,625;848,0625;861,1875;930,375;819,84375;674,125;449,5;561,3125;487,3125;601,78125;410,78125;514,5625;612,375;560,3125;255,34375;217,875;211,59375;70,4375;124,25;353,46875;74,5;
71,6875;33,71875;27,09375;196,96875;143,96875;165,34375;212,3125;200,65625;143,09375;219,9375;103,6875;254,4375;298,21875;455,5;186,5;220,4375;112,75;355,71875;373,6875;576,5625;341,1875;482,03125;503,5;542;270,09375;374,25;518,84375;400,53125;580,53125;665,0625;632,90625;694,96875;586,90625;580,28125;471,4375;730,75;740,25;553,15625;689,9375;627,90625;741,40625;512,8125;806,4375;589,46875;721,8125;750,28125;800,5625;741,46875;752,9375;858,03125;836,40625;721,53125;835,875;469,59375;941,25;901,28125;873,9375;920,8125;667,6875;735,71875;740,3125;754,4375;856,84375;745,03125;662,65625;855,53125;690,59375;878,5625;714,25;644,875;660,15625;591,5625;624,40625;797,125;923,625;618,96875;578,875;675,5;783,53125;700,90625;698,90625;581,59375;284,6875;511,75;423,6875;494,21875;366,28125;347,15625;388,40625;484,3125;293;460,03125;318,25;184,34375;311,875;261,9375;267,6875;286,25;276,09375;251,71875;278,03125;480,5;315,40625;364,375;177,1875;193,9375;207,15625;182,25;158,46875;33,53125;160,875;175,9375;26,21875;83,375;171,15625;43,8125;101,3125;50,71875;137,75;188,34375;274,25;320,875;347,09375;64,34375;44,25;181,90625;154,375;-3,625;150,40625;105,46875;-104,96875;97;-19,46875;-184,34375;-186,4375;-29,3125;-124,1875;-180,9375;-105,75;-260,78125;162,75;17,28125;-32,75;51,71875;-282,78125;-145,5;-174,78125;-304,8125;-149,875;-97,625;-41,25;-181,21875;-173,71875;-54,6875;-106,84375;87,03125;31,84375;-31,25;36,71875;-74,15625;164,375;0,34375;21,90625;4,78125;-115,75;101,34375;62,71875;-12,1875;-270,6875;-66,8125;94,34375;-95,59375;-174,15625;-45,71875;97,21875;-6,875;142,4375;9,96875;71,15625;155,78125;30,28125;91,375;48,46875;-23,0625;-117,28125;-70;-163,1875;-189,09375;-77,21875;-269,375;-192,46875;-35,875;36,5625;-148;-112,625;-40,8125;-126,1875;-134,0625;-292,375;-431,71875;-132,5625;-447,0625;-254,59375;-268,90625;-335,25;-341,40625;-235,78125;-392,78125;-445,71875;-374,96875;-498,21875;-332,96875;-148,8125;-353,6875;-230,96875;-229,96875;-240,46875;-106,0625;-37;-119,09375;-192,9375;-208,90625;-75,21875;2,8125;-141,71875;-223,375;-118,5625;-91,84375;125,71875;-78,25;-15,125;254,78125;43,5;69,3125;175,3125;156,9375;196,625;360,21875;504,5625;603,21875;331,5;359,15625;301,40625;491,375;422,34375;754,9375;339,0625;472,09375;431,84375;600,84375;506,125;507,78125;580,1875;717,78125;698,78125;561,84375;650,4375;714,03125;497,78125;581,46875;468,03125;635,65625;663,4375;718,78125;764,21875;581,65625;493,15625;580,0625;630,875;659,46875;770,5;563,40625;571,875;633,0625;464,96875;673,875;774,375;932,53125;729,75;707,53125;590,90625;834,09375;759;781,25;763,625;792,84375;870,4375;752,03125;723,96875;572,5;777,78125;731,5625;566,15625;606,71875;716,46875;862,53125;787,6875;916,46875;719,28125;741,34375;442;690,90625;725,21875;380,15625;458,375;586,75;635,5;467,34375;456,40625;672,09375;421,5;495,28125;628,3125;294,65625;115,0625;384,4375;257,59375;44,1875;316,03125;287,375;
-258,375;24,3125;-70,25;-127,3125;-105,90625;-30;-136,90625;-78,5;-27,28125;-34,9375;160,625;11,59375;105,25;63,4375;202,09375;186,90625;117,8125;258;301,875;260,21875;295;268,125;226,1875;333,0625;406,03125;247,53125;347,125;373,6875;440,03125;465,21875;541,0625;482,40625;455,75;432,5;653,3125;663,9375;454,3125;432,21875;608,4375;713,90625;721,1875;464,40625;546,28125;673,78125;623,9375;649,84375;493;559,5625;690,53125;646,3125;653,53125;789;843,46875;781,53125;657,03125;697,71875;713,3125;794,65625;925,8125;778,4375;890,78125;699,96875;686,0625;779,53125;773,90625;896,5;790,46875;706,09375;797,78125;578,8125;848,90625;688,90625;636,4375;625,78125;777,34375;802,46875;480,625;591,9375;389;442,4375;466,90625;434,25;589,0625;661,375;531,5;492,53125;425,625;350,875;318,0625;450,59375;534,21875;338,15625;212,53125;246,375;289,78125;215,90625;241,40625;266,75;298;274,75;316,96875;-13,53125;3,34375;207,34375;149,3125;17,5;20,78125;171,78125;68,75;71,3125;-180,09375;121,03125;-52,9375;176,5625;268,9375;61,625;139,375;149,125;19,5625;91,84375;104,21875;131,625;322,5625;259,4375;215,96875;343,34375;82,1875;-94,34375;-81,59375;-137,5625;-209,15625;2,8125;-1,8125;-326,875;-75,84375;-144,625;-20,28125;39,34375;-144,40625;-307,28125;-219,375;-119,75;-257,15625;-239,40625;-305,75;-100,46875;-372,8125;-153,375;-157,46875;-457,96875;-368,46875;-207,84375;-295,1875;-106,15625;-138,5625;-106,6875;16,28125;-104,59375;61,03125;1,78125;2,84375;32,78125;-54,375;-91;-165;-284;135,25;-134,5625;24,3125;149,03125;-73,375;-99,34375;-20,34375;159,375;-61,46875;-49,4375;-41,375;-97,875;-156,09375;147,78125;-71,0625;-153,75;35,125;-54,15625;-105,25;-37,96875;42,4375;-276,53125;-170,3125;-42,90625;-219,59375;-157,34375;-218,71875;-15,28125;-133,5625;-210,71875;-356;-304,84375;-199,6875;-253,96875;-263,875;-199,5625;-324,25;-335,34375;-335,84375;-192,78125;-316;-402,40625;-523,0625;-278,96875;-249,4375;-283,71875;-413,125;-556,6875;-287,03125;-472,90625;-243,8125;-274,75;-306,8125;-76,875;-162,28125;-382,8125;-69,25;-150,59375;-123,25;-50,21875;-54,71875;49,625;-142,15625;-78,1875;188,71875;144,75;138,3125;131,25;110,46875;132,46875;237,28125;156,25;400,96875;284,65625;210,15625;277,71875;271,0625;340,4375;372,125;298,1875;507,25;603,28125;511,65625;235,125;541,78125;510,78125;526,28125;590,5625;592,40625;703,625;588,03125;611,1875;754,96875;497,9375;591,5625;554,34375;721,3125;363,34375;549,09375;636,03125;600,40625;664,4375;659;388,40625;590,25;709,53125;592,03125;625,90625;600,4375;662,28125;691,21875;747,28125;551,71875;789,34375;765,65625;700,84375;719,34375;711,21875;605,1875;814,34375;564,96875;610,90625;498,125;581,9375;925,09375;791,875;843,5;609,0625;701,40625;460,03125;726,4375;766,9375;764,875;661,25;584,71875;651,8125;309,09375;757,75;552;618,875;465,84375;552,4375;349,1875;458,03125;476,53125;148,0625;338,09375;358,34375;276,78125;111,09375;236,15625;80,9375;144,5625;-10,34375;
-47,5625;-175,65625;-59,9375;117,71875;93,0625;91,90625;198,4375;86,46875;146,5625;40;88,4375;126,5;266,40625;312,8125;217,75;199,53125;59,375;176,5625;273,28125;306,15625;327,4375;459,5625;309,03125;410,75;397,21875;409,40625;536,84375;484,375;477,09375;522,40625;664,1875;441,84375;532,15625;206,84375;561,96875;759,5625;693,09375;380,8125;538,28125;467,46875;660,78125;437,65625;639,40625;475,15625;627,625;745,40625;782,71875;635,125;680,03125;991,1875;784,78125;868,21875;948,125;622,125;884,34375;964,03125;750;878,5;938,96875;784,71875;960,8125;605,4375;665,09375;889,625;785,0625;772;821,4375;819,71875;828;934,09375;830,75;878,5625;726,15625;839,9375;865,75;871,3125;904,15625;429,96875;735,75;615,28125;798,875;444,75;656,0625;744,59375;506,625;697,90625;640,03125;527,5625;372,90625;393,40625;372,34375;579,4375;526,21875;454,125;388,78125;517,03125;3,5;181,625;531,3125;254,28125;256;432;282,4375;341,40625;514,625;152,75;307,5625;353,71875;253,84375;308,1875;153,625;200;236,0625;417,59375;217,15625;203,125;340,5625;188,5;311,5625;251,1875;237,84375;478,09375;446,53125;361,625;194,84375;38,3125;60,0625;149,21875;36,875;-35,28125;-154,09375;-35,375;-87;-184,15625;10,40625;-43,5;-83,25;-0,5625;-73,46875;-120,21875;159,40625;-145,875;111,84375;-166,375;4,5;-323,5625;-54,65625;-140,96875;-149,375;-179,78125;-223,125;5,125;-47,03125;-14,0625;-144,6875;-64,65625;-122,40625;-134,8125;-18,9375;201,9375;-56,03125;65,375;81;-82,25;-92,25;81,34375;-94,25;-161,0625;26,46875;41,65625;292,625;44,4375;39,8125;17,21875;134,59375;42,1875;230,96875;-27,15625;67,8125;72,8125;162,09375;-51,625;103,5;132,53125;26,40625;134;76,875;-72,65625;-38,625;-159,46875;-110,625;55,1875;-38,53125;-3,4375;-13,75;5,5;-20,375;-41,46875;-153,96875;-277,71875;-303,75;-262,78125;-475,78125;-138,875;-177,59375;-405,75;-298,3125;-347,03125;-424,4375;-85,875;-287,65625;-333,75;-206,5625;-202,875;-322,9375;-320,28125;-120,96875;-26,15625;-53,875;-99,6875;-104,5625;-50,46875;35,1875;-202,28125;-153,1875;113,5;-9,0625;107,5;-10,59375;80,5625;209,71875;239,84375;226,15625;309,15625;293,59375;276,65625;380,09375;487,65625;248,09375;464,9375;459,34375;506,5;537,65625;536,28125;547,65625;701,5;331,125;387,65625;577,875;574,28125;630,96875;597,3125;704,21875;703,4375;667,4375;644,375;704,1875;591,34375;516,53125;618,1875;525,25;625,3125;680,4375;669,875;813,40625;811,78125;504,625;897,71875;673,0625;747,46875;832,4375;775,75;868,0625;792,53125;793,40625;923,5625;679,1875;639,9375;970,0625;869,0625;686,84375;664,34375;662,90625;839,34375;721,5625;712,5625;816,6875;904,65625;1014,71875;903,90625;909,6875;985,9375;900,625;802,65625;921,375;841,71875;958,65625;867,5;719,3125;758,15625;879,3125;620,09375;717,625;602,28125;583,84375;442,71875;633,75;518,59375;577;605;386,96875;304,6875;321,21875;610,84375;222,03125;203,5;425,15625;60,28125;339,75;48,5;
122,5625;134,15625;-57,6875;20,5;-23,375;111,90625;78,90625;-166,9375;-100,125;15,53125;175,1875;124,3125;174,90625;140;56;218,6875;110,46875;42,75;239,09375;340,8125;212,125;373,09375;451,625;266,84375;320,59375;253,71875;364,1875;514,28125;378,78125;357,96875;378,5;495,625;312,03125;473,53125;475,96875;473,78125;550,15625;463,0625;549,03125;634,125;628,125;657,875;693,59375;510;552,5;630,8125;814,75;510,40625;688,1875;705,1875;709,375;802,5625;773,71875;717,59375;854,96875;839,03125;635,71875;778,53125;734,09375;891,34375;989,5625;806,5625;695,6875;621,375;1000,375;644,28125;825,90625;718,90625;791,1875;990,5625;833,375;930,375;768,5625;780,65625;998,90625;530,75;712,65625;649,53125;646,96875;761,25;688,90625;637,53125;587,75;817,53125;475,125;549,1875;431,21875;580,75;565,4375;708,59375;459,78125;386,03125;377,5625;439,875;505,40625;419,625;275,84375;263,46875;454,3125;239,90625;77,5625;350,15625;321,21875;191,6875;236,125;162,09375;141,09375;307,78125;238,59375;198,75;180,65625;148,03125;182,53125;165,5625;275,28125;-143,25;247,125;-8,25;176,34375;328,96875;147,96875;188,3125;279,09375;270,15625;299,625;137,5;43,1875;80,65625;-59,71875;21,0625;-23,5;-124,71875;-67,125;-90,34375;-39,40625;73,4375;-52,1875;-66,8125;18,9375;-237,34375;-84,28125;-205,21875;-52,3125;-270,40625;-180,5;-228,15625;-231;-304,375;-378,09375;-116,875;-360,46875;-224,96875;-256,0625;-213,78125;34,0625;-102;13,75;-61,375;-126,6875;-20,90625;-75;-352,1875;2,28125;-53,9375;-157,5;-122,15625;37,71875;-82,75;-125,1875;26,8125;29,78125;-85,875;-97,375;-164,78125;194,8125;25;107,28125;-125,34375;-26,09375;-51,65625;-18,53125;12,625;-15,75;139,125;-97,78125;95,53125;-64,625;-80,90625;-82,9375;-98,90625;-22,59375;-168,1875;-48,9375;-135;55,9375;18,9375;-87,78125;-33,09375;-226,90625;-376,5;-369,5;-469,4375;-165,375;-214,25;-390,0625;-412,1875;-323,34375;-415,625;-278,15625;-503,125;-475,03125;-286,9375;-499,65625;-351,28125;-253,15625;-278,1875;-138,21875;-230,84375;-202,59375;-219,15625;-32,28125;-192,375;61,90625;-77,5625;-208,4375;-25,46875;138,625;-127,125;44,8125;300,28125;221,84375;133,59375;290,875;235,34375;193,3125;425,03125;122,15625;255,6875;114,125;132,375;421,84375;309,5;327,4375;171,375;256,375;217,125;397,6875;392,65625;332,8125;491,96875;552,875;516,5;438,5;382,9375;560,125;732,6875;366,8125;541,4375;415,9375;541,96875;531,84375;687,5625;625,84375;840,9375;497,40625;575,8125;568,25;540,1875;674,75;586,03125;702,65625;764,46875;499,84375;650,96875;867,375;712,0625;786,6875;855,5;790,6875;547,125;647,28125;817,78125;749,1875;835,65625;520,0625;839,03125;783,53125;781,90625;809,5;870,46875;791,1875;746,65625;562,5;888,1875;722,6875;959;884,0625;706,625;792,65625;477,03125;806,28125;622,65625;593,78125;613,5;629,65625;449,5625;647,03125;761,0625;387,9375;566,25;567,0625;425,0625;354,09375;438,46875;373,6875;163,34375;234,375;233,75;340,4375;121,84375;
21,4375;25,4375;34,15625;-89,75;-106,53125;-54,28125;-25,59375;151,03125;30,78125;-145;63,875;156,875;90,5;15,8125;163,96875;272,90625;225,34375;301,3125;406,90625;223,84375;512,5;518,71875;256,375;265,09375;606,09375;250,15625;354,71875;500,375;456,46875;302,4375;278,46875;266,125;551,375;714,5;573,9375;508,09375;434,125;688,21875;609,03125;390,875;675,875;722,0625;619,03125;607,59375;800,65625;740,46875;707,96875;492;810,6875;611,78125;683,40625;641,5;676,03125;814,3125;598,53125;794,8125;1053,03125;941,09375;753,78125;890,21875;797,71875;895,84375;969,15625;906,21875;982,5625;1070,625;1142,03125;865,96875;909,625;664,0625;976,625;856,4375;979,0625;859,34375;702,125;714,84375;863,15625;696,40625;978,375;872,03125;834,3125;466,96875;664,6875;862,0625;597,40625;365,46875;522,5;626,0625;375,25;478,28125;513,5625;319,1875;535,65625;664,875;393,40625;366,28125;518,125;281,25;274,25;230,6875;365,375;390,6875;396,15625;512,78125;365,34375;283,71875;333,3125;522,4375;400,65625;311;218,25;370,15625;294,65625;158,96875;214;257,4375;346,84375;304,4375;453,15625;320,0625;238,78125;337,375;207,8125;208,4375;164,65625;55,53125;311,4375;42,6875;148,90625;49,34375;-3,125;81,09375;148,46875;-49,78125;-131,28125;-302,875;-64,9375;109,25;-102,5;39,5;-58,28125;133,875;-74,875;-9,65625;-310,71875;-482,8125;-14,59375;-142,40625;-244,96875;-188,625;-254,96875;-285,3125;-84,84375;-275,5625;48,53125;-274,875;17,375;-143,84375;143,625;-138,96875;-60,03125;-203,0625;-43,3125;-308,375;-254,4375;-212,625;1,09375;-210,75;-208,625;-68,40625;-107,46875;-146,34375;110,21875;-28,96875;11,71875;-127,6875;-63,1875;-142,40625;-17,125;46,96875;-95,6875;-3,53125;103,96875;131,40625;104,84375;191,6875;-17,59375;-177,6875;-150,0625;-138,28125;-7,84375;-66,78125;-45,53125;-95,75;-168,71875;-232,90625;-27,75;-236,3125;-274,8125;-550,8125;-227,8125;-182,15625;-499,125;-272,84375;-248,90625;-363,15625;-385,625;-558,40625;-416,625;-373,71875;-111,90625;-236,4375;-404,65625;-186,0625;-206,59375;-423,125;-186,53125;-353,375;-428,40625;-293,625;-224,84375;-52,9375;-143,375;-200,25;2,0625;-15,125;243,21875;-120,28125;-95,5;236,59375;189,59375;160,625;94,15625;154,0625;312,71875;413,125;99,40625;224,65625;304,3125;258,34375;275,75;401,4375;398,375;485,9375;536,03125;407,8125;404,71875;558,6875;603,46875;351,875;439,9375;532,71875;688,15625;507,625;747,78125;633,34375;637,34375;674,59375;527,625;621,6875;583,09375;653,125;656,5;512,1875;722,8125;637,84375;831,3125;710,71875;525,71875;499,5;809,625;765,34375;618,5;693,40625;862,625;783,84375;749;624,34375;918,875;1025,375;852,84375;818,5625;917,53125;916,75;720,15625;685,65625;868,09375;816,1875;938,25;904,65625;937,15625;775,53125;932,78125;926,46875;839,53125;793,34375;857,15625;855,15625;837,53125;757,125;861,1875;809,84375;664,84375;778,5625;766,4375;560,78125;610,25;660,25;550,3125;377,34375;652,21875;155,75;372,875;337,59375;355,1875;205,09375;369,03125;285,09375;223,5;84,3125;
63,375;-61,46875;-24,375;27,34375;-35,78125;117,40625;191,28125;72,65625;91,71875;-82,875;291,59375;-2,5;188,9375;194,90625;-66,0625;84;120,125;85,8125;256,71875;181,46875;166,96875;312,40625;262,65625;450,5625;443,96875;431,4375;317,625;427,625;405,96875;146,75;329,9375;542,875;367,5625;410,59375;308,375;455,59375;537,96875;504,4375;432,09375;636;698,53125;506,71875;472,5625;650,15625;700,71875;766,78125;728,46875;766,125;768,875;688,78125;627,875;794,9375;760,625;917,4375;1038,75;893,125;874,59375;1022,09375;971,15625;788,5625;1093,65625;995,03125;954,625;864,125;914,84375;821,65625;791,9375;824,40625;807,0625;972,9375;965,53125;1104,53125;884,53125;1031,375;835,65625;1026,46875;841,4375;1056,84375;893,96875;777,90625;890,8125;921,53125;800,15625;838,1875;642,65625;403,21875;636,71875;605,375;861,15625;697,40625;613,9375;618,65625;630,6875;484,875;667,53125;606,21875;460,28125;413,96875;531,375;484,1875;194;544,75;383,09375;575,25;596;509,0625;185,5;294,59375;427,25;78,125;477,84375;158,90625;141,21875;296,59375;244,9375;286,5625;271,71875;253,0625;254,46875;220,0625;536,375;224,21875;351,625;221;287,21875;283,46875;391,71875;155,6875;15,96875;251,9375;147,0625;-3,9375;-191,90625;139,78125;260,625;98,53125;48,28125;-34,5625;95,21875;24,65625;76,25;-25;-208,21875;-60;-133,34375;-77,40625;-188,46875;-265,59375;-22,03125;19,875;-385,625;-404,90625;-27,96875;-123,28125;86,3125;-33,90625;-166,46875;-35,84375;18,9375;-136,125;-83,125;-29,5625;-98,75;-152,96875;40,9375;-117,3125;-198,6875;-203,03125;-84,65625;-179,3125;-4,71875;15,03125;14,71875;-190,5625;-3,59375;-62,96875;79,0625;64,96875;-225,46875;103,5625;89,25;-7,21875;-96;30,15625;125,09375;-4,84375;15,53125;-106,78125;-11,34375;-195,78125;71,40625;137,625;-265,34375;113,75;-126,90625;-21,25;9,65625;-209,5625;-227,3125;-199,09375;-415,59375;-405,0625;-359,9375;-395,375;-412,21875;-534,40625;-372,53125;-284,09375;-380;-371,96875;-361,4375;-407,03125;-227,53125;-390,4375;-404,9375;-444,375;-253,40625;-476,9375;-401;-179,21875;-100,90625;-54,40625;-237,28125;-29,03125;-240,03125;-5,96875;162,5;-76,8125;107,65625;57,15625;-24,1875;6,09375;200,90625;247,75;189,875;286,25;205,25;549,375;133,375;306,9375;228,09375;383,40625;519,9375;324,71875;462,78125;549,125;435,96875;417,0625;413;503,4375;481,53125;663,09375;693,1875;518,40625;632,625;521,125;503,71875;464,625;592,46875;571,84375;555,40625;441,25;849,34375;562,15625;574,71875;797,59375;650,75;639,21875;712,59375;732,03125;539,4375;601,6875;748,65625;702,3125;819,03125;738,4375;842,59375;809,09375;708,78125;633,71875;845,375;829,09375;796,9375;741,5;807,875;953,5;936,65625;1013;676,15625;843,625;946,9375;822,25;908,3125;900,9375;919,59375;906,09375;761,65625;824,21875;648,75;769,125;816,1875;657,125;576,03125;487,3125;676,40625;716,96875;464,96875;573,15625;400,375;545,625;439,34375;349,96875;277,0625;358,71875;266,75;31,875;371,1875;188,84375;86,6875;6,75;
